layer,head,discovery_raw__v136_prompt__age_js_score,validation_raw__v136_prompt__age_js_score,discovery_coordinate__v136_prompt__age_js_score,validation_coordinate__v136_prompt__age_js_score,discovery_weighted__v136_prompt__age_js_score,validation_weighted__v136_prompt__age_js_score,discovery_raw__v136_prompt__cphi_score,validation_raw__v136_prompt__cphi_score,discovery_coordinate__v136_prompt__cphi_score,validation_coordinate__v136_prompt__cphi_score,discovery_weighted__v136_prompt__cphi_score,validation_weighted__v136_prompt__cphi_score,discovery_raw__v138_cross__history_specificity,validation_raw__v138_cross__history_specificity,discovery_coordinate__v138_cross__history_specificity,validation_coordinate__v138_cross__history_specificity,discovery_weighted__v138_cross__history_specificity,validation_weighted__v138_cross__history_specificity,discovery_raw__v138_local__freeze_latest_relative_log,validation_raw__v138_local__freeze_latest_relative_log,discovery_coordinate__v138_local__freeze_latest_relative_log,validation_coordinate__v138_local__freeze_latest_relative_log,discovery_weighted__v138_local__freeze_latest_relative_log,validation_weighted__v138_local__freeze_latest_relative_log,discovery_raw__v138_local__phase_shift_relative_log,validation_raw__v138_local__phase_shift_relative_log,discovery_coordinate__v138_local__phase_shift_relative_log,validation_coordinate__v138_local__phase_shift_relative_log,discovery_weighted__v138_local__phase_shift_relative_log,validation_weighted__v138_local__phase_shift_relative_log,discovery_raw__v138_local__reverse_relative_log,validation_raw__v138_local__reverse_relative_log,discovery_coordinate__v138_local__reverse_relative_log,validation_coordinate__v138_local__reverse_relative_log,discovery_weighted__v138_local__reverse_relative_log,validation_weighted__v138_local__reverse_relative_log,discovery_raw__v138_local__value_mismatch_relative_log,validation_raw__v138_local__value_mismatch_relative_log,discovery_coordinate__v138_local__value_mismatch_relative_log,validation_coordinate__v138_local__value_mismatch_relative_log,discovery_weighted__v138_local__value_mismatch_relative_log,validation_weighted__v138_local__value_mismatch_relative_log,discovery_raw__v143_ab__policy_prompt_score,validation_raw__v143_ab__policy_prompt_score,discovery_coordinate__v143_ab__policy_prompt_score,validation_coordinate__v143_ab__policy_prompt_score,discovery_weighted__v143_ab__policy_prompt_score,validation_weighted__v143_ab__policy_prompt_score,discovery_raw__v143_ab__prompt_history_excess,validation_raw__v143_ab__prompt_history_excess,discovery_coordinate__v143_ab__prompt_history_excess,validation_coordinate__v143_ab__prompt_history_excess,discovery_weighted__v143_ab__prompt_history_excess,validation_weighted__v143_ab__prompt_history_excess,discovery_raw__v143_ab__stale_a_mass_B_visible,validation_raw__v143_ab__stale_a_mass_B_visible,discovery_coordinate__v143_ab__stale_a_mass_B_visible,validation_coordinate__v143_ab__stale_a_mass_B_visible,discovery_weighted__v143_ab__stale_a_mass_B_visible,validation_weighted__v143_ab__stale_a_mass_B_visible,discovery_raw__v143_natural__policy_need,validation_raw__v143_natural__policy_need,discovery_coordinate__v143_natural__policy_need,validation_coordinate__v143_natural__policy_need,discovery_weighted__v143_natural__policy_need,validation_weighted__v143_natural__policy_need
0,0,0.0,0.0,0.0,0.0,0.0,0.0,0.0,0.0,0.0,0.0,0.0,0.0,-0.06871426105499268,-0.06823776662349701,-0.04261615872383118,-0.04729799926280975,-1.1285521568339618,-1.2525356738012543,-0.25939224805169825,-0.23634365737844149,-0.19073599710995787,-0.1844999959257942,-0.7242819654269156,-0.7006019927814435,-2.1981442799652093,-2.2038079288565426,-0.17323559860809734,-0.1847200894584029,-0.08586252224575676,-0.09155469728967675,-0.6915949837801408,-0.7221342814054901,0.5384341828277227,0.4889639111266053,0.31691185555845053,0.2877946187637018,-1.4821086052558488,-1.630845644477085,-0.0747161484644785,-0.08858038238670352,-0.07283011172330736,-0.08634437505546726,0.0,0.0,0.0,0.0,0.0,0.0,0.0,0.0,0.0,0.0,0.0,0.0,0.8328207954764366,0.8376288264989853,-0.0851285494863987,-0.07953419908881187,-0.43239089397919794,-0.4039756774127283,-0.02245183475315571,-0.027233588509261608,-0.03709819010691717,-0.03870151290902868,-1.3741146815938554,-1.433501659647667
0,1,0.0,0.0,0.0,0.0,0.0,0.0,0.0,0.0,0.0,0.0,0.0,0.0,-0.010177403688430786,-0.00809711217880249,0.015920698642730713,0.012842655181884766,0.42160859471151363,0.3400964948275831,-0.20639259632290757,-0.20081259859231593,-0.1377363453811672,-0.14896893713966863,-0.5230263424574302,-0.5656798727765944,-2.0745135599894144,-2.026176890251124,-0.04960487863230245,-0.007089050852984169,-0.024586170679038774,-0.0035136183986216973,-1.7885520277627465,-1.83593985275113,-0.5585228611548829,-0.6248416602190345,-0.32873565970651325,-0.36776961100479655,-1.9191620753553702,-1.9542412338057398,-0.5117696185639999,-0.4119759717153584,-0.49885117558395653,-0.40157658905038823,0.0,0.0,0.0,0.0,0.0,0.0,0.0,0.0,0.0,0.0,0.0,0.0,0.6522525362670422,0.6519293896853924,-0.26569680869579315,-0.2652336359024048,-1.3495458495712949,-1.3471932698620395,0.002498324029147625,0.0017682129982858896,-0.01214803132461384,-0.009699711401481181,-0.44996233367464095,-0.35927671418971524
0,2,0.0,0.0,0.0,0.0,0.0,0.0,0.0,0.0,0.0,0.0,0.0,0.0,-0.1421235203742981,-0.12733107805252075,-0.1160254180431366,-0.1063913106918335,-3.0725607305127935,-2.817432324854706,-0.05802053869606799,-0.1026576831776693,0.010635712245672377,-0.050814021725022016,0.04038699923313288,-0.1929561282814795,-3.456305177859041,-3.480269640286539,-1.4313964965019288,-1.4611818008883994,-0.7094576086606394,-0.7242204021108791,-2.6806924153086342,-2.7471797929012944,-1.4506632487007707,-1.536081600369199,-0.8538320868147911,-0.9041076621577616,-1.5364546301499988,-1.7276929066733118,-0.12906217335862857,-0.18542764458293037,-0.12580429663649675,-0.1807469516176273,0.0,0.0,0.0,0.0,0.0,0.0,0.0,0.0,0.0,0.0,0.0,0.0,0.9116987138986588,0.9183521419763565,-0.0062506310641765594,0.0011891163885593414,-0.03174864331742515,0.006039843288726994,0.025820661336183548,0.022357016801834106,0.011174305982422084,0.010889092402067035,0.4138956068426974,0.40333131335489336
0,3,0.0,0.0,0.0,0.0,0.0,0.0,0.0,0.0,0.0,0.0,0.0,0.0,-0.20025617629289627,-0.17313624918460846,-0.17415807396173477,-0.1521964818239212,-4.612017504281882,-4.030435237910758,0.049611808227711454,-0.0014700735816980369,0.11826805916945182,0.05037358787094924,0.4490994025270191,0.19128366842963265,-5.005981990338306,-5.046656204715311,-2.981073308981194,-3.027568365317171,-1.4775396937189635,-1.5005845115337875,-4.33757843746239,-4.401015569336719,-3.107549270854526,-3.189917376804624,-1.8290428748297365,-1.8775231350509427,-1.5449327418000576,-1.7361440098059082,-0.1375402850086873,-0.19387874771552682,-0.13406839792338263,-0.18898472615474507,0.0,0.0,0.0,0.0,0.0,0.0,0.0,0.0,0.0,0.0,0.0,0.0,0.9182802811264992,0.9159170836210251,0.00033093616366386414,-0.0012459419667720795,0.0016809141530072353,-0.006328475747667416,0.01736564002931118,0.008257800713181496,0.0027192846755497158,-0.0032101236865855753,0.10072213726160555,-0.11890278406457785
0,4,0.0,0.0,0.0,0.0,0.0,0.0,0.0,0.0,0.0,0.0,0.0,0.0,-0.01007726788520813,-0.007287859916687012,0.01602083444595337,0.013651907444000244,0.4242603700025615,0.36152694311720035,-0.022091426978540038,-0.024983624673928145,0.04656482396320033,0.026860036778719135,0.17682064597582098,0.10199564069867059,-1.1737602405574954,-1.1772317862859818,0.8511484407996166,0.8418560531121579,0.4218633613402268,0.4172576806894756,-0.4395401805098275,-0.4681900320276323,0.790488986098036,0.7429081605044631,0.4652663953599722,0.43726124968242364,-1.1416637953539945,-1.1498384651581852,0.2657286614373757,0.3924267969321962,0.2590209546169234,0.38252088806985585,0.0,0.0,0.0,0.0,0.0,0.0,0.0,0.0,0.0,0.0,0.0,0.0,0.976096011698246,0.9765606820583344,0.05814666673541069,0.059397656470537186,0.2953426243407538,0.301696739067172,0.011139589478261769,0.011100661125965416,-0.0035067658754996955,-0.0003672632738016546,-0.12989039251103485,-0.013603409090487689
0,5,0.0,0.0,0.0,0.0,0.0,0.0,0.0,0.0,0.0,0.0,0.0,0.0,-0.006936907768249512,-0.00877690315246582,0.019161194562911987,0.012162864208221436,0.5074227264738674,0.32209441316424914,-0.03567093631526425,-0.03128686231283845,0.032985314626476116,0.020556799139808832,0.12525516352383403,0.07806035100591799,-1.279111677076618,-1.3006932596222032,0.745797004280494,0.7183945797759366,0.3696469570074814,0.3560652145566532,-0.33534967059717136,-0.40090113538578687,0.8946794960106922,0.8101970571463085,0.5265908968145275,0.476866181489049,-1.2581125035946965,-1.2923404542177623,0.14927995319667375,0.24992480787261906,0.14551172528028056,0.24361603286393424,0.0,0.0,0.0,0.0,0.0,0.0,0.0,0.0,0.0,0.0,0.0,0.0,0.986856609582901,0.9862966239452362,0.06890726462006569,0.06913359835743904,0.3499986071710502,0.35114821735037255,0.007494760327972472,0.0074637337238527834,-0.007151595025788993,-0.004004190675914288,-0.26489464023523673,-0.1483149765478485
0,6,0.0,0.0,0.0,0.0,0.0,0.0,0.0,0.0,0.0,0.0,0.0,0.0,-0.025457680225372314,-0.02621522545814514,0.0006404221057891846,-0.005275458097457886,0.016959523580157086,-0.13970357236453565,-0.1665602409274005,-0.14061544629865289,-0.09790398998566012,-0.0887717848460056,-0.3717709051483965,-0.33709317473855854,-1.2058277003709748,-1.1071977367931765,0.8190809809861372,0.9118901026049633,0.4059694399769356,0.45196936916950925,-1.0883864746252698,-0.9791187002932835,0.14164269198259372,0.23197949223881187,0.08336812515645997,0.13653860338289767,-1.147735934455652,-1.0389991422922793,0.25965652233571834,0.5032661197981021,0.25310209265385775,0.4905623280203836,0.0,0.0,0.0,0.0,0.0,0.0,0.0,0.0,0.0,0.0,0.0,0.0,0.9176184087991714,0.9167355671525002,-0.00033093616366386414,-0.00042745843529701233,-0.0016809141530072353,-0.0021711768389352758,0.005369482329115272,0.006343696499243379,-0.009276873024646193,-0.005124227900523692,-0.3436148066983863,-0.18980108651256217
0,7,0.0,0.0,0.0,0.0,0.0,0.0,0.0,0.0,0.0,0.0,0.0,0.0,-0.0023698806762695312,-0.003428161144256592,0.023728221654891968,0.017511606216430664,0.6283657778730759,0.46373867464803675,-0.07929196318741275,-0.049464963549699745,-0.010635712245672377,0.0023786979029475352,-0.04038699923313288,0.009032631587159263,-2.538217239170682,-2.553283744943764,-0.5133085578135699,-0.5341959055456242,-0.2544163429360232,-0.26476895160137953,-2.1107980549370677,-2.2350484194577156,-0.8807688883292042,-1.0239502269256202,-0.518403384518904,-0.6026771270543987,-2.1213480869188537,-2.269581362547871,-0.7139556301274834,-0.7273161004574895,-0.6959334678819741,-0.7089566839712359,0.0,0.0,0.0,0.0,0.0,0.0,0.0,0.0,0.0,0.0,0.0,0.0,0.94010079652071,0.9439762979745865,0.02215145155787468,0.026813272386789322,0.11251320502737636,0.13619185206114623,0.05752221308648586,0.05673328600823879,0.0428758577327244,0.04526536160847172,1.5881191353720714,1.6766262120765383
0,8,0.0,0.0,0.0,0.0,0.0,0.0,0.0,0.0,0.0,0.0,0.0,0.0,-0.1317751705646515,-0.12510137259960175,-0.10567706823348999,-0.10416160523891449,-2.798517906216238,-2.7583857337646216,0.03916184262598841,0.023392411746843093,0.10781809356772878,0.07523607319949037,0.40941773918427676,0.285694005293169,-5.290435313144981,-5.261600194713723,-3.2655266317878686,-3.2425123553155832,-1.6185261881439374,-1.6071193881475814,-4.817150059934265,-4.887297420414173,-3.587120893326402,-3.6761992278820776,-2.111309375727892,-2.1637391455947284,-1.3608408101410778,-1.7946768621421876,0.04655164665029243,-0.2524116000518062,0.04537655776055657,-0.24604005171347315,0.0,0.0,0.0,0.0,0.0,0.0,0.0,0.0,0.0,0.0,0.0,0.0,0.9184563905000687,0.9175904840230942,0.0005070455372333527,0.00042745843529701233,0.002575421224198365,0.0021711768389352758,0.029292721301317215,0.01746191456913948,0.01464636594755575,0.00599399016937241,0.5425004945667171,0.2220170274972023
0,9,0.0,0.0,0.0,0.0,0.0,0.0,0.0,0.0,0.0,0.0,0.0,0.0,-0.10281307995319366,-0.10684242099523544,-0.07671497762203217,-0.08590265363454819,-2.0315499108651314,-2.2748560156553395,-0.10677523680369673,-0.04443304356985179,-0.03811898586195636,0.007410617882795491,-0.1447492577096616,0.02814034564269855,-1.975303802724809,-2.0119987885451556,0.049604878632302896,0.007089050852984169,0.024586170679038996,0.0035136183986216973,-1.3716718585904573,-1.4430776847709075,-0.14164269198259372,-0.2319794922388121,-0.08336812515645997,-0.1365386033828978,-1.1478495571201992,-1.1478386619371501,0.25954289967117106,0.3944266001532313,0.25299133813126334,0.3844702108736385,0.0,0.0,0.0,0.0,0.0,0.0,0.0,0.0,0.0,0.0,0.0,0.0,0.9032934010028839,0.9141241163015366,-0.0146559439599514,-0.003038909286260605,-0.07444149758436697,-0.015435440999941524,0.09815103188157082,0.10628888756036758,0.08350467652780935,0.09482096316060051,3.093008086591636,3.5121626479982115
0,10,0.0,0.0,0.0,0.0,0.0,0.0,0.0,0.0,0.0,0.0,0.0,0.0,-0.026738524436950684,-0.01566430926322937,-0.0006404221057891846,0.005275458097457886,-0.016959523580157086,0.13970357236453565,-0.29620223506073545,-0.27864631221190217,-0.22754598411899507,-0.22680265075925488,-0.8640605606696109,-0.8612379002650852,-1.9261609654118015,-1.9885265472927738,0.09874771594531051,0.030561292105365956,0.048943335118164226,0.015147404138293553,-0.7308947925085393,-0.7177852286824276,0.49913437409932426,0.49331296384966783,0.29378075485120975,0.29035438634968413,-1.1895375531613044,-1.1799168190535152,0.21785490363006588,0.3623484430368662,0.21235565934439538,0.35320179280504144,0.0,0.0,0.0,0.0,0.0,0.0,0.0,0.0,0.0,0.0,0.0,0.0,0.9991033524274826,0.9989893138408661,0.0811540074646473,0.08182628825306892,0.4122031216241955,0.4156178173151765,0.1995095694437623,0.18719650711864233,0.18486321409000084,0.17572858271887526,6.847322088641034,6.508975904047218
0,11,0.0,0.0,0.0,0.0,0.0,0.0,0.0,0.0,0.0,0.0,0.0,0.0,-0.009292691946029663,-0.005492091178894043,0.016805410385131836,0.015447676181793213,0.4450373450954563,0.4090821133366589,-0.04113473089121168,-0.054222359355594815,0.027521520050528686,-0.0023786979029475352,0.1045074916940915,-0.009032631587159263,-1.5225535915438693,-1.4725975763290085,0.5023550898132427,0.5464902630691313,0.24898736414989103,0.2708625291041623,-0.5089065164519889,-0.5280572338098365,0.7211226501558746,0.6830409587222589,0.42443872331049004,0.402024582678388,-1.4539441034416625,-1.453684879703678,-0.04655164665029221,0.0885803823867033,-0.045376557760556296,0.0863443750554671,0.0,0.0,0.0,0.0,0.0,0.0,0.0,0.0,0.0,0.0,0.0,0.0,0.9133222103118896,0.908733144402504,-0.0046271346509456635,-0.008429881185293198,-0.02350246656797769,-0.04281764324469927,0.011927070678211749,0.011835187673568726,-0.0027192846755497158,0.0003672632738016546,-0.10072213726160555,0.013603409090487689
1,0,-0.12786936193769957,-0.08012049047110259,-0.018416592818624622,0.020826075398962876,-0.3642217661609562,0.4118736857960234,-0.31023533170412376,-0.42460974084690795,0.3883048171961585,0.15232033192812,1.983254732931552,0.7779713406582419,-0.006817877292633057,-0.00899246335029602,0.0010542944073677063,-0.0012503713369369507,0.027919602869027508,-0.0331120708998688,-0.18474899705310602,-0.2095540393946856,-0.009082365043965118,-0.006893618190291995,-0.03448847257172694,-0.026177142266905394,-2.3280352182007737,-2.4019689419661328,-0.25981197577435866,-0.24055628767856474,-0.1287732528930527,-0.11922936029380272,-1.473620741412553,-1.5336018852885993,-0.4746519659719204,-0.511577573404814,-0.27937088706115276,-0.30110457920477635,-2.0124866019055787,-2.241998988366208,-0.38450429708567846,-0.475700937396748,-0.3747983734487484,-0.46369296503497215,0.718774103129316,0.4891756710164275,0.1936368024608196,0.016701181408686483,0.8045448365204133,0.06939202205049963,0.16334117203950882,0.1749890223145485,0.38547061709687114,0.1866417843848467,1.5624160853709164,0.7565093503662066,0.8836418092250824,0.8707643821835518,-0.01017596572637558,-0.038630641996860504,-0.05168647820355753,-0.19621546389301098,0.007326931692659855,0.005871301982551813,-0.012966247712029144,-0.014690534502733499,-0.48026901837887453,-0.5441364951360067
1,1,-0.08754487399760419,-0.06295750140533381,0.02190789512147076,0.03798906446473166,0.43326864706166557,0.7513031476785568,-0.28043618195198905,-0.398200315669353,0.4181039669482932,0.17872975710567496,2.135452960112963,0.9128566553849162,-0.007031276822090149,-0.026132315397262573,0.000840894877910614,-0.018390223383903503,0.02226840138940003,-0.4870060297798903,-0.15362807604352688,-0.14767483469169146,0.02203855596561402,0.054985586512702134,0.0836870274715053,0.20879681482784163,-1.4436751529505405,-1.4259126792419394,0.6245480894758746,0.7354999750456286,0.3095511237703578,0.36454333564531577,-1.1977638832911333,-1.1778548003001057,-0.19879510785050059,-0.1558304884163204,-0.11700692213481192,-0.09171878534390303,-1.229563011909741,-1.2181776005083547,0.3984192929101593,0.5481204504611055,0.3883621173160879,0.5342844146187551,0.3045167090302595,0.3569629533417856,-0.22062059163823688,-0.1155115362659554,-0.9166602400829112,-0.4799408422379788,-0.09899059869349003,0.08688988909125328,0.12313884636387229,0.09854265116155148,0.4991148631299755,0.39941986870353535,0.9998857825994492,0.9998554363846779,0.10606800764799118,0.0904604122042656,0.5387480572171031,0.45947286472887194,0.006440196884796023,0.007637334289029241,-0.013852982519892976,-0.012924502196256071,-0.5131136211655427,-0.4787227670402198
1,2,-0.21161591237843455,-0.23627466557182117,-0.1021631432593596,-0.1353280997017557,-2.020462788146588,-2.6763603870707953,-1.0866239230427306,-1.0845634644608595,-0.3880837741424483,-0.5076333916858315,-1.9821257624345652,-2.5927217023074873,-0.008713066577911377,-0.009938180446624756,-0.000840894877910614,-0.002196088433265686,-0.02226840138940003,-0.05815635224237542,-0.1576529981785173,-0.16216337997952723,0.0180136338306236,0.04049704122486636,0.06840318719598257,0.1537794493789852,-1.9829175773121817,-2.1377774041740043,0.08530566511423343,0.02363525011356371,0.04228091470466152,0.011714579479999742,-1.0264855080519686,-1.1024470194596738,-0.027516732611335915,-0.08042270757588854,-0.016195811983865747,-0.04733523669143473,-1.9033355771789369,-2.1202525706459543,-0.2753532723590366,-0.35395451967649416,-0.26840261444714314,-0.3450197546687554,0.6613077517743382,0.6116517022234323,0.1361704511058418,0.13917721261569133,0.5657769180836778,0.5782697625050642,-0.5632618796080351,-0.05716259405016899,-0.34113243455067277,-0.045509831979870796,-1.382701506532127,-0.1844635891145204,0.762213371694088,0.7776459082961082,-0.13160440325737,-0.13174911588430405,-0.6684543072726141,-0.6691893417881509,0.0150846466422081,0.014443532098084688,-0.0052085327624809,-0.006118304387200624,-0.1929237334182812,-0.22662161848550377
1,3,-0.14115131746713727,-0.15166817989141174,-0.03169854834806232,-0.05072161402134627,-0.6268967000450814,-1.0031125748030039,-0.38161087422091794,0.18170748216615043,0.3169292746793643,0.7586375549411783,1.6187063775077766,3.8747176310631586,-0.010398238897323608,-0.007160782814025879,-0.0025260671973228455,0.0005813091993331909,-0.06689478050615662,0.015394108017718554,-0.16140555392537365,-0.14444232584994537,0.014261078083767253,0.05821809535444822,0.05415360403974004,0.2210716234252456,-1.4912827136439857,-1.5650067656250353,0.5769405287824294,0.5964058886625327,0.28595490410216723,0.29560271846108566,-0.7411691150697969,-0.7435339571331592,0.2577996603708358,0.2784903547506261,0.15173585061296258,0.16391398966471402,-1.5576998071179116,-1.599787901991719,0.07028249770198869,0.1665101489777412,0.06850837824252215,0.16230698453198292,0.801399241171086,0.6387809005450549,0.27626194050258956,0.16630641093731385,1.1478454247014387,0.6909893289883833,-0.2670485833659768,0.5600272715091705,-0.04491913830861449,0.5716800335794687,-0.18206934879486014,2.317172932341767,0.8604293540120125,0.8788364455103874,-0.033388420939445496,-0.030558578670024872,-0.16958880734679074,-0.15521527418926404,0.04120512027293444,0.03720367746427655,0.020911940868245438,0.01664184097899124,0.7745770045617597,0.6164127670939475
1,4,-0.06079677948993529,-0.0664351685712502,0.04865598962913966,0.03451139729881526,0.9622610789935403,0.6825259265191095,-0.7001544270629199,-0.5326616058689584,-0.0016142781626375946,0.04426846690606956,-0.008244875326132658,0.22609981288677866,-0.00016883015632629395,-0.0029483437538146973,0.007703341543674469,0.0047937482595443726,0.2039982714134431,0.12694703369880578,-0.15983885000922443,-0.208014855774396,0.015827781999916468,-0.005354434570002398,0.06010285016435296,-0.020332398985365364,-0.854841072583683,-0.9364782965494878,1.213382169842732,1.2249343577380802,0.6014009498499024,0.60712667826901,-0.6076046147517404,-0.7100128240676107,0.39136416068889224,0.3120114878161746,0.23034930975523965,0.18364387461450316,-0.8368120838730345,-0.918622341951669,0.7911702209468657,0.8476757090177911,0.7711989545487369,0.826278091974323,0.6071009428792704,0.3378978828088658,0.08196364221077401,-0.13457660679887523,0.3405521279273747,-0.5591546273254586,-0.34894411265850067,-0.43746649473905563,-0.12681466760113835,-0.42581373266875744,-0.5140139552353777,-1.7259375832692956,0.6544097103178501,0.6880186460912228,-0.23940806463360786,-0.22137637808918953,-1.2160182185330755,-1.124430412656747,0.0255017121671699,0.026680140872485936,0.0052085327624809,0.006118304387200624,0.1929237334182812,0.22662161848550377
1,5,-0.001683537077333932,-0.004471778812835248,0.10776923204174102,0.09647478705723021,2.131333434942295,1.9079651528404002,-0.1068764113554117,-0.42958716942157416,0.5916637375448706,0.1473429033534538,3.021904070783299,0.7525492795830924,-0.0342196524143219,-0.028590574860572815,-0.026347480714321136,-0.020848482847213745,-0.6977284456813476,-0.5521051401280241,-0.3221754885786464,-0.31343781481581245,-0.14650885656950552,-0.11077739361141886,-0.5563382067174125,-0.4206550917784815,-2.803344161565501,-2.8641444270913663,-0.735120919139086,-0.7027317728037983,-0.3643554603098223,-0.3483020981828725,-2.17052490736596,-2.1035079492297393,-1.1715561319253274,-1.081483637345954,-0.6895550830548421,-0.6365401699933864,-2.520135731525942,-2.637521481511981,-0.8921534267060416,-0.8712234305425208,-0.8696330723233575,-0.8492314056116116,0.37741117106014505,0.4875193690005764,-0.14772612960835135,0.015044879392835386,-0.6137898027911971,0.06251022469774183,0.054030056577175856,0.0338570699095726,0.2761595016345382,0.045509831979870796,1.1193487346232298,0.1844635891145204,0.9150186851620674,0.9104481711983681,0.021200910210609436,0.00105314701795578,0.10768514880666184,0.005349218133432222,0.09474193304777145,0.09238563477993011,0.07444875364308245,0.0718237982946448,2.757577259496791,2.660349074714161
1,6,-0.04251210582265358,-0.05060289253148956,0.06694066329642137,0.05034367333857591,1.3238739029486406,0.9956381073844981,-0.8009934325703593,-0.7160529640072897,-0.102453283670077,-0.13912289123226174,-0.5232769482754417,-0.7105658242609981,-0.04932995140552521,-0.07108372449874878,-0.041457779705524445,-0.06334163248538971,-1.0978762071780341,-1.6773997962138312,-0.1665842669651758,-0.17549124857731896,0.00908236504396509,0.027169172627074634,0.03448847257172684,0.1031695225207881,-2.1535289075406485,-2.1850479044011317,-0.08530566511423343,-0.02363525011356371,-0.04228091470466152,-0.011714579479999742,-0.5724797305784086,-0.6442072615921246,0.42648904486222405,0.3778170502916607,0.25102313131906834,0.22237574486956543,-2.073106327338313,-2.0288633140500956,-0.44512402251841277,-0.26256526308063544,-0.4338878938086102,-0.25593740895134015,0.07811493449315479,0.17535554020646138,-0.44702236617534163,-0.29711894940127964,-1.8573408150977908,-1.2345045649136759,-0.45101629942655563,-0.21735230460762978,-0.22888685436919332,-0.20569954253733158,-0.9277399810385724,-0.8337555698389302,0.9870274290442467,0.9884776845574379,0.0932096540927887,0.0790826603770256,0.47343700678362993,0.4016821903460107,0.4770019091665745,0.5257966984063387,0.4567087297618855,0.5052348619210534,16.916463282150072,18.71386823502521
1,7,-0.09103617630045033,-0.12177264126902834,0.018416592818624622,-0.020826075398962876,0.3642217661609562,-0.4118736857960234,-1.009759757366946,-0.8451739570385932,-0.31121960846666363,-0.26824388426356527,-1.589544435553094,-1.3700472656689007,0.08283144235610962,0.07076102495193481,0.09070361405611038,0.07850311696529388,2.4019940403126077,2.0789030410624147,-0.2863514111738385,-0.29005925486237494,-0.1106847791646976,-0.08739883365798135,-0.420303406860508,-0.33187966601464336,-2.4463461093039496,-2.3513522885322744,-0.3781228668775345,-0.1899396342447064,-0.18741288355143004,-0.09414171337602147,-0.6252490749519573,-0.6720645859172859,0.3737197004886754,0.3499597259664994,0.21996412471180218,0.2059794672476353,-1.115596475622139,-1.2798643426884975,0.5123858291977612,0.48643370828096266,0.49945183140233373,0.4741548118868563,0.49945552624719536,0.4730717542003041,-0.02568177442130104,0.0005972645925630959,-0.10670564035739305,0.0024815847910953644,0.3904844559729099,0.16777542605996132,0.6126139010302722,0.1794281881302595,2.4830889064911124,0.72727070461307,0.8882670253515244,0.913796916604042,-0.005550749599933624,0.004401892423629761,-0.028193756339680697,0.0223584004630272,-0.002170390449464321,-0.004750670865178108,-0.02246356985415332,-0.02531250735046342,-0.8320492468403679,-0.9375737166147846
1,8,-0.46500191046021866,-0.4134637505533568,-0.3555491413411437,-0.31251718468329137,-7.031633782190226,-6.180598229108198,-0.8249624908476823,-0.6966101111174335,-0.12642234194739999,-0.11968003834240559,-0.6456981652350012,-0.6112620600328562,-0.01119038462638855,-0.007289618253707886,-0.003318212926387787,0.0004524737596511841,-0.08787221718355322,0.01198231498700428,-0.29404049666367704,-0.24886022737675634,-0.11837386465453614,-0.046199806172362745,-0.449501177786283,-0.17543456360558426,-1.390513816922478,-1.3294363207293394,0.6777094255039371,0.8319763335582286,0.33590001761203214,0.4123608947702018,-0.9714520428292968,-0.9410312169665853,0.027516732611335915,0.08099309491719997,0.016195811983865747,0.04767095555269413,-1.2444222074294529,-1.2336976453755772,0.3835600973904474,0.5326004055938829,0.3738780078958387,0.5191561374676925,0.1487103114410862,0.4718772250151779,-0.3764269892274102,-0.0005972645925630959,-1.5640228854280795,-0.0024815847910953644,-0.5003500357270241,-0.3660092242062092,-0.27822059066966176,-0.354356462135911,-1.127702882822934,-1.4363020470043795,0.9983888417482376,0.9987031370401382,0.10457106679677963,0.08930811285972595,0.5311446903467119,0.4536200251501035,0.005968576529994607,0.006465467857196927,-0.014324602874694392,-0.014096368628088385,-0.530582410122724,-0.5221286276551704
1,9,-0.3270788752571414,-0.2907156146138258,-0.21762610613806646,-0.18976904874376033,-4.303953805189131,-3.753029606336206,-0.41839548547189603,-0.19612463131421903,0.28014466342838623,0.3808054414608089,1.4308301237715373,1.9449519054555522,-0.015065133571624756,-0.008194565773010254,-0.007192961871623993,-0.0004524737596511841,-0.19048250422688345,-0.01198231498700428,-0.1093047952012615,-0.11795088815596003,0.0663618368078794,0.08470953304843357,0.2519958598315461,0.32166758250329563,-2.226085095232109,-2.2528794713041096,-0.1578618528056941,-0.09146681701654158,-0.07824267620045462,-0.04533462910586943,-0.9638330895731344,-0.9416016043078967,0.03513568586749827,0.08042270757588854,0.020680179230281946,0.04733523669143473,-2.1246610033898823,-2.185623938679993,-0.49667869856998204,-0.4193258877105328,-0.48414119103899117,-0.40874097337809445,0.5508190750897974,-0.042381270465015164,0.02568177442130104,-0.5148557600727561,0.10670564035739305,-2.139182934520636,-0.17721030674874783,0.3732125395908952,0.04491913830861449,0.38486530166119337,0.18206934879486014,1.559962579107458,0.911963053047657,0.9105650186538696,0.018145278096199036,0.0011699944734573364,0.09216476804612089,0.005942717917562632,0.04424495995044708,0.04604026861488819,0.023951780545758083,0.02547843212960288,0.8871724793955257,0.9437195602367687
1,10,-0.02422286919494072,-0.06601210113249467,0.08522989992413423,0.034934464737570795,1.6855769677818189,0.690892857974145,-0.6969258707376447,-0.6263157068785212,0.0016142781626375946,-0.04938563410349328,0.008244875326132658,-0.25223558461573437,0.030312955379486084,0.029306143522262573,0.03818512707948685,0.03704823553562164,1.011210508290966,0.9811035854162422,-0.22217057048247668,-0.19730598663439122,-0.04650393847333578,0.00535443457000237,-0.17658944545293462,0.02033239898536526,-1.9775823022746772,-2.0039856157655875,0.09064094015173785,0.15742703852198048,0.04492529135285432,0.07802716477319542,-1.6920590337030739,-1.7526696386725633,-0.6930902582624412,-0.730645326788778,-0.4079394043333141,-0.4300435849962164,-1.698264802521889,-1.80135998724546,-0.07028249770198869,-0.03506193627599985,-0.0685083782425221,-0.03417687860918802,0.73538052048609,0.7143422820355675,0.21024321981759364,0.24186779242782647,0.8735431218034958,1.0049405952041213,0.32631678134202957,-0.3981233425438404,0.5484462263993919,-0.3864705804735422,2.22300006299065,-1.5664692058817853,0.8993685245513916,0.9083418771624565,0.005550749599933624,-0.00105314701795578,0.028193756339680697,-0.005349218133432222,0.04399433173239231,0.046000502072274685,0.023701152327703312,0.025438665586989373,0.87788922560179,0.9422466099423213
1,11,-0.7623368140842163,-0.4673256483130706,-0.6528840449651413,-0.36637908244300516,-12.911974668573452,-7.245815651463572,-0.7124308556909285,-0.6211985396810975,-0.01389070679064619,-0.04426846690606956,-0.07094635133613801,-0.22609981288677866,0.005123138427734375,0.029498621821403503,0.012995310127735138,0.03724071383476257,0.34413907101346697,0.9862007552725615,-0.32193505412499096,-0.305386147176767,-0.14626842211585006,-0.1027257259723734,-0.5554252047603172,-0.39008048734652295,-2.6400982177683674,-2.708814534957223,-0.5718749753419523,-0.5474018806696548,-0.28344421231327005,-0.27131436341035275,-1.753183279349686,-1.707913164997825,-0.7542145039090533,-0.6858888531140397,-0.4439159428319412,-0.4037007977570702,-1.4014112953684381,-1.73123611469346,0.22657100945146214,0.03506193627600007,0.2208517471889964,0.03417687860918829,0.3336018762228625,0.32036646403175734,-0.19153542444563387,-0.15210802557598369,-0.7958137853451737,-0.6319962167069688,-0.4199047237634659,-0.3029383569955826,-0.19777527870610356,-0.2912855949252844,-0.8016363972600196,-1.1806588589701235,0.7753086015582085,0.8103862181305885,-0.11850917339324951,-0.09900880604982376,-0.6019400980916526,-0.502892465782426,0.0024331375025212765,0.0006526168435811996,-0.017860041902167723,-0.019909219641704112,-0.6615348544206787,-0.7374362719555261
2,0,-0.10975923456466924,-0.13151215562188556,-0.03480799789459624,-0.016381411411747746,-0.6883917451264736,-0.3239723359992052,-0.35971814480090736,-0.3830929884479981,0.00320570603732534,-0.013987461666606527,0.01637304351983102,-0.0714405238449112,0.05162385106086731,0.06840458512306213,0.060831427574157715,0.0782545804977417,1.6109250774334662,2.072321350574411,-0.14490850274678246,-0.16163244386302195,-0.06719895407165988,-0.07599948183102874,-0.25517464593532596,-0.28859289754451334,-2.7714648798719876,-2.7696972097466173,-1.1386064493371049,-1.1462325879273438,-0.5643390987237864,-0.5681189193819811,-1.9145671393557602,-1.840830189671215,-0.8645203374642398,-0.7692872940147253,-0.5088398044770341,-0.45278749302911714,-0.998166030330903,-1.1724008258488108,0.24836773558787728,0.09880319415368355,0.2420982652756742,0.09630913553116904,0.7412795148698691,0.5344121346847542,0.3612568919024507,0.15828821475089705,1.500992390619233,0.6576743895863313,0.07019522041082382,0.1661834716796875,0.03364430274814367,0.16244669095613062,0.1363694078440701,0.6584401293065426,0.829137533903122,0.8526283204555511,-0.10685134679079056,-0.09378782287240028,-0.5427268482841121,-0.47637368216451437,0.022177504375576973,0.027992376126348972,0.005455562903080136,0.009114335523918271,0.20207371464419316,0.3375944276605915
2,1,-0.04869846799008899,-0.03940903509408425,0.02625276867998401,0.07572170911605357,0.5191964588351529,1.4975351251228282,-0.0823153402633508,-0.227946532924132,0.2806085105748819,0.14115899385725958,1.4331992085933194,0.7209651548614254,0.003873199224472046,0.007573485374450684,0.013080775737762451,0.01742348074913025,0.346402353332188,0.4614049545481473,-0.07850692202340542,-0.08981008088462483,-0.0007973733482828371,-0.0041771188526316255,-0.0030278664993708348,-0.015861777001966386,-2.475292175823003,-2.641012944453405,-0.8424337452881201,-1.0175483226341318,-0.4175440081401167,-0.5043378277345694,-1.8757618631397415,-1.8768801974783138,-0.8257150612482211,-0.8053373018218242,-0.4859997759586154,-0.4740058243153011,-1.4410650598450312,-1.5089278304001197,-0.1945312939262509,-0.23772381039762536,-0.1896208003422984,-0.23172302141324305,0.8826672839435258,0.7035368038584623,0.5026446609761074,0.3274128839246051,2.0884468316641773,1.3603733475463604,0.16856248676776886,0.07957787066698074,0.1320115691050887,0.07584108994342387,0.535078394763903,0.30740433538644857,0.8374269679188728,0.8491131514310837,-0.09856191277503967,-0.09730299189686775,-0.5006225741448614,-0.4942281750009079,0.026251059025526047,0.02713373489677906,0.00952911755302921,0.008255694294348359,0.3529579285273456,0.3057904092873657
2,2,-0.11724378175439441,-0.09874933279839007,-0.04229254508432141,0.016381411411747746,-0.8364123384687935,0.3239723359992052,-1.203305255423035,-1.2751114609873178,-0.8403814045848024,-0.9060059342059261,-4.2922217914914995,-4.627397028067957,-0.011298567056655884,-0.007152676582336426,-0.0020909905433654785,0.0026973187923431396,-0.05537317201503008,0.0714298292460923,-0.17286887249219218,-0.19701545524794606,-0.0951593238170696,-0.11138249321595285,-0.3613485819522067,-0.42295283702579456,-2.3816287513218537,-2.345658538922741,-0.7487703207869709,-0.7221939171034675,-0.37112065211825707,-0.3579483187709449,-1.0373624521652005,-1.1065824842050627,0.012684349726319821,-0.03503958854857303,0.007465760786600207,-0.020623618223150394,-2.039518183375486,-2.1035766921669667,-0.7929844174567058,-0.8323726721644724,-0.7729673558544131,-0.8113613449706555,0.12575630447013336,0.13199337318693627,-0.25426631849728504,-0.24413054674692092,-1.0564554415705034,-1.0143421515229933,0.002906614914536476,-0.22764100693166256,-0.03364430274814367,-0.23137778765521944,-0.1363694078440701,-0.9378364035959758,0.7716785222291946,0.7829970940947533,-0.16431035846471786,-0.16341904923319817,-0.8345766868487894,-0.8300494865410912,-0.010555965825915337,-0.007338445633649826,-0.027277907298412174,-0.026216486236080527,-1.0103720098980093,-0.9710570389816542
2,3,-0.08868316849550975,-0.08928419010553507,-0.01373193182543675,0.02584655410460275,-0.2715740371478731,0.5111628235399173,-0.17189826620109125,-0.35511806511478505,0.19102558463714145,0.013987461666606527,0.9756572106887977,0.0714405238449112,-0.007664591073989868,-0.008267402648925781,0.0015429854393005371,0.0015825927257537842,0.04086101604723593,0.04190988788110576,-0.07691217532683976,-0.08496015476663699,0.0007973733482828232,0.0006728072653562206,0.0030278664993707823,0.002554851605828688,-1.0593972887402923,-1.098008831587085,0.5734611417945905,0.5254557902321884,0.2842303801299278,0.26043699932621195,-0.4159999129899667,-0.44113896120818463,0.6340468889015536,0.630403934448305,0.3731876290201022,0.37104345710027575,-1.0781134784531006,-1.1253891989577351,0.16842028746567972,0.14581482104475918,0.16416890598193148,0.14213406239285345,-0.1712391772557097,0.17841288548614484,-0.5512618002231281,-0.19771103444771235,-2.2904470085442874,-0.821472932141617,0.23398192785680294,-0.019600742030888796,0.1974310101941228,-0.023337522754445672,0.8002409843881992,-0.09459325646886423,0.9968794211745262,0.9967817813158035,0.06089054048061371,0.0503656379878521,0.30927950014578487,0.255820677866472,0.010182482888922095,0.008513346081599593,-0.006539458583574742,-0.010364694520831108,-0.24222114403606784,-0.3839076480621587
2,4,-0.019806087396552093,-0.14099616840173948,0.055145149273520905,-0.025865424191601663,1.0905960652667204,-0.5115360139819302,0.030119121184109393,-0.2392355524111603,0.39304297202234206,0.1298699743702313,2.007454710805234,0.6633068402170949,-0.009118348360061646,-0.013147801160812378,8.922815322875977e-05,-0.0032978057861328125,0.0023629211968444466,-0.08733179958517671,0.015424758209494724,-0.006271306270177149,0.09313430688461731,0.07936165576181606,0.3536589834176742,0.3013600834957521,-1.1223999801418465,-1.1207151386559662,0.5104584503930363,0.5027494831633073,0.25300371519804904,0.24918284133856114,-0.24061174369183153,-0.249332383711404,0.8094350581996888,0.8222105119450857,0.4764176837751063,0.483937066609963,-1.1094209848855419,-1.1687491670904007,0.13711278103323843,0.10245485291209366,0.13365168529921814,0.09986861659136904,0.4174128645129769,0.18334841662938223,0.03739024154555848,-0.19277550330447496,0.15535334910220344,-0.8009662100396508,0.12355217337608337,-0.17987699434161186,0.08700125571340322,-0.18361377506516874,0.35263948883535506,-0.7442360141950896,0.9993661195039749,0.9994144067168236,0.06337723881006241,0.05299826338887215,0.32191011255741414,0.26919249328594275,0.21719316905364394,0.2092367159202695,0.2004712275811471,0.1903586753178388,7.425441949121777,7.0508736347822
2,5,-0.06121930484463624,-0.020541686998524558,0.013731931825436763,0.09458905721161326,0.27157403714787337,1.8706714003185738,-0.5745908681346208,-0.4916879360904298,-0.2116670172963881,-0.12258240930903824,-1.0810826836755485,-0.6260858291476996,-0.02532312273979187,-0.035510897636413574,-0.016115546226501465,-0.02566090226173401,-0.4267685074653443,-0.6795466194279732,-0.013184926606787231,-0.0037670088590602865,0.06452462206833535,0.08186595317293292,0.24501940272522893,0.3108696542030141,-1.749928335718291,-1.7441004819758494,-0.11706990518340832,-0.12063586015657601,-0.05802454818111031,-0.059791978724665275,-1.0627311516178404,-1.0365033071079166,-0.012684349726320043,0.03503958854857303,-0.007465760786600338,0.020623618223150394,-1.4157306738047022,-1.5060847586209831,-0.1691969078859219,-0.2348807386184888,-0.16492592241191684,-0.22895171642004816,0.340103890036364,0.1781046231689923,-0.03991873293105441,-0.19801929676486488,-0.16585902086776935,-0.822753736474301,-0.1431727036833763,-0.11479249410331249,-0.17972362134605646,-0.11852927482686937,-0.7284681748949566,-0.48043102992286135,0.8377348333597183,0.8463043197989464,-0.09825404733419418,-0.10011182352900505,-0.4990588424238863,-0.5084949894572137,0.0006580576300621033,-0.004890972748398781,-0.016063883842434734,-0.023769013350829482,-0.5950052702757629,-0.8804027937278065
2,6,-0.038371145998710145,-0.010723811043426405,0.03658009067136286,0.10440693316671142,0.7234381170211862,2.0648378324883048,-0.36612955687555804,-0.309811132304789,-0.00320570603732534,0.05929439447660256,-0.01637304351983102,0.30284426892038024,0.045700669288635254,0.04782816767692566,0.05490824580192566,0.057678163051605225,1.4540686228738013,1.5274209892059032,-0.07313531162738093,-0.08155183728747416,0.004574237047741653,0.004081124744519049,0.017369754264880556,0.015497258492892825,-2.8298864548475526,-2.8709432054822273,-1.1970280243126699,-1.2474785836629538,-0.593295178312945,-0.6183005023302348,-1.6569651874755222,-1.7233534377558877,-0.6069183855840019,-0.651810542099398,-0.3572203212244906,-0.38364296873657583,-1.2661113359920173,-1.2412293102511245,-0.019577570073237016,0.029974709751369844,-0.01908337949703871,0.02921806737808292,-0.059306381194775354,0.6067965026935777,-0.4393290041621938,0.23067258275972047,-1.8253755347146219,0.958425428573746,0.08453942090272903,0.027074303478002548,0.047988503240048885,0.023337522754445672,0.19451031038322766,0.09459325646886423,0.9022613242268562,0.9196474254131317,-0.033727556467056274,-0.026768717914819717,-0.17131136828373186,-0.13596554786494017,0.06990335695445538,0.07722911797463894,0.05318141548195854,0.05835107737220824,1.9698363610486833,2.161320319748432
2,7,-0.40978184046547295,-0.2854962904384221,-0.3348306037954,-0.17036554622828431,-6.621886853890247,-3.3692898980472648,-0.2635490880722525,-0.2717074971833593,0.09937476276598017,0.09739802959803229,0.5075534988535035,0.49745739590174703,-0.009296804666519165,-0.012415364384651184,-8.922815322875977e-05,-0.0025653690099716187,-0.0023629211968444466,-0.06793556284695108,-0.10299397562434613,-0.08354250810694502,-0.025284426949223546,0.002090453925048183,-0.09601257614166855,0.007938082482644602,-0.8038229469088394,-0.8095251143350959,0.8290354836260434,0.8139395074841775,0.4109032913979589,0.4034211191555513,-0.22806110294139856,-0.2326940501208164,0.8219856989501217,0.8388488455356733,0.48380474606706303,0.49373006515976114,-0.8159520234025379,-0.8214030285478646,0.43058174251624237,0.4498009914546297,0.41971270010502665,0.4384468034573464,0.39504957028230575,0.3630083763369503,0.015026947314887351,-0.013115543596906865,0.062435718402771935,-0.05449399465881432,0.33733805175870657,0.275953684002161,0.3007871340960264,0.27221690327860415,1.219171152716286,1.1033683231048075,0.9975284710526466,0.9972604066133499,0.06153959035873413,0.05084426328539848,0.3125761997692458,0.2582517450176891,0.029470811132341623,0.03233531070873141,0.012748869659844786,0.013457270106300712,0.4722173486855029,0.49845645768562713
2,8,-0.6143537105245613,-0.4157239687568821,-0.5394024738544884,-0.3005932245467443,-10.667669293322781,-5.944780134885364,-0.7338109134108891,-0.5901707154396107,-0.3708870625726564,-0.22106518865821917,-1.8942940948855642,-1.1290835505430783,-0.006413131952285767,-0.006482481956481934,0.0027944445610046387,0.003367513418197632,0.0740018934346414,0.08917778244403415,-0.059071105554782136,-0.09579299258244087,0.01863844312034045,-0.01016003055044766,0.07077577604774626,-0.0385806927238464,-0.8877221006326586,-0.8986597441846361,0.7451363299022242,0.7248048776346373,0.36931950024364546,0.3592424157030513,-0.3162773249894824,-0.33372422353243625,0.733769476902038,0.7378186721240534,0.4318823988030158,0.43426567611388056,-0.8844762483354234,-0.892284967604438,0.3620575175833569,0.37891905239805634,0.35291821109322036,0.3693541153738703,0.3922333515601577,0.3892394635307641,0.012210728592739306,0.01311554359690692,0.05073456344347755,0.054493994658814555,-0.19592558220028877,0.20090855099260807,-0.23247649986296892,0.1971717702690512,-0.9422897796782046,0.7991902152479915,0.9856895059347153,0.9882460758090019,0.049700625240802765,0.04182993248105049,0.25244289852054097,0.21246552431227222,0.011266378569416702,0.009142181486822665,-0.005455562903080136,-0.009735859115608037,-0.20207371464419316,-0.3606156232994216
2,9,-0.03619568183198115,-0.03368898744701232,0.03875555483809185,0.0814417567631255,0.7664618950255847,1.610659516646241,-0.512582469931176,-0.47899844189526364,-0.14965861909294326,-0.10989291511387206,-0.7643767254376889,-0.5612746336472392,-0.031838029623031616,-0.036159515380859375,-0.02263045310974121,-0.02630952000617981,-0.599294902026127,-0.6967231781882012,0.014229135863139395,0.06694932854919536,0.09193868453826198,0.15258229058118855,0.3491188456563299,0.579400862899384,-2.2452418726324748,-2.317788308130598,-0.612383442097592,-0.6943236863113247,-0.3035218358265301,-0.34413471273031626,-1.2529502924163216,-1.284461765468497,-0.20290349052480128,-0.21291886981200747,-0.11942503602538823,-0.12531989288117173,-1.7871258607411784,-1.7839493064437675,-0.5405920948223981,-0.5127452864412732,-0.5269460949445214,-0.4998022149772737,0.5383257688869857,0.5341770007036806,0.1583031459195673,0.15805308076982338,0.657736427352418,0.6566974274181939,-0.11137373372912407,-0.1331513887271285,-0.14792465139180422,-0.13688816945068538,-0.5995783971761416,-0.5548445675509998,0.8769867569208145,0.8754859566688538,-0.05900212377309799,-0.07093018665909767,-0.29968772167317703,-0.3602735745490273,0.036957716569304466,0.034217244014143944,0.02023577509680763,0.015339203411713243,0.7495318659432403,0.5681631516589711
2,10,-0.020622666340305365,-0.2517127705991971,0.054328570329767636,-0.1365820263890593,1.0744467249390737,-2.701159077967855,-0.03880640366887046,-0.5666659219877331,0.32411744716936225,-0.19756039520634155,1.6554197441223226,-1.0090335516874986,-0.015595197677612305,-0.02933335304260254,-0.006387621164321899,-0.019483357667922974,-0.16915564090957275,-0.5159541820977447,-0.2983014120523693,-0.31752390500708905,-0.22059186337724673,-0.23189094297509583,-0.8376536720121651,-0.8805596766607132,-1.5157885253514745,-1.5028287616626974,0.11706990518340832,0.12063586015657601,0.05802454818111031,0.059791978724665275,-1.3751910733168116,-1.358450531542461,-0.32514427142529123,-0.28690763588597146,-0.19137357483590312,-0.16886823712602894,-1.2650323716091727,-1.3011787297538642,-0.01849860569039241,-0.029974709751369844,-0.018031651080049966,-0.029218067378082864,0.3678118943746791,0.49617197190694173,-0.012210728592739306,0.12004805197308455,-0.05073456344347755,0.49878968833325044,-0.02789403172209859,0.10449662059545517,-0.06444494938477874,0.1007598398718983,-0.2612127126524636,0.40840673087071866,0.9697164371609688,0.9731848612427711,0.033727556467056274,0.026768717914819717,0.17131136828373186,0.13596554786494017,0.002763105556368828,0.007267311215400696,-0.01395883591612801,-0.011610729387030005,-0.5170344244565909,-0.4300607029278324
2,11,-0.42524479843013896,-0.4449813886481765,-0.350293561760066,-0.3298506444380387,-6.927695095155578,-6.523399060278739,-0.4050998472930053,-0.1747235325872996,-0.0421759964547726,0.19438199419409197,-0.21541258537304497,0.9927999677309185,-0.010714977979660034,-0.01143258810043335,-0.001507401466369629,-0.0015825927257537842,-0.03991868875630999,-0.04190988788110576,-0.09275783966179997,-0.08630576929734943,-0.015048290986677385,-0.0006728072653562206,-0.05714288827118211,-0.002554851605828688,-1.2472210028451522,-1.3526608741063701,0.3856374276897305,0.2708037477129033,0.19113740178029548,0.1342212166497898,-0.6817940444759373,-0.7599036443835551,0.36825275741558305,0.31163925127293457,0.2167463886750089,0.1834247834472126,-1.2280351602283877,-1.3019187761308308,0.018498605690392633,-0.030714756128336518,0.018031651080050237,-0.029939432992111215,0.21386745032591314,0.059052457702547634,-0.16615517264150526,-0.31707146223130955,-0.6903609464266459,-1.3174055990611282,-0.3145037740468979,-0.25386047549545765,-0.35105469170957804,-0.2575972562190145,-1.4229190834385514,-1.0441109615440738,0.9867939651012421,0.9796157032251358,0.05080508440732956,0.03319955989718437,0.2580527449147209,0.1686295311064012,0.010366911999881268,0.010622346308082342,-0.00635502947261557,-0.008255694294348359,-0.23538990110071376,-0.3057904092873657
3,0,-0.16100059228898775,-0.20794986236713253,-0.11638131918116275,-0.15972047574483583,-2.301653190563981,-3.158764182972079,-0.2995885792362828,-0.5997150466507835,-0.12438101475351104,-0.24848863662808185,-0.6352721503120471,-1.2691479550288396,-0.022464945912361145,-0.033484600484371185,-0.022049367427825928,-0.04530294984579086,-0.5839067131496831,-1.1997031945260177,-0.1328862809362062,-0.1542244720828257,-0.012792506115380908,-0.002875232865085231,-0.04857699444453843,-0.010918124224781016,-1.0416478028390403,-1.0551050205913466,1.5292888453019122,1.5315872364023169,0.7579769894580172,0.7591161644230565,-0.4044796471107024,-0.40692168092637704,1.5163959292561828,1.5040531571961693,0.8925210601935704,0.8852563453574296,-1.0622000829229192,-1.042714148060087,-0.09008150874189513,-0.07269753023067083,-0.08780760894005893,-0.07086244884832911,0.3322297890671382,0.4132650809462669,-0.16870151096729236,-0.1412202839197737,-0.7009407707472866,-0.5867585541368878,-0.051726317033171654,-0.2194199487566948,-0.08584506623446941,-0.09634996019303799,-0.3479531419142126,-0.39053230247279447,0.9995345249772072,0.9996576383709908,0.10553087294101715,0.10702602565288544,0.5360198049734435,0.5436140894011775,0.02593424078077078,0.024741350673139095,-0.001235299278050661,0.0004739097785204649,-0.045755409340446654,0.01755358907103239
3,1,-0.03966771049344564,-0.10347721853467348,0.0049515626143793595,-0.055247831912376796,0.09792619614427124,-1.0926268020292955,-0.01684248091430306,-0.38273212341870144,0.15836508356846868,-0.031505713395999835,0.808844720974977,-0.1609144477222309,-0.04044726863503456,-0.045309752225875854,-0.040031690150499344,-0.05712810158729553,-1.060110803365091,-1.5128543771383822,-0.007578161061673682,-0.035661489829830535,0.1125156137591516,0.11568774938790993,0.4272556366364023,0.43930118998034356,-2.1242313589541797,-2.1925200288701734,0.4467052891867729,0.39417222812349006,0.221405087281545,0.19536759175276527,-2.0522575163889645,-1.9784672073831504,-0.13138194002207926,-0.06749236926060398,-0.07732884673220719,-0.03972469182042589,-1.7734108179452455,-1.9177151655087332,-0.8012922437642214,-0.947698547679317,-0.7810654702592509,-0.9237760849023787,0.26747344112707555,0.7034648803033767,-0.233457858907355,0.14897951543733612,-0.9699980197051051,0.6189975168417406,-0.05192799214273691,-0.19369131699204445,-0.08604674134403467,-0.07062132842838764,-0.3487705853748241,-0.28624723808467645,0.8861846849322319,0.8832497224211693,-0.00781896710395813,-0.009381890296936035,-0.03971464563265661,-0.04765315463709481,0.043944910168647766,0.0458099152892828,0.016775370109826326,0.02154247439466417,0.6213586778936969,0.7979319276292216
3,2,-0.06581890794476988,-0.05915038224485662,-0.021199634836944883,-0.010920995622559937,-0.4192615060952432,-0.21598263875727633,-0.05031718880480836,-0.4011980023829368,0.12489037567796339,-0.049971592360235184,0.6378736953340347,-0.2552283481214126,-0.016134977340698242,-0.012063086032867432,-0.015719398856163025,-0.02388143539428711,-0.41627781607955444,-0.6324231519121465,-0.25582045912465995,-0.30163263683971353,-0.13572668430383467,-0.15028339762197307,-0.5153950547247153,-0.5706712746935101,-1.3633560900317998,-1.429756593214496,1.2075805581091528,1.1569356637791675,0.5985254380005013,0.5734237937600484,-1.1512093094257991,-1.101329852043936,0.7696662669410861,0.8096449860786104,0.45301054910009075,0.4765412432291014,-1.0987767450957635,-1.1639261399992296,-0.1266581709147394,-0.1939095221698134,-0.12346097768644688,-0.18901472377895318,0.5160437530110303,0.5113324724856345,0.0151124529765998,-0.043152892380406094,0.06279098732763415,-0.1792966848468887,-0.13644321635365486,-0.16492214798927307,-0.17056196555495262,-0.041852159425616264,-0.6913335198998265,-0.16963805850254426,0.9936095699667931,0.9916574209928513,0.09960591793060303,0.09902580827474594,0.5059253582902092,0.5029788246746906,0.01125280000269413,0.014172256924211979,-0.01591674005612731,-0.010095183970406651,-0.5895550734740423,-0.373924993837913
3,3,-0.03351945377633879,-0.04520268779418094,0.01109981933148621,0.003026698828115744,0.21951920427392896,0.059858498456824796,-0.38404741219959015,-0.3469989909354064,-0.2088398477168184,0.004227419087295181,-1.0666430032977252,0.02159141102987659,0.052304282784461975,0.04580187797546387,0.05271986126899719,0.03398352861404419,1.3961162837006924,0.8999446609616997,0.008897328265798539,-0.04080154870404115,0.12899110308662382,0.11054769051369931,0.48981802639124505,0.4197828400084862,-2.647067698647295,-2.7549870515768697,-0.07613105050634239,-0.1682947945832063,-0.03773360712356561,-0.08341366127891328,-2.114848090287494,-2.1889601541596946,-0.193972513920609,-0.27798531603714816,-0.11416843743292986,-0.16361673373089383,-0.7075702400005176,-0.7868584338084201,0.2645483341805065,0.18315818402099604,0.2578704219977438,0.1785347783502125,0.3987308069139247,0.650807028282776,-0.10220049312050583,0.09632166341673543,-0.42463456318733805,0.4002085138886344,0.010584907606244087,-0.019775331020355225,-0.023533841595053673,0.10329465754330158,-0.09538898953079622,0.4186810286449837,0.906533993780613,0.9020135030150414,0.012530341744422913,0.009381890296936035,0.06364498985856139,0.04765315463709481,0.05432821251451969,0.05656554363667965,0.02715867245569825,0.03229810274206102,1.005955558651775,1.196319740601514
3,4,-0.04540494517346179,-0.04311024766617302,-0.0007856720656367888,0.005119138956123669,-0.015538100352643223,0.10124032442836838,-0.053105318788902,-0.1380165406773817,0.12210224569386975,0.2132098693453199,0.6236334084714881,1.0889627523554883,-0.007469236850738525,-0.013889551162719727,-0.007053658366203308,-0.025707900524139404,-0.18679349807980591,-0.6807912175333252,-0.10512875808497169,-0.18130285235549176,0.014965016735853598,-0.0299536131377513,0.056826670887101555,-0.11374288086029755,-1.2717135651071265,-1.2033609246960846,1.299223083033826,1.3833313322975789,0.643947155004539,0.6856345823086583,-0.9374777454276401,-0.9270243689681079,0.9833978309392452,0.9839504691544385,0.5788087779241669,0.5791340499960655,-1.040622767588311,-1.050370347615686,-0.06850419340728697,-0.08035372978626987,-0.06677496313584357,-0.07832538531480542,0.48581884705783074,0.8336269306612625,-0.0151124529765998,0.27914156579522187,-0.06279098732763415,1.1598100286964346,0.050321368500590324,-0.02275092527270317,0.016202619299292564,0.10031906329095364,0.06567357379666132,0.4066201448390532,0.9995347410440445,0.9992891401052475,0.10553108900785446,0.10665752738714218,0.5360209024352646,0.5417423871871045,0.0284048393368721,0.023793531116098166,0.001235299278050661,-0.0004739097785204649,0.045755409340446654,-0.01755358907103239
3,5,-0.08017844934965294,-0.1393802093512523,-0.035559176241827944,-0.09115082272895562,-0.7032476691850169,-1.8026740325056394,-0.44174979340409815,-0.35545382910999673,-0.2665422289213264,-0.004227419087295126,-1.3613561141254247,-0.021591411029876304,0.046233415603637695,0.04054813086986542,0.04664899408817291,0.02872978150844574,1.2353488551961502,0.7608160345196427,-0.1234930648866914,-0.16831577391155583,-0.0033992900658661174,-0.01696653469381537,-0.012908127082809391,-0.06442703674564529,-2.8147483101242843,-2.9485378270468985,-0.2438116619833317,-0.36184557005323503,-0.120842854580815,-0.17934520132037232,-2.09242381927068,-2.1703667910929427,-0.17154824290379467,-0.2593919529703963,-0.10096994899342822,-0.1526730429726092,-0.4907561634630654,-0.6451650699804776,0.4813624107179587,0.32485154784893855,0.4692115275275011,0.3166514202023605,0.6674241659691837,0.5976382572464467,0.1664928659347532,0.043152892380406094,0.6917640340213462,0.1792966848468887,-0.08402882516384125,-0.06483912095427513,-0.11814757436513901,0.058230867609381676,-0.4788838952911933,0.2360253679079725,0.7623183503746986,0.8154026567935944,-0.1316853016614914,-0.07722895592451096,-0.6688652121158256,-0.3922667247914838,0.00771665945649147,0.003125889226794243,-0.01945288060232997,-0.021141551667824388,-0.7205335019826177,-0.7830817744668315
3,6,-0.043833601042188204,-0.0472551067547972,0.0007856720656367958,0.0009742798674994835,0.01553810035264336,0.019268164180556893,-0.2875046021639761,-0.32989074126499296,-0.11229703768120436,0.021335668757708648,-0.5735536146154323,0.1089712621891319,0.07051065564155579,0.08523175120353699,0.070926234126091,0.07341340184211731,1.8782536224774655,1.944118275097122,-0.1527568047605541,-0.16661381440377465,-0.032663029939728805,-0.01526457518603419,-0.12403135160641306,-0.05796418444691461,-3.1681334938212826,-3.154604815205875,-0.59719684568033,-0.5679125582122118,-0.29599474853505275,-0.28148027919742713,-1.7740495130580287,-1.8646814908995903,0.1468260633088565,0.04629334722295608,0.08641895639534511,0.02724736102635734,-0.4650543803104156,-0.6528945827661573,0.5070641938706084,0.31712203506325887,0.4942645284779666,0.3091170211291077,0.6571650018839441,0.4824193674165274,0.15623370184951357,-0.0720659974495132,0.6491380590677198,-0.299428235747855,0.0891223382204771,-0.11518604308366776,0.055003589019179344,0.007883945479989052,0.22294433978893918,0.03195575145751416,0.8533164113759995,0.8517395704984665,-0.04068724066019058,-0.040892042219638824,-0.2066614839410302,-0.2077017263733567,0.00563388504087925,0.01133728213608265,-0.02153565501794219,-0.012930158758535981,-0.7976793383345422,-0.4789322857594288
3,7,-0.04552131867235419,-0.025474410274879077,-0.0009020455645291914,0.022754976347417608,-0.01783959888271098,0.45002122574083026,-0.16844264436097278,-0.1359919151895025,0.006764920121798967,0.21523449483319912,0.03455161835575194,1.09930346383634,-0.027592897415161133,-0.03447520732879639,-0.027177318930625916,-0.046293556690216064,-0.7197040468823611,-1.2259362367411852,-0.15513706816790052,-0.1484740063526552,-0.03504329334707523,0.0028752328650852588,-0.133069927884769,0.010918124224781122,-0.9041748386501919,-0.8793678697401546,1.6667618094907608,1.7073243872535089,0.8261141133557344,0.8462185564579756,-0.4036078701078274,-0.39232563676671284,1.5172677062590578,1.5186492013558337,0.893034171129736,0.8938472921917474,-0.9036143807737371,-0.8933177665522232,0.06850419340728697,0.076698851277193,0.06677496313584362,0.07476276577911391,0.14698005207299558,0.3662554379940727,-0.35395124796143496,-0.18822992687196793,-1.4706380466334603,-0.7820797173827481,0.08081376366317272,-0.04845958203077316,0.04669501446187496,0.07461040653288364,0.18926745247492222,0.3024160445249847,0.9998800903558731,0.9998748749494553,0.10587643831968307,0.10724326223134995,0.537775024860439,0.5447174926534819,0.03274708683602512,0.03330757585354149,0.005577546777203679,0.009040134958922863,0.206591989844891,0.3348460432933515
3,8,-0.0031065508517785344,-0.04920366648979617,0.041512722256046464,-0.0009742798674994835,0.8209899174702853,-0.019268164180556893,-0.004997733276866579,0.01878937544243158,0.17020983120590516,0.3700157854651332,0.8693413998005162,1.8898440742557212,-0.00552251935005188,0.006214052438735962,-0.005106940865516663,-0.005604296922683716,-0.13524093445285998,-0.14841181300781608,-0.21014667285021893,-0.18291133265067122,-0.09005289802939365,-0.03156209343293076,-0.3419579469286958,-0.11985076446483515,-2.5165186251127256,-2.4301631660386134,0.05441802302822696,0.15652909095505008,0.02697175840516212,0.07758210588483434,-2.0971802657125513,-1.9572681853455023,-0.17630468934566612,-0.04629334722295586,-0.10376950057435036,-0.027247361026357213,-1.7550762748861846,-1.7245737763931928,-0.7829577007051605,-0.7545571585637766,-0.7631937404280213,-0.7355101044314087,0.5465877926985145,0.7492390216925786,0.045656492664084,0.194753656826538,0.1896989361511141,0.8091852736773212,0.15662057604640722,-0.2066907025873661,0.12250182684510946,-0.0836207140237093,0.4965328516907997,-0.3389372441531945,0.8166764751076698,0.8357190787792206,-0.0773271769285202,-0.056912533938884735,-0.3927656157979361,-0.2890741305581343,0.009258914738893509,0.009751144796609879,-0.01791062531992793,-0.014516296098008752,-0.6634084611057806,-0.5376827153332793
3,9,-0.052968400856454385,-0.05797132934122617,-0.008349127748629386,-0.009741942718929482,-0.16511925329825172,-0.19266471371072805,-0.18197248460457072,-0.3924821913441181,-0.006764920121798967,-0.041255781321416496,-0.03455161835575194,-0.2107126153038563,0.016618400812149048,0.017422646284103394,0.017033979296684265,0.005604296922683716,0.45109025896292404,0.14841181300781608,-0.07714302996975947,-0.1282715301093026,0.042950744851065814,0.02307770910843787,0.16309690026338414,0.08763300459207014,-2.9684200158835194,-2.912594902087656,-0.3974833677425669,-0.3259026450939926,-0.19700872556986804,-0.16153044373771072,-1.9520045943178852,-1.8487294618778118,-0.031129017950999982,0.062245376244734585,-0.018321932661768195,0.03663641409625057,-0.7646103958308568,-0.8973190875987453,0.20750817835016733,0.07269753023067083,0.20227011326644634,0.07086244884832917,0.2797630142615724,0.24501745383203,-0.22116828577285813,-0.3094679110340106,-0.9189358637371038,-1.2858134751608006,0.03701375424861908,-0.1723792515695095,0.0028950050473213196,-0.0493092630058527,0.011734234083082166,-0.1998637049390675,0.9018226191401482,0.9350069910287857,0.00781896710395813,0.04237537831068039,0.03971464563265661,0.21523599099253182,0.045198770239949226,0.04784249700605869,0.018029230181127787,0.023575056111440063,0.6678015778754511,0.8732186295009722
3,10,-0.01404577630236435,-0.021403347780309515,0.030573496805460648,0.02682603884198717,0.6046467505618038,0.5305339235306319,-0.15583792870071894,-0.21291537741820535,0.019369635782052808,0.13831103260449626,0.09892981013550148,0.7064192816617757,0.004691362380981445,0.0291900634765625,0.005106940865516663,0.017371714115142822,0.13524093445285998,0.4600340814289359,-0.011293449115391567,0.0011250405989059334,0.10880032570543371,0.1524742798166464,0.4131475701232803,0.5789907135305433,-2.6253546711691795,-2.7432213479487135,-0.05441802302822696,-0.15652909095505008,-0.02697175840516212,-0.07758210588483434,-1.8897465584158852,-2.0271677420840817,0.031129017950999982,-0.11619290396153525,0.018321932661768195,-0.06838887643386643,-0.5768013039346693,-0.6945481250245795,0.39531727024635477,0.27546849280483665,0.3853383980557124,0.2685149264186899,0.5267945425453291,0.9382868231143819,0.025863242510898554,0.38380145824834133,0.10745962520233722,1.59466319190634,0.03122374415397644,0.13271708553656936,-0.0028950050473213196,0.25578707410022616,-0.011734234083082166,1.0367738065589638,0.8418912142515182,0.8501879870891571,-0.05211243778467178,-0.04244362562894821,-0.2646931458023931,-0.21558263755394447,0.045293016359210014,0.05585215054452419,0.018123476300388575,0.03158470964990556,0.6712924483407288,1.1698957043115152
3,11,-0.01560319754155316,-0.0317690077274977,0.02901607556627184,0.016460378894798983,0.5738459004816371,0.3255340622332305,-0.267771660707925,-0.4199124006586128,-0.09256409622515327,-0.06868599063591119,-0.47276823209053653,-0.35081155314627077,0.014963492751121521,0.022264868021011353,0.015379071235656738,0.010446518659591675,0.4072653315747565,0.27664251114438654,-0.11669448475495917,-0.12376368484488975,0.0033992900658661174,0.027585554372850707,0.012908127082809391,0.1047506492811695,-2.841839456680926,-2.9720809475415066,-0.2709028085399736,-0.3853886905478432,-0.13427031517536048,-0.1910141176599978,-2.1034680573109767,-2.117531329410136,-0.18259248094409153,-0.20655649128758968,-0.10747037203900513,-0.12157512100701377,-1.567263362186416,-1.7673896894478498,-0.595144788005392,-0.7973730716184336,-0.5801217312825431,-0.7772452285697814,0.7542432551037801,0.4672471861748153,0.25331195506934956,-0.0872381786912253,1.052490140768427,-0.36246738905778036,0.2512306720018387,-0.13095393404364586,0.21711192280054092,-0.007883945479989052,0.8800130164632649,-0.03195575145751416,0.8707463890314102,0.8659301772713661,-0.023257263004779816,-0.026701435446739197,-0.1181299200188157,-0.13562380203821123,0.019233113154768944,0.014586273580789566,-0.007936426904052496,-0.009681167313829064,-0.29396476477221994,-0.35858984232275626
4,0,-0.10058844784462131,-0.2459698568542034,-0.0599006508030058,-0.17937587968492452,-1.184644795295572,-3.547485702102715,-0.537792385849597,-0.8783254137623142,-0.22239527616552013,-0.40858338237523584,-1.1358769309680634,-2.086826871590212,-0.012838929891586304,-0.0204659104347229,-0.007883802056312561,-0.015869617462158203,-0.20877718877389478,-0.42025587362554456,-0.03867003427860294,-0.04441011878049164,-0.005603734993914727,0.005738742010961313,-0.021279067698921787,0.021791729960553268,-1.8017037550796517,-1.7817799730824935,0.47492006904134754,0.48451854660929206,0.23538946567944613,0.24014685677183628,-0.6709159301764527,-0.6844766691340687,0.6035058144790013,0.5948722667430351,0.3552117484488336,0.3501302106855951,-1.6025862545316367,-1.6831238240886779,-0.6160290776969475,-0.6075958870608531,-0.600478845276729,-0.5922585310764769,0.49309588937168647,0.2410714872037511,0.0011890370207199852,-0.17747121960202727,0.004940350095098502,-0.7373781819738641,-0.3627798594534397,-0.13707022555172443,-0.31828104332089424,-0.17915010126307607,-1.2900786718802777,-0.7261435437475022,0.9615683704614639,0.9741801768541336,0.07742166519165039,0.06428475305438042,0.39324554720534166,0.3265196225016922,0.0673073511570692,0.07110992912203074,0.02769324602559209,0.030001461505889893,1.0257561308270249,1.1112522903598328
4,1,-0.040385072381742555,-0.04467022187537559,0.0003027246598729591,0.02192375529390328,0.005986933162137327,0.4335823109446585,-0.3518576663471299,-0.19394619767893792,-0.036460556663053034,0.2757958337081404,-0.18622115504374517,1.4086186117236867,0.027935907244682312,0.05642865598201752,0.032891035079956055,0.061024948954582214,0.8710134768488327,1.6160498699490673,-0.15260939258508277,-0.20984033312439365,-0.11954309330039456,-0.1596914723329407,-0.45394109072609157,-0.6063965648631189,-2.5394770168971785,-2.52563894231701,-0.26285319277617925,-0.2593404226252245,-0.13028060221715856,-0.12853953220814204,-1.1746164479968422,-1.1897672869987526,0.09980529665861182,0.08958164887835118,0.05874345048550243,0.05272601085787185,-0.6901873318831904,-0.9720606006079896,0.2963698449514989,0.10346733641983519,0.2888886721656793,0.10085554228952488,0.4907178153302465,0.41331694020082516,-0.0011890370207199852,-0.005225766604953219,-0.004940350095098502,-0.021712626347084162,0.06544417887926102,0.07285891100764275,0.10994299501180649,0.030779035296291113,0.4456285285089118,0.12475570823349992,0.7519994005560875,0.8327072262763977,-0.13214730471372604,-0.07718819752335548,-0.6712118503938428,-0.39205970186416855,-0.002004927024245262,-0.0007076878100633621,-0.04161903215572238,-0.041816155426204205,-1.5415663932414214,-1.5488678270653418
4,2,-0.0826140596627091,-0.08875446682768517,-0.041926262621093585,-0.022160489658406307,-0.8291684336388128,-0.4382641654657123,-0.1292651683130152,-0.2244756411836358,0.18613194137106165,0.24526639020344257,0.9506630804619031,1.2526904319971093,-0.004352986812591553,-0.003949463367462158,0.0006021410226821899,0.0006468296051025391,0.015945771984516906,0.017129205630030685,-0.04153950767990318,-0.0886147851531609,-0.008473208395214968,-0.03846592436170795,-0.032175321506931955,-0.1460666875723502,-1.8018442595813409,-1.861925958029968,0.4747795645396584,0.40437256166181745,0.23531982600377416,0.20042328684306893,-1.6218741534522656,-1.635985144935718,-0.3474524087968116,-0.35663620905861415,-0.20450370927746653,-0.20990911494239115,-0.723547995096701,-0.7942826298311498,0.26300918173798826,0.28124530719667495,0.2563701219066451,0.2741459184626978,0.5629237129593089,0.597849168918665,0.07101686060834239,0.17930646211288664,0.2950691592828421,0.7450034622259144,0.0836859941482544,0.040860057808458805,0.12818481028079987,-0.001219817902892828,0.5195675120228679,-0.004944250036635653,0.8767741918563843,0.9157431870698929,-0.00737251341342926,0.005847763270139694,-0.037446986762245185,0.029702368986780536,0.008987815119326115,0.007450950797647238,-0.030626290012151003,-0.033657516818493605,-1.1343958998312733,-1.2466723544462275
4,3,-0.06369615026082356,-0.11633245751274812,-0.02300835321920805,-0.049738480343469255,-0.4550322162457909,-0.9836693103482153,-0.25819916214101835,-0.6628233077170222,0.057197947543058514,-0.19308127632994387,0.29213673164769505,-0.9861565918415661,-0.006069988012313843,-0.005243122577667236,-0.0011148601770401,-0.0006468296051025391,-0.02952349284975133,-0.017129205630030685,-0.12640671843099255,-0.16601173405705066,-0.09334041914630434,-0.11586287326559772,-0.3544416536857684,-0.43996618803129756,-0.346138021940371,-0.3551096912188396,1.9304858021806282,1.911188828472946,0.956826318993676,0.9472619635865639,-0.29997968965179755,-0.299290596345886,0.9744420550036564,0.9800583395312177,0.5735375829290652,0.5768432184324173,-0.37575422745207854,-0.3897632323494572,0.6108029493826107,0.6857647046783676,0.5953846385110465,0.6684541572879779,0.11639500882348267,-0.5701251525398523,-0.3755118435274838,-0.9886678593456306,-1.5602205310296247,-4.107832866281521,-0.11706491932272911,0.11317084357142448,-0.07256610319018364,0.07109096786007285,-0.2941299332512703,0.2881508130132034,0.7557101808488369,0.7371486611664295,-0.12843652442097664,-0.17274676263332367,-0.6523637950960292,-0.8774274620874316,0.08921402902342379,0.0968982856720686,0.04959992389194667,0.05578981805592775,1.8371781326645822,2.066451432082297
4,4,-0.1562662348207497,-0.2521350776204163,-0.11557843777913418,-0.18554110045113745,-2.2857747441464165,-3.669414205293132,-0.52916274137634,-0.6683865055067149,-0.21376563169226315,-0.19864447411963648,-1.0918012911944324,-1.014570450897733,-0.005557268857955933,0.001734316349029541,-0.0006021410226821899,0.006330609321594238,-0.015945771984516906,0.16764586527511602,0.008583302789779465,-0.011033758947662186,0.041649602074467676,0.03911510184379077,0.15815606968177007,0.1485318097818867,-1.6067361874917152,-1.5863330718467246,0.6698876366292841,0.679965447845061,0.33202322481281754,0.33701819291784724,-1.0522439287231107,-1.0588312417630594,0.22217781593234331,0.22051769411404432,0.13076952793238875,0.1297924126178907,-1.026735794819556,-1.0649505527998395,-0.04017861798486666,0.010577384227985265,-0.03916440149637937,0.010310382573196459,-0.03611400254086322,0.2411038585286375,-0.5280208548918297,-0.17743884827714088,-2.1938828103933044,-0.7372436818067589,-0.13800348341464996,0.006855275481939316,-0.09350466728210449,-0.03522460022941232,-0.3789995650488234,-0.14277477856467363,0.9598442986607552,0.9629525542259216,0.07569759339094162,0.05305713042616844,0.38448852089994345,0.2694914948669167,0.036918154917657375,0.04056105390191078,-0.002695950213819742,-0.0005474137142300606,-0.09985783023320773,-0.02027617033233909
4,5,-0.11288495040037913,-0.08932728618035846,-0.07219715335876362,-0.02273330901107959,-1.4278305964135498,-0.44959271458316075,-0.1073316459978505,-0.744110558133041,0.20806546368622636,-0.27436852674596257,1.0626878610338,-1.401328685967614,-0.019713982939720154,-0.01730819046497345,-0.014758855104446411,-0.012711897492408752,-0.3908408983658287,-0.3366337971819067,-0.07695756091736947,-0.06844434870710073,-0.043891261632681255,-0.018295487915647772,-0.16666832544492827,-0.06947347195480147,-0.9581036747477092,-0.9186889142797401,1.31852014937329,1.3476096054120454,0.6535115563236835,0.6679294593777493,-0.35604164380749026,-0.32821495501132947,0.9183801008479637,0.9511339808657743,0.5405406104404185,0.5598189052148503,-0.9463785588498226,-0.9751600254919621,0.04017861798486666,0.10036791153586266,0.039164401496379425,0.09783435523402463,-0.018735776194175185,0.33889430037096535,-0.5106426285451416,-0.07964840643481302,-2.1216777228405914,-0.33093251551276853,-0.07307046093046665,0.04329969361424446,-0.02857164479792118,0.001219817902892828,-0.11580856085473776,0.004944250036635653,0.9957628101110458,0.9903862550854683,0.1116161048412323,0.0804908312857151,0.5669283412668423,0.4088346707037436,0.05345394019968808,0.05401004059240222,0.01383983506821096,0.012901572976261377,0.5126266403632519,0.47787347014079157
4,6,-0.025311489382478732,-0.04598471216625767,0.015376307659136782,0.020609265003021196,0.3040945731819292,0.4075858641500957,-0.5054853349473368,-0.7481843359560547,-0.19008822526325997,-0.27844230456897634,-0.9708696769462816,-1.4221353790360707,-0.026366502046585083,-0.016174495220184326,-0.02141137421131134,-0.011578202247619629,-0.5670115109047107,-0.30661151802741066,0.06744364742084849,0.05458978297209732,0.1005099467055367,0.10473864376355027,0.38166650683600867,0.39772414180151244,-3.154704561584921,-3.294765817418315,-0.8780807374639217,-1.0284672977265297,-0.4352120895464866,-0.5097497104498121,-2.3852291687523683,-2.501915740814065,-1.1108074240969144,-1.2225668049369613,-0.653799578789541,-0.719578970008867,-2.023255996534589,-2.1143430791693385,-1.0366988196998996,-1.0388151421415137,-1.0105297504469215,-1.012592651212458,0.5301118540397715,0.7421608130011734,0.038205001688804974,0.32361810619539505,0.15873860984768717,1.3446063611626828,0.034846916794776917,-0.13208860903978348,0.07934573292732239,-0.1741684847511351,0.32160959599169286,-0.7059517121935815,0.8651024699211121,0.8636832162737846,-0.019044235348701477,-0.04621220752596855,-0.0967308147179336,-0.23472428281064883,0.04231005534529686,0.0416558813303709,0.002695950213819742,0.0005474137142300606,0.09985783023320773,0.02027617033233909
4,7,-0.040990521701488467,-0.026958350707214765,-0.00030272465987295216,0.0396356264620641,-0.00598693316213719,0.7838669190920968,-0.3499743073308194,-0.2951622302419794,-0.03457719764674255,0.17457980114509897,-0.17660195765681144,0.8916608848567537,-0.0021358728408813477,0.0022757649421691895,0.002819254994392395,0.006872057914733887,0.07465891811612872,0.18198439309885345,-0.013678690591971734,-0.01330008119658821,0.019387608692716475,0.036848779594864746,0.07362058311831657,0.13992590236213204,-2.4553762599242432,-2.5363599073435643,-0.17875243580324396,-0.2700613876517788,-0.08859688839336421,-0.13385327317988635,-1.8835957343367875,-1.9710450669521369,-0.6091739896813335,-0.6916961310750331,-0.35854792579100697,-0.4071188482691993,-1.6221878833149592,-1.7438848933499707,-0.63563070648027,-0.6683569563221459,-0.6195856761772388,-0.6514858273661325,0.5942202754683115,0.4237684734107316,0.10231342311734498,0.005225766604953219,0.4251037779476034,0.021712626347084162,0.018014652654528618,-0.1076812818646431,0.06251346878707409,-0.14976115757599473,0.25338390230846486,-0.6070222506783174,0.8618068918585777,0.8650353401899338,-0.02233981341123581,-0.04486008360981941,-0.11346994575252414,-0.2278564802649495,0.01778734289109707,0.02303871139883995,-0.02182676224038005,-0.018069756217300892,-0.8084619319628843,-0.6693026597646693
4,8,-0.014561457642453882,-0.021966802273081044,0.026126339399161633,0.04462717489619782,0.5166960888476589,0.8825839078675435,-0.2156523794523454,-0.339243797682801,0.09974473023173147,0.13049823370427738,0.5094430961363292,0.6665156551546801,0.01929357647895813,0.014640986919403076,0.024248704314231873,0.019237279891967773,0.6421490902452502,0.5094376021637618,0.009615935012782167,-0.013462540860326389,0.04268223429747038,0.03668631993112657,0.16207728490790485,0.13930899414167142,-2.446668085471716,-2.4135638768499494,-0.17004426135071693,-0.1472653571581639,-0.08428076729205679,-0.07299062725339371,-1.2456300696869804,-1.2218343414542865,0.02879167496847357,0.057514594422817256,0.016946218182091532,0.03385196820993561,-0.8940199169347773,-1.0861053212558098,0.0925372598999119,-0.010577384227985043,0.09020137032737184,-0.010310382573196188,0.6397031076335083,0.6783825615790614,0.14779625528254187,0.25983985477328303,0.6140811691449092,1.0796130220253901,-0.05793914012610912,0.1152462512254715,-0.013440323993563652,0.07316637551411986,-0.0544772479892112,0.2965629984264695,0.9130283147096634,0.9318500012159348,0.028881609439849854,0.021954577416181564,0.14669749456085818,0.11151322809082964,0.14113295078277588,0.14730917289853096,0.10151884565129876,0.10620070528239012,3.7602518038177783,3.9336675968174664
4,9,-0.023147391301490097,-0.049679083755362466,0.017540405740125418,0.0169148934139164,0.3468935660774067,0.3345229171495063,-0.41985317748999584,-0.3100442325145583,-0.10445606780591898,0.15969779887252006,-0.5335061057325389,0.8156515227898382,-0.04983025789260864,-0.033346325159072876,-0.0448751300573349,-0.02875003218650818,-1.1883737608216083,-0.761352308719127,0.1332889090093215,0.10983529509351955,0.1663552082940097,0.1599841558849725,0.6317007751438174,0.6075079723662946,-2.3979890762436984,-2.3598019224128657,-0.12136525212269911,-0.09350340272108015,-0.060153494685705126,-0.046344042798934476,-1.7539997860407601,-1.7987947280689771,-0.47957804138530613,-0.5194457921918734,-0.28227027894537204,-0.30573565927969176,-1.4468179209894536,-1.5242347199641735,-0.46026074415476437,-0.4487067829363487,-0.44864252383914766,-0.43738021570794056,0.35114195988476793,0.3536993160616771,-0.14076489246619855,-0.06484339074410128,-0.584866440458531,-0.269418904581417,-0.03477102518081665,0.05028496962040663,0.00972779095172882,0.008205093909054995,0.03942935306606572,0.03325745241501706,0.9243515804409981,0.9295910745859146,0.04020487517118454,0.019695650786161423,0.20421141934725534,0.10003952965615957,0.09792559407651424,0.09587495401501656,0.05831148894503713,0.05476648639887571,2.1598539668390244,2.0285472903966144
4,10,-0.03701042565978197,-0.03873909751739227,0.0036773713818335427,0.0278548796518866,0.07272673684606096,0.5508811300183096,-0.28081991203733436,-0.43358251871939557,0.0345771976467425,0.0361595126676828,0.17660195765681116,0.1846835822344513,-0.0003427565097808838,-0.005525708198547363,0.004612371325492859,-0.000929415225982666,0.12214384785912799,-0.02461257863887472,-0.07114510979781319,-0.07951514836675584,-0.03807881051312498,-0.029366287575302887,-0.14459669982308432,-0.11151262899824146,-2.4671396003629784,-2.440587355206854,-0.19051577624197913,-0.17428883551506846,-0.09442727249582719,-0.0863845487696437,-1.8372788025272313,-1.7801871358604124,-0.5628570578717773,-0.5008381999833087,-0.3312866833370947,-0.29478359352613615,-1.804099182630031,-1.7982372258407018,-0.8175420057953418,-0.722709288812877,-0.7969050445484195,-0.7044661606551836,0.556371594635156,0.7851060722739984,0.06446474228418947,0.36656336546822005,0.26784565166974444,1.5230403476873926,0.16590241715312004,-0.18135923147201538,0.2104012332856655,-0.22343910718336701,0.852812786985498,-0.9056587964951857,0.7677908390760422,0.7852528467774391,-0.11635586619377136,-0.12464257702231407,-0.5910028692699285,-0.6330933116058828,0.029948722571134567,0.03165156114846468,-0.00966538256034255,-0.009456906467676163,-0.3580051760237091,-0.35028323436379
4,11,-0.03927610622454585,-0.08350887058319528,0.001411690817069662,-0.016914893413916415,0.027918764764475825,-0.3345229171495066,-0.2571682528386777,-0.5059015440547612,0.058228856845399135,-0.0361595126676828,0.2974020687296642,-0.1846835822344513,0.030484706163406372,0.03325319290161133,0.035439833998680115,0.037849485874176025,0.9385102340226222,1.0023221284482267,-0.02746256429077349,-0.05588760280241427,0.0056037349939147205,-0.005738742010961313,0.021279067698921763,-0.021791729960553268,-2.1552585719983,-2.172795116970705,0.12136525212269911,0.0935034027210806,0.060153494685705126,0.0463440427989347,-1.3032134196239273,-1.336863530299921,-0.028791674968473346,-0.057514594422817256,-0.016946218182091403,-0.03385196820993561,-0.8841088026768551,-0.9514001301809312,0.10244837415783414,0.12412780684689362,0.0998623013783094,0.12099448682002514,0.4068399498704001,0.6995257713370459,-0.08506690248056636,0.2809830645312675,-0.3534459166840114,1.167461303044678,-0.05422660708427429,0.10387002676725388,-0.00972779095172882,0.06179015105590224,-0.03942935306606572,0.2504521010040534,0.8915192186832428,0.9040476605296135,0.00737251341342926,-0.005847763270139694,0.037446986762245185,-0.029702368986780536,0.03549009095877409,0.02896155882626772,-0.004124014172703028,-0.012146908789873123,-0.15275323150483688,-0.4499207550568331
5,0,-0.012930135717677585,-0.06755362091125405,0.016060552591952965,-0.03552610450313638,0.31762676669738565,-0.7025936151374043,-0.2519274986119765,-0.4060385995643099,-0.033286961947326,-0.1461121009101648,-0.17001211909662567,-0.7462629945233747,-0.011613219976425171,-0.0033433735370635986,-0.0030279606580734253,0.007723644375801086,-0.08018581762898833,0.2045359267458914,-0.2438713688935098,-0.26404950720902864,-0.21212581678952452,-0.2217936037228677,-0.8055055460429683,-0.8422170416573684,-1.4069282780124288,-1.4482544961982549,-0.09520482686138054,-0.1431834745714875,-0.04718733695596567,-0.07096748225768214,-1.31519692024585,-1.2877614559689097,-0.4667299965905105,-0.4709997238289425,-0.2747081704350371,-0.2772212485883476,-1.3697374389560437,-1.2986077199146426,-0.20392388738669842,-0.1394276157969352,-0.19877629945667277,-0.13590808740138455,0.6437029353436665,0.4413478795055409,0.07178762489988544,-0.0067908929068039026,0.2982716209174828,-0.02821559617850888,-0.23883064091205597,0.06642623618245125,-0.1924610249698162,0.07263974146917462,-0.7800962975713545,0.2944284090014093,0.690347496420145,0.6997780576348305,-0.24212108552455902,-0.23858372122049332,-1.2297983843587605,-1.2118311557028858,0.0227385014295578,0.021207451820373535,-0.013507126830518246,-0.017517309170216322,-0.5003031476865691,-0.6488400550927358
5,1,-0.05685226395976098,-0.02995912022723341,-0.027861575650130428,0.002068396180884259,-0.5510135556157367,0.040906312994028776,-0.17974281024284414,-0.2433638009637119,0.03889772642180636,0.01656269769043317,0.19866892351055626,0.08459346145085896,-0.011231958866119385,-0.012242540717124939,-0.002646699547767639,-0.001175522804260254,-0.07008934105209086,-0.031129947791694174,0.0014866524411010036,0.008925321608403427,0.03323220454508628,0.05118122509456438,0.126192678823539,0.19435050995160655,-1.4350607155088229,-1.4012194742181199,-0.12333726435777459,-0.09614845259135252,-0.06113090317312648,-0.04765503577700695,-0.8850178438492489,-0.8821769097043084,-0.036550920193909375,-0.06541517756434123,-0.021513158544629193,-0.038502097312484225,-1.4518740065433846,-1.4148903699474011,-0.2860604549740393,-0.2557102658296937,-0.27883951894662007,-0.24925545028632135,0.23834123469351956,0.1981463489711243,-0.33357407575026155,-0.2499924234412205,-1.3859725880169145,-1.0386977624749576,-0.15238462388515472,-0.003917462192475796,-0.10601500794291496,0.0022960430942475796,-0.4297073404666524,0.009306480193419514,0.9896633625030518,0.9715299606323242,0.0571947805583477,0.03316818177700043,0.29050773736629093,0.1684701531595246,0.018282446777448058,0.017656985204666853,-0.017963181482627988,-0.021067775785923004,-0.6653551381422141,-0.7803491203352941
5,2,-0.024351167981757554,-0.029211328067043775,0.004639520327872997,0.0028161883410738955,0.09175498989414912,0.05569526901797623,-0.12610024496474037,-0.26366525123154916,0.09254029169991013,-0.003738752577404081,0.4726466512209132,-0.019095562084286286,-0.00433783233165741,-0.0068215131759643555,0.004247426986694336,0.00424550473690033,0.11247946859528074,0.11242856398031865,-0.06760769429338123,-0.12574091564348944,-0.03586214218939595,-0.08348501215732848,-0.13617934329607023,-0.3170177082731857,-0.8153484448821605,-0.8328013952572522,0.49637500626888775,0.4722696263695152,0.24602339450113395,0.23407579981226986,-0.24510617056503936,-0.3237635067713742,0.6033607530903001,0.49299822536859295,0.3551263681454848,0.2901691374200392,-0.747516492372904,-0.8002681696013796,0.41829705919644133,0.35891193451632786,0.4077381152655536,0.34985203101147294,0.5398441610500603,0.3899471343108458,-0.0320711493937208,-0.058191638101498966,-0.13325296285665406,-0.2417814246478204,-0.024326257407665253,-0.050215357914566994,0.02204335853457451,-0.04400185262784362,0.0893476608136964,-0.17835134322206014,0.999185174703598,0.999008983373642,0.06671659275889397,0.060647204518318176,0.33887159314130383,0.30804353107419785,0.05260836810339242,0.05183368467260152,0.016362739843316376,0.013108923682011664,0.6060748781814412,0.48555372753850196
5,3,-0.004900916231166941,-0.005157062712256472,0.02408977207846361,0.026870453695861198,0.47641924970832694,0.5314123084024209,-0.18535357471732447,-0.4623254370885378,0.03328696194732603,-0.20239893843439272,0.1700121190966258,-1.0337462601901048,-0.04714931547641754,-0.027126729488372803,-0.038564056158065796,-0.016059711575508118,-1.0212452284938978,-0.4252899059749341,0.01710041712692082,-0.023927822042916026,0.0488459692309061,0.01832808144324493,0.18548284085750222,0.06959723938510283,-3.131084455928642,-3.1179785119924714,-1.8193610047775937,-1.812907490365704,-0.9017484050675756,-0.8985497840612331,-1.980018967693454,-1.9204409512823526,-1.1315520440381146,-1.1036792191423854,-0.6660094573746904,-0.6496040564193287,-1.5725172410960033,-1.6399020035168426,-0.40670368952665803,-0.4807218993991351,-0.39643739345838847,-0.4685871844387759,0.924451957264953,0.5940673728789871,0.3525366468211719,0.14592860046664236,1.4647604963502965,0.6063212184566175,0.019999422132968903,0.09852473810315132,0.06636903807520866,0.1047382433898747,0.269011561608187,0.42453227034087876,0.9176105856895447,0.9252907931804657,-0.014857996255159378,-0.013070985674858093,-0.07546777576110819,-0.06639106639593555,0.07709791325032711,0.08228837326169014,0.040852284990251064,0.04356361227110028,1.5131661253548174,1.613593521205759
5,4,-0.16050296925751123,-0.22861692780689843,-0.13151228094788067,-0.19658941139878078,-2.600895600528903,-3.887914737181777,-0.35771683569872975,-0.37851454133313445,-0.13907629903407925,-0.11858804267898937,-0.7103278560631522,-0.6056847262684983,-0.023749560117721558,-0.022626861929893494,-0.015164300799369812,-0.011559844017028809,-0.4015778260286444,-0.3061253592240519,-0.05628168004140098,-0.10113110724476007,-0.0245361279374157,-0.058875203758599115,-0.09317105966228706,-0.22356686173195384,-1.085781280874646,-1.0617671043315706,0.22594217027640218,0.24330391729519674,0.11198601660100913,0.12059119591521487,-0.44339693295582994,-0.43413683325109975,0.40506999069950955,0.3826248988888674,0.2384162939088501,0.22520555075629975,-0.9909184761783054,-1.0148489607896143,0.17489507539103988,0.14433114332809316,0.17048025282836174,0.14068783669617502,0.3049053095525023,0.51844260726025,-0.2670100008912788,0.07030383484790526,-1.1094043838069276,0.29210659645090414,-0.020199518650770187,-0.008509548380970955,0.026170097291469574,-0.0022960430942475796,0.10607444290270862,-0.009306480193419514,0.9917715042829514,0.9935732930898666,0.0593029223382473,0.05521151423454285,0.30121555882390105,0.2804341920759905,0.07225821120664477,0.07590568531304598,0.03601258294656873,0.03718092432245612,1.333903859093378,1.3771791518527703
5,5,-0.015205714820245861,-0.033832556048101606,0.01378497348938469,-0.0018050396399839352,0.27262303294820905,-0.035697956301701174,-0.15260201998603123,-0.4228611286032108,0.06603851667861926,-0.1629346299490657,0.33728966255004933,-0.8321835364759219,0.006316423416137695,-0.00920453667640686,0.014901682734489441,0.0018624812364578247,0.3946232296403367,0.04932183658523556,-0.036510883607670686,-0.05905371687233125,-0.0047653315036854035,-0.016797813386170292,-0.0180953974063445,-0.06378635117940616,-1.7875145045513958,-1.9061483554463339,-0.47579105340034755,-0.6010773338195665,-0.23582116051873567,-0.29791807435178247,-1.088688437892896,-1.1125468499516562,-0.24022151423755655,-0.29578511781168904,-0.14138969673558602,-0.17409334979437888,-1.3601265925208335,-1.4401973373590975,-0.19431304095148816,-0.28101723324139005,-0.1894080566602084,-0.2739236017080745,0.7833481060502514,0.5529199810284033,0.21143279560647033,0.10478120861605855,0.8784857104355513,0.4353572217940111,0.00011292099952697754,0.05486096814274788,0.04648253694176674,0.061074473429471254,0.18840622393901704,0.2475512670990016,0.7354224920272827,0.7628875970840454,-0.19704608991742134,-0.17547418177127838,-1.0008503080169608,-0.8912807604982618,0.037521980702877045,0.03912478033453226,0.0012763524428009987,0.0004000193439424038,0.04727601603976948,0.014816691915391028
5,6,-0.0166600618663717,-0.08026903074453329,0.01233062644325885,-0.04824151433641562,0.2438606633303482,-0.9540640729222889,-0.30761000055199905,-0.21052926752913217,-0.08896946388734855,0.0493972311250129,-0.4544087596313045,0.25229481604114595,-0.0037675797939300537,-0.012715727090835571,0.004817679524421692,-0.0016487091779708862,0.12758077642461277,-0.043660769870150315,0.013538691281930259,-0.025458090099990668,0.04528424338591554,0.01679781338617029,0.17195789625129643,0.06378635117940615,-1.0036307524729642,-1.0815236785863742,0.3080926986780841,0.22354734304039314,0.15270311879631038,0.11079904401293415,-0.34322583458952977,-0.35074291275282177,0.5052410890658097,0.4660188193871454,0.2973750481429763,0.27428958540767934,-0.9690629994261626,-1.0495387532457459,0.1967505521431827,0.10964135087196158,0.19178403850705544,0.10687370799494068,0.4197170798657395,0.13727214847152053,-0.1521982305780416,-0.31086662394082426,-0.6323710110007792,-1.2916250111531855,0.11084093153476715,-0.27143891528248787,0.1572105474770069,-0.2652254099957645,0.6372166314983116,-1.075029920431884,0.9563628733158112,0.9514327645301819,0.0238942913711071,0.013070985674858093,0.12136555913716308,0.06639106639593555,0.04913387726992369,0.05687744985334575,0.012888249009847641,0.018152688862755895,0.477379951243686,0.6723744798554798
5,7,-0.041365461828495494,-0.021272674612111242,-0.012374773518864943,0.010754841796006429,-0.24473375239771528,0.212696643309708,-0.36666771029655654,0.05962637079278358,-0.14802717363190604,0.3195528694469287,-0.7560441686708558,1.6321063058878513,-0.010181635618209839,-0.0110587477684021,-0.0015963762998580933,8.27014446258545e-06,-0.04227490159304315,0.0002190082271624362,-0.26536523139403523,-0.25361543312245066,-0.23361967929004995,-0.2113595296362897,-0.8871242085522891,-0.8025957231787171,-1.1044306905400707,-1.0127845158664925,0.20729276061097757,0.2922865057602748,0.1027426199485101,0.14486893458746103,-1.1737588570243775,-1.1551257349218846,-0.32529193336903806,-0.3383640027819175,-0.19146048577521682,-0.19915445080520078,-1.1976086437266003,-1.1885573087206642,-0.031795092157254956,-0.029377204602956786,-0.030992498431134084,-0.028635644868244006,0.478544711436476,0.28080596288006743,-0.0933705990073051,-0.16733280953227736,-0.38794708629494784,-0.6952539299283662,-0.06841297447681427,-0.1131174098700285,-0.02204335853457451,-0.10690390458330512,-0.0893476608136964,-0.4333102776234129,0.5661197323352098,0.5750654023140669,-0.3663488496094942,-0.3632963765412569,-1.8607847490248737,-1.845280413913027,0.031985916662961245,0.029239888302981853,-0.004259711597114801,-0.009484872687608004,-0.15777945576540864,-0.3513191014313281
5,8,-0.033630208637503545,-0.018543863665384755,-0.004639520327872994,0.013483652742732916,-0.09175498989414907,0.2666638647346696,-0.2767120883656866,-0.25385887311176947,-0.05807155170103612,0.00606762554237561,-0.2965986376150952,0.030990208057330926,0.025568097829818726,0.039755284786224365,0.03415335714817047,0.05082230269908905,0.9044420245021867,1.3458655365447536,-0.02698022060029988,-0.024383465075680157,0.0047653315036854035,0.0178724384104808,0.0180953974063445,0.06786702570596582,-2.5480921805027132,-2.53508257335362,-1.236368729351665,-1.2300115517268528,-0.6127940122057185,-0.6096431395812905,-2.0167379912216967,-2.048291407441254,-1.1682710675663572,-1.2315296753012868,-0.6876215582623361,-0.7248543406463159,-0.8463504414700478,-0.8572072279888723,0.3194631100992975,0.30197287612883517,0.311399001128497,0.2943502677513857,0.6228437450945665,0.6964044612534636,0.05092843465078545,0.24826568884111877,0.21160341737541055,1.0315233235826708,-0.07389393448829651,-0.0948115736246109,-0.027524318546056747,-0.08859806833788753,-0.11156346587222449,-0.3591117998732432,0.9040486961603165,0.9206839874386787,-0.02841988578438759,-0.01767779141664505,-0.14435227541450626,-0.08979027694395533,0.03496927581727505,0.03832474164664745,-0.0012763524428009987,-0.0004000193439424038,-0.04727601603976948,-0.014816691915391028
5,9,-0.034167546519593736,-0.0355174178799989,-0.005176858209963185,-0.003489901471881232,-0.10238182811376567,-0.06901917690936006,-0.3785066161270221,-0.663497111364832,-0.15986607946237158,-0.40357061271068695,-0.8165110106496424,-2.0612243070016554,-0.008001983165740967,-0.008797377347946167,0.0005832761526107788,0.002269640564918518,0.015446196460935566,0.06010414433115701,0.148272683715319,0.145307413468274,0.18001823581930426,0.18756331695443496,0.683583401284899,0.7122343443510242,-1.5869068546637908,-1.6009689378739074,-0.2751834035127425,-0.29589791624714,-0.1363919500127008,-0.14665889470973653,-0.642678841143731,-0.6437540203351386,0.20578808251160852,0.17300771180482855,0.12112285059255998,0.10182896391541449,-1.3517695346002636,-1.374394673422932,-0.18595598303091831,-0.21521456930522453,-0.18126195338077322,-0.20978197416633104,0.5986463934464235,0.4549296653191487,0.026731083002642375,0.0067908929068039026,0.11106543038855486,0.02821559617850888,-0.2507918160408735,-0.4493439048528671,-0.20442220009863377,-0.44313039956614375,-0.8285781573871613,-1.7961266916097822,0.9959150850772858,0.9966711103916168,0.06344650313258171,0.05830933153629303,0.32226192475808807,0.29616884279621686,0.17159569263458252,0.171919422224164,0.13535006437450647,0.13319466123357415,5.013358066139311,4.933522066265119
5,10,-0.0027568587243802247,-0.030222476768133735,0.026233829585250328,0.0018050396399839352,0.5188219036391225,0.035697956301701174,-0.11733508093729059,-0.10114456415863105,0.10130545572735991,0.15878193449551403,0.517414452887354,0.8109737740728992,-0.005181401968002319,-0.01107528805732727,0.0034038573503494263,-8.27014446258545e-06,0.09014023481529394,-0.0002190082271624362,-0.259890610673559,-0.2686205699614822,-0.22814505856957373,-0.22636466647532125,-0.8663354265946415,-0.8595747421680288,-0.7647382672229514,-0.7431876741818859,0.5469851839280969,0.5618833474448814,0.271107831764841,0.278491960123324,-0.8119160034614301,-0.751346554575626,0.036550920193909375,0.06541517756434112,0.021513158544629193,0.03850209731248416,-0.753216648613256,-0.7251284257422093,0.4125969029560893,0.4340516783754982,0.40218184631490617,0.42309504544128895,0.5451842274411386,0.41609630052531305,-0.026731083002642486,-0.03204247188703174,-0.11106543038855533,-0.13313381019746043,0.21522489935159683,0.03671775758266449,0.2615945152938366,0.042931262869387865,1.060312927657427,0.17401195499049418,0.6092670243233442,0.59810596331954,-0.3232015576213598,-0.34025581553578377,-1.6416279999895607,-1.7282511818745963,0.022521853912621737,0.02502422546967864,-0.01372377434745431,-0.013700535520911217,-0.5083277583992408,-0.5074669936922876
5,11,-0.037503719671005596,-0.10655939557234492,-0.008513031361375045,-0.07453187916422725,-0.16836074665711093,-1.474004064260847,-0.006384487341377426,-0.256187746076741,0.21225604932327308,0.003738752577404081,1.0840911463662852,0.019095562084286286,-0.009168535470962524,-0.01335039734840393,-0.0005832761526107788,-0.0022833794355392456,-0.015446196460935566,-0.06046797421483947,0.03681216269302637,0.057907039692635026,0.06855771479701164,0.10016294317879598,0.2603342692031632,0.38034883004627845,-1.2165186242896675,-1.208922569035415,0.09520482686138076,0.0961484525913523,0.04718733695596578,0.04765503577700684,-0.5537587537719799,-0.5327665725590887,0.29470816988335957,0.2839951595808785,0.17345947925422425,0.16715401039311673,-1.1340184594120901,-1.1298028995147504,0.03179509215725518,0.029377204602957008,0.030992498431134354,0.028635644868244277,0.6576298955160407,0.7204552453467625,0.0857145850722596,0.27231647293441774,0.35613698407527544,1.131452334548684,-0.06850504083558917,0.11768584698438644,-0.02213542489334941,0.12389935227110982,-0.08972083052752516,0.5021973981139297,0.9473265781998634,0.9591099098324776,0.014857996255159378,0.020748130977153778,0.07546777576110819,0.10538536079535092,0.03486615978181362,0.03806971572339535,-0.0013794684782624245,-0.0006550452671945095,-0.05109542765599489,-0.024262836439363524
6,0,-0.057847812234919124,-0.05210888691855156,-0.03778745096485831,-0.023323246038848423,-0.7473158724138563,-0.4612597969959518,-0.5589232892215255,-0.3383568756286803,-0.37879476569007703,-0.03869486015039586,-1.9346824417195914,-0.19763279036177844,-0.02021852135658264,-0.011817783117294312,-0.03318493068218231,-0.029390007257461548,-0.8787963584061745,-0.7782999940167347,0.025834191660325793,0.057018065303411,0.01790142790034255,0.07331264481216514,0.0679771075206832,0.27839016902818375,-1.9285714800569758,-1.9208050662644003,0.8280553811280802,0.8819206841935578,0.41041751322528164,0.43711532141190584,-1.2264524340988339,-1.2078993605958788,0.6105755245267244,0.6069970225840706,0.3593728418580925,0.35726660542858113,-0.7330087484265022,-0.9188531652770436,0.007575330905297939,0.005801464426832603,0.007384109158626785,0.005655019845755149,0.574580285729008,0.6139800776701845,-0.024929956848429247,0.10955001110459461,-0.1035819007656814,0.4551712001792083,-0.20426905155181885,-0.05028416961431503,-0.16602344624698162,-0.057610088028013706,-0.672937680486836,-0.23350918130287157,0.8836543038487434,0.890424095094204,0.005177430808544159,0.0007434524595737457,0.026297569373944656,0.0037761958304891193,0.04572073556482792,0.04088481701910496,0.017821394838392735,0.011253439355641603,0.6601033695536096,0.41682670212339984
6,1,-0.011526829609660522,-0.007410036748762049,0.00853353166040029,0.02137560413094109,0.16876617751999295,0.42274162034224877,-0.13539286866810885,-0.16348026208772115,0.04473565486333958,0.13618175339056326,0.22848596079530778,0.6955440545418605,0.03570374846458435,0.043873608112335205,0.02273733913898468,0.02630138397216797,0.6021254353836696,0.6965077214458035,0.008431369056154183,-0.019963273611252823,0.0004986052961709411,-0.0036686941024986833,0.0018933543188219967,-0.013931135262191975,-3.4381779746265546,-3.4672047244448128,-0.6815511134414987,-0.6644789739868546,-0.3378041124900506,-0.3293424743193466,-2.5687936342467395,-2.559914227635538,-0.7317656756211812,-0.7450178444555886,-0.4307030004617892,-0.43850296849767756,-0.9871127479359756,-1.177381988081576,-0.24652866860417544,-0.25272735837769966,-0.24030562129385372,-0.24634783944912336,0.5614589804592127,0.41466637482855984,-0.038051262118224516,-0.08976369173703003,-0.15809983469695413,-0.37296068606922156,0.2764510605484247,0.09547565504908562,0.31469666585326195,0.08814973663538694,1.2755502259674667,0.3572945909019234,0.8732994422316551,0.8839384242892265,-0.005177430808544159,-0.005742218345403671,-0.026297569373944656,-0.029166277808945207,0.014539960771799088,0.014201059937477112,-0.013359379954636097,-0.015430317725986242,-0.4948306124840653,-0.5715380202599744
6,2,-0.025793224614986232,-0.04171324753493287,-0.005732863344925419,-0.012927606655229733,-0.11337784536000185,-0.2556670375771246,-0.45352362160843135,-0.4676620835023229,-0.2733950980769829,-0.1680000680240385,-1.3963569294262834,-0.8580551033266791,0.02436816692352295,0.012841194868087769,0.011401757597923279,-0.004731029272079468,0.3019389479051937,-0.12528612265713607,-0.1416764199145017,-0.18779751508833445,-0.14960918367448495,-0.1715029355795803,-0.5681110814924154,-0.6512482443807094,-2.207637679205982,-2.299155867059767,0.5489891819790738,0.5035698833981912,0.2721010937076228,0.24958946465376958,-1.1275225936264037,-1.137374509945256,0.7095053649991545,0.6775218732346935,0.4176010159119131,0.3987761566336959,-0.9080010906498925,-1.0298449269645602,-0.1674170113180924,-0.10519029726068396,-0.16319095522537103,-0.10253501096012363,0.596917224406986,0.6573525223738784,-0.002593018170451211,0.15292245580828856,-0.010773775199382626,0.6353801066998827,-0.3382819015532732,-0.27055666223168373,-0.300036296248436,-0.2778825806453824,-1.216127804978355,-1.1263328372850199,0.8538688868284225,0.8692893832921982,-0.024607986211776733,-0.020391259342432022,-0.12499060798443362,-0.10357271338030466,0.011588772758841515,0.01063567865639925,-0.01631056796759367,-0.018995699007064104,-0.6041424351110314,-0.7035995237912613
6,3,-0.020303750818495385,-0.019982039424770795,-0.00024338954843457217,0.008803601454932343,-0.004813472940896448,0.1741073010665653,-0.15465777521312662,-0.28226018771556227,0.0254707483183218,0.017401827762722144,0.13009105196884954,0.08887929210170974,0.021174997091293335,0.030214399099349976,0.008208587765693665,0.01264217495918274,0.2173780956553947,0.33478741971363096,0.007434158463812301,-0.018370760156122257,-0.0004986052961709411,-0.002076180647368118,-0.0018933543188219967,-0.007883882553067377,-3.251675231826753,-3.2916096633138228,-0.49504837064169704,-0.48888391285586463,-0.24536586058797236,-0.24231050765807907,-2.47614853183783,-2.5176700442183817,-0.6391205732122718,-0.7027736610384323,-0.37617390062155065,-0.4136388662912134,-0.5027322825456249,-0.7228303416766597,0.2378517967861753,0.20182428802721653,0.23184777708077575,0.19672969963765313,0.5517350067938178,0.5902368030911044,-0.04777523578361942,0.08580673652551452,-0.1985021378930985,0.3565198657121951,0.14966926723718643,0.1269027329981327,0.18791487254202366,0.11957681458443403,0.761669519070761,0.4846769903014011,0.8702851161360741,0.8947585299611092,-0.008191756904125214,0.005077887326478958,-0.04160814570910659,0.025791961144277228,0.012633448466658592,0.015730788931250572,-0.015265892259776592,-0.013900588732212782,-0.5654477110967663,-0.5148769523441039
6,4,-0.01764720640434268,-0.024715052056213764,0.0024131548657181333,0.004070588823489374,0.047724545786933616,0.08050333007889518,-0.10680179220361805,-0.18840319918538553,0.07332673132783038,0.11125881629289888,0.37451399136997,0.5682509312826437,0.04182597994804382,0.051687270402908325,0.028859570622444153,0.03411504626274109,0.7642530825531288,0.9034274836877099,-0.21483881557432635,-0.2677257786599886,-0.2227715793343096,-0.25143119915123446,-0.8459307092855424,-0.9547599081987601,-3.0667401434556196,-3.092311306088466,-0.3101132822705637,-0.28958555563050803,-0.15370460119976934,-0.1435302351950433,-1.690603720932206,-1.6542991533523186,0.14642423769335222,0.1605972298276308,0.0861824496773808,0.09452439634298966,-0.5770985841524419,-0.9304560941307088,0.1634854951793583,-0.005801464426832603,0.15935868113857019,-0.005655019845755095,0.6073514315643318,0.49078860922774137,0.007841188986894565,-0.013641457337848495,0.03257948918498192,-0.05667912258569866,0.257578581571579,0.3016025722026825,0.2958241868764162,0.2942766537889838,1.1990549928253824,1.192782425005147,0.7619353532791138,0.7957066521048546,-0.11654151976108551,-0.09397399052977562,-0.5919458538788019,-0.4773192779756517,-0.01071201078593731,-0.00996989943087101,-0.038611351512372494,-0.039601277094334364,-1.4301620870566265,-1.466828869774027
6,5,-0.01163799596632202,-0.007646327011593384,0.008422365303738792,0.021139313868109754,0.1665676597398755,0.41806854874303134,-0.23482785336495804,-0.21784907095991385,-0.05469932983350961,0.08181294451837057,-0.2793751196902875,0.41785706034431885,-0.004172474145889282,-0.004838168621063232,-0.017138883471488953,-0.02241039276123047,-0.45386830926783134,-0.5934673101365147,0.04774436691965087,0.0260815965216099,0.03981160315966763,0.04237617603036404,0.15117663482608065,0.1609150895877045,-2.525615014079027,-2.5775404263790946,0.23101184710602896,0.2251853240788635,0.11449875210722212,0.11161089321993205,-1.9834521963189105,-1.9754936130075802,-0.14642423769335222,-0.1605972298276308,-0.0861824496773808,-0.09452439634298966,-1.338467149849913,-1.5858862422932691,-0.5978830705181128,-0.6612316125893929,-0.5827908921725247,-0.6445403464923415,0.9802422328478366,0.7398151500553583,0.3807319902703994,0.2353850834897684,1.581909807316561,0.9780054778271718,-0.049639251083135605,0.03716783970594406,-0.011393645778298378,0.029841921292245388,-0.04618151071825576,0.12095733313353883,0.8719529211521149,0.8889371901750565,-0.006523951888084412,-0.0007434524595737457,-0.03313691359931841,-0.0037761958304891193,0.03879552148282528,0.03935549221932888,0.010896180756390095,0.009724114555865526,0.4035938655633861,0.3601806055283517
6,6,-0.02301759013589761,-0.01642861385670135,-0.0029572288658367973,0.012357027023001788,-0.05848460304600892,0.24438278302297245,-0.15425942477323984,-0.3968357849450191,0.025869098758208586,-0.09717376946673467,0.13212561440610032,-0.49631199428140305,-0.04849538207054138,-0.042697638273239136,-0.06146179139614105,-0.06026986241340637,-1.6276182396562637,-1.5960538268950093,0.0969617196662226,0.06549957471681381,0.08902895590623937,0.08179415422556795,0.3380697306261693,0.31059701199860046,-2.987638708291085,-3.0819283982405583,-0.23101184710602896,-0.2792026477826002,-0.11449875210722212,-0.13838404894216214,-2.3605458708611087,-2.3775936106957642,-0.5235179122355504,-0.5626972275158149,-0.3081324296933402,-0.3311926103077476,-0.8697852088559614,-1.060510431868094,-0.1292011295241613,-0.13585580216421778,-0.12593974517430787,-0.1324264359609424,0.7219240517065414,0.6287098171562326,0.12241380912910416,0.12427975059064278,0.5086192128871994,0.5163720447303818,-0.03547612205147743,0.08595052361488342,0.0027694832533597946,0.07862460520118475,0.011225460492433063,0.31868667136669804,0.9148338586091995,0.9223594442009926,0.036356985569000244,0.03267880156636238,0.18466694883695306,0.16598445890007615,0.13434142991900444,0.14467703364789486,0.10644208919256926,0.1150456559844315,3.9426084420156218,4.261284027231487
6,7,-0.019816971721626244,-0.0362016957798491,0.0002433895484345687,-0.007416054900145963,0.004813472940896379,-0.14666603319514002,-0.20559927184977025,-0.24443732286137432,-0.02547074831832183,0.0552246926169101,-0.13009105196884968,0.2820583937073563,0.028078168630599976,0.039706647396087646,0.015111759305000305,0.02213442325592041,0.4001864332196809,0.5861591437094006,0.022417206105529254,-0.014218398861386018,0.014484442345546012,0.0020761806473681213,0.05500178534258025,0.00788388255306739,-1.738828798008364,-1.7102756229916825,1.0177980631766919,1.0924501274662757,0.5044616091805513,0.5414621713182252,-1.2536736891435427,-1.2581969936662718,0.5833542694820155,0.5566993895136776,0.3433509422053939,0.32766239987308715,-0.6378606366246822,-0.7518603562671389,0.10272344270711797,0.17279427343673737,0.1001304264568583,0.16843248077125236,0.7001949191615287,0.5180715239034385,0.10068467658409141,0.013641457337848606,0.4183364713371009,0.05667912258569913,-0.04101508855819702,0.028344986960291862,-0.0027694832533597946,0.02101906854659319,-0.011225460492433063,0.08519593800442139,0.8853780701756477,0.8769161850214005,0.006901197135448456,-0.012764457613229752,0.035053044095389,-0.06483412758519773,0.044517261907458305,0.0451130997389555,0.01661792118102312,0.015481722075492144,0.6155267792472622,0.5734420342064842
6,8,-0.03355700231981043,-0.029448782414909936,-0.013496641049749618,-0.0006631415352067981,-0.2669207322327814,-0.013114835276341073,-0.027859348469082484,-0.1355951723390148,0.15226917506236595,0.1640668431392696,0.7777100585632598,0.8379662800029616,0.07011981308460236,0.07781252264976501,0.057153403759002686,0.06024029850959778,1.5135244239306738,1.595270921809081,-0.06426779872366294,-0.06975738136352408,-0.07220056248364617,-0.05346280185476994,-0.2741672578482248,-0.20301434334012733,-3.1096525276188247,-3.0279110745368216,-0.35302566643376876,-0.2251853240788635,-0.17497370275531668,-0.11161089321993205,-2.253588035881032,-2.3575979399253955,-0.41656007725547384,-0.5427015567454461,-0.24517913469257305,-0.3194235485931035,-0.46349687416981666,-0.7018191028985054,0.2770872051619835,0.2228355268053709,0.2700927781179775,0.21721055818171447,0.8193651970923869,0.4777815290225121,0.21985495451494963,-0.026648537543077777,0.9134790814066637,-0.11072246085783077,-0.024808935821056366,-0.07941394858062267,0.013436669483780861,-0.08673986699432135,0.05446243527816261,-0.3515800100550947,0.7824511379003525,0.867283470928669,-0.0960257351398468,-0.022397171705961227,-0.487740642976208,-0.11376128402250617,0.007112331688404083,0.011796543374657631,-0.0207870090380311,-0.017834834288805723,-0.7699495372486332,-0.6606011659709501
6,9,-0.06772721400090656,-0.06455364517172045,-0.04766685273084575,-0.03576800429201731,-0.9426990898884088,-0.7073776253616557,-0.2095165887844083,-0.3643054222565225,-0.029388065252959866,-0.0646434067782381,-0.15009862593383902,-0.33016418228207495,-0.015325039625167847,-0.004599228501319885,-0.028291448950767517,-0.02217145264148712,-0.7492082038706153,-0.5871397481139027,-0.017933496469773907,-0.004401997771952135,-0.02586626022975715,0.011892581736802004,-0.09822197215689858,0.04515971082986256,-1.607701263940387,-1.6571008890223682,1.148925597244669,1.14562486143559,0.5694536829887382,0.5678177057178335,-1.0611994980192387,-1.0533304492032087,0.7758284606063195,0.7615659339767407,0.45663749607159176,0.4482428511488012,-0.7481594102370982,-0.8767748999510167,-0.00757533090529805,0.04787972975285959,-0.007384109158626839,0.04667111647009427,0.6021032607478883,0.44094762972474316,0.0025930181704511,-0.0634824368408467,0.010773775199382166,-0.26376425411368204,0.05257944576442242,-0.02393358200788498,0.09082505106925964,-0.03125950042158365,0.3681383598417936,-0.1267031626098426,0.8979083225131035,0.9148751944303513,0.019431449472904205,0.025194551795721054,0.09869757983181753,0.12796993300229545,0.028593959286808968,0.0318795470520854,0.0006946185603737831,0.0022481693886220455,0.025728628786643525,0.08327205598742747
6,10,-0.009439896271169593,-0.037580220631066294,0.01062046499889122,-0.008794579751363156,0.21003909666911233,-0.17392888039776347,-0.4445757729224922,-0.3204902419561609,-0.26444724939104375,-0.020828226477876466,-1.3506560715690923,-0.10637951658465139,0.004757821559906006,0.022303253412246704,-0.008208587765693665,0.004731029272079468,-0.2173780956553947,0.12528612265713607,0.011507161103371586,0.0019366921242936095,0.003574397343388344,0.01823127163304775,0.013573062097940488,0.06922962340980374,-3.3485534297434096,-3.4221132263888268,-0.5919265685583537,-0.6193874759308686,-0.29338258746502516,-0.3069933163747067,-2.3817158112717576,-2.324859041295203,-0.5446878526461993,-0.5099626581152534,-0.3205926436091182,-0.30015407157114765,-0.6629196113553627,-0.8668964880086403,0.07766446797643745,0.057758141695235965,0.07570400771319591,0.05630017069997289,0.5755157028850297,0.4149170622954508,-0.0239945396924075,-0.08951300427013908,-0.09969532015029356,-0.37191910045892257,-0.21302483044564724,-0.19608337758108974,-0.17477922514081,-0.2034092959947884,-0.7084272072546589,-0.8244725846285806,0.9245556369423866,0.9402363002300262,0.04607876390218735,0.05055565759539604,0.23404648660560723,0.2567858387728332,0.0272047221660614,0.02738320827484131,-0.0006946185603737831,-0.0022481693886220455,-0.025728628786643525,-0.08327205598742747
6,11,-0.013988904071744171,-0.028122499344496336,0.0060714571983166415,0.0006631415352068015,0.1200741573493009,0.013114835276341143,0.11335007961402438,-0.3170638432410066,0.2934786031454728,-0.0174018277627222,1.4989328046589008,-0.08887929210171001,-0.01646055281162262,-0.031734317541122437,-0.02942696213722229,-0.04930654168128967,-0.7792786253741453,-1.3057254719047713,-0.06727185543070345,-0.07469195969461144,-0.07520461919068669,-0.0583973801858573,-0.2855745649585596,-0.22175242186933453,-1.209885673807162,-1.1353158688880165,1.546741187377894,1.6674098815699416,0.7666270713221353,0.8264353239138564,-0.6577661536932682,-0.6213339721907158,1.17926180493229,1.1935624109892335,0.6940904918547409,0.7025075495855768,-1.1644865019791524,-1.1597249012944952,-0.42390242264735223,-0.235070271590619,-0.4132019842519705,-0.22913646506969323,0.403427983956973,0.37548437344439967,-0.19608225862046424,-0.1289456931211902,-0.8147055038169995,-0.53575864853062,-0.0664445199072361,-0.013693150132894516,-0.028198914602398872,-0.02101906854659319,-0.11429778512460953,-0.08519593800442139,0.9925368055701256,0.992554672062397,0.1140599325299263,0.1028740294277668,0.5793412021157677,0.5225249792212356,0.04456786718219519,0.045157250948250294,0.016668526455760002,0.01552587328478694,0.6174011955134366,0.5750773922853353
7,0,-0.21979628437123905,-0.12576611347412958,-0.18543627475823563,-0.07995644233597474,-3.6673410857218967,-1.5812847104978365,-0.3836509340581755,-0.24073055601884447,-0.16217754436935414,0.12933531746433308,-0.8283167455098992,0.660576096759484,-0.01758745312690735,-0.0053476691246032715,-0.003650084137916565,0.003217563033103943,-0.09666076084345987,0.08520682786757362,-0.08604689627793981,-0.06389288813645945,-0.05824267732515199,-0.01293331076146241,-0.2211649685636839,-0.04911167204787704,-1.1103400770024452,-1.1186897344077105,1.0589400184839288,1.093791357035875,0.5248532150697836,0.5421269385755423,-0.6065058142579545,-0.5263642050297246,0.930632346662214,1.0086070164822012,0.5477520432944033,0.5936464127221263,-0.9045491146580933,-0.9657508872484003,-0.010567629461839534,0.05263048061080189,-0.010300874043610379,0.051301945586212726,0.5625565072886194,0.6368252346690486,-0.16190328154362832,0.02716834115454636,-0.6726946919503762,0.11288220170407992,-0.15462752617895603,-0.09519660868681967,-0.1551370620727539,-0.0766081006731838,-0.6288122374804594,-0.31051323616559107,0.9919746667146683,0.9876548573374748,0.10530321300029755,0.10173025727272034,0.5348634586491503,0.5167154515408883,0.02787620620802045,0.027735565789043903,0.001625746488571167,0.001623732503503561,0.06021755002217109,0.060142952139041694
7,1,-0.010070505319780055,-0.02913353561160293,0.024289504293223366,0.016676135526551908,0.48036931912320097,0.32980104376732394,-0.2585174859174112,-0.4536639886299695,-0.03704409622858981,-0.08359811514679194,-0.18920156515959238,-0.4269747636050501,-0.0014939308166503906,0.0005457401275634766,0.012443438172340393,0.009110972285270691,0.3295245139016212,0.24127485280945382,-0.20171431555636146,-0.24874215266241922,-0.17391009660357365,-0.19778257528742219,-0.6603889590018298,-0.7510399427843099,-1.9823399462890818,-1.9216590418553836,0.18694014919729218,0.2908220495882019,0.092655048085061,0.14414309127544633,-0.7758622152580077,-0.7093497430075785,0.7612759456621607,0.8256214785043473,0.44807216968429764,0.4859446949813016,-0.6640080040474601,-0.7959867595357066,0.22997348114879368,0.22239460832349556,0.22416833134041123,0.21678076966938079,0.614829038366308,0.672550253929462,-0.10963075046593973,0.06289336041495974,-0.4555066655217912,0.26131669047526085,0.01023867353796959,0.10582028701901436,0.009729137644171715,0.12440879503265023,0.03943481157273654,0.5042623066436672,0.7085172049701214,0.7057580389082432,-0.17815424874424934,-0.1801665611565113,-0.9048935444744788,-0.9151146226926904,-0.001294638030230999,-0.0047115907073020935,-0.02754509774968028,-0.030823423992842436,-1.0202687277920917,-1.1416977303606994
7,2,-0.02954671683713626,-0.03227140667416968,0.0048132927758671624,0.013538264463985157,0.09519165749829689,0.26774391128635666,-0.32317347188161855,-0.2633029322769823,-0.10170008219279716,0.10676294120619523,-0.5194299952413473,0.5452883896156167,-0.014658331871032715,-0.011782795190811157,-0.0007209628820419312,-0.003217563033103943,-0.019092387486126395,-0.08520682786757362,-0.039843214622558215,-0.06796718265847303,-0.012038995669770396,-0.017007605283475988,-0.04571568858310804,-0.0645829941309913,-2.0534529085468893,-2.078283745670344,0.11582718693948468,0.1341973457732415,0.05740860709439701,0.06651359581608463,-1.2693093842500431,-1.2476878232400588,0.2678287766701253,0.287283398271867,0.15763879280605933,0.16908940353551996,-1.3087336320159308,-1.473954701343216,-0.4147521468196771,-0.45557333348401374,-0.4042826860209397,-0.4440734360333691,0.7377526030007624,0.7709667826906925,0.013292814168514688,0.16130988917619027,0.05523053916503212,0.6702291959331638,-0.10035919398069382,-0.13663586229085922,-0.10086872987449169,-0.11804735427722335,-0.4088480913377481,-0.4784776763201703,0.8649459779262543,0.8609871715307236,-0.021725475788116455,-0.024937428534030914,-0.11034955904714425,-0.12666393451347108,0.04600430652499199,0.04308895952999592,0.019753846805542707,0.016977126244455576,0.7316812716529519,0.6288317127209131
7,3,-0.04665717380712591,-0.11413334631440616,-0.012297164194122488,-0.06832367517625132,-0.24319888622531072,-1.3512254893389222,-0.19401663640051242,-0.44613536600000964,0.02745675328830896,-0.0760694925168321,0.1402345103601033,-0.3885225585277674,-0.029631339013576508,-0.0284416526556015,-0.015693970024585724,-0.019876420497894287,-0.41560441510720725,-0.5263631893339442,-0.040055008877294074,-0.03802626661353463,-0.012250789924506254,0.01293331076146241,-0.04651993508828023,0.04911167204787704,-1.6710210893765343,-1.6485730734442063,0.49825900610983975,0.5639080179993792,0.2469571805102134,0.27949546818934895,-1.1656490793750829,-1.067834795014238,0.37148908154508553,0.46713642649768783,0.21865122591933625,0.2749473871492538,-1.591477472953698,-1.55062553632286,-0.6974959877574443,-0.5322441684636579,-0.6798893111986896,-0.5188088927217108,0.450342557109359,0.16200705431127665,-0.2741172317228887,-0.4476498392032256,-1.1389343377974013,-1.8599479134294317,0.03887356072664261,-0.029149580746889114,0.038364024832844734,-0.01056107273325324,0.1554997108465532,-0.04280686824194514,0.9782357960939407,0.9473560974001884,0.09156434237957001,0.06143149733543396,0.4650800242337658,0.31202716611062403,0.027035933919250965,0.02847854234278202,0.0007854741998016834,0.0023667090572416782,0.02909391608728187,0.08766275802793312
7,4,-0.11762880048693208,-0.08410767622106169,-0.08326879087392866,-0.03829800508290685,-1.6467924537875822,-0.757413012771346,-0.5418978179663971,-0.5588796689207982,-0.3204244282775758,-0.18881379543762067,-1.6365577654097556,-0.9643605663930342,-0.018902122974395752,-0.015421003103256226,-0.004964753985404968,-0.006855770945549011,-0.13147557138333932,-0.18155308500463987,-0.15044577629718636,-0.15537163908220547,-0.12264155734439855,-0.10441206170720843,-0.4657068908980544,-0.39648401147884416,-1.680507447566728,-1.6641345343561578,0.4887726479196459,0.5483465570874277,0.24225536028572597,0.27178258299447855,-1.1975887767775184,-1.2078912526933925,0.33954938414265,0.3270799688185333,0.19985214314821154,0.19251288855753634,-1.1415029500711564,-1.199669800062921,-0.24752146487490267,-0.1812884322037187,-0.24127335671386033,-0.17671222410262694,0.7476361216928205,0.6326361346777506,0.023176332860572746,0.022979241163248343,0.09629573869990489,0.09547683906208693,-0.10756070911884308,-0.3027746081352234,-0.10807024501264095,-0.2841861001215875,-0.4380377690766844,-1.151882697085609,0.8845557868480682,0.8460623845458031,-0.0021156668663024902,-0.039862215518951416,-0.010746043403792075,-0.2024709584295775,0.030820194631814957,0.029959597624838352,0.004569734912365675,0.00384776433929801,0.16926270030900686,0.14252095465317147
7,5,-0.023595702259052307,-0.057049865976179615,0.010764307353951116,-0.011240194838024777,0.21288384200961227,-0.22229538635172946,-0.23775682487757183,-0.4112455331959935,-0.016283435188750445,-0.04117965971281595,-0.08316713694066678,-0.21032382656405776,0.05918145179748535,0.05840426683425903,0.07311882078647614,0.06696949899196625,1.936317241506538,1.7734721944145897,0.03282029493331625,0.005692666293059621,0.06062451388610407,0.05665224366805666,0.23020951857957597,0.21512561347342243,-3.0536803020922267,-3.012272098459694,-0.8844002066058527,-0.7997910070161085,-0.4383442723318963,-0.3964085539210124,-1.713907006533779,-1.7553184925511094,-0.1767688456136105,-0.2203472710391836,-0.10404269389831583,-0.12969210492085625,-0.026287855319995744,-0.21914431854243605,0.867693629876258,0.7992370493167662,0.8457907066172416,0.7790621544527296,0.7563572236271173,0.4877882693456046,0.03189743479486962,-0.12186862416889765,0.13253119312198694,-0.5063540146443629,0.016054317355155945,-0.19859391823410988,0.01554478146135807,-0.180005410220474,0.06300718011069023,-0.7296103409915178,0.9087554141879082,0.9348235949873924,0.022083960473537445,0.04889899492263794,0.11217039958233743,0.248371201633852,0.002512209117412567,-0.0017261821776628494,-0.023738250602036715,-0.027838015463203192,-0.8792633434031276,-1.0311183818989555
7,6,-0.0756983131555331,-0.05610553123036535,-0.04133830354252968,-0.010295860092210514,-0.8175404687848389,-0.2036194416558248,-0.17646675310079124,-0.37042076227027854,0.04500663658803014,-0.00035488878710099314,0.2298699914954961,-0.0018125834022986865,0.003093928098678589,0.014288276433944702,0.017031297087669373,0.022853508591651917,0.4510192292676281,0.6052018104088198,0.053355244433840585,0.057544202865351876,0.08115946338662841,0.10850378024034892,0.3081868999314977,0.4120214977743558,-2.807586435298044,-2.8267554050446457,-0.63830633981167,-0.6142743136010602,-0.31637026536141355,-0.30445902770761507,-2.085003154437013,-2.0470428776746727,-0.5478649935168445,-0.512071656162747,-0.3224626467419039,-0.3013953866769053,0.2969500560271452,0.2262391450339944,1.190931541223399,1.2446205128931966,1.1608692228474093,1.2132029403285751,0.7338476552801719,0.5469182872685014,0.00938786644792422,-0.0627386062460008,0.03900580561460639,-0.26067369975250754,-0.00921960175037384,0.07721997052431107,-0.009729137644171715,0.09580847853794694,-0.03943481157273654,0.38833753169047336,0.8088033720850945,0.839707724750042,-0.07786808162927628,-0.046216875314712524,-0.39551301685819773,-0.23474799177033498,0.01062624342739582,0.008272301405668259,-0.015624216292053461,-0.017839531879872084,-0.5787200112305604,-0.6607751644553453
7,7,-0.03395645295837848,-0.049101139354311596,0.0004035566546249439,-0.003291468216156758,0.007981070056827215,-0.06509479678232882,-0.34230572927627556,-0.20774771349071167,-0.12083233958745418,0.16231815999246588,-0.6171474026729684,0.8290349354156392,-0.013216406106948853,-0.014681071043014526,0.0007209628820419312,-0.006115838885307312,0.019092387486126395,-0.16195835972900396,-0.16825941434597838,-0.236679875667813,-0.14045519539319057,-0.18572029829281597,-0.5333506339401441,-0.7052358480064336,-2.2834441338009035,-2.346678437216827,-0.11416403831452948,-0.1341973457732415,-0.05658428382045336,-0.06651359581608463,-1.7377505356605125,-1.676644366658829,-0.2006123747403441,-0.14167314514690332,-0.11807652997263657,-0.08338604929485383,-0.8834138557344143,-1.071011848470004,0.010567629461839423,-0.05263048061080178,0.010300874043610325,-0.05130194558621256,0.7150719223843236,0.6135455341261126,-0.00938786644792411,0.0038886406116103167,-0.039005805614605926,0.016156978866595874,-0.21859528310596943,0.033128030598163605,-0.2191048189997673,0.05171653861179948,-0.8880907607582686,0.20962104041895196,0.7027559950947762,0.6807307153940201,-0.18391545861959457,-0.2051938846707344,-0.9341562853931445,-1.0422351580889917,-0.00039147306233644485,0.0007894653826951981,-0.026641932781785727,-0.025322367902845144,-0.986815552887644,-0.9379389508689976
7,8,-0.04036312031984139,-0.04251820292199808,-0.006003110706837969,0.003291468216156758,-0.1187224806259011,0.06509479678232882,-0.20273953395122524,-0.21634032771338577,0.018733855737596145,0.15372554576979178,0.09568258340425251,0.7851484264909644,-0.05399487912654877,-0.07075165212154388,-0.04005751013755798,-0.06218641996383667,-1.0607945628346689,-1.6468077010592945,-0.015765223283017427,-0.02020087740499708,0.012038995669770392,0.03075869996999996,0.045715688583108025,0.11680003777894793,-2.055116057171844,-2.0339361479013336,0.11416403831452993,0.17854494354225192,0.05658428382045357,0.08849404689301212,-1.360369315306558,-1.3932980763650227,0.1767688456136105,0.1416731451469031,0.10404269389831583,0.0833860492948537,-1.3330892452970688,-1.4385528596708506,-0.4391077601008151,-0.42017149181164837,-0.428023498051665,-0.40956523215512725,0.5058200247443492,0.566351074300675,-0.21863976408789854,-0.04330581921382726,-0.908430066079782,-0.1799320831422066,-0.20457467064261436,0.04593277629464865,-0.20508420653641224,0.06452128430828452,-0.8312614475294662,0.2615221186280974,0.9992696940898895,0.9995330199599266,0.1125982403755188,0.11360841989517212,0.5719168728962545,0.5770478475013389,0.1558351181447506,0.15619891695678234,0.1295846584253013,0.130087083671242,4.799807784108863,4.818417584340647
7,9,-0.034763566267628374,-0.04164392286433928,-0.00040355665462495083,0.004165748273815557,-0.00798107005682735,0.08238528204504049,-0.08909218159892959,-0.14361760493801445,0.1323812080898918,0.2264482685451631,0.67613288805234,1.1565774630333192,0.008413970470428467,0.008690223097801208,0.02235133945941925,0.017255455255508423,0.5919034730117494,0.4569553387472759,0.050630705187661475,0.029349426057324757,0.0784349241404493,0.0803090034323218,0.2978410047150444,0.30495744761753846,-3.1440256841672936,-3.1556347729332495,-0.9747455886809195,-0.9431536814896639,-0.48312307322818754,-0.4674648548493452,-2.210668852085185,-2.2390753236125005,-0.6735306911650167,-0.7041041021005747,-0.39642702473250385,-0.41442193794446613,-0.6486736816676355,-0.7998934401786045,0.24530780352861825,0.21848792768059766,0.23911557413966747,0.21297270416363803,0.756871024595611,0.3955199937415338,0.032411235763363244,-0.21413689977296846,0.13466599348507588,-0.8897210387250155,0.09654692932963371,0.10785144940018654,0.09603739343583584,0.1264399574138224,0.3892653853394397,0.512495154065981,0.8887871205806732,0.8968865051865578,0.0021156668663024902,0.010961905121803284,0.010746043403792075,0.05567847665593045,0.0254649855196476,0.02448810078203678,-0.0007854741998016834,-0.001623732503503561,-0.02909391608728187,-0.060142952139041694
7,10,-0.01404662507956895,-0.01383295608618821,0.020313384533434474,0.03197671505196663,0.40173428735373923,0.6323979547658101,-0.15899509099500755,-0.37837549825490074,0.06247829869381383,-0.0083096247717232,0.3191059603245203,-0.042441149137431675,-0.024113208055496216,-0.023129090666770935,-0.010175839066505432,-0.01456385850906372,-0.26947443106077273,-0.3856770395178149,0.0796380969700278,0.03646505920873621,0.10744231592281561,0.08742463658373326,0.40799079841092967,0.3319776474867332,-3.7263604788906317,-3.8009509346736583,-1.5570803834042577,-1.5884698432300728,-0.7717515922401783,-0.7873094695715778,-3.0118809022602173,-2.9921591035150437,-1.474742741340049,-1.4571878820031179,-0.8680048064091215,-0.8576723586857672,-0.9506973874759859,-1.1133249045456282,-0.05671590227973211,-0.09494353668642597,-0.05528424021327667,-0.09254690620951561,0.877116457494008,0.7959069673681385,0.1526566686617603,0.18625007385363623,0.6342757831744201,0.7738535924791909,0.05695399269461632,-0.008027435280382633,0.05644445680081844,0.01056107273325324,0.22878456443661938,0.04280686824194514,0.8935422748327255,0.8964210599660873,0.006870821118354797,0.010496459901332855,0.034898756100751514,0.05331435467579842,0.03096454031765461,0.03046867623925209,0.004714080598205328,0.004356842953711748,0.17460925564136573,0.16137719524429786
7,11,-0.020074266762013168,-0.015787224127927824,0.014285742850990255,0.030022447010227014,0.28252666187238346,0.5937487342110456,-0.20518995450007094,-0.3697109846960766,0.016283435188750445,0.00035488878710093763,0.08316713694066678,0.0018125834022984033,0.02844175696372986,0.039816975593566895,0.04237912595272064,0.04838220775127411,1.1222751048168935,1.2812474550775406,-0.008404599499432494,-0.08133299335533636,0.019399619453355325,-0.030373415980339324,0.07366619158999255,-0.11533699855453737,-3.3549079659085588,-3.411461216271533,-1.1856278704221848,-1.1989801248279477,-0.5876448040544693,-0.5942627177521002,-2.5520051660787084,-2.575889356052392,-1.01486700515854,-1.0409181345404663,-0.5973309199292555,-0.6126641064451291,-0.8226593608473534,-0.9079550115262902,0.0713221243489004,0.11042635633291198,0.06952176191393963,0.10763889780463229,0.7063304991658037,0.6057682529028919,-0.018129289666444004,-0.0038886406116103167,-0.07532569328535417,-0.016156978866595874,0.07373122498393059,-0.10217143967747688,0.07322168909013271,-0.08358293166384101,0.2967871992269163,-0.338784102086891,0.8559237569570541,0.8754281401634216,-0.03074769675731659,-0.010496459901332855,-0.15617585603078554,-0.05331435467579842,0.00928906537592411,0.0051296185702085495,-0.01696139434352517,-0.020982214715331793,-0.6282490040772961,-0.7771799435389751
8,0,-0.060179414051947024,-0.06499024454685984,-0.017161088281753785,-0.004468530054383926,-0.33939187040631136,-0.08837334487327683,-0.2435174726934746,-0.40659659174452856,0.01838195005237106,0.02186194070322911,0.0938852361016678,0.11165917972334909,-0.017211705446243286,-0.0219649076461792,0.002714216709136963,-0.00682937353849411,0.07187731632645662,-0.18085403442010248,-0.06267178096687623,-0.027788460330458207,-0.0014768937774566754,0.02626828631326639,-0.005608210007922289,0.09974858614864077,-1.6417039810957115,-1.677645114395224,0.040686394994611685,0.07995361338285778,0.020165811896592497,0.0396282228529984,-1.07040530123765,-1.1932470011440222,0.012656653098566117,-0.00555888617013256,0.0074494590918451654,-0.0032718519499691273,-1.4576100397746192,-1.4936274128003948,-0.5400598950897684,-0.4686173672894216,-0.5264273293659535,-0.4567882033078372,0.5957482555012749,0.2539890427930521,-0.05596922804024562,-0.35933977143534424,-0.23254749537048594,-1.49302691425732,0.11871461942791939,0.0003754943609237671,0.129658754914999,0.013992903754115105,0.5255418060501612,0.05671700237785511,0.8816992193460464,0.8615147992968559,0.04626750946044922,0.04146130755543709,0.23500517627157516,0.21059317875851108,0.01708446629345417,0.01592907588928938,-0.003945404198020697,-0.004209405276924372,-0.14613752901954674,-0.1559161127572617
8,1,-0.02842657003988551,-0.05584679562041707,0.014591755730307729,0.004674918872058842,0.2885786255809091,0.09245506077098668,-0.23347311480081895,-0.5305830442377384,0.028426307945026708,-0.10212451178998072,0.14518648050473307,-0.5215977561604329,-0.028226882219314575,-0.010026723146438599,-0.008300960063934326,0.0051088109612464905,-0.2198242794395027,0.13529045793485797,-0.26111667819132367,-0.23699121426355335,-0.1999217910019041,-0.18293446761982876,-0.759163188451796,-0.69465721080239,-1.723076771084935,-1.8375523411609396,-0.04068639499461191,-0.07995361338285778,-0.020165811896592608,-0.0396282228529984,-1.5094899277918703,-1.3778385673927929,-0.4264279734556542,-0.19015045241890327,-0.2509871858806194,-0.11191884659862796,-0.6808609734212234,-0.7788083860718347,0.23668917126362743,0.24620165943913852,0.23071449935648586,0.23998686672053007,0.6033537154473535,0.7140179341493076,-0.04836376809416698,0.10068911992091123,-0.20094744077746252,0.418354933032656,0.009833348914980888,-0.06469923630356789,0.02077748440206051,-0.05108182691037655,0.0842167324913496,-0.20704838318415394,0.7663261517882347,0.7457515671849251,-0.06910555809736252,-0.07430192455649376,-0.3510057932964559,-0.37739954195378816,0.0045525385066866875,0.0031135957688093185,-0.01647733198478818,-0.017024885397404432,-0.6103193640589969,-0.6306007088109751
8,2,-0.0340110339701011,-0.09368593401142636,0.009007291800092139,-0.03316421951895045,0.17813564974075705,-0.6558830249168681,-0.3195107407801644,-0.3922529013320678,-0.05761131803431874,0.03620563111568986,-0.29424800852848615,0.18491913076806443,-0.027909211814403534,-0.025524809956550598,-0.007983289659023285,-0.010389275848865509,-0.21141179855524614,-0.27512661906394603,-0.06272578573012606,-0.10653125730319866,-0.00153089854070651,-0.05247451065947407,-0.005813282341732756,-0.19926150433653667,-1.9138830921305012,-1.9083289807893835,-0.23149271604017807,-0.15073025301130172,-0.11473709006943897,-0.07470796883710772,-1.0957186074347824,-1.1821292288037568,-0.01265665309856634,0.005558886170132782,-0.0074494590918452955,0.003271851949969258,-0.958877012128748,-1.1176019760879172,-0.04132686744389713,-0.09259193057694404,-0.040283666047698875,-0.09025466096932895,0.7651453084784161,0.45139200543543145,0.11342782493689563,-0.1619368087929649,0.4712831946767238,-0.6728339948875952,-0.07842188701033592,0.022722017019987106,-0.0674777515232563,0.036339426413178444,-0.2735054754072285,0.14729346892563347,0.9267928376793861,0.9222244396805763,0.09136112779378891,0.10217094793915749,0.4640478424692974,0.518953838455486,0.058862050995230675,0.06234566122293472,0.03783218050375581,0.04220718005672097,1.4013016407834578,1.563351355348241
8,3,-0.052025617570285385,-0.05605318443809198,-0.009007291800092146,0.004468530054383933,-0.17813564974075716,0.08837334487327697,-0.28772158011029403,-0.4401746852955082,-0.025822157364448373,-0.011716152847750516,-0.13188586270274116,-0.05983988495129225,-0.014535278081893921,-0.013408899307250977,0.005390644073486328,0.0017266348004341125,0.14275390316807732,0.0457243798232061,-0.03344908206555113,-0.015386367328790212,0.02774580512386842,0.03867037931493439,0.10535916959546203,0.1468430645416055,-1.6049094273300368,-1.562341157723341,0.07748094876028633,0.19525757005474076,0.03840267092910005,0.09677749600649313,-0.9593639471723077,-0.8820672317895513,0.12369800716390844,0.30562088318433833,0.07280623375975294,0.17988248940418922,-1.3960518934592934,-1.414290948444353,-0.4785017487744425,-0.3892809029333799,-0.46642307639303254,-0.3794544049050766,0.7056140789533923,0.7819983310013097,0.05389659541187186,0.1686695167729133,0.2239358788907145,0.7008078375261262,-0.03582883067429066,-0.02428635209798813,-0.024884695187211037,-0.010668942704796791,-0.10086436245873419,-0.04324409424878704,0.8473915606737137,0.7973737344145775,0.011959850788116455,-0.022679757326841354,0.06074731221583579,-0.11519661271041652,0.017385286279022694,0.01803066860884428,-0.0036445842124521732,-0.0021078125573694706,-0.13499517524176807,-0.07807324758382847
8,4,-0.07690378744992207,-0.13318829525314346,-0.033885461679728834,-0.07266658076066755,-0.6701469062012928,-1.4371143808295734,-0.251670159358694,-0.790755228711652,0.010229263387151633,-0.3622966962638944,0.05224564344439612,-1.8504190671110268,-0.022640138864517212,-0.024237602949142456,-0.002714216709136963,-0.009102068841457367,-0.07187731632645662,-0.2410390736820132,0.025430903357308757,0.03065134606846294,0.08662579054672831,0.08470809271218754,0.3289441887452147,0.3216621131132332,-1.3290025610049483,-1.2708191272751623,0.35338781508537487,0.48677960050291946,0.17515319817603064,0.24126752591720996,-0.6837694379938318,-0.6497052285707362,0.3992925163423843,0.5379828864031534,0.23501578521651145,0.31664623128740954,-1.211471864399903,-1.1963981585746546,-0.2939217197150521,-0.1713881130636814,-0.28650234420114523,-0.16706181567173584,0.4509245209581454,0.5962837300870704,-0.2007929625833751,-0.017045084141325995,-0.8342780876521566,-0.07082090935030083,-0.29037169739603996,-0.1946506928652525,-0.27942756190896034,-0.18103328347206116,-1.132595061876847,-0.7337765877319241,0.8234718590974808,0.8231775835156441,-0.011959850788116455,0.003124091774225235,-0.06074731221583579,0.015868105862019123,0.02753701596520841,0.02583328285254538,0.006507145473733544,0.00569480168633163,0.2410242684334366,0.210935104472783
8,5,-0.10167752877966435,-0.12836721460064265,-0.05865920300947111,-0.06784550010816674,-1.1600928973190605,-1.3417687038440629,-0.09761570842364356,-0.3293268529306569,0.1642837143222021,0.09913167951710078,0.839073942800176,0.5063119587476724,-0.008901581168174744,-0.024554714560508728,0.011024340987205505,-0.009419180452823639,0.2919442805582204,-0.2494367567130831,-0.05971799341196288,-0.03301077150347542,0.0014768937774566754,0.021045975140249175,0.005608210007922289,0.07991789945197433,-1.1989031760008353,-1.177446843718709,0.48348720008948787,0.5801518840593729,0.23963568000325475,0.2875465807905676,-0.6588828215503073,-0.6021522612526418,0.4241791327859088,0.5855358537212478,0.2496635621356308,0.34463498012750593,-0.9951321836897398,-0.9781579687848299,-0.07758203900488891,0.04685207672614333,-0.07562365947080792,0.045669404172462624,0.666654483956419,0.6048734578590849,0.014937000414898538,-0.008455356369311495,0.06206199650162838,-0.03513130366447779,-0.004245661199092865,-0.037996113300323486,0.006698474287986755,-0.02437870390713215,0.02715071787783991,-0.09881344371165364,0.9702556505799294,0.9611833244562149,0.13482394069433212,0.14112983271479607,0.6848072074332113,0.7168365360722521,0.008186019258573651,0.008757443749345839,-0.012843851232901216,-0.011381037416867912,-0.47573546031417197,-0.42155292646934955
8,6,-0.029659392063610925,-0.020221855779797876,0.013358933706582313,0.040299858712678036,0.2641973179598109,0.7970033252581175,-0.22879921915554252,-0.4330506371754757,0.033100203590303134,-0.004592104727718038,0.16905825661777568,-0.023454031554708855,-0.01637434959411621,-0.012484520673751831,0.003551572561264038,0.002651013433933258,0.09405199797900786,0.07020358047869181,0.03731604842364433,0.04544704715945691,0.09851093561306389,0.0995037938031815,0.3740756602999364,0.37784584155688095,-2.62558705105358,-2.68385650966552,-0.9431966749632568,-0.9262577818874382,-0.4674861641420798,-0.45909056822976835,-1.3223296925896715,-1.3079821415722772,-0.23926773825345538,-0.12029402659838762,-0.14082832279881036,-0.07080271720803863,-0.8663669259665816,-1.0421077237609997,0.05118321871826925,-0.017097678250026505,0.049891216480226375,-0.016666086819914112,0.8589788873310682,0.7190452182980246,0.20726140378954772,0.10571640406962823,0.8611539237877748,0.43924288125411864,0.045968860387802124,0.07768624275922775,0.056912995874881744,0.09130365215241909,0.230683679319758,0.37007825875402733,0.9558753222227097,0.9512787759304047,0.12044361233711243,0.13122528418898582,0.6117656359321477,0.666528659133509,0.1350831538438797,0.12178321927785873,0.11405328335240483,0.10164473811164498,4.224526605930077,3.764914852811952
8,7,-0.025620708758476773,-0.021097385027275317,0.017397617011716465,0.039424329465200594,0.34406965812867946,0.7796881349847399,-0.33528025026796604,-0.406803430896161,-0.07338082752212038,0.021655101551596667,-0.3747902859936987,0.11060275521285078,-0.04260595887899399,-0.01573149859905243,-0.02268003672361374,-0.0005959644913673401,-0.6006079648655558,-0.015782206380627124,-0.3355981553318096,-0.3707302936562795,-0.27440326814239,-0.3166735470125549,-1.0419917654828628,-1.202504731693311,-2.5640095733656136,-2.5825912612852653,-0.8816191972752905,-0.8249925335071835,-0.43696589238326206,-0.40889944289737207,-1.993786927749838,-1.858230723629816,-0.9107249734136218,-0.6705426086559263,-0.5360349517784573,-0.39466829766294004,-0.7921414983081826,-0.8637616027774565,0.12540864637666826,0.16124844273351668,0.12224299451173873,0.1571780979191474,0.7431574632508909,0.7949070925401831,0.09143997970937046,0.18157827831178674,0.3799255234117543,0.7544426699029693,-0.024654120206832886,0.028987575322389603,-0.013709984719753265,0.04260498471558094,-0.05557025543907753,0.1726894618789506,0.7180844023823738,0.7035086750984192,-0.11734730750322342,-0.11654481664299965,-0.5960386674446687,-0.591962599632451,0.025586375035345554,0.022359682247042656,0.0045565045438706875,0.002221201080828905,0.16877264827305943,0.08227315152417748
8,8,-0.023934769003420647,-0.03000514514007633,0.01908355676677259,0.030516569352399582,0.3774121966359391,0.6035209061832508,-0.17510251256365908,-0.4238664277200396,0.08679691018218658,0.004592104727718094,0.44331250939824635,0.02345403155470914,-0.0033417940139770508,-0.010762125253677368,0.016584128141403198,0.004373408854007721,0.43917739523354243,0.11581569392238851,-0.12154891844839673,-0.1072695093281667,-0.060354031258977175,-0.053212762684442104,-0.22918241466758413,-0.20206486938417367,-2.330524617655481,-2.3113865472163573,-0.6481342415651579,-0.5537878194382755,-0.3212413682970577,-0.27447949121310394,-1.4217574670920867,-1.3581617012936733,-0.3386955127558706,-0.1704735863197837,-0.1993495711083544,-0.10033742709383703,-0.24544489496143446,-0.2551917497955266,0.6721052497234163,0.7698182957154466,0.6551395037506432,0.7503860093947013,0.6799266069375227,0.7057988942709983,0.028209123396002234,0.09247008004260193,0.11720656550096144,0.3842055047668846,0.08996965736150742,-0.10021667927503586,0.10091379284858704,-0.08659926988184452,0.4090307436916719,-0.35101013214391974,0.7548167183995247,0.8169293999671936,-0.08061499148607254,-0.003124091774225235,-0.4094653138939904,-0.015868105862019123,0.004988549277186394,0.0011793728917837143,-0.016041321214288473,-0.018959108274430037,-0.5941695519158707,-0.7022442053032748
8,9,-0.01742077112382978,-0.03353238871646824,0.025597554646363457,0.02698932577600767,0.5062384043845282,0.5337632209411609,-0.27212868613299723,-0.2792062952677461,-0.010229263387151577,0.14925223718001157,-0.052245643444395834,0.7623011425025631,-0.04018566012382507,-0.033361613750457764,-0.020259737968444824,-0.018226079642772675,-0.5365141220105685,-0.4826592097324888,-0.051237502948766556,-0.07510272178397377,0.009957384240652997,-0.021045975140249175,0.03781118371784594,-0.07991789945197433,-2.193550076166027,-2.2490919496136286,-0.5111597000757038,-0.4914932218355468,-0.25335128271281876,-0.24360378601491872,-1.9735312097777842,-1.9876960083484736,-0.8904692554415681,-0.800007893374584,-0.5241128313542306,-0.4708690384760852,-0.6719466617630083,-0.7640601423967526,0.24560348292184253,0.2609499031142206,0.23940378978896637,0.25436282501941704,0.6367804831266218,0.6217841705977079,-0.014937000414898649,0.008455356369311495,-0.06206199650162884,0.03513130366447779,0.017128601670265198,-0.02020091935992241,0.028072737157344818,-0.0065835099667310715,0.11378635400374172,-0.026684736563553406,0.8216182440519333,0.8402290940284729,-0.01381346583366394,0.020175602287054062,-0.07016232364822987,0.10247733295234734,0.03809605911374092,0.037078797817230225,0.017066188622266054,0.016940316651016474,0.6321305777214518,0.6274682876421587
8,10,-0.09849582827758055,-0.09301110674928419,-0.05547750250738731,-0.032489392256808275,-1.0971689576046402,-0.6425370830430586,-0.3547278387584921,-0.5841930489778543,-0.09282841601264646,-0.15573451653009662,-0.47411823715444107,-0.7954091819393908,-0.016400709748268127,-0.013308197259902954,0.0035252124071121216,0.001827336847782135,0.09335393391801625,0.04839115027214978,-0.056647794175574626,-0.0022067953797557504,0.004547093013844927,0.051849951263968845,0.017266680201682087,0.19688986440827713,-1.5178774939562478,-1.5339243604199457,0.16451288213407533,0.22367436735813606,0.08153919353438452,0.11086200236788883,-0.9265180258196355,-0.885782224586631,0.1565439285165806,0.30190589038725857,0.0921387022682258,0.17769591712059868,-1.4086258687658813,-1.361436471190026,-0.4910757240810304,-0.3364264256790528,-0.478679650710702,-0.32793411695367436,0.4946640922422854,0.5198559892888371,-0.15705339129923507,-0.09347282493955922,-0.6525438006723258,-0.38837182655562313,-0.20908662676811218,0.04744698479771614,-0.19814249128103256,0.06106439419090748,-0.803124808589891,0.24751041323424028,0.8594365045428276,0.8075979426503181,0.024004794657230377,-0.012455549091100693,0.12192683517161632,-0.06326509777267264,0.02467445470392704,0.02224629372358322,0.0036445842124521732,0.0021078125573694706,0.13499517524176807,0.07807324758382847
8,11,-0.053401897696104914,-0.19613728526325783,-0.010383571925911675,-0.1356155707707819,-0.20535410339800902,-2.682045652608893,-0.3769747867138935,-0.5091787160353485,-0.11507536396804785,-0.08072018358759081,-0.5877438294002953,-0.4122758180007894,-0.02799120545387268,-0.014539569616317749,-0.008065283298492432,0.0005959644913673401,-0.21358313687950073,0.015782206380627124,-0.2521217000673397,-0.2749377974863511,-0.19092681287792013,-0.22088105084262652,-0.7250065503062684,-0.8387518038224985,-1.4034250961132597,-1.5314238055665619,0.27896527997706344,0.2261749222115199,0.13826639992171205,0.11210137781064133,-1.0611079752641954,-1.1172295568248818,0.02195397907202068,0.07045855814900781,0.01292168377584522,0.04147053273198199,-0.8762232772409538,-1.0079123672609467,0.04132686744389702,0.017097678250026505,0.04028366604769883,0.016666086819914168,0.45550683989595353,0.3736291573314602,-0.19621064364556695,-0.23969965689693618,-0.8152389329364655,-0.9959321720940197,-0.017642609775066376,-0.007033899426460266,-0.006698474287986755,0.0065835099667310715,-0.02715071787783991,0.026684736563553406,0.8231009542942047,0.7850705534219742,-0.012330755591392517,-0.034982938319444656,-0.06263123788398475,-0.17768779175992658,0.0024000632110983133,0.0028703968273475766,-0.018629807280376554,-0.017268084338866174,-0.6900469167215881,-0.6396087826562905
9,0,-0.03140192392377763,-0.06465782078217434,0.004486699149610564,0.002815203263397445,0.08873267192243112,0.05567578730739838,-0.17384589367579426,-0.37073537972686743,-0.0236140139638307,-0.10037769474112368,-0.120607839211072,-0.5126759426101231,-0.02104678750038147,-0.011106699705123901,-0.009144164621829987,-0.003383815288543701,-0.2421538452887409,-0.08960948514766605,-0.10478725522189138,-0.1010697108890902,-0.04256224616344871,-0.028584947813152517,-0.16162165386366611,-0.10854564684924405,-2.3393511524269153,-2.3894194137084432,0.4783967137147256,0.4135670230521251,0.2371126304504689,0.20498043128685614,-1.6120387699412535,-1.5915007593331298,0.4896392692067879,0.46699491884088284,0.28819212135395905,0.27486409850316845,-0.9325461689908638,-1.131055963269881,-0.08489385761526425,-0.23551834636500146,-0.0827509080942747,-0.22957322923044474,0.6353577331240472,0.6545542937047428,-0.10770476367598314,-0.010073510979255351,-0.4475043503246084,-0.041854601713078095,0.03725007176399231,-0.08062182553112507,0.03897441737353802,-0.05355288926512003,0.1579737959821524,-0.21706426351268102,0.8168299421668053,0.8506766185164452,-0.023315608501434326,-0.024221748113632202,-0.11842627255401465,-0.12302880037050004,0.021427495405077934,0.018737539649009705,0.0006398390978574753,-0.0021779052913188934,0.023699600861654707,-0.08066947814158269
9,1,-0.0463314154894116,-0.05000093533163627,-0.01044279241602341,0.01747208871393552,-0.20652529677312673,0.3455424720839191,-0.1200005320469246,-0.2891560075640784,0.03023134766503896,-0.018798322578334636,0.15440566453055296,-0.09601184578099807,-0.01606409251689911,-0.0008604824542999268,-0.004161469638347626,0.0068624019622802734,-0.11020316416575549,0.18172868619578814,0.03047040178225826,-0.049168841345991934,0.09269541084070093,0.023315921729945746,0.3519923630936533,0.08853756958404571,-2.8407212564655193,-2.834102401044337,-0.022973390323878462,-0.031115964283768616,-0.011386535178643513,-0.015422321953337688,-2.3422656352847273,-2.2996921711898644,-0.2405875961366859,-0.24119649301585167,-0.14160516539942558,-0.14196355022337337,-0.20673860871614608,-0.2983443350938647,0.6409137026594536,0.5971932818110147,0.6247353153097575,0.5821185155894716,0.7925047498758873,0.6626789454298573,0.04944225307585692,-0.0019488592541409,0.20542845632955017,-0.008097348386763112,-0.11419549584388733,0.015986420214176178,-0.11247115023434162,0.04305535648018122,-0.45587582158601475,0.17451493977064558,0.886845126748085,0.8961729779839516,0.04669957607984543,0.021274611353874207,0.23719975932210804,0.10805949681817864,0.032955337315797806,0.037725916132330894,0.012167681008577347,0.016810471192002296,0.4506901567610265,0.622658819820266
9,2,-0.02831459892609049,-0.07028822730896922,0.007574024147297704,-0.002815203263397431,0.1497901636335639,-0.055675787307398104,-0.14972944794718523,-0.3507440981108355,0.0005024317647783216,-0.08038641312509176,0.002566154555245668,-0.4105710957821887,-0.007204174995422363,0.004331320524215698,0.00469844788312912,0.012054204940795898,0.12442330916399973,0.31921692128592755,0.02258359203113247,-0.05043309372236168,0.08480860108957514,0.022051669353575998,0.3220437736608968,0.08373682295086116,-2.7947744758177624,-2.7718704724767997,0.022973390323878462,0.031115964283768616,0.011386535178643513,0.015422321953337688,-2.0491541943005904,-2.030071249373586,0.052523844847450984,0.028424428800426504,0.030914510375719812,0.01673006425228102,-0.6412586170788763,-0.865595780005394,0.20639369429672327,0.029941836899485375,0.2011837617909716,0.029186024325481674,0.5272926659983327,0.6925311970344467,-0.21576983080169765,0.027903392350448475,-0.8965057315667797,0.11593627839159835,0.05071071907877922,0.08768763020634651,0.05243506468832493,0.11475656647235155,0.21253341985834173,0.46513922827295623,0.8709782063961029,0.899573989212513,0.030832655727863312,0.024675622582435608,0.156607385587531,0.12533415137793844,0.020147817209362984,0.028486886993050575,-0.0006398390978574753,0.007571442052721977,-0.023699600861654707,0.2804457483100367
9,3,-0.05795173889489222,-0.11544157410306333,-0.022063115821504026,-0.04796855005749154,-0.43633841995981437,-0.9486657056592608,-0.24868192370199776,-0.4387398363057301,-0.09845004399003421,-0.16838215131998635,-0.5028305265703679,-0.8600065818340391,-0.0037377476692199707,-0.003128141164779663,0.008164875209331512,0.004594743251800537,0.21622050892678027,0.12167702491726644,-0.07225106852823543,-0.12128388228365859,-0.010026059469792764,-0.04879911920772091,-0.03807196422436364,-0.1853049372242761,-2.6751178338283768,-2.6604654673316572,0.1426300323132641,0.14252096942891113,0.07069317404048972,0.07063911809350662,-1.8149678641457176,-1.728453854489211,0.28671017500232376,0.3300418236848017,0.16875201550223018,0.1942561785482171,-0.8621925204960894,-0.9254794538043647,-0.014540209120489811,-0.029941836899485264,-0.014173175096531864,-0.029186024325481515,0.6597842616078389,0.6604898783104562,-0.08327823519219146,-0.004137926373541934,-0.34601415261423346,-0.01719274050917268,-0.19428101181983948,-0.27958871610462666,-0.19255666621029377,-0.2525197798386216,-0.7804839572422066,-1.0235305841613196,0.737869169563055,0.8326672092080116,-0.10227638110518456,-0.042231157422065735,-0.5194893619806553,-0.21450345414872565,0.06508091278374195,0.05572130344808102,0.04429325647652149,0.03480585850775242,1.6406194977323667,1.2892068600420303
9,4,-0.03044362521526471,-0.0756173151333634,0.005444997858123482,-0.008144291087791605,0.1076847794898723,-0.16106823413745447,-0.1310767637152434,-0.25155936240740906,0.01915511599672015,0.018798322578334692,0.09783415702812959,0.09601184578099836,-0.021940872073173523,-0.02315133810043335,-0.01003824919462204,-0.01542845368385315,-0.26583080499680095,-0.4085730671870381,-0.10724167746306917,-0.09156249197720348,-0.04501666840462651,-0.0190777289012658,-0.1709418335453387,-0.07244387632044565,-1.1961953661496825,-1.1693256656736843,1.6215524999919584,1.633660771086884,0.803706563327072,0.8097079089200043,-0.5729961237078052,-0.4956305755789658,1.5286819154402362,1.5628651025950469,0.8997523519709716,0.9198719090415133,-0.9966184069736966,-0.993207614026043,-0.14896609559809704,-0.09766999712116353,-0.14520579029247235,-0.09520454344259004,0.8341919243281942,0.6278819071921372,0.09112942752816389,-0.03674589749186097,0.3786352048840537,-0.1526761530591121,0.09344024211168289,0.14327488839626312,0.0951645877212286,0.17034382466226816,0.3857276690326134,0.6904493361916769,0.9603560492396355,0.9576169922947884,0.12021049857139587,0.082718625664711,0.6105815881577504,0.4201502400274024,0.02291496330872178,0.021788276731967926,0.002127307001501322,0.000872831791639328,0.07879532059639015,0.032329635920158806
9,5,-0.009027567941056872,-0.015886517916491164,0.02686105513233132,0.051586506129080625,0.531226434639454,1.020217396206185,-0.22259314646418848,-0.24916861818671676,-0.07236126675222493,0.02118906679902699,-0.3695829111869498,0.1082224972613315,-0.015385627746582031,-0.02547016739845276,-0.003483004868030548,-0.01774728298187256,-0.0922362027406512,-0.4699798172080387,-0.0521989495886499,-0.045527172575076574,0.010026059469792764,0.026957590500861106,0.03807196422436364,0.10236608153143571,-3.3583490399978375,-3.4200335271151,-0.5406011738561967,-0.6170470903545318,-0.26794365990166796,-0.30583332726030726,-2.197016144427283,-2.1918973377936246,-0.09533810527924169,-0.13340165961961192,-0.05611414879121556,-0.0785176142840746,-0.9871685192924464,-1.1586995427037041,-0.13951620791684682,-0.2631619257988247,-0.1359944432176782,-0.2565190102961621,0.9020962722962217,0.5862519867390226,0.15903377549619135,-0.07837581794497561,0.6607721325789642,-0.3256450160007831,-0.040698762983083725,0.006558157503604889,-0.03897441737353802,0.03362709376960993,-0.1579737959821524,0.13629965522563078,0.8634611591696739,0.8839547261595726,0.023315608501434326,0.00905635952949524,0.11842627255401465,0.04599969595136977,0.014885418117046356,0.02004261314868927,-0.005902238190174103,-0.000872831791639328,-0.21861853982655502,-0.032329635920158806
9,6,-0.09558234764884871,-0.12553845298522298,-0.059693724575460516,-0.05806542893965119,-1.180552451135943,-1.148349930390255,-0.18852883076037338,-0.24993737235478483,-0.03829695104840983,0.02042031263095892,-0.19560048204407945,0.10429610934451185,0.0016603469848632812,-0.008842259645462036,0.013562969863414764,-0.001119375228881836,0.35917171680401294,-0.02964305950349947,-0.0031054334951368667,-0.047608488076749216,0.0591195755633058,0.024876274999188465,0.2244948149955732,0.09446270039171341,-2.999527471386047,-3.0878086023289963,-0.18177960524440628,-0.284822165568428,-0.09009727518206045,-0.14116930771560635,-2.3166924089772043,-2.303201325622675,-0.2150143698291629,-0.2447056474486624,-0.12655326330960898,-0.1440289700615099,-0.8331121022551098,-0.8067960325210887,0.014540209120489811,0.08874158438379076,0.014173175096531918,0.08650150788015334,0.6753476881160015,0.719436379278217,-0.0677148086840288,0.05480857459421884,-0.2813494077073824,0.22772507667154354,0.10697633773088455,-0.06320652179419994,0.10870068334043026,-0.036137585528194904,0.44059310517879985,-0.14647535353266555,0.7836974859237671,0.8658420071005821,-0.056448064744472504,-0.00905635952949524,-0.2867149660779526,-0.04599969595136977,0.04372166469693184,0.04107267037034035,0.02293400838971138,0.02015722543001175,0.849474261285407,0.7466223911125962
9,7,-0.018513645154682495,-0.04275979690295536,0.017374977918705698,0.02471322714261643,0.34362192870761493,0.4887492125208886,-0.11750717698484447,-0.1735719500297515,0.03272470272711908,0.09678573495599224,0.16714039768028677,0.4943301201302463,-0.005124896764755249,0.008717596530914307,0.006777726113796234,0.016440480947494507,0.17948631817623759,0.4353733604410273,-0.1310910177872197,-0.10659666887138763,-0.06886600872877705,-0.034111905795449954,-0.261504954014691,-0.12953316913609703,-2.8738833318625767,-2.8949209397107407,-0.05613546572093586,-0.09193450295017236,-0.027822992000297097,-0.045566433043414886,-2.262818857770854,-2.273786523069842,-0.1611408186228127,-0.21529084489582928,-0.0948443421028171,-0.1267159911400241,-0.9845621888024436,-1.1574585512311333,-0.13690987742684402,-0.26192093432625385,-0.1334539035261146,-0.25530934478940787,0.9729764323439225,0.6665766639381392,0.22991393554389217,0.001948859254141011,0.9552733123826167,0.008097348386763575,-0.04409027053043246,-0.08096463698893785,-0.042365924920886755,-0.053895700722932816,-0.17172048823471095,-0.21845377055207632,0.7608907222747803,0.7782514318823814,-0.07925482839345932,-0.09664693474769592,-0.4025566781998452,-0.4908958835552845,0.015801405534148216,0.014248177409172058,-0.004986250773072243,-0.00666726753115654,-0.18469042219150592,-0.2469551795996643
9,8,-0.1038097833135867,-0.19592056909713046,-0.06792116024019851,-0.12844754505155867,-1.3432650211698556,-2.540284849562718,-0.1087755555117915,-0.21594291174617591,0.04145632420017206,0.05441477323956784,0.21173688179717348,0.2779217557691368,-0.018362373113632202,-0.006603509187698364,-0.006459750235080719,0.001119375228881836,-0.17106574779890565,0.02964305950349947,-0.20601898445407724,-0.2231664394000485,-0.14379397539563457,-0.1506816763241108,-0.5460289861072191,-0.572183658750756,-1.7163692812332394,-1.7836275479523862,1.1013785849084015,1.0193588888081822,0.5458874735188376,0.5052352170682046,-1.289997321711561,-1.3224582775404532,0.8116807174364804,0.7360374006335595,0.47773943499072574,0.4332172544658694,-0.12194888103377233,-0.2322247624335624,0.7257034303418273,0.663312854471317,0.7073847219909907,0.6465690522259597,0.7768236151796801,0.6735767000019357,0.03376111837964979,0.008948895317937522,0.14027464367470993,0.03718191701737658,0.07399378716945648,-0.07131179049611092,0.07571813277900219,-0.04424285423010588,0.30690595692909467,-0.1793281875346322,0.92335294932127,0.9253384172916412,0.0832073986530304,0.05044005066156387,0.4226328500406985,0.2561986399332961,-0.001608863938599825,0.004686048254370689,-0.022396520245820284,-0.01622939668595791,-0.8295657334684213,-0.6011358558278362
9,9,-0.04037532222299876,-0.05498388531877352,-0.004486699149610564,0.012489138726798271,-0.08873267192243112,0.24699553330534968,-0.19678947685958886,-0.32382249221654713,-0.04655759714762531,-0.05346480723080338,-0.23779147414054252,-0.27306983403247065,-0.008419618010520935,-0.013834282755851746,0.003483004868030548,-0.006111398339271545,0.0922362027406512,-0.16184076612234738,-0.11707093731148438,-0.14230302310341003,-0.054845928253041715,-0.06981826002747235,-0.2082664903986431,-0.2651209386880076,-2.094044558901503,-2.14634541431011,0.7237033072401378,0.6566410224504584,0.35869643316099337,0.32545767065565245,-1.6373703477036625,-1.570185784622491,0.4643076914443789,0.48830989355152177,0.2732824488834116,0.2874096767784084,-1.2841663161696646,-1.4512797250020362,-0.436514004794065,-0.5557421080971567,-0.42549521611187335,-0.5417136810967281,0.7093013784203805,0.6942556955002686,-0.03376111837964979,0.029627890816270375,-0.14027464367470993,0.1231014263316193,-0.06856613233685493,0.0939810648560524,-0.06684178672730923,0.12105000112205744,-0.27092773904329803,0.49064821155937904,0.7600903734564781,0.7742443457245827,-0.08005517721176147,-0.10065402090549469,-0.4066218660026299,-0.5112489563666461,0.013740872032940388,0.01225596759468317,-0.007046784274280071,-0.008659477345645428,-0.26101245644076526,-0.32074650869186505
9,10,-0.024489464162904637,-0.05156071462697573,0.011399158910483556,0.01591230941859606,0.2254391912779329,0.3146949871357095,-0.15073431147674188,-0.45248709888101185,-0.0005024317647783216,-0.1821294138952681,-0.002566154555245668,-0.9302202963178007,0.01826426386833191,0.01500082015991211,0.030166886746883392,0.02272370457649231,0.798873153345072,0.6017643677659154,-0.03306762851494807,-0.05049388924043383,0.029157380543494593,0.021990873835503848,0.11071934614716859,0.08350596407793923,-3.1929769106551187,-3.1352386616833847,-0.3752290445134778,-0.33225222492281636,-0.1859785889312395,-0.1646775505892127,-2.1542018839954924,-2.0869201069744396,-0.052523844847450984,-0.02842442880042695,-0.030914510375719812,-0.01673006425228128,-0.7282442473271659,-0.8493526417123354,0.11940806404843374,0.04618497519254405,0.11639388303648658,0.045019142077569935,0.6062017034902604,0.5059484241730233,-0.13686079330976997,-0.15867938051097485,-0.5686452326217415,-0.6592996508408796,0.12113532237708569,0.005835534073412418,0.1228596679866314,0.03290447033941746,0.4979832780805778,0.1333706681098245,0.7987511679530144,0.8200732842087746,-0.04139438271522522,-0.054825082421302795,-0.2102532494203136,-0.2784714005307691,0.010640444234013557,0.011818904429674149,-0.010147212073206902,-0.00909654051065445,-0.37585211156811105,-0.33693530146293865
9,11,-0.046680680591563745,-0.08504760996321258,-0.010792057518175552,-0.017574585917640786,-0.2134326522007601,-0.34756954152764047,-0.14164537958634002,-0.24976165051540816,0.008586500125623536,0.02059603447033559,0.043855281364839876,0.10519360315398774,-0.01805412769317627,-0.01918870210647583,-0.006151504814624786,-0.01146581768989563,-0.1629028573717306,-0.3036353737945114,0.017149801757891145,-0.053407034174671894,0.07937481081633381,0.019077728901265786,0.301410037195556,0.07244387632044559,-3.2025070774809055,-3.171511896587595,-0.3847592113392646,-0.36852545982702667,-0.1907021224754971,-0.1826560230504886,-2.2399965745838344,-2.1954378553697445,-0.13831853543579298,-0.13694217719573176,-0.08141159146485656,-0.08060149385649107,-0.38457478904291675,-0.508107949950822,0.46307752233268284,0.38742966695405745,0.4513881989524079,0.37764989910584684,0.8665776888825374,0.9356070343370483,0.12351519208250705,0.2709792296530501,0.513195367610531,1.1258961997461914,-0.042893558740615845,-0.0599734066054225,-0.04116921313107014,-0.03290447033941746,-0.16686989348887948,-0.1333706681098245,0.9136308431625366,0.914395660161972,0.07348529249429703,0.039497293531894684,0.37325164715755726,0.20061742110081876,0.027994271367788315,0.02992423251271248,0.007206615060567856,0.00900878757238388,0.2669325789420456,0.3336849380224832
10,0,-0.06830523305154015,-0.06937738739131459,-0.009808350292145399,0.017343720037133123,-0.1939780447834933,0.343003746998059,-0.16539769547538158,-0.4688404022820838,0.06386731732269835,-0.1524166646881474,0.326200329613464,-0.7784633572230639,0.0006573647260665894,0.010743945837020874,-0.005916386842727661,-0.005729645490646362,-0.15667651266491528,-0.15173126743464566,-0.0601492337780634,-0.07994492492098973,-0.003390897885957686,0.013821756967554139,-0.012876259450844824,0.05248536958832211,-2.8599297703004147,-2.896514575371679,0.06704816530273483,0.08497794916642443,0.03323176432037426,0.04211848551525054,-2.1925770417595656,-2.2471299627841166,0.033952754415293995,0.005614197391905051,0.01998392885563503,0.003304407056023257,0.039764782305248235,-0.10532520222799666,0.1622884845089724,0.15099756844264048,0.15819188624014682,0.14718598329320376,0.7413036197595666,0.7415007329450984,-0.014569173656507783,0.07194945577325085,-0.060533706861247635,0.29894401475946475,-0.047021426260471344,-0.09065210074186325,-0.06695469468832016,-0.050116078928112984,-0.271385385376444,-0.2031339468692223,0.7956432849168777,0.7865725606679916,-0.03276921808719635,-0.08627402409911156,-0.1664437088286813,-0.43820906890182515,0.004467884078621864,0.010044129565358162,-0.020667041651904583,-0.01930297166109085,-0.7655059526394167,-0.714980884012167
10,1,-0.03979560410980887,-0.11117555870736798,0.018701278649585887,-0.024454451278920264,0.3698519485282859,-0.48363144708818995,-0.09633948303250284,-0.29475766294309774,0.1329255297655771,0.02166607465083864,0.6789129940199534,0.1106587999747049,0.05620157718658447,0.041688472032547,0.04962782561779022,0.02521488070487976,1.3142336455729682,0.6677351703190975,0.023997083289748998,-0.03551418163842925,0.08075541918185472,0.058252500250114615,0.30665262252614706,0.22120226916506996,-3.540887447689574,-3.5197487839001873,-0.6139095120864244,-0.5382562593620839,-0.3042782174214073,-0.2667814260736738,-2.68903671362954,-2.677521654567749,-0.46250691745468053,-0.4247774943917273,-0.27222254844484806,-0.25001574610322175,0.03535455501316418,-0.12202014665480362,0.15787825721688836,0.1343026240158335,0.15389298495831263,0.1309124642105543,0.5930217051794138,0.6503814404752786,-0.1628510882366606,-0.01916983669656902,-0.676632750063337,-0.07964907979868562,0.025477804243564606,-0.315288532525301,0.00554453581571579,-0.2747525107115507,0.022473494892121627,-1.1136458219950178,0.8040288239717484,0.8255150094628334,-0.024383679032325745,-0.04733157530426979,-0.12385129124012259,-0.2404098540704823,0.023642387241125107,0.0192183218896389,-0.0014925384894013405,-0.010128779336810112,-0.055283533919566905,-0.375169364144806
10,2,-0.06308169218445007,-0.11702236990546999,-0.0045848094250553195,-0.030301262477022278,-0.09067298184582201,-0.599262819403094,-0.25186570450702517,-0.24256145468584778,-0.022600691708945242,0.0738622829080886,-0.11543232742500205,0.37724930434894743,0.05287545919418335,0.0488242506980896,0.0463017076253891,0.03235065937042236,1.2261520880930012,0.8567033609032136,-0.023791321455231565,-0.030574787339296618,0.03296701443687415,0.06319189454924726,0.12518567219816176,0.23995863537386633,-3.6249922712456355,-3.659679138445761,-0.6980143356424859,-0.6781866139076578,-0.3459639468071702,-0.33613653135550686,-2.6329092600160937,-2.6606000329384036,-0.40637946384123413,-0.407855872762382,-0.23918702425321361,-0.24005600974055166,0.6239461887142097,0.43661708991268555,0.7464698909179339,0.6929398605833227,0.7276269811938261,0.6754481929406382,0.7957547556024027,0.6601407723971602,0.039881962186328335,-0.009410504774687412,0.16570624147651514,-0.03909986598264244,0.06123703718185425,0.09595028683543205,0.04130376875400543,0.13648630864918232,0.16741528361805336,0.5532157176400074,0.8165008276700974,0.8691780343651772,-0.011911675333976746,-0.0036685504019260406,-0.06050261607324909,-0.018633558277061767,0.012541450560092926,0.016380973160266876,-0.012593475170433521,-0.012966128066182137,-0.4664615463478847,-0.4802645867040545
10,3,-0.06289867660435003,-0.141804524493442,-0.0044017938449552735,-0.05508341706499428,-0.08705351441905676,-1.0893751980715765,-0.354905604942396,-0.3641820210473055,-0.12564059214431605,-0.04775828345336913,-0.6417054025179956,-0.2439239419678206,0.011553585529327393,0.00894559919834137,0.004979833960533142,-0.007527992129325867,0.13187491611466975,-0.19935470508347197,-0.14611217983042396,-0.15569579994025598,-0.08935384393831824,-0.06192911805171211,-0.3393034282290508,-0.23516349309664633,-2.19827074300167,-2.1101794828890252,0.7287071926014796,0.8713130416490782,0.36117655977241464,0.43185774761490076,-1.355746438375343,-1.359705846673831,0.8707833577995165,0.8930383135021907,0.5125260960594686,0.5256249288082844,0.007435132713879058,-0.15134024447724506,0.12995883491760324,0.10498252619339207,0.12667832404369334,0.10233248459394016,0.6690175460184331,0.678961781946535,-0.08685524739764128,0.009410504774687412,-0.3608763413278044,0.03909986598264244,0.046784497797489166,0.19299044460058212,0.02685122936964035,0.2335264664143324,0.10883525440946139,0.9465455765047093,0.7357376925647259,0.764660470187664,-0.09267481043934822,-0.10818611457943916,-0.4707203914196247,-0.5495064943707709,0.023412121459841728,0.024333671666681767,-0.001722804270684719,-0.005013429559767246,-0.06381256430671707,-0.18569712278034536
10,4,-0.03831381526564947,-0.05952205539338102,0.020183067493745287,0.027199052035066694,0.39915702983255097,0.5379109408390326,-0.19752773811622346,-0.24436232920434586,0.03173727468185647,0.07206140838959052,0.1620971397615802,0.36805139395984476,0.03699067234992981,0.059458911418914795,0.03041692078113556,0.04298532009124756,0.8054945020796163,1.1383282105631911,-0.005779882070703415,-0.017324856064984122,0.0509784538214023,0.07644182582355974,0.19358052642210383,0.29027261076676597,-3.6991451259436743,-3.6843373992084008,-0.7721671903405247,-0.7028448746702973,-0.3827170806160034,-0.3483581560116695,-3.0469363772889464,-3.010368348992328,-0.8204065811140868,-0.7576241888163064,-0.48287530811619767,-0.44592281684791163,-0.1846913767697217,-0.34111411161666505,-0.06216767456599752,-0.08479134094602792,-0.060598395089548264,-0.08265097922176953,0.8750987485792509,0.6307428011453776,0.11922595516317647,-0.038808476026469974,0.4953739443469528,-0.1612459956140845,0.013555865734815598,-0.010990381240844727,-0.006377402693033218,0.02954564057290554,-0.02584932834965952,0.11975642769185245,0.8861093744635582,0.9095156714320183,0.0576968714594841,0.036669086664915085,0.29305799265562693,0.1862521945939722,0.03535120002925396,0.035701677203178406,0.010216274298727512,0.006354575976729393,0.3784101721569947,0.23537310364096053
10,5,-0.05504452523839742,-0.1756451475197056,0.0034523575209973387,-0.0889240400912579,0.0682766766958698,-1.7586353379899733,-0.22789119435120045,-0.28787945799126186,0.0013738184468794767,0.028544279602674527,0.007016734833825159,0.14578901706369526,0.035622864961624146,0.03833627700805664,0.029049113392829895,0.021862685680389404,0.7692725143540409,0.5789630463570867,0.0006008126979053215,-0.03957015516164393,0.05735914859001104,0.05419652672689994,0.21780994413989813,0.20580051742640937,-3.449013381574384,-3.4290279853219596,-0.5220354459712344,-0.4475354607838562,-0.25874173930140215,-0.22181655367641467,-2.474662857779351,-2.5052713809742295,-0.24813306160449144,-0.2525272207982079,-0.14604627916730756,-0.14863259554192276,0.3888111290728093,0.21303898542079697,0.5113348312765335,0.4693617560914341,0.4984273634981781,0.4575138017324124,0.5729895169502368,0.4568603219977093,-0.18288327646583757,-0.21269095517413827,-0.7598648288787803,-0.8837132589739591,0.014388732612133026,-0.3577076122164726,-0.00554453581571579,-0.31717159040272236,-0.022473494892121627,-1.2855817608099382,0.8741979748010635,0.896630272269249,0.04578547179698944,0.023783687502145767,0.23255677679228748,0.12080377221531037,0.02504424937069416,0.029865536838769913,-9.067635983228683e-05,0.0005184356123209,-0.0033586467954349166,0.019202823218548867
10,6,-0.06316596423661071,-0.07760207859098474,-0.004669081477215953,0.009119028837462975,-0.0923396156242978,0.18034545377441313,-0.278408405464157,-0.29202175676618286,-0.04914339266607709,0.024401980827753522,-0.25099834403567456,0.12463235537224733,-0.010752737522125244,-0.004277259111404419,-0.017326489090919495,-0.020750850439071655,-0.458836441844363,-0.5495196592192524,-0.16619531640322258,-0.17864515777796505,-0.10943698051111686,-0.08487847588942118,-0.4155651399629831,-0.3223091092982864,-2.1710547384305934,-2.2208652841113814,0.7559231971725562,0.760627240426722,0.374665905014966,0.37699741783219903,-1.6303369249108686,-1.5736669967356964,0.596192871263991,0.6790771634403252,0.3509074927426092,0.39969157010616546,-0.3011674256018012,-0.34626438523827263,-0.17864372339807705,-0.0899416145676355,-0.1741342748674349,-0.08767124607138653,0.7704419670725822,0.7174494335109196,0.014569173656507783,0.04789815633907202,0.060533706861247635,0.19901286259488457,0.21302230656147003,0.1399933621287346,0.19308903813362122,0.18052938394248486,0.7826418038315813,0.7317341474122174,0.7715906277298927,0.7793901488184929,-0.056821875274181366,-0.0934564359486103,-0.28861365071541933,-0.47469047847908735,0.026470288634300232,0.028828665614128113,0.0013353629037737846,-0.0005184356123209,0.04946175988755917,-0.019202823218548867
10,7,-0.019707697168777634,-0.05406552063810974,0.03878918559061712,0.032655586790337976,0.7671270045929576,0.645823883545444,-0.3011097330124357,-0.21667059560455115,-0.07184472021435578,0.09975314198938523,-0.36694466586873414,0.5094860589259735,-0.04129406809806824,-0.015437662601470947,-0.04786781966686249,-0.031911253929138184,-1.2676255379574553,-0.8450671183760678,-0.05336743800614803,-0.06578171835245306,0.003390897885957686,0.027984963536090812,0.012876259450844824,0.10626732603932908,-2.482584911814536,-2.4637649107330564,0.44439302378861356,0.5177276138050471,0.22025903565715177,0.25660660461677526,-1.6241296192715835,-1.5795933777968505,0.6024001769032761,0.6731507823791711,0.35456099174193567,0.3962034178328955,-0.3495231948186954,-0.44880389398040754,-0.22699949261497127,-0.1924811233097704,-0.22126941428387825,-0.1876223815517326,0.8645413534903821,0.9311281487128036,0.1086685600743077,0.261576871540956,0.45150884433543,1.086830182470205,-0.1511563854292035,0.04750550538301468,-0.17108965385705233,0.08804152719676495,-0.6934723825126814,0.3568559889437111,0.87439876049757,0.8765151351690292,0.04598625749349594,0.0036685504019260406,0.23357662157214656,0.018633558277061767,0.051779089495539665,0.054545776918530464,0.026644163765013218,0.02519867569208145,0.9868981883692793,0.9333573989841389
10,8,-0.03532836561227401,-0.05161683159250314,0.023168517147120746,0.035104275835944575,0.4581997505054745,0.6942511826530118,-0.3253861131001873,-0.33908763738803316,-0.09612110030210735,-0.022663899794096776,-0.49093551938203656,-0.11575516074687917,-0.01982004940509796,-0.034617602825164795,-0.026393800973892212,-0.05109119415283203,-0.6989550890581665,-1.35298626349817,-0.11921584466216065,-0.1303691114337338,-0.06245750877005493,-0.03660242954518994,-0.23716995162462964,-0.1389904371071984,-1.8729667807495178,-1.9558911329516038,1.0540111548536317,1.0256013915864997,0.5224102722421948,0.508329252231757,-0.9332552287007504,-1.037872390602598,1.2932745674741093,1.2148717695734237,0.7611961795819143,0.7150498223183555,-0.5719357574556689,-0.6996615127133792,-0.4494120552519448,-0.44333874204274204,-0.43806768505152743,-0.43214767861855186,0.9184186786099355,0.8367249464257828,0.16254588519386115,0.16717366925393518,0.675364656761578,0.694592715285305,0.11927236616611481,0.1563048455864191,0.09933909773826599,0.19684086740016937,0.40264808088730514,0.7978489769224089,0.9117562472820282,0.9124692231416702,0.0833437442779541,0.03962263837456703,0.4233253862933024,0.20125408140932594,0.08361544646322727,0.09064977988600731,0.058480520732700825,0.061302678659558296,2.1661148938657973,2.270647450033497
10,9,-0.0619492402803921,-0.0958401362659107,-0.0034523575209973456,-0.009119028837462989,-0.06827667669586994,-0.1803454537744134,-0.15313860319302025,-0.506270515223558,0.07612640960505968,-0.18984677762962165,0.3888132607792283,-0.9696364906942389,0.0015939176082611084,0.005937129259109497,-0.004979833960533142,-0.01053646206855774,-0.13187491611466975,-0.2790243735933099,-0.13162023411260662,-0.1643094401226769,-0.0748618982205009,-0.07054275823413303,-0.2842731503245087,-0.26787207634958893,-1.4250469907860261,-1.4728341190348189,1.5019309448171234,1.5086584055032846,0.7444173149000965,0.7477517146854993,-0.7028221841161703,-0.6632155990802237,1.5237076120586894,1.5895285610957979,0.8968245740455848,0.9355655005306376,-0.48477978847759223,-0.6719052444364999,-0.36225608627386807,-0.41558247376586277,-0.35311176737538813,-0.4050920532795628,0.7877208177588647,0.7310964197125909,0.031848024342790326,0.06154514254074328,0.1323258967961577,0.2557149571507041,0.07777529954910278,-0.07008166238665581,0.05784203112125397,-0.02954564057290554,0.2344493090420455,-0.11975642769185245,0.9350051879882812,0.9474251940846443,0.10659268498420715,0.07457860931754112,0.5414130351102515,0.3788048985809301,0.03805468278005719,0.037225913256406784,0.012919757049530745,0.007878812029957771,0.4785470070971391,0.2918307133766242
10,10,-0.062196197174921676,-0.11542935497536545,-0.0036993144155269206,-0.02870824754691774,-0.07316070042257272,-0.5677580390630148,-0.2306388312449594,-0.3380898122447751,-0.0013738184468794767,-0.021666074650838696,-0.007016734833825159,-0.11065879997470518,0.05424115061759949,0.06616276502609253,0.04766739904880524,0.04968917369842529,1.2623180412811765,1.3158582525481533,0.007157432835350613,-0.107588438856098,0.06391576872745633,-0.013821756967554139,0.2427074034116731,-0.05248536958832211,-2.9940261009058844,-3.066470473704528,-0.06704816530273483,-0.08497794916642443,-0.03323176432037426,-0.04211848551525054,-2.260482550590154,-2.2583583575679267,-0.03395275441529444,-0.005614197391905051,-0.01998392885563529,-0.003304407056023257,-0.06035602763772666,-0.17153142972460916,0.06216767456599751,0.08479134094602797,0.06059839508954831,0.08265097922176964,0.7012193738418211,0.4915630262536601,-0.05465341957425329,-0.17798825091818749,-0.22708042044614055,-0.7395264041632912,-0.16080090776085854,-0.34339001029729843,-0.18073417618870735,-0.30285398848354816,-0.7325642254660704,-1.2275486694398805,0.8403241783380508,0.9114482626318932,0.011911675333976746,0.03860167786478996,0.06050261607324909,0.19606834724372152,0.025225602090358734,0.031562237069010735,9.067635983228683e-05,0.002215135842561722,0.0033586467954349166,0.0820484954715161
10,11,-0.022692864656929858,-0.02704154494505972,0.0358040181024649,0.059679562483387995,0.7080898642527789,1.1802723698940984,-0.09106933732529737,-0.3652789167272097,0.13819567547278255,-0.04885517913327331,0.7058300987124098,-0.24952630241343715,-0.007429063320159912,0.0222032368183136,-0.014002814888954163,0.005729645490646362,-0.3708196003089989,0.15173126743464566,-0.11931686259484411,-0.16493649449098438,-0.0625585267027384,-0.07116981260244051,-0.23755354710705537,-0.2702531904402105,-3.1738778863682944,-3.1353039148454105,-0.24689995076514482,-0.15381139030730706,-0.12237353457014923,-0.07623510426277146,-2.535740882628311,-2.450681022061703,-0.3092110864534514,-0.19793686188568138,-0.1819956130061703,-0.11650177530366537,-0.24501761104410275,-0.3606514762078201,-0.12249390884037857,-0.10432870553718299,-0.11940183279804276,-0.10169516813133694,0.647650149434315,0.5747858128910112,-0.1082226439817594,-0.09476546428083643,-0.44965609999539846,-0.39374263569051454,0.010252323001623154,-0.15253363735973835,-0.009680945426225662,-0.11199761554598808,-0.03923947555185977,-0.45395645813456204,0.6937346681952477,0.7376317866146564,-0.13467783480882645,-0.13521479815244675,-0.6840650961811042,-0.6867924780240091,0.011213473975658417,0.00878779124468565,-0.01392145175486803,-0.020559309981763363,-0.5156497174210627,-0.7615155781983176
11,0,-0.058240982781885685,-0.11289656761375777,-0.014759062721761786,-0.03529378393748134,-0.29188742697097114,-0.697999051551635,-0.2131663766201977,-0.2974651302538981,-0.09144214070663495,0.003730189054602262,-0.46703787930143875,0.019051824158885546,0.04567641019821167,0.04454374313354492,0.023783326148986816,0.021070271730422974,0.6298250435019889,0.5579785067101605,-0.0006083468839449282,-0.06245477961909882,0.02430523759504084,-0.010944077357112066,0.09229429956714387,-0.041557954335298894,-3.3824005672525734,-3.3407421990525457,-0.7694724584025234,-0.6403948234143475,-0.3813814632092346,-0.31740540173774506,-2.605576396322114,-2.603060447086759,-0.508910228008268,-0.5541744199649026,-0.29953463174231154,-0.32617625205697254,0.13743328793479703,0.07813563400127092,0.18326459190254524,0.24512643335722395,0.17863850021035568,0.23893878223969148,0.6534049444333418,0.5175005867911815,-0.04762196739361768,-0.15087886734280453,-0.19786532045854782,-0.6268891663053751,-0.01162707433104515,-0.12624877505004406,-0.05492981756106019,-0.06413900386542082,-0.22264532422797445,-0.259972633176907,0.915825366973877,0.9341080859303474,0.060305606573820114,0.06803083419799805,0.3063084628568477,0.3455469803549614,0.011183027178049088,-0.002617284655570984,-0.009049329906702042,-0.02306371182203293,-0.3351866235939927,-0.8542784684473334
11,1,-0.06854523880348434,-0.06643952505504717,-0.025063318743360444,0.011163258621229258,-0.49567291346801223,0.22077383211859966,-0.12535297831089684,-0.3543949928257063,-0.0036287423973341004,-0.05319967351720595,-0.018533688523536138,-0.27171567186639534,0.0050088465213775635,0.02288377285003662,-0.01688423752784729,-0.0005896985530853271,-0.44712482891831984,-0.015616273120227477,0.05346148858498015,-0.013058637649729666,0.07837507306396592,0.03845206461225709,0.2976137321709776,0.14601405793387245,-3.2360435749974665,-3.2989201263653696,-0.6231154661474165,-0.5985727507271714,-0.3088410580944929,-0.2966767023519453,-2.148164830186209,-2.1171430368896647,-0.05149866187236318,-0.06825700976780835,-0.03031110767714716,-0.04017474430539382,-0.19880802892145416,-0.2923003959936692,-0.15297672495370596,-0.12530959663771615,-0.14911518056556228,-0.12214644505486355,0.5705555564035829,0.5177517071635518,-0.13047135542337662,-0.15062774697043424,-0.542097648720144,-0.6258457820087536,0.06148693151772022,-0.07206743769347668,0.018184188287705183,-0.009957666508853436,0.0737054058597262,-0.04036110052528865,0.825977087020874,0.8739135637879372,-0.029542673379182816,0.007836312055587769,-0.15005521684592146,0.03980274532643048,-0.0022910796105861664,-0.006731465458869934,-0.022523436695337296,-0.02717789262533188,-0.8342667109585489,-1.0066674725537788
11,2,-0.04419640592648677,-0.09083456320784875,-0.0007144858663628711,-0.013231779531572313,-0.014130263220054201,-0.2616826118655302,-0.15182772538038272,-0.27132508362879626,-0.030103489466819983,0.029870235679704094,-0.15375263277423099,0.1525612963375313,0.030147165060043335,0.030788064002990723,0.008254081010818481,0.007314592599868774,0.21858283820949725,0.1937035036038445,-0.07929846514560307,-0.11574509145805967,-0.0543848806666173,-0.06423438919607291,-0.2065157540032562,-0.24391730119044333,-2.2366774684483506,-2.283492801666645,0.3762506404016994,0.41685457397155323,0.18648493289508633,0.20660987359675942,-1.3911020884912726,-1.4628536929103793,0.7055640798225733,0.586032334211477,0.4152812523485455,0.34492719885808654,0.025905053537094515,-0.08612355269105892,0.07173635750484272,0.08086724666489412,0.06992553870981022,0.07882593964490171,0.7260955463017607,0.598740500566337,0.02506863447480112,-0.06963895356764904,0.10415809478882415,-0.2893440699366716,-0.15170525759458542,-0.0190921351313591,-0.19500800082460046,0.04301763605326414,-0.7904198757328675,0.17436204873525057,0.7896295040845871,0.8167442232370377,-0.06589025631546974,-0.04933302849531174,-0.33467440717190255,-0.25057577537130765,0.026901714503765106,0.025849678553640842,0.006669357419013977,0.005403251387178898,0.24703258891746424,0.20013609931015242
11,3,-0.024000423086478526,-0.07544344824607555,0.019481496973645374,0.002159335430200887,0.3852821911784196,0.0427048027758063,-0.23384795469649944,-0.25075055656642453,-0.1121237187829367,0.05044476274207582,-0.5726683937526631,0.25764505107669533,-0.032994359731674194,-0.02080795168876648,-0.05488744378089905,-0.04428142309188843,-1.4535177481258397,-1.1726513377678554,-0.1752769965171481,-0.18544310994515187,-0.15036341203816234,-0.1339324076831651,-0.570975113504737,-0.5085816465740298,-2.3167465099211064,-2.36188998639709,0.2961815989289436,0.33845738924110824,0.1467994992435206,0.16775307931193917,-1.7193062930547192,-1.7621061390188317,0.37735987525912673,0.28677988810302457,0.22210666056456377,0.16879304727325148,0.12209092016763683,-0.07085799552944756,0.16792222413538505,0.09613280382650548,0.1636834151110003,0.09370615304518504,0.8646766682138993,0.9137907739629596,0.1636497563869398,0.24541131982897357,0.6799511499141632,1.0196636573360647,0.006102908402681351,-0.052152104675769806,-0.03719983482733369,0.009957666508853436,-0.15078093563941103,0.04036110052528865,0.7653905414044857,0.7788685038685799,-0.09012921899557114,-0.08720874786376953,-0.45779064497473276,-0.44295678334853533,0.01171358022838831,0.010639198124408722,-0.00851877685636282,-0.009807229042053223,-0.31553497121595403,-0.3632591609887257
11,4,-0.02184374054178835,-0.0682631121654195,0.02163817951833555,0.009339671510856934,0.42793452829699763,0.18470906570771015,-0.07732125451480912,-0.3757798093320101,0.04440298139875362,-0.07458449002350975,0.22678684145930544,-0.38093795464733476,0.03311342000961304,0.03452619910240173,0.011220335960388184,0.011052727699279785,0.29713457823726097,0.29269601150010227,-0.13352294109515317,-0.15051091476784306,-0.1086093566161674,-0.0990002125058563,-0.4124224030368081,-0.37593359186460784,-1.7891095696698733,-1.8857755927770468,0.8238185391801767,0.8145717828611514,0.4083175641448008,0.4037345002334421,-1.1323600979895858,-1.1515985122247323,0.9643060703242601,0.897287514897124,0.5675717400923609,0.5281259258505556,-0.14716157517083428,-0.24785804602084716,-0.10133027120308608,-0.08086724666489412,-0.09877242235234247,-0.07882593964490166,0.6743335510833598,0.7911252746923458,-0.026693360743599737,0.12274582055835981,-0.11090869753431978,0.5099986928087781,-0.11140841990709305,0.13339154049754143,-0.1547111631371081,0.19550131168216467,-0.6270859545466084,0.7924193973170321,0.786137118935585,0.7947695702314377,-0.06938264146447182,-0.07130768150091171,-0.3524131745514402,-0.3621909728027188,0.009251284413039684,0.009768232237547636,-0.010981072671711445,-0.010678194928914309,-0.4067382568896341,-0.39551968391057246
11,5,-0.04701120445756282,-0.06621815296482797,-0.0035292843974389226,0.011384630711448462,-0.06979804620643772,0.22515186960210432,-0.24661035543976706,-0.3870418394833771,-0.12488611952620432,-0.08584652017487676,-0.6378519571717807,-0.43845842210224484,0.00287550687789917,-0.00395473837852478,-0.019017577171325684,-0.02742820978164673,-0.5036194809001889,-0.7263480856584583,-0.18006252906583753,-0.1905304094157997,-0.15514894458685177,-0.13901970715381295,-0.5891472203566024,-0.5278996532174846,-2.453250405409972,-2.5608692886431768,0.15967770344007803,0.1394780869950214,0.0791426847249293,0.06913094331436012,-2.0451675064414827,-1.9806290173540475,0.05149866187236318,0.0682570097678088,0.03031110767714716,0.04017474430539408,-0.18754115150563222,-0.27888775084476825,-0.14170984753788402,-0.1118969514888152,-0.13813270946887243,-0.10907237117960292,0.7403192389586271,0.6437795676735845,0.039292327131667526,-0.024599886460401565,0.16325635678192166,-0.10221048570923988,-0.036117687821388245,-0.11376200243830681,-0.07942043105140328,-0.05165223125368357,-0.32191236757903197,-0.2093603854007181,0.7972535118460655,0.7963387295603752,-0.05826624855399132,-0.06973852217197418,-0.29595001269344734,-0.35422078877951396,0.009452372789382935,0.010826867073774338,-0.010779984295368195,-0.009619560092687607,-0.3992899557882925,-0.3563079146379097
11,6,-0.08563211482540803,-0.15416508956803723,-0.04215019476528413,-0.0765623058917608,-0.8335971008662711,-1.5141594619528023,-0.033163873777399676,-0.2424655747169917,0.08856036213616306,0.05872974459150865,0.45231928520719666,0.29996033725775534,0.03738859295845032,0.04115310311317444,0.015495508909225464,0.01767963171005249,0.41034880956943626,0.46818829044890814,0.05046335083932822,0.031082200410019092,0.07537693531831399,0.08259290267200585,0.2862289011378006,0.31363010015937504,-3.2185210135453346,-3.12872413190766,-0.6055929046952846,-0.4283767562694618,-0.3001561726865581,-0.21232073003632956,-2.308561841308293,-2.2358275559177914,-0.211895672994447,-0.18694152879593506,-0.1247176591961712,-0.11003013675788298,0.6461105089286191,0.5403486601687137,0.6919418128963672,0.7073394595246668,0.6744753386642871,0.6894843072375026,0.6290358730866765,0.4618295528030633,-0.07199103874028301,-0.2065499013309227,-0.2991167885348409,-0.8581976901483861,0.11742209829390049,-0.08085690625011921,0.07411935506388545,-0.018747135065495968,0.30042568085035215,-0.07598718055750299,0.8742077574133873,0.9286158382892609,0.01868799701333046,0.06253858655691147,0.0949213840013284,0.31765037126421214,0.01848481595516205,0.01843257248401642,-0.0017475411295890808,-0.002013854682445526,-0.06472881604026623,-0.07459305367107265
11,7,-0.032669619960232474,-0.0797621191064773,0.010812300099891425,-0.0021593354302008733,0.21383298623305494,-0.04270480277580603,-0.04719640969280181,-0.5260985973017895,0.07452782622076093,-0.22490327799328919,0.3806485460435503,-1.1486864720163559,0.033406198024749756,0.01966896653175354,0.011513113975524902,-0.003804504871368408,0.30488786408822954,-0.10075009824541362,0.06885366548608014,0.01875173924817256,0.09376724996506591,0.07026244151015931,0.35606245871996023,0.26680762941320557,-3.3700474440593142,-3.348126202649233,-0.7571193352092642,-0.647778827011035,-0.3752587590796677,-0.32106521056559234,-2.766971171635956,-2.79848613459556,-0.6703050033221101,-0.7496001074737038,-0.3945284477989607,-0.44119999911356694,-0.24303978879003804,-0.28725447068998833,-0.19720848482228984,-0.12026367133403529,-0.19223041173247643,-0.11722789249069791,0.7541690280176913,0.6059539094356685,0.053142116190731725,-0.062425544698317514,0.22080108037144508,-0.2593729550154494,0.10288077406585217,-0.15006286278367043,0.059578030835837126,-0.08795309159904718,0.24148578279117805,-0.35649753568095854,0.8764563947916031,0.8880676478147507,0.02093663439154625,0.021990396082401276,0.10634282054720907,0.11169516077030468,0.02197989821434021,0.02246028184890747,0.0017475411295890808,0.002013854682445526,0.06472881604026623,0.07459305367107265
11,8,-0.03432952979872762,-0.044011390117446925,0.009152390261396276,0.03359139355882951,0.18100523687687403,0.6643311719110025,-0.10385299279215698,-0.3049255083631026,0.017871243121405755,-0.003730189054602262,0.09127681639343063,-0.019051824158885546,-0.02236202359199524,-0.011843353509902954,-0.04425510764122009,-0.0353168249130249,-1.1719544575351186,-0.9352527332744675,-0.1251168060111449,-0.12987794620373228,-0.10020322153215912,-0.07836724394174552,-0.3805017790720525,-0.2975840026384547,-2.772605812290128,-2.8398254626332196,-0.15967770344007803,-0.1394780869950214,-0.0791426847249293,-0.06913094331436012,-2.2896962338860236,-2.2717677618204037,-0.19303006557217772,-0.22288173469854744,-0.11361373072151566,-0.13118384078524034,-0.2761333852793847,-0.34384657100943394,-0.2303020813116365,-0.1768557716534809,-0.2244886367504728,-0.17239145583847054,1.036489563968899,0.7423470678721059,0.3354626521419394,0.07396761373811989,1.3938194661154422,0.3073292935354168,0.0970771498978138,0.0830298364162445,0.05377440666779876,0.14513960760086775,0.21796213312396676,0.5882898656398249,0.8573796600103378,0.8582409396767616,0.0018598996102809906,-0.007836312055587769,0.00944693243398268,-0.03980274532643048,0.039149198681116104,0.0379776805639267,0.018916841596364975,0.017531253397464752,0.7006786501453542,0.6493565484130387
11,9,-0.026120280651878856,-0.03340165089198936,0.017361639408245044,0.04420113278428707,0.3433581352966523,0.8741581468167725,-0.23648817977910636,-0.1697221396347059,-0.11476394386554362,0.13147317967379446,-0.5861532609477038,0.6714951612611432,-0.04394027590751648,-0.03986472636461258,-0.06583335995674133,-0.06333819776773453,-1.7433851993154907,-1.6773088387429105,-0.04220043670139052,-0.019884542422963288,-0.017286852222404756,0.03162615983902347,-0.06564337877170588,0.1200940438836431,-2.415289455653553,-2.397406266728133,0.19763865319649687,0.3029411089100651,0.09795765646930042,0.15014978394705572,-1.864218087628998,-1.8288209259993293,0.2324480806848479,0.22006510112252697,0.13681440540041936,0.12952602521283918,0.19462953003419087,0.18940184670970794,0.24046083400193907,0.356392646065661,0.23439095517305497,0.34739633618383425,0.672696898150237,0.6929793405943877,-0.0283300136767225,0.024599886460401676,-0.1177088545798088,0.10221048570924034,0.025118554942309856,-0.25640369579195976,-0.018184188287705183,-0.19429392460733652,-0.0737054058597262,-0.7875255327698769,0.8536598607897758,0.7914493307471275,-0.0018598996102809906,-0.07462792098522186,-0.00944693243398268,-0.3790553658589552,0.03567818645387888,0.038935061544179916,0.01544582936912775,0.018488634377717972,0.5721125705686272,0.6848178810832644
11,10,-0.042767434193761035,-0.0944062793109445,0.0007144858663628642,-0.01680349563466807,0.014130263220054064,-0.3323198225649747,-0.11809549351622864,-0.21364069503698044,0.0036287423973341004,0.08755462427151992,0.018533688523536138,0.44718251045754337,0.01891040802001953,0.0318543016910553,-0.0029826760292053223,0.00838083028793335,-0.07898659960674212,0.22193938592164802,-0.0022852445920196664,-0.02485140146392719,0.022628339886966102,0.026659300798059567,0.08592661446193489,0.10123338578713338,-2.2008067235335464,-2.251452194589503,0.41212138531650355,0.44889518104869497,0.20426391514795958,0.22249048566513854,-1.4448678735400897,-1.4235014276624178,0.6517982947737562,0.6253845994594385,0.3836357601996393,0.368089174449354,-0.11756766147259093,-0.2688466331225505,-0.07173635750484272,-0.10185583376659749,-0.06992553870981016,-0.09928471830180943,0.792698583574178,0.7855666437748945,0.09167167174721846,0.11718718964090846,0.3808881845915743,0.48690304288105785,0.20109078474342823,-0.029963521286845207,0.1577880415134132,0.032146249897778034,0.639557370147816,0.130297396732627,0.9089450240135193,0.91654272377491,0.05342526361346245,0.05046547204256058,0.27136134274894713,0.25632776199307117,0.06816870346665382,0.06957597471773624,0.047936346381902695,0.0491295475512743,1.7755593239320626,1.8197554219142864
11,11,-0.0557066839639544,-0.10016773612166198,-0.012224763903830503,-0.022564952445385547,-0.24176703822495502,-0.4462631559451555,-0.0018697140207538602,-0.37475576632094854,0.11985452189280887,-0.07356044701244818,0.6121532293200536,-0.3757076869337427,0.024875760078430176,0.024063169956207275,0.0029826760292053223,0.0005896985530853271,0.07898659960674212,0.015616273120227477,-0.0076267322565810106,-0.040566624904874685,0.017286852222404756,0.010944077357112073,0.06564337877170588,0.04155795433529892,-3.453839568901045,-3.521885363898595,-0.8409114600509948,-0.8215379882603968,-0.4167895024202344,-0.4071872314899915,-2.6252098414794616,-2.6159007953937783,-0.5285436731656157,-0.567014768271922,-0.31109049452788606,-0.3337338305647552,0.494037084723123,0.3465767489020102,0.5398683886908713,0.5135675482579632,0.526240657104146,0.500603720691983,0.6759582773521584,0.7145208346712799,-0.02506863447480112,0.046141380537293886,-0.10415809478882415,0.19171360500395945,0.1445799507200718,0.040480777621269226,0.10127720749005675,0.10259054880589247,0.4105037609757595,0.4158270865586489,0.8905839994549751,0.9025115966796875,0.03506423905491829,0.036434344947338104,0.17810074015273605,0.18505987801240584,0.027505826205015182,0.023330025374889374,0.007273469120264053,0.002883598208427429,0.26940884920450153,0.10680830042107789
12,0,-0.04474230968618623,-0.07539629459614589,-0.00549791269879675,-0.005840992187346072,-0.10873126712827265,-0.1155162907471183,-0.1485351891102334,-0.2809792810192336,0.005570348361883859,0.008500950320882106,0.02845038038042906,0.043418338407552014,0.062464773654937744,0.0600791871547699,0.0491887629032135,0.05030231177806854,1.3026064790624436,1.3320952462833835,-0.11741700279084402,-0.17004334620516032,0.02401110787678923,0.00372972300278529,0.09117740053574117,0.014162880357597036,-2.541454908059417,-2.6402565867670855,-0.22884324543524492,-0.3292146069884474,-0.1134239059976698,-0.16317198510752498,-1.6414132984087728,-1.7025974782040691,0.12384446353430922,-0.01672269013812544,0.07289243512211503,-0.009842649167944821,-0.2750661226044314,-0.3225210254289069,-0.003330948026462388,0.02174913568852377,-0.0032468659305574022,0.02120012894981626,0.631903743534288,0.6026651197871917,-0.008682050066151192,-0.03698025833893448,-0.03607319715242157,-0.1536499029196723,0.08394953608512878,-0.1260056048631668,0.07060409872792661,-0.13348460523411632,0.28617740147469256,-0.5410490063753889,0.7080776691436768,0.7019634954631329,-0.08858024515211582,-0.06477959640324116,-0.4499229884838977,-0.32903306551563366,0.007170572876930237,0.007516693323850632,-0.0031585609540343285,-0.0044124198611825705,-0.11699290361980234,-0.16343576048139283
12,1,-0.039450421807323534,-0.1625675010368598,-0.00020602481993405725,-0.09301219862805998,-0.004074517177438433,-1.8394861412457324,-0.15826491326256867,-0.4156584440847553,-0.0041593757904514195,-0.12617821274463958,-0.021243882015212098,-0.6444512829523722,0.054210662841796875,0.0537186861038208,0.04093465209007263,0.043941810727119446,1.0840228516341097,1.1636577945151363,-0.022441325400551514,-0.0532803256137604,0.11898678526708173,0.12049274359418521,0.45182862175402694,0.45754719860125276,-3.3315212587968652,-3.390730275544958,-1.0189095961726933,-1.0796882957663199,-0.5050125295881516,-0.5351368948332635,-2.4367112019393424,-2.4520958879816863,-0.6714534399962604,-0.7662210999157426,-0.3952043952202127,-0.4509827910016423,0.7085283836916961,0.6293556972890486,0.9802635582696652,0.9736258584064793,0.9555190669525482,0.9490489205042013,0.6203406116564254,0.6874406653873677,-0.020245181944013813,0.04779528726124149,-0.08411705001567744,0.19858545011773981,0.289259422570467,-0.06093990057706833,0.2759139852132648,-0.06841890094801784,1.1183535905349224,-0.2773202071526976,0.8127628192305565,0.8704309239983559,0.01610490493476391,0.10368783213198185,0.08180116170433711,0.5266585029441372,0.005849279463291168,0.010370301082730293,-0.004479854367673397,-0.001558812102302909,-0.16593353045744896,-0.05773830446842269
12,2,-0.03903837216745542,-0.07795158720051723,0.00020602481993405725,-0.008396284791717418,0.004074517177438433,-0.1660518699711404,-0.195050852336237,-0.2979811816609978,-0.04094531486411976,-0.008500950320882106,-0.20912691756439403,-0.043418338407552014,-0.027063215151429176,-0.021774187684059143,-0.04033922590315342,-0.0315510630607605,-1.068254900518719,-0.8355286195166617,-0.056207968998302396,-0.060455836240354645,0.08522014166933085,0.11331723296759097,0.3236065170573967,0.43029962594418736,-1.4292713454881079,-1.4263073062360623,0.8833403171360641,0.8847346735425758,0.43781894853061665,0.4385100475826277,-0.787744590227355,-0.7497779240495039,0.977513171715727,0.9360968640164398,0.5753451823105671,0.5509683516003957,-1.1902923109852601,-1.2379532359770389,-0.9185571364072911,-0.8936830748596082,-0.8953702813065801,-0.8711241080393456,0.6293952926857742,0.6043551263946636,-0.011190500914665003,-0.03529025173146261,-0.046495602150796754,-0.1466280657872295,-0.008472191169857979,-0.0515117421746254,-0.02181762852706015,-0.058990742545574903,-0.08843271638201043,-0.23910534539658126,0.8448133319616318,0.7904178723692894,0.048155417665839195,0.023674780502915382,0.24459437192455244,0.12025060415310415,0.023251561680808663,0.02489894162863493,0.012922427849844098,0.012969828443601727,0.4786459333766047,0.48040164845625977
12,3,-0.04946521264239663,-0.07006406165279777,-0.010220815655007154,-0.0005087592439979582,-0.2021353008200063,-0.010061643444288722,-0.29110988257203263,-0.2274761835571426,-0.13700434509991538,0.06200404778297308,-0.6997454160202546,0.31668373860109816,-0.03460673987865448,-0.017576873302459717,-0.04788275063037872,-0.027353748679161072,-1.2680209365946027,-0.7243762223951598,-0.16076806838817032,-0.1775027922107309,-0.019339957720537065,-0.00372972300278529,-0.07343963804078771,-0.014162880357597036,-1.783324380151907,-1.8593891418508313,0.529287282472265,0.45165283792780686,0.2623360408069544,0.2238572912006715,-1.4317971640269973,-1.4667646586272456,0.33346059791608473,0.21911012943869812,0.19626840236298554,0.12896394751053103,-0.21940801749050276,-0.2578782292276485,0.05232715708746627,0.08639193188978217,0.05100627876522632,0.08421116694092587,0.9806149495965059,0.6974750473205522,0.34002915599606665,0.057829669194426,1.4127929104715689,0.2402774738932865,-0.09337297827005386,-0.08289254270493984,-0.10671841562725604,-0.09037154307588935,-0.4325584409963506,-0.36630016997138914,0.9087977409362793,0.8939439281821251,0.11213982664048672,0.12720083631575108,0.5695884657296959,0.6460874014804736,0.04634587652981281,0.038285717368125916,0.03601674269884825,0.026356604183092713,1.334057936062163,0.9762469991276704
12,4,-0.07796402120184678,-0.10349222367913366,-0.03871962421445731,-0.03393692127033385,-0.7657513013056538,-0.671164613611163,-0.204165213350958,-0.24697353919083237,-0.05005967587884075,0.04250669214928332,-0.25567823194317185,0.21710160331012393,0.047633081674575806,0.03773951530456543,0.03435707092285156,0.027962639927864075,0.9098367298599122,0.7405007524461714,-0.05300524120407947,-0.06875768112200134,0.08842286946355378,0.10501538808594427,0.33576823805749667,0.39877502325431297,-3.2293164136641987,-3.26198776318399,-0.9167047510400268,-0.9509457834053521,-0.4543557023578532,-0.4713269335990515,-2.2541624339685935,-2.264070255959682,-0.48890467202551147,-0.5781954678937384,-0.2877597517845092,-0.3403145722349497,0.30978731102495805,0.23589060766461672,0.5815224856029271,0.5801607687820474,0.5668432924672465,0.5655159490449966,0.5955216099486073,0.6680302341718609,-0.04506418365183196,0.028384856045734708,-0.1872379413847483,0.11793672006948112,0.08453459665179253,0.006300902925431728,0.07118915929459035,-0.0011780974455177784,0.2885488093063871,-0.00477514580196599,0.8512605279684067,0.8926424533128738,0.0546026136726141,0.12589936144649982,0.27734142167281484,0.6394768591230366,0.03231652267277241,0.03348285146057606,0.021987388841807842,0.021553738275542855,0.8144115314080416,0.7983491410847169
12,5,-0.02775803411319969,-0.0349649992946966,0.011486362874189786,0.034590303114103216,0.22716380896319763,0.6840864331604619,-0.19009847805259183,-0.24614867455125786,-0.035992940580474586,0.04333155678885783,-0.18383282049856717,0.2213145737086797,0.03959445655345917,0.021728485822677612,0.026318445801734924,0.011951610445976257,0.6969595492297693,0.31650003544085836,0.02000070511842758,0.00468295753457238,0.16142881578606083,0.17845602674251798,0.6129937806478352,0.6776512234176544,-3.343107991329271,-3.3522468236188203,-1.030496328705099,-1.0412048438401822,-0.5107553797171829,-0.5160629500225515,-2.4600837928047508,-2.4105384566567545,-0.6948260308616687,-0.7246636685908108,-0.4089610462215757,-0.4265228976786344,-0.2684042265515067,-0.3660192968059544,0.0033309480264623326,-0.021749135688523713,0.0032468659305574022,-0.02120012894981615,0.7932184982008081,0.6371804782035617,0.15263270460036893,-0.0024648999225644896,0.6341762144890801,-0.010241454517098273,0.005782101769000292,0.10542570054531097,-0.0075633355882018805,0.09794670017436147,-0.03065623333644446,0.39700431906841405,0.8894497603178024,0.8959876745939255,0.09279184602200985,0.12924458272755146,0.47131484675240964,0.6564681414718949,0.03753822669386864,0.0376336220651865,0.027209092862904072,0.0257045088801533,1.0078231274359604,0.9520934291830179
12,6,-0.02869184105671393,-0.04640793733697052,0.010552555930675545,0.023147365071829296,0.20869607078981703,0.45778142957627255,-0.004453773829352041,-0.4792468300462601,0.1496517636427652,-0.18976659870614443,0.7643417114398967,-0.9692269793453562,-0.015834450721740723,-0.008750975131988525,-0.029110461473464966,-0.01852785050868988,-0.770897121329226,-0.4906506423674079,-0.32349300805549,-0.35374700354819033,-0.18206489738785672,-0.17997393434024472,-0.6913551910146601,-0.6834151752404672,-2.6100000796347187,-2.684658685633661,-0.29738841701054675,-0.37361670585502305,-0.14739764676753297,-0.18517944911793557,-1.8871423093515478,-1.8343467056260403,-0.12188454740846577,-0.1484719175600966,-0.07173886672696224,-0.08738767409822198,-0.09063180316649148,-0.20219298157521498,0.18110337141147753,0.14207717954221571,0.17653183474301035,0.13849076902446833,0.6492678436665904,0.6421102780486907,0.008682050066151192,0.0024648999225644896,0.03607319715242157,0.010241454517098273,-0.022425003349781036,-0.17010052502155304,-0.03577044070698321,-0.17757952539250255,-0.144987216826833,-0.7197775773297226,0.6458659507334232,0.6640232428908348,-0.15079196356236935,-0.10271984897553921,-0.7659131081521474,-0.521741855064005,0.0029278150759637356,0.0042227813974022865,-0.00740131875500083,-0.007706331787630916,-0.27414439181781786,-0.28544205580106213
12,7,-0.02969641449786371,-0.050440229878022456,0.009547982489525767,0.019115072530777356,0.1888287958504514,0.3780354784416876,-0.008841790937513777,-0.10781134716798924,0.14526374653460347,0.18166888417212645,0.7419300510314962,0.9278681551322462,0.01196974515914917,-0.0021747350692749023,-0.0013062655925750732,-0.011951610445976257,-0.03459225082795222,-0.31650003544085836,-0.299083222201393,-0.2583044343707536,-0.15765511153375975,-0.08453136516280801,-0.5986638902537275,-0.3209910254383886,-1.9097457847285386,-1.9735732994320219,0.40286587789563333,0.33746868034661626,0.19967651383895926,0.16726303546338847,-1.751554938280442,-1.6691520979278185,0.013702823662639974,0.016722690138125218,0.008065214675842619,0.009842649167944691,-0.0822390642074117,-0.2276820209332065,0.18949611037055733,0.1165881401842242,0.1847127183754815,0.11364514164252619,0.7171665977037462,0.5710755736652546,0.07658080410330703,-0.06856980446087158,0.3181868825290257,-0.28490184416968567,0.07255903631448746,0.09953147731721401,0.059213598957285285,0.0920524769462645,0.24000864237160555,0.3731134470437086,0.6593934074044228,0.6693586818873882,-0.13726450689136982,-0.09738440997898579,-0.6972035022851653,-0.49464171942901675,0.0012456155382096767,0.0013672877103090286,-0.009083518292754889,-0.010561825474724174,-0.3364529593122534,-0.3912093664791592
12,8,-0.01803815335964565,-0.03424088997540667,0.021206243627743825,0.035314412433393144,0.41939220700613833,0.6984070177421371,-0.0527329265763493,-0.3753641764214011,0.10137261089576795,-0.08588394508128538,0.5177574458137558,-0.438649568643512,-0.021633431315422058,-0.027798563241958618,-0.0349094420671463,-0.03757543861865997,-0.9244645063872714,-0.9950648666360745,-0.18484729890325735,-0.19922932113366087,-0.0434191882356241,-0.025456251925715268,-0.16487572072936843,-0.09666504727228116,-2.0837684171889266,-1.9818273727901912,0.22884324543524537,0.32921460698844696,0.11342390599767002,0.16317198510752476,-1.7789605856057222,-1.6375521082089444,-0.013702823662640196,0.04832267985699934,-0.008065214675842751,0.028441786623971635,-1.2320966079714428,-1.3215931198474187,-0.9603614333934738,-0.977322958729988,-0.9361193252895617,-0.952652696062057,0.5849925083833685,0.5745750711995798,-0.05559328521707074,-0.06507030692654636,-0.23098548415480571,-0.27036172247857815,-0.06409122236073017,0.14121377654373646,-0.07743665971793234,0.13373477617278695,-0.31387160881911386,0.5420630164745637,0.7805530093610287,0.7075290493667126,-0.01610490493476391,-0.059214042499661446,-0.08180116170433711,-0.3007641141194543,0.004660303238779306,0.006004209164530039,-0.005668830592185259,-0.005924904020503163,-0.20997313674172297,-0.21945808078895548
12,9,-0.04678825457970198,-0.06904654316480185,-0.007543857592312506,0.0005087592439979582,-0.14919356490089336,0.010061643444288722,-0.2888468720133306,-0.38437295634068624,-0.13474133454121334,-0.09489272500057055,-0.6881871602313427,-0.48466163087305525,0.014582276344299316,0.023418128490447998,0.0013062655925750732,0.013641253113746643,0.03459225082795222,0.36124479738310816,-0.257628014730651,-0.306608332314361,-0.11619990406301775,-0.1328352631064154,-0.44124599536742437,-0.504415458531677,-3.2784418356893203,-3.3916010660828007,-0.9658301730651484,-1.0805590863041625,-0.4787042350806595,-0.5355684936070009,-2.472060249704107,-2.585864968167967,-0.7068024877610251,-0.8999901801020234,-0.4160101551006924,-0.5297166618631538,-0.8238973286858409,-0.9961938707452426,-0.5521621541078718,-0.6519237096278119,-0.538224094784234,-0.6354674000606348,0.5946066411738569,0.7292569601733293,-0.04597915242658235,0.0896115820472031,-0.19103956067378705,0.37232868293769006,-0.20075895357877016,0.11355512589216232,-0.21410439093597233,0.10607612552121282,-0.8678226809252214,0.4299550664493762,0.7068693563342094,0.7430683113634586,-0.08978855796158314,-0.023674780502915382,-0.45606033557889974,-0.12025060415310415,0.013493238016963005,0.015591012313961983,0.00316410418599844,0.0036618991289287806,0.1171982245910792,0.1356365186839281
12,10,-0.05851927846120057,-0.07892564080824786,-0.019274881473811095,-0.00937033839944805,-0.38119599222690853,-0.18531555945144013,-0.1451204275045099,-0.27134964935952,0.008985109967607346,0.018130581980595695,0.045891168690203994,0.0926013815215055,-0.009773403406143188,-0.018959850072860718,-0.02304941415786743,-0.028736725449562073,-0.6103897404313505,-0.7609999225085755,-0.12208815294709618,-0.1418556565127378,0.019339957720537065,0.031917412695207814,0.07343963804078771,0.1212000186042502,-1.306473646824907,-1.306461073390687,1.006138015799265,1.0045809063879512,0.4986824212689732,0.4979106552893349,-0.7821973678595837,-0.716506419659489,0.9830603940834983,0.9693683684064547,0.5786101691740185,0.5705513099818372,-0.5633239552967294,-0.7178126945488893,-0.2915887807187604,-0.3735425334314586,-0.28422829486595547,-0.36411331422087784,0.7620155406382909,0.7172961533350316,0.1214297470378517,0.0776507752089054,0.5045305166049272,0.32263252363286177,0.020908772945404053,0.008657097816467285,0.0075633355882018805,0.0011780974455177784,0.03065623333644446,0.00477514580196599,0.8644689545035362,0.874229222536087,0.06781104020774364,0.10748613066971302,0.3444305873174817,0.5459510870447493,0.01293078064918518,0.013487925287336111,0.0026016468182206154,0.001558812102302909,0.09636483825587804,0.05773830446842269
12,11,-0.03392599304746386,-0.06804512965927483,0.005318403939925616,0.0015101727495249878,0.10518115349752079,0.029866424884188537,-0.14994616168166586,-0.3417332873800397,0.004159375790451392,-0.05225305603992403,0.021243882015211955,-0.2668808526497522,0.04307752847671509,0.03287455439567566,0.029801517724990845,0.023097679018974304,0.7891975277128028,0.6116678803372588,-0.16209422464065892,-0.18588248837171545,-0.020666113973025674,-0.012109419163769841,-0.07847545231585565,-0.04598310777727695,-1.9163591431323028,-1.908002346119313,0.3962525194918691,0.40303963365932516,0.19639866772866318,0.19976263417591766,-1.359183220426946,-1.275366829877317,0.406074541516136,0.4105079581886266,0.2390075529214706,0.24161697548220784,-0.5550840457178692,-0.7154274615825033,-0.28334887113990015,-0.37115730046507256,-0.2761963827886935,-0.3617882909561869,0.6925922215727919,0.5125831354203968,0.052006427972352665,-0.1270622427057294,0.2160823901205109,-0.5279330684376633,0.09672370925545692,0.16477619484066963,0.08337827189825475,0.15729719446972013,0.3379545610126881,0.6375678350639263,0.69783815741539,0.7130184546113014,-0.09881975688040257,-0.053724637255072594,-0.5019322339933819,-0.27288194232817875,0.00772748701274395,0.006957619916647673,-0.0026016468182206154,-0.0049714932683855295,-0.09636483825587804,-0.18414380512487113
13,0,-0.05029609856202104,-0.09807126551553377,-0.0008305922580515296,-0.00011732000825015465,-0.016426479217220236,-0.0023202174816872806,-0.18326646712357797,-0.24598156861281262,-0.003977055409299823,0.023765286599614965,-0.020312686359593626,0.12138045947637925,-0.008157908916473389,0.012908771634101868,-0.057283371686935425,-0.03717225790023804,-1.5169662072771797,-0.9843879196048421,0.04780356684292702,0.003933130789077161,0.13733049272676154,0.12082661047517977,0.5214851978247409,0.4588149915948233,-2.673353888469002,-2.665277380741624,0.798083755380719,0.8185847288678114,0.3955623714233009,0.4057234774906359,-1.8211092714759234,-1.7287815410619833,0.7376036570303084,0.7874881218126952,0.4341391224244882,0.4635001451862705,-0.21561493987445354,-0.2792244405848785,-0.12406906442316212,-0.10690002939691551,-0.12093722721321737,-0.10420158485422461,0.590269741858404,0.7025777449512435,-0.05258220292733462,0.07367429826424299,-0.21847468725174574,0.30611059209550356,0.15056199952960014,0.06578005477786064,0.04470795579254627,0.035458759404718876,0.181213369258627,0.1437238886804888,0.7880208417773247,0.8622833117842674,-0.03416317328810692,-0.006526734679937363,-0.1735239837672902,-0.03315104815070352,0.02868570387363434,0.034527357667684555,0.009202166460454464,0.017746339086443186,0.34084768015201206,0.657323309114146
13,1,-0.04578430717396466,-0.10424195007743461,0.0036811991300048502,-0.006288004570150996,0.07280243755862506,-0.12435677721301747,-0.3436959537839127,-0.2495329870393603,-0.16440654206963456,0.02021386817306728,-0.8397012816861309,0.10324170071997434,0.04439824819564819,0.054564446210861206,-0.004727214574813843,0.004483416676521301,-0.1251851026460485,0.11872889795306722,-0.08162104489322718,-0.10756890969710976,0.007905880990607336,0.00932456998899285,0.030021008666797837,0.03540819761722883,-3.2392598520404565,-3.2583164993435427,0.23217779180926446,0.22554561026589282,0.11507664114286632,0.11178946552837904,-2.202364608159683,-2.297094918977953,0.35634832034654895,0.21917474389672575,0.2097396692629661,0.12900197831994564,0.0436336531701548,-0.07323699127291439,0.13517952862144622,0.0990874199150486,0.13176723338308224,0.0965861866691128,0.6206317137019208,0.64284266693647,-0.022220231083817765,0.013939220249469475,-0.09232321520281885,0.05791630276016688,-0.051537543535232544,0.018742620944976807,-0.15739158727228642,-0.011578674428164959,-0.6379504344801504,-0.04693148160055873,0.7864571064710617,0.8473547399044037,-0.03572690859436989,-0.0214553065598011,-0.18146661771443515,-0.10897729657043412,0.019626406952738762,0.01306808553636074,0.00014286953955888748,-0.0037129330448806286,0.005291878964839758,-0.1375268117943617
13,2,-0.09871672726835481,-0.16487976614620797,-0.049251220964385306,-0.06692582063892435,-0.9740328660082518,-1.3235803622822793,-0.20764255811134827,-0.19998489297910144,-0.028353146397070123,0.06976196223332615,-0.14481281018227551,0.356307044493717,0.040046125650405884,0.045597612857818604,-0.009079337120056152,-0.004483416676521301,-0.2404370970143802,-0.11872889795306722,-0.11409410899020893,-0.12929094754485487,-0.024567183106374416,-0.012397467858752259,-0.09328898548201116,-0.047076915333803634,-2.9420605869272745,-2.914802560550302,0.5293770569224465,0.5690595490591335,0.2623805366310676,0.28204877394042904,-2.0686871132279174,-2.0773772823329275,0.49002581527831435,0.43889238054175106,0.28841963483043065,0.25832349272010313,0.721356257210507,0.5667838369912253,0.8129021326617984,0.7391082481791882,0.7923822943044266,0.7204511661371276,0.5378504186041574,0.5682314717160462,-0.1050015261815812,-0.060671974970954334,-0.4362726229857441,-0.25208701839751735,0.11461637541651726,-0.0050066206604242325,0.008762331679463387,-0.035327916033566,0.035516086970406535,-0.14319354530621797,0.8167905360460281,0.7940492033958435,-0.005393479019403458,-0.07476084306836128,-0.027394936586233223,-0.3797305130182218,0.016258632764220238,0.017100151628255844,-0.0032249046489596367,0.00031913304701447487,-0.11945027000251036,0.011820668448259594
13,3,-0.04863491404591798,-0.06783343904754771,0.0008305922580515296,0.030120506459735907,0.016426479217220236,0.5956880389587067,-0.1465648698823184,-0.16613936232724255,0.03272454183195975,0.10360749288518503,0.1671395759132828,0.5291720358130755,-0.010210663080215454,0.020076662302017212,-0.05933612585067749,-0.030004367232322693,-1.5713268115248245,-0.7945693457242664,-0.15754294548283176,-0.123924721894062,-0.06801601959899725,-0.007031242207959393,-0.2582772895631113,-0.02669974206723898,-3.703615435658985,-3.709407719875329,-0.232177791809264,-0.22554561026589326,-0.1150766411428661,-0.11178946552837926,-2.6058075065222694,-2.57353534986326,-0.04709457801603767,-0.057265686988581255,-0.027718949839743098,-0.03370546615014484,-0.21542621814516888,-0.3688071790079013,-0.12388034269387746,-0.1964827678199383,-0.12075326932846435,-0.19152301378106978,0.7723747598201663,0.6626691905028551,0.12952281503442775,0.03376574381585462,0.5381565421615687,0.14029386197809007,0.14319557696580887,0.12989633530378342,0.037341533228755,0.09957503993064165,0.15135527737087523,0.40360441805085284,0.8508777320384979,0.8673546016216278,0.02869371697306633,-0.0014554448425769806,0.14574313797690788,-0.007392597435479887,0.02997083030641079,0.02760278433561325,0.010487292893230915,0.010821765754371881,0.38844868424124374,0.40083753846200015
13,4,-0.03958358336730913,-0.08523281466902129,0.009881922936660376,0.012721130838262332,0.19543307823024883,0.25158360110947675,-0.17531235630497832,-0.20683326921178222,0.003977055409299823,0.06291358600064537,0.020312686359593626,0.3213291766567106,0.06968209147453308,0.05829048156738281,0.020556628704071045,0.008209452033042908,0.5443763200609908,0.21740098300165672,-0.08157884791842476,-0.10986223747814322,0.00794807796540975,0.007031242207959393,0.03018124327540894,0.02669974206723898,-4.1440506801051225,-4.161751078796988,-0.6726130362554015,-0.6778889691875527,-0.3333740423578619,-0.33598900667462894,-2.867903687037889,-2.8663951382775688,-0.3091907585316571,-0.3501254754028902,-0.18198364838798492,-0.2060770241322456,0.008959092763270256,-0.14760846462092425,0.10050496821456167,0.024715946567038738,0.09796795223316357,0.02409204953438566,0.6565012172423877,0.724471981374221,0.013649272456649153,0.09556853468722049,0.05671159375542444,0.3970793265499361,0.1792873479425907,-0.005196787416934967,0.07343330420553684,-0.03551808279007673,0.2976449322046077,-0.14396434231666952,0.8330303579568863,0.8739077150821686,0.010846342891454697,0.005097668617963791,0.05509150487745984,0.025892435666171394,0.026440275833010674,0.02463584765791893,0.006956738419830799,0.00785482907667756,0.25767716352596787,0.29094238626106034
13,5,-0.07746313195437879,-0.13889774096791502,-0.02799762565040928,-0.0409437954606314,-0.5537041929054773,-0.8097383507834869,-0.25322820925555506,-0.36919557413492166,-0.07393879754127691,-0.09944871892249407,-0.37764010044955976,-0.5079312276143639,0.060462385416030884,0.06705844402313232,0.011336922645568848,0.01697741448879242,0.3002220023261239,0.44959232161101664,-0.03562360514497295,-0.09758123535230144,0.05390332073886156,0.019312244333801173,0.2046871260765377,0.07333440197356472,-3.8408816572646947,-3.8607828376593156,-0.3694440134149737,-0.3769207280498801,-0.1831112951106928,-0.18681705525365927,-3.0748017945902886,-3.116684740271366,-0.5160888660840568,-0.6004150773966876,-0.30375983806378437,-0.3533926009001856,-0.032574934302891725,-0.14074414178406544,0.058970941148399694,0.03158026940389755,0.05748235582978955,0.03078309838242624,0.6564309014078991,0.5107705320446383,0.013578956622160465,-0.1181329146423622,0.05641943730146242,-0.49083245173835305,-0.03612822666764259,-0.2687823139131069,-0.14198227040469646,-0.2991036092862487,-0.5754923288018919,-1.2123473738697215,0.8451375365257263,0.8771948739886284,0.022953521460294724,0.0083848275244236,0.11658713468121852,0.04258880353325142,0.009325932711362839,0.009107649326324463,-0.010157604701817036,-0.007673369254916906,-0.37623705389312423,-0.2842211256151339
13,6,-0.047960602517881146,-0.07657667981683824,0.001504903786088363,0.021377265690445374,0.029762221506961006,0.42277448071675944,-0.13986482116150692,-0.15887446632402044,0.03942459055277123,0.11087238888840714,0.20135986561344574,0.5662772653764966,0.06612324714660645,0.06826704740524292,0.01699778437614441,0.018186017870903015,0.4501317526858474,0.4815983023113605,-0.09840706754770209,-0.13079326954601986,-0.00888014166386758,-0.013899789859917244,-0.03372056955702814,-0.05278168395742421,-3.7606970782363147,-3.7705481151598375,-0.28925943438659374,-0.2866860055504019,-0.14336859640494826,-0.1420931016886731,-2.5267438299473453,-2.474118156946817,0.03196909855888652,0.04215150592786143,0.0188163877182169,0.02480955404433473,-0.15051681659969113,-0.30038907782963337,-0.05897094114839971,-0.12806466664167038,-0.05748235582978951,-0.12483196967460372,0.690349698414128,0.5869931501229868,0.04749775362838937,-0.04191029656401368,0.19734922257751916,-0.1741338024027693,0.10187248885631561,0.2614761106669903,-0.003981554880738258,0.23115481529384851,-0.016138312791008913,0.9369326366457921,0.827577494084835,0.8702654913067818,0.005393479019403458,0.0014554448425769806,0.027394936586233223,0.007392597435479887,0.03183397650718689,0.03325684368610382,0.012350439094007015,0.01647582510486245,0.457459505013465,0.6102635493191572
13,7,-0.0744723597772011,-0.14217349777147295,-0.02500685347323159,-0.04421955226418933,-0.494556209601253,-0.8745224256802864,-0.32672331440707636,-0.46285747065808647,-0.1474339026927982,-0.19311061544565888,-0.7530140558682584,-0.9863064404592629,0.06240105628967285,0.0731661319732666,0.013275593519210815,0.023085102438926697,0.35156147686718203,0.6113348299882047,-0.09743280687444184,-0.12398346367417548,-0.007905880990607322,-0.007089983988072868,-0.030021008666797785,-0.026922802279248863,-3.762666863029647,-3.8008661009203593,-0.29122921917992617,-0.3170039913109237,-0.1443449008827564,-0.15711991342786064,-2.8837289824010366,-2.876329085856453,-0.3250160538948048,-0.3600594229817746,-0.1912981084988883,-0.21192395187318352,0.06744924876791966,-0.009578358467059078,0.15899512421921108,0.16274605272090392,0.15498165923062085,0.158637904198525,0.6678623793308456,0.46748167620145736,0.025010434545106985,-0.16142177048554313,0.10391627891329738,-0.6706940534839964,-0.14408905990421772,-0.24428743869066238,-0.2499431036412716,-0.27460873406380415,-1.0130866225233295,-1.1130630565722424,0.843806765973568,0.8781349658966064,0.021622750908136368,0.009324919432401657,0.10982779163824939,0.0473637842296885,0.002795429900288582,0.004128644242882729,-0.016688107512891293,-0.01265237433835864,-0.6181264766661746,-0.4686431679080286
13,8,-0.04500415250124437,-0.06434880066684588,0.004461353802725138,0.03360514484043774,0.08823142138724872,0.6646031286254531,-0.17249123304202285,-0.28996072338549483,0.006798178672255295,-0.02021386817306725,0.03472148536404516,-0.1032417007199742,0.05385267734527588,0.04144212603569031,0.004727214574813843,-0.008638903498649597,0.1251851026460485,-0.22877362643737098,-0.24290885854558886,-0.25484175367936435,-0.15338193266175434,-0.13794827399326173,-0.5824373444577989,-0.5238310991579158,-2.993976432413323,-2.96343173766431,0.4774612114363981,0.5204303719451255,0.2366489579384146,0.2579462001317385,-2.156296782895156,-2.0970874898896694,0.40241614561107575,0.41918217298500915,0.2368542924643591,0.24672244908382296,-0.4923264429136772,-0.6398649550395183,-0.4007805674623858,-0.46754054385155536,-0.3906637869414944,-0.4557385617926116,0.6292729881635781,0.7449191518520356,-0.013578956622160465,0.11601570516503512,-0.05641943730146242,0.4820356221524057,0.10983559861779213,0.13854860700666904,0.003981554880738258,0.10822731163352728,0.016138312791008913,0.4386744023350009,0.7204763256013393,0.7390488162636757,-0.10170768946409225,-0.1297612302005291,-0.5166008235458535,-0.6590923335209863,0.003079434856772423,0.0021595675498247147,-0.01640410255640745,-0.014621451031416655,-0.6076069505322809,-0.5415776476041363
13,9,-0.06928822991370485,-0.09783662549903346,-0.019822723609735346,0.00011732000825015465,-0.3920305712551168,0.0023202174816872806,-0.3241018307560294,-0.35567135900790703,-0.14481241904175124,-0.08592450379547945,-0.7396249099498979,-0.43885672101022183,0.02905920147895813,0.04530203342437744,-0.020066261291503906,-0.004778996109962463,-0.5313905133232224,-0.12655637037467818,-0.04040228973948859,-0.10019112307279529,0.04912463614434592,0.016702356613307323,0.1865410229669301,0.06342387309393684,-3.2053796611882666,-3.1513387871919196,0.2660579826614544,0.3325233224175159,0.13186902483368973,0.1648119173986701,-2.5906820270651183,-2.55842116880254,-0.03196909855888652,-0.04215150592786143,-0.0188163877182169,-0.02480955404433473,-0.172569177691894,-0.19704035775500173,-0.08102330224060258,-0.024715946567038738,-0.07897805595773992,-0.02409204953438561,0.447446396029368,0.44293872635241816,-0.19540554875637062,-0.18596472033458233,-0.8118938305190522,-0.7726679723004845,-0.02590165287256241,-0.28933257795870304,-0.13175569660961628,-0.3196538733318448,-0.5340412747215479,-1.2956431211442538,0.8136351257562637,0.8991309329867363,-0.008548889309167862,0.03032088652253151,-0.04342211764704034,0.15400797157731347,0.013891523703932762,0.009131480008363724,-0.005592013709247112,-0.0076495385728776455,-0.2071278441186766,-0.2833384386169766
13,10,-0.06452771953071039,-0.1163746534244734,-0.015062213226740881,-0.018420707917189777,-0.29788278199801016,-0.3643031497524863,-0.0935587471346678,-0.32329724273222926,0.08573066457961034,-0.05355038751980168,0.437866693265843,-0.27350693268714893,0.06896951794624329,0.07034364342689514,0.01984405517578125,0.020262613892555237,0.5255060976773733,0.5365902816283025,-0.01935899855031043,-0.02545446458859312,0.07016792733352409,0.09143901509750949,0.2664487306492004,0.3472214504603756,-3.806906379289318,-3.863464392236173,-0.3354687354395969,-0.37960228262673734,-0.16627178242158316,-0.18814614143085712,-3.1483544031441273,-3.105216063195329,-0.5896414746378955,-0.5889464003206504,-0.34705146850140756,-0.34664236131866455,0.5024162494766248,0.4236362098795191,0.5939621249279162,0.5959606210674822,0.5789689218051577,0.5809169705217264,0.7905644530347535,0.614964226437531,0.14771250824901494,-0.013939220249469475,0.6137332071741386,-0.05791630276016688,0.11371777020394802,0.09369691461324692,0.00786372646689415,0.06337561924010515,0.031873798359434415,0.2568784299743363,0.8706196025013924,0.9118624702095985,0.04843558743596077,0.04305242374539375,0.24601742985399797,0.2186748876088429,0.019340667873620987,0.01661171019077301,-0.00014286953955888748,-0.000169308390468359,-0.005291878964839758,-0.0062711723776578115
13,11,-0.032277295050584076,-0.061031373724025936,0.017188211253385433,0.03692257178325768,0.3399282767181902,0.7302113066485832,-0.14698804006203361,-0.3395988706333005,0.03230137165224453,-0.06985201542087294,0.1649782474296041,-0.3567669883381105,-0.0010095536708831787,0.00815919041633606,-0.050135016441345215,-0.041921839118003845,-1.3276649663440094,-1.110165330987775,-0.12059539071621887,-0.16672245929304907,-0.03106846483238436,-0.04982897960694646,-0.11797630815657692,-0.18921562700160438,-2.204427591135457,-2.1830267274660944,1.267010052714264,1.3008353821433412,0.6279810830502764,0.6447462752157996,-1.094776230087454,-1.1691909165070524,1.4639366984187778,1.3470787463676261,0.8616445803635919,0.7928642695987752,-0.7295721914061928,-0.9315535475486714,-0.6380263159549013,-0.7592291363607084,-0.6219208140191709,-0.7400641489306528,0.5880789078691115,0.689777189774933,-0.05477303691662705,0.060873743087932475,-0.22757742057185049,0.2529253481707125,0.08660486340522766,0.041899969801306725,-0.01924918033182621,0.011578674428164959,-0.07802210504955985,0.04693148160055873,0.749717079102993,0.7620554938912392,-0.07246693596243858,-0.10675455257296562,-0.3680791392990722,-0.5422352043100299,0.020050188526511192,0.016950326971709728,0.0005666511133313179,0.000169308390468359,0.020988722412764955,0.0062711723776578115
14,0,-0.04015041687128204,-0.06511866455944537,0.003379286783543274,0.029025410066012558,0.06683156937812056,0.5740305072661426,-0.26629174788318233,-0.3064985120428998,-0.10833812566736575,-0.06884284028151022,-0.5533335950818125,-0.35161265781512113,-0.008229881525039673,0.0026561766862869263,-0.016721978783607483,-0.002987608313560486,-0.4428279269623347,-0.07911721532420296,-0.153119946331171,-0.20248637923913243,-0.0315611034345534,-0.057149814123875264,-0.11984700514314764,-0.21701503819208687,-2.75255495745293,-2.7430791053301222,0.00029697720060850585,0.008426328232281843,0.00014719383139845323,0.0041764267916497965,-1.7525313493910974,-1.8213224145217515,0.2952964287881079,0.2464770605093145,0.17380571696906158,0.14507158923004687,-0.053424243249522954,-0.028412429609316822,0.06109582932068219,0.18129169514524485,0.059553606103891175,0.17671540467872437,0.6974180999955342,0.5829877501517257,0.06945003369074232,0.0028188021227615323,0.28855912353418117,0.011711888774343128,0.0671112909913063,0.03473833203315735,0.04281776025891304,-0.00018625706434249878,0.17355189838313703,-0.0007549499765621641,0.6728047169744968,0.7113368101418018,-0.12150086462497711,-0.09765313938260078,-0.6171357058401801,-0.4960066686472123,0.03839861275628209,0.03889791760593653,0.021791724022477865,0.02533979166764766,0.8071641185251528,0.9385843260464598
14,1,-0.11841151647828005,-0.22328638629364028,-0.07488181282345474,-0.12914231166818235,-1.480924641625956,-2.554025128596332,-0.1884584922946012,-0.23640284565275765,-0.030504870078784635,0.0012528261086319215,-0.15580267172078294,0.006398770242990068,0.048503875732421875,0.06798933446407318,0.040011778473854065,0.06234554946422577,1.0595835065298733,1.6510217350374343,-0.04342265203514935,-0.07036125701506571,0.07813619086146824,0.07497530810019146,0.2967066245785351,0.2847038017579335,-3.4617901346993163,-3.447685459385843,-0.7089382000457776,-0.696180025823439,-0.3513782528613152,-0.3450547891691963,-2.5351432330308104,-2.5613551362286184,-0.487315454851605,-0.49355566119755245,-0.28682436956040325,-0.29049723327380267,0.9040345848089064,0.7688967392954138,1.0185546573791115,0.9786008640499755,0.9928435956315799,0.9538983436113382,0.5360697306372386,0.5060345834303549,-0.09189833566755323,-0.07413436459860923,-0.3818299543606125,-0.3080221295153911,0.02830503135919571,-0.11234460771083832,0.0040115006268024445,-0.14726919680833817,0.01625969095386733,-0.5969216634615194,0.8163638263940811,0.8772834166884422,0.022058244794607162,0.06829346716403961,0.11203978270387502,0.34688096412022296,0.008470753207802773,0.0038682781159877777,-0.008136135526001453,-0.00968984782230109,-0.30136195985559333,-0.3589113678230767
14,2,-0.07908953801776017,-0.09360866436557072,-0.035559834362934854,0.000535410259887209,-0.7032606847321524,0.010588715969199525,-0.1435825446769876,-0.2389084978700215,0.014371077538828964,-0.0012528261086319215,0.07339982993775444,-0.006398770242990068,0.07432341575622559,0.07329703867435455,0.06583131849765778,0.06765325367450714,1.7433311378251821,1.7915792421831944,-0.034668910866219954,-0.10046160970659652,0.08688993203039763,0.04487495540866064,0.3299472134277161,0.17040370666420507,-3.869480234477077,-3.9153430974530217,-1.1166282998235384,-1.1638376638906176,-0.5534458448735875,-0.5768447022965799,-2.8762073217212683,-2.880753263420193,-0.8283795435420629,-0.8129537883891271,-0.4875680382546855,-0.4784887397167779,-0.07537486351244979,-0.14875642881432952,0.039145209057755356,0.060947695940232166,0.03815707859277497,0.05940921200877457,0.5031155218927204,0.45939423996468565,-0.1248525444120715,-0.12077470806427848,-0.518751955499227,-0.5018088840577537,0.03716181730851531,0.08184374216943979,0.012868286576122046,0.046919153071939945,0.05215862648395598,0.19017594654473144,0.837013266980648,0.8472548276185989,0.04270768538117409,0.03826487809419632,0.21692386835157618,0.19435765024750118,0.02474302425980568,0.01882544904947281,0.008136135526001453,0.005267323111183941,0.30136195985559333,0.19510132432112715
14,3,-0.05064121546335965,-0.09986104079335321,-0.007111511808534338,-0.005716966167895285,-0.14064313722348504,-0.1130634496434916,-0.18827940444493774,-0.207940995555898,-0.030325782229121162,0.029714676205491564,-0.1548879861188369,0.15176678117876494,0.015233427286148071,0.006465703248977661,0.006741330027580261,0.000821918249130249,0.17852248467201373,0.02176586629518136,-0.17946334360900584,-0.17145572395349523,-0.05790450071238826,-0.026119158838238066,-0.21988081022196967,-0.0991823042598036,-2.2841317615955568,-2.368314774041999,0.46872017305798197,0.3831906595204049,0.23231654815515954,0.18992468517899116,-1.881828246840676,-1.9045608985089397,0.1659995313385294,0.16323857652212626,0.09770408561738493,0.096079041476643,-0.4940519481316729,-0.5955216312219701,-0.3795318755614678,-0.3858175064674084,-0.3699514692307691,-0.3760784338902065,0.5429179643935855,0.6618046519422445,-0.08505010191120632,0.08163570391328034,-0.3533761117132752,0.3391895715300741,0.02028203010559082,0.0902281403541565,-0.0040115006268024445,0.05530355125665665,-0.01625969095386733,0.22416016741379965,0.725113820284605,0.741299781948328,-0.06919176131486893,-0.0676901675760746,-0.35144364271955025,-0.3438166425764951,0.005576194263994694,0.006519311107695103,-0.011030694469809532,-0.007038814830593765,-0.4085762452415498,-0.2607172687364075
14,4,-0.04175511295406116,-0.05337601622396994,0.0017745907007641545,0.04076805840148799,0.035095772904936234,0.8062628294049388,-0.11452579961840903,-0.3242333682398502,0.043427822597407545,-0.08657769647846064,0.22180624832091933,-0.44219288224920095,-0.05242490582168102,-0.053139202296733856,-0.06091700308024883,-0.05878298729658127,-1.6131912699966473,-1.5566787126124224,-0.08533295866416396,-0.1255998023266433,0.036225884232453626,0.01973676278861386,0.13756058126816806,0.07494642626615002,-2.4998745497219836,-2.4229222531430534,0.2529773849315551,0.32858318041935064,0.12538575509816563,0.1628590247329181,-1.658113534197342,-1.5948368130058723,0.3897142439818633,0.47296266202519366,0.22937820097014097,0.27837659571518397,0.17301467569374168,0.17855658372528668,0.2875347482639468,0.3882607084798484,0.2802765971047365,0.37845996290616224,0.624343812864273,0.6056355247843938,-0.0036242534405188653,0.025466576755429626,-0.015058472122833124,0.10581151192360462,-0.020657887682318687,-0.028743784874677658,-0.04495141841471195,-0.0636683739721775,-0.18220018874677138,-0.2580650436412954,0.7837732136249542,0.760796558111906,-0.01053236797451973,-0.04819339141249657,-0.0534967414774063,-0.24478725083960484,0.051267046481370926,0.048611405305564404,0.0346601577475667,0.035053279367275536,1.2838101128391728,1.29837131347287
14,5,-0.04038732114883225,-0.08446548222927988,0.003142382505993066,0.009678592396178048,0.06214635451616401,0.1914118453508402,-0.07506517949315426,-0.27684434740352915,0.08288844272266231,-0.03918867564213957,0.4233501338511651,-0.20015493757145594,-0.043854355812072754,-0.0018833577632904053,-0.052346453070640564,-0.007527142763137817,-1.3862277662872449,-0.19933221234662826,-0.3322788321682425,-0.34205482707002866,-0.2107199892716249,-0.1967182619547715,-0.8001671960034182,-0.7469984248533348,-1.7600839943312314,-1.785205297324876,0.9927679403223073,0.9663001362375281,0.49205567473251355,0.47893716770921485,-1.467589913918284,-1.453010004271162,0.5802378642609214,0.614789470759904,0.3415166868910262,0.3618530883999577,-1.015690333882132,-1.1432361414175687,-0.9011702613119268,-0.933532016663007,-0.8784222977482924,-0.9099671552686454,0.7083506284988592,0.6883835025579359,0.08038256219406736,0.10821455452897177,0.3339828717353638,0.4496224889907348,0.07206384837627411,-0.060881031677126884,0.047770317643880844,-0.09580562077462673,0.19362594547983603,-0.3883259484071266,0.8048379495739937,0.8489735946059227,0.01053236797451973,0.03998364508152008,0.0534967414774063,0.20308773197301672,0.005903608165681362,0.004005625378340483,-0.010703280568122864,-0.009552500559948385,-0.39644885444515376,-0.35382403366656795
14,6,-0.04530429435558947,-0.06692137386869425,-0.0017745907007641545,0.027222700756763682,-0.035095772904936234,0.5383786375117425,-0.20642095491400284,-0.21738577660033853,-0.04846733269818626,0.020269895161051044,-0.24754538885281954,0.10352785681222433,0.004840195178985596,0.004821866750717163,-0.0036519020795822144,-0.000821918249130249,-0.09670890319249378,-0.02176586629518136,-0.13341138853720053,-0.14145529651102534,-0.01185254564058294,0.0038812686042318245,-0.04500768172734947,0.014738344599956193,-3.2456347612235463,-3.2328692206499756,-0.4927828265700076,-0.48136378708757155,-0.24424296592996245,-0.23858323121340513,-2.5710632918500154,-2.576376492405484,-0.52323551367081,-0.5085770173744182,-0.3079662154075218,-0.29933851046392135,-0.16961268927846823,-0.2706518206947938,-0.055092616708263084,-0.06094769594023214,-0.05370193073990857,-0.059409212008774484,0.6315923197453107,0.6073131248849,0.0036242534405188653,0.027144176855935842,0.015058472122833124,0.11278180104972,-0.012012042105197906,0.035110846161842346,-0.03630557283759117,0.00018625706434249878,-0.14715625127868742,0.0007549499765621641,0.8456014543771744,0.8444921225309372,0.051295872777700424,0.035502173006534576,0.2605455915977618,0.1803251249682375,0.02571767568588257,0.03175549954175949,0.009110786952078342,0.018197373603470623,0.3374629887777273,0.6740295999053357
14,7,-0.05629577241989739,-0.09467948488534514,-0.012766068765072074,-0.000535410259887209,-0.25247233070411185,-0.010588715969199525,-0.17232469975464554,-0.30031135943919895,-0.014371077538828964,-0.06265568767780938,-0.07339982993775444,-0.3200119690230974,0.02712903916835785,0.03050580620765686,0.01863694190979004,0.024862021207809448,0.4935395779188605,0.6583908192935002,-0.1022526482154037,-0.14921783371948896,0.01930619468121389,-0.0038812686042317968,0.07331142962260602,-0.014738344599956087,-3.414523594582191,-3.4792117053458003,-0.6616716599286523,-0.7277062717833962,-0.32795105669092645,-0.3606804632039296,-2.40044597572971,-2.3898930695913716,-0.3526181975505045,-0.3220935945603056,-0.20754419175716005,-0.18957800594962912,0.36592121771230046,0.1714013313557729,0.4804412902825056,0.3811054561103346,0.46831365865171765,0.37148532837012355,0.7303192154289773,0.544156503297785,0.10235114912418541,-0.03601244473117915,0.42526052637362716,-0.1496287177372156,-0.02320510894060135,0.04951924458146095,-0.047498639672994614,0.014594655483961105,-0.1925247615946661,0.059156063983100346,0.760064247995615,0.773487776517868,-0.03424133360385895,-0.035502173006534576,-0.17392098112018312,-0.1803251249682375,0.003937100991606712,0.007021928206086159,-0.012669787742197514,-0.006536197732202709,-0.4692881593160342,-0.24210036230165188
14,8,-0.03492904846440726,-0.10094566508175895,0.008600655190418055,-0.006801590456301021,0.1700936679464145,-0.1345138763231053,-0.06242094197225527,-0.2556080952789659,0.0955326802435613,-0.01795242351757631,0.4879301823004886,-0.09169144273283343,-0.0033423900604248047,-0.011915117502212524,-0.011834487318992615,-0.017558902502059937,-0.3133984054129363,-0.4649911649417549,-0.18542974688224023,-0.27634248948813933,-0.06387090398562265,-0.13100592437288217,-0.24253703848902594,-0.4974689089897401,-1.6634600952466063,-1.6931680762938983,1.0893918394069324,1.0583373572685058,0.5399463608921976,0.5245545119600781,-1.3756166475653837,-1.325628812860844,0.6722111306138217,0.742170662170222,0.39565035713572394,0.4368271725509381,-0.4296486332759066,-0.6030047367611169,-0.31512856070570144,-0.3933006120065552,-0.3071738674312497,-0.3833726456992167,0.6046113562277287,0.5773501459062026,-0.023356710077063192,-0.0028188021227615323,-0.0970451910576646,-0.011711888774343128,0.016557734459638596,-0.02453598380088806,-0.007735796272754669,-0.05946057289838791,-0.03135526287511262,-0.2410096941797884,0.7798639759421349,0.7539640851318836,-0.014441605657339096,-0.055025864392519,-0.07335281545786926,-0.27949122638887264,0.0076659126207232475,0.008290802827104926,-0.008940976113080978,-0.005267323111183941,-0.3311732057374344,-0.19510132432112715
14,9,-0.040988350082418225,-0.06408488594779743,0.00254135357240709,0.030059188677660498,0.05025990940330146,0.5944753678037038,-0.19194495093918695,-0.2332126686254688,-0.03399132872337038,0.0044430031359207756,-0.1736096504185306,0.0226924998287963,0.0045003741979599,0.02718520164489746,-0.00399172306060791,0.02154141664505005,-0.1057079709770692,0.5704552672983081,-0.10970629725603465,-0.1265311908158095,0.01185254564058294,0.018805374299447675,0.04500768172734947,0.07140966395735313,-2.7531489118541472,-2.759931761794686,-0.00029697720060850585,-0.008426328232281843,-0.00014719383139845323,-0.0041764267916497965,-2.2011323045216704,-2.231038051553192,-0.15330452634246505,-0.1632385765221258,-0.09023205334688955,-0.09607904147664274,-0.1536652816279605,-0.31896758814540066,-0.039145209057755356,-0.10926346339083898,-0.03815707859277492,-0.10650535941120598,0.7566185528688032,0.7120243393269859,0.12865048656401135,0.13185539129802182,0.5345320897966043,0.547848202862506,0.11215495690703392,0.045722246170043945,0.08786142617464066,0.010797657072544098,0.35612599106195814,0.04376580819964883,0.8458706513047218,0.8828949332237244,0.05156506970524788,0.07390498369932175,0.26191291549627715,0.37538337213620077,0.03932461887598038,0.04161146096885204,0.02271773014217615,0.028053335030563176,0.8414633282886479,1.039093805440942
14,10,-0.03301978507223653,-0.10174030909436724,0.010509918582588783,-0.0075962344689093075,0.20785283934209367,-0.1502294133169364,-0.10665543304478153,-0.2006531674981248,0.05129818917103504,0.03700250426326476,0.26200389992297995,0.18898913549498395,0.012143999338150024,0.0024416744709014893,0.0036519020795822144,-0.003202110528945923,0.09670890319249378,-0.08479761790078542,-0.18733378380935478,-0.24865773796748447,-0.0657749409127372,-0.1033211728522273,-0.24976723954552044,-0.39234157829412886,-2.0160860467697153,-2.0991762291990184,0.7367658878838235,0.6523292043633857,0.3651707729047707,0.3233205603885042,-1.8945232518367399,-1.9005367736794683,0.1533045263424655,0.1672627013515977,0.09023205334688982,0.09844756284356125,-0.53808351711292,-0.6506993607889482,-0.4235634445427149,-0.4409952360343865,-0.4128715628673052,-0.4298633290111317,0.6740200378829954,0.48461941319105956,0.04605197157820351,-0.09554953483790457,0.19134211820258354,-0.39700038375359,0.00774611160159111,-0.07820872589945793,-0.016547419130802155,-0.11313331499695778,-0.06707114024943295,-0.45855975346146904,0.7795378193259239,0.7709010392427444,-0.014767762273550034,-0.03808891028165817,-0.07500945299852428,-0.19346386220302042,0.006204059347510338,0.007226129993796349,-0.010402829386293888,-0.006331995944492519,-0.38532016113522216,-0.2345367406346217
14,11,-0.077346647584387,-0.1163534423536808,-0.03381694392956169,-0.022209367728222865,-0.6687918425244754,-0.4392308185861049,-0.048481403233278736,-0.2208715412372999,0.10947221898253784,0.01678413052408967,0.5591259412884392,0.08572442273675475,0.07603281736373901,0.06210148334503174,0.0675407201051712,0.056457698345184326,1.788599151856112,1.4951008994085841,0.02061565096594871,-0.010977886476066064,0.1421744938625663,0.1343586786391911,0.5398793274926101,0.5102003256409755,-3.6436610222122807,-3.579486058704642,-0.890809087558742,-0.8279806251422381,-0.4415207712028515,-0.41038046115544763,-2.2892262463487154,-2.3433311273199946,-0.24139846816951005,-0.2755316522889286,-0.14208242885843034,-0.16217255511786258,0.040402883910727105,-0.08859227272394704,0.15492295648093224,0.12111185203061464,0.15101228396931582,0.11805466282298825,0.5785885360248518,0.5685512654581122,-0.04937953027994002,-0.01161768257085194,-0.20516784832040233,-0.04827050646327103,0.13167916983366013,0.128779087215662,0.10738563910126686,0.09385449811816216,0.4352628771896535,0.3804175235161425,0.8557954579591751,0.8946024477481842,0.06148987635970116,0.08561249822378159,0.3123236889416228,0.4348490003190755,0.038470689207315445,0.04091879166662693,0.02186380047351122,0.027360665728338063,0.8098338258417813,1.0134373770563283
15,0,-0.050513832364793745,-0.0842597629710355,0.018568176015908294,0.019000000687059218,0.367219600797293,0.3757597225205363,-0.22357487089480538,-0.2778534550399612,-0.005752564597505921,-0.03095059533703806,-0.02938104411600633,-0.1580791995640409,0.026016458868980408,0.061406463384628296,-0.018938399851322174,-0.0003401264548301697,-0.501522723755995,-0.009007157277650788,-0.10414025609038974,-0.13812158852215795,-0.07193790021598959,-0.04872277894100166,-0.2731698501939574,-0.18501505026398324,-3.8623909452439387,-3.9337930852224834,-0.3051383563317822,-0.3613508612040919,-0.1512388280415863,-0.17910000374027898,-2.764956010374237,-2.764698040961847,-0.06258199407258225,-0.12947392579755101,-0.036834540782556054,-0.0762058267836007,0.029285908113522913,-0.08778174851763466,0.14693268522825548,0.15580053895838047,0.14322370867479778,0.15186771390236914,0.6644384702604653,0.6518317760645822,0.03777410846843665,0.08942608231247928,0.15694828429421118,0.37155794694199445,0.10480770375579596,0.15694328024983406,0.02791591826826334,0.11491245031356812,0.113150724869059,0.46577106740715657,0.8313322067260742,0.8734445720911026,-0.0006412453949451447,0.009521547704935074,-0.0032570585456137154,0.04836251233036985,0.014288835227489471,0.012038979679346085,-0.004706467501819134,-0.004935099743306637,-0.17432726701910387,-0.18279579119260825
15,1,-0.07138558561401415,-0.16276037151715186,-0.002303577233312107,-0.05950060785905714,-0.045557447931227235,-1.1767332152861658,-0.13578261892869276,-0.30303248148115824,0.0820396873686067,-0.056129621778235134,0.4190151423741435,-0.2866802911515465,0.08118382096290588,0.07559919357299805,0.0362289622426033,0.013852603733539581,0.959407762292811,0.3668417400677179,0.13383749169070083,0.07657493356949457,0.16603984756510098,0.16597374315065086,0.6305032555774358,0.6302522372277441,-3.648890548019745,-3.6700531631168856,-0.09163795910758843,-0.09761093909849405,-0.04541945400166316,-0.048379902843952216,-2.8435355419580004,-2.8236186905313154,-0.14116152565634543,-0.18839457536701953,-0.08308492004403052,-0.11088537162175595,0.07037423312698696,-0.04113563487418896,0.18802101024171952,0.20244665260182615,0.1832748537452216,0.19733635405484376,0.45711978944053877,0.5638503325754202,-0.1695445723514899,0.0014446388233172458,-0.7044436207990639,0.006002354362218879,-0.12054859101772308,0.03177562355995178,-0.1974403765052557,-0.010255206376314163,-0.8002789485663379,-0.041567109632963235,0.8540020436048508,0.8962583690881729,0.022028591483831406,0.032335344702005386,0.11188916552981144,0.16423994872671369,0.005910500884056091,0.007109042257070541,-0.013084801845252514,-0.00986503716558218,-0.4846602561874136,-0.36540037033148876
15,2,-0.16414890191602957,-0.20329020405636694,-0.09506689353532753,-0.10003044039827222,-1.8801214865246967,-1.978284693077004,-0.2452166581586192,-0.22568715363022251,-0.02739435186131975,0.021215706072700596,-0.13991579701961046,0.10835855652007705,0.072669118642807,0.07721415162086487,0.027714259922504425,0.015467561781406403,0.7339232053570596,0.4096087196053945,-0.06276604667963945,-0.12040764850998464,-0.030563690805239296,-0.03100883892882836,-0.11605952931033574,-0.11774989066186038,-3.6668238117716205,-3.7836855662043174,-0.10957122285946408,-0.2112433421859259,-0.05430789996892565,-0.10470068688791584,-2.917278257118877,-2.953061607923205,-0.21490424081722193,-0.31783749275890916,-0.12648844352171637,-0.18707294746273548,0.34334373859182254,0.1485840882518611,0.46099051570655514,0.3921663757278762,0.44935387399224985,0.38226704059784977,0.5908591452822392,0.5100495889842832,-0.03580521650978952,-0.05235610476781971,-0.1487677016835443,-0.21753526817193888,-0.06522000953555107,0.008711833506822586,-0.1421117950230837,-0.03331899642944336,-0.5760173269165183,-0.1350508538415936,0.7974252849817276,0.842945821583271,-0.03454816713929176,-0.0209772028028965,-0.1754794715148749,-0.10654887846499203,0.016131039708852768,0.01220228523015976,-0.0028642630204558372,-0.004771794192492962,-0.1060921262469047,-0.17674696362683973
15,3,-0.12496202778981522,-0.09824619926611525,-0.05588001940911318,0.005013564391979475,-1.1051294646484822,0.09915239456028853,-0.19695866794356076,-0.3450283717040345,0.020863638353738695,-0.09812551200111139,0.10656038163523938,-0.5011729895671797,0.045749664306640625,0.053817540407180786,0.0007948055863380432,-0.00792904943227768,0.021047874458565048,-0.2099754202725952,-0.001638665069160862,-0.06195924612789293,0.03056369080523929,0.027439563453263358,0.11605952931033571,0.1041962778369987,-3.2010347544844766,-3.1907420083719575,0.35621783442767985,0.38170021564643397,0.1765558694554153,0.1891859613178846,-2.3646586585268663,-2.295705649402896,0.33771535777478867,0.3395184657614001,0.19877267100859064,0.19983394519220266,0.5471107960520074,0.33655723440646246,0.66475757316674,0.5801395218824776,0.6479773023319784,0.5654952384743738,0.742028826774294,0.6229716905708482,0.11536446498226538,0.060565996818745305,0.4793297732656063,0.25164668797447703,0.10873424110468477,0.02208862081170082,0.031842455617152154,-0.019942209124565125,0.1290660368062379,-0.08083113714013902,0.802060917019844,0.8501892685890198,-0.029912535101175308,-0.01373375579714775,-0.15193384442252042,-0.06975745484503411,0.031928081065416336,0.03549383580684662,0.01293277833610773,0.018519756384193897,0.47902931475169347,0.6859706382904484
15,4,-0.07219916572647472,-0.1305533571002493,-0.0031171573457726837,-0.027293593442154568,-0.061647480891838156,-0.5397806698711076,-0.17962349255571028,-0.24314644520685763,0.03819881374158918,0.00375641449606548,0.19509924881283963,0.019185769782534275,0.03750501573085785,0.07539834082126617,-0.007449842989444733,0.013651750981807709,-0.19728517598914153,0.3615227997183081,0.07661311693529828,-0.018815158454644914,0.10881547280969843,0.07058365112651137,0.4132050882352969,0.26802735896489255,-3.9592232542632306,-3.8997668613712113,-0.4019706653510742,-0.3273246373528198,-0.1992328105375623,-0.16223524022837346,-3.2351922023786868,-3.181535270160523,-0.5328181860770318,-0.5463111549962272,-0.31360638943495006,-0.32154808770291254,-0.2848033896939323,-0.40767597048826143,-0.16715661257919973,-0.1640936830122463,-0.16293712965170437,-0.15995151667316743,0.48610079601968276,0.5130765462820563,-0.1405635657723459,-0.049329147470046575,-0.5840299447617708,-0.20495851192859033,0.05493755638599396,-0.13659781031310558,-0.021954229101538658,-0.17862864024937153,-0.08898639524978907,-0.7240299220093737,0.8487310335040092,0.8882559016346931,0.016757581382989883,0.02433287724852562,0.08511628165681187,0.12359325525988328,0.010667461901903152,0.007359720766544342,-0.008327840827405453,-0.00961435865610838,-0.3084627124378465,-0.356115253746683
15,5,-0.0645684211321215,-0.09963481725031939,0.0045135872485805445,0.0036249464077753313,0.08926443319836339,0.0716899372148548,-0.40068258087845343,-0.1809097277676741,-0.18286027458115398,0.065993131935249,-0.9339531444572162,0.33705786138996613,0.07164505124092102,0.06913363933563232,0.02669019252061844,0.007387049496173859,0.7068040676930754,0.19562229190038027,-0.07027802170912742,-0.11683837303441963,-0.03807566583472727,-0.027439563453263344,-0.1445847585331074,-0.10419627783699864,-3.8804541319485693,-3.902749625386563,-0.3232015430364128,-0.3303074013681715,-0.16019166904376533,-0.16371361790409217,-2.707579456736071,-2.6414041826530115,-0.005205440434416175,-0.006180067488715579,-0.0030638206853921897,-0.003637467155297532,-0.13582028042812982,-0.2819989663264822,-0.018173503313397246,-0.03841667885046707,-0.01771475516230432,-0.037446938449297966,0.7633188801936068,0.4834509396257091,0.13665451840157816,-0.0789547541263938,0.5677881775052533,-0.3280504477653832,-0.10543941147625446,0.0630459152162075,-0.18233119696378708,0.02101508527994156,-0.739037380194305,0.08517979275336254,0.7729824483394623,0.8266933485865593,-0.05899100378155708,-0.03722967579960823,-0.2996312402329032,-0.18909957821048407,0.0038926638662815094,0.007813019677996635,-0.015102638863027096,-0.009161059744656086,-0.5594008153143296,-0.3393250899251609
15,6,-0.06677843114738993,-0.10688471006587005,0.002303577233312107,-0.0036249464077753313,0.045557447931227235,-0.0716899372148548,-0.274342729654467,-0.22492004261032844,-0.05652042335716753,0.02198281709259467,-0.2886762980171097,0.1122765521088887,0.02520933747291565,0.0414128303527832,-0.019745521247386932,-0.020333759486675262,-0.5228967428987938,-0.5384743442960269,0.024462188708993353,-0.025962737582064317,0.056664544583393504,0.06343607199909197,0.21517232374978199,0.24088585061360163,-4.092030755526699,-4.055778026356766,-0.5347781666145428,-0.48333580233837425,-0.2650575435789208,-0.23956064119554205,-2.9611294878166947,-2.9786286908420756,-0.25875547151503975,-0.3434045756777797,-0.15229842240527028,-0.20212123367384424,-0.09947327380133533,-0.20516560862554803,0.018173503313397246,0.038416678850467095,0.017714755162304377,0.03744693844929804,0.5603495668248692,0.5328787452413024,-0.06631479496715942,-0.02952694851080051,-0.27553246695722255,-0.12268201943365281,-0.03364548832178116,0.21175884827971458,-0.11053727380931377,0.16972801834344864,-0.44803730030950517,0.687953307557269,0.8326146975159645,0.8499729037284851,0.0006412453949451447,-0.013950120657682419,0.0032570585456137154,-0.0708564304065432,0.03924022242426872,0.0424719974398613,0.020244919694960117,0.025497918017208576,0.7498705812968032,0.9444413163161275
15,7,-0.1492948864332612,-0.18089353038016706,-0.08021287805255915,-0.07763376672207234,-1.5863561952464524,-1.5353495572017832,-0.07401169061812793,-0.334875710998772,0.14381061567917153,-0.08797285129584889,0.7345082305467185,-0.4493185919293869,0.11743438243865967,0.12787604331970215,0.07247952371835709,0.06612945348024368,1.9193875109374632,1.7512262857620335,0.035280803982762635,0.03175609217328004,0.06748315985716279,0.12115490175443633,0.2562538608083899,0.4600616123511317,-3.465614629804568,-3.4748312849198975,0.09163795910758843,0.09761093909849405,0.04541945400166316,0.048379902843952216,-2.697168575867239,-2.6290440476755808,0.005205440434416175,0.006180067488715135,0.0030638206853921897,0.003637467155297271,0.9343066758792558,0.8128165110889446,1.0519534529939882,1.0563987985649597,1.025399315727508,1.0297324488083237,0.5933821777412249,0.5701046054378445,-0.03328218405080374,0.00769891168574155,-0.1382847113043723,0.03198833881200528,0.09414652548730373,-0.142412094399333,0.017254739999771118,-0.18444292433559895,0.0699381019688989,-0.7475967791920443,0.8526252657175064,0.8837026879191399,0.020651813596487045,0.019779663532972336,0.10489613880597734,0.100466253086999,0.021859565749764442,0.019699713215231895,0.0028642630204558372,0.002725633792579174,0.1060921262469047,0.10095730816617507
15,8,-0.031197859565226055,-0.045706216163781246,0.037884148815475985,0.057553547494313476,0.7492282490560939,1.138226539710879,-0.3612224978689997,-0.3432859381452947,-0.14340019157170023,-0.09638307844237157,-0.7324120022291581,-0.4922735645558134,-0.03135968744754791,-0.03357011079788208,-0.0763145461678505,-0.09531670063734055,-2.0209457692715773,-2.5241568294238146,-0.20304632730404049,-0.23358656749105955,-0.17084397142964033,-0.14418775790990326,-0.6487459592489246,-0.5475242967864132,-2.1031311629730416,-2.0779765010927926,1.4541214259391149,1.4944657229255989,0.7207209966421582,0.7407172510224601,-1.8573601175815981,-1.7546031954342507,0.8450138987200568,0.8806209197300452,0.49735869518844683,0.5183162930881974,-0.4400174976151807,-0.443931287254891,-0.3223707205004481,-0.20034899977887588,-0.31423321561513273,-0.19529165163653303,0.7341339841645071,0.6055377326054197,0.10746962237247848,0.043132038853316734,0.4465273577323782,0.1792100401733051,0.08218742161989212,0.08280845731496811,0.005295636132359505,0.040777627378702164,0.021464637532646522,0.16528269111555813,0.8774645403027534,0.8900810182094574,0.045491088181734085,0.02615799382328987,0.23106152290459578,0.13286351526242982,0.03252122923731804,0.03245364036411047,0.013525926508009434,0.015479560941457748,0.5009994865854593,0.5733619859346684
15,9,-0.07585401588982171,-0.13414608439729514,-0.0067720075091196735,-0.030886320739200418,-0.13392881950088245,-0.6108334153138687,-0.10980079692588668,-0.23854852000912563,0.10802150937141278,0.00835433969379748,0.5517164872333801,0.04266952920615403,0.05604073405265808,0.062086716294288635,0.0110858753323555,0.0003401264548301697,0.2935738201511344,0.009007157277650788,0.12076045025443603,0.10981810879393167,0.15296280612883617,0.19921691837508795,0.5808457949148484,0.7564865750213919,-3.227494498274319,-3.1603081238945188,0.3297580906378377,0.41213410012387275,0.16344135743810204,0.20427021711729704,-2.0246862277361872,-1.9381685076645168,0.6776877885654677,0.6970556074997791,0.39887381116050385,0.41027333153337103,-0.19890727217008936,-0.3296456781293905,-0.08126049505535678,-0.08606339065337537,-0.07920926138726934,-0.08389091896983833,0.5528670852274695,0.5609610549287857,-0.07379727656455914,-0.0014446388233172458,-0.30662155672240315,-0.006002354362218879,0.19702383130788803,0.038625478744506836,0.12013204582035542,-0.0034053511917591095,0.4869274918328471,-0.013802804266672183,0.8621222972869873,0.9118398204445839,0.03014884516596794,0.04791679605841637,0.15313412706316723,0.24338234833459577,0.09168310090899467,0.0860959105193615,0.07268779817968607,0.06912183109670877,2.6923515773567157,2.5602683757590756
15,10,-0.0563068895715423,-0.06907871207787383,0.012775118809159741,0.03418105158022089,0.2526513118584387,0.6759927364629947,-0.21206974169979353,-0.21673430241618644,0.005752564597505921,0.030168557286736675,0.02938104411600633,0.1540849646333697,0.04416005313396454,0.027515873312950134,-0.0007948055863380432,-0.03423071652650833,-0.021047874458565048,-0.9064906392973466,-0.11711959029898142,-0.15306084302295284,-0.08491723442458127,-0.06366203344179655,-0.3224562871170944,-0.24174389419379916,-3.261334586718738,-3.2249497443651265,0.29591800219341824,0.347492479653265,0.14666885011164582,0.17223123309637717,-2.150587112572733,-2.153827345639348,0.5517869037289218,0.4813967695249479,0.3247710065791558,0.28334074684632005,-0.38874538190711333,-0.5301985837840815,-0.27109860479238074,-0.28661629630806634,-0.2642553461444629,-0.27938132934891696,0.691004161611912,0.392601571283279,0.06433979981988336,-0.16980412246882393,0.26732652610455154,-0.705522029986086,0.07159614935517311,0.13284560479223728,-0.005295636132359505,0.09081477485597134,-0.021464637532646522,0.36809670758549645,0.8025795146822929,0.8544014766812325,-0.029393937438726425,-0.009521547704935074,-0.14929974683440608,-0.04836251233036985,0.013995833694934845,0.014248445630073547,-0.00499946903437376,-0.002725633792579174,-0.18518002577775128,-0.10095730816617507
15,11,-0.04798968100049346,-0.0842604627251604,0.02109232738020858,0.018999300932934324,0.41713930511053054,0.3757458836044155,-0.33999110193923016,-0.2506592741989886,-0.1221687956419307,-0.00375641449606548,-0.623973310253859,-0.019185769782534275,0.024934113025665283,0.024768859148025513,-0.0200207456946373,-0.03697773069143295,-0.5301851788549924,-0.9792364909535051,-0.3118511206246855,-0.37010514910441494,-0.27964876475028533,-0.28070633952325863,-1.0619104942512787,-1.0659264238438109,-3.042100624439575,-3.0588899426174683,0.5151519644725813,0.5135522814009232,0.2553300093333404,0.2545371421372791,-2.168778080961857,-2.18156450862025,0.5335959353397981,0.4536596065440457,0.3140641574776996,0.2670151938473616,-0.8035355293381992,-0.8359578048902916,-0.6858887522234666,-0.5923755174142764,-0.6685750735390725,-0.5774223645366929,0.6599465458428325,0.6364848104630527,0.033282184050803854,0.0740791167109498,0.13828471130437275,0.3077925791294099,0.26425406336784363,0.045436181128025055,0.187362277880311,0.0034053511917591095,0.759429704283703,0.013802804266672183,0.679641105234623,0.6884005255997181,-0.1523323468863964,-0.17552249878644943,-0.7737371310747173,-0.8915261756675588,0.027886273339390755,0.024281702935695648,0.00889097061008215,0.007307623513042927,0.3293210049795769,0.2706739258139834
16,0,-0.07962550430824133,-0.17101348932737068,-0.00518113959988703,-0.07987167597699202,-0.1024665004206926,-1.579608300898961,-0.3584375687781449,-0.19562310171040947,-0.02368997233597875,0.1340350042749765,-0.12099579422578483,0.6845796004445699,0.04019096493721008,0.024830222129821777,0.005566760897636414,-0.00233672559261322,0.14741779188309143,-0.061880675932391764,-0.12597120559130648,-0.17268607100353423,0.02105081721047547,0.0021386602367254315,0.07993628624939786,0.008121136351324944,-3.2839307555083805,-3.29772231676547,-0.05427722016900827,-0.04901049330656804,-0.026901970851512243,-0.02429156943273906,-2.390652835113529,-2.5207833656503675,-0.08389310622093094,-0.21947073857058097,-0.049377845628987664,-0.12917619501033897,0.05379153523880156,-0.06143315591755107,0.18735910715952714,0.16387315941801206,0.1826296588788268,0.1597365596881545,0.677233381701535,0.463363790500234,0.10780697295559749,-0.07687994408694421,0.4479290213949481,-0.31942978432338265,0.1289490933995694,0.0003141816705465317,0.09907995420508087,-0.05130430683493614,0.40159770244933835,-0.20795015415549795,0.7211293615400791,0.7506892941892147,-0.04141741618514061,-0.03582607954740524,-0.21037024263479034,-0.18197033376854901,0.017623325809836388,0.009296130388975143,-0.0011025043204426765,-0.00735669513233006,-0.040836692271908545,-0.27249153557655403
16,1,-0.10434158753551462,-0.09901531787514957,-0.029897222827160314,-0.00787350452477091,-0.5912721972331257,-0.15571293518463666,-0.5160562466118112,-0.2517713335448081,-0.18130865016964498,0.0778867724405779,-0.9260282712092421,0.39780425901207966,0.07649347186088562,0.07495589554309845,0.04186926782131195,0.04778894782066345,1.1087731489599748,1.2655368703063368,0.003426152244665352,-0.03902386345499209,0.1504481750464473,0.13580086778526756,0.5712969841488018,0.5156767517223904,-3.488638973340243,-3.4107566238045655,-0.2589854380008707,-0.16204480034566338,-0.1283635875671423,-0.08031591304720662,-2.5377391371149223,-2.376880547510794,-0.230979408222324,-0.07556792043100735,-0.13594997344169477,-0.04447780369127567,0.10090465422911363,-0.0466499722366428,0.2344722261498392,0.17865634309892034,0.22855351590592163,0.17414657601305367,0.6123972491566021,0.3928135031458636,0.04297084041066457,-0.14743023144131462,0.17854027402842584,-0.6125603704756463,-0.10222626477479935,0.11942601576447487,-0.13209540396928787,0.0678075272589922,-0.535418200016314,0.2748421451590226,0.8541509285569191,0.8551575839519501,0.09160415083169937,0.06864221021533012,0.4652822221134195,0.34865232426469045,0.012477053329348564,0.00784217193722725,-0.0062487768009305,-0.008810653584077954,-0.23145430867153477,-0.3263460672724745
16,2,-0.04938909870953036,-0.07109769955405812,0.025055265998823947,0.02004411379632054,0.4955136557341626,0.39640896662731706,-0.19778109126481064,-0.2775610003288651,0.13696650517735554,0.05209710565652087,0.6995521497969498,0.26608434093449695,0.013093888759613037,0.010822027921676636,-0.021530315279960632,-0.016344919800758362,-0.5701612832816666,-0.43284273024140085,-0.22729472649789548,-0.27545554312625675,-0.08027270369611353,-0.1006308118859971,-0.3048196065980992,-0.38212546828944144,-1.7583308911485158,-1.741353583510886,1.4713226441908565,1.507358239948016,0.7292466114503218,0.7471073004033923,-1.1011261599573043,-1.1758065277111516,1.205633568935294,1.125506099368635,0.7096123976532359,0.6624509322941579,-0.740338923823652,-0.8777367288606943,-0.6067713519029264,-0.6524304135251312,-0.5914548094057841,-0.6359613133874166,0.5682229240126336,0.39272564312852615,-0.0012034847333038945,-0.14751809145865208,-0.00500037914128804,-0.6129254215526476,0.012365113943815231,0.028440400958061218,-0.017504025250673294,-0.023178087547421455,-0.07094852213733784,-0.0939470226938876,0.6107301339507103,0.6159791257232428,-0.15181664377450943,-0.1705362480133772,-0.7711177356906542,-0.8661996613268247,0.006115107564255595,0.0036270420532673597,-0.012610722566023469,-0.013025783468037844,-0.46710038882055255,-0.48247421912251104
16,3,-0.06926322510846727,-0.11818235969719457,0.00518113959988703,-0.027040546346815908,0.1024665004206926,-0.534776201297912,-0.3022636965836599,-0.21947801467391298,0.03248389985850625,0.110180091311473,0.16591050454548528,0.5627413771123083,0.04758173227310181,0.052297234535217285,0.012957528233528137,0.025130286812782288,0.3431385388333402,0.6654949726513476,-0.08492933296924668,-0.09448440891116128,0.06209268983253527,0.08034032232909838,0.23578462436026762,0.30507637489113154,-3.5839180863368743,-3.5765230751096913,-0.354264550997502,-0.32781125165078917,-0.17558774371611313,-0.1624764258237142,-2.16022132512375,-2.1570409470324616,0.1465384037688482,0.14427168004732494,0.08624964560212177,0.08491549624174184,-0.03682469005112303,-0.22473121016719833,0.09674288186960255,0.0005751051683648145,0.09430083107599681,0.0005605879655932197,0.37435063914616623,0.6389125569580509,-0.1950757695997713,0.09866882237087271,-0.8105236255050146,0.4099607644579749,0.07076183706521988,0.16843141615390778,0.040892697870731354,0.1168129276484251,0.16574910276854482,0.473474213188349,0.8743557333946228,0.8982783854007721,0.11180895566940308,0.11176301166415215,0.5679078827074105,0.5676745206963898,0.04415527358651161,0.04491978883743286,0.025429443456232548,0.028266963316127658,0.9419050227858587,1.047006584009165
16,4,-0.08125986331097555,-0.07876650066743564,-0.006815498602621248,0.012375312682943021,-0.13478893532379382,0.24474441535229666,-0.3110576241061874,-0.4527415432981785,0.02368997233597875,-0.12308343731279253,0.12099579422578483,-0.6286448140373333,0.03406733274459839,0.023683160543441772,-0.0005568712949752808,-0.003483787178993225,-0.014746948571689013,-0.0922569197351125,-0.23917571996978493,-0.29547893237394174,-0.09215369716800298,-0.12065420113368208,-0.34993531329966965,-0.4581603014544723,-3.175376315170364,-3.1997013301523336,0.05427722016900827,0.04901049330656848,0.026901970851512243,0.02429156943273928,-2.426249605895296,-2.4011031473623476,-0.11948987700269775,-0.09979052028256108,-0.07032941044438133,-0.058734753398835174,-0.574362411469933,-0.7159002012640313,-0.4407948395492075,-0.4905938859284682,-0.4296679910727544,-0.4782099754503352,0.5986852030662927,0.5359199481949982,0.029258794320355164,-0.004323786392180007,0.12156786103725101,-0.01796497345461758,0.08214685972779989,0.05272280052304268,0.05227772053331137,0.0011043120175600052,0.21189566167956334,0.004476073617488099,0.7723167315125465,0.817451573908329,0.009769953787326813,0.03093620017170906,0.04962423391124085,0.15713331578264372,0.012370998039841652,0.00819266214966774,-0.006354832090437412,-0.008460163371637464,-0.23538259007696544,-0.31336393134397195
16,5,-0.0501318072637493,-0.08326830882560773,0.024312557444605004,0.007873504524770925,0.4808252373049454,0.15571293518463694,-0.2358062583745716,-0.21006336375461548,0.09894133806759459,0.11959474223077049,0.5053397957358098,0.61082641280519,0.03518107533454895,0.03516918420791626,0.0005568712949752808,0.008002236485481262,0.014746948571689013,0.21191354443062818,-0.16811253071470278,-0.20806739210041503,-0.02109050791292083,-0.03324266086015537,-0.0800870037878378,-0.1262323845977196,-2.556423014413813,-2.5948591481420515,0.6732305209255594,0.6538526753168505,0.3336800925672521,0.3240756537970395,-1.6521030499737859,-1.6141775541412984,0.6546566789188124,0.6871350729384882,0.38531814934245207,0.40443429843291057,-0.23031045379032813,-0.22588142050392795,-0.09674288186960256,-0.0005751051683648145,-0.09430083107599677,-0.0005605879655931656,0.5470347301452676,0.5157467413589698,-0.02239167860066993,-0.02449699322820842,-0.09303556540001634,-0.10178297287272399,0.04358851537108421,0.26184674352407455,0.013719376176595688,0.21022825501859188,0.05560832153953981,0.8521116595456665,0.7246194444596767,0.7291946895420551,-0.037927333265542984,-0.05732068419456482,-0.19264316890017377,-0.2911472359381284,0.014364304021000862,0.016270650550723076,-0.004361526109278202,-0.00038217497058212757,-0.16155065903866372,-0.014155737422799061
16,6,-0.02434982496853497,-0.05010816698149656,0.05009453973981934,0.0410336463688821,0.9907110353553338,0.8115153166325194,-0.46201628366611397,-0.4375531936166563,-0.1272686872239478,-0.10789508763127031,-0.6500208473163821,-0.5510707921418451,-0.018134593963623047,-0.016762450337409973,-0.052758798003196716,-0.04392939805984497,-1.3971473981107383,-1.1633290848696833,-0.16807284001225742,-0.17696339147698506,-0.02105081721047547,-0.0021386602367254037,-0.07993628624939786,-0.008121136351324838,-1.8773387690151475,-1.9269340180871812,1.3523147663242248,1.3217778053717208,0.6702615261511946,0.6551261815097404,-1.2113551003347522,-1.2257707263694932,1.095404628557846,1.0755419007102933,0.6447337938324307,0.6330429797285377,-0.8591617834376635,-1.1445008916458161,-0.7255942115169379,-0.919194576310253,-0.707278260143285,-0.8959916305102491,0.6032498059487381,0.6526755537791643,0.03382339720280059,0.11243181919198608,0.14053340701387773,0.4671448735051904,0.17630871199071407,0.10953644290566444,0.14643957279622555,0.05791795440018177,0.5935589742088416,0.2347570465114908,0.7527768239378929,0.7555791735649109,-0.009769953787326813,-0.03093620017170906,-0.04962423391124085,-0.15713331578264372,0.01995174679905176,0.01703500049188733,0.0012259166687726974,0.00038217497058212757,0.04540787806942369,0.014155737422799061
16,7,-0.0926681569086832,-0.11596263451381267,-0.018223792200328895,-0.02482082116343401,-0.3604087817287013,-0.49087708083379966,-0.2552180217764929,-0.23678548843755648,0.07952957466567329,0.0928726175478295,0.40619482009683966,0.47434399511564174,0.09257754683494568,0.08281496167182922,0.05795334279537201,0.055648013949394226,1.5347082413338469,1.4736590074458358,-0.1144643175240759,-0.12683178623554048,0.032557705277706045,0.04799294500471918,0.1236314021769732,0.1822436512317324,-3.7895182195960517,-3.7641150586458063,-0.5598646842566795,-0.5154032351869042,-0.27749142954937545,-0.2554545491939211,-2.3939840440945064,-2.304519189052925,-0.0872243152019081,-0.003206561973138289,-0.05133853024575953,-0.0018873198197291345,0.021109472147619823,-0.19733367147305597,0.1546770440683454,0.02797264386250717,0.1507725790480783,0.02726653902230033,0.5706298934792414,0.587717229114774,0.0012034847333038945,0.04747349452759575,0.00500037914128804,0.19724842802795986,0.016149763017892838,0.027244001626968384,-0.013719376176595688,-0.02437448687851429,-0.05560832153953981,-0.09879635096047423,0.905870333313942,0.9152907505631447,0.14332355558872223,0.12877537682652473,0.7279790470197821,0.6540849179795496,0.054826777428388596,0.05775608494877815,0.03610094729810953,0.04110325942747295,1.3371768692437869,1.5224622030852253
16,8,-0.033564325296501885,-0.04846970996443889,0.04088003941185242,0.04267210338593977,0.8084774584502296,0.8439187972550619,-0.46445969543165694,-0.4286140259892992,-0.12971209898949076,-0.09895592000391323,-0.6625004966380276,-0.5054142725203835,0.029476523399353027,0.029503673315048218,-0.005147680640220642,0.00233672559261322,-0.13631979660252141,0.061880675932391764,-0.24804712808172327,-0.3112041859021015,-0.10102510527994132,-0.13637945466184187,-0.3836227189324658,-0.5178738201650812,-2.99222995454053,-3.0015311261704243,0.23742358079884207,0.2471806972884778,0.11767666491068965,0.1225126838258379,-2.222866622671668,-2.298106065106648,0.08389310622093049,0.003206561973138733,0.0493778456289874,0.001887319819729396,-0.3963780583005287,-0.3753115746919824,-0.2628104863798031,-0.15000525935641926,-0.2561764421542364,-0.14621872275985456,0.5124829429998263,0.585343121965817,-0.0569434657461112,0.04509938737863872,-0.2365953721471965,0.18738420994665758,-0.004583965055644512,-0.10209636110812426,-0.03445310425013304,-0.15371484961360693,-0.1396476978628986,-0.6230476278722834,0.7321253046393394,0.7218392454087734,-0.03042147308588028,-0.06467612832784653,-0.15451887789853086,-0.3285075232165094,0.01982833445072174,0.020125392824411392,0.0011025043204426765,0.0034725673031061888,0.040836692271908545,0.12862367949134212
16,9,-0.030867270802279384,-0.03946707560920522,0.04357709390607492,0.05167473774117344,0.8618166380146842,1.021962337515588,-0.583103710902191,-0.38175521164190684,-0.24835611446002487,-0.05209710565652087,-1.2684711021921553,-0.26608434093449695,0.012034028768539429,0.008381634950637817,-0.02259017527103424,-0.01878531277179718,-0.5982282727684332,-0.4974687038969801,-0.2414250007145472,-0.184687972675723,-0.09440297791276525,-0.009863241435463355,-0.35847650900104616,-0.037453695162949566,-1.800482053289992,-1.922772031054106,1.4291714820493804,1.325939792404796,0.7083548021101148,0.6571890294872073,-1.2848230347617209,-1.217911846520423,1.0219366941308774,1.0834007805593635,0.6014920009339535,0.6376685630867485,-0.6371343151836093,-0.7840081745194246,-0.5035667432628838,-0.5587018591838615,-0.4908553629395631,-0.5445987200976393,0.5378668701565885,0.48504066401407886,-0.03155953858934901,-0.055203070573099366,-0.13112726244364162,-0.22936417470870832,-0.1426528226584196,0.06722262315452099,-0.17252196185290813,0.015604134649038315,-0.6992779120463841,0.06324775454369908,0.6255243290215731,0.6109969057142735,-0.13702244870364666,-0.1755184680223465,-0.6959740233757269,-0.8915057023280694,0.009145881049335003,0.010234986897557974,-0.009579949080944061,-0.00641783862374723,-0.3548407251973271,-0.2377163481985297
16,10,-0.10655297163741106,-0.12177897170579949,-0.03210860692905676,-0.03063715835542083,-0.6350063575734929,-0.6059057740082902,-0.15785007444902469,-0.4529974907979806,0.1768975219931415,-0.1233393848125946,0.9034985717406957,-0.6299520579031955,0.10587593913078308,0.09155634045600891,0.07125173509120941,0.06438939273357391,1.8868734706110444,1.7051463628529293,-0.049151138245744096,-0.09472030507303139,0.09787088455603785,0.08010442616722827,0.3716451938720961,0.3041806061933254,-3.997879957931505,-4.003612292565883,-0.7682264225921327,-0.7549004691069809,-0.3807638778033001,-0.37415899989853857,-2.976387750136507,-3.0023792481927742,-0.6696280212439087,-0.7010666211129877,-0.39412998935515264,-0.4126341358941871,0.28366784590463334,0.12772409558420283,0.4172354178253589,0.35303041091976595,0.4067032725808724,0.34411897290497107,0.6278062625550107,0.6254600373055709,0.05837985380907318,0.08521630271839264,0.24256344528520163,0.3540666622674465,0.0675430609844625,0.05051417648792267,0.037673921789973974,-0.0011043120175600052,0.15270253760708494,-0.004476073617488099,0.8270666897296906,0.8895126208662987,0.06451991200447083,0.10299724712967873,0.3277140583198785,0.5231508352073319,0.022057056427001953,0.032066915184259415,0.003331226296722889,0.015414089662954211,0.12338841730138614,0.570936933802606
16,11,-0.08802149508132157,-0.11181045578059257,-0.013577130372967261,-0.020668642430213907,-0.2685125556361735,-0.4087601612426802,-0.3627654342909269,-0.4432901083955453,-0.028017837848760718,-0.1136320024101593,-0.1431002322384096,-0.580371905297773,0.007046446204185486,-0.002032727003097534,-0.027577757835388184,-0.029199674725532532,-0.7303083857806245,-0.7732596479166521,-0.015826629741001616,-0.06467609945416553,0.13119539306078032,0.11014863178609413,0.49818837860081006,0.41826749395986373,-3.7437147539092988,-3.7306821727957855,-0.5140612185699265,-0.48197034933688343,-0.2547893918443043,-0.23888386783222618,-2.926115910341177,-2.912211156916474,-0.6193561814485786,-0.6108985298366876,-0.3645409652181529,-0.35956295648194136,0.14705391384137323,-0.03310486530847622,0.2806214857620988,0.1922014500270869,0.2735378439606084,0.18734976797565214,0.45784256580658395,0.5445675209793581,-0.11158384293935358,0.004323786392179896,-0.46362160258314833,0.017964973454617113,-0.13620979618281126,-0.10439485311508179,-0.16607893537729979,-0.15601334162056446,-0.6731625928560986,-0.6323640341675639,0.8911858201026917,0.8828592151403427,0.12863904237747192,0.09634384140372276,0.6533924384922123,0.48935639060315056,0.05472810938954353,0.0526290088891983,0.03600227925926447,0.0359761833678931,1.3335222111488683,1.3325556209362641
17,0,-0.0552468300346579,-0.07432727877498194,-0.015719780311818324,-0.032622772107153836,-0.3108873723397162,-0.645174913240076,-0.3182929371958798,-0.3258606540937936,-0.08458025327899163,-0.06736314636262075,-0.4319910034579119,-0.3440551673128977,0.07941871881484985,0.06389117240905762,0.06586797535419464,0.06129804253578186,1.7443018769942265,1.6232818767584474,-0.08382893192453703,-0.09812454837399723,0.09633376871015559,0.06741161484803576,0.3658083025520867,0.25598218288386504,-4.01274527498259,-4.009590958630398,-1.4139033517280555,-1.3738237845021724,-0.7007873033402368,-0.6809222596645551,-2.8474059226952777,-2.910204623417226,-0.9012737147435397,-0.970987415009311,-0.5304721253123357,-0.5715042492258728,-0.26563562244240657,-0.18106946296220355,0.7975374863852287,1.0367195071555304,0.7774054930652182,1.0105499156954767,0.542757677887773,0.5545979473239968,0.00224692011590355,0.008719814696776185,0.009335766519331101,0.03623010605706321,0.03799369465559721,-0.09953359141945839,0.005843385588377714,-0.16573459096252918,0.023684813397882313,-0.6717668723298567,0.7801917791366577,0.8090220615267754,0.026504870504140854,0.02398734912276268,0.134625395607374,0.121838224590443,0.05952507629990578,0.0643085166811943,0.03826036653481424,0.046311357291415334,1.417161625058569,1.7153698278883678
17,1,-0.029452040392953363,-0.04147754738647354,0.010075009329886211,0.00022695928135456345,0.1992517143837963,0.004488534394808535,-0.21806672748207154,-0.25873055025536357,0.015645956434816644,-0.00023304252419070748,0.07991123410378839,-0.0011902574179038761,0.018819719552993774,0.023742586374282837,0.005268976092338562,0.02114945650100708,0.1395319172675705,0.5600754611590636,-0.1764458340383701,-0.13144462470053964,0.0037168665963225045,0.03409153852149335,0.014114060714308489,0.12945582846923187,-1.8527883422042928,-1.7922715885788174,0.746053581050242,0.8434955855494086,0.3697741267622965,0.418070298832035,-1.2397246950813152,-1.1898729186700598,0.7064075128704228,0.7493442897378553,0.4157776805857528,0.44104942978506195,-1.260235218788144,-1.3327062174361362,-0.19706210996050877,-0.11491724731840214,-0.19208773176628322,-0.11201642661108481,0.7112848499020921,0.6549930163815868,0.17077409213022265,0.10911488375436618,0.7095521733924135,0.45336328216772426,0.08410078100860119,0.02630876237526536,0.05195047194138169,-0.03989223716780543,0.21056923512130402,-0.1616939664606064,0.881502129137516,0.8721370249986649,0.12781522050499916,0.08710231259465218,0.6492080247077977,0.44241616987112703,0.019582985434681177,0.017333806958049536,-0.0016817243304103613,-0.0006633524317294359,-0.06229096584363009,-0.024570533303198663
17,2,-0.01883500015265071,-0.02773937413580107,0.020692049570188865,0.013965132532027032,0.40922308019551895,0.27618600712846575,-0.4445458901389266,-0.5097870133416906,-0.2108332062220384,-0.25128950561051777,-1.0768240196406407,-1.2834533059277728,-0.027531981468200684,-0.039385974407196045,-0.041082724928855896,-0.0419791042804718,-1.0879440854238631,-1.1116818149823429,-0.3893620230848247,-0.45624710161681115,-0.2091993224501321,-0.29071093839477813,-0.7943927665778318,-1.103916895719944,-3.3171385246172287,-3.3242920257797395,-0.7182966013626939,-0.6885248516515134,-0.35601665251886044,-0.3412605773102408,-2.7272058930850642,-2.841229556291956,-0.7810736851333262,-0.9020123478840407,-0.4597247328977244,-0.5309068703686466,-0.08734470781793217,-0.08272249599721203,0.9758284010097031,1.135066474120522,0.9511958650023428,1.1064143404404703,0.5326106246832438,0.6747367353226834,-0.007900133088625583,0.1288586026954628,-0.03282439703353318,0.535396795042859,0.02630692347884178,0.07845213264226913,-0.005843385588377714,0.012251133099198341,-0.023684813397882313,0.049657137455426825,0.7571446895599365,0.6772251799702644,0.0034577809274196625,-0.10780953243374825,0.017563003192367182,-0.5475937319471857,0.034728655591607094,0.038055154494941235,0.013463945826515555,0.020057995105162263,0.4987037259521111,0.7429469059786306
17,3,-0.03079293012089558,-0.041931465949182664,0.008734119601943993,-0.00022695928135456345,0.1727331704952492,-0.004488534394808535,-0.17479130380957508,-0.32677909599744925,0.0589213801073131,-0.0682815882662764,0.30093910967284226,-0.34874608066674245,-0.015856564044952393,-0.018111348152160645,-0.029407307505607605,-0.0207044780254364,-0.7787581355513934,-0.5482916347094695,-0.25727192855499387,-0.26300758944569014,-0.07710922792030125,-0.09747142622365715,-0.29280693732117785,-0.3701283304039168,-2.567524945478244,-2.534542455052333,0.031316977776290944,0.10122471907589281,0.015521952315757833,0.0501710373809282,-1.9652082622327107,-1.9953472558423482,-0.0190760542809727,-0.05613004743443306,-0.011227793390025305,-0.03303705086406366,-1.2097342042182468,-1.395333830211778,-0.14656109539061157,-0.1775448600940439,-0.14286149876506557,-0.17306314983160112,0.38349070148027103,0.5262473262412826,-0.15702005629159838,-0.01963080638593806,-0.652405296483408,-0.08156437058360404,0.08795139938592911,0.18548408150672913,0.05580109031870961,0.11928308196365833,0.22617682704795422,0.4834864129885192,0.6618568450212479,0.6911669410765171,-0.091830063611269,-0.09386777132749557,-0.46642969413436636,-0.47677976196006444,0.004316076170653105,0.005035494454205036,-0.016948633594438434,-0.012961664935573936,-0.6277763467153685,-0.4800992726206201
17,4,-0.031749357322955744,-0.02988009202491445,0.00777769239988383,0.011824414642913651,0.1538180753867529,0.23384940023792702,-0.24935864035170482,-0.19803609935483552,-0.015645956434816644,0.060461408376337344,-0.07991123410378839,0.30880475598504803,0.019923001527786255,0.009513556957244873,0.0063722580671310425,0.006920427083969116,0.1687487985992944,0.18326529527068997,-0.08087984100320504,-0.09377959142194608,0.09928285963148757,0.0717565718000869,0.3770068880372043,0.27248129164471807,-2.4890283242890288,-2.4900724031752137,0.10981359896550602,0.1456947709530123,0.054428031304309815,0.07221218163331199,-1.6449127986138814,-1.633070920574268,0.3012194093378566,0.30614628783364717,0.17729186776765984,0.18019173233051505,-1.3994477067098647,-1.5284036592879753,-0.33627459788222946,-0.31061468917024126,-0.32778612169919996,-0.3027739381657776,0.5382638376559659,0.5371583179304444,-0.00224692011590355,-0.008719814696776185,-0.009335766519331101,-0.03623010605706321,-0.0006526336073875427,0.18264691531658173,-0.03280294267460704,0.11644591577351093,-0.13295914917796756,0.47198661534961694,0.7914181128144264,0.8235133737325668,0.03773120418190956,0.03847866132855415,0.19164697631473418,0.1954435130324241,0.035946138203144073,0.03836820460855961,0.014681428438052535,0.020371045218780637,0.5437992070598608,0.7545422629477412
17,5,-0.02533114807640944,-0.03943142279868064,0.014195901646430135,0.0022730838691474575,0.28074988793155864,0.04495438595002265,-0.09447081412109745,-0.25452241202802167,0.13924186979579073,0.003975095703151188,0.7111735035603179,0.020302677221611512,-0.01838710904121399,-0.02482205629348755,-0.0319378525018692,-0.027415186166763306,-0.8457714961877524,-0.7260031970268548,-0.18978503930187346,-0.19105208273245655,-0.009622338667180846,-0.025515919510423563,-0.03653891487431924,-0.09689162304287305,-2.441041061018539,-2.4089160942097765,0.15780086223599588,0.22685107991844955,0.07821244682387399,0.11243650873418913,-1.6500378485928597,-1.5871107391815586,0.2960943593588783,0.35210646922635647,0.17427536333597987,0.20724299844900887,-1.327679115567974,-1.50073170563329,-0.26450600674033864,-0.28294273551555604,-0.2578291630161215,-0.2758004991209231,0.34020297988067616,0.47627977148038514,-0.20030777789119325,-0.06959836114683549,-0.8322621855411277,-0.2891754117985885,0.3459569327533245,-0.026124779134988785,0.313806623686105,-0.09232577867805958,1.2719426456826253,-0.37422121246856077,0.7040516808629036,0.7155136987566948,-0.049635227769613266,-0.06952101364731789,-0.2521107271021131,-0.3531160042390555,0.010575863998383284,0.011325273662805557,-0.010688845766708255,-0.006671885726973414,-0.39591419028788516,-0.24712623728889802
17,6,-0.05510217900015481,-0.06479159803021975,-0.015575129277315233,-0.02308709136239165,-0.30802663388594287,-0.4565894068649787,-0.26580111002864426,-0.24940573986450187,-0.03208842611175608,0.009091767866670986,-0.16389063472863408,0.04643592058035539,0.055682599544525146,0.06373202800750732,0.042131856083869934,0.06113889813423157,1.1157269561294458,1.619067448170889,-0.09630176538180843,-0.1422916194457422,0.08386093525288418,0.023244543776290788,0.31844520136638244,0.08826652601940825,-3.9214459103051142,-3.9218174491887403,-1.3226039870505795,-1.2860502750605143,-0.6555356703408468,-0.6374181821679208,-3.2567829304387206,-3.3215489318196867,-1.3106507224869826,-1.3823317234117716,-0.7714234454265178,-0.8136134841273673,-0.4789348560444089,-0.46885402247418584,0.5842382527832264,0.7489349476435482,0.5694905063724135,0.7300298132511575,0.42772283065508265,0.5585010626346743,-0.11278792711678676,0.012622930007453625,-0.4686244723650216,0.05244722609644569,0.023648206144571304,0.05394986644387245,-0.008502102922648191,-0.012251133099198341,-0.03446130982919071,-0.049657137455426825,0.7981265485286713,0.8371499106287956,0.044439639896154404,0.052115198224782944,0.2257209330916878,0.26470716682324497,0.056516993790864944,0.06163644790649414,0.035252284025773406,0.04363928851671517,1.3057424337932793,1.6163965646924527
17,7,-0.053958068652943864,-0.04309519828283673,-0.014431018930104289,-0.0013906916150086268,-0.28539976172516085,-0.02750346718267197,-0.16544181861618165,-0.15057930049543772,0.06827086530070653,0.10791820723573514,0.34869131345481075,0.5511888747999729,-0.014180347323417664,-0.014578431844711304,-0.027731090784072876,-0.01717156171798706,-0.7343689166950416,-0.4547336877221867,-0.20576594042771082,-0.20817340225552772,-0.025603239793018207,-0.04263723903349473,-0.09722320442686751,-0.161906424353416,-2.595233735061464,-2.6592784642653866,0.0036081881930707382,-0.02351129013716058,0.001788363024018391,-0.011653139935720072,-1.8495857551710033,-1.916528529079665,0.0965464527807347,0.02268867932825014,0.05682535855662545,0.013354114013201537,-1.521033998561562,-1.5829621491374017,-0.4578608897339267,-0.3651731790196677,-0.44630324820488,-0.3559552248467652,0.5702351483338721,0.6495777248750614,0.02972439056200271,0.10369959224784076,0.12350237476274306,0.4308631955908999,0.055605268105864525,0.25466256961226463,0.02345495903864503,0.18846157006919384,0.0950692573138084,0.7638854311854542,0.6863781176507473,0.76104736328125,-0.06730879098176956,-0.02398734912276268,-0.3418795278535355,-0.121838224590443,0.011935646645724773,0.0046703144907951355,-0.009329063119366765,-0.013326844898983836,-0.3455479245993574,-0.49362551602223254
17,8,-0.01129022348937774,-0.02754420978358581,0.028236826233461833,0.01416029688424229,0.5584348214036013,0.2800457387170153,-0.11296330152243335,-0.25826446520698215,0.12074938239445483,0.00023304252419070748,0.6167237013992252,0.0011902574179038761,-0.03940263390541077,-0.029857099056243896,-0.05295337736606598,-0.03245022892951965,-1.4023002078950395,-0.8593401410363657,-0.22627249809379626,-0.2599822497843526,-0.04610979745910365,-0.09444608656231959,-0.17509277344152172,-0.3586402055129747,-2.6024501114476055,-2.612255883991066,-0.0036081881930707382,0.023511290137160135,-0.001788363024018391,0.011653139935719852,-1.927056153670765,-1.8979383303098998,0.01907605428097292,0.04127887809801534,0.011227793390025435,0.024295942328012937,-1.1533332255970064,-1.3201562229196173,-0.09016011676937108,-0.1023672528018833,-0.08788423268928958,-0.099783227743781,0.49384530100282564,0.5127910784655254,-0.04666545676904377,-0.03308705416169522,-0.19389109823272085,-0.13747396281680196,0.02533937245607376,0.20661162585020065,-0.006810936611145735,0.14041062630712986,-0.027606557920915396,0.5691220325728041,0.7117863334715366,0.7466588988900185,-0.041900575160980225,-0.03837581351399422,-0.21282433756249428,-0.19492112120559657,0.0018718237988650799,0.0032478771172463894,-0.01939288596622646,-0.014749282272532582,-0.718311304348471,-0.5463125089188668
17,9,-0.12691217744756517,-0.12321816659374336,-0.08738512772472559,-0.08151365992591526,-1.7282005346783371,-1.6120815330420948,-0.3523428458209308,-0.34152117970240575,-0.1186301619040426,-0.08302367197123289,-0.6058998488957101,-0.4240408130170712,0.08319199085235596,0.08673170208930969,0.06964124739170074,0.08413857221603394,1.844224873898861,2.2281399823639187,-0.06343409911928169,-0.11650444317829801,0.11672860151541092,0.049031720043734975,0.4432536186568802,0.1861881925783826,-1.8248737296208997,-1.7156837358868202,0.7739681936336351,0.9200834382414058,0.38360973020166506,0.4560303154704049,-1.1389761613800404,-1.1734845075353895,0.8071560465716976,0.7657327008725257,0.47507630199270734,0.45069532885311003,0.4074422721429667,0.242628345969995,1.470615380970602,1.460417316087729,1.4334930895029077,1.4235524512333335,0.6203832079329057,0.4455078387472976,0.07987245016103628,-0.10037029387992302,0.3318633985928286,-0.41703023730454297,-0.05586163327097893,-0.07744093984365463,-0.08801194233819842,-0.14364193938672543,-0.35673607355494324,-0.5822194135624447,0.7502291277050972,0.8123793378472328,-0.0034577809274196625,0.02734462544322014,-0.017563003192367182,0.13889073774021454,0.04354839585721493,0.04521096870303154,0.02228368609212339,0.027213809313252568,0.8253863633500066,1.007997824467007
17,10,-0.04730474212272341,-0.03975379316156853,-0.007777692399883837,0.0019507135062595687,-0.15381807538675304,0.03857892312227122,-0.1513128727959393,-0.4045621740550576,0.08239981112094888,-0.14606466632388476,0.4208544631980025,-0.7460207238546155,0.00828176736831665,-0.004327297210693359,-0.005268976092338562,-0.006920427083969116,-0.1395319172675705,-0.18326529527068997,-0.18387956723101512,-0.18194401663577814,-0.0037168665963225045,-0.01640785341374515,-0.014114060714308489,-0.06230555584163318,-2.86970351880269,-2.858931644914091,-0.27086159554815525,-0.2231644707858651,-0.1342498883609225,-0.110609277142061,-2.0706869989438808,-1.9619058877361653,-0.12455479099214273,-0.02268867932825014,-0.07331052000583081,-0.013354114013201537,-0.9730129920582641,-1.1154217173158507,0.09016011676937119,0.1023672528018833,0.08788423268928974,0.09978322774378105,0.6115954526925147,0.5035017633434136,0.07108469492064529,-0.04237636928380706,0.2953510052181635,-0.17607029585539516,0.22923709824681282,-0.1935955360531807,0.19708678917959332,-0.2597965355962515,0.7988457640363239,-1.0530252323673568,0.7067178189754486,0.7090154029428959,-0.04696908965706825,-0.07601930946111679,-0.23856869156984387,-0.38612260370799995,0.004104293882846832,0.0027345018461346626,-0.017160415882244706,-0.015262657543644309,-0.6356207496400782,-0.5653278974100244
17,11,-0.06594793308089052,-0.08366746795719293,-0.026420883358050942,-0.04196296128936483,-0.522521233703455,-0.8298942168444875,-0.3273761354021616,-0.24102156964831994,-0.09366345148527341,0.017475938082852915,-0.47838315476533055,0.08925780824843106,0.028522729873657227,0.02581244707107544,0.014971986413002014,0.023219317197799683,0.3964849968759266,0.614889077018929,-0.14926447336613385,-0.14912830980828784,0.03089822726855876,0.01640785341374515,0.11732986490944294,0.06230555584163318,-3.11033953306006,-3.1024096787900004,-0.511497609805525,-0.46664250466177437,-0.25351876435012055,-0.23128677222964522,-2.4804619364025444,-2.4043312212688486,-0.5343297284508064,-0.46511401286093346,-0.31449605378707646,-0.27375703393845924,-0.3998533449907687,-0.5837279513592651,0.6633197638368666,0.6340610187584689,0.6465757871805212,0.6180556115995146,0.5954376953161066,0.5892697941193803,0.054926937544237164,0.04339166149215967,0.22821686490116913,0.1802887506811754,-0.05201739817857742,0.14081697165966034,-0.08416770724579692,0.07461597211658955,-0.3411543547989167,0.30243860333263667,0.7712220475077629,0.8242720887064934,0.017535138875246048,0.0392373763024807,0.08906570615922964,0.19929723129534266,0.0229464340955019,0.018660511821508408,0.0016817243304103613,0.0006633524317294359,0.06229096584363009,0.024570533303198663
18,0,-0.08316556909503706,-0.06671844099179194,-0.01798037906413444,-0.01241145119572909,-0.35559484229676325,-0.24545912045996784,-0.2978564704572463,-0.30648520715610894,0.04001782159319395,0.01449949814440854,0.2043897746347544,0.07405573417211518,0.03467652201652527,0.014897145330905914,-0.05207014083862305,-0.05727485567331314,-1.3789105238435095,-1.5167406879946153,-0.008489950925255379,-0.1078193623287676,0.22026817400746693,0.16035748607315986,0.83642452609066,0.6089256194101175,-3.2610607479093083,-3.143891775776909,0.08511494122621421,0.2365904666574612,0.0421863842836082,0.1172637400726522,-2.5072302081619258,-2.4721097583702827,0.13020594018259457,0.17112989064884054,0.07663667616957637,0.10072371501790628,0.8377679113338146,0.77464702583615,1.3949723383455637,1.3718067386567108,1.359759480923076,1.3371786433377624,0.43638199845627634,0.33526133940440306,-0.16003413208066408,-0.15581254337309552,-0.6649285311276315,-0.6473881805670793,0.04755241423845291,0.04297371953725815,0.005833498202264309,0.030014511197805405,0.023644737162702045,0.12165688643970393,0.7833663523197174,0.822839230298996,0.05251088924705982,0.04062795266509056,0.2667169883918502,0.20636034420168073,0.09519511088728905,0.09905927255749702,0.0385532733052969,0.03941739723086357,1.4280108738358945,1.460017970931887
18,1,-0.05760924164636831,-0.051019005289947544,0.007575948384534306,0.00328798450611531,0.14982821894008722,0.0650259000522667,-0.313545059383852,-0.2976764499155671,0.024329232666588207,0.023308255384950405,0.12426079640992241,0.11904618681366577,0.13144421577453613,0.10670351982116699,0.04469755291938782,0.03453151881694794,1.1836712003835999,0.9144564223200755,-0.3273807798515085,-0.3456439609187415,-0.09862265491878619,-0.07746711251681404,-0.3744998921153815,-0.2941659328064866,-3.675055523312058,-3.7166853140449687,-0.32887983417653555,-0.3362030716105986,-0.1630060582527618,-0.1666357489291896,-2.8773612985042702,-3.006669752245271,-0.2399251501597499,-0.36343010322614777,-0.14121526262123368,-0.21390786850553503,-0.6607797848425687,-0.6630168429098271,-0.10357535783081961,-0.0658571300892663,-0.10096083694927627,-0.06419471882250388,0.6063754976358531,0.43006775569133965,0.009959367098912653,-0.061006127086158934,0.04138034336764449,-0.2534753926914723,0.046362439170479774,0.01431252807378769,0.004643523134291172,0.0013533197343349457,0.018821448162377692,0.0054853688654651475,0.6719849891960621,0.7031179219484329,-0.0588704738765955,-0.07909335568547249,-0.2990190362934258,-0.4017365147061535,0.053030313923954964,0.054762208834290504,-0.0036115236580371857,-0.004879666492342949,-0.1337706143380598,-0.18074254698370876
18,2,-0.04519262701417477,-0.0472380519524995,0.019992563016727846,0.007068937843563355,0.39538945578863266,0.13980115929266365,-0.34892466381549847,-0.3185200147527387,-0.011050371765058242,0.0024646905477787584,-0.056439428853734444,0.01258833003769967,0.10009923577308655,0.09192760288715363,0.013352572917938232,0.01975560188293457,0.3536000291221751,0.523163696170281,-0.33924054025198974,-0.3106303692031454,-0.11048241531926745,-0.04245352080121795,-0.4195349704566812,-0.1612087909524095,-3.2925355490939188,-3.2970636158961577,0.05364014004160378,0.08341862653821241,0.026586208346281746,0.04134562257640358,-2.6700059647271495,-2.6361915824245212,-0.032569816382629124,0.007048066594601998,-0.019169958509709935,0.004148354494999654,-0.7982766006433466,-0.8062832857960844,-0.2410721736315975,-0.20912357297552364,-0.23498686294458673,-0.2038447309824259,0.6068415344294726,0.5784830473337195,0.010425403892532215,0.08740916455622089,0.04331668755000112,0.3631778211298448,0.09993130341172218,0.005436094477772713,0.05821238737553358,-0.007523113861680031,0.23595046254983354,-0.03049320386101408,0.6403418853878975,0.7347302138805389,-0.0905135776847601,-0.04748106375336647,-0.4597429065629986,-0.24116914627661587,0.05388752743601799,0.057925958186388016,-0.0027543101459741592,-0.0017159171402454376,-0.10201947853354498,-0.0635574654185127
18,3,-0.058053601256591876,-0.033339674340027506,0.007131588774310742,0.02096731545603535,0.14104019589803204,0.41466696593998065,-0.31536726995597203,-0.3120598499614369,0.0225070220944682,0.008924855339080606,0.11495391279294863,0.04558342005584615,0.10181522369384766,0.0797308087348938,0.01506856083869934,0.007558807730674744,0.3990424605159982,0.2001707573605385,-0.31037326361161144,-0.3282875028954654,-0.08161513867888914,-0.06011065449353792,-0.30991723610964883,-0.22825823986742844,-3.4018586483033486,-3.496825829926845,-0.05568295916782606,-0.11634358749247475,-0.027598711573555035,-0.05766455595436048,-2.735257787663925,-2.8212025527143343,-0.09782163931940469,-0.17796290369521106,-0.057575908475337355,-0.10474549318995306,-0.37629919619614666,-0.4143650583436249,0.18090523081560245,0.18279465447693588,0.17633869574921754,0.1781804252705538,0.45878180150256564,0.4871015207469708,-0.13763432903437478,-0.0039723620305278096,-0.5718592093306412,-0.0165048344107911,-0.06357564404606819,-0.06316355615854263,-0.1052945600822568,-0.07612276449799538,-0.42678717151929907,-0.30854603811392683,0.6690811701118946,0.696094386279583,-0.06177429296076298,-0.08611689135432243,-0.31376831767237895,-0.43741094925333246,0.0740576796233654,0.08998210728168488,0.017415842041373253,0.030340231955051422,0.6450817188763165,1.1238003269767514
18,4,-0.09449511041610092,-0.09690244502620311,-0.029309920385198307,-0.04259545523014026,-0.579657218567489,-0.8424029399543539,-0.30921257278037806,-0.3527631167073507,0.02866171927006217,-0.03177841140683324,0.1463888364990096,-0.16230724430032012,0.09506979584693909,0.09740492701530457,0.008323132991790771,0.02523292601108551,0.220411458253949,0.6682130423246717,-0.16280054380934972,-0.1843263181132883,0.06595758112337258,0.08385053028863915,0.2504607793740234,0.3184056905867301,-3.0860644243761555,-3.02358949055149,0.2601112647593671,0.35689275188288017,0.1289215925376735,0.1768903856603801,-2.010886832591178,-2.0199634308530685,0.6265493157533424,0.6232762181660547,0.3687747037371897,0.366848222353033,-0.20875795340100772,-0.23689340048479823,0.3484464736107414,0.36026631233576256,0.33965074651469335,0.3511722206884327,0.603276644582704,0.37315957286771073,0.006860514045763599,-0.11791430990978785,0.028504866230228663,-0.4899241672253034,0.03707539290189743,0.019004586152732372,-0.004643523134291172,0.006045377813279629,-0.018821448162377692,0.02450354221224302,0.6966264732182026,0.7592731639742851,-0.034228989854454994,-0.022938113659620285,-0.17385828388321584,-0.11650887430032318,0.020911842584609985,0.013545801863074303,-0.035729994997382164,-0.04609607346355915,-1.3234368188226897,-1.7073957281354057
18,5,-0.04506343280172883,-0.06377327260757396,0.020121757229173788,-0.0094662828115111,0.3979445073499208,-0.18721303546988902,-0.3384524375752569,-0.3209676186893991,-0.0005781455248166645,1.7086611118377615e-05,-0.0029528602212437072,8.726933293017753e-05,0.095797598361969,0.11103907227516174,0.009050935506820679,0.03886707127094269,0.23968497146308002,1.0292696110152457,-0.210386466674447,-0.2932747108128153,0.018371658258275303,-0.02509786241088785,0.0697627136621951,-0.09530413446022315,-3.5587375852007037,-3.650562527787134,-0.21256189606518117,-0.27008028535276374,-0.10535421516212409,-0.1338626396396917,-2.822477104187657,-2.9937950560497057,-0.1850409558431365,-0.3505554070305825,-0.10891149659664286,-0.20633007350065624,-0.8448567269118061,-0.8631584151416155,-0.28765229990005703,-0.2659987023210547,-0.28039118142107383,-0.25928417894168304,0.6376731580609756,0.539767178720764,0.04125702752403515,0.04869329594326538,0.1714195237827238,0.2023166016297,0.18386914767324924,0.015789151191711426,0.14215023163706064,0.0028299428522586823,0.5761731208506892,0.011470519507685987,0.7423404306173325,0.8051493912935257,0.011484967544674873,0.022938113659620285,0.05833525196805424,0.11650887430032318,0.06947910040616989,0.06159127131104469,0.012837262824177742,0.0019493959844112396,0.4754914260599624,0.07220550745736065
18,6,-0.06791043323370706,-0.0557506693222976,-0.002725243202804442,-0.0014436795262347465,-0.05389666277139873,-0.028551399924739214,-0.4674072982249767,-0.3649043252370685,-0.12953300617453645,-0.043919619936551024,-0.6615857856760136,-0.2243180878791876,0.08115538954734802,0.05677959322929382,-0.005591273307800293,-0.015392407774925232,-0.14806692437621252,-0.40761850700414454,-0.24712978319099757,-0.1708377204765421,-0.018371658258275275,0.09733912792538535,-0.069762713662195,0.3696259539624122,-3.16060467494379,-3.1917300674634537,0.1855710141917326,0.18875217497091645,0.09197644977260765,0.09355316085488305,-2.47688250629374,-2.454208268006907,0.16055364205078027,0.1890313810122164,0.09449874142790082,0.11126018300091016,-0.5408336564246935,-0.5369557087483723,0.016370770587055605,0.06020400407218851,0.015957528263367746,0.05868429292567856,0.550527296163001,0.5105148110405712,-0.045888834373939424,0.019440928263072588,-0.19066429666418253,0.08077544274871834,0.09369968669489026,-0.02226255089044571,0.05198077065870166,-0.03522175922989845,0.21069204397159552,-0.1427632632295427,0.7410833574831486,0.8601930513978004,0.01022789441049099,0.07798177376389503,0.051950238014846384,0.3960904899153895,0.06788348779082298,0.09138729050755501,0.011241650208830833,0.031745415180921555,0.4163900328500618,1.1758482273037687
18,7,-0.06245994682809819,-0.021421861148237582,0.0027252432028044282,0.03288512864782527,0.05389666277139845,0.6503634931010911,-0.26419658289751424,-0.3246960420225941,0.07367770915292599,-0.0037113367220766302,0.3763065996559065,-0.01895553645898464,0.07815815508365631,0.0675574392080307,-0.008588507771492004,-0.0046145617961883545,-0.2274390573846442,-0.12220185544361967,-0.15052005730019302,-0.28265664941730584,0.07823806763252927,-0.01447980101537838,0.2970934813286686,-0.054984160815553663,-3.564602534622547,-3.6512564504304397,-0.2184268454870244,-0.27077420799606955,-0.10826111971436037,-0.13420657557939694,-2.732956903476669,-2.6502877156137257,-0.09552075513214886,-0.007048066594602442,-0.05622165293127274,-0.004148354494999915,-0.31027424098885625,-0.34483962386475653,0.24693018602289285,0.25232008895580427,0.24069700333194083,0.24595085060390431,0.47315981324826506,0.5229119296364924,-0.12325631728867537,0.031838046858993774,-0.5121197643365887,0.13228444117941557,0.006159164011478424,-0.05906375404447317,-0.03555975202471018,-0.07202296238392591,-0.14413323893179086,-0.29192843748303343,0.7309417575597763,0.7101792506873608,8.629448711872101e-05,-0.07203202694654465,0.00043831300610498226,-0.3658701189490657,0.08611688949167728,0.1086185984313488,0.029475051909685135,0.04897672310471535,1.091754111268288,1.8140948138059692
18,8,-0.06885826904792589,-0.06668636243579176,-0.0036730790170232674,-0.012379372639728908,-0.07264184749070612,-0.24482470841440948,-0.3792223265281112,-0.3333347692726746,-0.04134803447767099,-0.0123500639721571,-0.21118379541975263,-0.06307756623172359,0.05365714430809021,0.07678656280040741,-0.033089518547058105,0.0046145617961883545,-0.8762696743007311,0.12220185544361967,-0.35103446519811154,-0.2536970473865491,-0.12227634026538925,0.01447980101537838,-0.46432005177067226,0.054984160815553663,-3.460900403985154,-3.4639008689725825,-0.11472471484963132,-0.08341862653821241,-0.056862177635896925,-0.04134562257640358,-2.7268409338139397,-2.8349242948005933,-0.08940478546941932,-0.19168464578147004,-0.05262191250584927,-0.11282184288085333,-0.5735751975988046,-0.6170303386466065,-0.016370770587055494,-0.019870625826045707,-0.015957528263367587,-0.019369037733669603,0.5950596435611719,0.44880320468080565,-0.0013564869757685116,-0.04227067809669294,-0.005636090754920265,-0.1756311577484974,-0.030126286204904318,0.05336042493581772,-0.07184520224109292,0.040401216596364975,-0.29120792781463944,0.1637569969771567,0.7283042035996914,0.8366552740335464,-0.002551259472966194,0.05444399639964104,-0.012958535895939387,0.27653576170474126,0.034445568919181824,0.03788836672902107,-0.022196268662810326,-0.02175350859761238,-0.8221484271407176,-0.8057486215367642
18,9,-0.029953797424164645,-0.03258086013960239,0.03523139260673797,0.021726129656460466,0.6967651490105797,0.4296739029444928,-0.33729614652562356,-0.31739798255356166,0.0005781455248166645,0.003586722746955817,0.0029528602212437072,0.018319074470868436,0.0035935640335083008,-0.00702705979347229,-0.08315309882164001,-0.07919906079769135,-2.202042883093359,-2.0973328793351977,-0.0953415549502487,-0.06400123577937575,0.1334165699824736,0.2041756126225517,0.5066228556307409,0.7753162289405403,-2.9629400051016823,-3.0415831819836354,0.38323568403384023,0.3388990604507347,0.18994700113666677,0.16797198930715124,-2.200898145811312,-2.2893645017696387,0.4365380025332084,0.35387514724948455,0.2569377517564541,0.20828400782781778,-0.7369609242787851,-0.7491317053343345,-0.17975649726703602,-0.1519719925137737,-0.17521895932808518,-0.14813581027739642,0.5350008310909133,0.5001764494412342,-0.06141529944602708,0.0091025666637356,-0.25517546987305767,0.03782040869980355,-0.033730941824615,0.10999045893549919,-0.0754498578608036,0.09703125059604645,-0.305818566531736,0.3932937557126967,0.8291078582406044,0.8628083541989326,0.09825239516794682,0.08059707656502724,0.49905045062530623,0.40937431917161954,0.05939614772796631,0.06135779246687889,0.0027543101459741592,0.0017159171402454376,0.10201947853354498,0.0635574654185127
18,10,-0.07829175515856907,-0.08831080306810749,-0.013106565127666447,-0.03400381327204463,-0.2592062682883803,-0.6724875251423613,-0.35637566642064733,-0.3210017919116358,-0.018501374370207102,-1.7086611118322104e-05,-0.09449519207719669,-8.726933292989402e-05,0.046555131673812866,0.06132364273071289,-0.04019153118133545,-0.010848358273506165,-1.0643436799429553,-0.2872839433279711,-0.04763991717040837,-0.17583198561738075,0.1811182077623139,0.0923448627845467,0.687760325687576,0.3506612266593409,-2.7951423233460964,-2.7152525708968476,0.5510333657894262,0.6652296715375225,0.27311427332717586,0.32971455018401846,-2.145832317864724,-2.048294094210625,0.4916038304797965,0.5949455548084983,0.28934842379210984,0.35017334661113064,-0.8229806505442643,-0.8853118845448664,-0.2657762235325152,-0.28815217172430563,-0.25906731611673295,-0.2808784351347027,0.6239857320373554,0.4950462448080264,0.027569601500414986,0.0039723620305278096,0.11454940512443346,0.0165048344107911,0.025213632732629776,0.011605888605117798,-0.016505283303558826,-0.0013533197343349457,-0.06690035240897133,-0.0054853688654651475,0.7729871198534966,0.864733524620533,0.042131656780838966,0.08252224698662758,0.21399806351924688,0.4191527796843419,0.02374850958585739,0.019853662699460983,-0.03289332799613476,-0.03978821262717247,-1.2183668474312797,-1.4737529504217382
18,11,-0.08742077815636023,-0.0528633102698281,-0.022235588125457617,0.0014436795262347535,-0.43974937484047494,0.028551399924739353,-0.4025752861668816,-0.3502877132044402,-0.06470099411644137,-0.029303007903922706,-0.3304583078143649,-0.14966419817868878,0.09233793616294861,0.0650218278169632,0.005591273307800293,-0.007150173187255859,0.14806692437621252,-0.1893493832822043,-0.3139650178425343,-0.3341493772043651,-0.08520689290981198,-0.06597252880243765,-0.3235562075315117,-0.2505175402085584,-3.3998158291771263,-3.473619514858286,-0.05364014004160378,-0.0931372724239159,-0.026586208346281746,-0.046162573914723046,-2.604866331961891,-2.7763048194292756,0.032569816382629124,-0.13306517041015242,0.019169958509709935,-0.07831956330004314,-0.45726542799053227,-0.5772890869945152,0.09993899902121683,0.019870625826045596,0.0974162696259846,0.019369037733669547,0.5977726175127089,0.47270369517986294,0.0013564869757685116,-0.018370187597635645,0.005636090754920265,-0.07632660418764972,0.06117832660675049,-0.03724418953061104,0.019459410570561886,-0.05020339787006378,0.0788742247496444,-0.20348787402582114,0.7307691685855389,0.7490148916840553,-8.629448711872101e-05,-0.03319638594985008,-0.00043831300610498226,-0.1686134097706848,0.02517436072230339,0.04059348255395889,-0.03146747685968876,-0.01904839277267456,-1.1655534089667328,-0.7055512976310394
19,0,-0.1323650096401408,-0.12617643866358724,-0.06807677843376542,-0.06585227200341652,-1.3463426552287678,-1.3023489768715686,-0.3644692135381645,-0.6486782207798333,0.009995705347162598,-0.2466494967294386,0.05105275304564407,-1.2597546054050954,0.02991892397403717,0.0263800248503685,0.007097035646438599,0.006465069949626923,0.18794220609650833,0.17120662336124257,0.0728744858016863,0.08109973996882622,0.23182407293305035,0.3565112662341585,0.880305750992697,1.3537805370637819,-3.1501027580861614,-3.2292137396907625,0.00918097836995635,-0.045238213053921505,0.004550461717233573,-0.022421875791752317,-2.0875872922052556,-2.2433051902600276,0.09485524177418858,0.044667025866899746,0.055829944752452294,0.026290140004513234,0.5320922035115081,0.37834827552061717,1.4229137073882656,1.342544707229468,1.3869955345862224,1.3086552643642033,0.46483292544554683,0.4205509829621794,0.04211533605217482,0.022856894611520906,0.17498572445160715,0.09496849929811926,0.13188093900680542,0.13637301325798035,-0.05702829407528043,-0.13962979335337877,-0.23115101393600954,-0.5659571066022683,0.8656982555985451,0.9034618809819221,0.09516682475805283,0.09868689998984337,0.4833780051764033,0.5012574179648371,0.10807766392827034,0.12070442736148834,0.08835906477179378,0.10214444517623633,3.272814328809686,3.78342397177361
19,1,-0.07344733547732982,-0.07270878042322915,-0.009159104270954427,-0.012384613763058425,-0.18113801868094465,-0.24492836120266104,-0.4896660356756283,-0.39353161640321976,-0.11520111679030115,0.008497107647174929,-0.5883861080145918,0.0433987120715413,0.005279809236526489,0.005018711090087891,-0.017542079091072083,-0.014896243810653687,-0.46454565090848216,-0.3944791972026533,-0.25435581622869385,-0.31132252748339295,-0.09540622909732982,-0.03591100121806068,-0.3622861555847186,-0.13636487572752698,-3.1684647148260736,-3.1387373135829195,-0.009180978369955906,0.045238213053921505,-0.004550461717233353,0.022421875791752317,-2.277297775753633,-2.332639241993827,-0.09485524177418858,-0.044667025866899746,-0.055829944752452294,-0.026290140004513234,-0.729632763729768,-0.820048094342877,0.16118874014698958,0.14414833736597388,0.15711990238663803,0.14050964524869747,0.6654925440597902,0.34258829639352195,0.24277495466641819,-0.05510579195713655,1.008709778983599,-0.2289599901364467,0.44593390822410583,0.33476732298731804,0.25702467514202,0.05876451637595892,1.0417901364404305,0.2381883898864521,0.8138547167181969,0.8545248135924339,0.04332328587770462,0.04974983260035515,0.22005066953208266,0.25269283598941106,-0.0038843024522066116,-0.0005012229084968567,-0.02360290160868317,-0.019061205093748868,-0.8742500250075389,-0.706025865216217
19,2,-0.057803154133194104,-0.047987940698195106,0.006485077073181286,0.012336225961975616,0.12825424596971735,0.24397140404209428,-0.2341367063135543,-0.310879062693851,0.14032821257177283,0.09114966135654368,0.7167219653785605,0.4655440501505625,-0.0216352641582489,-0.02383589744567871,-0.04445715248584747,-0.04375085234642029,-1.1773049666379933,-1.1586008748194847,-0.09314674560753487,-0.09504347494448309,0.06580284152382916,0.18036805132084918,0.24987318655995133,0.6849117559889651,-2.463426440013274,-2.442880935998147,0.6958572964428438,0.7410945906386939,0.34489483152282707,0.36731625189160494,-2.0626026047009036,-2.1439418253037,0.11983992927854059,0.14403039082322744,0.07053544438468061,0.08477347811181293,-1.034782768677995,-0.9926843927733093,-0.14396126480123728,-0.0284879610644585,-0.1403272948991393,-0.027768848230715917,0.38539487743683715,0.5093748479628011,-0.03732271195653486,0.11168075961214258,-0.15507276926680622,0.46402428331157497,0.4516661912202835,0.36125174537301064,0.26275695813819766,0.08524893876165152,1.0650246211505203,0.3455368769353747,0.7892760187387466,0.6977074891328812,0.018744587898254395,-0.10706749185919762,0.09520882438967007,-0.5438247074620446,0.01972379209473729,0.018884517718106508,5.192938260734081e-06,0.00032453553285449743,0.00019234611403197996,0.012020776191750125
19,3,-0.10070616924283163,-0.09731747535184511,-0.03641793803645624,-0.03699330869167439,-0.7202312524477558,-0.7316102582337126,-0.6498210302351333,-0.503188966079436,-0.27535611134980614,-0.10116024202904128,-1.4063727435043858,-0.5166727784560233,0.08837488293647766,0.0666441023349762,0.06555299460887909,0.04672914743423462,1.7359606231099751,1.2374714592572436,-0.10559877567000137,-0.2941557764994737,0.05335081146136267,-0.018744250234141446,0.20258908212318363,-0.07117755749173743,-3.7857028601668006,-3.7988637145734843,-0.6264191237106829,-0.6148881879366432,-0.3104784835041515,-0.3047632884901482,-2.8036096618788235,-2.7494730967084458,-0.6211671278993793,-0.4615008805815184,-0.365606852968864,-0.27163041476834254,-0.4181305032307918,-0.48478806158594656,0.4726910006459658,0.47940837012290427,0.4607590071912568,0.4673068121778154,0.41702670230406536,0.3748371937391376,-0.005690887089306651,-0.022856894611520906,-0.023645163340521372,-0.09496849929811926,0.14504718966782093,0.1922935489565134,-0.04386204341426492,-0.08370925765484571,-0.17778465887702868,-0.339296135304449,0.8025873005390167,0.9105287417769432,0.032055869698524475,0.10575376078486443,0.1628204197046756,0.5371519125288954,0.014360837638378143,0.01188846305012703,-0.005357761518098414,-0.006671519135124981,-0.19845115735511024,-0.24711265874936192
19,4,-0.055492895639904324,-0.05635874197819496,0.008795335566471066,0.003965424681975763,0.1739438280222348,0.07842351706808937,-0.14566348647640867,-0.37903938769921686,0.22880143240891845,0.022989336351177836,1.1685961740136641,0.11741731780369959,-0.00037744641304016113,-0.015987098217010498,-0.023199334740638733,-0.035902053117752075,-0.6143599057889745,-0.9507506235692017,-0.27067241863575686,-0.31193881041839,-0.11172283150439283,-0.036527284153057726,-0.4242452039004083,-0.1387050874451998,-2.444987457009238,-2.3564625718816585,0.7142962794468799,0.8275129547551825,0.35403393226825075,0.4101486649234094,-1.6282445622556254,-1.5068757687360663,0.5541979717238188,0.781096447390861,0.32619011416279314,0.4597381303184346,-1.4020989180290204,-1.4415646588387898,-0.5112774141522628,-0.477368227129939,-0.49837139573670486,-0.4653181678865505,0.34299857370698794,0.35208694322407613,-0.07971901568638406,-0.04560714512658237,-0.3312258910903453,-0.1894939012301312,0.20987541042268276,0.278921814635396,0.020966177340596914,0.0029190080240368843,0.0849815557211604,0.011831524603432663,0.6797774620354176,0.7187109999358654,-0.09075396880507469,-0.08606398105621338,-0.4609639179868347,-0.43714220355945993,0.019713406218215823,0.018235446652397513,-5.192938260734081e-06,-0.00032453553285449743,-0.00019234611403197996,-0.012020776191750125
19,5,-0.06586363044223087,-0.04468310862648259,-0.0015753992358554791,0.015641058033688135,-0.03115639780620155,0.30933049548094155,-0.8715574055005145,-0.9045304090426057,-0.4970924866151874,-0.502501684992211,-2.5388843586925187,-2.5665116705555553,0.026934832334518433,0.03163325786590576,0.004112944006919861,0.011718302965164185,0.1089181185950267,0.3103216357783678,-0.3651734076201679,-0.3753198835366662,-0.2062238204888039,-0.0999083572713339,-0.7830938904278828,-0.37938209076150503,-2.5994931373959194,-2.6542810337031506,0.5597905990601983,0.5296944929336904,0.277454709949697,0.2625378706709302,-1.5435734349546497,-1.5805755938869237,0.6388690990247945,0.7073966222400037,0.3760258878208775,0.4163598510638935,-1.1890305171201272,-1.213517863360516,-0.29820901324336957,-0.2493214316516651,-0.29068141489837773,-0.2430278874832317,0.4592335817774117,0.5055786810969801,0.036515992384039686,0.10788459274632162,0.15172091642518395,0.44825152518061934,0.04648622125387192,-0.31405334919691086,-0.14242301182821393,-0.59005615580827,-0.5772787723310492,-2.391656298086363,0.7517868429422379,0.7520313635468483,-0.018744587898254395,-0.052743617445230484,-0.09520882438967007,-0.2678990777645496,-0.000425923615694046,-0.000378953292965889,-0.020144522772170603,-0.0189389354782179,-0.7461518854468352,-0.7014970061713492
19,6,-0.039514783637829835,-0.04656922470349349,0.024773447568545555,0.01375494195667723,0.4899401814534639,0.2720291045277376,-0.383835563217529,-0.352239704158247,-0.00937064433220186,0.04978901989214768,-0.04786027342295206,0.2542958649396378,0.04870849847793579,0.04715314507484436,0.02588661015033722,0.027238190174102783,0.6855237682871254,0.7213160263561603,-0.13800236792078913,-0.18322038079507072,0.020947219210574908,0.09219114547026155,0.07954289347551564,0.3500775157699569,-3.5493341199219484,-3.5550886040824694,-0.39005038346583065,-0.3711130774456284,-0.1933246399492363,-0.18393855029734693,-2.844728072427233,-2.938432508004626,-0.6622855384477888,-0.6504602918776987,-0.38980834722778257,-0.38284823779846994,-0.3671709292905124,-0.34413788005979973,0.5236505745862452,0.6200585516490511,0.5104322242897955,0.6044066044579639,0.6114560707886427,0.5651041296638288,0.18873848139527072,0.16741004131317033,0.7841927192016824,0.6955748215654055,0.257234999909997,0.33051740005612373,0.06832576682791114,0.054514593444764614,0.27694270951501126,0.22096230920799673,0.745615042746067,0.8121284991502762,-0.0249163880944252,0.007353518158197403,-0.12655706443820589,0.037350504730769035,0.04229846969246864,0.05226970463991165,0.022579870535992086,0.03370972245465964,0.8363570169481129,1.2486060480013834
19,7,-0.0627128319705199,-0.06428959134214648,0.001575399235855493,-0.003965424681975763,0.031156397806201826,-0.07842351706808937,-0.4691540305293721,-0.5965140782775611,-0.09468911164404498,-0.1944853542271664,-0.4836216820103723,-0.9933278758734726,0.017456144094467163,0.019402533769607544,-0.005365744233131409,-0.0005124211311340332,-0.14209451083008015,-0.013569828676868208,-0.3957626390828313,-0.4404482670595503,-0.2368130519514673,-0.16503674079421804,-0.8992504052985623,-0.6266941573759605,-2.755662387068174,-2.781714954466877,0.4036213493879437,0.4022605721699639,0.20005095586089772,0.19937650000373508,-1.764956321393098,-1.7476049997565517,0.4174862125863461,0.5403672163703757,0.24572423988010694,0.31804960138959676,-1.3273715643125206,-1.3268762357861483,-0.43655006043576294,-0.3626798040772975,-0.42553036161210434,-0.35352478940070825,0.37745304352201686,0.28977410250297875,-0.045264545871355144,-0.10791998584767976,-0.18807042977075006,-0.4483985805780658,0.16794305574148893,0.2208433710038662,-0.020966177340596914,-0.055159435607492924,-0.0849815557211604,-0.22357602792710438,0.7336569018661976,0.766538105905056,-0.03687452897429466,-0.03823687508702278,-0.1872956915682508,-0.1942154154111399,0.04873709753155708,0.04197143204510212,0.029018498375080526,0.02341144985985011,1.0748433964052255,0.8671586639969306
19,8,-0.014481713219090083,-0.013528722800411654,0.049806517987285304,0.04679544385975907,0.985014879044888,0.9254653875852039,-0.39906497078781344,-0.40222456197965595,-0.02460005190248632,-0.00019583792926125554,-0.1256439972036754,-0.0010002361106395822,0.02049165964126587,0.018810540437698364,-0.0023302286863327026,-0.0011044144630432129,-0.061708626226008305,-0.02924687164751553,0.04236555958857617,0.018689881332818483,0.20131514671994022,0.29410140759815073,0.7644541793150269,1.1167915273340407,-3.7526249040252466,-3.781268714858139,-0.5933411675691289,-0.5972931882212982,-0.2940837195649366,-0.2960424997688266,-2.5621623552307966,-2.4786782536308793,-0.3797198212513524,-0.190706037503952,-0.22349567873478135,-0.11224585314063222,-1.0014384616899759,-1.0044334549085026,-0.11061695781321823,-0.04023702319965172,-0.10782468799043031,-0.0392213324063023,0.28067399710329766,0.3077711641115519,-0.14204359229007435,-0.08992292423910658,-0.5901793320560206,-0.37362228389424157,0.06377341225743294,0.08670040499418974,-0.1251358208246529,-0.18930240161716938,-0.5072091377159278,-0.7672935475953079,0.8762303218245506,0.8968405425548553,0.10569889098405838,0.09206556156277657,0.5368732139916113,0.4676258518323065,0.03789179027080536,0.03759167343378067,0.0181731911143288,0.01903169124852866,0.6731338819937208,0.7049326742031111
19,9,-0.0932013167325898,-0.08047405910451058,-0.02891308552621441,-0.02014989244433986,-0.5718090842987451,-0.39850093262684505,-0.3026534678139108,-0.40183288612113344,0.07181145107141634,0.00019583792926125554,0.366774744759664,0.0010002361106395822,0.052231431007385254,0.06476065516471863,0.029409542679786682,0.04484570026397705,0.77881732696414,1.1875944072204447,-0.17989680634193891,-0.2566672760311909,-0.02094721921057488,0.01874425023414139,-0.07954289347551553,0.07117755749173722,-3.5582337219863023,-3.6286900820871772,-0.39894998553018457,-0.4447145554503362,-0.19773564026538756,-0.22041839966593055,-2.664717522226299,-2.697186915360559,-0.4822749882468549,-0.40921469923363185,-0.28385764925263474,-0.24085578849182668,-0.7534755137314821,-0.9244264385844471,0.1373459901452755,0.03976999312440377,0.13387900758541207,0.03876609142751149,0.4284084764826786,0.4777791958302488,0.0056908870893065955,0.0800851074795903,0.023645163340521143,0.3327469720944389,0.3968431241810322,0.27308379858732224,0.20793389109894633,-0.0029190080240368843,0.8428119854985314,-0.011831524603432663,0.7264245934784412,0.7974214628338814,-0.04410683736205101,-0.007353518158197403,-0.22403053913915721,-0.037350504730769035,-0.00235830619931221,-0.0040205493569374084,-0.022076905355788767,-0.02258053154218942,-0.8177272175844235,-0.8363815005770383
19,10,-0.048936615167021774,-0.04619230666278586,0.015351616039353616,0.014131859997384859,0.30360625129441343,0.27948334733130475,-0.36509427455312526,-0.3596953412020535,0.00937064433220186,0.042333382848341206,0.04786027342295206,0.21621643146539535,-0.02322883903980255,-0.025592923164367676,-0.04605072736740112,-0.04550787806510925,-1.2195056816603942,-1.2051300605513355,-0.0704080645044832,-0.08557614746931197,0.08854152262688084,0.1898353787960203,0.3362187998163717,0.7208620467309071,-1.564114166553566,-1.5118628492285269,1.5951695699025517,1.6721126774083142,0.790630123265612,0.8287662184617086,-1.1088908696828286,-1.0440554635413386,1.0735516642966156,1.2439167525855888,0.6318715654034921,0.7321451326731107,-1.1424441718916238,-1.2373616830367267,-0.2516226680148662,-0.27316525132787584,-0.24527103444514126,-0.26626982495749024,0.3595104769218898,0.4392941832237893,-0.0632071124714822,0.04160009487313082,-0.2626203042192126,0.1728449401332624,0.2986343763768673,0.3871517200022936,0.10972514329478145,0.11114891339093447,0.4447455169074852,0.4505164400373811,0.9388570263981819,0.9395563155412674,0.16832559555768967,0.13478133454918861,0.854971160461263,0.6845907993151504,0.023932315409183502,0.02207845915108919,0.004213716252706945,0.0035184769658371806,0.1560757910353059,0.1303241705773996
19,11,-0.07333940368257678,-0.07039092200626032,-0.009051172476201394,-0.010066755346089598,-0.17900347027141927,-0.1990884767759568,-0.30796968748098563,-0.5875836373795975,0.06649523140434149,-0.18555491332920282,0.339622318755369,-0.9477159277499843,0.025152117013931274,0.02042737603187561,0.0023302286863327026,0.0005124211311340332,0.061708626226008305,0.013569828676868208,-0.27225058776889255,-0.31577482994404604,-0.11330100063752852,-0.04036330367871377,-0.4302379869033181,-0.15327160768026837,-3.3963561150192376,-3.4144671536827085,-0.2370723785631199,-0.23049162704586745,-0.1175025949734496,-0.11424091014605942,-2.8441010998215233,-2.88383433433838,-0.661658565842079,-0.5958621182114525,-0.3894393233838351,-0.35071281794863324,-0.7802045460635394,-0.9357084706443923,0.11061695781321823,0.0284879610644585,0.10782468799043037,0.027768848230715973,0.517271139108546,0.30830550455697575,0.09455354971517405,-0.08938858379368275,0.3928621482654981,-0.37140214370990476,0.129047816619277,0.36854539811611176,-0.05986141646280885,0.09254259150475264,-0.24263442095529592,0.375100013168057,0.666462454944849,0.7431117556989193,-0.10406897589564323,-0.061663225293159485,-0.5285944350573758,-0.31320417499196207,-0.0006500082090497017,-0.00011960044503211975,-0.02036860736552626,-0.01867958263028413,-0.7544519650130236,-0.6918905926230904
20,0,-0.05643214759678031,-0.07357488671953136,0.04794199213541846,0.03056259575191829,0.9481404742346273,0.6044311623141124,-0.7483573634807926,-0.6857938276445813,-0.04750446493805216,0.06376272144406336,-0.2426275718237599,0.3256661094282862,0.07300060987472534,0.07185813784599304,0.08333596587181091,0.0821692943572998,2.2068855298748677,2.17598998007765,-0.32627942911809266,-0.32677956888353454,-0.21059289050800972,-0.2109092757247052,-0.799684563759325,-0.8008859736140579,-3.5812777375800016,-3.581708451210905,-1.8221384363240596,-1.8826118092672954,-0.9031250117226777,-0.9330980448136479,-3.0056623589919935,-2.9762404974203225,-1.7190355606759467,-1.7286066380688534,-1.0117907938974302,-1.0174241433262314,-1.0992208924205746,-1.2673496727127493,0.12332721328235707,0.03429034219627636,0.12021410239244884,0.03342476164135453,0.3845852599882008,0.2742903736309251,0.0198806279225876,-0.040921567333854436,0.08260235832564836,-0.17002571454585283,0.016655750572681427,0.12003735173493624,-0.03335227211937308,0.03670636098831892,-0.13518572916254432,0.14878075344759262,0.7487983517348766,0.7377324886620045,-0.10161588713526726,-0.11221441254019737,-0.516134534724189,-0.5699673076581525,0.016423584893345833,0.013648301362991333,0.005987405544146895,0.003711701894644648,0.22177313338352464,0.13748121006528452
20,1,-0.25580839943335765,-0.20741258107793298,-0.15143425970115887,-0.10327509860648333,-2.9948891235654793,-2.042453736440344,-0.8906247408728,-0.8550779110329654,-0.1897718423300595,-0.10552136194432071,-0.9692537609908233,-0.5389470622913708,-0.014495670795440674,-0.01023527979850769,-0.0041603147983551025,7.587671279907227e-05,-0.11017258193583641,0.002009351158038063,-0.045982316717908644,-0.047460300653813764,0.06970422189217429,0.06840999250501557,0.26468790157902555,0.2597733232170597,-1.605116060304491,-1.6239890082067867,0.15402324095145103,0.07510763373682283,0.07634010595290756,0.037226360657795346,-1.2667141957487948,-1.2024192246616243,0.019912602567252025,0.04521463468984477,0.011720169390888996,0.026612451874254265,-1.5225022287314651,-1.522876113466428,-0.2999541230285334,-0.22123609855740223,-0.29238247341430673,-0.21565150380877185,0.5020688239682614,0.31638602939616256,0.13736419190264815,0.0011740884313830025,0.5707368119778596,0.004878239947587844,0.015505917370319366,-0.179525688290596,-0.034502105321735144,-0.2628566790372133,-0.13984631238518863,-1.0654288167746724,0.9780574589967728,0.9582449570298195,0.12764322012662888,0.10829805582761765,0.6483343883329624,0.550075074202861,0.010893254075199366,0.009924916550517082,0.0004570747260004282,-1.1682917829602957e-05,0.016930019760332437,-0.00043273455840420487
20,2,-0.1314519348104467,-0.11297590916706468,-0.027077795078247938,-0.008838426695615034,-0.5355128630074389,-0.17479603381932524,-0.4052513435202903,-0.41686373870760557,0.29560155502245017,0.3326928103810391,1.5097757151028224,1.6992181440468173,-0.003199070692062378,0.004134088754653931,0.007136285305023193,0.014445245265960693,0.18898160730433872,0.3825359485480618,-0.08208022241606223,-0.09062555159564456,0.0336063161940207,0.025244741563184778,0.12761329330892696,0.09586187879122392,-1.083372085427361,-1.0765407338113842,0.675767215828581,0.6225559081322254,0.33493738047049726,0.3085637186624525,-0.6667393729111841,-0.664307754507752,0.6198874254048627,0.583326104843717,0.3648536450466438,0.3433343650487628,-0.9641926669142631,-1.016126955843084,0.2583554387886686,0.2855130590659416,0.2518338519583669,0.2783059407849648,0.4199144815323671,0.32636700265511354,0.05520984946675389,0.011155061690333978,0.2293923404489899,0.04634835511622757,0.3293534815311432,0.16886218078434467,0.2793454588390887,0.08553119003772736,1.1322622760526202,0.3466809172702222,0.9913941845297813,0.9893075972795486,0.14097994565963745,0.1393606960773468,0.7160752192382762,0.7078506132901392,0.007915429538115859,0.009075081907212734,-0.0025207498110830784,-0.000861517561133951,-0.09336841808324094,-0.031910557517585286
20,3,-0.16216088616273494,-0.3316029096604194,-0.057786746430536176,-0.22746542718896973,-1.1428384746792186,-4.498544353304008,-0.6533484336046882,-0.8420864049752744,0.04750446493805227,-0.09252985588662976,0.24262757182376046,-0.4725933506303366,-0.02140873670578003,-0.016822129487991333,-0.011073380708694458,-0.00651097297668457,-0.2932429401538809,-0.17242221767434868,-0.04222091118824338,-0.03821210478068053,0.07346562742183955,0.0776581883781488,0.2789710900231192,0.2948915053386259,-1.582611860367621,-1.514211607606233,0.17652744088832106,0.18488503433737646,0.08749409152647168,0.09163645059819983,-0.9534718633467711,-0.9280406048263423,0.33315493496927573,0.31959325452512677,0.1960884951157525,0.18810635458471356,-1.4678704881193734,-1.3832510245304444,-0.24532238241644166,-0.08161100962141865,-0.23912978501711227,-0.0795509280220139,0.3764930402197343,0.4079932860177413,0.011788408154121077,0.09278134505296176,0.04897985708637334,0.3854987850405306,0.1993991658091545,0.15310536604374647,0.1493911431171,0.06977437529712915,0.605522482559152,0.28281430925134604,0.9803053215146065,0.9201430007815361,0.12989108264446259,0.07019609957933426,0.6597518891536915,0.35654494801195474,0.0068381368182599545,0.004992205183953047,-0.003598042530938983,-0.004944394284393638,-0.13327127421886034,-0.18314006042325046
20,4,-0.07016235795397266,-0.09529905577583461,0.034211781778226105,0.008838426695615034,0.6766004822660411,0.17479603381932524,-0.4989147873436495,-0.44876004313683016,0.20193811119909094,0.3007965059518145,1.0313925994704791,1.536308764814653,0.11464965343475342,0.09908491373062134,0.12498500943183899,0.1093960702419281,3.309826746241629,2.8970037356193847,-0.09349581388508706,-0.2298714908982652,0.022190724724995878,-0.11400119773943586,0.08426485803202677,-0.43289684595897565,-2.7127097377430447,-2.7823638071090318,-0.9535704364871027,-1.0832671651654222,-0.47262781710931095,-0.5369107262851365,-1.9151013013585076,-1.869967958995348,-0.6284745030424608,-0.6223340996438789,-0.36990783141658007,-0.3662937097709181,-0.2602506463765466,-0.27584811386357977,0.9622974593263851,1.025791901045446,0.9380064807156766,0.9998981517833672,0.4157258306444971,0.2505761880723796,0.051021198578883875,-0.06463575289239998,0.21198884379445113,-0.26855618654781244,0.17889491794630885,0.0466246297582984,0.12888689525425434,-0.03670636098831892,0.522413251249593,-0.14878075344759262,0.7197927348315716,0.7356385551393032,-0.1306215040385723,-0.11430834606289864,-0.6634618966833171,-0.5806029615401497,0.027617821469902992,0.033656252548098564,0.017181642120704055,0.02371965307975188,0.6364069682080984,0.8785744923206568
20,5,-0.34438723522948206,-0.6089685450100137,-0.24001309549728328,-0.5048310625385641,-4.746697416004838,-9.98395647998258,-0.798071946381458,-1.0723608590358973,-0.09721904783871749,-0.3228043099472526,-0.4965432521529452,-1.6487129367498508,-0.011093497276306152,-0.011059492826461792,-0.0007581412792205811,-0.0007483363151550293,-0.020076937984811583,-0.019817284987563143,-0.10500635399477411,-0.08649574242369132,0.010680184615308827,0.02937455073513802,0.040555874200498956,0.11154400670217103,-1.3764965618562677,-1.2980390686130074,0.3826427393996743,0.4010575733306021,0.18965311395498682,0.19878024544961195,-0.8061809037887211,-0.7273130373410163,0.4804458945273258,0.5203208220104528,0.28278108037358984,0.30625068475972095,-1.3974144001772606,-1.335930357105302,-0.1748662944743289,-0.03429034219627636,-0.17045219841947368,-0.033424761641354474,0.1432957835937244,0.31403785253339656,-0.2214088484718888,-0.0011740884313830025,-0.9199353817776049,-0.004878239947587844,-0.1110137365758419,-0.17559632286429405,-0.1610217592678964,-0.25892731361091137,-0.6526644979315257,-1.0495020418791123,0.9942374527454376,0.986375093460083,0.14382321387529373,0.13642819225788116,0.7305169464027532,0.6929556343935618,0.006992039503529668,0.007120649330317974,-0.0034441398456692696,-0.002815950138028711,-0.12757072821496243,-0.10430262005099857
20,6,-0.07729634465395083,-0.09328708913700821,0.027077795078247938,0.010850393334441433,0.5355128630074389,0.21458634953446631,-0.5244392271516476,-0.382416532600414,0.17641367139109287,0.36714001648823064,0.9010273198940828,1.8751561739730456,0.10804527997970581,0.10599696636199951,0.11838063597679138,0.11630812287330627,3.1349311167333087,3.080047260396984,-0.1560065186291298,-0.19354535717964333,-0.04031998001904685,-0.07767506402081399,-0.15310709471025488,-0.2949555872309933,-2.6987765609540233,-2.6641067898473576,-0.9396372596980813,-0.9650101479037481,-0.4657219749405323,-0.47829779766693775,-2.3329961958031085,-2.395588021533449,-1.0463693974870616,-1.1479541621819798,-0.615872613465374,-0.6756634241209368,-0.820305145609051,-1.0567471288109869,0.4022429600938807,0.24489288609803883,0.39208926484585604,0.23871113034209387,0.35291622391149213,0.36455975304053456,-0.011788408154121077,0.049347812075755004,-0.04897985708637334,0.20503606181558273,0.34258370473980904,0.23545231111347675,0.2925756820477545,0.15212132036685944,1.1858879290529691,0.6165886252474437,0.7091206684708595,0.7534883469343185,-0.14129357039928436,-0.0964585542678833,-0.7176682039933093,-0.48993904822135903,0.00997910462319851,0.010772423818707466,-0.0004570747260004282,0.000835824350360781,-0.016930019760332437,0.030958882569590576
20,7,-0.21394632606365022,-0.28184389828192874,-0.10957218633145145,-0.17770641581047908,-2.1669901496328494,-3.5144690042324385,-0.9401229043282426,-1.068602197111924,-0.23927000578550217,-0.3190456480232793,-1.2220640857590461,-1.6295156882994302,-0.021755754947662354,-0.01826256513595581,-0.011420398950576782,-0.007951408624649048,-0.3024326042875004,-0.2105675317047704,-0.060505689856179906,-0.05541174576267452,0.05518084875390303,0.06045854739615482,0.20953828430383736,0.22957929388493611,-1.0831746850793165,-1.0913539313711011,0.6759646161766255,0.6077427105725084,0.33503522001335956,0.3012217028457188,-0.32059859142786995,-0.34893535064626335,0.9660282068881769,0.8986985087052057,0.5685853560762676,0.5289564092785436,-0.9423923028057131,-1.0473986405986173,0.28015580289721864,0.2542413743104084,0.27308391618496863,0.24782363754359374,0.1646423687605747,0.18554486882428353,-0.2000622633050385,-0.12966707214049603,-0.8312420928207823,-0.5387559184595846,-0.10937980096787214,-0.030953051522374153,-0.15938782365992665,-0.11428404226899147,-0.6460417174571563,-0.46322396058895704,0.9991516843438148,0.9992012828588486,0.14873744547367096,0.14925438165664673,0.7554776559045949,0.7581033143897403,0.008260990201961249,0.008428902190644294,-0.0021751891472376883,-0.0015076972777023911,-0.0805688723317426,-0.05584501450661482
20,8,-0.06429215991778958,-0.0669982142851728,0.04008197981440918,0.037139268186276844,0.7926943720267451,0.7344968738762274,-0.7704198212951968,-0.8133192705327081,-0.06956692275245635,-0.06376272144406347,-0.3553108864333132,-0.3256661094282868,-0.023768514394760132,-0.02260705828666687,-0.01343315839767456,-0.012295901775360107,-0.3557340768563993,-0.325617486050927,-0.15356818820189994,-0.1892230414432549,-0.037881649591817,-0.07335274828442558,-0.14384802048748938,-0.27854245397779653,-1.8654585622142883,-1.7559729377946258,-0.10631926095834632,-0.05687629585101628,-0.05269609700625198,-0.028190177174911568,-1.0246960485504313,-0.8777292877988179,0.2619307497656156,0.3699045715526512,0.15416732923622153,0.2177186142504112,-1.6857180499175621,-1.6689213552731226,-0.4631699442146304,-0.3672813403640969,-0.4514782878572331,-0.3580101705231811,0.23641421615831953,0.26202056581557387,-0.12829041590729368,-0.05319137514920569,-0.5330360261146844,-0.22100574725392277,-0.16688761487603188,0.18453573156148195,-0.21689563756808639,0.10120474081486464,-0.8791363542451165,0.41021003405092604,0.687375146895647,0.6773215048015118,-0.16303909197449684,-0.17262539640069008,-0.8281195810069908,-0.8768110102138363,0.011125874007120728,0.009948282386176288,0.0006896946579217911,1.1682917829602957e-05,0.02554624774243305,0.00043273455840420487
20,9,-0.04207999955546211,-0.04097356931204839,0.06229414017673666,0.06316391315940126,1.2319804200538134,1.2491817696750536,-0.630545988666035,-0.5868996173590724,0.07030690987670551,0.1626569317295723,0.3590903475717883,0.8307652014881827,-0.00957721471786499,-0.010387033224105835,0.0007581412792205811,-7.587671279907227e-05,0.020076937984811583,-0.002009351158038063,-0.1301380690036646,-0.1017259870325001,-0.014451530393581657,0.014144306126329234,-0.054876808759156216,0.05371018578560105,-1.6528200402975957,-1.6422203460925933,0.10631926095834632,0.05687629585101628,0.05269609700625198,0.028190177174911568,-1.306539400883299,-1.2928484940413139,-0.019912602567252025,-0.04521463468984477,-0.011720169390888996,-0.026612451874254265,-1.4674001082263737,-1.529979264396232,-0.24485200252344197,-0.2283392494872063,-0.23867127877898822,-0.2225753520857088,0.2960925978552592,0.37680270854847475,-0.068612034210354,0.061590767583695194,-0.2850773052724402,0.25590452541591246,0.04230186343193054,0.04546189680695534,-0.007706159260123968,-0.03786909393966198,-0.031235136091895543,-0.15349362282230986,0.9167546927928925,0.9232214093208313,0.06634045392274857,0.07327450811862946,0.3369610824066273,0.3721810163858405,0.02313316660001874,0.02374391071498394,0.012696987250819802,0.013807311246637255,0.4702956274437868,0.5114219600109984
20,10,-0.041281549682241375,-0.04982794877140666,0.06309259004995739,0.05430953370004299,1.247771224893748,1.0740702408104215,-0.5225052706503803,-0.4364555038000473,0.17834762789236014,0.3131010452885974,0.9109049423560377,1.5991538153922498,0.1330450475215912,0.11655184626579285,0.14338040351867676,0.1268630027770996,3.796969705489673,3.359559371231326,-0.18440811418368036,-0.26256955748988564,-0.06872157557359743,-0.1466992643310563,-0.2609564978706418,-0.557061242273669,-2.565281603204796,-2.5630142602068773,-0.8061423019488541,-0.8639176182632677,-0.3995565108469207,-0.42819227868078497,-1.7240801270694337,-1.7771772004028374,-0.4374533287533868,-0.5295433410513684,-0.2574764949123114,-0.31167887954265666,-0.608333945415401,-0.8082200496148819,0.6142141602875307,0.4934199652941438,0.5987097412689222,0.4809647169643325,0.45787485879300716,0.3909627068752179,0.09317022672739395,0.07575076591043833,0.3871145561088694,0.3147381427559014,0.13283150643110275,0.2512507140636444,0.08282348373904824,0.1679197233170271,0.33570585539033515,0.6806238014650648,0.7155923135578632,0.7797508016228676,-0.13482192531228065,-0.07019609957933426,-0.6847969707634666,-0.35654494801195474,0.02604113146662712,0.021928943693637848,0.015604952117428184,0.011992344225291163,0.5780064673863704,0.4441956930838871
20,11,-0.15074174356200887,-0.1674195839599658,-0.0463676038298101,-0.06328210148851617,-0.9170040694208158,-1.2515191597880777,-1.076864943893509,-0.9975998644256345,-0.3760120453507685,-0.24804331533698987,-1.920469784448923,-1.266873490435249,-0.03941097855567932,-0.0637640655040741,-0.02907562255859375,-0.053452908992767334,-0.7699745245092157,-1.4155286994250689,-0.12636672322539177,-0.13001459928515857,-0.010680184615308841,-0.014144306126329234,-0.04055587420049901,-0.05371018578560105,-2.110312943138071,-2.2150311184386986,-0.3511736418821292,-0.5159344764950891,-0.17405576498419734,-0.2557178537283723,-1.7466228679898106,-1.7619673129585918,-0.4599960696737637,-0.5143334536071227,-0.2707447124257895,-0.3027266365266642,-1.3458753189852888,-1.4491418106725378,-0.12332721328235707,-0.14750179576351208,-0.12021410239244879,-0.14377845332796135,0.23035027452688273,0.22441357423760683,-0.13435435753873048,-0.09079836672717273,-0.5582312001029598,-0.3772596747439832,0.05771418195217848,-0.08111012913286686,0.007706159260123968,-0.16444111987948418,0.031235136091895543,-0.6665240861446678,0.7840737849473953,0.664394348859787,-0.06634045392274857,-0.18555255234241486,-0.3369610824066273,-0.9424715265502971,0.007476108847185969,0.0061352248303592205,-0.002960070502012968,-0.0038013746379874647,-0.10964082947568132,-0.14080268296762935
21,0,-0.09750996835035888,-0.18295886726190166,-0.0029866505836767393,-0.08483478478507804,-0.05906647126347399,-1.6777628441162058,-0.5045442782158353,-0.5944845757372579,0.06558893272986699,0.019236699395849932,0.33499342656551717,0.09825084169256691,0.004915893077850342,-0.00012615323066711426,-0.0005180239677429199,-0.007199086248874664,-0.013718201818153029,-0.19064468869780915,-0.20772537308099326,-0.23581223603679974,-0.09093041986272024,-0.10895764421052961,-0.3452901613390696,-0.4137449558176188,-1.4739107589790623,-1.4328534834209563,0.46614834012589146,0.4931182424165286,0.2310418444330709,0.24440921149851122,-1.375878850895324,-1.2743839243196844,0.4056252973098615,0.5030729251133399,0.2387431365460807,0.2960989091398328,-1.2196749542317518,-1.2189630604927324,-0.08980214757457627,-0.09334434788843704,-0.08753529960071098,-0.09098808524219064,0.17044952579605652,0.22101380162250633,-0.23823897418701065,-0.08074825215645692,-0.9898631567150707,-0.3355022831657782,0.2647286131978035,0.18059058487415314,0.14804863091558218,-0.0031962674111127853,0.6000809195309353,-0.012955331469569504,0.7858021631836891,0.7694722265005112,0.009845800697803497,-0.06822001561522484,0.05000948085394617,-0.34650788386632697,0.0035320299211889505,0.0029149821493774652,-0.011740359710529447,-0.013200896792113781,-0.4348622021434809,-0.48896040588423617
21,1,-0.05108626797383686,-0.06595148617815007,0.04343704979284528,0.032172596298673556,0.8590470098449523,0.6362718642525451,-0.6669108130032952,-0.58953830702446,-0.096777602057593,0.02418296810864784,-0.49428858160553985,0.12351375474587618,0.07388821244239807,0.08588296175003052,0.06845429539680481,0.07881002873182297,1.8127922606833224,2.0870306139466512,-0.3121191156332406,-0.3599419186395864,-0.19532416241496756,-0.2330873268133163,-0.7417046094750669,-0.8851027060357701,-3.9469114655747335,-3.9479372751375,-2.0068523664697797,-2.021965549300015,-0.9946766562095443,-1.00216735677797,-2.802374817672235,-2.9577721436746724,-1.0208706694670497,-1.1803152942416482,-0.6008645596141797,-0.6947105551094294,-0.88302267107893,-0.8207995539064123,0.24685013557824553,0.304819158697883,0.24061897357603154,0.29712470248551026,0.5201128638364333,0.414710537272595,0.11142436385336613,0.11294848349363174,0.4629589802224524,0.46929157077978284,0.21341460570693016,0.08174732234328985,0.09673462342470884,-0.10203952994197607,0.39209144600788337,-0.4135936589038779,0.7347511276602745,0.7687317430973053,-0.041205234825611115,-0.06896049901843071,-0.20929251620474776,-0.35026899905765424,0.013260841369628906,0.016295939683914185,-0.002011548262089491,0.00018006074242293835,-0.0745076240028322,0.006669438833241503
21,2,-0.05184221069125135,-0.10831720738312281,0.042681107075430796,-0.010193124906299186,0.8440968616625601,-0.20158766567923608,-0.8333151226690443,-0.5229630183278213,-0.26318191172334204,0.09075825680528649,-1.3441933989287005,0.46354496362267217,0.08471611142158508,0.08555716276168823,0.07928219437599182,0.07848422974348068,2.099534405279953,2.078402873624706,-0.39040373449912136,-0.48714427875243715,-0.2736087812808483,-0.36028968692616703,-1.0389748598420698,-1.368128337198436,-2.5713919059501933,-2.5341427459717236,-0.6313328068452395,-0.6081710201342387,-0.3129139022681892,-0.301433990271442,-2.2997997635913334,-2.27153229625604,-0.518295615386148,-0.4940754468230155,-0.3050586876509433,-0.2908031689523159,-1.6631683177153826,-1.743525004914277,-0.5332955110582072,-0.6179062923099816,-0.5198336965987054,-0.6023086739390148,0.4454295164749828,0.3596485154176278,0.036741016491915635,0.057886461638664566,0.1526558729096097,0.24051344178360914,0.0866447426378727,-0.14260753523558378,-0.03003523964434862,-0.3263943875208497,-0.12174090440856442,-1.3229642380477649,0.6850983090698719,0.7285358272492886,-0.09085805341601372,-0.10915641486644745,-0.46149259183650004,-0.5544349115828464,0.02758074179291725,0.027356116101145744,0.012308352161198854,0.011240237159654498,0.45590060760881335,0.41633769359541295
21,3,-0.11283666342353535,-0.2087645201641048,-0.018313345656853205,-0.11064043768728117,-0.3621798649264639,-2.1881167716609293,-0.6169726827815124,-0.755670508858125,-0.046839471835810165,-0.14194923372501722,-0.23923114031175519,-0.7250012803187357,-0.02656114101409912,-0.025510013103485107,-0.03199505805969238,-0.03258294612169266,-0.8472864017446472,-0.8628547298205499,-0.10570593163233506,-0.09129167024361448,0.011089021585937955,0.03556292158265564,0.04210835117974344,0.13504311262944274,-1.5154998586923085,-1.470972349061209,0.42455924041264526,0.4549993767762759,0.21042861581261874,0.22551597029799145,-1.0130078780280196,-0.9144613173315876,0.7684962701771658,0.8629955321014366,0.45232191183062154,0.5079423337883167,-1.517013924514997,-1.4828414491530768,-0.38714111785782146,-0.35722273654878145,-0.3773686337656438,-0.3482054729483565,0.23404708157708504,0.2957698438819721,-0.17464141840598213,-0.005992209896991174,-0.725620592963283,-0.024897134587554694,0.054152303375303745,0.20992946345359087,-0.06252767890691757,0.026142611168324947,-0.2534414997460743,0.10596303425307123,0.9903322011232376,0.9705400988459587,0.214375838637352,0.1328478567302227,1.0888727821064894,0.6747701432875836,0.014545435551553965,0.014531004708260298,-0.0007269540801644325,-0.0015848742332309484,-0.02692633445242519,-0.05870364419628081
21,4,-0.0773093711527888,-0.07757744283329435,0.017213946613893347,0.020546639643529277,0.34043724048522866,0.40634733326301736,-0.6624332005344318,-0.8365312473429773,-0.09229998958872954,-0.22280997220986953,-0.4714193156890658,-1.1379949780698804,0.05079182982444763,0.04689878225326538,0.04535791277885437,0.03982584923505783,1.2011587113654567,1.0546597675129017,0.028881289154042058,0.0004336366394310111,0.14567624237231508,0.12728822846570115,0.5531765201122575,0.4833516991325973,-3.210609369803575,-3.2061082402038057,-1.2705502706986214,-1.2801365143663208,-0.629735757308218,-0.6344870847881613,-2.515044063913274,-2.666599484008775,-0.7335399157080884,-0.8891426345757507,-0.43174728356282677,-0.5233320081940056,-0.0707645225781659,-0.06863907297680795,1.0591082840790096,1.0569796396274873,1.0323735396134093,1.0302986278786685,0.381761566516551,0.3676913444770941,-0.026926933466516145,0.06592929069813086,-0.11187917280444533,0.27393072872790913,0.04627568181604147,0.006495003588497639,-0.07040430046617985,-0.17729184869676828,-0.2853675653830772,-0.7186115463098054,0.7661105617880821,0.8390713930130005,-0.009845800697803497,0.0013791508972644806,-0.05000948085394617,0.00700507988211029,0.0607558898627758,0.060594696551561356,0.045483500231057405,0.04447881761007011,1.6847060532508322,1.6474926707148623
21,5,-0.07001710564874798,-0.056580223675882085,0.024506212117934162,0.04154385880094154,0.48465511223566216,0.8216056995253875,-0.745752460822027,-0.7217862185182189,-0.1756192498763247,-0.10806494338511108,-0.8969698368051963,-0.5519383251025556,0.005951941013336182,0.014272019267082214,0.0005180239677429199,0.007199086248874664,0.013718201818153029,0.19064468869780915,-0.029336080431248787,-0.07686650022721334,0.08745887278702423,0.04998809159905679,0.3321076526508557,0.18981982310572115,-2.2168651247223767,-2.2284515309719253,-0.27680602561742296,-0.3024798051344404,-0.13719618671508182,-0.1499211432634152,-2.1411509272278737,-2.1710684500123096,-0.35964677902268827,-0.39361160057928535,-0.2116810776892447,-0.2316721090288297,-0.68760711340353,-0.6764462751593225,0.4422656932536455,0.4491724374449728,0.4311017164697988,0.43783411584311255,0.4246831618512269,0.2528490027316029,0.015994661868159732,-0.04891305104736038,0.0664564920220765,-0.20322966584090238,0.14671522192656994,0.1869831196963787,0.03003523964434862,0.0031962674111127853,0.12174090440856442,0.012955331469569504,0.8962758257985115,0.9242994785308838,0.12031946331262589,0.08660723641514778,0.6111350495071673,0.43990154424746464,0.06424788013100624,0.06807846948504448,0.048975490499287844,0.05196259054355323,1.8140491581766873,1.924691160236227
21,6,-0.0691615860049252,-0.08685205256979514,0.025361731761756948,0.011272029907028483,0.5015745760435066,0.2229249829971339,-0.4901701064981375,-0.5826488639646121,0.07996310444756471,0.031072411168495684,0.40840905992525933,0.15870137012074115,0.14583346247673035,0.13374736905097961,0.14039954543113708,0.12667443603277206,3.7180312482319646,3.354565786347313,-0.12788397480421096,-0.2039976888302497,-0.011089021585937942,-0.07714309700397959,-0.04210835117974339,-0.29293554842168035,-3.3384558657795464,-3.3642327469797793,-1.3983967666745927,-1.4382610211422944,-0.6931016168254188,-0.7128599428481601,-2.596877660972299,-2.6103222064379175,-0.8153735127671138,-0.8328653570048932,-0.4799129422786222,-0.4902083005439939,-0.7877937262974029,-0.8708623258822356,0.34207908035977264,0.2547563867220598,0.3334440834119404,0.24832564965543721,0.41183352051834665,0.1973546399864668,0.0031450205352794858,-0.10440741379249646,0.013067299192372062,-0.4338041353383732,0.3576942905783653,0.31181800551712513,0.241014308296144,0.1280311532318592,0.9768958135447389,0.5189446986766688,0.7374790497124195,0.8363130912184715,-0.03847731277346611,-0.0013791508972644806,-0.1954366633569202,-0.00700507988211029,0.013371748849749565,0.009689949452877045,-0.001900640781968832,-0.0064259294886142015,-0.07039961775527243,-0.23801603333595706
21,7,-0.1128998544628968,-0.1313666908965998,-0.018376536696214654,-0.03324260841977618,-0.3634295831663382,-0.6574333086304381,-0.839157884504659,-0.9355188721103214,-0.26902467355895676,-0.32179759697721355,-1.3740351226228493,-1.6435711816798255,0.02538430690765381,0.015363723039627075,0.019950389862060547,0.008290790021419525,0.5283220304864384,0.21955495851150564,0.006057533085235907,-0.034832791682969294,0.12285248630350892,0.09202180014330083,0.4665078516154057,0.34943446061463523,-3.01677343643557,-3.0969749076494093,-1.0767143373306163,-1.1710031818119244,-0.5336628815565743,-0.5803962208462542,-2.24829869629142,-2.2926993755819733,-0.4667945480862348,-0.515242526148949,-0.2747461641860683,-0.30326169888944815,-0.06683406498949573,-0.08961506464832622,1.0630387416676799,1.036003647955969,1.0362047818707998,1.0098521267093783,0.4055434794477877,0.3077542636759544,-0.0031450205352794858,0.005992209896991119,-0.013067299192372062,0.02489713458755446,-0.04795642988756299,-0.2274876870214939,-0.1646364121697843,-0.41127453930675983,-0.6673156583221063,-1.6670063221833324,0.7548861317336559,0.8332480192184448,-0.02107023075222969,-0.0044442228972911835,-0.10702139254422766,-0.022573408371178504,0.002703821286559105,0.012491744011640549,-0.012568568345159292,-0.0036241349298506975,-0.4655389990704414,-0.13423773507097359
21,8,-0.0994330246331164,-0.08793095757052444,-0.0049097068664342575,0.010193124906299186,-0.09709842226716538,0.20158766567923608,-0.4868302289405878,-0.3729142732648456,0.08330298200511443,0.2408070018682622,0.4254673802964852,1.229914245274557,-0.019821375608444214,-0.02908000349998474,-0.025255292654037476,-0.03615293651819229,-0.668805351061556,-0.9573944650405898,-0.16355972479709024,-0.1624175134089258,-0.04676477157881723,-0.03556292158265567,-0.17757990722810543,-0.13504311262944285,-1.359734175992768,-1.2932172123017054,0.5803249231121859,0.6327545135357795,0.28763234589682124,0.31361855721973636,-1.4218573691824972,-1.3838452488537387,0.35964677902268827,0.39361160057928557,0.2116810776892447,0.23167210902882984,-1.2861129835889606,-1.2457661528810577,-0.15624017693178516,-0.12014744027676239,-0.15229625422971338,-0.11711459541823267,0.4216794013311056,0.2937724835479411,0.01299090134803843,-0.007989570231022147,0.05397611646383803,-0.03319600093420623,0.44582969695329666,0.4001479558646679,0.32914971467107534,0.21636110357940197,1.3341323200468393,0.8769697442233515,0.5670160204172134,0.5772269405424595,-0.20894034206867218,-0.2604653015732765,-1.06126442703957,-1.322973611993995,0.009240171872079372,0.009250406175851822,-0.006032217759639025,-0.006865472765639424,-0.2234329750913011,-0.254296689303689
21,9,-0.13529015369261038,-0.18648015805158366,-0.04076683592592824,-0.08835607557476004,-0.8062386527175435,-1.7474028021266401,-0.23055832777526308,-0.6409132182507693,0.33957488317043916,-0.027191943117661488,1.7343681159954325,-0.13888200067954554,-0.021503478288650513,-0.029622256755828857,-0.026937395334243774,-0.03669518977403641,-0.7133504406381407,-0.971754301772916,0.021778382467141554,0.05024341176389952,0.13857333568541458,0.17709800359016964,0.5262046464576662,0.6724944009364157,-1.663253073487531,-1.6234919207030443,0.27680602561742274,0.3024798051344406,0.1371961867150817,0.14992114326341532,-0.6395739247971727,-0.6203760472302675,1.1419302234080129,1.1570808022027568,0.6721178512811843,0.681035186383148,-1.5123303279536628,-1.4978610467311744,-0.38245752129648736,-0.372242334126879,-0.3728032637908915,-0.36284593544719657,0.37844711017581467,0.46807787353559294,-0.030241389807252494,0.16631581975662968,-0.12565046370020022,0.6910284218514242,-0.03526318818330765,0.37683089450001717,-0.15194317046552896,0.19304404221475124,-0.615866535783032,0.7824594232705209,0.9824184104800224,0.978694960474968,0.2064620479941368,0.14100271835923195,1.048676502108429,0.7161908879298654,0.10322048608213663,0.09237480070441961,0.08794809645041823,0.07625892176292837,3.2575920874430695,2.824625775407265
21,10,-0.1600456219310752,-0.2311411749646416,-0.06552230416439304,-0.13301709248781796,-1.2958232600742732,-2.630655997699712,-0.5164405015886739,-0.4276007478558983,0.0536927093570283,0.1861205272772095,0.2742338370282213,0.950604783333843,-0.03202317655086517,-0.03362923860549927,-0.037457093596458435,-0.04070217162370682,-0.991930878635851,-1.0778663527943353,-0.03654064554282513,-0.07347689187513892,0.08025430767544789,0.0533776999511312,0.3047497513730466,0.20269118580844495,-1.4485595319020672,-1.4475166083987967,0.49149956720288657,0.4784551174386882,0.24360693103389142,0.2371415776823789,-0.8198812126483195,-0.8241253746242239,0.961622935556866,0.9533314748088004,0.5659924993142539,0.5611123072782288,-1.4855606399005787,-1.481491399970497,-0.35568783324340325,-0.3558726873662017,-0.3467093147347367,-0.34688950264180374,0.3132002249906283,0.09660918485560387,-0.09548827499243889,-0.20515286892335938,-0.39674585418209785,-0.8523931364908541,0.22607949748635292,0.2749854871071875,0.1093995152041316,0.09119863482192159,0.4434256586767551,0.3696525952685773,0.9624629616737366,0.932129867374897,0.18650659918785095,0.094437625259161,0.9473173881429706,0.4796742039825935,0.01599934371188283,0.015935818199068308,0.0007269540801644325,-0.00018006074242293835,0.02692633445242519,-0.006669438833241503
21,11,-0.0915366671830054,-0.0658517703709754,0.0029866505836767393,0.03227231210584823,0.05906647126347399,0.638243926498858,-0.523293739109892,-0.6329579745289577,0.046839471835810276,-0.019236699395849932,0.23923114031175574,-0.09825084169256691,-0.011254817247390747,-0.017906606197357178,-0.01668873429298401,-0.024979539215564728,-0.4419475533500835,-0.6615029064710075,-0.1403682491783475,-0.1641140564865868,-0.023573295960074486,-0.03725946466031668,-0.08951489696887291,-0.14148539711343233,-1.0461818758547738,-1.0611224015991352,0.8938772232501799,0.8648493242383497,0.4430414625109645,0.4286540695924379,-0.5531702616128915,-0.5797486348020192,1.228333886592294,1.197708214631005,0.7229733617596844,0.704947688727551,-1.040070659082599,-1.0322743647158585,0.0898021475745765,0.09334434788843682,0.08753529960071124,0.09098808524219047,0.4606952922456071,0.3717547732675118,0.05200679226253996,0.06999271948854852,0.21608390371599204,0.2908139379647504,-0.17039854056201875,-0.07626952603459358,-0.28707852284424007,-0.2600563783198595,-1.1636064643122794,-1.0540784448121583,0.9995077550411224,0.9997543096542358,0.22355139255523682,0.16206206753849983,1.135477898547977,0.8231570100261735,0.05187980527989566,0.05046514351852238,0.036607415648177266,0.034349264577031136,1.355936425803958,1.2722946489092888
22,0,-0.19617336814691994,-0.13775303049712603,-0.11760131211869618,-0.04018059376905146,-2.3257807795696386,-0.794644643126381,-0.4829741310668977,-0.6488602230722578,0.0638911535696961,-0.041637504344555265,0.3263220725009589,-0.2126622537290898,0.1170433759689331,0.12036088109016418,0.04122346639633179,0.037033528089523315,1.0916711713798075,0.9807141059203694,-0.07769023820527587,-0.11834531904586285,0.06416727272625575,0.03024435232952255,0.24366243976203836,0.1148469050425882,-3.1565141171207114,-3.19171629088416,-0.09716493688426153,-0.10714130501374886,-0.04815884622886337,-0.05310353506494839,-2.548019141729564,-2.5566918421984726,-0.23104861138647514,-0.2907389273850951,-0.13599070507401143,-0.1711232605567406,-0.3278979065085653,-0.4115632396239497,0.22091833626137825,0.15296758041495195,0.21534176268859248,0.14910626685958578,0.5782674689301879,0.4874486274861704,0.1471641977149979,0.19758781058803054,0.6114550224316362,0.8209609472359419,0.24996988382190466,0.1927773356437683,0.06062833499163389,0.08228863507974893,0.24574294801925142,0.3335379699239358,0.7022232450544834,0.7946037352085114,-0.06698133423924446,-0.057100456207990646,-0.3402162866201985,-0.2900286385161289,0.006676902994513512,0.01363678090274334,-0.036622664891183376,-0.03260622639209032,-1.3565012568277222,-1.207732621662054
22,1,-0.13763761372898053,-0.175877730597466,-0.05906555770075678,-0.07830529386939143,-1.1681293036622675,-1.548630233276363,-0.44943835551464784,-0.6636140310816246,0.09742692912194595,-0.05639131235392214,0.4976049993180402,-0.2880168675982215,0.11730682849884033,0.09873545169830322,0.041486918926239014,0.015408098697662354,1.0986478658955408,0.4080340307216257,-0.31653562031573335,-0.3058140257229919,-0.17467810938420172,-0.15722435434760648,-0.6633053345924615,-0.5970281756212714,-2.847766200352453,-2.7217716312790134,0.211582979883997,0.36280335459139756,0.1048690249757017,0.1798199178155695,-2.085921918956614,-1.9752139874282828,0.23104861138647514,0.29073892738509466,0.13599070507401143,0.17112326055674035,-0.5624588247709323,-0.711928302492036,-0.013642582000988779,-0.14739748245313433,-0.013298206502156166,-0.14367677316637417,0.3440834951546123,0.1971970284754732,-0.0870197760605777,-0.09266378842266665,-0.3615599442614558,-0.38501034700240605,0.34725842997431755,0.027496500872075558,0.15791688114404678,-0.08299219969194382,0.640079591822846,-0.3363897065244321,0.6886786818504333,0.7569889426231384,-0.08052589744329453,-0.09471524879336357,-0.4090127811886004,-0.4810843288921304,0.03219086863100529,0.022929755970835686,-0.0111086992546916,-0.023313251323997974,-0.41146553767959343,-0.8635213962640156
22,2,-0.06300729897171516,-0.054434596249072945,0.015564757056508602,0.04313784047900163,0.3078215042716647,0.8531295990723291,-0.5567816563331796,-0.5957573220759289,-0.009916371696585768,0.011465396651773596,-0.05064755890171525,0.05855915550767086,0.01926615834236145,0.03451135754585266,-0.05655375123023987,-0.04881599545478821,-1.497644551719015,-1.2927349298539832,-0.08853726725556971,-0.1507484906111386,0.053320243675961915,-0.002158819235753201,0.20247300704546223,-0.008197686135624207,-2.962184243352188,-2.9774336808566617,0.09716493688426198,0.1071413050137493,0.048158846228863586,0.0531035350649486,-1.9242593543227784,-1.929171259649308,0.3927111760203106,0.33678165516406944,0.23114213670003647,0.19822311186777086,-1.3240034585176546,-1.3843086296797602,-0.775187215747711,-0.8197778096408586,-0.7556194034309213,-0.7990844106855512,0.4455659798070677,0.2739743594996912,0.014462708591877704,-0.015886457398448683,0.060091353357526286,-0.06600691143466689,0.24743729084730148,0.18410146608948708,0.058095742017030716,0.0736127655254677,0.23547766753946073,0.29837233720131956,0.7659840360283852,0.7968948781490326,-0.0032205432653427124,-0.054809313267469406,-0.016358009034591985,-0.2783913047395868,-0.013717086985707283,-0.013725526630878448,-0.05701665487140417,-0.05996853392571211,-2.1118933923290766,-2.2212308110851904
22,3,-0.06723443526333382,-0.05564663593054005,0.011337620764889936,0.041925800797534524,0.22422216203180048,0.8291593002342795,-0.32508340975204636,-0.35749211414959486,0.22178187488454743,0.24973060457810764,1.1327440030727578,1.2754912675656853,0.07013121247291565,0.07676815986633301,-0.005688697099685669,-0.006559193134307861,-0.15064688075312785,-0.17369917375200208,-0.4326682461744419,-0.3902175381612686,-0.29081073524291023,-0.2416278667858832,-1.1042958543769554,-0.9175337057991333,-3.7049714878526423,-3.9061088704452063,-0.6456223076161924,-0.8215338845747953,-0.3199963529173906,-0.40718519753854565,-2.8597936354303535,-3.0142984970117572,-0.5428231050872645,-0.7483455821983798,-0.31949508957577927,-0.44046161001137446,-1.117921521082025,-1.0536174850909643,-0.5691052783120815,-0.48908666505206266,-0.5547395289185446,-0.476740800886653,0.3125952101523162,0.32594732722932723,-0.11850806106287376,0.03608651033118737,-0.4923911539670927,0.14993645415556747,0.4490573853254318,0.11229466274380684,0.25971583649516106,0.001805962179787457,1.0526981372062048,0.007320050437365356,0.6653435379266739,0.6915591061115265,-0.10386104136705399,-0.1601450853049755,-0.5275382794286438,-0.8134201395321184,0.048519641160964966,0.05948014184832573,0.005220073275268078,0.01323713455349207,0.19335119330266587,0.49030265033860154
22,4,-0.15484812873467857,-0.14109918456703394,-0.07627607270645481,-0.043526747838959365,-1.5084986778266203,-0.860820952565987,-0.6315951525817762,-0.569766820621795,-0.08472986794518245,0.03745589810590755,-0.43275515569527395,0.19130483039363644,0.09415337443351746,0.10548475384712219,0.018333464860916138,0.022157400846481323,0.48550296250554487,0.5867676314324356,-0.16089380007199927,-0.1464308521396322,-0.01903628914046765,0.002158819235753201,-0.07228651708122243,0.008197686135624207,-2.7090039175764717,-2.7209016035957294,0.3503452626599781,0.3636733822746816,0.17364518696235107,0.18025113848794064,-1.905073603037099,-1.7736457745723082,0.41189692730599003,0.49230714024106925,0.24243449560692448,0.28976237819654005,-0.20615552551799665,-0.4156774507310237,0.3426607172519469,0.14885336930787796,0.3340110382230491,0.1450959095173049,0.4850199174180678,0.23586458419200318,0.05391664620287784,-0.05399623270613668,0.22401918826252296,-0.22434986357547942,0.18242507055401802,0.1638460010290146,-0.006916478276252747,0.053357300464995205,-0.028034346675560175,0.21627148950117542,0.8158695250749588,0.9105995744466782,0.046664945781230927,0.05889538303017616,0.23702386268264886,0.29914555661181474,0.034026775509119034,0.0317110251635313,-0.009272792376577854,-0.014531982131302357,-0.3434636597447219,-0.5382637250424481
22,5,-0.08766768464133588,-0.14191680842669227,-0.009095628613112125,-0.0443443716986177,-0.17988267159067445,-0.876990958014494,-0.6120109786034174,-0.6186881153794761,-0.06514569396682357,-0.011465396651773596,-0.3327295984189286,-0.05855915550767086,0.09267723560333252,0.08988654613494873,0.0168573260307312,0.006559193134307861,0.4464121643088507,0.17369917375200208,-0.24908809140696664,-0.3104856473222089,-0.10723058047543502,-0.1618959759468235,-0.4071867752149781,-0.6147677283269998,-3.465880151292806,-3.5020865683467184,-0.40653097105635627,-0.4175115824763074,-0.2014930812510491,-0.20693551340640803,-2.8688282917482657,-2.903108730021878,-0.5518577614051767,-0.6371558152085006,-0.32481271202501844,-0.37501748239151106,-0.7762682179885593,-0.7374013635368536,-0.2274519752186157,-0.17287054349795195,-0.2217104750084142,-0.1685068255707844,0.49255982417278044,0.48069259430140515,0.06145655295759045,0.1908317774032653,0.25534687478831575,0.7928901903080936,0.058173637837171555,0.0468932269141078,-0.1311679109930992,-0.06359547364991158,-0.5316588215298819,-0.2577695590282402,0.7575611807405949,0.8517145365476608,-0.01164339855313301,1.0345131158828735e-05,-0.059139965848351066,5.2545715122430266e-05,0.056923817843198776,0.062408242374658585,0.013624249957501888,0.016165235079824924,0.504641381111935,0.59875931387989
22,6,-0.07471501262407448,-0.12138736833964477,0.003857043404149274,-0.023814931611570195,0.07628007930967706,-0.4709837774008115,-0.5482506491816319,-0.7540660615836895,-0.0013853645450381258,-0.146843342855987,-0.007075706169760106,-0.749997789936014,0.020141661167144775,0.020822137594223022,-0.05567824840545654,-0.06250521540641785,-1.474459669955588,-1.6552499749546334,-0.07380350516826509,-0.08022409358478612,0.06805400576326653,0.06836557779059928,0.25842153445727317,0.25960466718391056,-2.747846871561622,-2.7144732697527063,0.31150230867482787,0.3701017161177047,0.15439305848853876,0.1834372789927475,-1.961239848348615,-1.8947208984261052,0.3557306819944739,0.3712320163872722,0.2093761393786036,0.21849992238259905,-0.04585195509481618,-0.14211655967130887,0.5029642876751274,0.4224142603675928,0.49026811495279776,0.41175138719464466,0.32284138198438117,0.2993809398556776,-0.10826188923080882,0.009520122957537736,-0.4498191607466575,0.03955532043076483,0.1962580271065235,0.023081435821950436,0.006916478276252747,-0.08740726474206895,0.028034346675560175,-0.35428515262672455,0.7845239564776421,0.9024220332503319,0.015319377183914185,0.05071784183382988,0.07781125410595087,0.2576096163218321,0.07774759083986282,0.09529236704111099,0.034448022954165936,0.04904935974627733,1.2759526531289074,1.8167852705453502
22,7,-0.06586099345866195,-0.07375750511650438,0.01271106256956181,0.023814931611570195,0.25138448270335234,0.4709837774008115,-0.5454799200915555,-0.572914952444496,0.0013853645450382368,0.03430776628320653,0.007075706169760674,0.1752258453778255,0.0071641504764556885,-0.003200829029083252,-0.06865575909614563,-0.08652818202972412,-1.818127380018883,-2.291421127121895,-0.027170047746785476,-0.0067698387178379785,0.11468746318474615,0.1418198326575474,0.4355028023230875,0.538532572194586,-2.05811009775689,-2.110684587819452,1.00123908247956,0.9738903980509592,0.4962543131057358,0.4826992063955082,-1.7320890910696942,-1.921572216427565,0.5848814392733948,0.3443806983858124,0.344249804550643,0.20269576045635793,-0.02949519716059896,-0.027443612498096993,0.5193210456093446,0.5370872075408046,0.5062119842804101,0.5235296804539189,0.2498690877234422,0.191520348281114,-0.18123418349174777,-0.09834046861702586,-0.7530129844959723,-0.4085964818740223,0.14413382671773434,0.24517549574375153,-0.04520772211253643,0.13468679517973214,-0.18323905656823333,0.5459218055600524,0.9400606900453568,0.926449328660965,0.17085611075162888,0.07474513724446297,0.8678243305615022,0.3796507388968836,0.11108768917620182,0.12235487997531891,0.06778812129050493,0.07611187268048525,2.5108678465039116,2.819179086430858
22,8,-0.07640627035450634,-0.05260228491250013,0.0021657856737174186,0.04497015181557444,0.04283236812455982,0.889366902993627,-0.35636968810223324,-0.40410348468153456,0.19049559653436055,0.20311923404616794,0.9729503129973723,1.0374251475432879,0.06129780411720276,0.05727866291999817,-0.01452210545539856,-0.0260486900806427,-0.38457134392770836,-0.6898159349300907,-0.2549293163494143,-0.4709539785964013,-0.11307180541788267,-0.32236430722101594,-0.4293676636991678,-1.2241142603140742,-4.51456794429519,-4.533404697316034,-1.4552187640587402,-1.4488297114456232,-0.7212648814987609,-0.7180982103495815,-3.345388267590045,-3.4696721327473976,-1.028417737246956,-1.2037192179340201,-0.6053066164717044,-0.7084856480014629,-0.6512977720171776,-0.5841958603030182,-0.10248152924723408,-0.01966504026411653,-0.09989461954399131,-0.01916864170480953,0.471178784301163,0.2803406939406021,0.040075513085973014,-0.009520122957537736,0.16651042939396704,-0.03955532043076483,0.24857166409492493,0.10868273838423193,0.05923011526465416,-0.001805962179787457,0.24007558740751622,-0.007320050437365356,0.5965815763920546,0.6107470728456974,-0.17262300290167332,-0.2409571185708046,-0.8767988529859048,-1.2238862818416547,0.08517802134156227,0.0877324789762497,0.04187845345586538,0.041489471681416035,1.5511753422553034,1.5367674812355925
22,9,-0.07792068500790157,-0.061730253517044135,0.0006513710203221862,0.035842183211030436,0.012882051842286885,0.7088446489941458,-0.5852220768097017,-0.6360386442934209,-0.038356792173107945,-0.028815925565718437,-0.1959061187205401,-0.14717644034053917,0.09652422368526459,0.11216254532337189,0.02070431411266327,0.028835192322731018,0.5482872940058682,0.7636075015447725,0.009382143330034365,0.010757001806363232,0.151239654261566,0.15934667318174864,0.5743024688512528,0.6050872587505504,-3.7238350299558665,-3.622784558758643,-0.6644858497194166,-0.5382095728882321,-0.3293458822086303,-0.2667582863816481,-2.9651437892244648,-2.9658228055658133,-0.6481732588813758,-0.6998698907524359,-0.38150213479516193,-0.41192976375129337,-0.08734677102230545,-0.2469882036121192,0.4614694717476381,0.31754261642678244,0.44982073989339044,0.30952698588670935,0.3403367780297081,0.17651846598004534,-0.09076649318548191,-0.11334235091809453,-0.3771272428247247,-0.47092805722553094,0.08199269697070122,0.11851147934794426,-0.10734885185956955,0.008022778783924878,-0.4351137686049391,0.03251848017828722,0.8041960969567299,0.8516938462853432,0.034991517663002014,-1.0345131158828735e-05,0.1777313685629251,-5.2545715122430266e-05,0.06583636626601219,0.0603981651365757,0.022536798380315304,0.014155157841742039,0.8347616269489571,0.5243061765158568
22,10,-0.08011087223506128,-0.13379548107167877,-0.0015388162068375177,-0.0362230443436042,-0.030432901578008646,-0.7163768736425505,-0.5318526885196615,-0.6291161500492394,0.015012596116932286,-0.02189343132153687,0.07667636605047595,-0.11182001707337932,0.08150860667228699,0.09607979655265808,0.005688697099685669,0.012752443552017212,0.15064688075312785,0.3377075294091301,-0.22254900447873488,-0.24821690567723004,-0.08069149354720326,-0.09962723430184464,-0.3064098776588537,-0.378314582268334,-3.386362491214036,-3.3789505654634384,-0.32701331097758635,-0.2943755795930274,-0.16208093436956644,-0.1459043635055296,-2.75210775418474,-2.7082393558992246,-0.4351372238416511,-0.44228644108584714,-0.25611328074676304,-0.26032117054073917,-0.5351736607689548,-0.544865779774785,0.013642582000988779,0.01966504026411664,0.01329820650215622,0.019168641704809693,0.49270622936752057,0.3890687393577467,0.06160295815233058,0.09920792245960686,0.25595517621640695,0.4122006805650719,-0.007769552990794182,0.05464249709621072,-0.19711110182106495,-0.055846203467808664,-0.7989443097112165,-0.22635968277466292,0.7724251225590706,0.8832963034510612,0.0032205432653427124,0.03159211203455925,0.016358009034591985,0.16046486927980116,0.008763488382101059,0.0003154166042804718,-0.03453607950359583,-0.04592759069055319,-1.279214262308045,-1.7011551365778146
22,11,-0.07922342704854594,-0.05104525761611106,-0.0006513710203221862,0.04652717911196351,-0.012882051842286885,0.9201599621352798,-0.5768431217772048,-0.47706941666418357,-0.029977837140610974,0.13015330206351894,-0.15311086744034386,0.6647539275665146,-0.014425933361053467,-0.028478696942329407,-0.09024584293365479,-0.11180604994297028,-2.389871441677394,-2.9608243114521917,-0.12282122179106397,-0.11295939453614899,0.01903628914046765,0.035630276839236405,0.07228651708122243,0.13529888080302996,-1.4630704849301392,-1.47278877371645,1.5962786953063106,1.611786212153961,0.7911798503737743,0.7988659987232255,-1.1363353692431537,-1.1153302813892725,1.1806351610999353,1.150622633424105,0.6948988225018506,0.6772340342341452,-1.233984799913793,-1.2611950478459855,-0.6851685571438494,-0.6966642278070838,-0.6678730581222041,-0.679078547108775,0.4166405626233122,0.31686705608568344,-0.01446270859187776,0.02700623918754358,-0.06009135335752651,0.11220868149054367,0.17777980212122202,-0.0433005029335618,-0.011561746709048748,-0.15378920349758118,-0.04686286900218482,-0.6233490041618853,0.9904589354991913,0.9948830232024193,0.2212543562054634,0.14317883178591728,1.1238106305541775,0.7272439557389785,0.03807949461042881,0.03300587274134159,-0.005220073275268078,-0.01323713455349207,-0.19335119330266587,-0.49030265033860154
23,0,-0.07039895296007756,-0.07827820445123773,0.04038152333507489,0.023163138180648205,0.7986183923497985,0.4580933716172597,-0.464642669687428,-0.5086128463237178,0.047065126804390844,0.14683696448097394,0.24038366601998268,0.7499652125847353,0.15648725628852844,0.16526858508586884,0.08365733921527863,0.09715618193149567,2.215396071199575,2.5728695863718873,-0.09000288421855515,-0.0947818092254164,0.04312966787089309,0.07991854231076223,0.16377632480004312,0.3034747492657275,-3.1849640773309966,-3.226206486490839,0.028325869520560154,0.09199777493734596,0.01403943889928532,0.04559779318215009,-2.0218837370120477,-1.9941130059822474,0.4068858050326236,0.48575245122136557,0.23948504680012211,0.2859044161166928,-0.6293856669217333,-0.7330284155673377,-0.463659090657233,-0.47575426868889936,-0.4519550869267239,-0.46374495010172884,0.5104888914775451,0.30923309253407116,0.11079083847617699,-0.026230179953512067,0.4603267348819764,-0.10898421980950358,0.19539089500904083,0.25123010762035847,0.05904033640399575,0.14547471073456109,0.2393063626432807,0.589648128768371,0.656037911772728,0.7616452351212502,-0.07446693256497383,-0.02573259547352791,-0.37823766219348315,-0.13070280215430574,0.026777897030115128,0.03067943826317787,-0.003804374486207962,-0.0034976897295564413,-0.14091379716135305,-0.12955421262309502
23,1,-0.1617769408164182,-0.25284052791931605,-0.050996464521265744,-0.15139918528743013,-1.008548245531938,-2.994195462960548,-0.9319186453840677,-1.0625947252725156,-0.4202108488922488,-0.40714491446782386,-2.146213793875597,-2.0794799416547436,-0.04179043881595135,-0.05395496264100075,-0.11462035588920116,-0.12206736579537392,-3.035352169915264,-3.232562320788749,-0.14912997726369667,-0.16194924423980941,-0.01599742517424843,0.012751107296369218,-0.06074703633575291,0.04841979067359606,-2.1556774325990524,-2.2186611579995255,1.0576125142525044,1.0995431034286596,0.5241952506414683,0.5449777351587529,-2.022498677022381,-2.013391046298149,0.4062708650222904,0.46647441090546415,0.23912310510706622,0.2745577376871071,-0.656714350860808,-0.7593950678099912,-0.4909877745963077,-0.5021209209315529,-0.47859392130775497,-0.4894460370563782,0.2219707630509369,0.09919424759884618,-0.17772728995043116,-0.23626902488873705,-0.7384421330099075,-0.9816781809460471,-0.04330510273575783,0.08188795717433095,-0.1796556613408029,-0.02386743971146643,-0.7281927147154759,-0.0967411524195223,0.8836984485387802,0.8653188422322273,0.15319360420107841,0.07794101163744926,0.7781116895805096,0.3958834480663187,0.027448656037449837,0.022033086977899075,-0.003133615478873253,-0.012144041014835238,-0.11606892475292556,-0.44981453284567646
23,2,-0.038795995718654955,-0.024616783627330323,0.07198448057649749,0.07682455900455562,1.423624603636591,1.5193459963386164,-0.5107812523931041,-0.5432576328440375,0.0009265440987147322,0.11219217796065428,0.004732295062199838,0.573018046865909,0.05901530385017395,0.06684783101081848,-0.013814613223075867,-0.0012645721435546875,-0.3658356833557348,-0.03348813367551889,0.15832070477236976,0.1817631543210902,0.291453256861818,0.3564635058572688,1.1067357022715483,1.3535991765436528,-3.772633311767449,-3.884689130170192,-0.5593433649158923,-0.5664848687420068,-0.2772330427405721,-0.28077265893992553,-2.5713867755886772,-2.5975931514942454,-0.1426172335440059,-0.11772769429063246,-0.0839417213069198,-0.06929222407894525,0.013100336393756748,-0.23620834593494544,0.178826912658257,0.021065800943492863,0.17431283993749822,0.0205340434134522,0.2671949496941842,0.2796026331091459,-0.13250310330718384,-0.05586063937843733,-0.5505393924809103,-0.23209631849681184,0.12239403836429119,-0.035663435235619545,-0.013956520240753889,-0.14141883212141693,-0.05656953021267168,-0.5732085619001763,0.8897432312369347,0.9120154529809952,0.15923838689923286,0.12463762238621712,0.8088147734523028,0.6330681456710204,0.05708622559905052,0.05650780349969864,0.026503954082727432,0.022330675506964326,0.9817048303543667,0.8271268483878574
23,3,-0.04874236919321403,-0.08250560422939227,0.06203810710193842,0.01893573840249367,1.2269168982820593,0.37448881844981524,-0.5519518646415856,-0.7345857855767775,-0.040244068149766776,-0.07913597477208567,-0.20554532186018548,-0.404184520926524,0.07419010996818542,0.06937697529792786,0.001360192894935608,0.0012645721435546875,0.03602034231281863,0.03348813367551889,-0.21012575635853475,-0.3542712700408148,-0.07699320426908651,-0.1795709185046362,-0.2923663606109024,-0.6818848028622295,-3.744036428787366,-3.708040000040544,-0.5307464819358092,-0.389835738612359,-0.26305927868303897,-0.19321825333670267,-3.1693241707476467,-3.1808991263552713,-0.7405546287029754,-0.7010336691516583,-0.43587600677973826,-0.41261474101261714,-0.4653975273778068,-0.4126510090232133,-0.29967095111330655,-0.15537686214477497,-0.29210644952058745,-0.15145473183217936,0.48192469895542256,0.2804984825922038,0.08222664595405449,-0.05496478989537945,0.34164488664344916,-0.22837413827727668,-0.005188584327697754,0.1296228365972638,-0.14153914293274283,0.02386743971146643,-0.573696213976683,0.0967411524195223,0.642977274954319,0.7417779751121998,-0.0875275693833828,-0.04559985548257828,-0.44457616395254074,-0.23161398140096942,0.07233136519789696,0.09065476432442665,0.04174909368157387,0.05647763633169234,1.546383864165689,2.091928178744945
23,4,-0.1524096135614125,-0.1213976813256982,-0.04162913726626005,-0.01995633869381226,-0.8232922369625617,-0.39467305362889354,-0.43486882389151227,-0.49514276376674005,0.07683897260030659,0.16030704703795173,0.392452654034866,0.8187632387771572,0.14929983019828796,0.13100826740264893,0.07646991312503815,0.06289586424827576,2.0250601643715935,1.6655950554650667,-0.14480862052158422,-0.2014922259771106,-0.011676068432135978,-0.02679187444093198,-0.044337544672342834,-0.10173680779492608,-3.6508610836791755,-3.6549011951970756,-0.4375711368276187,-0.33669693376889054,-0.2168778344164555,-0.16688052685528207,-2.827809986881814,-2.9190561389141627,-0.3990404448371425,-0.43919068171054976,-0.23486742084625536,-0.2584990669684222,-0.1525504271809967,-0.2783399478219311,0.013176149083503563,-0.021065800943492807,0.012843547607258463,-0.020534043413452094,0.4094999053729435,0.4159020685238918,0.009801852371575437,0.08043879603630855,0.04072588275403919,0.3342165186807682,0.16992347687482834,0.19652571342885494,0.03357291826978326,0.09077031654305756,0.13608006735405787,0.3679165060859682,0.7707855105400085,0.813110426068306,0.04028066620230675,0.02573259547352791,0.20459638246362763,0.13070280215430574,0.005831250920891762,0.0052159633487463,-0.024751020595431328,-0.028961164643988013,-0.9167762817160339,-1.0727197585291532
23,5,-0.11048158691191409,-0.10780511206749993,0.00029888938323835434,-0.0063637694356139946,0.0059110835604586215,-0.12585516583373857,-0.5177462197815379,-0.6679969872854332,-0.0060384232897190415,-0.01254717648074144,-0.030841058463433033,-0.06408431221646996,0.06791654229164124,0.06091621518135071,-0.0049133747816085815,-0.007196187973022461,-0.13011495810900406,-0.19056793716594772,-0.18404288114622844,-0.18745145883254782,-0.050910329056780196,-0.01275110729636919,-0.19332183619497117,-0.04841979067359595,-4.063857594003082,-4.053259528965027,-0.8505676471515251,-0.735055267536842,-0.4215754966753996,-0.3643229207382595,-3.34165982088176,-3.4473239494802996,-0.9128902788370885,-0.9674584922766867,-0.5373094083071974,-0.569427194152131,0.3041216258972773,0.2849072671743763,0.4698482021617776,0.5421814140528146,0.45798796859431,0.5284952954787308,0.40921253451780704,0.27557325202557464,0.009514481516438966,-0.059890020462008586,0.039531880711409485,-0.24883806233869454,0.15030707884579897,-0.016576889902353287,0.013956520240753889,-0.12233228678815067,0.05656953021267168,-0.49584566024128757,0.7183413542807102,0.7386768311262131,-0.012163490056991577,-0.04870099946856499,-0.061781651060435185,-0.2473655292488891,0.082347821444273,0.1138409748673439,0.051765549927949905,0.07966384687460959,1.9173927879439265,2.9507439922853544
23,6,-0.12169766320343332,-0.12176801830346759,-0.010917186908280876,-0.020326675671581654,-0.21590731447470227,-0.40199714389066393,-0.5126343405905336,-0.7125362351806099,-0.0009265440987147322,-0.057086424375918154,-0.004732295062199838,-0.29156713055271066,0.13226668536663055,0.12246185541152954,0.05943676829338074,0.05434945225715637,1.573992003536095,1.4392707696871503,-0.21764481377179795,-0.24061592161410056,-0.08451226168234971,-0.06591557007792193,-0.3209184837756585,-0.25030125079509924,-2.6231489930748007,-2.641966909119674,0.5901409537767561,0.6762373523085112,0.292497565043888,0.33517039899723705,-2.2824354244683587,-2.215518786477065,0.14633411757631265,0.2643466707265478,0.08612940673466836,0.15558929318098944,-0.2702738526592083,-0.3270360143414948,-0.10454727639470801,-0.06976186746305651,-0.10190822167197247,-0.06800089011248299,0.4528125943703481,0.3474444077912915,0.05311454136898003,0.011981135303708257,0.22068650927661002,0.04978062239073244,0.08244756236672401,-0.023560665547847748,-0.053902996238321066,-0.12931606243364513,-0.21848334123811075,-0.5241527812543532,0.6201956737786531,0.740347858518362,-0.11030917055904865,-0.047029972076416016,-0.5602900690766679,-0.23887792982056258,0.02314218133687973,0.023534243926405907,-0.007440090179443359,-0.010642884066328406,-0.27558048299636984,-0.39421177173051214
23,7,-0.040138148083940506,-0.05351013238501979,0.07064232821121194,0.04793121024686615,1.397081088788011,0.947927242692303,-0.46853349300750924,-0.6674567338644458,0.04317430348430962,-0.012006923059754038,0.2205114073643466,-0.061324984732735795,0.0012106001377105713,0.030917227268218994,-0.07161931693553925,-0.037195175886154175,-1.8966076957419324,-0.984994828890204,-0.12145648365731224,-0.13970432589773468,0.011676068432136005,0.03499602563844395,0.044337544672342945,0.1328904381742402,-1.3663836349442673,-1.3614811311051578,1.8469063119072895,1.9567231303230272,0.9154009658875961,0.9698305928807791,-0.8593903033807919,-0.8522309404079891,1.5693792386638794,1.6276345167956239,0.9237060024456359,0.957993922636453,-1.225684618561779,-1.201528718170473,-1.0599580422972785,-0.9442545712920347,-1.0332018476464946,-0.9204190437511282,0.21413486098028076,0.33236775228468196,-0.18556319202108731,-0.0030955202029012696,-0.7709996554968926,-0.012861629421363548,0.281439121812582,0.27993511967360973,0.14508856320753694,0.17417972278781235,0.5880829689850066,0.7059972629787613,0.8462559506297112,0.8575132042169571,0.11575110629200935,0.07013537362217903,0.5879311303980308,0.3562365044749685,0.03304470516741276,0.03410174371674657,0.0024624336510896683,-7.538427598774433e-05,0.09120839110105725,-0.002792228949648093
23,8,-0.1110793656783908,-0.11012742152574297,-0.00029888938323835434,-0.00868607889385703,-0.0059110835604586215,-0.17178307773273985,-0.332594676834678,-0.456789470679467,0.17911311965714083,0.19866034012522477,0.9148146676499027,1.0146514860260192,0.13789337873458862,0.14028400182724,0.0650634616613388,0.07217159867286682,1.722996914499632,1.911233104612782,-0.08702060174748705,-0.08051435690790104,0.046111950341961194,0.09418599462827759,0.17510094858544326,0.35765255818874664,-3.239144866381002,-3.3041230171997613,-0.025854919529445297,0.014081244228423717,-0.012814736815620542,0.006979230340215144,-2.3505602853657583,-2.3621377629129805,0.07820925667891299,0.11772769429063246,0.046032442676270054,0.06929222407894525,-0.08061169170093352,-0.18141651824864394,0.08511488456356675,0.07585762862979437,0.08296635572734413,0.07394277785611027,0.3401220522674813,0.3385587926904845,-0.05957600073388675,0.0030955202029012696,-0.24753333644147213,0.012861629421363548,0.25578755140304565,0.05727543029934168,0.11943699279800057,-0.0484799665864557,0.48411025499520777,-0.19650234350777387,0.6462358739227057,0.7574290260672569,-0.08426897041499615,-0.029948804527521133,-0.42802485972427456,-0.15211806663441527,0.0005458295345306396,0.0007290933281183243,-0.03003644198179245,-0.03344803466461599,-1.1125479650374468,-1.2389131483408746
23,9,-0.12162903040735246,-0.09507757319627194,-0.01084855411220001,0.0063637694356139946,-0.21454997555477684,0.12585516583373857,-0.344007921316671,-0.4691039920374508,0.16769987517514784,0.186345818767241,0.8565218777214612,0.9517554525867264,0.07146972417831421,0.062304362654685974,-0.001360192894935608,-0.005808040499687195,-0.03602034231281863,-0.15380730758437822,-0.12124139769030706,-0.2455743060633162,0.01189115439914118,-0.07087395452713757,0.045154290799338824,-0.2691297283170943,-3.1874350273221115,-3.3322855056566087,0.025854919529445297,-0.014081244228423717,0.012814736815620542,-0.006979230340215144,-2.5069787987235848,-2.626571767879738,-0.07820925667891343,-0.14670631067612483,-0.04603244267627032,-0.08634847233200482,0.11876013855693905,0.059257411020064835,0.28448671482143933,0.3165315578985031,0.27730550423236056,0.30854144919769766,0.3901835714849291,0.3953060298610951,-0.009514481516438966,0.05984275737351186,-0.039531880711409485,0.24864168813025478,0.27143261954188347,0.3503667153418064,0.1350820609368384,0.24461131845600903,0.5475239239823338,0.9914754631567958,0.6833609044551849,0.6665704026818275,-0.04714393988251686,-0.12080742791295052,-0.23945680308766396,-0.6136135534995123,0.16195415705442429,0.13657153025269508,0.1313718855381012,0.10239440225996077,4.866006566528251,3.7926823667929965
23,10,-0.14531011871349925,-0.4920514532966034,-0.0345296424183468,-0.39061011066471746,-0.6828867570877732,-7.725028499449377,-0.6892988858413589,-1.0133470240968219,-0.17759108934954004,-0.3578972132921301,-0.9070409453638625,-1.8279488451621821,-0.02610526978969574,-0.031528592109680176,-0.09893518686294556,-0.09964099526405334,-2.6199808209957465,-2.638671890703451,-0.0105799010729648,0.008294113458259858,0.12255265101648344,0.1829944649944385,0.4653692868228041,0.6948850388844574,-1.8682954116865134,-1.7257489192326692,1.3449945351650434,1.5924553421955159,0.6666333255053725,0.7892848429724857,-1.6087682865659216,-1.5178903106109711,0.8200012554787497,0.9619751465926418,0.4826367413548426,0.566199803858534,0.022388654438862073,-0.10211291004943512,0.18811523070336233,0.15516123682900318,0.1833666958287483,0.15124454947989316,0.2508125244898586,0.4049242908806787,-0.1488855285115095,0.06946101839309549,-0.6186070089686851,0.2886047640603964,0.09643732476979494,-0.018781221471726894,-0.03991323383525014,-0.12453661835752428,-0.16177907160091998,-0.5047804089581132,0.9727996662259102,0.9078740179538727,0.2422948218882084,0.12049618735909462,1.2306808382716756,0.6120326786680218,0.02811983786523342,0.03425251226872206,-0.0024624336510896683,7.538427598774433e-05,-0.09120839110105725,0.002792228949648093
23,11,-0.07516733715382624,-0.07569400095084186,0.0356131391413262,0.025747341681044075,0.7043148841012605,0.509200716624185,-0.5502896723320305,-0.6434428877449376,-0.038581875840211666,0.012006923059754149,-0.19705572652430714,0.06132498473273637,0.08671121299266815,0.11126799881458282,0.013881295919418335,0.043155595660209656,0.3676015605026752,1.1428374123862273,-0.1658276901585133,-0.21786527124664035,-0.03269513806906507,-0.04316491971046171,-0.12415327583348199,-0.16391018664067383,-3.806929810049275,-3.9095935625233937,-0.5936398631977182,-0.5913893010952087,-0.29423176511827853,-0.2931162961260806,-3.3549746286623776,-3.3463169758804465,-0.9262050866177063,-0.8664515186768336,-0.5451462444047855,-0.5099764600628451,-0.17890272534800383,-0.19858719508028733,-0.013176149083503563,0.05868695179815098,-0.012843547607258409,0.05720553513530907,0.4809294374444689,0.3902134432129001,0.08123138444310085,0.05475017072531685,0.33750965770220864,0.22748241344554126,0.09118187427520752,0.26578908786177635,-0.04516868432983756,0.16003369097597897,-0.1830808259355452,0.6486595913984063,0.7426683343946934,0.8225770145654678,0.012163490056991577,0.035199183970689774,0.061781651060435185,0.17878616182525853,0.13033373281359673,0.14372865483164787,0.09975146129727364,0.10955152683891356,3.6947879959639183,4.057781821337587
24,0,-0.05235094459228842,-0.059621316358001,0.02049352306535565,0.011376088994741212,0.40529685589701625,0.22498294155033055,-0.4920585492337175,-0.5231118460729149,0.0036666051025302515,0.006216195087432763,0.018727071108444748,0.03174902237112616,0.07489922642707825,0.05866038799285889,-0.004840977489948273,-0.006541229784488678,-0.12819774825014152,-0.17322347209822855,-0.3605510710422942,-0.475100522047384,-0.14488488053582416,-0.20668088617547004,-0.5501714811317704,-0.7848295063519022,-3.998350927051227,-4.067819248863549,-0.41995555051387523,-0.42107772128590515,-0.20814684214992057,-0.2087030350666832,-3.5716854768558024,-3.739334719323031,-0.4994687378980691,-0.611809521366613,-0.2939775548599598,-0.36009914832368234,-0.9073118367335375,-0.8877033127509276,0.11552924105980611,0.1391711088540869,0.11261297198282076,0.13565805538435247,0.3861254503172059,0.26717446460032424,-0.013894836687750267,-0.050865125248922394,-0.0577318927464,-0.21134037206726244,0.12786903604865074,-0.04634241387248039,0.03705133683979511,-0.1633650828152895,0.15017903335663033,-0.6621626185178615,0.6330713145434856,0.6500031091272831,-0.09196192026138306,-0.14002931490540504,-0.4670994296715498,-0.7112467088954287,0.03215058520436287,0.0384040791541338,-0.0036950386129319668,0.002446342259645462,-0.1368640031347324,0.09061236695090243
24,1,-0.0420726510731511,-0.042479012173872246,0.030771816584492975,0.028518393178869964,0.6085688864799502,0.5640033221115816,-0.4781206720252731,-0.49465399920918335,0.017604482310974667,0.03467404195116436,0.08991434388106712,0.1770965869186601,0.08946138620376587,0.07284766435623169,0.00972118228673935,0.007646046578884125,0.25743430579398596,0.20248099820003845,-0.5477214683671133,-0.567103644974205,-0.33205527786064326,-0.298684009102291,-1.2609137914362327,-1.1341930439563783,-4.184637260752444,-4.189327581551547,-0.6062418842150921,-0.5425860539739027,-0.3004778330087103,-0.268927446228676,-3.253194412292201,-3.2948441658458165,-0.18097767333446768,-0.1673189678893987,-0.10651992778368648,-0.09848068022999225,-1.2389348152490216,-1.1751918747682257,-0.21609373745567795,-0.1483174531632112,-0.21063894974573388,-0.14457352133894524,0.22914196592771824,0.3488163197495796,-0.17087832107723794,0.030776729900332978,-0.7099852360131108,0.1278747573375495,-0.11769988387823105,0.0827849730849266,-0.20851758308708668,-0.0342376958578825,-0.8451778461133845,-0.13877458971392767,0.6428894437849522,0.6688532643020153,-0.08214379101991653,-0.12117915973067284,-0.41723049961772224,-0.6155016797973902,0.02486426942050457,0.03351139463484287,-0.010981354396790266,-0.002446342259645462,-0.40674869196923946,-0.09061236695090243
24,2,-0.13972519618686144,-0.10230189385458893,-0.06688072852921736,-0.03130448850184672,-1.322688583439192,-0.6191034467231848,-0.6180806140930877,-0.9408721509870541,-0.12235545975683992,-0.4115441098267064,-0.6249266913940553,-2.101948694629773,-0.017822206020355225,-0.005520381033420563,-0.09756240993738174,-0.07072199881076813,-2.5836272310291646,-1.872845105790099,-0.19748137057278217,-0.19036443559126215,0.018184819933687896,0.07805520028065183,0.06905323233198124,0.29639907897653234,-1.6997319303351843,-1.720179629014011,1.8786634462021676,1.9265618985636332,0.9311410774568357,0.9548814747219936,-1.491055220466559,-1.5379445496683979,1.5811615184911743,1.58958064828802,0.9306408224883888,0.9355961580357968,-1.3927266546227648,-1.4147436790219428,-0.36988557682942114,-0.38786925741692824,-0.3605486690488867,-0.378078393121951,0.2778031982514409,0.10297777163180925,-0.12221708875351528,-0.21506181821743736,-0.5078018560603617,-0.8935639980656115,-0.010285772383213043,-0.03322713449597359,-0.10110347159206867,-0.1502498034387827,-0.409799562654063,-0.6090028637839799,0.9954747408628464,0.9946904107928276,0.2704415060579777,0.20465798676013947,1.3736454489004657,1.0395131878681698,0.03428791742771864,0.03213916998356581,-0.0015577063895761967,-0.0038185669109225273,-0.05769734893697973,-0.14143948370054796
24,3,-0.0520580557214034,-0.05939583682804517,0.020786411936240673,0.011601568524697042,0.4110892683640362,0.22944221115804012,-0.5618771649938441,-0.40857785729302865,-0.06615201065759635,0.12075018386731906,-0.33786932950497106,0.6167277948968614,0.11546944081783295,0.10401910543441772,0.03572923690080643,0.03881748765707016,0.9461741408403435,1.0279565481758168,-0.11604141286334509,-0.15567104095371398,0.09962477764312498,0.1127485949182,0.37830525359607065,0.4281403361914933,-2.374738063485167,-2.378080587977964,1.2036573130521848,1.2686609395996804,0.5965809201376252,0.628799328913501,-2.3990822451861527,-2.437939145478759,0.6731344937715806,0.6895860524776589,0.3961938306762464,0.4058768971728626,-1.4737970558728661,-1.5424282411755645,-0.4509559780795225,-0.51555381957055,-0.43957263511032374,-0.5025398531691176,0.4139151236927065,0.34021879631732954,0.013894836687750323,0.022179206468082913,0.057731892746400226,0.09215276133072298,0.22526131570339203,0.09833033196628094,0.1344436164945364,-0.018692336976528168,0.5449361369448135,-0.07576506916469257,0.7075854986906052,0.7806650772690773,-0.017447736114263535,-0.00936734676361084,-0.08862176393085282,-0.04757928410348373,0.02857743576169014,0.02455742098391056,-0.007268188055604696,-0.011400315910577774,-0.2692132388940806,-0.42226700069155254
24,4,-0.05003363248847135,-0.028431478380526343,0.022810835169172726,0.04256592697221587,0.45112593598314743,0.8418189647120929,-0.5426913445155981,-0.5174436666124826,-0.04696619017935033,0.011884374547865062,-0.23987835029588556,0.06069907203360297,0.09143367409706116,0.08036607503890991,0.011693470180034637,0.015164457261562347,0.30966401918275305,0.40158196942753666,0.0194963323143051,0.0288020210736262,0.23516252282077516,0.29722165694554015,0.8929828496148655,1.1286400528572351,-3.328025674878989,-3.372819163512192,0.25036970165836303,0.27392236406545223,0.1240932825067737,0.13576692820156205,-3.0956036117543286,-3.125438006352602,-0.023386872796595348,0.0020871916038158744,-0.013765057067429703,0.0012284802584366125,-1.188570005358502,-1.4281911460200103,-0.16572892756515833,-0.4013167244149958,-0.16154548325109044,-0.3911864098491565,0.36535126142756036,0.3393575422170795,-0.03466902557739582,0.02131795236783285,-0.14404692269761976,0.08857432205429241,0.20401280373334885,0.15281176753342152,0.11319510452449322,0.03578909859061241,0.4588102030351769,0.14506284224731458,0.8158400356769562,0.8328417390584946,0.09080680087208748,0.04280931502580643,0.46123226632384096,0.21744007276434354,0.023924224078655243,0.026894360780715942,-0.011921399738639593,-0.009063376113772392,-0.44156791365839204,-0.33570689424063205
24,5,-0.09208543323576313,-0.06485752270963643,-0.01924096557811905,0.006139882643105776,-0.38052524343251726,0.12142739551864588,-0.471834715272751,-0.5355442362477805,0.02389043906349675,-0.006216195087432763,0.12201967177903324,-0.03174902237112616,0.03079816699028015,0.04294881224632263,-0.04894203692674637,-0.022252805531024933,-1.2960727336187643,-0.5892941182331699,-0.18849862846845755,-0.19279046964038646,0.027167562038012516,0.07562916623152752,0.10316340662956106,0.28718669780089406,-3.026841413629401,-3.0154716210400165,0.5515539629079509,0.6312699065376277,0.27337230217361136,0.31288272634877673,-1.9913873953680001,-1.9490398195501517,1.0808293435897331,1.178485378406266,0.6361550654532635,0.6936335023490323,-1.1383703188531498,-1.1660455304591013,-0.11552924105980611,-0.1391711088540868,-0.1126129719828207,-0.1356580553843523,0.5483325494150937,0.1613475079531016,0.1483122624101375,-0.15669208189614503,0.616225135915889,-0.6510425901020821,0.0482946652919054,-0.08470667479559779,-0.042523033916950226,-0.2017293437384069,-0.17235729325101742,-0.8176632863017875,0.7183301597833633,0.799399770796299,-0.006703075021505356,0.00936734676361084,-0.03404672837073786,0.04757928410348373,-0.010796170681715012,-0.01319941133260727,-0.04664179449900985,-0.049157148227095604,-1.7276092017497853,-1.8207777492504358
24,6,-0.11499480884061908,-0.10967529226962774,-0.042150341182975004,-0.038677886916885534,-0.8335999965435821,-0.7649258700010642,-0.499391759438778,-0.4851020406954232,-0.0036666051025302515,0.04422600046492453,-0.018727071108444748,0.22588291686421635,0.06526115536689758,0.0651288628578186,-0.014479048550128937,-7.275491952896118e-05,-0.3834311200134996,-0.0019266804849019724,-0.2078700763889038,-0.24762978076936581,0.007796114117566255,0.02078985510254816,0.029604190825647858,0.0789453346131287,-2.9324329826399405,-3.0376965526647113,0.6459623938974115,0.609044974912933,0.320164913341006,0.3018671573700658,-2.2753567165446738,-2.316661589082086,0.7968600224130595,0.8108636088743317,0.4690162630407736,0.4772585008322307,-0.2395865845114476,-0.2584675719790635,0.7832544932818961,0.7684068496259511,0.7634830411610829,0.7490101920044587,0.4176762574036822,0.38293801974563246,0.017655970398726017,0.06489842989638583,0.07335909102778393,0.26964758768924696,0.053766362369060516,0.2056676372885704,-0.03705133683979511,0.0886449683457613,-0.15017903335663033,0.35930189821915054,0.7261327095329762,0.7529975287616253,0.0010994747281074524,-0.03703489527106285,0.005584529085273252,-0.1881102353005484,0.07388707622885704,0.07972179353237152,0.038041452411562204,0.043764056637883186,1.4090530593872541,1.6210179682325647
24,7,-0.06251103621625603,-0.06465265297427367,0.010333431441388041,0.006344752378468543,0.2043624837206225,0.12547906878859483,-0.4213298097394809,-0.4608580628791727,0.07439534459676683,0.06846997828117501,0.3799719002844017,0.3497082767872608,0.1115652322769165,0.10541696846485138,0.031825028359889984,0.040215350687503815,0.842783710977013,1.0649744630981248,-0.3140709978718482,-0.28607718619577965,-0.09840480736537816,-0.01765755032386568,-0.37367265941396927,-0.06705103099034482,-4.275714371960881,-4.3356825800035335,-0.6973189954235295,-0.6889410524258892,-0.3456193082600227,-0.3414668631344921,-3.8185738132083324,-3.789552148111457,-0.7463570742505992,-0.6620269501550391,-0.43929121302763485,-0.38965614720353703,-0.7412212302700993,-0.7561551330182859,0.2816198475232443,0.27071928858672867,0.27451100438307147,0.2638856049010524,0.478531538611011,0.1945049907052755,0.07851125160605482,-0.12353459914397114,0.326207731617482,-0.5132760023395418,0.14972634240984917,0.13571500591933727,0.05890864320099354,0.018692336976528168,0.23877257467195792,0.07576506916469257,0.7329666018486023,0.875008299946785,0.007933367043733597,0.08497587591409683,0.040295713823400116,0.43161542367208144,0.04853919520974159,0.06239406578242779,0.012693571392446756,0.026436328887939453,0.47016910425957964,0.9791999972955033
24,8,-0.0900273634789078,-0.08922072889957221,-0.017182895821263727,-0.018223323546829998,-0.33982315433782684,-0.3603995132496309,-0.4309663653283098,-0.6522408558310109,0.06475878900793797,-0.12291281467066317,0.33075349341862176,-0.6277733642186272,0.018162012100219727,0.027531132102012634,-0.06157819181680679,-0.03767048567533493,-1.6307007311273976,-0.9975818828107693,-0.2234623046240363,-0.32146625114432814,-0.007796114117566227,-0.053046615272414166,-0.029604190825647754,-0.20143395767396924,-3.966930951244541,-4.1073970240230775,-0.388535574707189,-0.46065549644543324,-0.19257383987245083,-0.22831937043525968,-3.33873010545996,-3.54853371616942,-0.26651336650222657,-0.42100851821300234,-0.15686456804391674,-0.24779740025437083,0.08067701501739205,-0.002420468391800763,1.1035180928107358,1.0244539532132138,1.0756623252108093,0.9985939773564994,0.30566508129285297,0.2463445213024071,-0.09435520571210321,-0.07169506854683952,-0.39203804540128295,-0.2978870569555504,0.16252765245735645,0.2300572209060192,0.07170995324850082,0.1130345519632101,0.2906597272717612,0.4581594403228709,0.7239337600767612,0.8001845553517342,-0.0010994747281074524,0.01015213131904602,-0.005584529085273252,0.05156541681164061,0.07527099922299385,0.08537095040082932,0.039425375405699015,0.04941321350634098,1.4603134820374721,1.8302623914565226
24,9,-0.07873390894796178,-0.07987378970326323,-0.00588944129031771,-0.008876384350521016,-0.11647446026452211,-0.17554671578560097,-0.5375459938014842,-0.5862605501046937,-0.041820839465236403,-0.05693250894434598,-0.21359863213518038,-0.2907810122904113,0.08458118140697479,0.08721277117729187,0.004840977489948273,0.022011153399944305,0.12819774825014152,0.5828947372964253,-0.27851408852758874,-0.32629794700861053,-0.06284789802111868,-0.05787831113669656,-0.2386523770625452,-0.21978136052373184,-3.302825601497385,-3.4365530861742895,0.2755697750399668,0.2101884414033548,0.13658345126370217,0.10417783568043693,-3.0488298661611375,-3.1196353281481057,0.023386872796595792,0.007889869808312078,0.013765057067429963,0.004643823443629325,-1.2704411894773955,-1.2866865217139747,-0.24760011168405183,-0.25981210010896016,-0.24135001826581032,-0.25325374322525,0.31901961185555855,0.39148886008636385,-0.08100067514939763,0.07344927023711723,-0.3365510797427128,0.3051756193269202,0.013498678803443909,0.01737566525116563,-0.07731902040541172,-0.09964700369164348,-0.3133947850457781,-0.4038961065292117,0.7700441777706146,0.7578517869114876,0.045010942965745926,-0.03218063712120056,0.2286227356771202,-0.16345414714107473,0.03740333020687103,0.031146328896284103,0.0015577063895761967,-0.004811407998204231,0.05769734893697973,-0.17821425655581505
24,10,-0.11225887555612206,-0.07713728799584799,-0.039414407898477985,-0.006139882643105776,-0.7794919178782218,-0.12142739551864588,-0.4761863037024852,-0.60939300941084,0.01953885063376254,-0.08006496825049225,0.09979406970858348,-0.4089293261190428,0.07394510507583618,0.06527437269687653,-0.005795098841190338,7.275491952896118e-05,-0.15346458930457538,0.0019266804849019724,-0.23453362853597567,-0.3758037713198946,-0.018867438029505607,-0.10738413544798064,-0.07164533861273645,-0.4077698696439353,-3.8297399388682853,-3.979693834246354,-0.2513445623309334,-0.3329523066687097,-0.12457646262020089,-0.16502453922759644,-2.9661270744439383,-3.1296123895602337,0.10608966451379498,-0.0020871916038158744,0.06244230680167953,-0.0012284802584366125,-0.10225586422955446,-0.22096591900941076,0.9205852135637892,0.8059085025956038,0.8973471643355745,0.7855652022896449,0.44854536132049794,0.2967216374814138,0.04852507431554176,-0.02131795236783285,0.20161765473398538,-0.08857432205429241,-0.06689590029418468,0.14683932065963745,-0.1577135995030403,0.029816651716828346,-0.6392556366582185,0.12085490874799311,0.69105439260602,0.7329806014895439,-0.033978842198848724,-0.057051822543144226,-0.17258771638163192,-0.28978161499761135,0.06862802058458328,0.08664629235863686,0.032782396767288446,0.05068855546414852,1.2142579615323812,1.8775009791942365
24,11,-0.06695502636732635,-0.0972747044537434,0.0058894412903177235,-0.026277299101001184,0.11647446026452238,-0.5196815927225954,-0.5584830368742136,-0.6945065683995248,-0.06275788253796588,-0.16517852723917714,-0.3205339260813439,-0.8436441718421263,0.10866084694862366,0.06279896199703217,0.028920643031597137,-0.002402655780315399,0.7658703892540752,-0.06362662530370744,-0.1902539665205868,-0.25076208554804835,0.025412223985883275,0.017657550323865623,0.09649785993859275,0.06705103099034461,-3.8287650781957145,-3.8569299689809995,-0.2503697016583626,-0.21018844140335524,-0.12409328250677348,-0.10417783568043713,-3.4313205943913943,-3.507746309591905,-0.35910385543366097,-0.3802211116354872,-0.2113615234567822,-0.2237907284750773,-0.20222209262731086,-0.2999559446163518,0.8206189851660328,0.7269184769886627,0.7999043526758223,0.7085690975892608,0.5065366008535201,0.3521292580551907,0.10651631384856397,0.03408966820594406,0.44256643996892,0.14163974092340167,0.18228215351700783,0.2675138581544161,0.0914644543081522,0.15049118921160698,0.3707300331397689,0.6099812652431644,0.8028476499021053,0.9441222995519638,0.07781441509723663,0.15408987551927567,0.39524043004795156,0.7826640936665812,0.06070275232195854,0.06603756919503212,0.024857128504663706,0.030079832300543785,0.9207065121528619,1.1141551397773308
25,0,-0.06741597992664658,-0.12907287632880582,0.023750924824561384,-0.033267914600600856,0.46971792626101433,-0.6579337845852212,-0.43698036191676,-0.4139688369003546,0.1967604723156789,0.20354060294461207,1.004947970492956,1.0395772760391013,0.10135024785995483,0.10283064842224121,0.016216248273849487,0.010258667171001434,0.429435277914288,0.27166786751245275,-0.08337435047111358,-0.140069880213804,0.05183694309135728,0.04240961773234447,0.19684046846326164,0.161042077791319,-3.1064493311458636,-3.114748149649368,0.07661287054634558,0.026113570627865457,0.037972416492053525,0.012942934691059707,-2.595116889715606,-2.6873496387281075,-0.10312922430451188,-0.18815550436192074,-0.0606998494505014,-0.11074465909225385,-0.5069217291988981,-0.6234980445555176,0.18267161859335967,0.0988951981422509,0.1780604951439214,0.09639881709136798,0.09983448788420238,0.21917299897836195,-0.10213489323414152,0.12483810716526758,-0.42436200110626665,0.5186919699374843,0.49364713579416275,0.397418599575758,0.3829801734536886,0.22962726186960936,1.5523216474676498,0.9307410517741106,0.7339932136237621,0.8445988819003105,0.002169201150536537,0.038760919123888016,0.011017958491716775,0.19687717660584733,0.010065292939543724,0.009692592546343803,-0.0019955765455961227,-0.001837361603975296,-0.07391603260550147,-0.06805576089137934
25,1,-0.080660530426976,-0.07040378354585558,0.01050637432423196,0.025401178182349382,0.2077827451584862,0.5023547010708882,-0.5908676384116947,-0.6930834161701399,0.042873195820744225,-0.07557397632517326,0.21897350937173332,-0.38599172504636065,0.11727708578109741,0.11353224515914917,0.032143086194992065,0.020960263907909393,0.8512064517061456,0.5550653026794818,-0.3482443100339149,-0.30179404105449603,-0.21303301647144401,-0.11931454310834755,-0.8089504561732597,-0.45307321688579555,-3.3794263116929324,-3.2443490505125716,-0.19636411000072318,-0.10348733023533807,-0.09732594165791303,-0.051292478369802906,-2.4382480432254394,-2.5008482207311316,0.053739622185654756,-0.0016540863649447957,0.03163009319806701,-0.0009735629644009997,-0.5871057135398798,-0.5965108308657932,0.10248763425237795,0.12588241183197535,0.09990057044236926,0.12270480085146276,0.1746655122978247,0.1644166108119705,-0.02730386882051919,0.07008171899887614,-0.11344530790330652,0.29118372354051364,-0.03459477610886097,-0.021810708567500114,-0.1452617384493351,-0.18960204627364874,-0.588784894816374,-0.7685080879789686,0.7316296026110649,0.7907772436738014,-0.00019440986216068268,-0.015060719102621078,-0.0009874601952598874,-0.07649745985384582,0.0475584976375103,0.056216565892100334,0.03549762815237045,0.044686611741781235,1.3148299651641684,1.6551893525829102
25,2,-0.10167327907543992,-0.10075150513746942,-0.01050637432423196,-0.004946543409264453,-0.2077827451584862,-0.09782693219411068,-0.6309477057064199,-0.5522834737853124,0.002793128526018984,0.06522596605965425,0.014265816759401466,0.3331395856273756,0.14066582918167114,0.10900445282459259,0.055531829595565796,0.016432471573352814,1.4705822378112674,0.4351612578786853,-0.31252815072519935,-0.32680328181197715,-0.1773168571627285,-0.14432378386582867,-0.6733254537952121,-0.5480408282655232,-3.630179543674388,-3.602111229256638,-0.447117341982179,-0.4612495089794044,-0.22160931720077787,-0.228613786910985,-3.3360890527297764,-3.286630164291839,-0.8441013873186822,-0.7874360299256522,-0.49682160878002246,-0.46346948491783124,-0.6194248237237188,-0.5914896137430008,0.07016852406853902,0.1309036289547677,0.06839728161042531,0.1275992689357459,0.2535533162318787,0.0036229576714004036,0.05158393511353482,-0.09071193414169397,0.21432696737179338,-0.3769005545278346,-0.19443430751562119,-0.025082828477025032,-0.3051012698560953,-0.19287416618317366,-1.236657505260536,-0.7817708700255166,0.7009075507521629,0.7433415092527866,-0.03091646172106266,-0.062496453523635864,-0.1570330588609382,-0.3174363662091042,0.0462667066603899,0.04655053839087486,0.03420583717525005,0.03502058424055576,1.266982106762024,1.2971602879885342
25,3,-0.105683495608837,-0.09765428740248602,-0.014516590857629033,-0.0018493256742810604,-0.28709210291355597,-0.03657379353103121,-0.6491853494177975,-0.45496341119616196,-0.01544451518535861,0.16254602864880469,-0.07888237921015087,0.8301987674649912,0.11868265271186829,0.11398133635520935,0.03354865312576294,0.021409355103969574,0.8884283796977203,0.5669580413285296,-0.3638120705693386,-0.43217463605935225,-0.22860077700686776,-0.24969513811320376,-0.8680659266074645,-0.9481675621299628,-3.52444648513936,-3.5327036142743715,-0.34138428344715077,-0.391841893997138,-0.16920376566564774,-0.1942125845407857,-2.7195238601268734,-2.7722325241823276,-0.22753619471577924,-0.2730383898161408,-0.13392336514629952,-0.16070506946809238,-0.2766629264967061,-0.46411532772458564,0.4129304212955517,0.25827791497318286,0.40250694575356855,0.2517582850526969,0.23614526341115274,0.19510111885483997,0.03417588229280885,0.10076622704174559,0.14199795329595116,0.41867530671750236,-0.055247521959245205,0.0568642457947135,-0.16591448429971933,-0.11092709191143513,-0.6724960284087136,-0.4496173379209585,0.6867756471037865,0.7456283010542393,-0.045048365369439125,-0.06020966172218323,-0.2288128141723533,-0.3058211330430277,0.01405644603073597,0.013367315754294395,0.0019955765455961227,0.001837361603975296,0.07391603260550147,0.06805576089137934
25,4,-0.1641332188632322,-0.10494621229621648,-0.07296631411202424,-0.009141250568011516,-1.4430421554013213,-0.18078492909035526,-0.6350378226612123,-0.5833954061388983,-0.00129698842877346,0.03411403370606836,-0.006624327914590366,0.17423636228743622,0.08242323994636536,0.08529157936573029,-0.0027107596397399902,-0.007280401885509491,-0.07178576694140854,-0.1927980722935306,-0.0886576481937523,-0.14544831034347533,0.04655364536871856,0.037031187602673155,0.17677819748940707,0.14061856044664095,-3.7046294862539115,-3.7170573057501306,-0.5215672845617023,-0.5761955854728971,-0.2585096996988982,-0.2855856802705733,-2.693870142793893,-2.8147177148065143,-0.20188247738279896,-0.3155235804403276,-0.11882408760921934,-0.18571102381474178,-0.05935010423815368,-0.2670293489187278,0.6302432435541041,0.4553638937790407,0.6143342073196815,0.4438692831504119,0.31705869652137175,0.13508554308307102,0.11508931540302786,0.04075065126997665,0.4781865496096016,0.16931557249163723,0.1793643170967698,0.25713967625051737,0.06869735475629568,0.08934833854436874,0.2784488553292116,0.3621528468090885,0.7134657651185989,0.8038880303502083,-0.018358247354626656,-0.0019499324262142181,-0.09324649642745927,-0.009904233421767663,0.0037447549402713776,-0.002992561087012291,-0.00831611454486847,-0.01452251523733139,-0.308028371653346,-0.5379130718715763
25,5,-0.16322835693245052,-0.17603818022010906,-0.07206145218124256,-0.0802332184919041,-1.425146857731069,-1.5867584645921269,-0.8032416817429301,-0.9080228919511101,-0.16950084751049121,-0.29051345210614343,-0.8657202877070479,-1.4837883882824328,0.08784475922584534,0.09985238313674927,0.0027107596397399902,0.007280401885509491,0.07178576694140854,0.1927980722935306,0.14393325814389976,0.18584286222536645,0.27914455170637065,0.36832236017151493,1.0599958456271394,1.3986308142029147,-3.2596750722385543,-3.166975290905099,-0.07661287054634514,-0.026113570627865457,-0.0379724164920533,-0.012942934691059707,-2.5457272875967485,-2.4975400480012415,-0.05373962218565431,0.0016540863649452398,-0.031630093198066755,0.0009735629644012611,-0.7597618718607968,-0.8212884408400194,-0.07016852406853902,-0.0988951981422509,-0.06839728161042526,-0.09639881709136792,0.1455997281591515,-0.04793905820817221,-0.056369652959192385,-0.14227395002126658,-0.23421122766134478,-0.5911364493024737,-0.04387947730720043,-0.020811552181839943,-0.15454643964767456,-0.18860288988798857,-0.6264182859407165,-0.7644582384197111,0.8362479656934738,0.8687919899821281,0.10442395322024822,0.06295402720570564,0.5303974607597323,0.3197605065197895,0.005580700933933258,0.00479503907263279,-0.006480168551206589,-0.00673491507768631,-0.24002504488097554,-0.24946084056566997
25,6,-0.06994772316388756,-0.09392458206435163,0.021219181587320404,0.0018803796638533349,0.4196480787916477,0.03718794290381418,-0.6484804784356422,-0.5944100146166986,-0.014739644203203284,0.023099425228268022,-0.075282272671273,0.11797959330702393,-0.019610777497291565,-0.028849661350250244,-0.10474477708339691,-0.12142164260149002,-2.773829167959629,-3.215462414908028,-0.14991160189251881,-0.21951068554882164,-0.014700308330047956,-0.037031187602673155,-0.05582149343068567,-0.14061856044664095,-1.6029856831411045,-1.6083061524213451,1.5800765185511048,1.5325555678558884,0.7831494006668367,0.7595961083932428,-1.71177608881501,-1.671164202913889,0.7802115765960842,0.8280299314522979,0.45921731263180576,0.4873622633993239,-1.1975951586361684,-1.2631276346599423,-0.5080018108439106,-0.5407343919621738,-0.49517847747457117,-0.5270848001213908,-0.10965838672285272,-8.5757856045858e-05,-0.3116277678411966,-0.09442064966914024,-1.2947875008612948,-0.3923099596089463,0.08853713423013687,0.13401915691792965,-0.022129828110337257,-0.033772180788218975,-0.08969814526069372,-0.13688773193394269,0.9817216172814369,0.9838842526078224,0.24989760480821133,0.17804628983139992,1.2692974260479666,0.9043451919990563,-0.01603814959526062,-0.015253109857439995,-0.028099019080400467,-0.026783064007759094,-1.0407859398392822,-0.9920430448241087
25,7,-0.052279796787975744,-0.05228406331012357,0.03888710796323222,0.04352089841808139,0.7690635983946338,0.8607052695824853,-0.6324438458036655,-0.6404564465476883,0.001296988428773349,-0.02294700670272165,0.006624327914589798,-0.11720112044552558,-0.03751938045024872,-0.015471130609512329,-0.12265338003635406,-0.1080431118607521,-3.2480810267302993,-2.861174976179156,-0.25905203360903517,-0.3166821199438118,-0.12384074004656431,-0.1342026219976633,-0.4702605484015715,-0.5096077316222466,-1.8809495818404498,-1.8409191538635525,1.3021126198517594,1.299942566413681,0.6453793255359032,0.6443037598721564,-1.470205436713611,-1.47934716249232,1.0217822286974831,1.0198469718738667,0.6014010855933644,0.6002620311824176,-0.8613927539335282,-0.9066991835954566,-0.17179940614127043,-0.18430594089768815,-0.16746272660474615,-0.17965356275329797,0.22927324993886306,0.16117585654953406,0.02730386882051916,0.06684096473643969,0.11344530790330641,0.27771865866059586,-0.10473511181771755,0.11122323665767908,-0.21540207415819168,-0.05656810104846954,-0.87308254004336,-0.22928572782709672,0.9993369281291962,0.9994034469127655,0.2675129156559706,0.193565484136343,1.3587703473080783,0.983171371228427,0.06899631582200527,0.07836870290338993,0.056935446336865425,0.06683874875307083,2.108885433200644,2.4757031460635264
25,8,-0.1837722371722707,-0.12303842363221026,-0.09260533242106274,-0.0272334619040053,-1.8314396187448991,-0.538591458856758,-0.6123598115330933,-0.594562433142245,0.02138102269934561,0.02294700670272165,0.10920290603032372,0.11720112044552558,0.11094601452350616,0.12803693115711212,0.025812014937400818,0.035464949905872345,0.683548353539062,0.939175348197185,-0.22979224358548575,-0.2923485897092195,-0.09458095002301489,-0.10986909176307103,-0.35915232264795033,-0.41720599639066636,-3.729976137822778,-3.6755073495050166,-0.5469139361305686,-0.534645629227783,-0.2710725184940734,-0.2649918527254791,-3.0832108062745873,-3.087796160485442,-0.5912231408634931,-0.588602026119255,-0.34798240638465233,-0.34643966938221005,-0.20445391123551512,-0.3414869319762369,0.48513943655674263,0.3809063107215316,0.47289321106544785,0.37129120994708137,0.2947293655830374,0.168870340472379,0.09275998446469352,0.07453544865928463,0.3854100335698502,0.30968860048540375,0.23885564506053925,0.2015635184943676,0.12818868272006512,0.033772180788218975,0.5195832080607221,0.13688773193394269,0.7049515396356583,0.7678874060511589,-0.02687247283756733,-0.037950556725263596,-0.1364925471392406,-0.19276112712418284,7.16187059879303e-05,0.0022447649389505386,-0.011989250779151917,-0.00928518921136856,-0.44408111202900524,-0.34392283774348975
25,9,-0.11363480761012938,-0.08271675622583143,-0.022467902858921418,0.013088205502373537,-0.44434382308400827,0.2588431731591078,-0.5853539902821843,-0.7628826267112983,0.04838684395025461,-0.1453731868663316,0.24713429508520723,-0.7424890141096281,-0.01484769582748413,-0.03716506063938141,-0.09998169541358948,-0.12973704189062119,-2.6476942404437067,-3.4356690708738737,-0.029593313506669952,-0.06809796079710764,0.1056179800558009,0.11438153714904084,0.40106324625831485,0.4343411091252997,-1.5837913752989863,-1.5422826472949691,1.599270826393223,1.5985790729822644,0.7926628707464716,0.7923200099654645,-1.651066578791839,-1.699666824575072,0.8409210866192551,0.7995273097911149,0.49494974583366164,0.4705861763546867,-1.336891855375161,-1.3247907416492328,-0.6472985075829032,-0.6023974989514643,-0.6309589505675013,-0.5871913642782861,0.2975921899078991,0.05358424054311773,0.0956228087895552,-0.040750651269976644,0.39730483093874674,-0.1693155724916372,0.27021110244095325,0.25910206511616707,0.15954414010047913,0.09131072741001844,0.646675310032815,0.3701069366760039,0.9909863546490669,0.9902723804116249,0.25916234217584133,0.1844344176352024,1.316355529316977,0.9367922183915458,0.017361617647111416,0.02085950132459402,0.005300748161971569,0.009329547174274921,0.1963393861480769,0.34556585396340667
25,10,-0.07079833326279013,-0.06539021120422056,0.020368571488417836,0.030414750523984402,0.40282571020328817,0.6015072528501374,-0.7257757216865065,-0.7879665047694442,-0.09203488745406763,-0.17045706492447754,-0.47006531481141794,-0.8706041383007476,0.06216906011104584,0.0827319324016571,-0.02296493947505951,-0.009840048849582672,-0.6081526996389471,-0.2605821051238504,-0.12051098523242287,-0.13803830288563645,0.014700308330047984,0.04444119506051203,0.05582149343068578,0.16875658812212815,-2.527480123983928,-2.5370855979834634,0.655582077708281,0.6037761222937701,0.3249328150993304,0.29925570234086063,-2.165431889418468,-2.1447992452850455,0.3265557759926261,0.35439488908114125,0.19220435888682294,0.20858991773015095,-1.1145948714318954,-1.3042356696104829,-0.4250015236396376,-0.5818424269127144,-0.41427334097616514,-0.5671551575970154,0.0004419682319779794,0.04045184022682755,-0.20152741288636591,-0.05388305158626682,-0.8373296676795208,-0.22387960541987226,0.23993374221026897,0.22150568664073944,0.12926677986979485,0.053714348934590816,0.5239530257682725,0.21771870297844303,0.7320184223353863,0.8077878952026367,0.00019440986216068268,0.0019499324262142181,0.0009874601952598874,0.009904233421767663,0.027051186189055443,0.02540518529713154,0.014990316703915596,0.013875231146812439,0.555240409443892,0.513937708939292
25,11,-0.07701102127292983,-0.0939556360539239,0.014155883478278133,0.0018493256742810604,0.2799584555517262,0.03657379353103121,-0.7062729725099538,-0.9206694173461308,-0.07253213827751492,-0.3031599775011642,-0.37045563216863014,-1.5483801219774176,-0.002935439348220825,-0.020490318536758423,-0.08806943893432617,-0.1130622997879982,-2.332236368476607,-2.994092055767584,-0.1177781061138057,-0.10501182220336108,0.017433187448665163,0.0774676757427874,0.06619905765190162,0.29416807154495833,-2.291175843787747,-2.293771015684915,0.891886357904462,0.8470907045923184,0.44205470966450294,0.4198521842601929,-1.7787424608603013,-1.8044075435084646,0.7132452045507929,0.6947865908577222,0.41980221251049504,0.4089378326046982,-0.8174780144031657,-1.0336282796482374,-0.12788466661090792,-0.31123503695046895,-0.12465651332922129,-0.3033786266979062,-0.13023526632745422,-0.03401652785586809,-0.33220464744579814,-0.12835141966896246,-1.380282727115788,-0.5332894916792631,0.13279679045081139,0.23657919280231,0.022129828110337257,0.06878785509616137,0.08969814526069372,0.2788156775472126,0.7158594727516174,0.7680038064718246,-0.015964539721608162,-0.037834156304597855,-0.08108820887751028,-0.1921698979507167,0.004348530434072018,-6.580352783203125e-05,-0.007712339051067829,-0.01159575767815113,-0.2856645644695733,-0.4295061517510844
26,0,-0.06082215710280235,-0.04158464976060387,0.07088291956181804,0.07104249877179693,1.401839222255141,1.4049951926495292,-0.6503453534519055,-0.597575165053507,0.061154173791686084,0.10220910598929744,0.31234303371933536,0.5220298183928432,0.12049797177314758,0.09784607589244843,0.04658396542072296,0.01815790683031082,1.2336267796946423,0.4808538716437174,0.06814563812558025,0.032720976796830635,0.15216421823331422,0.12227176279302382,0.5778133164142047,0.46430266973093276,-2.9248111232311027,-2.893776821648821,-0.07829278953024055,-0.05575552366523162,-0.03880505182962096,-0.02763467745367897,-2.1416990805055995,-2.0672348059924586,0.0233298389655463,0.10100937972407786,0.013731488067162229,0.05945215028706285,-1.6411266063273988,-1.7740511543413748,-0.4004938972360028,-0.503761540906468,-0.3903843530434109,-0.49104524336618094,0.3606824977426722,0.09599869204311043,0.06934267383038811,-0.03186319065081339,0.2881130522285211,-0.13238891154673177,0.3618419412523508,0.20650768652558327,0.1835469719953835,0.0008039548993110657,0.7439652433862255,0.003258645434654999,0.8446185514330864,0.8924205973744392,0.008004061877727509,0.006057180464267731,0.04065479197819966,0.030766055474215685,0.05626766383647919,0.05561039596796036,0.0434930429328233,0.044196682749316096,1.610979637253003,1.63704241281187
26,1,-0.10470438246984265,-0.10666498321556106,0.02700069419477774,0.00596216531683974,0.5339880521900067,0.11791271074022375,-0.6902889485416843,-0.6984083228618072,0.021210578701907234,0.0013759481809972884,0.10833236863380033,0.007027612384352436,0.017484992742538452,0.00992932915687561,-0.05642901360988617,-0.069758839905262,-1.494341276278336,-1.8473389341234598,-0.011040119583281572,0.02146432859435654,0.07297846052445241,0.11101511459054973,0.27712117074581005,0.42155778985643716,-2.124378519554476,-2.0765345280249523,0.7221398141463862,0.761486769958637,0.35792150317188054,0.3774234351989984,-1.5491728180800464,-1.4018923025755103,0.6158561013910995,0.7663518831410261,0.3624808863803021,0.45105976745655985,-1.251904992483477,-1.2909541341907076,-0.011272283392081084,-0.02066452075580072,-0.010987740611553965,-0.020142892618040593,0.28402075233778584,0.2210133655013236,-0.007319071574498237,0.0931514828073998,-0.030410134687993362,0.3870366766776053,0.046954747289419174,0.4110034964978695,-0.13134022196754813,0.2052997648715973,-0.5323572442532337,0.8321351634374786,0.9449890330433846,0.953731968998909,0.10837454348802567,0.06736855208873749,0.5504635756875184,0.34218307065583803,0.043305590748786926,0.04289542604237795,0.03053096984513104,0.03148171282373369,1.1308652467030043,1.1660807082000486
26,2,-0.10394223543190904,-0.11047061998698549,0.027762841232711347,0.002156528545415315,0.5490609021446298,0.04264929150159398,-0.7327101059454989,-0.7011602192238018,-0.021210578701907346,-0.0013759481809972884,-0.1083323686338009,-0.007027612384352436,0.09992063045501709,0.10231450200080872,0.026006624102592468,0.022626332938671112,0.6887019525421997,0.5991857925219641,-0.23518903289852663,-0.3480285044004451,-0.15117045279079266,-0.2584777184042519,-0.5740396900469286,-0.9815176618023016,-3.15512046317711,-3.077847299135221,-0.308602129476248,-0.23982600115163155,-0.15295561316577871,-0.11886740095248725,-2.4038918773734874,-2.392809426071468,-0.23886295790234158,-0.22456524035493164,-0.14059007698111098,-0.13217471937063388,-0.6544317140829374,-0.8445849429041412,0.5862009950084586,0.42570467053076566,0.5714037036997045,0.4149587385467197,0.04644228782474918,0.16711188036811703,-0.2448975360875349,0.03924999767419321,-1.0175289285499587,0.16308048140073958,0.38510216027498245,0.4823245443403721,0.20680719101801515,0.2766208127140999,0.8382451670388168,1.121218552500648,0.6389995366334915,0.7752560377120972,-0.19761495292186737,-0.11110737919807434,-1.0037397168525175,-0.5643443863308975,-0.008320843800902367,-0.010206582956016064,-0.021095464704558253,-0.021620296174660325,-0.7813747161798488,-0.8008144415775381
26,3,-0.03707283482601002,-0.02949663698908929,0.09463224183861037,0.08313051154331151,1.8715254552065104,1.6440577274178922,-0.7865656240711096,-0.9303715111478685,-0.07506609682751808,-0.23058724010506404,-0.3833977463654969,-1.1777171310779109,0.04790738224983215,0.06153026223182678,-0.026006624102592468,-0.01815790683031082,-0.6887019525421997,-0.4808538716437174,0.13114920995386403,0.0873426593980773,0.21516779006159803,0.1768934453942705,0.8170568337582254,0.6717176319236707,-2.8244599776751866,-2.8419063869497556,0.02205835602567552,-0.00388508896616635,0.010933007419820574,-0.0019256061713900533,-2.1883587584366926,-2.2692535654406143,-0.023329838965546745,-0.10100937972407786,-0.013731488067162491,-0.05945215028706285,-1.590873987990554,-1.7115536742955249,-0.350241278899158,-0.441264060860618,-0.3414002460855807,-0.4301253679750077,0.14794947891559307,0.026897167246483625,-0.143390344996691,-0.10096471544744019,-0.5957749777308533,-0.4195000095626295,-0.028176368214190006,0.20489977672696114,-0.2064713374711573,-0.0008039548993110657,-0.8368838622838873,-0.003258645434654999,0.8286104276776314,0.8423186838626862,-0.008004061877727509,-0.04404473304748535,-0.04065479197819966,-0.2237150945526228,0.004050601273775101,0.0046260785311460495,-0.008724019629880786,-0.006787634687498212,-0.32313715093332773,-0.25141357167308126
26,4,-0.09685274931441815,-0.08251210971420753,0.034852327350202245,0.030115038818193274,0.6892684410915083,0.5955799063589905,-0.7406805273139987,-0.6637107134839515,-0.029181000070407137,0.036073557558853,-0.1490410469774709,0.1842445691991836,-0.04605257511138916,-0.04874564707279205,-0.11996658146381378,-0.12843381613492966,-3.1769297917335346,-3.401157320367257,-0.06758085522950824,-0.057421921103018275,0.016437724878225743,0.032128864893174916,0.06241898677932719,0.12200296621696098,-1.3151764624674294,-1.3487132156495316,1.5313418712334328,1.4893080823340576,0.7589945515880451,0.7381609171419818,-1.066249392263037,-0.9521189186350862,1.098779527208109,1.2161252670814502,0.6467201933361909,0.7157876064967676,-1.2293604256993147,-1.2496250926791064,0.011272283392081306,0.020664520755800497,0.010987740611554235,0.02014289261804043,0.1961966839557978,0.14118344507033168,-0.09514313995648627,0.013321562376407858,-0.3953118467643491,0.05534998558185851,-0.09097249899059534,-0.15833276137709618,-0.26926746824756265,-0.3640364930033684,-1.0914134696584874,-1.4755378156035763,0.964476116001606,0.9611075893044472,0.1278616264462471,0.07474417239427567,0.6494437330165049,0.37964583816219993,0.04297509044408798,0.04471886996179819,0.030200469540432096,0.03330515674315393,1.1186235357287164,1.2336209589108564
26,5,-0.14510602024009078,-0.2400582864901864,-0.013400943575470392,-0.1274311379577856,-0.26502813986011003,-2.520183542525177,-0.6672913205126916,-0.8879223728379468,0.04420820673089998,-0.18813810179514234,0.22579203592311567,-0.9609094822057889,0.008921533823013306,0.017926186323165894,-0.06499247252941132,-0.06176198273897171,-1.7211169952307999,-1.6355678436928418,-0.13512657916492424,-0.14022754326823428,-0.051107999057190254,-0.05067675727204109,-0.19407244865707712,-0.19243489385643828,-1.523368781769555,-1.5263159778596407,1.3231495519313072,1.3117053201239486,0.6558060742132862,0.6501338531684195,-1.3983401587250053,-1.3634637632351247,0.7666887607461406,0.8047804224814117,0.4512580470426965,0.47367805599983964,-1.3628401702660666,-1.3495319845644045,-0.12220746117467063,-0.07924237112949761,-0.11912261584260363,-0.07724208034257618,0.30653543450532333,-0.22120438482355295,0.015195610593039255,-0.34906626751747677,0.06313650031934576,-1.4503413584897642,0.36620210856199265,0.15751359891146421,0.18790713930502534,-0.04819013271480799,0.7616381741813135,-0.19532756887369607,0.9132660776376724,0.9272701069712639,0.07665158808231354,0.04090669006109238,0.38933411758803943,0.20777612671612278,0.012708557303994894,0.01217045122757554,-6.606359966099262e-05,0.0007567380089312792,-0.0024469916713317653,0.028029529343499907
26,6,-0.14124106781611906,-0.12240332658999217,-0.009535991151498668,-0.009776178057591373,-0.18859164523535793,-0.19334178007340197,-0.7668479680467396,-1.074876484441532,-0.05534844080314805,-0.37509221339872745,-0.2826904337057788,-1.91577177146634,0.12485697865486145,0.13197217881679535,0.05094297230243683,0.052284009754657745,1.3490610836142336,1.3845741555198139,-0.2724775497433841,-0.29726461312428865,-0.18845896963565012,-0.20771382712809544,-0.7156354070456367,-0.788751893917298,-2.8685766897265372,-2.8341362090174234,-0.022058356025675074,0.003885088966165906,-0.010933007419820354,0.0019256061713898332,-2.4342077749377724,-2.2880965908723967,-0.26917885546662657,-0.11985240515586026,-0.158433422846638,-0.0705427874426758,-0.9168703744024354,-1.0354832560479783,0.32376233468896065,0.23480635738692857,0.3155897017149655,0.22887921277102483,0.5188928287034225,0.2921355383478497,0.22755300479113838,0.1642736556539259,0.9454638411334999,0.6825433995660036,-0.5615840554237366,-0.27630104403942823,-0.7398790246807039,-0.48200477566570044,-2.9989286812467144,-1.9536949934018801,0.674333393573761,0.7148652598261833,-0.1622810959815979,-0.1714981570839882,-0.8242695146428907,-0.8710854572845561,0.008556763641536236,0.010656975209712982,-0.004217857262119651,-0.0007567380089312792,-0.15622917376945597,-0.028029529343499907
26,7,-0.2987216162393279,-0.4350976616051509,-0.16701653957470752,-0.3224705130727501,-3.303057173554547,-6.377443480610011,-0.8612101606975451,-1.3434309659084085,-0.14971063345395352,-0.643646694865604,-0.7646423871629255,-3.287405402655891,-0.040997326374053955,-0.029281213879585266,-0.11491133272647858,-0.10896938294172287,-3.0430577573527944,-2.885704292230767,-0.06400421157215208,-0.09554624754723064,0.020014368535581903,-0.005995461551037445,0.07600057880722441,-0.022766571290282145,-1.691137411781006,-1.7054878842741128,1.155380921919856,1.1325334137094765,0.5726532012342965,0.5613290582882974,-1.7947871372497364,-1.7902752402863849,0.37024178222140947,0.3779689454301516,0.21791708987131075,0.222465147384719,-1.5612987441976878,-1.552545993722868,-0.32066603510629177,-0.2822563802879612,-0.3125715610697499,-0.27513146934710686,-0.012167424596258629,-0.01917829196218101,-0.3035072485085427,-0.14704017465610483,-1.26104741728254,-0.6109397169195961,0.22881386056542397,0.13622790575027466,0.05051889130845666,-0.06947582587599754,0.20476665378518766,-0.28160420815111875,0.9172520413994789,0.9414876326918602,0.08063755184412003,0.05512421578168869,0.4095799040455142,0.27999077965676866,0.027858548797667027,0.023902174085378647,0.01508392789401114,0.012488460866734385,0.5587077621719102,0.4625718229927976
26,8,-0.13040639902253998,-0.09171252170275221,0.0012986776420804147,0.02091462682964859,0.025683722778185394,0.4136249521023411,-0.49588197901435493,-0.5745963882784484,0.21561754822923662,0.1251878827643561,1.1012598970996264,0.6393932034911303,0.12760236859321594,0.1166566014289856,0.05368836224079132,0.03696843236684799,1.4217639228437962,0.9789902546764793,-0.41660598942654925,-0.45060170980281566,-0.33258740931881525,-0.36105092380662246,-1.262934454678778,-1.3710189826575303,-3.5014654794260336,-3.445595262890633,-0.6549471457251714,-0.6075739649070435,-0.3246181173007121,-0.30113806571471763,-2.4819453092555017,-2.532335119653731,-0.3169163897843559,-0.3640909339371947,-0.1865308042219534,-0.21429682056973728,-0.15389194491494815,-0.3649434679556326,1.086740764176448,0.9053461454792743,1.059308501519874,0.8824927713567667,0.29865889548678226,0.11454032031751595,0.007319071574498182,-0.013321562376407872,0.03041013468799313,-0.055349985581858566,0.43803897500038147,0.20833036210387945,0.25974400574341416,0.00262663047760725,1.052812314745637,0.010646439771329515,0.6300604939460754,0.7330721877515316,-0.20655399560928345,-0.1532912291586399,-1.0491435288785593,-0.7786075531060762,-0.0007623210549354553,-0.0075965700671076775,-0.013536941958591342,-0.01901028328575194,-0.5014074981980299,-0.7041397245775438
26,9,-0.14482880139118193,-0.11478367707781612,-0.013123724726561536,-0.002156528545415315,-0.2595456307034445,-0.04264929150159398,-0.5289987076756502,-0.5626468867900902,0.1825008195679414,0.13713738425271427,0.932117239197587,0.7004249093403705,0.1200772225856781,0.10843518376350403,0.04616321623325348,0.028747014701366425,1.2224845881592215,0.761272400311919,-0.15226334776411812,-0.17317796590288162,-0.06824476765638414,-0.08362717990668843,-0.2591459147576321,-0.31755756198977275,-3.382543921949169,-3.243871669003478,-0.5360255882483069,-0.40585037101988863,-0.26567581585459327,-0.2011557485305159,-2.6628168794316602,-2.458736687261947,-0.4977879599605144,-0.2904925015454105,-0.2929882817566535,-0.1709782191150887,-0.29828097328506176,-0.43519421507154177,0.9423517358063342,0.8350953983633651,0.9185642409559797,0.8140153422300512,0.4016567359909724,0.31074070019983446,0.11031691207868832,0.18287881750591065,0.4583576100506191,0.7598463022705122,0.12777607794851065,0.2735255938023329,-0.05051889130845666,0.06782186217606068,-0.20476665378518766,0.2749002484333498,0.7769179753959179,0.8803062364459038,-0.059696514159440994,-0.006057180464267731,-0.30321471798326194,-0.030766055474215685,0.01284068450331688,0.009660281240940094,6.606359966099262e-05,-0.0017534319777041674,0.0024469916713317653,-0.06494701269241154
26,10,-0.19241554529464044,-0.453536082073446,-0.060710468630020054,-0.3409089335410452,-1.200660422188592,-6.742096928417644,-0.845573531756612,-0.90469582364496,-0.13407400451302043,-0.20491155260215554,-0.6847787929429905,-1.046579358620942,-0.02314877137541771,-0.015000978484749794,-0.09706277772784233,-0.0946891475468874,-2.5703960758855615,-2.507538100402546,-0.057551766238238,-0.05260409625833175,0.02646681386949598,0.03694668973786144,0.10050245500819577,0.14029769663211453,-1.3862291543616372,-1.3383142994153006,1.460289179339225,1.4997069985682887,0.7237779830108856,0.7433150377942465,-0.7838460500975306,-0.7567001248566929,1.3811828693736152,1.4115440608598435,0.8129372910538037,0.8308072960381356,-1.2594048722732896,-1.3528012696766967,-0.018772163181893564,-0.0825116562417898,-0.018298303243982753,-0.08042883989692852,0.13549447893573216,0.014246795372331908,-0.15584534497655192,-0.11361508732159191,-0.6475244685059166,-0.4720612543367018,0.09965486684814095,-0.13539752177894115,-0.07864010240882635,-0.34110125340521336,-0.31874948571732203,-1.3825751209632529,0.9220462515950203,0.9473079219460487,0.08543176203966141,0.06094450503587723,0.4339309924275091,0.309553600696474,0.02106631174683571,0.02134882379323244,0.008291690843179822,0.00993511057458818,0.307123719243821,0.36799588509452624
26,11,-0.1330037543067008,-0.1316141666074467,-0.0012986776420804147,-0.01898701807504591,-0.025683722778185394,-0.37550296765152014,-0.6179613561490691,-0.5025861266536966,0.09353817109452245,0.19719814438910788,0.47774328908018554,1.0071833669461026,0.11989769339561462,0.1041141152381897,0.04598368704319,0.024425946176052094,1.2177303338874144,0.6468427719713468,-0.10045630498595973,-0.08355532444515575,-0.016437724878225743,0.005995461551037445,-0.06241898677932719,0.022766571290282145,-3.454239782026829,-3.400947550653942,-0.6077214483259668,-0.5629262526703527,-0.3012111644221422,-0.2790088658507941,-2.7900644384197104,-2.7474308554496956,-0.6250355189485646,-0.5791866697331591,-0.3678837124709571,-0.3408979743000156,-0.1596244548604273,-0.24780167582667728,1.0810082542309687,1.0224879376082296,1.0537206955587208,0.9966775892783741,0.35671509821841774,0.18025060963406817,0.06537527430613366,0.05238872694014435,0.2716288366192579,0.21767081058932192,0.23736949265003204,0.3998466320335865,0.05907452339306474,0.1941429004073143,0.23944493170474138,0.7869133910684624,0.7154914475977421,0.8670591711997986,-0.1211230419576168,-0.019304245710372925,-0.6152166424720015,-0.09805147756729808,0.004417670890688896,0.005154930055141449,-0.00835695001296699,-0.006258783163502812,-0.30954091488206464,-0.231824943726246
27,0,-0.054455995213546035,-0.05058270310884684,0.007036032670058166,0.007387718343074626,0.13915039937589052,0.14610562601423055,-0.6594751877318314,-0.7342030755986639,0.07344026043602958,0.01898589268418427,0.3750938377462972,0.09696985424164212,0.06527447700500488,0.07833236455917358,0.053140804171562195,0.06884356588125229,1.4072636051585514,1.8231008398225619,-0.00447587227574763,-0.010552791522616803,0.07655705910505299,0.05713314244418036,0.2907101862054201,0.21695173080848149,-2.8975750080397864,-2.807013438465031,-0.6838201618477067,-0.668413473743362,-0.33892874403703116,-0.3312925704634612,-2.528675199047515,-2.5745100016873423,-0.8238815424443642,-0.886850599038846,-0.4849206025612653,-0.521982960792907,-1.9024048923857078,-1.9692584829193036,-0.38403907827329054,-0.39813428900298753,-0.3743448980116666,-0.3880843076748325,0.26867186794028075,-0.16986901750977693,0.03038928291616727,-0.31948257479415954,0.12626494728814527,-1.3274235715645883,0.04829615540802479,-0.09429571777582169,0.07052237284369767,-0.09033316071145236,0.28584614448532164,-0.3661445959251945,0.8173009306192398,0.8658124431967735,0.002087157219648361,0.022355906665325165,0.01060123520867794,0.11355168773643805,0.03520408272743225,0.034313976764678955,0.015732322353869677,0.013963322853669524,0.5827242531162921,0.517200620347372
27,1,-0.06188649638915743,-0.04654777076310889,-0.00039446850555322627,0.011422650688812576,-0.0078013353068311355,0.2259037841088394,-1.3925809123761697,-1.612078778306787,-0.6596654642083086,-0.8588898100239387,-3.369220767049398,-4.386752894533778,-0.01737082004547119,-0.010476022958755493,-0.02950449287891388,-0.01996482163667679,-0.7813317781776158,-0.5287042097080724,-0.0033779875193267993,-0.03441855732345494,0.07765494386147381,0.03326737664334222,0.294879184932673,0.12632623786241465,-2.1555561415129354,-2.118199016678184,0.05819870467914434,0.020400948043485023,0.02884561611665009,0.010111529439055975,-1.609518358874356,-1.6279831279895653,0.09527529772879495,0.059676274658930994,0.05607718149235161,0.03512429102412445,-1.9763836406613122,-1.9739691338223722,-0.458017826548895,-0.4028449399060561,-0.44645622351212666,-0.39267604906689696,0.09223651125679286,0.07558785446444714,-0.14604607376732062,-0.07402570281993547,-0.6068093102671028,-0.3075706488472119,-0.7139184474945068,-0.558041900396347,-0.691692230058834,-0.5540793433319777,-2.8036146425614934,-2.245832600973786,0.7932091429829597,0.7947865501046181,-0.0220046304166317,-0.04866998642683029,-0.11176746079820629,-0.247208005634055,0.061559394001960754,0.06607662886381149,0.04208763362839818,0.04572597495280206,1.5589233629902033,1.6936873020423358
27,2,-0.08753190168566516,-0.08159296640159758,-0.026039873802060957,-0.02362254494967611,-0.5149860737108568,-0.46717897971260874,-0.8757187054228142,-1.0284173166605215,-0.14280325725495313,-0.2752283483776733,-0.7293631788396202,-1.4057201981123264,0.07537713646888733,0.06889840960502625,0.06324346363544464,0.05940961092710495,1.6748001093660003,1.5732728278712238,-0.4829152780394256,-0.5500523238438677,-0.401882346658625,-0.48236638987707053,-1.5260681796760511,-1.8316903060235754,-3.0038560217202557,-2.944777682254648,-0.7901011755281759,-0.8061777175329792,-0.39160588415581926,-0.3995740642332005,-2.3819139433044123,-2.4079092379258062,-0.6771202867012613,-0.7202498352773099,-0.39853979063477496,-0.42392500150094165,-0.5335906888441216,-0.7062604127348224,0.9847751252682956,0.8648637811814937,0.9599167498539046,0.8430322909221698,0.2470989138474118,0.13596990185786378,0.00881632882329833,-0.013643655426518825,0.03663111423917458,-0.05668825546161611,-0.1739651821553707,0.05941823124885559,-0.15173896471969783,0.06338078831322491,-0.6150388349730074,0.2568993816179391,0.5316491606645286,0.5577788474038243,-0.28356461273506284,-0.28567768912762403,-1.4403012519433196,-1.451034137631356,-0.002939722966402769,-0.006088271737098694,-0.022411483339965343,-0.026438925648108125,-0.8301199655559582,-0.9792961811325602
27,3,-0.15938172308548362,-0.21130765723443373,-0.09788969520187943,-0.15333723578251227,-1.9359475461351303,-3.032523951904175,-1.079348382725521,-1.158415783515776,-0.34643293455766,-0.4052268152329278,-1.769395399382243,-2.069683309685797,0.0044431984424591064,0.005622446537017822,-0.0076904743909835815,-0.003866352140903473,-0.2036575261807318,-0.10238792463611215,-0.2668140506431496,-0.27586152838864486,-0.185781119262349,-0.2081755944218477,-0.7054668035262097,-0.7905053632579382,-2.2719535508712236,-2.159000912765154,-0.0581987046791439,-0.020400948043485023,-0.02884561611664987,-0.010111529439055975,-2.115555372438677,-2.030929798737301,-0.4107617158355259,-0.34327039608880483,-0.24176633228254815,-0.2020422581855185,-2.1239337513395253,-2.1486271191712776,-0.6055679372271081,-0.5775029252549615,-0.5902817721562665,-0.5629251966440914,0.22946625620081518,0.25949616453467556,-0.008816328823298303,0.10988260725029295,-0.03663111423917446,0.4565531095490572,-0.08719838224351406,0.05260934494435787,-0.06497216480784118,0.05657190200872719,-0.2633496585593974,0.2293011341413085,0.7046542875468731,0.7113982364535332,-0.11055948585271835,-0.1320583000779152,-0.5615614880572509,-0.6707597718105857,0.01649150252342224,0.015321702230721712,-0.002980257850140333,-0.005028951680287719,-0.11038856760965261,-0.18627206117047115
27,4,-0.022637042430930933,-0.011884737109094958,0.03885498545267327,0.046085684342826505,0.76842831706738,0.9114285965591629,-0.7463601466862687,-0.7498153130024168,-0.013444698518407683,0.0033736552804314313,-0.06866837800778551,0.017230839036475775,0.04722708463668823,0.04603838920593262,0.035093411803245544,0.03654959052801132,0.9293363542657352,0.9678985731466022,0.14514849505001132,0.08728807034368463,0.22618142643081193,0.1549740043104818,0.8588789245898418,0.58848291949509,-3.424132725191109,-3.4692267044329883,-1.2103778789990294,-1.3306267397113194,-0.5999119026132331,-0.6595120688659752,-2.7543063062744064,-2.731495700153517,-1.0495126496712555,-1.0438362975050208,-0.6177226703784577,-0.614381680234858,-1.8445473081987958,-1.9103247261109129,-0.32618149408637853,-0.3392005321945968,-0.3179477950162308,-0.33063819755220086,0.3537221097735023,0.17797813629514225,0.11543952474938884,0.028364579010759644,0.4796416403657761,0.1178524706727662,-0.11005620192736387,-0.010065959766507149,-0.087829984491691,-0.006103402702137828,-0.3559985494645631,-0.024738732692873418,0.8598477393388748,0.8711533024907112,0.04463396593928337,0.027696765959262848,0.22670796754744815,0.14067935452573055,0.04422683268785477,0.04318624548614025,0.024755072314292192,0.02283559157513082,0.9169263571336312,0.845828908521806
27,5,-0.018921176218080586,-0.012606562684388454,0.042570851665523615,0.045363858767533016,0.8419163595186141,0.8971531771869287,-0.6349335012038362,-0.7565626235632796,0.09798194696402485,-0.0033736552804314313,0.5004397356216291,-0.017230839036475775,0.029190152883529663,0.030288010835647583,0.017056480050086975,0.020799212157726288,0.4516861191845732,0.5508003640863798,0.15512869144807165,0.13260099501615918,0.23616162282887226,0.20028692898295636,0.8967767329325774,0.760549727220438,-2.969851265366361,-3.0466998521773916,-0.7560964191742814,-0.9080998874557227,-0.37475176079805034,-0.45009078627325305,-2.2940667783937023,-2.3743382726269937,-0.5892731217905514,-0.6866788699784974,-0.34683466320175327,-0.4041657862708434,-1.4461323274904485,-1.4636827155548064,0.07223348662196871,0.10744147836150963,0.07041011894962823,0.10472936618924097,0.037960050256031386,0.007396513327688663,-0.2003225347680821,-0.14221704395669393,-0.8323234991393342,-0.5909000093290967,-0.02177582588046789,-0.10075463028624654,0.0004503915552049875,-0.09679207322187722,0.0018255581083386483,-0.3923243054872211,0.8653004392981529,0.8693625032901764,0.05008666589856148,0.025905966758728027,0.2544037032814312,0.13158340173517818,0.045424316078424454,0.048795221373438835,0.02595255570486188,0.028444567462429404,0.961281068325857,1.053585030673054
27,6,-0.0551774209011988,-0.03974082620149211,0.0063146069824054005,0.01822959525042936,0.12488288851226075,0.3605235476453682,-0.5964219142425369,-0.6447693205840463,0.13649353392532415,0.10841964769880186,0.697136463890952,0.5537499663126699,-0.013057023286819458,-0.009826749563217163,-0.025190696120262146,-0.019315548241138458,-0.6670947192331792,-0.5115102881334388,-0.029902136278155217,-0.02612094797379318,0.0511307951026454,0.04156498599300398,0.19415901210003694,0.15783475696304966,-1.151901625847577,-1.0874328581162476,1.0618532203445028,1.0511671066054213,0.5262971149470009,0.5210006476734456,-0.7776209359576205,-0.7357160399872195,0.9271727206455305,0.9519433626612769,0.5457157749157363,0.5602952915492411,-1.1582000350594432,-1.087401495519394,0.360165779052974,0.48372269839692206,0.3510742251363616,0.4715122351909826,0.29114124256606255,0.13463516346259027,0.05285865754194907,-0.014978393821792335,0.2196233332213842,-0.06223398267036885,0.12772444635629654,0.002140845637768507,0.14995066379196942,0.006103402702137828,0.6077903703403207,0.024738732692873418,0.9942118600010872,0.9949839040637016,0.17899808660149574,0.15152736753225327,0.9091796248513863,0.7696484235298019,0.022452018223702908,0.022531821858137846,0.002980257850140333,0.002181167947128415,0.11038856760965261,0.08079032671225232
27,7,-0.061097559378050975,-0.05719741832445885,0.00039446850555322627,0.0007730031274626181,0.0078013353068311355,0.015287548956810984,-0.5371315227266442,-0.582658725154332,0.1957839254412168,0.17053024312851617,0.9999602878144584,0.8709778936936243,-0.009355694055557251,-0.01610463857650757,-0.02148936688899994,-0.025593437254428864,-0.5690768966001488,-0.6777600252865715,-0.06070617152800227,-0.03563531577877596,0.020326759852798346,0.0320506181880212,0.07718682262403992,0.1217058399363657,-0.9299562016625749,-0.8947178311575932,1.2837986445295049,1.2438821335640757,0.6363021836196352,0.616517957177265,-0.6297082266417173,-0.5716917061862514,1.0750854299614336,1.115967696462245,0.6327743099511667,0.6568368144306651,-0.8925176970641555,-0.8767988515898858,0.6258481170482617,0.6943253423264303,0.6100500256395892,0.6767987013944982,0.252616164388794,0.18627854179055492,0.014333579364680493,0.03666498450617231,0.05955483214014867,0.1523399663217979,0.18242238089442253,0.14082262106239796,0.2046485983300954,0.14478517812676728,0.8294958103102278,0.5868532676556911,0.9958098754286766,0.9968359172344208,0.18059610202908516,0.1533793807029724,0.91729637679297,0.7790552986073157,0.02962311008013785,0.029453017516061664,0.010151349706575274,0.009102363605052233,0.3760053692537865,0.33715098852155906
27,8,-0.08945138884277858,-0.058743424579384085,-0.027959360959174374,-0.0007730031274626181,-0.5529474387349076,-0.015287548956810984,-0.7790485713026257,-0.8940212735414472,-0.0461331231347647,-0.14083230525859902,-0.23562348636977276,-0.7192966030413201,0.09026563167572021,0.10044926404953003,0.07813195884227753,0.09096046537160873,2.069074109671132,2.408795922856029,-0.12022279583698198,-0.1949695065072007,-0.03918986445618136,-0.12728357254040357,-0.1488157059140441,-0.4833340191834712,-2.8051369207993124,-2.840065157627361,-0.5913820746072327,-0.7014651929056921,-0.2931127143883224,-0.34767433030172706,-1.6429272856003383,-1.6196139022922071,0.06186637100281267,0.0680455003562892,0.036413339004968175,0.04005025399216633,-0.27041785756362174,-0.464201082472078,1.2479479565487954,1.1069231114442382,1.216446390348024,1.0789813920068692,0.2525056857080453,0.17280334329113523,0.014223100683931844,0.023189786006752616,0.05909580239470604,0.0963516354052647,-0.022676608990877867,-0.216616190969944,-0.0004503915552049875,-0.21265363390557468,-0.0018255581083386483,-0.8619423724925591,0.7032158188521862,0.7706368342041969,-0.11199795454740524,-0.07281970232725143,-0.568867859052755,-0.36987093493951817,-0.00610850565135479,-0.011321843601763248,-0.025580266024917364,-0.03167249751277268,-0.9474914814607487,-1.1731473613568806
27,9,-0.060097356359998806,-0.06733979073894472,0.0013946715236053953,-0.009369369287023255,0.027582177145614097,-0.18529639348287885,-0.7194707496494532,-0.6928271193473017,0.013444698518407794,0.060361848935546525,0.06866837800778607,0.3082962592489474,-0.016515768133103848,-0.022272314876317978,-0.028649440966546535,-0.03176111355423927,-0.7586884731777319,-0.8410911325295238,-0.10135969123359896,-0.09973655215481836,-0.020326759852798346,-0.0320506181880212,-0.07718682262403992,-0.1217058399363657,-1.6319218892215264,-1.6947097600224048,0.5818329569705534,0.4438902046992641,0.2883797880608557,0.22000981831619099,-1.2760499908613614,-1.3584694379981965,0.42874366574178957,0.3291899646502998,0.2523501571827894,0.19375479093965103,-1.590599300734386,-1.6785656722778255,-0.07223348662196871,-0.10744147836150941,-0.07041011894962818,-0.1047293661892407,0.19224249401593474,0.16325721271090143,-0.04604009100817874,0.013643655426518825,-0.19129275542057686,0.05668825546161611,0.11014238651841879,0.34671755507588387,0.13236860395409167,0.3506801121402532,0.5365255530332452,1.4214008116990031,0.8131266161799431,0.8211006298661232,-0.002087157219648361,-0.022355906665325165,-0.01060123520867794,-0.11355168773643805,0.008907857351005077,0.010455549228936434,-0.010563903022557497,-0.009895104682072997,-0.3912863187232244,-0.3665140692944307
27,10,-0.18192576130653096,-0.16243213190439387,-0.12043373342292676,-0.1044617104524724,-2.381797085088187,-2.0659211533806032,-0.6522228437456847,-0.6311117431085832,0.0806926044221763,0.122077225174265,0.41213495827431584,0.6235056169486198,0.01982414722442627,0.013355150818824768,0.0076904743909835815,0.003866352140903473,0.2036575261807318,0.10238792463611215,-0.11535829709973816,-0.13296194917951681,-0.034325365718937545,-0.06527601521271965,-0.1303437406866489,-0.24787266855689694,-1.6372557371851149,-1.7113059713864245,0.5764991090069649,0.4272939933352444,0.28573611872782695,0.21178406922715928,-1.7666600276059636,-1.7473356773074276,-0.06186637100281267,-0.059676274658931217,-0.036413339004968175,-0.03512429102412458,-1.201411539764886,-1.1993650383035481,0.3169542743475313,0.37175915561276796,0.3089534951454975,0.362374953659615,0.22840151763012936,0.11776933990542535,-0.009881067393984116,-0.03184421737895726,-0.04105501459490734,-0.1323100791775243,0.2675590356811881,0.14748020190745592,0.289785253116861,0.15144275897182524,1.1745775700960455,0.6138382334108418,0.9822815433144569,0.9805399775505066,0.1670677699148655,0.13708344101905823,0.8485823243134368,0.696283819818234,0.01577385514974594,0.018169485963881016,-0.0036979052238166332,-0.002181167947128415,-0.13697018222572538,-0.08079032671225232
27,11,-0.18483006896317028,-0.12053481341423418,-0.12333804107956609,-0.06256439196231271,-2.439235074546595,-1.2373251428057395,-0.9232351869638257,-1.3408188429393886,-0.19031973879596464,-0.5876298746565404,-0.9720521250878978,-3.001301241997798,-0.009524434804916382,-0.010040923953056335,-0.02165810763835907,-0.01952972263097763,-0.5735454536530992,-0.5171820093028184,-0.42144644805711085,-0.39336784333680685,-0.34041351667631026,-0.3256819093700097,-1.2926525388601335,-1.2367121938000774,-2.1452920544116534,-2.0607148040788013,0.06846279178042636,0.07788516064286766,0.03393291003399289,0.0386030145769357,-1.2613945086271325,-1.2103328724843827,0.4433991479760184,0.47732653016411364,0.2609760881082029,0.2809450833659022,-1.7770053622443627,-1.815510840755734,-0.25863954813194545,-0.24438664683941802,-0.2521107896169284,-0.238217669925279,0.02488896850095151,0.16727324777595595,-0.21339361652316197,0.017659690491573343,-0.8866327585370335,0.07337454770468449,-0.498229019343853,-0.055625367909669876,-0.4760028019081801,-0.051662810845300555,-1.9293673795013706,-0.20940326733097658,0.7040415070950985,0.712581604719162,-0.11117226630449295,-0.13087493181228638,-0.564673965468817,-0.6647491247906502,0.005544755607843399,0.005499208578839898,-0.013927004765719175,-0.014851445332169533,-0.5158554006017143,-0.5500966223691213
28,0,-0.0005406731819232355,-0.0011889982624493287,0.032687698608353556,0.023857211955833433,0.6464589534081194,0.4718199484457551,-0.515246346682481,-0.4786106971276022,0.0819166178320414,0.1888045764076537,0.4183865685577401,0.964313480485249,-0.013865172863006592,-0.016981959342956543,-0.014060989022254944,-0.01395753026008606,-0.3723601554780839,-0.3696203822867527,-1.0432148636884628,-1.1405826586620742,-0.9633563249812719,-1.0391405749268159,-3.658153799157499,-3.9459293964786486,-1.6318248034048786,-1.5223303528948016,-0.03501365980219551,0.031848174928897466,-0.017354176438484324,0.015785234964930544,-1.5762415867867405,-1.5603598637814722,-0.1353366969105536,-0.13662054605614604,-0.07965653948237193,-0.08041218804251733,-1.701982989936961,-1.6976944593918195,-0.32530133449668974,-0.2964500789615516,-0.31708985302418813,-0.288966880853309,0.06656230510680991,-0.16448979210814868,-0.09601534227904984,-0.2228232202961828,-0.3989357749954591,-0.9258119792719574,0.4331154637038708,0.33589685522019863,0.32650690572336316,0.19885657029226422,1.3234203045848931,0.8060191628775843,0.500630581547739,0.5008289142715512,-0.3663222549657803,-0.3722404912841739,-1.8606496676468887,-1.8907099882787963,-8.343327499460429e-05,-8.389382128370926e-05,-0.014305750533821993,-0.014481441052339505,-0.5298841205754303,-0.5363916865837984
28,1,-0.03268435854377612,-0.02799813236800258,0.000544013246500677,-0.0029519221497198156,0.010758855745295762,-0.058379653040561266,-0.6351640783899846,-0.8014226399911957,-0.03800111387546212,-0.1340073664559398,-0.19408950291777818,-0.6844384411465518,-0.01574501395225525,-0.01115468144416809,-0.0159408301115036,-0.008130252361297607,-0.4221417120356514,-0.21530363394333538,-0.15468361106084627,-0.19322442463943806,-0.07482507235365532,-0.09178234090417967,-0.2841333114287491,-0.34852516184052745,-1.4964091509831445,-1.5189739145820687,0.10040199261953853,0.03520461324163038,0.0497632610969053,0.017448820634441253,-1.621137150210732,-1.6067806267312756,-0.18023226033454498,-0.1830413090059495,-0.10608119223439005,-0.10773454347991014,-1.3893636986520397,-1.4016702157533356,-0.012682043211768468,-0.00042583532306772476,-0.01236191429797832,-0.0004150860930618707,0.17934387462082552,0.02019290935988129,0.016766227234965764,-0.03814051882815281,0.06966228205792144,-0.15847068891570285,0.40901167318224907,0.4235935267060995,0.30240311520174146,0.2865532417781651,1.2257211587640624,1.161477358874471,0.5323394169099629,0.533224216196686,-0.3346134196035564,-0.33984518935903907,-1.6995919290617645,-1.7261655006228294,-0.0010125011904165149,-0.0007842375780455768,-0.015234818449243903,-0.015181784809101373,-0.5642967390643578,-0.5623323762927996
28,2,-0.07045517549345137,-0.04660221085437151,-0.03722680370317458,-0.021556000636088746,-0.7362280486315307,-0.4263092907773412,-1.131656776570301,-0.7366442996213611,-0.5344938120557785,-0.06922902608610526,-2.729910460901532,-0.35358508975733727,0.03250810503959656,0.04208531975746155,0.032312288880348206,0.04510974884033203,0.8556872416510636,1.1945868861129103,-0.22808895319548814,-0.2945183287825046,-0.14823041448829719,-0.19307624504724621,-0.5628754800790836,-0.7331685909264973,-2.479548059388722,-2.482988044376866,-0.8827369157860387,-0.9288095165531669,-0.4375198785804681,-0.46035531044361927,-1.7261329632752391,-1.69586306322935,-0.2852280733990522,-0.27212374550402396,-0.16787967941325416,-0.1601667276700166,-1.3639996122285027,-1.4008185451072,0.012682043211768468,0.0004258353230679468,0.012361914297978375,0.0004150860930621413,0.25230441839768036,0.1252324405655812,0.08972677101182061,0.06689901237754708,0.37280728352151193,0.27795984178968924,-0.36158562079072,-0.257217712700367,-0.4681941787712276,-0.3942579976283014,-1.8977169297585097,-1.5980337020753603,0.7185164168477058,0.7646910063922405,-0.14843641966581345,-0.10837839916348457,-0.7539486645267832,-0.5504831597044978,-0.0021034986712038517,-0.001224621431902051,-0.01632581593003124,-0.015622168662957847,-0.6047072187026156,-0.5786441671747012
28,3,-0.03377238503677747,-0.018503614795236677,-0.000544013246500677,0.006542595423046086,-0.010758855745295762,0.12939177641200605,-0.609115303321186,-0.7373866704785419,-0.011952338806663576,-0.06997139694328602,-0.06104619736391852,-0.3573767257373525,0.06987759470939636,0.0723082423210144,0.06968177855014801,0.07533267140388489,1.845298211516666,1.9949439681755397,0.1460881311148912,0.1359738004302128,0.22594666982208214,0.23741588416547119,0.8579874831181529,0.9015395405818706,-2.4053116918979827,-2.470275854643547,-0.8085005482952996,-0.916097326819848,-0.4007253524765255,-0.4540546385116417,-1.50316537130653,-1.540634977957395,-0.06226048143034313,-0.11689566023206877,-0.03664530471380872,-0.06880250506444573,-1.766035252880832,-1.8242601285041826,-0.38935359744056086,-0.42301574807391473,-0.3795252644071851,-0.4123376917319088,0.36692602226816096,0.18870514608648903,0.2043483748823012,0.13037171789845492,0.8490505305475662,0.5416836630770189,0.14050325751304626,0.17221594974398613,0.03389469953253865,0.03517566481605172,0.13738433335670794,0.14257643017289554,0.8229035213589668,0.8508277460932732,-0.04404931515455246,-0.022241659462451935,-0.22373836831193164,-0.1129713953376715,-0.00019797496497631073,-0.0010856743901968002,-0.014420292223803699,-0.015483221621252596,-0.5341267377328934,-0.5734975772892928
28,4,-0.013211554411600508,-0.010072274999772063,0.020016817378676287,0.0149739352185107,0.3958691301036903,0.29613692312023493,-0.7424613688792379,-0.7026339226363689,-0.14529840436471542,-0.03521864910111305,-0.7421070648169521,-0.1798781509371628,0.025740742683410645,0.016932159662246704,0.025544926524162292,0.019956588745117188,0.6764753743252611,0.5284861880044557,0.19822197849495798,0.14612773615966618,0.27808051720214894,0.24756981989492458,1.055955386491597,0.9400970894367277,-2.219191337070872,-2.220953100522517,-0.622380193468189,-0.6667745726988181,-0.3084766274157864,-0.3304802652644929,-1.4445767032985224,-1.3674805486929382,-0.003671813422335468,0.05625876903238791,-0.0021611577460138266,0.03311281388535641,-1.714341652817551,-1.7701949180368546,-0.3376599973772798,-0.3689505376065867,-0.329136549981165,-0.35963723273338816,0.08605771672813892,-0.09732238331462037,-0.07651993065772084,-0.15565581150265448,-0.31793395841695,-0.6467369726588769,0.07467564754188061,0.10186462011188269,-0.031932910438627005,-0.03517566481605172,-0.12943267452595844,-0.14257643017289554,0.8822364285588264,0.8913768604397774,0.01528359204530716,0.018307454884052277,0.07762949172227566,0.09298850775160879,0.00451652891933918,0.009671501815319061,-0.009705788339488208,-0.004726045415736735,-0.3595018036000214,-0.17505243174739987
28,5,-0.02505533151919185,-0.022094288068562947,0.008173040271084946,0.0029519221497198156,0.16163680175568385,0.058379653040561266,-0.6108595077249886,-0.6519592989459467,-0.013696543210466205,0.01545597458930914,-0.06995466691116638,0.07894090775812401,0.0027683377265930176,-0.001990795135498047,0.0025725215673446655,0.0010336339473724365,0.06812497536774022,0.027372476910539727,-0.04251067267307122,-0.12267065486854517,0.03734786603411973,-0.021228571133286772,0.14182108372599975,-0.08061127137295529,-1.5617974838004876,-1.5860267027525965,0.03501365980219551,-0.031848174928897466,0.017354176438484324,-0.015785234964930544,-1.2260771822436995,-1.3109920396074617,0.21482770763248737,0.11274727811786445,0.12644339758228762,0.06636084828390172,-1.4564880522860382,-1.4537127622553254,-0.07980639684576696,-0.05246838182505753,-0.07779186853127334,-0.0511439386102296,0.13071246092605848,0.09647394701618692,-0.03186518645980127,0.038140518828152815,-0.13239720396736399,0.1584706889157029,0.10629166662693024,0.039499977603554726,-0.0003168913535773754,-0.09754030732437968,-0.001284445885585692,-0.39535709954601994,0.9398713484406471,0.954252265393734,0.07291851192712784,0.08118285983800888,0.3703728155833451,0.4123496706208189,0.03979700617492199,0.038334702141582966,0.0255746889160946,0.02393715491052717,0.9472849056927094,0.8866307467654293
28,6,-0.0744920224741129,-0.045437493799507886,-0.04126365068383611,-0.020391283581225123,-0.8160640721293816,-0.4032748833286839,-0.4979729125012131,-0.3948577993039031,0.09919005201330933,0.2725574742313528,0.5066100944499657,1.392078791781076,-0.010601401329040527,-0.01590418815612793,-0.01079721748828888,-0.012879759073257446,-0.2859296438043288,-0.3410790722791767,-0.055023438707799736,-0.050067228799781094,0.024835099999391215,0.051374854935477304,0.094306346529666,0.19508578071258864,-0.986090414220687,-0.9812672103323983,0.6107207293819961,0.5729113174913008,0.30269772860677713,0.2839578651165484,-0.513102844753343,-0.4623040517075717,0.9278020451228439,0.9614352660177544,0.5460861830254264,0.5658820406848272,-0.9973043005352983,-0.9889244573435931,0.37937735490497293,0.41231992308667476,0.36980084909165123,0.4019118581630924,0.20865964222390745,0.110470839949794,0.0460819948380477,0.05213741176175989,0.1914668623543986,0.21662661688988646,0.06995297595858574,0.034310814924538136,-0.03665558202192187,-0.10272947000339627,-0.14857493263952484,-0.4163901715356924,0.9911595731973648,0.9919655621051788,0.12420673668384552,0.11889615654945374,0.6308795608169923,0.6039056900566934,0.01458018273115158,0.015480351634323597,0.0003578654723241925,0.0010828044032678008,0.013255315101328978,0.04010700855046111
28,7,-0.005868577200924323,-0.004774114511210219,0.027359794589352473,0.020272095707072543,0.5410899184922705,0.40091772538658493,-0.5225394801891137,-0.7228963845955543,0.07462348432540877,-0.055481111060298405,0.38113711682708057,-0.2833680429028848,-0.021442323923110962,-0.01944941282272339,-0.021638140082359314,-0.016424983739852905,-0.5730166770325629,-0.4349629666459842,0.27369155884934593,0.26505519428770524,0.3535500975565369,0.3664972780229636,1.342536088704346,1.3917004281947807,-2.3992525898189028,-2.4089378873795475,-0.8024414462162197,-0.8547593595558485,-0.3977222180674642,-0.4236530777410456,-1.4372330764538515,-1.479998086757714,0.003671813422335468,-0.05625876903238791,0.0021611577460138266,-0.03311281388535641,-2.0722992718490882,-2.027881429804274,-0.695617616408817,-0.6266370493740063,-0.6780583549999313,-0.6108190431894356,0.07503670294862855,-0.0687219827162103,-0.0875409444372312,-0.1270554109042444,-0.3637253555937316,-0.527904682869739,0.1638787668198347,0.2671596761792898,0.0572702088393271,0.1301193912513554,0.2321315595388933,0.5274088890118924,0.8516692444682121,0.8547619506716728,-0.01528359204530716,-0.018307454884052277,-0.07762949172227566,-0.09298850775160879,0.04207434318959713,0.0433648768812418,0.02785202593076974,0.028967329650186002,1.0316373287565708,1.0729481099798401
28,8,-0.04348096396779445,-0.040415721911552197,-0.010252592177517658,-0.015369511693269434,-0.2027637396015558,-0.30396017054212754,-0.29322634060960967,-0.28301718873943527,0.3039366239049128,0.3843980847958206,1.55234681924162,1.9633012191451051,-0.0023767054080963135,-0.0007928907871246338,-0.0025725215673446655,0.0022315382957458496,-0.06812497536774022,0.05909512804853656,-0.08120314123164768,-0.08021351260197164,-0.0013446025244567283,0.02122857113328676,-0.0051058603194345225,0.08061127137295523,-1.1577347120359012,-1.1112001200322368,0.4390764315667819,0.44297840779146225,0.21762391896297076,0.21955789513810992,-0.49000693049867683,-0.5038656127561143,0.9508979593775101,0.9198737049692118,0.5596799875714633,0.5414197166870699,-1.1126675664468664,-1.098081708047123,0.26401408899340484,0.30316267238314487,0.25734966259748177,0.29551003034501755,0.04874971273741256,-0.08803414457921649,-0.11382793464844719,-0.1463675727672506,-0.47294561730702733,-0.6081451119176826,-0.14430362358689308,0.19010339863598347,-0.2509121815674007,0.05306311370804906,-1.0170145559963535,0.21507907145225252,0.9999999776482582,0.9999999776482582,0.13304714113473892,0.1269305720925331,0.6757823625999618,0.6447146564989972,0.013864451786503196,0.013442639028653502,-0.0003578654723241925,-0.0009549082024022937,-0.013255315101328978,-0.035369741130598445
28,9,-0.09777005028588356,-0.07476851970882031,-0.06454167849560677,-0.04972230949053755,-1.2764295960808496,-0.9833495021908041,-0.6172769044499753,-0.6828712481245649,-0.02011393993545285,-0.01545597458930903,-0.10273132036560906,-0.07894090775812344,0.025780588388442993,0.025247424840927124,0.02558477222919464,0.028271853923797607,0.6775305599098238,0.7486892924855367,-0.44458297496125104,-0.44946121384051474,-0.3647244362540601,-0.3480191301052563,-1.3849684146250918,-1.3215333412574843,-2.7569130529534274,-2.634852934879808,-1.1601019093507443,-1.0806744070561092,-0.5749931122662294,-0.5356256512045673,-2.0563365589503415,-2.085578009000829,-0.6154316690741546,-0.6618386912755028,-0.36223107379890995,-0.3895453416998339,-1.1255902654332877,-1.0727011981113752,0.25109139000698355,0.3285431823188927,0.24475316732450633,0.32024986787952087,0.36246009465816265,0.10566428806690183,0.1998824472723029,0.047330859878867725,0.8304949721349287,0.19665579290547971,0.10712677985429764,0.0814484991133213,0.0005182218737900257,-0.055591785814613104,0.002100492632871978,-0.22532845959934322,0.7159086428582668,0.6770207472145557,-0.15104419365525246,-0.19604865834116936,-0.7671942529150758,-0.9957840836593196,0.015231343917548656,0.018349461257457733,0.0010090266587212682,0.003951914026401937,0.0373742854266619,0.14637865266270936
28,10,-0.08220280180405255,-0.07737201238839499,-0.04897443001377576,-0.05232580217011222,-0.9685588193221336,-1.034838325953191,-0.5852106257078589,-0.5609022342474975,0.011952338806663576,0.10651303928775835,0.06104619736391852,0.5440120233678649,0.00398881733417511,-0.007110685110092163,0.003793001174926758,-0.00408625602722168,0.10044545977447776,-0.10821137312683225,-0.08324488874425708,-0.17678975612380352,-0.0033863500370661243,-0.07534767238854512,-0.01285898990034804,-0.28611778098948937,-1.5192108635331367,-1.489558361654103,0.07760028006954633,0.06462016616959598,0.03846181631999128,0.0320283504074323,-1.2408615951585413,-1.2686083569259654,0.2000432947176456,0.15513096079936073,0.11774158057360792,0.09130705703582863,-1.3550741562085067,-1.3175072754435557,0.021607499231764526,0.08373710498671216,0.02106206777854519,0.08162335501632494,0.145811420150894,0.23854524739208904,-0.016766227234965764,0.18021181920405493,-0.06966228205792144,0.7487651457677297,0.10692544933408499,0.024573786184191704,0.0003168913535773754,-0.1124664987437427,0.001284445885585692,-0.45585696784357543,0.9973949864506721,0.997348241508007,0.13044214993715286,0.12427883595228195,0.6625509087630544,0.6312457724736288,0.023952067829668522,0.027351457625627518,0.009729750570841134,0.012953910394571722,0.36038936317667214,0.4798120448984737
28,11,-0.005494873859713723,-0.001509966899127777,0.027733497930563074,0.023536243319154986,0.5484805847407161,0.4654722073144491,-0.3979036391648366,-0.5308389745801775,0.19925932534968582,0.1365762989550784,1.0177107843626874,0.6975591836969193,-0.0031123459339141846,-0.00405806303024292,-0.0033081620931625366,-0.0010336339473724365,-0.08760605313090265,-0.027372476910539727,-0.07851393618273422,-0.02377163440767632,0.0013446025244567283,0.07767044932758208,0.0051058603194345225,0.29493806385242555,-0.9168597633146867,-0.875769601937761,0.6799513802879964,0.678408925885938,0.3370112204714153,0.33624671810311507,-0.24766993312107655,-0.28383366200155935,1.1932349567551104,1.1399056557237668,0.7023148164117626,0.6709262302400599,-0.8862222926210788,-0.8505279190631996,0.49045936281919245,0.5507164613670683,0.4780788480665063,0.5368148952203626,0.2192619661804476,0.003353810130405248,0.05668431879458785,-0.054979618057628854,0.23551863808064272,-0.22843574806023753,-0.04450693726539612,0.2826331499963999,-0.15111549524590373,0.14559286506846547,-0.6125117455104431,0.590127040061893,1.0,0.9999999850988388,0.1330471634864807,0.1269305795431137,0.675782476130495,0.6447146943425083,0.015481356997042894,0.01535245543345809,0.001259039738215506,0.0009549082024022937,0.046634754525920405,0.035369741130598445
29,0,-0.08158412323738883,-0.09825555430483884,-0.038943074948041376,-0.05508373215026971,-0.7701704477589353,-1.0893814294584914,-0.3446121698989165,-0.4155154188676534,0.2709993153823266,0.18960371385646435,1.3841205440974544,0.9683950500600502,-0.009846240282058716,-0.011468052864074707,-0.0067007094621658325,-0.008850082755088806,-0.17744677939769876,-0.23436603111367016,-0.014970778674927052,-0.012895037443238593,-0.014643304406372425,0.014960929627754218,-0.055605032382418214,0.056811150908010116,-1.0979352681618637,-1.0550028503854794,0.6619410228469944,0.7345541254959274,0.3280845637746561,0.3640745346098768,-0.4793925488637229,-0.5172657409158052,0.6640404159171358,0.6509582685500628,0.39084123386987457,0.3831413371526657,-1.1147367440699736,-1.1239197723084406,0.5308047253110109,0.5435861319442417,0.5174057849895655,0.5298645545087382,0.03302714410785619,-0.2875446241855326,-0.11769421912565527,-0.2747339011613672,-0.48900970829141643,-1.1414965481120867,0.025215703586582094,0.07936411537230015,-0.04435943759744987,-0.026814754121005535,-0.17980073127816526,-0.1086874104165414,0.9714629650115967,0.9715338051319122,0.14391379058361053,0.12150536477565765,0.7309770099668464,0.6171585633208672,0.022878215881064534,0.023631292395293713,-0.00606707320548594,-0.008155317045748234,-0.22472401866333822,-0.3020724421681636
29,1,-0.015206536164714797,-0.00859175032183936,0.027434512124632653,0.03458007183272978,0.5425675942453783,0.6838840908809413,-0.8500263565330199,-1.000314216941185,-0.23441487125177685,-0.39519508421706717,-1.1972666376806054,-2.0184465566618153,0.03527259826660156,0.03506395220756531,0.038418129086494446,0.03768192231655121,1.017380818460381,0.9978847455393228,0.039531536534236515,0.06555187116662478,0.03985901080279114,0.09340783823761759,0.15135665590997682,0.35469766425904004,-2.70638665545592,-2.7067094176399893,-0.9465103644470618,-0.9171524417585826,-0.46912856177458023,-0.45457759586351876,-2.123511084201815,-2.0700698558573944,-0.9800781194209562,-0.9018458463915264,-0.5768548604896263,-0.5308088708384741,-2.217457402483458,-2.2961878846808212,-0.5719159331024737,-0.6286819804281389,-0.5574792352150654,-0.6128123546783133,0.1198591790550741,0.34549500046740483,-0.030862184178437363,0.3583057234915703,-0.12822981276778658,1.4887305309081569,-0.17702447436749935,0.0785421896725893,-0.24659961555153131,-0.02763667982071638,-0.9995345660475347,-0.11201889633855461,0.7891539633274078,0.8229850307106972,-0.03839521110057831,-0.027043409645557404,-0.19501964678667058,-0.13736078135287053,0.0259909275919199,0.0293971449136734,-0.002954361494630575,-0.0023894645273685455,-0.10942936819309948,-0.08850561924293532
29,2,-0.011085550637638466,-0.00907136956639835,0.03155549765170898,0.034100452588170786,0.6240676112016945,0.6743987441580992,-0.1367366008960975,-0.30363173413667377,0.4788748843851456,0.301487398587444,2.445838523963296,1.5398374773849828,-0.009371638298034668,-0.014863401651382446,-0.006226107478141785,-0.012245431542396545,-0.1648784694245031,-0.3242809439511087,-0.0203995947970061,-0.04433432582346947,-0.020072120528451472,-0.016478358752476656,-0.07621988049928403,-0.06257328582487334,-0.9103683689289177,-0.8925247821830241,0.8495079220799404,0.8970321936983826,0.42105025435647436,0.444605192613034,-0.3313912893654387,-0.31847876050383206,0.81204167541542,0.849745248962036,0.47795188781510556,0.5001434756357207,-0.9330346035901922,-0.9333430947986485,0.7125068657907923,0.7341628094540338,0.6945212742575646,0.7156305635997122,0.2644088972066392,-0.24931126883469928,0.11368753397312772,-0.23650054581053384,0.47236226415857246,-0.9826401311528821,0.16023258306086063,0.16371595859527588,0.09065744187682867,0.057537089101970196,0.3674589947055286,0.23321329702218585,0.9985320791602135,0.9987388774752617,0.17098290473222733,0.1487104371190071,0.8684683514329127,0.7553404731769616,0.064559331163764,0.06637214170768857,0.035614042077213526,0.034585532266646624,1.3191419297858333,1.2810459896121973
29,3,-0.05446133044091385,-0.04992780738655431,-0.0118202821515664,-0.006755985231985173,-0.2337676726723581,-0.13361194970127727,-0.9188594782811741,-0.9997382189115948,-0.303247992999931,-0.394619086187477,-1.5488296583899734,-2.015504664705407,0.10121932625770569,0.08255746960639954,0.10436485707759857,0.08517543971538544,2.7637682062303797,2.255598089518232,-0.32867369584987527,-0.3517803616418269,-0.32834622158132065,-0.3239243945708341,-1.246829388845367,-1.230038381345683,-2.881394005953965,-2.7449605025334307,-1.121517714945107,-0.955403526652024,-0.555869235435444,-0.47353637023770173,-1.8139515823926025,-1.7326903429824172,-0.6705186176117437,-0.5644663335165492,-0.39465417700238176,-0.332233871585826,-1.6590504279840386,-1.6759343268331373,-0.013508958603054122,-0.008428422580454953,-0.013167956118531858,-0.008215666503173832,0.26813553690803005,-0.025621446048330887,0.11741417367451859,-0.012810723024165444,0.48784614269417603,-0.05322749048838976,-0.1841360768303275,-0.2979744877666235,-0.2537112180143595,-0.4041533572599292,-1.0283598035309245,-1.6381422560695027,0.651982331648469,0.6516867689788342,-0.17556684277951717,-0.19834167137742043,-0.8917514107845771,-1.0074309161571406,-0.010197632946074009,-0.012986460700631142,-0.03914292203262448,-0.04477307014167309,-1.4498514264577027,-1.6583917664013774
29,4,-0.03082076613778105,-0.03756624864557978,0.0118202821515664,0.005605573508989353,0.2337676726723581,0.11086045632308474,-0.8312972338537428,-1.2214978992532173,-0.21568574857249967,-0.6163787665290995,-1.101608228223975,-3.1481353098429765,-0.01195952296257019,-0.015887320041656494,-0.008813992142677307,-0.013269349932670593,-0.23341028710252165,-0.3513961355209098,-0.08624096692087017,-0.09009333709933454,-0.08591349265231554,-0.062237370028341725,-0.326239379339797,-0.236334018591901,-1.5904664642089386,-1.641456406279005,0.16940982679991956,0.1481005696024018,0.0839663160408763,0.07340459209462442,-1.0080653626768163,-1.066450747904231,0.13536760210404242,0.10177326156163713,0.07967472967632191,0.05990175623387876,-1.5706870459186857,-1.616984567049207,0.07485442346229876,0.0505213372034754,0.07296489628791299,0.049246042636810906,0.14676700505637424,-0.07686894033841404,-0.003954358177137213,-0.0640582173142486,-0.01643002989481689,-0.26615657417349353,0.3014582619071007,0.10957019776105881,0.23188312072306871,0.0033913282677531242,0.9398846544318602,0.013745965584139399,0.7684412449598312,0.7776591330766678,-0.05910792946815491,-0.07236930727958679,-0.30022513737389983,-0.36758325685175014,0.03189965058118105,0.03417607396841049,0.002954361494630575,0.0023894645273685455,0.10942936819309948,0.08850561924293532
29,5,-0.06854984720019344,-0.04515669620768448,-0.025908798910845993,-0.001984874053115343,-0.5123938282913136,-0.03925451034035054,-0.6742411915777348,-0.7236480062987691,-0.05862970629649167,-0.11852887357465136,-0.29944939478864196,-0.6053825219150499,-0.008458733558654785,-0.004391074180603027,-0.005313202738761902,-0.0017731040716171265,-0.14070311802111662,-0.046954969294208004,0.06138891412731306,0.03004053496288485,0.06171638839586768,0.05789650203387766,0.23435569459204222,0.21985043683320063,-2.018239791005891,-1.9529879020598817,-0.2583634999970328,-0.163430926178475,-0.12805533010667183,-0.08100293269623643,-1.082052201257587,-1.0587516944800583,0.06138076352327171,0.10947231498580967,0.03612751991635428,0.06443326887649052,-1.8351462755663954,-1.7632612764886437,-0.18960480618541098,-0.09575537223596142,-0.1848186704153328,-0.09333824884412331,0.15467572141064867,0.2610574813211406,0.003954358177137213,0.273868204345306,0.01643002989481689,1.1378996497203404,0.0779226515442133,0.3200862370431423,0.008347510360181332,0.21390736754983664,0.03383470459505887,0.8670240921507745,0.8172749057412148,0.8297260999679565,-0.010274268686771393,-0.020302340388298035,-0.05218578548863161,-0.10312106999742485,0.07286483608186245,0.07992212753742933,0.043919546995311975,0.048135518096387386,1.6267773215156602,1.7829366319959565
29,6,-0.008505611530128153,-0.003454581847134302,0.0341354367592193,0.03971724030743483,0.675090620049175,0.7854809819753275,-0.5346188888837786,-0.6006848541656584,0.08099259639746448,0.004434278558459348,0.4136671579238793,0.02264793932174891,0.029880493879318237,0.038498908281326294,0.03302602469921112,0.041116878390312195,0.8745882435693093,1.0888485302106312,0.1301937160905881,0.12359451644591898,0.13052119035914272,0.1514504835169118,0.4956282281035932,0.5751030509634133,-2.932483027378246,-2.9365891576915626,-1.1726067363693877,-1.1470321818101559,-0.5811910069062138,-0.5685152302332274,-2.1562790641599436,-2.0491024255381007,-1.0128460993790849,-0.8808784160722327,-0.59614145421385,-0.5184678504116451,-2.404512672704308,-2.384411930006516,-0.7589712033233234,-0.7169060257538336,-0.7398127268175494,-0.698809387579537,0.07805380086807807,-0.08361167716713631,-0.07266756236543338,-0.07080095414297087,-0.30192768802544234,-0.2941720858459825,0.06122763082385063,0.16950256377458572,-0.008347510360181332,0.06332369428128004,-0.03383470459505887,0.2566679641507371,0.8378234431147575,0.8703307807445526,0.010274268686771393,0.020302340388298035,0.05218578548863161,0.10312106999742485,0.00963298138231039,0.007635149173438549,-0.019312307704240084,-0.024151460267603397,-0.7153266904766437,-0.8945686040208363
29,7,-0.07503436752405049,-0.09129869176984387,-0.03239331923470304,-0.04812686961527474,-0.6406370635260823,-0.9517967641303644,-0.49670688873634244,-0.5810676842289628,0.11890459654490065,0.024051448495154948,0.6073015152574415,0.12284202242533344,0.04958254098892212,0.046590059995651245,0.052728071808815,0.049208030104637146,1.3963337134901816,1.3031167090403193,0.04712221201042228,-0.042816896698747026,0.0474496862789769,-0.014960929627754214,0.1801807344064983,-0.05681115090801011,-1.45653973226147,-1.5232780803490238,0.3033365587473882,0.26627889553238293,0.15034578477325455,0.1319785181274866,-1.2048137283041305,-1.279575556795963,-0.06138076352327171,-0.111351547330095,-0.03612751991635428,-0.0655393483718993,-1.246432977875339,-1.2479521120834156,0.39910849150564554,0.4195537921692667,0.3890339186835349,0.408963124914716,0.18875680263234934,0.2594242070567091,0.038035439398837884,0.2722349300808745,0.1580340926116664,1.131113530762732,0.1419605053961277,0.09088607132434845,0.07238536421209574,-0.015292798168957233,0.29339734956241525,-0.06198582405440527,0.9660251140594482,0.971118651330471,0.1384759396314621,0.12109021097421646,0.7033566963504283,0.615049885040466,0.055814336985349655,0.056017642840743065,0.02686904789879918,0.02423103339970112,0.9952278828638684,0.8975159879433607
29,8,-0.08202925459263796,-0.04667117415604527,-0.03938820630329051,-0.003499352001476136,-0.778973733468684,-0.06920607839619379,-1.0671521310479923,-0.6095534112825771,-0.45154064576674924,-0.004434278558459348,-2.3062297534554874,-0.02264793932174891,0.08255696296691895,0.09159716963768005,0.08570249378681183,0.09421513974666595,2.269555424643881,2.4949855254799056,-0.1328255454708378,-0.18967062472008955,-0.13249807120228319,-0.16181465764909675,-0.5031350394248938,-0.6144589382852923,-2.32183395000156,-2.2550838819855175,-0.5619576589927018,-0.46552690610411074,-0.27852879191181956,-0.23073383676635498,-1.3617703853801775,-1.334198892437776,-0.2183374205993187,-0.16597488297190788,-0.12850914616265208,-0.09768957806966297,-1.685339139259439,-1.6689403558017415,-0.03979766987845457,-0.0014344515490591903,-0.03879306954577748,-0.0013982421300706878,0.3149473359458669,0.11301830952679202,0.16422597271235542,0.12582903255095745,0.6823452809029028,0.5228091826382834,-0.08845610544085503,-0.022350434912368655,-0.158031246624887,-0.12852930440567434,-0.6405431458758675,-0.5209638393644261,0.6669642180204391,0.7753516435623169,-0.160584956407547,-0.07467679679393768,-0.8156543636604984,-0.37930361929158257,-0.0023717060685157776,0.0015079621225595474,-0.03131699515506625,-0.0302786473184824,-1.159979575875762,-1.1215192358230799
29,9,-0.019393389779356687,-0.04118694810145379,0.023247658509990762,0.001984874053115343,0.4597649155305573,0.03925451034035054,-0.4472914798772894,-0.2925943692048988,0.1683200054039537,0.312524763519219,0.8596891735077813,1.59621047424373,-0.001014113426208496,-0.0008448660373687744,0.002131417393684387,0.0017731040716171265,0.056443747366907,0.046954969294208004,-0.11013527349477029,-0.11895083478652135,-0.10980779922621565,-0.09109486771552855,-0.4169732501878926,-0.34591461931159156,-0.11967001102944667,-0.12534829380294296,1.6402062799794115,1.6642086820784638,0.8129521260867418,0.8248486808407319,-0.1303591826080765,-0.12239461894446971,1.0130737821727822,1.0458293905213982,0.5962754638642968,0.6155547759005223,-0.11448868170297333,-0.12040190706602943,1.5310527876780111,1.547103997186653,1.4924048933529175,1.5080509271198264,0.0,0.0,-0.15072136323351146,0.012810723024165444,-0.6262347498088616,0.05322749048838976,0.12724441848695278,0.45502425357699394,0.05766927730292082,0.34884538408368826,0.23374909135332575,1.4139641654263304,0.5548051632940769,0.6200705133378506,-0.2727440111339092,-0.229957927018404,-1.3853404940313914,-1.1680184173345682,0.000415076167882944,0.0006521865361719392,-0.02853021291866753,-0.031134422904870007,-1.0567573331085487,-1.1532171109489486
29,10,-0.016520994507801274,-0.014923748397288206,0.026120053781546176,0.028248073757280927,0.5165717792768354,0.5586572617339423,-0.5569817789847514,-0.5007181337470439,0.05862970629649167,0.10440099897707389,0.29944939478864196,0.5332248434081808,-0.0052769482135772705,-0.013364285230636597,-0.002131417393684387,-0.010746315121650696,-0.056443747366907,-0.2845816580313794,0.0943232062474897,0.036531842492894345,0.09465068051604433,0.06438780956388715,0.3594171103089414,0.24449988448473864,-1.6699395885706831,-1.7205192408352077,0.08993670243817498,0.06903773504619903,0.044576242849931516,0.03421787501430928,-1.276301585237534,-1.2699972710275054,-0.13286862045667513,-0.10177326156163735,-0.0782038778319711,-0.05990175623387888,-1.6320325107779303,-1.6660714527036233,0.013508958603054122,0.0014344515490589682,0.013167956118531911,0.0013982421300705256,0.09678051323755656,-0.21283237757870113,-0.0539408499959549,-0.2000216545545357,-0.22411975301311213,-0.8310733668341962,0.014210104942321777,0.1546204574406147,-0.055365036241710186,0.04844158794730902,-0.2244093825949202,0.19634678456118274,0.9048637598752975,0.9254724010825157,0.0773145854473114,0.07544396072626114,0.39270166026422565,0.38320025209605596,0.06043075956404209,0.06091182678937912,0.03148547047749162,0.029125217348337173,1.1662198914643058,1.078796260615958
29,11,-0.13067909281134427,-0.18669499350320667,-0.08803804452199682,-0.14352317134863754,-1.7411131570835947,-2.83843289952947,-0.7314272053725634,-1.1353568003558723,-0.11581572009132035,-0.5302376676317545,-0.591525175189764,-2.7081723361109717,-0.0068717896938323975,-0.004703313112258911,-0.003726258873939514,-0.0020853430032730103,-0.09867800418986415,-0.05522361504549033,0.014315830137817797,0.019823749840725026,0.014643304406372425,0.04767971691171784,0.055605032382418214,0.18105422992551115,-1.8498129934470329,-1.8585947109276058,-0.08993670243817475,-0.06903773504619903,-0.044576242849931405,-0.03421787501430928,-0.8385418817952642,-0.8140802166424156,0.30489108298559453,0.35414379282345243,0.17945294324507247,0.2084421273715782,-1.770001312163112,-1.710591122303324,-0.12445984278212752,-0.043085218050641805,-0.1213181412743327,-0.04199763115122456,0.2879386560501914,0.026738843993034358,0.13721729281667996,0.039549567017199805,0.5701264584727237,0.16432516714762668,0.3063530996441841,0.10278754122555256,0.23677795846015215,-0.0033913282677531242,0.9597247482716919,-0.013745965584139399,0.9725170508027077,0.9722741469740868,0.14496787637472153,0.12224570661783218,0.7363309963826736,0.620918959485484,0.13162014493718743,0.1325864251703024,0.10267485585063696,0.10079981572926044,3.803070350555633,3.7336189796953443
