method,prompt_index,sample_index,video,decoded_frames,retained_frames,fps,duration_seconds,appearance_delta_mean,appearance_delta_median,appearance_delta_p95,appearance_delta_max,flow_speed_mean,flow_speed_median,flow_speed_p95,flow_speed_max,flow_accel_mean,flow_accel_median,flow_accel_p95,flow_accel_max,motion_floor,motion_coverage_fraction,low_motion_fraction,longest_low_motion_run_fraction,late_motion_median,earlier_motion_median,late_motion_ratio,luma_mean,luma_median,luma_p95,luma_max,luma_contrast_mean,luma_contrast_median,luma_contrast_p95,luma_contrast_max,edge_density_mean,edge_density_median,edge_density_p95,edge_density_max,dark_frame_fraction,bright_frame_fraction,low_contrast_frame_fraction,edge_density_outlier_fraction,appearance_jump_ratio,flow_jump_ratio,appearance_outlier_fraction,flow_accel_outlier_fraction,temporal_jump
all_recent,0,0,/apdcephfs_gy2/share_303214315/cedricnie/develop/training-free/runs/v190_head_phase_causal_screen/screen32/vbench_comparison/published/all_recent/000000-0.mp4,477,60,16.0,29.8125,0.05034984431420501,0.04993003022437002,0.059043391732608565,0.06318271113376991,1.9581760006435847,1.7374191284179688,2.9519255161285396,3.5914134979248047,0.18349587300728107,0.13182783126831055,0.5494822025299072,0.6449389457702637,0.17374191284179688,1.0,0.0,0.0,2.664229393005371,1.6756972670555115,1.5899228609991594,0.41765322422606427,0.43062752550344463,0.4933343580253047,0.5339412137321145,0.2389373414638901,0.22940754596502577,0.27916412469582685,0.2845074448416713,0.11226157798423422,0.11202755489864866,0.12227090371621621,0.12534311655405406,0.0,0.0,0.0,0.0,1.1825226515442897,0.3162634700760121,0.01694915254237288,0.08620689655172414,0.7493930608101509
all_recent,1,0,/apdcephfs_gy2/share_303214315/cedricnie/develop/training-free/runs/v190_head_phase_causal_screen/screen32/vbench_comparison/published/all_recent/000001-0.mp4,477,60,16.0,29.8125,0.04532705892079213,0.04348606408811083,0.0756673506194469,0.12478129816990273,1.596430550187321,1.3734411001205444,3.265207529067991,7.700628757476807,0.43601931785715037,0.25480568408966064,1.3287694931030267,4.101666450500488,0.13734411001205446,1.0,0.0,0.0,1.3435838222503662,1.3758784532546997,0.9765279913149747,0.36543333257430216,0.3649958494799947,0.41016881541467937,0.4127996447734499,0.25085263584439904,0.25066725028650794,0.2664476654769099,0.2784712377493986,0.07973412865990993,0.06739600929054054,0.1124538112331081,0.1162109375,0.0,0.0,0.0,0.31666666666666665,1.7400367728413135,0.9674746831053789,0.06779661016949153,0.13793103448275862,1.353755727973346
all_recent,2,0,/apdcephfs_gy2/share_303214315/cedricnie/develop/training-free/runs/v190_head_phase_causal_screen/screen32/vbench_comparison/published/all_recent/000002-0.mp4,477,60,16.0,29.8125,0.06581592864077446,0.06612129959405637,0.0845661911309934,0.10404328738941866,1.4121565061100458,1.3782992362976074,2.3132206678390492,3.426952362060547,0.2686556680449124,0.17548489570617676,0.8516479611396789,1.7732155323028564,0.13782992362976074,1.0,0.0,0.0,0.9704558849334717,1.512315273284912,0.6417020988127276,0.474006571484168,0.4554314884737679,0.5673991816954822,0.5726462100887653,0.21364254327889085,0.21464905766984754,0.2287252271071656,0.2334358392478222,0.18865955799549547,0.18557326858108109,0.20860958614864866,0.21938344594594594,0.0,0.0,0.0,0.0,1.2789553691499893,0.6178977240293471,0.03389830508474576,0.15517241379310345,0.9484265465896682
all_recent,3,0,/apdcephfs_gy2/share_303214315/cedricnie/develop/training-free/runs/v190_head_phase_causal_screen/screen32/vbench_comparison/published/all_recent/000003-0.mp4,477,60,16.0,29.8125,0.0234429365537142,0.0240782943426394,0.030686171101588822,0.03309992995916628,0.7725411299931801,0.8248443007469177,0.9959814846515656,1.0364092588424683,0.11437642009093843,0.07804778218269348,0.2936926037073132,0.713622123003006,0.08248443007469178,1.0,0.0,0.0,0.845411479473114,0.8194997310638428,1.0316189834200844,0.4367240614925587,0.42807040151364595,0.5051090882932565,0.5071872308889772,0.253313057334494,0.2534900055183906,0.26614783895705313,0.2693437028462984,0.11631343257319819,0.11316247888513514,0.13539247255067569,0.13975401182432431,0.0,0.0,0.0,0.016666666666666666,1.27443292556017,0.3560582323735122,0.0,0.15517241379310345,0.8152455789668411
all_recent,4,0,/apdcephfs_gy2/share_303214315/cedricnie/develop/training-free/runs/v190_head_phase_causal_screen/screen32/vbench_comparison/published/all_recent/000004-0.mp4,477,60,16.0,29.8125,0.06523148602288836,0.06354560104070925,0.08491314083922143,0.12342052833706725,0.8607793571585316,0.7406749725341797,2.033608865737915,4.18428897857666,0.402044049624739,0.19789880514144897,1.4014518231153488,3.4289320707321167,0.07406749725341798,1.0,0.0,0.0,0.5309463739395142,0.7803409993648529,0.680403021719569,0.41482059955175765,0.4072377927099894,0.4451719515931372,0.45220143167064125,0.23392027010689073,0.23453035088302254,0.24009718273923558,0.2429202466636667,0.19032191371058563,0.19050886824324326,0.19947212837837838,0.20001055743243243,0.0,0.0,0.0,0.0,1.336255215916889,1.8921279577199113,0.03389830508474576,0.1206896551724138,1.6141915868184
all_recent,5,0,/apdcephfs_gy2/share_303214315/cedricnie/develop/training-free/runs/v190_head_phase_causal_screen/screen32/vbench_comparison/published/all_recent/000005-0.mp4,477,60,16.0,29.8125,0.12103381006374594,0.11628494262695313,0.19048150156058513,0.20828354779411765,3.5613210443723,2.618588447570801,9.49113044738769,11.967039108276367,1.425685366679882,0.7474912405014038,5.7408429175615305,9.193165063858032,0.2618588447570801,1.0,0.0,0.0,4.704217910766602,2.546282172203064,1.847484918254945,0.3689330938245231,0.3584802576013514,0.44279861490626654,0.46688640616719657,0.2284289981513442,0.22633037073298165,0.2525025059109146,0.26046106284935544,0.16058338612049547,0.1610008445945946,0.17255331503378377,0.1828811233108108,0.0,0.0,0.0,0.016666666666666666,1.6380581806851606,2.192342566426262,0.05084745762711865,0.13793103448275862,1.9152003735557113
all_recent,6,0,/apdcephfs_gy2/share_303214315/cedricnie/develop/training-free/runs/v190_head_phase_causal_screen/screen32/vbench_comparison/published/all_recent/000006-0.mp4,477,60,16.0,29.8125,0.03709173906122818,0.03655666276520374,0.05239482879638671,0.06256831300024893,0.39684950977058736,0.38083741068840027,0.7426104724407195,0.7948496341705322,0.11858457532422297,0.08727558702230453,0.3050021082162856,0.46134376525878906,0.03808374106884003,1.0,0.0,0.0,0.5125231742858887,0.3308807760477066,1.5489663086742542,0.42096293444179467,0.41693691623608903,0.4414293780223238,0.4421005564387917,0.25113733127522553,0.25584364948795957,0.2606711218460176,0.266654362732788,0.1735276780686937,0.17335304054054054,0.18127507390202702,0.18343538851351351,0.0,0.0,0.0,0.0,1.4332497781022409,0.8008722348599234,0.01694915254237288,0.06896551724137931,1.1170610064810822
all_recent,7,0,/apdcephfs_gy2/share_303214315/cedricnie/develop/training-free/runs/v190_head_phase_causal_screen/screen32/vbench_comparison/published/all_recent/000007-0.mp4,477,60,16.0,29.8125,0.02961220498812401,0.027546100990445008,0.045612569696762986,0.0635584363750383,0.3420364331390898,0.1662435084581375,0.7896793901920282,4.124685287475586,0.2739554859440902,0.08589164912700653,0.8812625393271438,3.96543350815773,0.02,1.0,0.0,0.0,0.2514241337776184,0.16606393456459045,1.514020093747852,0.3915191679501192,0.3803787530637255,0.442615195043389,0.44656086463301536,0.19363251412501808,0.1954823136326017,0.20168539771331628,0.2038746326156869,0.11101184192004503,0.1109718116554054,0.11663983319256757,0.11800570101351351,0.0,0.0,0.0,0.0,1.6558630098896663,5.301034293011557,0.06779661016949153,0.22413793103448276,3.4784486514506114
all_recent,8,0,/apdcephfs_gy2/share_303214315/cedricnie/develop/training-free/runs/v190_head_phase_causal_screen/screen32/vbench_comparison/published/all_recent/000008-0.mp4,477,60,16.0,29.8125,0.0593309385351027,0.060430227541456036,0.07654942979999615,0.08680796903722426,1.2242554047350156,1.256270408630371,2.0964047670364376,2.8823723793029785,0.41563543677330017,0.3058134615421295,1.369421190023422,2.222945809364319,0.1256270408630371,1.0,0.0,0.0,1.3289309740066528,1.2315876483917236,1.0790388940178521,0.3220536241664459,0.3303734225953895,0.3554585186059221,0.3564405513049815,0.21237853721311678,0.21304729576733233,0.23274092565571897,0.23825923493976983,0.2100242820945946,0.20734797297297297,0.24677074535472973,0.24757179054054054,0.0,0.0,0.0,0.0,1.2667407175900853,1.0900688105170064,0.03389830508474576,0.15517241379310345,1.1784047640535458
all_recent,9,0,/apdcephfs_gy2/share_303214315/cedricnie/develop/training-free/runs/v190_head_phase_causal_screen/screen32/vbench_comparison/published/all_recent/000009-0.mp4,477,60,16.0,29.8125,0.1858854654501664,0.19502268772499234,0.2343220729453891,0.2426472682578891,6.232217835167707,6.332904815673828,10.43080720901489,11.251480102539062,1.467384124624318,1.0521295070648193,4.1463171005249,6.46883487701416,0.6332904815673829,1.0,0.0,0.0,4.601076126098633,6.50810432434082,0.7069763938617651,0.41550122100501236,0.41860235120230527,0.537395885085453,0.6009133214096449,0.2862490374990349,0.2912331247304719,0.3262119043026513,0.32999509376391517,0.16203415329391888,0.1607764991554054,0.18985826646959458,0.20470861486486486,0.0,0.0,0.0,0.03333333333333333,1.2015118634597737,0.6547259466560809,0.0,0.10344827586206896,0.9281189050579273
all_recent,10,0,/apdcephfs_gy2/share_303214315/cedricnie/develop/training-free/runs/v190_head_phase_causal_screen/screen32/vbench_comparison/published/all_recent/000010-0.mp4,477,60,16.0,29.8125,0.06192452851305296,0.055658059961655564,0.09532709308699062,0.10656206467572381,2.420718952760858,1.9712204933166504,5.181632995605468,5.747315883636475,0.2670528580402506,0.11586177349090576,0.840105557441711,2.002039670944214,0.19712204933166505,1.0,0.0,0.0,1.789521336555481,2.008145570755005,0.8911312818236939,0.2784719513861288,0.27908536408651297,0.30704539902954425,0.3137511592474828,0.23884712526836824,0.2441827518612775,0.25743565325881057,0.25927652850771127,0.10554441159909911,0.10975770692567569,0.14412742820945945,0.14724978885135134,0.0,0.0,0.0,0.0,1.7127275573863732,0.4261854826946339,0.1864406779661017,0.1896551724137931,1.0694565200405035
all_recent,11,0,/apdcephfs_gy2/share_303214315/cedricnie/develop/training-free/runs/v190_head_phase_causal_screen/screen32/vbench_comparison/published/all_recent/000011-0.mp4,477,60,16.0,29.8125,0.08174841498251015,0.08206344305300245,0.10083070268817976,0.10922140233656939,2.3205723004826044,2.3006224632263184,3.541650629043578,4.625933647155762,0.591637816922418,0.4362969696521759,1.4267392694950098,2.6613380908966064,0.23006224632263184,1.0,0.0,0.0,2.567688226699829,2.076223373413086,1.2367109722297502,0.4265692105248631,0.4130625455418654,0.5181059707455619,0.5232858662890832,0.21332837771999064,0.21177707276467367,0.2255153243936822,0.22952399884878788,0.13051185951576577,0.13060863597972971,0.15145428631756755,0.16115920608108109,0.0,0.0,0.0,0.06666666666666667,1.228692081845214,0.6201535855188499,0.05084745762711865,0.08620689655172414,0.9244228336820319
all_recent,12,0,/apdcephfs_gy2/share_303214315/cedricnie/develop/training-free/runs/v190_head_phase_causal_screen/screen32/vbench_comparison/published/all_recent/000012-0.mp4,477,60,16.0,29.8125,0.06482981719539664,0.06456936106962316,0.10580553316602519,0.11524462232402727,2.0670452128022405,1.797072410583496,4.4204822540283155,6.0309953689575195,0.32507268313703863,0.24602067470550537,0.8698668658733367,1.385014295578003,0.17970724105834962,1.0,0.0,0.0,1.8078300952911377,1.657122015953064,1.0909456744205988,0.4607043359996025,0.4558682763645999,0.5193808376391097,0.5258823736420244,0.24453407640902272,0.2458328999912443,0.2621945178148966,0.2652782283896522,0.14079523859797297,0.13859269425675674,0.1548260663006757,0.15878378378378377,0.0,0.0,0.0,0.03333333333333333,1.6386337329858094,0.48404664205539577,0.03389830508474576,0.10344827586206896,1.0613401875206026
all_recent,13,0,/apdcephfs_gy2/share_303214315/cedricnie/develop/training-free/runs/v190_head_phase_causal_screen/screen32/vbench_comparison/published/all_recent/000013-0.mp4,477,60,16.0,29.8125,0.04159812572272602,0.04054664911008349,0.05387299406762215,0.06370779299268535,0.6714896963814557,0.62566739320755,1.0526077032089223,1.4260404109954834,0.17986572508154244,0.1466411054134369,0.45902927219867695,0.5844466686248779,0.062566739320755,1.0,0.0,0.0,0.6488684415817261,0.6232270300388336,1.0411429708709758,0.4366387067214273,0.4351873012718601,0.4599787298787758,0.469918769872814,0.24872354417314352,0.24793828283428193,0.2725953365572263,0.27644011252576545,0.13019161739864865,0.13033150337837837,0.13580817145270271,0.13843433277027026,0.0,0.0,0.0,0.016666666666666666,1.3286669860524813,0.733663408357298,0.11864406779661017,0.10344827586206896,1.0311651972048896
all_recent,14,0,/apdcephfs_gy2/share_303214315/cedricnie/develop/training-free/runs/v190_head_phase_causal_screen/screen32/vbench_comparison/published/all_recent/000014-0.mp4,477,60,16.0,29.8125,0.028718803886877572,0.028139594956940295,0.04652606702318378,0.049771566951976105,1.1348646545814256,1.0486711263656616,2.089970922470092,2.426766872406006,0.18987779948731948,0.13471004366874695,0.5165495514869689,0.8013164401054382,0.10486711263656617,0.9661016949152542,0.03389830508474576,0.01694915254237288,1.835295557975769,0.9548167586326599,1.9221442663029857,0.44750906869645385,0.4438845555113937,0.4786994381789878,0.4800498683426073,0.22405373986756344,0.22404417014231875,0.23018616773203823,0.2321261757602659,0.1234572951858108,0.12224187077702703,0.13312922297297297,0.13608530405405406,0.0,0.0,0.0,0.13333333333333333,1.6534021578625702,0.4925753541791071,0.1016949152542373,0.06896551724137931,1.0729887560208387
all_recent,15,0,/apdcephfs_gy2/share_303214315/cedricnie/develop/training-free/runs/v190_head_phase_causal_screen/screen32/vbench_comparison/published/all_recent/000015-0.mp4,477,60,16.0,29.8125,0.05431332497867725,0.05275859458773744,0.0699953086703431,0.1410548490636489,1.9899152931520494,1.8561384677886963,3.128681659698485,8.312469482421875,0.44371074849161607,0.2720615267753601,1.218365466594696,3.0331196784973145,0.18561384677886963,1.0,0.0,0.0,2.069131374359131,1.6950669288635254,1.2206782747784484,0.3425252343335983,0.34013164704226284,0.3897412652772257,0.4201666625264971,0.17369908878545767,0.17031323107662677,0.1944048299019192,0.2099100491083908,0.10912822001689189,0.11072107263513514,0.12598843961148648,0.14408255912162163,0.0,0.0,0.0,0.016666666666666666,1.3267091213724627,0.6563979399910779,0.1016949152542373,0.1724137931034483,0.9915535306817702
all_recent,16,0,/apdcephfs_gy2/share_303214315/cedricnie/develop/training-free/runs/v190_head_phase_causal_screen/screen32/vbench_comparison/published/all_recent/000016-0.mp4,477,60,16.0,29.8125,0.049336874417665995,0.049820110844630824,0.06284813600427958,0.10353808683507583,1.7085890221898838,1.5162239074707031,3.102713298797607,3.9527525901794434,0.27147671708772925,0.2252635955810547,0.6916817188262938,0.9810476303100586,0.15162239074707032,0.9830508474576272,0.01694915254237288,0.01694915254237288,2.4006388187408447,1.2979068160057068,1.8496234006450347,0.5161792893536918,0.506559839941044,0.594480884837043,0.6039745627980923,0.16945719684970537,0.1677855609726936,0.18181504457556866,0.18607381542908621,0.1279134114583333,0.1190086570945946,0.17703494510135134,0.1779983108108108,0.0,0.0,0.0,0.0,1.2615013282543268,0.45618705483949684,0.05084745762711865,0.10344827586206896,0.8588441915469118
all_recent,17,0,/apdcephfs_gy2/share_303214315/cedricnie/develop/training-free/runs/v190_head_phase_causal_screen/screen32/vbench_comparison/published/all_recent/000017-0.mp4,477,60,16.0,29.8125,0.039163336083515805,0.03838061538397097,0.048303472855511835,0.051116292616900275,2.5049891774937256,2.490420341491699,3.251255989074707,4.493062496185303,0.2918001701091898,0.22532367706298828,0.7308012485504148,1.7624139785766602,0.24904203414916992,1.0,0.0,0.0,2.4632630348205566,2.491091251373291,0.9888289051886826,0.38983184011217104,0.3932579925973768,0.4264626960370297,0.435320925245098,0.21834515702394872,0.21888632025682508,0.23261253782532473,0.23622585775259514,0.059866800394144146,0.06272434543918919,0.07670370565878379,0.07928631756756757,0.0,0.0,0.0,0.0,1.258538258760827,0.29344494034797486,0.0,0.05172413793103448,0.7759915995544009
all_recent,18,0,/apdcephfs_gy2/share_303214315/cedricnie/develop/training-free/runs/v190_head_phase_causal_screen/screen32/vbench_comparison/published/all_recent/000018-0.mp4,477,60,16.0,29.8125,0.11828780587862879,0.11488525540220972,0.15654974843941474,0.20060881072399664,7.586582587937177,7.513876914978027,11.98905277252197,18.15771484375,2.4624477501573234,1.845935344696045,7.402760243415832,9.265750408172607,0.7513876914978028,1.0,0.0,0.0,7.7577972412109375,7.43016791343689,1.0440944715639005,0.210109571313041,0.2092481555544515,0.24681745681803122,0.31059490096714365,0.1900664947552971,0.18805813925197895,0.22593196849988187,0.2516609141238748,0.10259536880630632,0.10317250844594594,0.11958403716216216,0.12270375844594594,0.0,0.0,0.0,0.0,1.3626617958182616,0.985211805726988,0.06779661016949153,0.08620689655172414,1.1739368007726247
all_recent,19,0,/apdcephfs_gy2/share_303214315/cedricnie/develop/training-free/runs/v190_head_phase_causal_screen/screen32/vbench_comparison/published/all_recent/000019-0.mp4,477,60,16.0,29.8125,0.043679185767790216,0.04001556845272289,0.06936741099638097,0.09414900985418581,0.994585030664832,0.8217252492904663,1.8922486543655384,2.8297367095947266,0.3024347085377266,0.2145637720823288,0.8004361033439635,1.286064863204956,0.08217252492904664,1.0,0.0,0.0,0.7462241649627686,0.950436532497406,0.7851383437481715,0.30484363614533655,0.30922481534843665,0.3435909916120164,0.3552374180246423,0.24236329186913064,0.24718412936380796,0.26833328413259666,0.2831449537061813,0.12269188133445948,0.12117293074324324,0.13335092905405405,0.13613809121621623,0.0,0.0,0.0,0.13333333333333333,1.7335105729745246,0.9740921360699513,0.01694915254237288,0.06896551724137931,1.353801354522238
all_recent,20,0,/apdcephfs_gy2/share_303214315/cedricnie/develop/training-free/runs/v190_head_phase_causal_screen/screen32/vbench_comparison/published/all_recent/000020-0.mp4,477,60,16.0,29.8125,0.11890269007227992,0.11839984819000843,0.14624458911372162,0.15963293337354473,5.423388784214602,5.339787006378174,7.542058181762695,9.829593658447266,1.4147826967568233,1.0375194549560547,4.439407062530517,5.811633110046387,0.5339787006378174,1.0,0.0,0.0,5.656618118286133,5.162714242935181,1.0956674826670536,0.25568312280571015,0.26899540855193427,0.3041393001457339,0.30819525867779546,0.22085520897732552,0.2222707449258521,0.2579928624277682,0.2645650474282314,0.115282763231982,0.11445576435810811,0.13525918496621622,0.14867504222972974,0.0,0.0,0.0,0.1,1.235175478257606,0.8313827980831094,0.05084745762711865,0.1206896551724138,1.0332791381703577
all_recent,21,0,/apdcephfs_gy2/share_303214315/cedricnie/develop/training-free/runs/v190_head_phase_causal_screen/screen32/vbench_comparison/published/all_recent/000021-0.mp4,477,60,16.0,29.8125,0.06040346057520392,0.052500249825271905,0.08197919508990117,0.11896818572399663,2.2418956877821583,2.0131163597106934,3.9282197952270503,5.820993900299072,0.32822611414153,0.1302882432937622,1.2581486403942106,3.7615227699279785,0.20131163597106935,1.0,0.0,0.0,2.425618886947632,1.7193160653114319,1.4108045262220372,0.2173230474270226,0.21325728876854796,0.24043208879835717,0.3027253701311606,0.21683538340461098,0.22271402980007068,0.236857263993647,0.25085653394317875,0.1115111204954955,0.11944415118243243,0.14936919341216215,0.1511032516891892,0.0,0.0,0.0,0.0,1.5615010473805224,0.6249756176910808,0.288135593220339,0.15517241379310345,1.0932383325358015
all_recent,22,0,/apdcephfs_gy2/share_303214315/cedricnie/develop/training-free/runs/v190_head_phase_causal_screen/screen32/vbench_comparison/published/all_recent/000022-0.mp4,477,60,16.0,29.8125,0.07245943729328373,0.0716318691478056,0.10570881712670413,0.1355745053758808,3.5915696428994,3.117398738861084,6.465697431564329,8.557173728942871,0.8065156186449116,0.6066666841506958,2.227510333061218,5.226280152797699,0.3117398738861084,1.0,0.0,0.0,3.429544687271118,2.8236749172210693,1.2145678195301313,0.2228990433448154,0.21657615220919446,0.2623752101136062,0.2733233348237944,0.1946292580772658,0.18935451446143084,0.21590342787609265,0.24374075826022976,0.10968380489864865,0.11114336993243243,0.13458086993243243,0.13785367398648649,0.0,0.0,0.0,0.0,1.4757232832858789,0.7145413595294583,0.01694915254237288,0.1206896551724138,1.0951323214076685
all_recent,23,0,/apdcephfs_gy2/share_303214315/cedricnie/develop/training-free/runs/v190_head_phase_causal_screen/screen32/vbench_comparison/published/all_recent/000023-0.mp4,477,60,16.0,29.8125,0.1333804635440602,0.1436567418715533,0.17332127888997395,0.18733294617895987,4.039345389705593,4.085561752319336,5.319885921478271,9.208999633789062,0.9020424464653278,0.7858561277389526,2.009252977371215,4.219200611114502,0.4085561752319336,1.0,0.0,0.0,4.085561752319336,4.0477259159088135,1.0093474304329293,0.17813855733030826,0.1852334641626921,0.23200200487711975,0.26966787559618444,0.24571537961504453,0.2581850310588634,0.2883533149942986,0.31977688987993286,0.12970553561373874,0.14091532939189189,0.16539405616554054,0.1707664695945946,0.0,0.0,0.0,0.0,1.2064959613586697,0.4917935645521893,0.0,0.05172413793103448,0.8491447629554295
all_recent,24,0,/apdcephfs_gy2/share_303214315/cedricnie/develop/training-free/runs/v190_head_phase_causal_screen/screen32/vbench_comparison/published/all_recent/000024-0.mp4,477,60,16.0,29.8125,0.0763737470931728,0.07543378343769148,0.09735011830049402,0.1552355598000919,0.7970218764523328,0.5339463949203491,1.5638624787330562,9.419622421264648,0.3994938186530409,0.10989958047866821,1.0593374192714657,6.818714618682861,0.053394639492034913,1.0,0.0,0.0,0.524881899356842,0.5377331972122192,0.9761009773582839,0.2699656279671216,0.2649500488540011,0.3300150132899443,0.3494885855524642,0.2699875331637753,0.2707273454965907,0.29448450456730374,0.31640261701302597,0.12424910261824323,0.12294130067567569,0.14104069890202703,0.14585092905405406,0.0,0.0,0.0,0.1,1.2905373940431542,1.9839770983555218,0.05084745762711865,0.10344827586206896,1.637257246199338
all_recent,25,0,/apdcephfs_gy2/share_303214315/cedricnie/develop/training-free/runs/v190_head_phase_causal_screen/screen32/vbench_comparison/published/all_recent/000025-0.mp4,477,60,16.0,29.8125,0.11965757403590822,0.11098635056439568,0.18146906235638782,0.21106594310087315,3.0892508373422136,3.192869186401367,4.55907573699951,5.350248336791992,0.5723310770659611,0.47862255573272705,1.4585882782936095,1.9188809394836426,0.31928691864013675,1.0,0.0,0.0,1.689405083656311,3.31887423992157,0.5090295568705352,0.3177008327261085,0.31194009381624266,0.3968953075317964,0.4234780736618972,0.28245163635350534,0.2832953619991416,0.30954890391641154,0.31477552696877753,0.16011182080518013,0.16298036317567566,0.17841664907094593,0.19217166385135134,0.0,0.0,0.0,0.016666666666666666,1.6350574771903792,0.4568268203739225,0.11864406779661017,0.05172413793103448,1.0459421487821507
all_recent,26,0,/apdcephfs_gy2/share_303214315/cedricnie/develop/training-free/runs/v190_head_phase_causal_screen/screen32/vbench_comparison/published/all_recent/000026-0.mp4,477,60,16.0,29.8125,0.030633109366232154,0.03084446963141946,0.04492191800884172,0.05079812068565219,0.9050991807953787,0.9117209315299988,1.6036163330078124,1.6694601774215698,0.24780857665785427,0.1975170373916626,0.5807001575827598,0.6891761422157288,0.09117209315299989,1.0,0.0,0.0,1.3000301122665405,0.7462009489536285,1.7421984173157743,0.21490606817755256,0.2148960196409645,0.23240959422197932,0.23307457273449922,0.19493321187582022,0.1968050311421149,0.20423721894584862,0.20573008406407833,0.11816318271396398,0.11906144425675676,0.12879011824324324,0.13252217060810811,0.0,0.0,0.0,0.0,1.456401051651813,0.6369275262862085,0.0,0.05172413793103448,1.0466642889690108
all_recent,27,0,/apdcephfs_gy2/share_303214315/cedricnie/develop/training-free/runs/v190_head_phase_causal_screen/screen32/vbench_comparison/published/all_recent/000027-0.mp4,477,60,16.0,29.8125,0.03032343361456159,0.029320060505586512,0.04407969343896006,0.0449734182918773,1.2935092562841157,1.2265923023223877,2.4592659950256346,2.617511749267578,0.1527935710960421,0.1284627914428711,0.44035630226135253,0.4723374843597412,0.12265923023223878,0.9830508474576272,0.01694915254237288,0.01694915254237288,1.9624751806259155,1.120040476322174,1.7521466608689054,0.36494907246400815,0.35570158278683095,0.4127962239583333,0.41591149973502917,0.24264437618047718,0.24405916596416646,0.27472954717247233,0.28498049517393664,0.07538446649774774,0.06953388935810811,0.0983715160472973,0.10282939189189189,0.0,0.0,0.0,0.16666666666666666,1.503397083050402,0.3590078801469706,0.13559322033898305,0.10344827586206896,0.9312024815986863
all_recent,28,0,/apdcephfs_gy2/share_303214315/cedricnie/develop/training-free/runs/v190_head_phase_causal_screen/screen32/vbench_comparison/published/all_recent/000028-0.mp4,477,60,16.0,29.8125,0.05440335272157972,0.048287728253532856,0.09516500435623468,0.09762281530043658,0.6177390897172993,0.22104832530021667,2.264131236076355,2.441338539123535,0.2372889164192923,0.08204999566078186,0.9249672949314116,1.3099137842655182,0.02210483253002167,1.0,0.0,0.0,1.7269682884216309,0.18438173085451126,9.366265738031915,0.5930584588494745,0.5552177522191308,0.7416559488026631,0.7489870040076841,0.18066751244391457,0.173434962966769,0.2270511464192579,0.23446079539223366,0.12265229096283785,0.12349556587837837,0.17412109375,0.19401921452702703,0.0,0.0,0.0,0.0,1.970790670800964,4.184457374536395,0.15254237288135594,0.27586206896551724,3.0776240226686795
all_recent,29,0,/apdcephfs_gy2/share_303214315/cedricnie/develop/training-free/runs/v190_head_phase_causal_screen/screen32/vbench_comparison/published/all_recent/000029-0.mp4,477,60,16.0,29.8125,0.08467064505995765,0.08581339518229167,0.11573914172602634,0.12512720893411075,2.303203038239883,1.5898405313491821,7.379786968231183,17.109460830688477,0.673772550862411,0.4002096354961395,2.118405008316038,6.878597259521484,0.15898405313491823,1.0,0.0,0.0,1.303702473640442,1.640615165233612,0.7946424617224624,0.3966178971940691,0.39651397721250664,0.44166321997549024,0.4566603943097509,0.19298993893799526,0.18696823075556163,0.22850551143303435,0.24056876354880274,0.1019192532376126,0.10498046875,0.1293140308277027,0.13619087837837837,0.0,0.0,0.0,0.0,1.3487304805987925,1.3324638330350667,0.01694915254237288,0.10344827586206896,1.3405971568169295
all_recent,30,0,/apdcephfs_gy2/share_303214315/cedricnie/develop/training-free/runs/v190_head_phase_causal_screen/screen32/vbench_comparison/published/all_recent/000030-0.mp4,477,60,16.0,29.8125,0.03829238978126353,0.04089193905101103,0.05707155452055089,0.06132419062595741,0.8368017019356712,0.9557362794876099,1.342423558235168,1.5008364915847778,0.1824435766400962,0.12545408308506012,0.5740164995193481,0.8887828886508942,0.095573627948761,1.0,0.0,0.0,1.0900254249572754,0.8397180736064911,1.298084987352652,0.38322906833763903,0.38580025337837837,0.40206354849794645,0.40698498360492846,0.23207415655123131,0.23070395568831514,0.24582201253698294,0.24725033224561785,0.16259897592905403,0.16085567989864866,0.17668786951013515,0.17937077702702703,0.0,0.0,0.0,0.06666666666666667,1.3956676021001706,0.6006013498065494,0.01694915254237288,0.10344827586206896,0.99813447595336
all_recent,31,0,/apdcephfs_gy2/share_303214315/cedricnie/develop/training-free/runs/v190_head_phase_causal_screen/screen32/vbench_comparison/published/all_recent/000031-0.mp4,477,60,16.0,29.8125,0.054709985161905235,0.04219246658624387,0.12901092678892845,0.17865256515203737,0.6872422339047416,0.4769761860370636,2.3527872323989842,3.2323055267333984,0.2214442352796423,0.1932280883193016,0.5459060475230216,1.1646208763122559,0.04769761860370636,1.0,0.0,0.0,0.15998077392578125,0.6176223754882812,0.2590268427359085,0.28275520177806485,0.27633448016030737,0.3246056747234366,0.3574240485890302,0.19398198676818365,0.18945961616258883,0.22150264916004164,0.2553371230675923,0.12586746903153154,0.12443253800675676,0.15513355152027025,0.16569890202702703,0.0,0.0,0.0,0.03333333333333333,3.057676813589994,1.1445142619355042,0.2033898305084746,0.06896551724137931,2.101095537762749
retrieval_all_coverage,0,0,/apdcephfs_gy2/share_303214315/cedricnie/develop/training-free/runs/v190_head_phase_causal_screen/screen32/vbench_comparison/published/retrieval_all_coverage/000000-0.mp4,477,60,16.0,29.8125,0.07708897861621435,0.07728382185393688,0.10418498918121936,0.12444842469458486,3.2600075976323275,3.2759742736816406,5.226365709304809,6.610719203948975,0.6780454043684334,0.5985060930252075,1.6419921994209288,2.2597222328186035,0.3275974273681641,1.0,0.0,0.0,4.430696487426758,3.0249428749084473,1.4647207139608733,0.4707374970328784,0.4644269901795177,0.5423497946475887,0.5538037808028617,0.3011352332590906,0.29639337716171016,0.3292901187416599,0.3324423481944066,0.08408950943130632,0.08251953125,0.10197160050675674,0.11103779560810811,0.0,0.0,0.0,0.11666666666666667,1.34808277698953,0.5012225561758175,0.03389830508474576,0.06896551724137931,0.9246526665826738
retrieval_all_coverage,1,0,/apdcephfs_gy2/share_303214315/cedricnie/develop/training-free/runs/v190_head_phase_causal_screen/screen32/vbench_comparison/published/retrieval_all_coverage/000001-0.mp4,477,60,16.0,29.8125,0.04515207930235579,0.04284992592007506,0.06662045497520293,0.08649166331571691,1.4090814853118638,1.1896114349365234,2.973885345458984,6.024829864501953,0.5264180446493214,0.34810012578964233,1.3472866952419276,4.13246750831604,0.11896114349365235,1.0,0.0,0.0,1.5500611066818237,1.0388013124465942,1.4921632155345528,0.36612883276198993,0.36668322734499204,0.397537499585983,0.40110946194356123,0.24718799265026944,0.24967197646664802,0.26191528831180044,0.26635683084273576,0.06073778856981981,0.06173458614864865,0.07190271326013513,0.0753272804054054,0.0,0.0,0.0,0.05,1.5547390933525849,1.1325434975444881,0.05084745762711865,0.08620689655172414,1.3436412954485366
retrieval_all_coverage,2,0,/apdcephfs_gy2/share_303214315/cedricnie/develop/training-free/runs/v190_head_phase_causal_screen/screen32/vbench_comparison/published/retrieval_all_coverage/000002-0.mp4,477,60,16.0,29.8125,0.08461689313569708,0.08532009498745788,0.10775946149639055,0.11390062219956341,1.8842929470337044,1.8370176553726196,2.7470367431640623,3.159092903137207,0.39100198704620887,0.34639662504196167,0.9233675837516784,1.0386855602264404,0.18370176553726197,1.0,0.0,0.0,2.1337759494781494,1.70852130651474,1.2489021596288419,0.5436062705628423,0.5428313998741389,0.5672353448347244,0.5730456329491256,0.23973877228874046,0.2443650542270978,0.26207281541685945,0.2647092168388048,0.16711579743806307,0.16304634712837837,0.20645323057432433,0.21740392736486486,0.0,0.0,0.0,0.03333333333333333,1.263002127602311,0.5026449152794794,0.01694915254237288,0.06896551724137931,0.8828235214408952
retrieval_all_coverage,3,0,/apdcephfs_gy2/share_303214315/cedricnie/develop/training-free/runs/v190_head_phase_causal_screen/screen32/vbench_comparison/published/retrieval_all_coverage/000003-0.mp4,477,60,16.0,29.8125,0.03244291276541926,0.03426942638322419,0.05165312972723268,0.06429000555300245,0.9611407618148852,1.054126262664795,1.5650440931320178,2.003513813018799,0.21942244649961076,0.14811211824417114,0.592587101459503,0.7851558923721313,0.1054126262664795,0.9830508474576272,0.01694915254237288,0.01694915254237288,1.2407385110855103,0.9501226544380188,1.3058719369441683,0.4903585507612392,0.487823813013381,0.5097747437235028,0.511093066872019,0.27144097165847064,0.27150286365489307,0.2785415963351458,0.2804781177190259,0.1396801097972973,0.1394240920608108,0.14682881123310812,0.14819995777027026,0.0,0.0,0.0,0.03333333333333333,1.5072656644325477,0.5621595082561203,0.03389830508474576,0.13793103448275862,1.034712586344334
retrieval_all_coverage,4,0,/apdcephfs_gy2/share_303214315/cedricnie/develop/training-free/runs/v190_head_phase_causal_screen/screen32/vbench_comparison/published/retrieval_all_coverage/000004-0.mp4,477,60,16.0,29.8125,0.10615966913509145,0.10479618147307751,0.16164164524452357,0.17927109961416207,2.010508026106883,1.6944105625152588,4.552613353729248,6.05758810043335,0.9355838545437517,0.6482530832290649,2.7609815180301664,4.212371110916138,0.1694410562515259,1.0,0.0,0.0,2.6141061782836914,1.3473595976829529,1.9401696345794812,0.4203096760593314,0.4198660344627716,0.4485623882154213,0.45436260019210384,0.243155330270823,0.2417576453236917,0.25830920228945187,0.2617238942495479,0.1866866378096847,0.18757918074324326,0.1942673141891892,0.19610430743243243,0.0,0.0,0.0,0.0,1.5424383118964105,1.6294642981519438,0.01694915254237288,0.1206896551724138,1.5859513050241771
retrieval_all_coverage,5,0,/apdcephfs_gy2/share_303214315/cedricnie/develop/training-free/runs/v190_head_phase_causal_screen/screen32/vbench_comparison/published/retrieval_all_coverage/000005-0.mp4,477,60,16.0,29.8125,0.1304448538184681,0.1325728921329274,0.18162490844726556,0.20214906580307904,3.1126547627529857,2.635444164276123,6.832545995712279,11.213590621948242,1.4856858705652172,1.1428560614585876,4.549007201194763,5.892185688018799,0.26354441642761234,1.0,0.0,0.0,3.377058744430542,2.241190791130066,1.5068144835307584,0.4129271154196475,0.4126926731418919,0.4612102491968071,0.4768129802596714,0.2346360552629013,0.23232885412148346,0.25581505510121544,0.2634786617822793,0.14700036951013518,0.1458641258445946,0.16726536106418918,0.18193095439189189,0.0,0.0,0.0,0.06666666666666667,1.370000348677277,1.7260874894855676,0.01694915254237288,0.13793103448275862,1.5480439190814224
retrieval_all_coverage,6,0,/apdcephfs_gy2/share_303214315/cedricnie/develop/training-free/runs/v190_head_phase_causal_screen/screen32/vbench_comparison/published/retrieval_all_coverage/000006-0.mp4,477,60,16.0,29.8125,0.050543413102012734,0.05214854221717984,0.06931554906508501,0.07467261669682522,0.46604874427035703,0.41058051586151123,0.8131732404232022,1.0282505750656128,0.14871587270292744,0.12733161449432373,0.2990632027387618,0.49925728142261505,0.041058051586151126,1.0,0.0,0.0,0.38037919998168945,0.4349732995033264,0.8744886189934529,0.4600892586060325,0.4628713732114467,0.4758151010615395,0.4798326129438262,0.2755180150898055,0.27545723168665803,0.28671793136791174,0.28902623440664327,0.18522355363175674,0.18307907516891891,0.19972814611486486,0.201171875,0.0,0.0,0.0,0.1,1.3291943766406888,0.7283911222899719,0.0,0.05172413793103448,1.0287927494653304
retrieval_all_coverage,7,0,/apdcephfs_gy2/share_303214315/cedricnie/develop/training-free/runs/v190_head_phase_causal_screen/screen32/vbench_comparison/published/retrieval_all_coverage/000007-0.mp4,477,60,16.0,29.8125,0.04712243122926143,0.043451907587986366,0.07510787066291358,0.0867334478041705,1.0324525974564633,0.711706280708313,2.9551885604858366,4.054086685180664,0.6541607575169925,0.3507257401943207,2.2403162181377403,3.6054328083992004,0.0711706280708313,1.0,0.0,0.0,0.6307765245437622,0.7234124839305878,0.8719458656788759,0.43074890147500444,0.4286352759009009,0.4458126169597907,0.44979288801669315,0.21136569654806456,0.21381186551800052,0.22199022759835446,0.22341768923236507,0.12044226844031532,0.12104096283783783,0.1295093433277027,0.13231102195945946,0.0,0.0,0.0,0.0,1.7285287305471368,3.147810099284364,0.05084745762711865,0.1896551724137931,2.4381694149157505
retrieval_all_coverage,8,0,/apdcephfs_gy2/share_303214315/cedricnie/develop/training-free/runs/v190_head_phase_causal_screen/screen32/vbench_comparison/published/retrieval_all_coverage/000008-0.mp4,477,60,16.0,29.8125,0.07057584462747417,0.06966373219209558,0.09910508922502105,0.11772003173828124,1.0346016595929355,0.8632376194000244,1.7960147142410277,1.951383113861084,0.38554031890014123,0.2595408260822296,1.0034550577402115,1.4744789600372314,0.08632376194000245,1.0,0.0,0.0,0.8221365213394165,0.8782739341259003,0.936082114468814,0.33009070076510333,0.3309983294415739,0.3554377970571675,0.35906055412029675,0.23652358469278073,0.236834067267379,0.24315640890182735,0.2503138802175486,0.2244646501970721,0.21898754222972971,0.24463286528716216,0.24580342060810811,0.0,0.0,0.0,0.13333333333333333,1.4226210124910024,1.1624320293613273,0.03389830508474576,0.1724137931034483,1.292526520926165
retrieval_all_coverage,9,0,/apdcephfs_gy2/share_303214315/cedricnie/develop/training-free/runs/v190_head_phase_causal_screen/screen32/vbench_comparison/published/retrieval_all_coverage/000009-0.mp4,477,60,16.0,29.8125,0.1611259233519737,0.15493983848422183,0.23168081096574372,0.23962712007410386,5.6382670887446,5.523583889007568,8.715677261352537,10.66590690612793,1.7152281711841453,1.4545915126800537,4.614270830154418,6.056018590927124,0.5523583889007568,1.0,0.0,0.0,6.371433258056641,5.340535640716553,1.1930326256940342,0.38662207704027557,0.37711780024509806,0.44274495313328033,0.46604326063195545,0.2680522231524376,0.26667513025978673,0.2904394731220997,0.29785422773138837,0.16586034276463962,0.16610800253378377,0.1832545924831081,0.18998099662162163,0.0,0.0,0.0,0.06666666666666667,1.4952952915936901,0.83537625622691,0.06779661016949153,0.06896551724137931,1.1653357739103
retrieval_all_coverage,10,0,/apdcephfs_gy2/share_303214315/cedricnie/develop/training-free/runs/v190_head_phase_causal_screen/screen32/vbench_comparison/published/retrieval_all_coverage/000010-0.mp4,477,60,16.0,29.8125,0.0636425901940987,0.05943720574472465,0.09193850124583523,0.10661578458898208,2.6625107203499745,2.2897262573242188,5.321028900146484,6.935317039489746,0.562425761387266,0.4030458927154541,1.5796338140964505,2.8028981685638428,0.22897262573242189,1.0,0.0,0.0,2.0869903564453125,2.483990430831909,0.8401764880174526,0.25706824931549194,0.25354677977609963,0.2928376101285109,0.3137438104464759,0.2490251431113702,0.25104017941189594,0.25834512028476114,0.26301179349527926,0.08913244298986485,0.08175411739864866,0.12872149493243243,0.1467483108108108,0.0,0.0,0.0,0.16666666666666666,1.5468173527655316,0.6898788923102168,0.0847457627118644,0.1206896551724138,1.1183481225378742
retrieval_all_coverage,11,0,/apdcephfs_gy2/share_303214315/cedricnie/develop/training-free/runs/v190_head_phase_causal_screen/screen32/vbench_comparison/published/retrieval_all_coverage/000011-0.mp4,477,60,16.0,29.8125,0.09709956706976645,0.09321498496859681,0.12731165418437881,0.1491766237745098,3.0107350612090804,2.7835679054260254,5.857817173004139,9.09253978729248,1.2452351697560013,1.0466446280479431,3.081656539440155,4.453033685684204,0.27835679054260254,1.0,0.0,0.0,3.640594482421875,2.670935273170471,1.3630410736612095,0.4864115735680533,0.4882314644607843,0.516815278053789,0.5191818196873343,0.21429240541213376,0.21439513929366916,0.22197820790035244,0.22611107354338805,0.12257399000563061,0.12212309966216217,0.14037294130067565,0.15020586993243243,0.0,0.0,0.0,0.0,1.3657852782711795,1.107088687663435,0.1016949152542373,0.05172413793103448,1.2364369829673072
retrieval_all_coverage,12,0,/apdcephfs_gy2/share_303214315/cedricnie/develop/training-free/runs/v190_head_phase_causal_screen/screen32/vbench_comparison/published/retrieval_all_coverage/000012-0.mp4,477,60,16.0,29.8125,0.09956978246118985,0.0997994067622166,0.13794499715169267,0.15394744873046876,3.0508186594914584,2.968414306640625,5.717922973632811,6.163703441619873,0.7784468675481861,0.636216402053833,1.935428369045257,3.4694080352783203,0.2968414306640625,1.0,0.0,0.0,3.8045759201049805,2.720566987991333,1.3984496382182452,0.5173757379852278,0.5144679261062532,0.5419001049532989,0.5596469056372549,0.2527072173134167,0.254976564248642,0.276901181897655,0.2813340223791053,0.13760557432432433,0.13768211570945946,0.15098448057432431,0.15223817567567569,0.0,0.0,0.0,0.0,1.382222616616973,0.6520074925914215,0.01694915254237288,0.06896551724137931,1.0171150546041974
retrieval_all_coverage,13,0,/apdcephfs_gy2/share_303214315/cedricnie/develop/training-free/runs/v190_head_phase_causal_screen/screen32/vbench_comparison/published/retrieval_all_coverage/000013-0.mp4,477,60,16.0,29.8125,0.05401060669158297,0.05274058697270412,0.07060788921281401,0.0847296022901348,0.9205066203060797,0.8276559114456177,1.4616512894630431,2.463898181915283,0.3257677462594262,0.23248520493507385,1.3530563890933989,1.4564182758331299,0.08276559114456178,1.0,0.0,0.0,1.0548090934753418,0.7924648523330688,1.331048424885866,0.45851531276221075,0.45872473461512986,0.4736905730408717,0.47721933790408055,0.26773552868137784,0.26728099519691395,0.27532374408438476,0.27864753758323846,0.12208043003941442,0.12152924408783783,0.1309543918918919,0.13315561655405406,0.0,0.0,0.0,0.0,1.3387770835648285,1.6348054431582506,0.05084745762711865,0.10344827586206896,1.4867912633615394
retrieval_all_coverage,14,0,/apdcephfs_gy2/share_303214315/cedricnie/develop/training-free/runs/v190_head_phase_causal_screen/screen32/vbench_comparison/published/retrieval_all_coverage/000014-0.mp4,477,60,16.0,29.8125,0.032136424358757125,0.03060144162645527,0.06746551064883961,0.07461155162138097,0.7662664201047461,0.6018981337547302,2.059475779533385,2.457386016845703,0.26088970578436194,0.16734790802001953,0.7097305864095688,1.1379647254943848,0.06018981337547302,0.9661016949152542,0.03389830508474576,0.03389830508474576,1.203598976135254,0.4937705099582672,2.43756755792682,0.45879470003091327,0.47027736031067835,0.48123064470720717,0.48240158816905143,0.2434496190701104,0.24376269515541293,0.2544435790757111,0.25660334826172226,0.13339491835585585,0.12972445101351351,0.14958562077702703,0.15268686655405406,0.0,0.0,0.0,0.26666666666666666,2.204651384479709,1.1791539906963386,0.03389830508474576,0.1206896551724138,1.6919026875880239
retrieval_all_coverage,15,0,/apdcephfs_gy2/share_303214315/cedricnie/develop/training-free/runs/v190_head_phase_causal_screen/screen32/vbench_comparison/published/retrieval_all_coverage/000015-0.mp4,477,60,16.0,29.8125,0.09294029335993079,0.09221120348163679,0.12542568206787105,0.14091378006280636,4.563587184679711,4.231008529663086,7.342426395416253,10.252302169799805,1.3837276327198949,0.9473037719726562,3.8129737854003904,6.155298233032227,0.4231008529663086,1.0,0.0,0.0,3.8252005577087402,4.38367772102356,0.8726007706642224,0.35991022559784047,0.357677996240726,0.3922454727245628,0.42023000712109165,0.18362100400622497,0.18492097924150822,0.19950830469645678,0.2099249646960251,0.10277528505067567,0.10140413851351351,0.12231181376689189,0.1424461570945946,0.0,0.0,0.0,0.08333333333333333,1.3602000335333297,0.9011973761499404,0.05084745762711865,0.08620689655172414,1.130698704841635
retrieval_all_coverage,16,0,/apdcephfs_gy2/share_303214315/cedricnie/develop/training-free/runs/v190_head_phase_causal_screen/screen32/vbench_comparison/published/retrieval_all_coverage/000016-0.mp4,477,60,16.0,29.8125,0.04658865321708621,0.04809169395297181,0.06588464026357613,0.07590535481770834,1.0488916183427228,1.0813109874725342,1.941549682617187,2.7470967769622803,0.2765905147996442,0.19970962405204773,0.5999295890331263,1.3023905754089355,0.10813109874725342,0.9830508474576272,0.01694915254237288,0.01694915254237288,1.3970787525177002,0.7596441209316254,1.839122707623047,0.6087042563013381,0.6070002504802596,0.6239317430941972,0.6270886120495496,0.19402864957806534,0.1928531280628923,0.21577112143019517,0.21773273393856146,0.15471521326013513,0.1538745777027027,0.18069309543918918,0.18583720439189189,0.0,0.0,0.0,0.0,1.369979612862125,0.554816880604725,0.01694915254237288,0.05172413793103448,0.9623982467334251
retrieval_all_coverage,17,0,/apdcephfs_gy2/share_303214315/cedricnie/develop/training-free/runs/v190_head_phase_causal_screen/screen32/vbench_comparison/published/retrieval_all_coverage/000017-0.mp4,477,60,16.0,29.8125,0.046894192180589184,0.04821579503078087,0.05612258724137848,0.07137828153722427,2.9563427739224193,2.6598057746887207,5.09862070083618,6.296017646789551,0.7753105574640734,0.5592254996299744,2.1568362236022947,2.7177507877349854,0.2659805774688721,1.0,0.0,0.0,2.4835896492004395,2.712669610977173,0.9155518383625741,0.371708458228449,0.3770477796270535,0.41221809067799414,0.43531129935082136,0.23375830267119638,0.23486653168947538,0.24855686854139122,0.25244477799141896,0.04356700450450451,0.044169657939189186,0.04847577069256757,0.05476668074324324,0.0,0.0,0.0,0.016666666666666666,1.163987593807173,0.8108998950702372,0.03389830508474576,0.15517241379310345,0.9874437444387052
retrieval_all_coverage,18,0,/apdcephfs_gy2/share_303214315/cedricnie/develop/training-free/runs/v190_head_phase_causal_screen/screen32/vbench_comparison/published/retrieval_all_coverage/000018-0.mp4,477,60,16.0,29.8125,0.12040358404259066,0.11546984653846891,0.16148676105574064,0.1829916710947074,8.36311512074228,8.059869766235352,12.890123081207275,12.980537414550781,2.327471741314592,2.1602540016174316,4.607961320877075,6.830048561096191,0.8059869766235352,1.0,0.0,0.0,8.496221542358398,7.950567245483398,1.068630863689,0.20809360888922013,0.2059416091183095,0.26487205840951245,0.2970646197668257,0.18194736250410962,0.18015501228587044,0.22159537282434683,0.2383102823543251,0.10354773719031532,0.10620777027027027,0.13054793074324325,0.14131123310810811,0.0,0.0,0.0,0.0,1.3985188852047288,0.571716597727284,0.0847457627118644,0.034482758620689655,0.9851177414660064
retrieval_all_coverage,19,0,/apdcephfs_gy2/share_303214315/cedricnie/develop/training-free/runs/v190_head_phase_causal_screen/screen32/vbench_comparison/published/retrieval_all_coverage/000019-0.mp4,477,60,16.0,29.8125,0.06389122174086465,0.061657681184656477,0.09016667534323299,0.10601339153214998,1.3128150923777435,1.2234609127044678,2.4225149393081664,2.505861520767212,0.4849911445173724,0.43564027547836304,1.0799245238304138,1.221290111541748,0.12234609127044678,1.0,0.0,0.0,1.210854411125183,1.2470486164093018,0.9709761072600884,0.3352578204353251,0.33429447370164284,0.3564820202785506,0.36279509058691045,0.258892393238138,0.26187625624686933,0.2763536725404783,0.2856066138696915,0.12613448409346847,0.12693992820945948,0.13714236697635135,0.14315878378378377,0.0,0.0,0.0,0.016666666666666666,1.4623753863398772,0.882680037111471,0.03389830508474576,0.0,1.172527711725674
retrieval_all_coverage,20,0,/apdcephfs_gy2/share_303214315/cedricnie/develop/training-free/runs/v190_head_phase_causal_screen/screen32/vbench_comparison/published/retrieval_all_coverage/000020-0.mp4,477,60,16.0,29.8125,0.12045757424280706,0.12008261587105545,0.15176008785472195,0.1668400334376915,6.18441932484255,5.953640937805176,9.298472690582274,9.587118148803711,1.6718125425536057,1.257467269897461,3.9403208017349236,5.117339611053467,0.5953640937805176,1.0,0.0,0.0,5.953640937805176,5.953669786453247,0.9999951544762968,0.28221315007562714,0.2847631408982512,0.3079754933012056,0.3172787907392687,0.23906994229469683,0.23881681220981466,0.26134219522799434,0.27317618288615475,0.10637053068693693,0.10331767314189189,0.1389727618243243,0.15445523648648649,0.0,0.0,0.0,0.13333333333333333,1.2637973178206054,0.6618337993334769,0.01694915254237288,0.05172413793103448,0.9628155585770412
retrieval_all_coverage,21,0,/apdcephfs_gy2/share_303214315/cedricnie/develop/training-free/runs/v190_head_phase_causal_screen/screen32/vbench_comparison/published/retrieval_all_coverage/000021-0.mp4,477,60,16.0,29.8125,0.11319791052816079,0.10846240473728554,0.18991615744198065,0.20690051808076745,4.610177458847984,4.1439971923828125,8.987692928314205,11.532962799072266,0.8484058878545103,0.598440408706665,2.2877696752548213,4.823245048522949,0.4143997192382813,0.9830508474576272,0.01694915254237288,0.01694915254237288,3.302515983581543,4.612712860107422,0.7159595846823713,0.2527867860967585,0.25829772787493377,0.29675182995495497,0.3094568718534711,0.2561975586959632,0.25589339142496503,0.2882877091556053,0.2950848692799122,0.15002419411599102,0.1423141891891892,0.2105059649493243,0.2294921875,0.0,0.0,0.0,0.13333333333333333,1.7509860481333601,0.5520683458618239,0.0847457627118644,0.10344827586206896,1.151527196997592
retrieval_all_coverage,22,0,/apdcephfs_gy2/share_303214315/cedricnie/develop/training-free/runs/v190_head_phase_causal_screen/screen32/vbench_comparison/published/retrieval_all_coverage/000022-0.mp4,477,60,16.0,29.8125,0.06926021468167926,0.06447403103697534,0.10066786896948719,0.12271183238309973,3.918795282557859,3.5712318420410156,6.876214122772216,7.858058929443359,0.8246523367947546,0.5839395523071289,2.2426950752735126,5.488640666007996,0.3571231842041016,1.0,0.0,0.0,2.933640956878662,3.9161986112594604,0.7491042329784176,0.2088556209012321,0.2131503688891097,0.24612791674947007,0.259009009009009,0.20397055817775614,0.20015550089224404,0.25116712002611546,0.2569061588845302,0.09531074042792792,0.09359163851351351,0.12270639780405405,0.13553103885135134,0.0,0.0,0.0,0.016666666666666666,1.561370793021379,0.6279892133779186,0.1694915254237288,0.13793103448275862,1.0946800031996489
retrieval_all_coverage,23,0,/apdcephfs_gy2/share_303214315/cedricnie/develop/training-free/runs/v190_head_phase_causal_screen/screen32/vbench_comparison/published/retrieval_all_coverage/000023-0.mp4,477,60,16.0,29.8125,0.1344776582068167,0.13806895835726868,0.17768736895392923,0.18557347316367953,5.02085084430242,4.794414520263672,7.055774259567257,9.165966033935547,1.2526346897256786,1.1309270858764648,2.956364047527313,4.324123382568359,0.47944145202636723,1.0,0.0,0.0,4.794414520263672,4.788195610046387,1.0012988003673529,0.17887624584602987,0.18242430734962906,0.2332798837440381,0.26128506723635403,0.2238225219568071,0.22937100709464278,0.2626643488274823,0.27871308870245187,0.12981902801238737,0.13677153716216217,0.16697107263513514,0.17343222128378377,0.0,0.0,0.0,0.0,1.2869465451759514,0.6166267090657663,0.03389830508474576,0.034482758620689655,0.9517866271208588
retrieval_all_coverage,24,0,/apdcephfs_gy2/share_303214315/cedricnie/develop/training-free/runs/v190_head_phase_causal_screen/screen32/vbench_comparison/published/retrieval_all_coverage/000024-0.mp4,477,60,16.0,29.8125,0.09318298265045764,0.09004734263700598,0.1257412757125555,0.1510502534754136,0.9991829481165287,0.7221877574920654,2.1141422271728483,8.742134094238281,0.44533095996955346,0.16397693753242493,1.5005113840103124,6.126347541809082,0.07221877574920654,1.0,0.0,0.0,0.8177427053451538,0.6955479979515076,1.1756812006554944,0.3124384632794559,0.31558898052464235,0.35226045496323527,0.3742298249536301,0.2910405620495107,0.2926512576515211,0.31557514246769613,0.326191881493843,0.15270534206081085,0.15440244932432434,0.17286211993243245,0.17673141891891891,0.0,0.0,0.0,0.0,1.3963907432497702,2.077730297202938,0.06779661016949153,0.1206896551724138,1.737060520226354
retrieval_all_coverage,25,0,/apdcephfs_gy2/share_303214315/cedricnie/develop/training-free/runs/v190_head_phase_causal_screen/screen32/vbench_comparison/published/retrieval_all_coverage/000025-0.mp4,477,60,16.0,29.8125,0.11659942365794057,0.11453861909754136,0.14829058030072378,0.17515194462794884,2.2230286638615495,1.919097900390625,4.6841044425964355,5.376384258270264,0.6806087576109787,0.5381708741188049,1.8521607398986815,2.5803680419921875,0.1919097900390625,1.0,0.0,0.0,2.4226808547973633,1.7633439302444458,1.3739128330237402,0.3387586046524466,0.3305690973602279,0.4088364829673423,0.4265533916269211,0.3040335005337301,0.30641839293734047,0.3218108841922347,0.3265649976420054,0.15919552364864867,0.15912690033783783,0.18067857896959458,0.18412162162162163,0.0,0.0,0.0,0.0,1.2946775635075465,0.9651205076727358,0.0847457627118644,0.06896551724137931,1.129899035590141
retrieval_all_coverage,26,0,/apdcephfs_gy2/share_303214315/cedricnie/develop/training-free/runs/v190_head_phase_causal_screen/screen32/vbench_comparison/published/retrieval_all_coverage/000026-0.mp4,477,60,16.0,29.8125,0.04034388074054002,0.03950715532489851,0.05973342521517884,0.07256288715437346,1.2661705534842054,1.1257543563842773,2.436291599273681,3.710193395614624,0.47261438082004414,0.4022652804851532,1.282135820388794,1.657845675945282,0.11257543563842774,1.0,0.0,0.0,1.2484784126281738,1.0706144571304321,1.166132592655689,0.1659047374580463,0.1657360600490196,0.2035374643945416,0.21211806935612085,0.1956397053117054,0.19791732353818864,0.2052322523796673,0.2094732429671826,0.10946737753378377,0.10892630912162163,0.12043391047297297,0.12447212837837837,0.0,0.0,0.0,0.05,1.511964724464309,1.1389125994651144,0.05084745762711865,0.08620689655172414,1.3254386619647116
retrieval_all_coverage,27,0,/apdcephfs_gy2/share_303214315/cedricnie/develop/training-free/runs/v190_head_phase_causal_screen/screen32/vbench_comparison/published/retrieval_all_coverage/000027-0.mp4,477,60,16.0,29.8125,0.042838583962392,0.04886290232340495,0.06028414034375957,0.06222281736486098,1.8151308924464855,2.146364688873291,2.929599833488464,3.141327142715454,0.26644613696583386,0.24630483984947205,0.661705207824707,0.7922933101654053,0.21463646888732912,0.9152542372881356,0.0847457627118644,0.03389830508474576,2.6601052284240723,1.7136541604995728,1.552299927103486,0.31569315581666224,0.32277471060214624,0.41170704367050875,0.4137531258280339,0.31645303711585776,0.3133539803827614,0.3582440693873378,0.3619466121338793,0.09308180250563063,0.08752111486486486,0.12866078969594594,0.13531989020270271,0.0,0.0,0.0,0.16666666666666666,1.2337404754380286,0.3082911358237362,0.0,0.06896551724137931,0.7710158056308823
retrieval_all_coverage,28,0,/apdcephfs_gy2/share_303214315/cedricnie/develop/training-free/runs/v190_head_phase_causal_screen/screen32/vbench_comparison/published/retrieval_all_coverage/000028-0.mp4,477,60,16.0,29.8125,0.05240877531184117,0.053136283276127835,0.07348812252867452,0.09297061246984145,0.8094353211128106,0.6210808753967285,1.7478532910346984,5.00046443939209,0.4351569953663596,0.23497995734214783,1.1254307866096491,3.8151001930236816,0.062108087539672854,1.0,0.0,0.0,0.878354549407959,0.49678127467632294,1.7680910979993147,0.7335079587859918,0.7313231774973503,0.7501401343899046,0.7516106294713831,0.16728889443159733,0.1673771290623506,0.17936525201011674,0.1861286786054391,0.08658810177364866,0.08560758023648649,0.10279903927364864,0.10824007601351351,0.0,0.0,0.0,0.016666666666666666,1.383012096400992,1.8120519101328896,0.01694915254237288,0.13793103448275862,1.5975320032669407
retrieval_all_coverage,29,0,/apdcephfs_gy2/share_303214315/cedricnie/develop/training-free/runs/v190_head_phase_causal_screen/screen32/vbench_comparison/published/retrieval_all_coverage/000029-0.mp4,477,60,16.0,29.8125,0.0875261601517469,0.08637791053921569,0.12575086556228937,0.1359427807377834,2.796835063877752,2.172427177429199,7.017440557479844,12.195587158203125,0.9830462583180132,0.6447016298770905,3.257421553134918,4.491258144378662,0.21724271774291992,1.0,0.0,0.0,1.7259538173675537,2.290050745010376,0.7536749223256769,0.4004693710254373,0.3946217127053524,0.448590199804584,0.4620949879107048,0.1885901930095444,0.18694824576949448,0.21616435068638779,0.2466649443071541,0.09042000985360361,0.0881545608108108,0.13449904983108107,0.14682749155405406,0.0,0.0,0.0,0.06666666666666667,1.4558220357182443,1.499438778421874,0.0,0.1724137931034483,1.477630407070059
retrieval_all_coverage,30,0,/apdcephfs_gy2/share_303214315/cedricnie/develop/training-free/runs/v190_head_phase_causal_screen/screen32/vbench_comparison/published/retrieval_all_coverage/000030-0.mp4,477,60,16.0,29.8125,0.05790667278737315,0.05401130751067517,0.10170258540733187,0.12063729529287301,1.1674427309278714,0.9942765235900879,2.594631671905517,3.55961012840271,0.49225863968503886,0.404353529214859,1.3246044695377348,2.123655766248703,0.0994276523590088,1.0,0.0,0.0,1.2223560810089111,0.8486899435520172,1.4402858079041105,0.382335552464229,0.3806634414745628,0.406300603222708,0.4087934096780604,0.26195731150267476,0.26375309670973957,0.26977682109598095,0.2729915077293689,0.17176414695945944,0.17250844594594594,0.17600559543918917,0.17989864864864866,0.0,0.0,0.0,0.0,1.8829869169012556,1.3322294533867842,0.0847457627118644,0.06896551724137931,1.60760818514402
retrieval_all_coverage,31,0,/apdcephfs_gy2/share_303214315/cedricnie/develop/training-free/runs/v190_head_phase_causal_screen/screen32/vbench_comparison/published/retrieval_all_coverage/000031-0.mp4,477,60,16.0,29.8125,0.111008517771474,0.0994599136651731,0.21270297630160445,0.308646437701057,2.3141240780636414,2.049764633178711,4.75635323524475,8.845096588134766,0.8970039096371881,0.5787898302078247,2.13731055855751,7.017629384994507,0.20497646331787112,1.0,0.0,0.0,2.099665641784668,2.0358067750930786,1.0313678427014124,0.32744308819389245,0.325911096068495,0.40630083093203495,0.5360659487612612,0.21291822047964526,0.20741765546757576,0.2474281923893211,0.29743517818151827,0.13135601421734236,0.13093855574324326,0.16120539484797297,0.166015625,0.0,0.0,0.0,0.06666666666666667,2.138579941036934,1.0427102331466396,0.1016949152542373,0.1206896551724138,1.590645087091787
retrieval_compatible,0,0,/apdcephfs_gy2/share_303214315/cedricnie/develop/training-free/runs/v190_head_phase_causal_screen/screen32/vbench_comparison/published/retrieval_compatible/000000-0.mp4,477,60,16.0,29.8125,0.05716350551616634,0.057532729354559206,0.06589630650539023,0.07404672959271599,2.41075993998576,2.5119950771331787,3.211988925933838,3.621098041534424,0.2768767763828409,0.23973727226257324,0.6655610084533692,1.1830754280090332,0.2511995077133179,1.0,0.0,0.0,2.9130730628967285,2.2295645475387573,1.3065659238762584,0.4135883695046149,0.424184127831876,0.49336146061042657,0.533913578100159,0.2230645617432004,0.20864118477809077,0.2798638644813324,0.2845597118622921,0.11982289907094595,0.11844119510135136,0.15003959037162162,0.15334670608108109,0.0,0.0,0.0,0.016666666666666666,1.1453707697281053,0.26495314999300973,0.05084745762711865,0.10344827586206896,0.7051619598605575
retrieval_compatible,1,0,/apdcephfs_gy2/share_303214315/cedricnie/develop/training-free/runs/v190_head_phase_causal_screen/screen32/vbench_comparison/published/retrieval_compatible/000001-0.mp4,477,60,16.0,29.8125,0.04072300818086107,0.03707242479511336,0.07255144081863701,0.08371640373678768,1.7549177691087885,1.5159175395965576,3.124747848510742,3.2495579719543457,0.39581320614650334,0.2503325939178467,1.2082046627998348,2.257221221923828,0.15159175395965577,1.0,0.0,0.0,2.1536221504211426,1.3832273483276367,1.5569545765740795,0.32387393770148826,0.3206074870826709,0.39563236432664284,0.40041360294117645,0.2437933732229376,0.2415619230238425,0.26288913714889733,0.2663858995107304,0.07813379786036037,0.06560124577702703,0.16479492187499997,0.17739125844594594,0.0,0.0,0.0,0.21666666666666667,1.957019030171457,0.7970121271381182,0.13559322033898305,0.1206896551724138,1.3770155786547875
retrieval_compatible,2,0,/apdcephfs_gy2/share_303214315/cedricnie/develop/training-free/runs/v190_head_phase_causal_screen/screen32/vbench_comparison/published/retrieval_compatible/000002-0.mp4,477,60,16.0,29.8125,0.06604260133722367,0.0654373468137255,0.08072354335410921,0.0870090783811083,1.395807543043363,1.3587462902069092,2.14756064414978,3.8054447174072266,0.2479040314411295,0.18141502141952515,0.7170158207416528,1.6234655380249023,0.13587462902069092,1.0,0.0,0.0,1.4376885890960693,1.347804605960846,1.0666891793793398,0.4713025991294603,0.4487626068163752,0.5670557184022258,0.5726374122284049,0.1942173724690107,0.19154758644489142,0.2222616346794419,0.22970246980969977,0.1675372149493243,0.15717377533783783,0.2084499049831081,0.22014885979729729,0.0,0.0,0.0,0.1,1.2336004939793408,0.5277039767537957,0.01694915254237288,0.08620689655172414,0.8806522353665682
retrieval_compatible,3,0,/apdcephfs_gy2/share_303214315/cedricnie/develop/training-free/runs/v190_head_phase_causal_screen/screen32/vbench_comparison/published/retrieval_compatible/000003-0.mp4,477,60,16.0,29.8125,0.02563609664881495,0.024043621736414292,0.040341668596454695,0.046295996273265166,0.822096395037942,0.7943911552429199,1.3748486161231994,1.6673672199249268,0.15607369819591785,0.09648361802101135,0.5366915985941886,0.6541809439659119,0.079439115524292,1.0,0.0,0.0,1.265317440032959,0.7125939428806305,1.7756500075175596,0.4573566932051537,0.44547381135731323,0.505338702098238,0.5073129885400106,0.24403477749049557,0.24270360142374162,0.26660766280745724,0.269360095766611,0.119946948902027,0.11745143581081081,0.13765968116554053,0.13927892736486486,0.0,0.0,0.0,0.0,1.6778532385309015,0.6756011758842804,0.01694915254237288,0.1896551724137931,1.176727207207591
retrieval_compatible,4,0,/apdcephfs_gy2/share_303214315/cedricnie/develop/training-free/runs/v190_head_phase_causal_screen/screen32/vbench_comparison/published/retrieval_compatible/000004-0.mp4,477,60,16.0,29.8125,0.059685174188331816,0.05907659717634613,0.08362721461875762,0.09770686579685585,0.6450311996169009,0.5465515851974487,1.1666105270385727,1.9494173526763916,0.20603900428476005,0.13464194536209106,0.6117283284664153,1.4395008087158203,0.054655158519744874,1.0,0.0,0.0,0.5261412858963013,0.5517609417438507,0.9535674711468738,0.4194590299168654,0.4157123575781664,0.4439167401546767,0.45097273284313727,0.23530277682986186,0.2352604354965057,0.24167544542269423,0.24717126724949665,0.19004961993243244,0.1899018158783784,0.19632997255067566,0.19853251689189189,0.0,0.0,0.0,0.016666666666666666,1.4155726398581636,1.1192508539617916,0.01694915254237288,0.10344827586206896,1.2674117469099775
retrieval_compatible,5,0,/apdcephfs_gy2/share_303214315/cedricnie/develop/training-free/runs/v190_head_phase_causal_screen/screen32/vbench_comparison/published/retrieval_compatible/000005-0.mp4,477,60,16.0,29.8125,0.10561518949620861,0.10324196161008349,0.1576183528526156,0.18222345090379902,2.011397505210618,1.668330430984497,3.488087892532347,4.5919189453125,0.5299429852387001,0.313632071018219,1.6898113071918486,2.047597646713257,0.1668330430984497,1.0,0.0,0.0,1.2726521492004395,1.9469125866889954,0.6536770874571043,0.34773260852764526,0.32970752807034975,0.4427950233091547,0.4668887867647059,0.22609521957456674,0.22544114194047177,0.24144960534116644,0.25120644566248085,0.13709309895833333,0.13355152027027029,0.16426836993243243,0.16963154560810811,0.0,0.0,0.0,0.13333333333333333,1.5266888617236545,1.0128756724737529,0.03389830508474576,0.20689655172413793,1.2697822670987038
retrieval_compatible,6,0,/apdcephfs_gy2/share_303214315/cedricnie/develop/training-free/runs/v190_head_phase_causal_screen/screen32/vbench_comparison/published/retrieval_compatible/000006-0.mp4,477,60,16.0,29.8125,0.0351518344150187,0.034652908175599344,0.05370426028382544,0.06650395860858992,0.3142235914276818,0.27337491512298584,0.544774919748306,0.6347286701202393,0.13147232373212947,0.09833051264286041,0.3030894860625266,0.41425222158432007,0.027337491512298584,1.0,0.0,0.0,0.27181559801101685,0.27560262382030487,0.9862591082886163,0.4158629717723238,0.41077499834393216,0.4463621985956545,0.45284346846846846,0.2457223276754308,0.2465433377966771,0.26178787948088117,0.265588228436766,0.18262070664414412,0.18294710726351351,0.19253061655405404,0.1940720016891892,0.0,0.0,0.0,0.08333333333333333,1.5497764289128553,1.1086953092465444,0.01694915254237288,0.05172413793103448,1.3292358690797
retrieval_compatible,7,0,/apdcephfs_gy2/share_303214315/cedricnie/develop/training-free/runs/v190_head_phase_causal_screen/screen32/vbench_comparison/published/retrieval_compatible/000007-0.mp4,477,60,16.0,29.8125,0.032365298532655205,0.03163927863625919,0.049664675768683934,0.06130918241014668,0.3732687811982834,0.18196076154708862,1.0521482229232784,3.7934353351593018,0.24840677555265098,0.06775794178247452,0.678520034253597,3.63082155585289,0.02,1.0,0.0,0.0,0.4987470507621765,0.1507296934723854,3.308883865364922,0.40617141268106344,0.40174037203563856,0.4426586150718734,0.4461331851152623,0.19060779006039674,0.19316347203062317,0.20169284386427216,0.2056853918733264,0.12251944327139642,0.12228146114864864,0.13035261824324323,0.13260135135135134,0.0,0.0,0.0,0.0,1.5697158060919667,3.7289359996331215,0.03389830508474576,0.2413793103448276,2.649325902862544
retrieval_compatible,8,0,/apdcephfs_gy2/share_303214315/cedricnie/develop/training-free/runs/v190_head_phase_causal_screen/screen32/vbench_comparison/published/retrieval_compatible/000008-0.mp4,477,60,16.0,29.8125,0.05255527905191286,0.05306206871481503,0.07629871966792087,0.0938610600490196,0.9295271430480279,0.8694303035736084,1.790715432167053,1.9708894491195679,0.3160122627842015,0.24903154373168945,1.0124928265810011,1.7354863733053207,0.08694303035736084,1.0,0.0,0.0,0.7418323159217834,0.8863848447799683,0.8369189977587356,0.30187464291037364,0.29960916799152093,0.3536395143995098,0.3564887842806041,0.2063295855324211,0.20360750887731446,0.23308745426047936,0.23842055781303656,0.214037426097973,0.21728515625,0.24887827280405406,0.2517155827702703,0.0,0.0,0.0,0.0,1.4379145313386195,1.1645474311389477,0.01694915254237288,0.10344827586206896,1.3012309812387834
retrieval_compatible,9,0,/apdcephfs_gy2/share_303214315/cedricnie/develop/training-free/runs/v190_head_phase_causal_screen/screen32/vbench_comparison/published/retrieval_compatible/000009-0.mp4,477,60,16.0,29.8125,0.18105360761992992,0.17679165110868567,0.23032931009928378,0.24396746766333485,7.198491322792183,7.074470520019531,10.815419101715086,11.564765930175781,1.7310657830073917,1.2368378639221191,4.943519639968872,6.405800819396973,0.7074470520019531,1.0,0.0,0.0,7.560112953186035,6.91744065284729,1.0929060808167852,0.4024173553148737,0.40755777606650767,0.46829235082969,0.48757369501854797,0.2882132156292353,0.29200879480266606,0.3067464255063496,0.32131005227673326,0.17512448972409905,0.17514780405405406,0.1952029666385135,0.2063186233108108,0.0,0.0,0.0,0.016666666666666666,1.3028291135630887,0.6987829867944978,0.05084745762711865,0.13793103448275862,1.0008060501787932
retrieval_compatible,10,0,/apdcephfs_gy2/share_303214315/cedricnie/develop/training-free/runs/v190_head_phase_causal_screen/screen32/vbench_comparison/published/retrieval_compatible/000010-0.mp4,477,60,16.0,29.8125,0.05983308910650049,0.05371394063912186,0.08925867342481425,0.10654240028530944,2.0672966595423423,1.5704677104949951,4.420555782318115,5.133898735046387,0.2723663983673885,0.25376081466674805,0.7180289566516874,1.000509262084961,0.15704677104949952,1.0,0.0,0.0,1.2961567640304565,1.8516570925712585,0.6999982714027142,0.2606917567843579,0.26134323661897196,0.2968014240113275,0.3137705145402756,0.2219017425277258,0.22208211244020393,0.25759013038640005,0.2598121902480176,0.11596063837274774,0.11807168496621623,0.15189637880067566,0.16023543074324326,0.0,0.0,0.0,0.0,1.661741297748016,0.4572070803196407,0.2033898305084746,0.06896551724137931,1.0594741890338284
retrieval_compatible,11,0,/apdcephfs_gy2/share_303214315/cedricnie/develop/training-free/runs/v190_head_phase_causal_screen/screen32/vbench_comparison/published/retrieval_compatible/000011-0.mp4,477,60,16.0,29.8125,0.07427995814243873,0.07330222036324295,0.1005336918550379,0.10588049047133502,1.8494846659191584,1.7703180313110352,3.523836421966552,4.629582405090332,0.5193139191331535,0.3718457818031311,1.1808820813894272,3.338365077972412,0.17703180313110353,1.0,0.0,0.0,2.5470592975616455,1.620478093624115,1.5717949582800468,0.44474424102411236,0.4322850423953365,0.5180362813410837,0.522727046899841,0.20171173014880578,0.20249417468198003,0.21153896069928899,0.21614516870687567,0.12250140765765764,0.12163481841216217,0.1437843116554054,0.15147276182432431,0.0,0.0,0.0,0.03333333333333333,1.3714958613375106,0.6670451639217093,0.0,0.08620689655172414,1.01927051262961
retrieval_compatible,12,0,/apdcephfs_gy2/share_303214315/cedricnie/develop/training-free/runs/v190_head_phase_causal_screen/screen32/vbench_comparison/published/retrieval_compatible/000012-0.mp4,477,60,16.0,29.8125,0.06256640042209594,0.06317567264332491,0.10152980580049398,0.11534967609480315,2.101803781622547,1.5824912786483765,4.6173284053802455,6.047624588012695,0.3401849680933459,0.24439102411270142,0.8919379115104674,1.6921377182006836,0.15824912786483766,1.0,0.0,0.0,1.2808027267456055,1.9087104201316833,0.6710304052603443,0.4748906080943075,0.4762120863970588,0.5186454244915872,0.5245078373410175,0.25230705592451835,0.2550564749697717,0.269987909621549,0.2728264333539778,0.14678658150337837,0.14507231841216217,0.1865089210304054,0.19085198479729729,0.0,0.0,0.0,0.15,1.6071028855317069,0.5636289586836027,0.05084745762711865,0.15517241379310345,1.0853659221076548
retrieval_compatible,13,0,/apdcephfs_gy2/share_303214315/cedricnie/develop/training-free/runs/v190_head_phase_causal_screen/screen32/vbench_comparison/published/retrieval_compatible/000013-0.mp4,477,60,16.0,29.8125,0.04295831891380303,0.042747665854061354,0.05194016475303498,0.05945045620787377,0.5750539429106954,0.5439356565475464,0.8661270976066583,1.1074743270874023,0.15133239277477922,0.12131193280220032,0.3009848028421401,0.5769983530044556,0.054393565654754644,1.0,0.0,0.0,0.5813685655593872,0.5318607091903687,1.0930842521614024,0.43931207977278747,0.43303498236287763,0.4701881448314123,0.4751677803722841,0.2475595998462318,0.24478002110748548,0.27261224696296665,0.27575937486197116,0.13912672438063065,0.14005753800675674,0.149560546875,0.15089210304054054,0.0,0.0,0.0,0.0,1.2150409552268049,0.5533463364996931,0.05084745762711865,0.05172413793103448,0.884193645863249
retrieval_compatible,14,0,/apdcephfs_gy2/share_303214315/cedricnie/develop/training-free/runs/v190_head_phase_causal_screen/screen32/vbench_comparison/published/retrieval_compatible/000014-0.mp4,477,60,16.0,29.8125,0.017565490439628278,0.016482325161204618,0.03261592341404334,0.040910982618144916,0.46114305425751007,0.3930712938308716,1.1624040842056271,1.4659664630889893,0.15469498302916002,0.08998307585716248,0.4493010833859443,0.8541443347930908,0.03930712938308716,0.9322033898305084,0.06779661016949153,0.01694915254237288,0.8116677403450012,0.26233354210853577,3.0940295847078083,0.4404125333973679,0.4428088877020403,0.4782434243756624,0.4800436580882353,0.21783566676208085,0.21538559926528317,0.2303615124971296,0.23209487471824147,0.12924232826576573,0.13064822635135137,0.1365630278716216,0.13885663006756757,0.0,0.0,0.0,0.0,1.9788423717554902,1.1430523938979553,0.01694915254237288,0.1724137931034483,1.5609473828267229
retrieval_compatible,15,0,/apdcephfs_gy2/share_303214315/cedricnie/develop/training-free/runs/v190_head_phase_causal_screen/screen32/vbench_comparison/published/retrieval_compatible/000015-0.mp4,477,60,16.0,29.8125,0.06511273845242836,0.06370727688658472,0.07752531762216605,0.14106820798387715,2.579313813629797,2.492340087890625,4.122464942932125,8.406196594238281,0.6536266269354984,0.46144866943359375,1.8542862176895138,3.2356293201446533,0.24923400878906252,1.0,0.0,0.0,2.657932996749878,2.383593797683716,1.1150947780333857,0.32300719837484543,0.3095843373244568,0.39218481924019605,0.42015362099231585,0.17129857370709206,0.17120939591753154,0.19481617943383428,0.20992488908961573,0.11069907798423423,0.11094541807432431,0.12851166596283783,0.14307960304054054,0.0,0.0,0.0,0.016666666666666666,1.2168989385652285,0.7439940587156693,0.03389830508474576,0.10344827586206896,0.9804464986404489
retrieval_compatible,16,0,/apdcephfs_gy2/share_303214315/cedricnie/develop/training-free/runs/v190_head_phase_causal_screen/screen32/vbench_comparison/published/retrieval_compatible/000016-0.mp4,477,60,16.0,29.8125,0.041454990110590666,0.04148108538459329,0.05563972996730429,0.05901760026520374,1.260236247111175,1.169947862625122,2.709791851043701,3.531813144683838,0.3448658241280194,0.24247539043426514,0.9701696932315826,1.4564955234527588,0.11699478626251221,0.9830508474576272,0.01694915254237288,0.01694915254237288,1.5919885635375977,1.090338110923767,1.4600870570219886,0.5240430826046635,0.5210128614368045,0.5942916014589957,0.6039504463102808,0.13813955135721448,0.1347278561781588,0.18204343470249781,0.18605432834355787,0.12308514569256755,0.11520798141891891,0.17593433277027026,0.17826224662162163,0.0,0.0,0.0,0.0,1.3413277268769284,0.8292418185667878,0.03389830508474576,0.13793103448275862,1.0852847727218582
retrieval_compatible,17,0,/apdcephfs_gy2/share_303214315/cedricnie/develop/training-free/runs/v190_head_phase_causal_screen/screen32/vbench_comparison/published/retrieval_compatible/000017-0.mp4,477,60,16.0,29.8125,0.04244500255616411,0.03835153018727022,0.06215007295795514,0.06559312109853707,2.950342548095574,2.978360176086426,4.153182411193846,4.444389343261719,0.41476063070626096,0.33959686756134033,1.1472893953323364,1.5262095928192139,0.2978360176086426,1.0,0.0,0.0,3.219399929046631,2.9376511573791504,1.0959095401643417,0.3763501627776674,0.3848848618839428,0.42655181318726815,0.4352830426934287,0.19778894969275948,0.18917125771735055,0.23259771341445817,0.2361738742530298,0.05442752322635136,0.0551097972972973,0.06706608952702703,0.06954708614864864,0.0,0.0,0.0,0.0,1.6205369813010542,0.3852084125164063,0.2033898305084746,0.08620689655172414,1.0028726969087303
retrieval_compatible,18,0,/apdcephfs_gy2/share_303214315/cedricnie/develop/training-free/runs/v190_head_phase_causal_screen/screen32/vbench_comparison/published/retrieval_compatible/000018-0.mp4,477,60,16.0,29.8125,0.11689848907764823,0.11187266181497013,0.1556995930391199,0.17458835676604625,7.094698707936174,6.692694664001465,11.41634140014648,14.91291618347168,2.0859273548783928,1.9667224884033203,5.43085888624191,7.7050981521606445,0.6692694664001465,1.0,0.0,0.0,5.783631324768066,6.743847846984863,0.8576159272860665,0.18718551099353029,0.180207298290938,0.23865021156266558,0.2566400039745628,0.1819726916009459,0.18110815085509174,0.21136076216628652,0.22480954289712707,0.1015717377533784,0.10119298986486487,0.124755859375,0.1484375,0.0,0.0,0.0,0.03333333333333333,1.391757293632975,0.8114607282853209,0.11864406779661017,0.05172413793103448,1.1016090109591479
retrieval_compatible,19,0,/apdcephfs_gy2/share_303214315/cedricnie/develop/training-free/runs/v190_head_phase_causal_screen/screen32/vbench_comparison/published/retrieval_compatible/000019-0.mp4,477,60,16.0,29.8125,0.05171541960067471,0.05056140750062232,0.07367508308560239,0.10359573364257812,1.0503572013418554,1.0710983276367188,1.5660197854042048,2.0521631240844727,0.32748648061834534,0.24487975239753723,0.816030916571617,1.009355068206787,0.10710983276367188,1.0,0.0,0.0,0.9502345323562622,1.0749127864837646,0.8840108186494388,0.2945636054252782,0.28208000049682036,0.342422309717806,0.3460292668587705,0.24351898594240107,0.24753343619786128,0.26084936615337445,0.2752390561915259,0.1168430637668919,0.12006440033783783,0.1314281566722973,0.13748416385135134,0.0,0.0,0.0,0.0,1.4571406677058107,0.7618636828349038,0.05084745762711865,0.10344827586206896,1.1095021752703573
retrieval_compatible,20,0,/apdcephfs_gy2/share_303214315/cedricnie/develop/training-free/runs/v190_head_phase_causal_screen/screen32/vbench_comparison/published/retrieval_compatible/000020-0.mp4,477,60,16.0,29.8125,0.1230880448254845,0.12395967969707414,0.15198912826238895,0.16163811777152268,5.190701480639183,5.174568176269531,7.401381301879883,8.585590362548828,1.4086704994070118,1.2853096723556519,2.869142723083496,3.5056042671203613,0.5174568176269532,1.0,0.0,0.0,5.351558208465576,5.144598007202148,1.040228643904479,0.25228065209050965,0.25947467458267093,0.3213191253063725,0.349604717309221,0.2175375354856972,0.21660163310821745,0.2586892400501254,0.2646097415926812,0.10964905335022523,0.11056271114864866,0.13979624155405404,0.14495354729729729,0.0,0.0,0.0,0.0,1.2261174652420177,0.5544699819090854,0.0,0.0,0.8902937235755515
retrieval_compatible,21,0,/apdcephfs_gy2/share_303214315/cedricnie/develop/training-free/runs/v190_head_phase_causal_screen/screen32/vbench_comparison/published/retrieval_compatible/000021-0.mp4,477,60,16.0,29.8125,0.05341100676901993,0.04853872785381242,0.09410827262728823,0.11200804616890701,2.0554103267900015,1.7851543426513672,3.9393568515777537,5.658773899078369,0.38410699752898053,0.19356590509414673,1.1732045650482177,3.62228487432003,0.17851543426513672,1.0,0.0,0.0,2.5593438148498535,1.5946322083473206,1.6049743642782441,0.1920259488578652,0.18170267579160043,0.26286510602974295,0.30273261542792795,0.19698883639612536,0.1907330971228038,0.2227292448206807,0.25088559294361634,0.11944503096846848,0.11023279138513514,0.1875079180743242,0.2375686233108108,0.0,0.0,0.0,0.06666666666666667,1.9388285764456143,0.6572006335910079,0.15254237288135594,0.1206896551724138,1.2980146050183112
retrieval_compatible,22,0,/apdcephfs_gy2/share_303214315/cedricnie/develop/training-free/runs/v190_head_phase_causal_screen/screen32/vbench_comparison/published/retrieval_compatible/000022-0.mp4,477,60,16.0,29.8125,0.06541308475594539,0.05987420175589767,0.09954370162066284,0.12877625110102633,3.994190658063833,3.717860698699951,7.507505226135249,8.569723129272461,0.8450612400433627,0.5398592948913574,2.18495292663574,4.494414567947388,0.37178606986999513,0.9152542372881356,0.0847457627118644,0.0847457627118644,3.466395854949951,3.9975850582122803,0.8671224763132678,0.15428465632452307,0.16734637900768415,0.24449983128808955,0.2509430271263911,0.16184930572977227,0.16912333258657947,0.2178713445165723,0.24323463091526096,0.08810573268581079,0.09142736486486486,0.14116606841216217,0.14585092905405406,0.0,0.0,0.0,0.08333333333333333,1.6625474528494684,0.5876909071390887,0.05084745762711865,0.15517241379310345,1.1251191799942786
retrieval_compatible,23,0,/apdcephfs_gy2/share_303214315/cedricnie/develop/training-free/runs/v190_head_phase_causal_screen/screen32/vbench_comparison/published/retrieval_compatible/000023-0.mp4,477,60,16.0,29.8125,0.1204685705609003,0.1168583589441636,0.15918938580681297,0.1659196741440717,3.463369575597472,3.1491830348968506,5.618013143539428,9.26226806640625,0.9868587954290982,0.7193125486373901,2.4438838005065913,4.948132514953613,0.3149183034896851,1.0,0.0,0.0,2.6841092109680176,3.4341211318969727,0.781600039100934,0.16216429434949656,0.1620739765500795,0.21319046125629304,0.23664257087970322,0.22941159119012092,0.2257011448981518,0.2750530124084927,0.29619900648220326,0.12680752041103605,0.13479201858108109,0.1716625316722973,0.17686338682432431,0.0,0.0,0.0,0.0,1.3622421814332997,0.7760373955484106,0.06779661016949153,0.1206896551724138,1.0691397884908551
retrieval_compatible,24,0,/apdcephfs_gy2/share_303214315/cedricnie/develop/training-free/runs/v190_head_phase_causal_screen/screen32/vbench_comparison/published/retrieval_compatible/000024-0.mp4,477,60,16.0,29.8125,0.08709054796669563,0.09031749052159926,0.11093803779751646,0.14139497046377145,0.6940965859566705,0.49162721633911133,1.2469389438629064,7.338452339172363,0.3018229244084194,0.09948346018791199,0.8064790278673144,4.7159435749053955,0.04916272163391114,1.0,0.0,0.0,0.4476437270641327,0.5151877850294113,0.8688942946086685,0.26029707959338017,0.2587309448695019,0.2929737854812533,0.3131193693693694,0.26909306901313507,0.26923846345388347,0.28724295689517454,0.2961848339116236,0.1341497747747748,0.13659997888513514,0.14980600717905407,0.15295080236486486,0.0,0.0,0.0,0.0,1.2283117827657737,1.640427952448887,0.01694915254237288,0.1206896551724138,1.4343698676073302
retrieval_compatible,25,0,/apdcephfs_gy2/share_303214315/cedricnie/develop/training-free/runs/v190_head_phase_causal_screen/screen32/vbench_comparison/published/retrieval_compatible/000025-0.mp4,477,60,16.0,29.8125,0.099540671021806,0.09775944130093443,0.1272691240497664,0.13616282145182293,1.995533977524709,2.032477855682373,3.4262197494506825,5.3817291259765625,0.33935751380591556,0.26479148864746094,0.788544189929962,1.682673454284668,0.2032477855682373,1.0,0.0,0.0,2.6377391815185547,1.5547906756401062,1.696523668970808,0.28127918129526586,0.27447249064321677,0.33391227394674083,0.33855481170508744,0.2849374775921201,0.28257659763400134,0.31153563678764934,0.3154580390748948,0.15422649211711711,0.15646114864864866,0.17859084670608108,0.18211570945945946,0.0,0.0,0.0,0.0,1.3018601820563995,0.38797184811896535,0.06779661016949153,0.08620689655172414,0.8449160150876824
retrieval_compatible,26,0,/apdcephfs_gy2/share_303214315/cedricnie/develop/training-free/runs/v190_head_phase_causal_screen/screen32/vbench_comparison/published/retrieval_compatible/000026-0.mp4,477,60,16.0,29.8125,0.02920856472660672,0.027263637617522596,0.05018600725660136,0.06255444171381931,0.8877055781372523,0.7221924066543579,2.248399257659912,2.9757962226867676,0.22746952854353805,0.17264243960380554,0.6566198587417602,0.9749383926391602,0.0722192406654358,1.0,0.0,0.0,1.8715729713439941,0.6210889220237732,3.013373616849596,0.20608894567821498,0.20983274749933756,0.21731526045806837,0.22518123592342343,0.19156697928484737,0.19245335626732823,0.203759535886066,0.21020941223877615,0.12356154983108107,0.12496040962837837,0.13160499366554054,0.13228462837837837,0.0,0.0,0.0,0.0,1.8407671038125282,0.9092034929910572,0.13559322033898305,0.13793103448275862,1.3749852984017927
retrieval_compatible,27,0,/apdcephfs_gy2/share_303214315/cedricnie/develop/training-free/runs/v190_head_phase_causal_screen/screen32/vbench_comparison/published/retrieval_compatible/000027-0.mp4,477,60,16.0,29.8125,0.03173936285739644,0.032226667217179844,0.03619604297712736,0.040195251913631665,1.1638011828822605,1.2063428163528442,1.553795337677002,1.692523717880249,0.1472550242625434,0.11605590581893921,0.38598408699035647,0.44846560060977936,0.12063428163528443,0.9830508474576272,0.01694915254237288,0.01694915254237288,1.3291823863983154,1.1419082283973694,1.1640010583545572,0.3332867771263911,0.33567351243706944,0.41288283630597505,0.4153787634141495,0.21451397187174104,0.1976042859235125,0.2755474889980841,0.28498284405176505,0.07660297015765766,0.07308382601351351,0.10129592483108107,0.10472972972972973,0.0,0.0,0.0,0.16666666666666666,1.1231705324412655,0.3199621879933835,0.05084745762711865,0.08620689655172414,0.7215663602173246
retrieval_compatible,28,0,/apdcephfs_gy2/share_303214315/cedricnie/develop/training-free/runs/v190_head_phase_causal_screen/screen32/vbench_comparison/published/retrieval_compatible/000028-0.mp4,477,60,16.0,29.8125,0.05948862305270671,0.054729730942670037,0.08691605885823567,0.10166724709903492,1.0799297627251028,0.3741261959075928,3.6277001142501817,4.338070869445801,0.6285150256650202,0.2736787796020508,2.1669561266899104,3.246111810207367,0.037412619590759276,1.0,0.0,0.0,1.9067440032958984,0.27307505905628204,6.982490491388705,0.6016745019375994,0.5718438452239003,0.7430847057995495,0.7493626208929518,0.18207559676810983,0.17893569311630936,0.20948862899233797,0.21439557038730295,0.11812535191441441,0.12192514780405406,0.1514358108108108,0.15825591216216217,0.0,0.0,0.0,0.0,1.5880958550532827,5.792045973773879,0.03389830508474576,0.25862068965517243,3.690070914413581
retrieval_compatible,29,0,/apdcephfs_gy2/share_303214315/cedricnie/develop/training-free/runs/v190_head_phase_causal_screen/screen32/vbench_comparison/published/retrieval_compatible/000029-0.mp4,477,60,16.0,29.8125,0.06419142443858812,0.061686040840896905,0.11313409019919002,0.1204907361198874,2.183917961888394,1.3455438613891602,7.352035140991194,16.089479446411133,0.5415052709908321,0.21452850103378296,1.9446225166320783,6.000487327575684,0.13455438613891602,1.0,0.0,0.0,1.2143923044204712,1.4217862486839294,0.8541314178165448,0.38018870547937644,0.3811243976053259,0.43890690725192105,0.45665149294515106,0.17304377562751716,0.16616001827805987,0.20477867143050235,0.2198189897358425,0.09427963119369369,0.08816775760135134,0.12944203969594592,0.13801203547297297,0.0,0.0,0.0,0.0,1.8340306600481942,1.4452316066638067,0.0847457627118644,0.1724137931034483,1.6396311333560005
retrieval_compatible,30,0,/apdcephfs_gy2/share_303214315/cedricnie/develop/training-free/runs/v190_head_phase_causal_screen/screen32/vbench_comparison/published/retrieval_compatible/000030-0.mp4,477,60,16.0,29.8125,0.03898411408814531,0.03835359835157207,0.05107235665414847,0.05897102355957031,0.9356852284932541,0.9918818473815918,1.3419327020645142,1.387740969657898,0.21336061481771798,0.17103993892669678,0.5181828498840332,0.8256494402885437,0.09918818473815919,1.0,0.0,0.0,1.0114784240722656,0.9304423034191132,1.087094192036806,0.3651017757187334,0.36719319273317436,0.3738315147638447,0.3753585386857446,0.229029368845554,0.23099101572647576,0.24657614500821157,0.24817653598240771,0.1570941547015766,0.1626372466216216,0.18063898859797295,0.1828811233108108,0.0,0.0,0.0,0.0,1.3316183839124724,0.5224239673827608,0.03389830508474576,0.10344827586206896,0.9270211756476165
retrieval_compatible,31,0,/apdcephfs_gy2/share_303214315/cedricnie/develop/training-free/runs/v190_head_phase_causal_screen/screen32/vbench_comparison/published/retrieval_compatible/000031-0.mp4,477,60,16.0,29.8125,0.060377966696021954,0.046560242596794574,0.11715219235887706,0.21550058103075215,0.8876639243404744,0.7367919683456421,2.5217478752136206,3.2735137939453125,0.265581087305628,0.17057481408119202,0.7405649244785307,1.7061986923217773,0.07367919683456421,1.0,0.0,0.0,0.3498864769935608,0.8062888383865356,0.43394681947193825,0.2846610218904566,0.2793737786499735,0.3284867162658982,0.4203115684618442,0.19107590448160539,0.18542544298058783,0.21829896376393862,0.2968742423230389,0.12412857193130632,0.12406302787162163,0.14573347761824326,0.16554054054054054,0.0,0.0,0.0,0.016666666666666666,2.5161422240300433,1.0051207888996947,0.1864406779661017,0.13793103448275862,1.760631506464869
retrieval_dense_phase,0,0,/apdcephfs_gy2/share_303214315/cedricnie/develop/training-free/runs/v190_head_phase_causal_screen/screen32/vbench_comparison/published/retrieval_dense_phase/000000-0.mp4,477,60,16.0,29.8125,0.06766292303255841,0.06815081577675015,0.08577228471344592,0.09105413100298713,3.053213059902191,3.378854274749756,4.734037590026855,5.242159843444824,0.47461445680980024,0.41224855184555054,1.2166840076446532,1.8633055686950684,0.33788542747497563,1.0,0.0,0.0,4.069340705871582,2.634779214859009,1.5444712342204123,0.4300662237375243,0.4430995276066508,0.5178876440779014,0.5339311738208797,0.24082370352569338,0.2377071843944119,0.27650624956718944,0.2835807862286665,0.1047138935810811,0.10496727195945946,0.12573506123310813,0.13442250844594594,0.0,0.0,0.0,0.0,1.2585657814342317,0.36008774238562363,0.0,0.08620689655172414,0.8093267619099277
retrieval_dense_phase,1,0,/apdcephfs_gy2/share_303214315/cedricnie/develop/training-free/runs/v190_head_phase_causal_screen/screen32/vbench_comparison/published/retrieval_dense_phase/000001-0.mp4,477,60,16.0,29.8125,0.040959360877633216,0.034913223864985445,0.07425546085133271,0.12933786429610908,1.642685186054747,1.4836809635162354,3.175910663604734,4.025201797485352,0.5824361505179569,0.4332383871078491,1.796236354112625,2.542287588119507,0.14836809635162354,1.0,0.0,0.0,2.041807174682617,1.2816933989524841,1.5930542954745393,0.33433998969097767,0.33334228645005304,0.3993149934171304,0.40608998244568095,0.23056404264571745,0.2338767067923596,0.2615024547917809,0.2663274947602767,0.05797965934684685,0.05888407939189189,0.06431191934121622,0.06701330236486487,0.0,0.0,0.0,0.0,2.126857752766959,1.210662129044004,0.1694915254237288,0.06896551724137931,1.6687599409054816
retrieval_dense_phase,2,0,/apdcephfs_gy2/share_303214315/cedricnie/develop/training-free/runs/v190_head_phase_causal_screen/screen32/vbench_comparison/published/retrieval_dense_phase/000002-0.mp4,477,60,16.0,29.8125,0.07943243183302065,0.08057877783681833,0.09599021238439222,0.10487070270613127,2.027838847394717,1.7327070236206055,3.8369535207748404,4.26546573638916,0.443057841268079,0.33442533016204834,1.5597960591316222,1.739199161529541,0.17327070236206055,1.0,0.0,0.0,1.6650381088256836,1.9456924200057983,0.8557560751666605,0.5026978880304938,0.4892366458830154,0.5659053774592608,0.5726564570084791,0.1988582245167725,0.19900901128751752,0.2137990706049745,0.21543142811777516,0.15433646537162163,0.14371304898648649,0.20767261402027026,0.21935705236486486,0.0,0.0,0.0,0.11666666666666667,1.191259224342964,0.9002076160990712,0.0,0.10344827586206896,1.0457334202210176
retrieval_dense_phase,3,0,/apdcephfs_gy2/share_303214315/cedricnie/develop/training-free/runs/v190_head_phase_causal_screen/screen32/vbench_comparison/published/retrieval_dense_phase/000003-0.mp4,477,60,16.0,29.8125,0.028653403190569693,0.030135259441300934,0.03871110280354818,0.040173306184656477,1.0953107531798087,1.1754841804504395,1.4642156481742856,1.7667973041534424,0.18740237016102362,0.13935816287994385,0.49883248656988144,0.7334873676300049,0.11754841804504396,1.0,0.0,0.0,1.3493621349334717,1.1514484882354736,1.1718823279722126,0.47057062404776107,0.4638743292925278,0.505309182689123,0.5075332455617383,0.2222180402891938,0.22065044077572254,0.2658771436990278,0.26934728342723335,0.10702465160472972,0.10302734375,0.13765968116554053,0.14025548986486486,0.0,0.0,0.0,0.0,1.2845783816446554,0.42436341965804375,0.0,0.10344827586206896,0.8544709006513496
retrieval_dense_phase,4,0,/apdcephfs_gy2/share_303214315/cedricnie/develop/training-free/runs/v190_head_phase_causal_screen/screen32/vbench_comparison/published/retrieval_dense_phase/000004-0.mp4,477,60,16.0,29.8125,0.0831036926147826,0.08476034426221661,0.11029865938074446,0.1649322509765625,1.583715697971441,1.2202191352844238,3.5035093784332165,11.238300323486328,0.9744637413271542,0.5061379820108414,3.3219944238662706,10.367846250534058,0.12202191352844238,1.0,0.0,0.0,1.937943458557129,1.0522401928901672,1.8417310720988695,0.42861148372637337,0.42480515326907786,0.45195952156200314,0.4544462316176471,0.23604881495842372,0.2353554477413846,0.2480923802153754,0.25274152809643285,0.1885676203547297,0.18926836993243243,0.19563054265202703,0.19853251689189189,0.0,0.0,0.0,0.0,1.3013002759819132,2.7224572437900174,0.01694915254237288,0.15517241379310345,2.011878759885965
retrieval_dense_phase,5,0,/apdcephfs_gy2/share_303214315/cedricnie/develop/training-free/runs/v190_head_phase_causal_screen/screen32/vbench_comparison/published/retrieval_dense_phase/000005-0.mp4,477,60,16.0,29.8125,0.12356089322263515,0.11809720058067172,0.18188086117015156,0.20553427303538602,2.645659606335527,2.394169807434082,4.907358169555662,6.5526123046875,0.8839910893604673,0.6601542234420776,2.0732799440622323,3.535959482192993,0.23941698074340823,1.0,0.0,0.0,3.6589174270629883,2.106868863105774,1.7366612090271776,0.35852133498388095,0.35239865899907263,0.43718946658055113,0.46636733240593536,0.2298200825468057,0.23574258188335656,0.26639321475697286,0.27245001258876,0.1536229588963964,0.15516786317567566,0.16662399704391892,0.1708984375,0.0,0.0,0.0,0.03333333333333333,1.5400946023772129,0.8659702990257993,0.06779661016949153,0.1724137931034483,1.203032450701506
retrieval_dense_phase,6,0,/apdcephfs_gy2/share_303214315/cedricnie/develop/training-free/runs/v190_head_phase_causal_screen/screen32/vbench_comparison/published/retrieval_dense_phase/000006-0.mp4,477,60,16.0,29.8125,0.04768740307575606,0.04702725503958908,0.06782683279000075,0.08077284869025736,0.5627311500957457,0.5809605121612549,0.8481772184371947,0.9738610982894897,0.17541431507159924,0.15651613473892212,0.36836883425712585,0.4517011046409607,0.05809605121612549,1.0,0.0,0.0,0.4799095392227173,0.592573344707489,0.8098736527874271,0.44162554788244124,0.442215911913752,0.4509651925592872,0.45337734333598306,0.25994914649259626,0.26026683069411616,0.2650871480874095,0.2682201581102241,0.1750439893018018,0.17450116131756757,0.1852829391891892,0.1876319679054054,0.0,0.0,0.0,0.0,1.4422877272530983,0.6340686269480553,0.01694915254237288,0.06896551724137931,1.0381781771005767
retrieval_dense_phase,7,0,/apdcephfs_gy2/share_303214315/cedricnie/develop/training-free/runs/v190_head_phase_causal_screen/screen32/vbench_comparison/published/retrieval_dense_phase/000007-0.mp4,477,60,16.0,29.8125,0.040648900666241626,0.03876389148188572,0.06636289334764668,0.07479381935269225,0.6766431589247817,0.5463333129882812,1.4117333054542538,3.984369993209839,0.37789285594019395,0.18320801854133606,0.9301130771636953,3.7267298698425293,0.05463333129882813,1.0,0.0,0.0,0.6652854681015015,0.47817811369895935,1.3912921755351124,0.42545351245087004,0.42176026555047696,0.4444700117166799,0.4472891204623741,0.19561790820172437,0.1948687694950038,0.2008455822060793,0.20387708345200076,0.1180954391891892,0.11775496199324324,0.1265968116554054,0.12990920608108109,0.0,0.0,0.0,0.0,1.7119770696566394,1.7024645121423267,0.0847457627118644,0.15517241379310345,1.7072207908994832
retrieval_dense_phase,8,0,/apdcephfs_gy2/share_303214315/cedricnie/develop/training-free/runs/v190_head_phase_causal_screen/screen32/vbench_comparison/published/retrieval_dense_phase/000008-0.mp4,477,60,16.0,29.8125,0.064856183073298,0.0641590716792088,0.10873269548603132,0.11357271531048943,1.4974076813560422,1.4599428176879883,2.475083398818969,2.972177028656006,0.4846984034982221,0.3362624943256378,1.3808937579393386,1.6506274342536926,0.14599428176879883,1.0,0.0,0.0,1.6351702213287354,1.3186479806900024,1.2400354342279492,0.25502714398681775,0.25672472219462106,0.3594081110062268,0.3629195026828299,0.17308385979709812,0.1679893908542985,0.23135677775284266,0.23839088764098426,0.1888275971283784,0.19177576013513514,0.2494721283783784,0.2524282094594595,0.0,0.0,0.0,0.0,1.6947361088652864,0.9458546877378154,0.0847457627118644,0.1206896551724138,1.3202953983015508
retrieval_dense_phase,9,0,/apdcephfs_gy2/share_303214315/cedricnie/develop/training-free/runs/v190_head_phase_causal_screen/screen32/vbench_comparison/published/retrieval_dense_phase/000009-0.mp4,477,60,16.0,29.8125,0.1483662389449084,0.14537646723728553,0.20016702090992639,0.22704276290594363,5.393966765727027,5.160557746887207,9.19685983657837,10.769439697265625,1.8177413817109733,1.4034769535064697,5.009069490432739,6.246845483779907,0.5160557746887208,1.0,0.0,0.0,5.738778114318848,4.973874092102051,1.1537843556256033,0.4121455169553745,0.4121957492878908,0.45574365726020133,0.4810084211049285,0.28551436124658813,0.2864005628239412,0.30249331282535674,0.31551420099484545,0.16145965301238738,0.16225453969594594,0.17709301097972974,0.18969066722972974,0.0,0.0,0.0,0.03333333333333333,1.3768873650176885,0.9706449837624928,0.1016949152542373,0.10344827586206896,1.1737661743900907
retrieval_dense_phase,10,0,/apdcephfs_gy2/share_303214315/cedricnie/develop/training-free/runs/v190_head_phase_causal_screen/screen32/vbench_comparison/published/retrieval_dense_phase/000010-0.mp4,477,60,16.0,29.8125,0.05682068536669045,0.0515282387826957,0.09725373212028952,0.10661867927102482,2.7583280539108537,2.3426568508148193,5.311889219284057,5.680232524871826,0.4461656459446611,0.38291168212890625,1.0316953778266906,1.3975112438201904,0.23426568508148193,1.0,0.0,0.0,2.174309492111206,2.3793253898620605,0.9138344428952864,0.24772049680654926,0.24109252864997352,0.2975255810728007,0.31377341265898256,0.24003839207525995,0.24148381864938334,0.25459156943321914,0.2591574429650525,0.09123689118806307,0.08365445523648649,0.14860641891891893,0.15387457770270271,0.0,0.0,0.0,0.0,1.8873870797413987,0.44039543284704624,0.06779661016949153,0.034482758620689655,1.1638912562942225
retrieval_dense_phase,11,0,/apdcephfs_gy2/share_303214315/cedricnie/develop/training-free/runs/v190_head_phase_causal_screen/screen32/vbench_comparison/published/retrieval_dense_phase/000011-0.mp4,477,60,16.0,29.8125,0.09136960748106429,0.09203037935144762,0.12166709376316445,0.12726435941808364,3.009037884110111,2.97489595413208,5.3028191566467155,10.286895751953125,1.1278826507001087,0.9041094779968262,2.6413181543350217,3.5191091299057007,0.297489595413208,1.0,0.0,0.0,2.2215399742126465,3.102057933807373,0.7161503819775522,0.46501063333554143,0.46075911044316376,0.5180977887354266,0.5252378527424483,0.19538825891578443,0.19658413522703244,0.20821123637051311,0.2161516522356922,0.11887229025900899,0.1222022804054054,0.14546954180743243,0.15237014358108109,0.0,0.0,0.0,0.0,1.3220318618761693,0.8878690868721898,0.06779661016949153,0.034482758620689655,1.1049504743741796
retrieval_dense_phase,12,0,/apdcephfs_gy2/share_303214315/cedricnie/develop/training-free/runs/v190_head_phase_causal_screen/screen32/vbench_comparison/published/retrieval_dense_phase/000012-0.mp4,477,60,16.0,29.8125,0.06997874612703636,0.06318478303797105,0.11572883830350986,0.13085533590877757,1.8005776577076669,1.3360697031021118,5.052275657653809,6.048523902893066,0.4775209221346625,0.34356653690338135,1.4142480969429012,2.3426613807678223,0.13360697031021118,1.0,0.0,0.0,1.2231247425079346,1.4091321229934692,0.8679986230883783,0.489311162035197,0.4852587191971383,0.5243950280703498,0.5264122118441971,0.24980606971145727,0.25118169216865827,0.2772406731179335,0.2829937204788774,0.1352024387668919,0.13409258868243243,0.15551229940878378,0.16435282939189189,0.0,0.0,0.0,0.08333333333333333,1.8315935062080109,1.0585137090222714,0.1694915254237288,0.1724137931034483,1.445053607615141
retrieval_dense_phase,13,0,/apdcephfs_gy2/share_303214315/cedricnie/develop/training-free/runs/v190_head_phase_causal_screen/screen32/vbench_comparison/published/retrieval_dense_phase/000013-0.mp4,477,60,16.0,29.8125,0.0546488493453153,0.0545158909816368,0.0662636655919692,0.08026194852941176,0.9756685313531908,1.0127161741256714,1.488619589805603,1.9499459266662598,0.28038096736217366,0.27599018812179565,0.7526640072464943,0.8347682952880859,0.10127161741256714,1.0,0.0,0.0,1.1025347709655762,0.9694079160690308,1.1373280047437384,0.4420170043664989,0.4402020816772655,0.45685081623443297,0.46412512006491785,0.2450811132037237,0.24110918069729115,0.2725495458305531,0.27540526770797646,0.12882179054054055,0.1288402660472973,0.13721758868243245,0.14025548986486486,0.0,0.0,0.0,0.05,1.2154926645936968,0.7432131790492107,0.03389830508474576,0.017241379310344827,0.9793529218214537
retrieval_dense_phase,14,0,/apdcephfs_gy2/share_303214315/cedricnie/develop/training-free/runs/v190_head_phase_causal_screen/screen32/vbench_comparison/published/retrieval_dense_phase/000014-0.mp4,477,60,16.0,29.8125,0.03423655679670431,0.03343362995222503,0.06565540612912643,0.07651560914282705,1.1813129391205512,1.1081974506378174,2.5493388175964347,4.136312007904053,0.34846823200069627,0.21518468856811523,1.145128029584884,1.9949371814727783,0.11081974506378174,0.9661016949152542,0.03389830508474576,0.03389830508474576,1.1081974506378174,1.101720929145813,1.0058785499309937,0.4468005494005034,0.44495996456014836,0.4788004376159247,0.48005173141891894,0.20600526179189388,0.2024792440409222,0.22870475377310592,0.23212113019785993,0.1273362718186937,0.12453811233108109,0.13842905405405406,0.1395164695945946,0.0,0.0,0.0,0.11666666666666667,1.963753448935838,1.0333249087748861,0.06779661016949153,0.15517241379310345,1.4985391788553621
retrieval_dense_phase,15,0,/apdcephfs_gy2/share_303214315/cedricnie/develop/training-free/runs/v190_head_phase_causal_screen/screen32/vbench_comparison/published/retrieval_dense_phase/000015-0.mp4,477,60,16.0,29.8125,0.07747240944453831,0.07775300717821308,0.10258811352299703,0.14117958218443627,3.6685745190765897,3.27571177482605,6.030849456787109,8.337106704711914,0.8080373509176846,0.6296764612197876,2.4654136419296266,2.8758130073547363,0.327571177482605,1.0,0.0,0.0,3.27571177482605,3.2834370136260986,0.9976472096866821,0.34282339037106957,0.33687705973436677,0.3954371656813063,0.4201839477344992,0.17264358245874864,0.17289641576815948,0.1953223664453491,0.20992373590016056,0.10502049901463964,0.1050464527027027,0.1255027977195946,0.14239336993243243,0.0,0.0,0.0,0.016666666666666666,1.319410235643502,0.7526344841681156,0.05084745762711865,0.1206896551724138,1.0360223599058087
retrieval_dense_phase,16,0,/apdcephfs_gy2/share_303214315/cedricnie/develop/training-free/runs/v190_head_phase_causal_screen/screen32/vbench_comparison/published/retrieval_dense_phase/000016-0.mp4,477,60,16.0,29.8125,0.039767728607771044,0.038982593311983,0.0550140661351821,0.05951110989439721,1.0681896567092104,1.1747517585754395,1.540886902809143,1.6313209533691406,0.22843474316699752,0.20087414979934692,0.5537429500371216,0.8430220484733582,0.11747517585754395,0.9830508474576272,0.01694915254237288,0.01694915254237288,1.2061970233917236,1.1692756414413452,1.0315762859002742,0.5538431124138845,0.5442634327802067,0.5932199547893481,0.6039358522125067,0.1422914857126004,0.14124316572855336,0.1815962347286374,0.1860624417308077,0.11877727336711712,0.10467694256756757,0.17367900126689187,0.17723289695945946,0.0,0.0,0.0,0.18333333333333332,1.4112469556577996,0.4713701818234492,0.1016949152542373,0.05172413793103448,0.9413085687406244
retrieval_dense_phase,17,0,/apdcephfs_gy2/share_303214315/cedricnie/develop/training-free/runs/v190_head_phase_causal_screen/screen32/vbench_comparison/published/retrieval_dense_phase/000017-0.mp4,477,60,16.0,29.8125,0.04842494794719439,0.04599428363874847,0.0772366647159352,0.08281881294998468,2.7365118022692405,2.644826650619507,4.712177467346191,5.7603302001953125,0.5688798016515272,0.4387319087982178,1.6714228272438048,2.442155361175537,0.2644826650619507,1.0,0.0,0.0,2.679093837738037,2.5328389406204224,1.0577434651576343,0.39326867078475536,0.39357021313593,0.43099092888844726,0.43836798655272924,0.2023539711021014,0.20074801920467705,0.23250290499193094,0.2361906215391829,0.05320198127815314,0.05223289695945946,0.06899941934121621,0.07245038006756757,0.0,0.0,0.0,0.13333333333333333,1.6792666089241184,0.6319593107746028,0.06779661016949153,0.1206896551724138,1.1556129598493605
retrieval_dense_phase,18,0,/apdcephfs_gy2/share_303214315/cedricnie/develop/training-free/runs/v190_head_phase_causal_screen/screen32/vbench_comparison/published/retrieval_dense_phase/000018-0.mp4,477,60,16.0,29.8125,0.12465192224940574,0.12301499609853707,0.1542989558799594,0.16111438227634803,7.438322988607116,6.921743392944336,11.29909019470214,13.607305526733398,2.07863319331202,1.3714745044708252,6.048544359207153,9.685280799865723,0.6921743392944336,1.0,0.0,0.0,7.378017902374268,6.756347179412842,1.0920128445820114,0.20529953609399837,0.19830056389109696,0.26082705580120563,0.28699945349761524,0.18462231238031762,0.18635143279881944,0.21757344480630178,0.24315183314341288,0.10391284839527029,0.10406989020270271,0.13028399493243245,0.14030827702702703,0.0,0.0,0.0,0.016666666666666666,1.2543101310702263,0.8738469509535305,0.01694915254237288,0.15517241379310345,1.0640785410118783
retrieval_dense_phase,19,0,/apdcephfs_gy2/share_303214315/cedricnie/develop/training-free/runs/v190_head_phase_causal_screen/screen32/vbench_comparison/published/retrieval_dense_phase/000019-0.mp4,477,60,16.0,29.8125,0.04726279541755998,0.04514544243906059,0.06805331585454005,0.10699740391151578,0.9101136665223009,0.901002049446106,1.6692145705223083,2.520498275756836,0.2598805869447774,0.19463860988616943,0.6677680432796476,1.0466560125350952,0.0901002049446106,1.0,0.0,0.0,0.5188024640083313,0.9285861849784851,0.5587014672422158,0.31639132123851793,0.309422715454425,0.3460832701957472,0.34871489136195016,0.24443351737182162,0.2443533817402588,0.26134934593411857,0.2668261831616561,0.12396361204954955,0.12459089949324326,0.1333812816722973,0.13785367398648649,0.0,0.0,0.0,0.05,1.5074238323481175,0.7411393167087247,0.06779661016949153,0.13793103448275862,1.1242815745284211
retrieval_dense_phase,20,0,/apdcephfs_gy2/share_303214315/cedricnie/develop/training-free/runs/v190_head_phase_causal_screen/screen32/vbench_comparison/published/retrieval_dense_phase/000020-0.mp4,477,60,16.0,29.8125,0.1199016711766556,0.1162539987003102,0.17351402432310806,0.20782502118278953,5.089490227780099,4.68520450592041,7.528852558135986,8.792089462280273,1.5228053947974896,1.5964386463165283,3.260919189453125,4.550724029541016,0.46852045059204106,1.0,0.0,0.0,4.846991062164307,4.663310527801514,1.0393884415948145,0.2762099990615615,0.27515779221316905,0.33063905587572867,0.34106603156465287,0.22032610083298967,0.21554704677613473,0.2594362331164125,0.26482703104994143,0.10751645199887387,0.11068148226351351,0.13192831503378377,0.14490076013513514,0.0,0.0,0.0,0.016666666666666666,1.4925424180066942,0.6960035971391426,0.06779661016949153,0.034482758620689655,1.0942730075729183
retrieval_dense_phase,21,0,/apdcephfs_gy2/share_303214315/cedricnie/develop/training-free/runs/v190_head_phase_causal_screen/screen32/vbench_comparison/published/retrieval_dense_phase/000021-0.mp4,477,60,16.0,29.8125,0.08553637380653854,0.08533303503896676,0.1165832541970645,0.15687341129078586,2.7419791221618652,2.753331422805786,4.379447317123413,4.790233612060547,0.5332734112081856,0.36414867639541626,1.4938867360353467,3.0551705360412598,0.27533314228057865,0.9830508474576272,0.01694915254237288,0.01694915254237288,2.753331422805786,2.7371782064437866,1.0059014120176655,0.23746852263568716,0.22812665606783256,0.29398318470124535,0.3027222650039746,0.22303158443769236,0.22243446488928095,0.2477991125784559,0.25487542125677615,0.1600049268018018,0.16239970439189189,0.21857844172297294,0.2257179054054054,0.0,0.0,0.0,0.0,1.3662147859129532,0.5425742515635839,0.03389830508474576,0.15517241379310345,0.9543945187382685
retrieval_dense_phase,22,0,/apdcephfs_gy2/share_303214315/cedricnie/develop/training-free/runs/v190_head_phase_causal_screen/screen32/vbench_comparison/published/retrieval_dense_phase/000022-0.mp4,477,60,16.0,29.8125,0.06491710476480714,0.05429149328493604,0.1166493838441138,0.21020272946825214,3.334295867863348,2.6799392700195312,7.7133568763732905,8.761024475097656,0.7364856241078213,0.5463576912879944,1.9487267494201659,5.214013755321503,0.2679939270019531,1.0,0.0,0.0,2.1316211223602295,3.4787938594818115,0.6127471786091252,0.21844502648328476,0.2193591742017753,0.25342906440447804,0.25810096631558027,0.2024091476332656,0.20208780712970548,0.22249748473384703,0.24267451290505615,0.10043197494369369,0.09883076435810811,0.1248416385135135,0.13223184121621623,0.0,0.0,0.0,0.03333333333333333,2.1485757120716342,0.7271533244131922,0.23728813559322035,0.10344827586206896,1.4378645182424132
retrieval_dense_phase,23,0,/apdcephfs_gy2/share_303214315/cedricnie/develop/training-free/runs/v190_head_phase_causal_screen/screen32/vbench_comparison/published/retrieval_dense_phase/000023-0.mp4,477,60,16.0,29.8125,0.15316646648190196,0.15166631960401347,0.21263314789416735,0.24466673907111672,3.2684312432499256,3.005462646484375,4.985534286499022,9.095026969909668,0.8313820690944277,0.6839081048965454,1.9866332292556763,3.9596290588378906,0.30054626464843753,1.0,0.0,0.0,2.652808427810669,3.298426866531372,0.8042647404822906,0.21518670612248278,0.21360547703033916,0.28947207145104664,0.3105212059485956,0.27449342606390625,0.279476332482511,0.3296465303908709,0.3417728728042569,0.14712046030405404,0.15585409628378377,0.18270692567567567,0.18478146114864866,0.0,0.0,0.0,0.0,1.4019800074883635,0.6610074597265518,0.05084745762711865,0.08620689655172414,1.0314937336074577
retrieval_dense_phase,24,0,/apdcephfs_gy2/share_303214315/cedricnie/develop/training-free/runs/v190_head_phase_causal_screen/screen32/vbench_comparison/published/retrieval_dense_phase/000024-0.mp4,477,60,16.0,29.8125,0.10029291043292649,0.09996138927983303,0.12366847169165517,0.15393099317363665,0.9625869292323872,0.7481177449226379,1.5214094400405815,9.415468215942383,0.4477796708715373,0.1377047449350357,1.0930695950984939,6.821341037750244,0.0748117744922638,1.0,0.0,0.0,0.6281719207763672,0.7730662226676941,0.8125719406141867,0.2974523621737546,0.2885073032591415,0.34354042461579226,0.3545347277424483,0.2791659979765319,0.2778787505414646,0.3044998334902499,0.31863562462537254,0.13720087274774775,0.13993876689189189,0.14878061655405406,0.15498310810810811,0.0,0.0,0.0,0.0,1.2371623942265975,1.461092993070933,0.03389830508474576,0.10344827586206896,1.3491276936487653
retrieval_dense_phase,25,0,/apdcephfs_gy2/share_303214315/cedricnie/develop/training-free/runs/v190_head_phase_causal_screen/screen32/vbench_comparison/published/retrieval_dense_phase/000025-0.mp4,477,60,16.0,29.8125,0.11283563238000029,0.11262741088867187,0.1374279426125919,0.14547780354817708,2.2061176532405917,2.1082539558410645,3.3195448637008647,5.352640151977539,0.4030135315040062,0.3616570234298706,1.095387840270996,1.7694144248962402,0.21082539558410646,1.0,0.0,0.0,1.3084845542907715,2.3955482244491577,0.5462150755039172,0.3108280201157039,0.30713553052133014,0.34593943552927925,0.36082726798489667,0.2878257889665115,0.2863091377784125,0.30834900706155227,0.323002343015049,0.15951972480292792,0.15632918074324326,0.19089025548986488,0.19330658783783783,0.0,0.0,0.0,0.0,1.2201997855427438,0.5195711063347694,0.01694915254237288,0.08620689655172414,0.8698854459387566
retrieval_dense_phase,26,0,/apdcephfs_gy2/share_303214315/cedricnie/develop/training-free/runs/v190_head_phase_causal_screen/screen32/vbench_comparison/published/retrieval_dense_phase/000026-0.mp4,477,60,16.0,29.8125,0.03678806090362844,0.03717706717696844,0.05928694855933095,0.06605547736672794,1.0616592456728726,0.9482005834579468,2.0367126464843746,2.466240406036377,0.37546837946464273,0.2037166953086853,1.0879953384399412,1.42487370967865,0.09482005834579468,1.0,0.0,0.0,0.7148599624633789,1.153748631477356,0.6195976688163111,0.18028139352587882,0.1682666869534976,0.2173420887569555,0.2209688203828829,0.17246426844900709,0.16619551800724675,0.19965320952217144,0.20396730315317627,0.11320866765202703,0.11218591638513514,0.12824904983108107,0.12932854729729729,0.0,0.0,0.0,0.0,1.5947182782632137,1.1474316272535752,0.03389830508474576,0.25862068965517243,1.3710749527583945
retrieval_dense_phase,27,0,/apdcephfs_gy2/share_303214315/cedricnie/develop/training-free/runs/v190_head_phase_causal_screen/screen32/vbench_comparison/published/retrieval_dense_phase/000027-0.mp4,477,60,16.0,29.8125,0.04204149583757577,0.04142457176657284,0.060510378444896006,0.07409092024260876,1.6013847300309245,1.3832943439483643,3.115419197082519,4.092885971069336,0.317122525824555,0.2245427370071411,0.8513542890548705,1.544774055480957,0.13832943439483644,0.9830508474576272,0.01694915254237288,0.01694915254237288,1.561600685119629,1.32487154006958,1.1786808289637019,0.33322680504493457,0.2989729791832273,0.41659033746522256,0.42370060777689456,0.2657733614324486,0.2693498559454738,0.28410106417884196,0.2861087104912834,0.11555593679617115,0.1127269847972973,0.1443676097972973,0.15685705236486486,0.0,0.0,0.0,0.05,1.4607363664704018,0.6154541820975232,0.05084745762711865,0.10344827586206896,1.0380952742839624
retrieval_dense_phase,28,0,/apdcephfs_gy2/share_303214315/cedricnie/develop/training-free/runs/v190_head_phase_causal_screen/screen32/vbench_comparison/published/retrieval_dense_phase/000028-0.mp4,477,60,16.0,29.8125,0.06613925808329407,0.07171032475490197,0.09325243183210781,0.10788515876321232,1.5684150195980475,1.4273991584777832,3.7337016105651846,4.360300064086914,0.67541663631283,0.5045135021209717,2.247251695394516,2.8890186548233032,0.14273991584777831,0.8813559322033898,0.11864406779661017,0.0847457627118644,2.348062515258789,1.2638001441955566,1.857938160588987,0.6542777370661103,0.6347774762354266,0.7448589858240594,0.7498926661036035,0.17304004949504453,0.17105842080578187,0.19142740324342583,0.19330531273036644,0.09415426168355853,0.09060916385135134,0.11863254856418919,0.13648120777027026,0.0,0.0,0.0,0.11666666666666667,1.3004045393858472,1.5743680960209097,0.0,0.10344827586206896,1.4373863177033783
retrieval_dense_phase,29,0,/apdcephfs_gy2/share_303214315/cedricnie/develop/training-free/runs/v190_head_phase_causal_screen/screen32/vbench_comparison/published/retrieval_dense_phase/000029-0.mp4,477,60,16.0,29.8125,0.08826481713611607,0.08563402213302312,0.11892764371984144,0.13255953321269914,2.2819853990764942,1.550717830657959,6.318061447143528,16.947938919067383,0.877060070120055,0.6126474738121033,3.2793761968612647,6.3867292404174805,0.15507178306579592,1.0,0.0,0.0,1.2505688667297363,1.6310302019119263,0.7667355670445553,0.4043799009257419,0.4013770204027557,0.44147765239964226,0.4566676396065183,0.17909363282332258,0.17694972121788333,0.2162210297768836,0.23204505369867323,0.09033906953828827,0.08533044763513514,0.13546109586148647,0.13832875844594594,0.0,0.0,0.0,0.0,1.3887896510933504,2.114747204183399,0.0,0.10344827586206896,1.7517684276383747
retrieval_dense_phase,30,0,/apdcephfs_gy2/share_303214315/cedricnie/develop/training-free/runs/v190_head_phase_causal_screen/screen32/vbench_comparison/published/retrieval_dense_phase/000030-0.mp4,477,60,16.0,29.8125,0.04737622558020722,0.045575919805788526,0.07055575800876988,0.08608582440544577,1.0124139043234162,0.9591429233551025,1.7128602027893063,2.233394145965576,0.3162909735893381,0.2680291533470154,0.7866445481777191,1.3341020345687866,0.09591429233551026,1.0,0.0,0.0,1.078041672706604,0.9317487478256226,1.1570089846886065,0.38756118480612967,0.3863987148913619,0.40668375004140167,0.4197847318826179,0.21975697574659003,0.2191848551076056,0.24597334242267377,0.24826341312340952,0.1695400478603604,0.1701462204391892,0.17711280616554054,0.18119193412162163,0.0,0.0,0.0,0.016666666666666666,1.5480929032135236,0.820153627809732,0.05084745762711865,0.08620689655172414,1.1841232655116278
retrieval_dense_phase,31,0,/apdcephfs_gy2/share_303214315/cedricnie/develop/training-free/runs/v190_head_phase_causal_screen/screen32/vbench_comparison/published/retrieval_dense_phase/000031-0.mp4,477,60,16.0,29.8125,0.07263189805786091,0.061641846451104855,0.12552421719420187,0.1955565658270144,1.232588683144521,1.073336124420166,2.5661012649536117,3.551238775253296,0.3953356311239045,0.2753162086009979,1.2246196687221527,1.6281020641326904,0.10733361244201661,1.0,0.0,0.0,1.1322052478790283,1.04374361038208,1.084754183515016,0.2953582695747218,0.29684886517951775,0.3326919951891229,0.3719652556968734,0.19522931671180252,0.19170904329245636,0.22366014648129234,0.2653233282177307,0.12074359515765766,0.11763619087837837,0.14406672297297296,0.16538217905405406,0.0,0.0,0.0,0.06666666666666667,2.036347455843481,1.140947035006124,0.2033898305084746,0.10344827586206896,1.5886472454248024
retrieval_head_only,0,0,/apdcephfs_gy2/share_303214315/cedricnie/develop/training-free/runs/v190_head_phase_causal_screen/screen32/vbench_comparison/published/retrieval_head_only/000000-0.mp4,477,60,16.0,29.8125,0.05799586383874094,0.05757557738061045,0.06725306193033855,0.06911071328555836,2.187531632892156,2.2260870933532715,2.9937595844268796,3.0704572200775146,0.2509264452704068,0.23579120635986328,0.5651502013206481,1.052788257598877,0.22260870933532717,1.0,0.0,0.0,2.2731168270111084,2.2091931104660034,1.0289353231468394,0.4094792684458355,0.41835890923092206,0.4931865177447668,0.533918442799417,0.2205004670821894,0.2116308586415972,0.2793959808309751,0.2841060547514775,0.11904736768018018,0.11169763513513514,0.1475216427364865,0.15023226351351351,0.0,0.0,0.0,0.0,1.1680831524407282,0.25387605139443703,0.0,0.034482758620689655,0.7109796019175827
retrieval_head_only,1,0,/apdcephfs_gy2/share_303214315/cedricnie/develop/training-free/runs/v190_head_phase_causal_screen/screen32/vbench_comparison/published/retrieval_head_only/000001-0.mp4,477,60,16.0,29.8125,0.03599225380524483,0.032529415803797104,0.06545122632793351,0.07397137810202206,1.5549813276630338,1.3607932329177856,2.7797981262207028,3.295867443084717,0.3326584162383244,0.21498608589172363,0.996253049373626,1.876542329788208,0.13607932329177858,1.0,0.0,0.0,1.5572211742401123,1.3522738218307495,1.1515575833094949,0.32141052300002204,0.3052790784810546,0.3962126711960122,0.400602808691044,0.25247762285032455,0.25008351051129546,0.28855671929878696,0.29498216128174454,0.05925842835022522,0.058052681587837836,0.07883498733108107,0.10805532094594594,0.0,0.0,0.0,0.06666666666666667,2.0120627656735692,0.7321119956170565,0.13559322033898305,0.10344827586206896,1.3720873806453129
retrieval_head_only,2,0,/apdcephfs_gy2/share_303214315/cedricnie/develop/training-free/runs/v190_head_phase_causal_screen/screen32/vbench_comparison/published/retrieval_head_only/000002-0.mp4,477,60,16.0,29.8125,0.06596402922275653,0.06602276820762484,0.08172387515797332,0.09224980672200521,1.7584519861108165,1.839564561843872,2.5707114219665526,2.7491886615753174,0.23551027425404253,0.2054627537727356,0.6015607357025147,0.7192366123199463,0.18395645618438722,1.0,0.0,0.0,2.3372511863708496,1.4645490050315857,1.5958845885941813,0.49047248650304726,0.4829562673887122,0.5673540538470455,0.572630063427398,0.20599657518253542,0.2064682702499141,0.22112005391478215,0.2317863004163726,0.1712221987612613,0.16980310388513514,0.2113795924831081,0.21943623310810811,0.0,0.0,0.0,0.06666666666666667,1.2378135206474905,0.3270125703549895,0.01694915254237288,0.08620689655172414,0.78241304550124
retrieval_head_only,3,0,/apdcephfs_gy2/share_303214315/cedricnie/develop/training-free/runs/v190_head_phase_causal_screen/screen32/vbench_comparison/published/retrieval_head_only/000003-0.mp4,477,60,16.0,29.8125,0.02418423055532803,0.026056674882477406,0.031232062695073146,0.0341487398334578,0.846976316076214,0.9208762049674988,1.2056095838546752,1.3375566005706787,0.14824133957254476,0.10883775353431702,0.35433606207370727,0.6234997808933258,0.09208762049674989,1.0,0.0,0.0,1.1367709636688232,0.8542434573173523,1.3307341764591494,0.4524391257065889,0.44134942617249606,0.5048178584144807,0.5070220381226814,0.24342351905609544,0.24418388903171784,0.26634989877790655,0.26932557626843057,0.11873460374436937,0.11660684121621621,0.13760821368243242,0.1403610641891892,0.0,0.0,0.0,0.0,1.1986204239772775,0.38478142899371925,0.0,0.05172413793103448,0.7917009264854984
retrieval_head_only,4,0,/apdcephfs_gy2/share_303214315/cedricnie/develop/training-free/runs/v190_head_phase_causal_screen/screen32/vbench_comparison/published/retrieval_head_only/000004-0.mp4,477,60,16.0,29.8125,0.0681648262001106,0.06749635584214154,0.08983366049972234,0.10231580547257965,0.7839485194723484,0.754063606262207,1.2213735938072203,1.3880672454833984,0.22521690356320348,0.19010287523269653,0.6019693821668625,0.8289639949798584,0.0754063606262207,1.0,0.0,0.0,0.7897514700889587,0.7483681440353394,1.0552980860869796,0.42230428210839516,0.4181191934121622,0.44428260176536827,0.45128283154478005,0.24180904312763438,0.2432793866445688,0.2504308042369578,0.25524041969163913,0.18945444467905406,0.1878563133445946,0.20237674197635136,0.20439189189189189,0.0,0.0,0.0,0.0,1.3309408986438114,0.7983005374715597,0.03389830508474576,0.08620689655172414,1.0646207180576854
retrieval_head_only,5,0,/apdcephfs_gy2/share_303214315/cedricnie/develop/training-free/runs/v190_head_phase_causal_screen/screen32/vbench_comparison/published/retrieval_head_only/000005-0.mp4,477,60,16.0,29.8125,0.10935523241372075,0.10479638342763864,0.15762102014878215,0.17555778353821996,2.470249829655987,2.3613553047180176,4.125319528579711,4.352846622467041,0.6224561539189569,0.46104103326797485,1.7319810211658475,2.43588650226593,0.23613553047180177,1.0,0.0,0.0,2.3979058265686035,2.313380002975464,1.0365378033372912,0.35266140278605806,0.33909013563195545,0.44279428842905405,0.46806428441308956,0.21558186381051575,0.21602568924805138,0.24039008045416874,0.2425402489784113,0.1304291596283784,0.12588418496621623,0.1618823902027027,0.1690772804054054,0.0,0.0,0.0,0.15,1.5040692721769224,0.7334690453847956,0.11864406779661017,0.1206896551724138,1.118769158780859
retrieval_head_only,6,0,/apdcephfs_gy2/share_303214315/cedricnie/develop/training-free/runs/v190_head_phase_causal_screen/screen32/vbench_comparison/published/retrieval_head_only/000006-0.mp4,477,60,16.0,29.8125,0.037777529906973015,0.03773474599800858,0.056537315892238225,0.067028621598786,0.40015638266074455,0.399555504322052,0.6756379246711727,0.9424338340759277,0.14569152223652806,0.1256040781736374,0.368045537173748,0.391058087348938,0.0399555504322052,1.0,0.0,0.0,0.5829341411590576,0.3567064553499222,1.6342124803634699,0.41810454928733887,0.41574770427596713,0.43733395849894013,0.43992582886195014,0.25288187101689064,0.2520649601081102,0.26175544697930486,0.26396601708409917,0.18298185881193693,0.18377850506756757,0.18880252322635135,0.19132706925675674,0.0,0.0,0.0,0.016666666666666666,1.4982826675240357,0.9211374469693048,0.01694915254237288,0.034482758620689655,1.2097100572466704
retrieval_head_only,7,0,/apdcephfs_gy2/share_303214315/cedricnie/develop/training-free/runs/v190_head_phase_causal_screen/screen32/vbench_comparison/published/retrieval_head_only/000007-0.mp4,477,60,16.0,29.8125,0.032196309488055,0.0300380688087613,0.0476713625590006,0.06522506265079274,0.3043172201615269,0.17834554612636566,0.9069270908832529,3.866468906402588,0.22899239022156287,0.06724401190876961,0.7227506898343558,3.6979867964982986,0.02,1.0,0.0,0.0,0.21012380719184875,0.170309916138649,1.2337731821838687,0.4004833406476329,0.39340517562599364,0.44371100995296764,0.44627384737678855,0.1900288197225583,0.19404307123413977,0.2026212611150609,0.20542445944752905,0.12360333966779279,0.12238703547297297,0.13423907305743243,0.13553103885135134,0.0,0.0,0.0,0.0,1.5870315386286131,4.052530077326715,0.05084745762711865,0.15517241379310345,2.819780807977664
retrieval_head_only,8,0,/apdcephfs_gy2/share_303214315/cedricnie/develop/training-free/runs/v190_head_phase_causal_screen/screen32/vbench_comparison/published/retrieval_head_only/000008-0.mp4,477,60,16.0,29.8125,0.05331935803333206,0.05188470728257123,0.07403484643674364,0.09214381797640932,0.9367439231630099,0.9606428146362305,1.5155756592750542,1.8086814880371094,0.29724809424630527,0.2807847857475281,0.6166130557656287,1.15068119764328,0.09606428146362306,1.0,0.0,0.0,1.2146097421646118,0.8986243307590485,1.3516323791707903,0.2997269765169582,0.29081596532193954,0.35400517935214626,0.3564379636989931,0.20113570488507032,0.19980065127328334,0.2320273010545136,0.23841181637284659,0.21701462204391894,0.21688925253378377,0.24787267736486485,0.251953125,0.0,0.0,0.0,0.0,1.4269107471983935,0.6418754675213216,0.03389830508474576,0.05172413793103448,1.0343931073598576
retrieval_head_only,9,0,/apdcephfs_gy2/share_303214315/cedricnie/develop/training-free/runs/v190_head_phase_causal_screen/screen32/vbench_comparison/published/retrieval_head_only/000009-0.mp4,477,60,16.0,29.8125,0.21559301840977718,0.21486102833467371,0.26985198675417427,0.2841065051508885,6.770935886997288,6.524947166442871,10.55899782180786,10.877860069274902,1.9376052083640263,1.4367620944976807,5.521103096008301,5.727397918701172,0.6524947166442872,1.0,0.0,0.0,6.205621719360352,6.532396554946899,0.9499762709079433,0.3806890484234234,0.3627189632187334,0.47255602684485953,0.511812421336778,0.27506196502114066,0.27217219426527334,0.31387078444587196,0.32407490250630194,0.16428332629504505,0.16345544763513514,0.18040276604729727,0.18963788006756757,0.0,0.0,0.0,0.03333333333333333,1.2559373323571972,0.8461529197359273,0.0,0.15517241379310345,1.0510451260465623
retrieval_head_only,10,0,/apdcephfs_gy2/share_303214315/cedricnie/develop/training-free/runs/v190_head_phase_causal_screen/screen32/vbench_comparison/published/retrieval_head_only/000010-0.mp4,477,60,16.0,29.8125,0.058210996695632906,0.05809102899887982,0.08477248023538025,0.10653536179486443,2.177678318346961,1.929861307144165,3.8904355287551864,4.962223052978516,0.25203568359901163,0.184486985206604,0.686192536354065,1.5704624652862549,0.1929861307144165,1.0,0.0,0.0,1.61177396774292,2.131773352622986,0.7560719181332077,0.25716693715774597,0.24957335552464233,0.2994504131889242,0.3137660638579756,0.22781014771205474,0.22020435218389667,0.2572317668230667,0.2586781437837308,0.10718169341216215,0.11349239864864866,0.14943649704391893,0.1590477195945946,0.0,0.0,0.0,0.0,1.4593041592879157,0.3555657257927524,0.0,0.06896551724137931,0.9074349425403341
retrieval_head_only,11,0,/apdcephfs_gy2/share_303214315/cedricnie/develop/training-free/runs/v190_head_phase_causal_screen/screen32/vbench_comparison/published/retrieval_head_only/000011-0.mp4,477,60,16.0,29.8125,0.0799910657229159,0.08152500975365733,0.09667157266654218,0.1098573273303462,1.7645478450645835,1.699008584022522,3.21551814079284,4.912522315979004,0.5983515525686329,0.4626277685165405,1.6272467374801636,2.8438888788223267,0.16990085840225222,1.0,0.0,0.0,2.0042061805725098,1.4375587105751038,1.3941734454592922,0.45106817410241123,0.45273287418852676,0.5180997604911897,0.5221935860492847,0.19370089029838064,0.1890043112316394,0.215920422319848,0.21989343370301853,0.12010838963963964,0.11749102618243243,0.14376979518581082,0.14851668074324326,0.0,0.0,0.0,0.13333333333333333,1.185790384553807,0.9577625167893754,0.05084745762711865,0.13793103448275862,1.0717764506715912
retrieval_head_only,12,0,/apdcephfs_gy2/share_303214315/cedricnie/develop/training-free/runs/v190_head_phase_causal_screen/screen32/vbench_comparison/published/retrieval_head_only/000012-0.mp4,477,60,16.0,29.8125,0.06481049570303575,0.06074105057061887,0.10178951413023701,0.11538476382984834,1.7968096712888297,1.525557041168213,4.065746307373041,6.0383405685424805,0.32733647165627316,0.2372628152370453,0.9353142976760864,1.787952184677124,0.1525557041168213,1.0,0.0,0.0,0.9653767347335815,1.5948599576950073,0.6053050175821112,0.49235890819587963,0.4958836881458665,0.5325043109515766,0.5371614376324854,0.25334573001393884,0.25821012739504245,0.26509488287154404,0.2683260016892742,0.15605996621621623,0.14562658361486486,0.19946157094594597,0.20663534628378377,0.0,0.0,0.0,0.25,1.675794428545392,0.6130969032530299,0.06779661016949153,0.08620689655172414,1.144445665899211
retrieval_head_only,13,0,/apdcephfs_gy2/share_303214315/cedricnie/develop/training-free/runs/v190_head_phase_causal_screen/screen32/vbench_comparison/published/retrieval_head_only/000013-0.mp4,477,60,16.0,29.8125,0.04097942667333895,0.04076152128331802,0.05144479489793963,0.05925131405101103,0.5859140377428572,0.5546053051948547,0.9297895312309263,1.1331663131713867,0.13084202388237262,0.10232025384902954,0.3362439274787902,0.4977710396051407,0.055460530519485476,1.0,0.0,0.0,0.4074874520301819,0.6410548090934753,0.6356515016343386,0.4398314968231099,0.4350799156233439,0.4694224359929783,0.4758716092011129,0.2484431197711972,0.24768847707795943,0.2726092091142377,0.2752461675499124,0.1353471635698198,0.13517472550675674,0.1444995777027027,0.14653716216216217,0.0,0.0,0.0,0.0,1.2620921221356336,0.6062760747675402,0.01694915254237288,0.06896551724137931,0.9341840984515869
retrieval_head_only,14,0,/apdcephfs_gy2/share_303214315/cedricnie/develop/training-free/runs/v190_head_phase_causal_screen/screen32/vbench_comparison/published/retrieval_head_only/000014-0.mp4,477,60,16.0,29.8125,0.02823437588996925,0.028800158407173905,0.04237451104556811,0.04864699419806985,1.083990449243683,1.0471127033233643,1.9997178554534911,2.4067835807800293,0.22954350170390359,0.17931026220321655,0.5458172891288996,1.1000776290893555,0.10471127033233643,0.9322033898305084,0.06779661016949153,0.03389830508474576,1.6318796873092651,0.8882676661014557,1.8371485866095636,0.45018772908938354,0.4497813990461049,0.4785584447038951,0.4800993433691044,0.22007166989870297,0.21978766517431586,0.22977856477031136,0.23209641368453357,0.13173168285472972,0.13034470016891891,0.14866580447635136,0.15448163006756757,0.0,0.0,0.0,0.08333333333333333,1.4713290964056966,0.5212593519270322,0.0,0.15517241379310345,0.9962942241663644
retrieval_head_only,15,0,/apdcephfs_gy2/share_303214315/cedricnie/develop/training-free/runs/v190_head_phase_causal_screen/screen32/vbench_comparison/published/retrieval_head_only/000015-0.mp4,477,60,16.0,29.8125,0.06394054384951021,0.059638419805788524,0.08922841015984025,0.1410882837632123,2.4976502596321755,2.2231638431549072,4.6272778034210145,8.357269287109375,0.8166795393516277,0.6506017446517944,2.8080371379852287,4.324642658233643,0.22231638431549072,1.0,0.0,0.0,2.439038038253784,2.194527745246887,1.111418182584604,0.33583792202128593,0.32906621580219925,0.3936685111122152,0.4201820846581876,0.17537609808152035,0.1728175166499259,0.1943544447919191,0.20991652872292568,0.10128844664977477,0.09814453125,0.12504750844594595,0.14313239020270271,0.0,0.0,0.0,0.016666666666666666,1.4961565120338702,1.2630815072992208,0.11864406779661017,0.10344827586206896,1.3796190096665455
retrieval_head_only,16,0,/apdcephfs_gy2/share_303214315/cedricnie/develop/training-free/runs/v190_head_phase_causal_screen/screen32/vbench_comparison/published/retrieval_head_only/000016-0.mp4,477,60,16.0,29.8125,0.041932885121490994,0.04188764983532475,0.05585294723510742,0.057456446628944544,1.2160177253565545,1.2152888774871826,2.405419921874998,3.1311466693878174,0.23038608015611253,0.1640726923942566,0.6098094701766967,0.9185667037963867,0.12152888774871827,0.9830508474576272,0.01694915254237288,0.01694915254237288,1.3470990657806396,1.1095186471939087,1.2141292705513307,0.514081737987988,0.5092040627484102,0.5935774377318496,0.6039470306703763,0.14132016298889497,0.13457064588913503,0.18196819289705374,0.18605123626378103,0.12323646889076574,0.11936497043918919,0.17623389991554053,0.17842060810810811,0.0,0.0,0.0,0.0,1.3333989243771187,0.5017814953079979,0.0,0.06896551724137931,0.9175902098425583
retrieval_head_only,17,0,/apdcephfs_gy2/share_303214315/cedricnie/develop/training-free/runs/v190_head_phase_causal_screen/screen32/vbench_comparison/published/retrieval_head_only/000017-0.mp4,477,60,16.0,29.8125,0.037927500787229784,0.037156987657733995,0.04432054706648284,0.05008249469831878,2.7069669093115856,2.6155645847320557,3.8546522617340084,4.195355415344238,0.4277759749313881,0.3423517942428589,1.1831039547920226,1.4376959800720215,0.2615564584732056,1.0,0.0,0.0,2.5811023712158203,2.6183055639266968,0.9857911187970427,0.37659226264407786,0.3845919448860625,0.4268374227858373,0.4352709326974033,0.19512926061576338,0.18737570765842876,0.23259822498792432,0.23623361745179966,0.05975902660472974,0.06147065033783784,0.07472946579391893,0.07664695945945946,0.0,0.0,0.0,0.0,1.1927917159145112,0.4523321510385194,0.05084745762711865,0.1206896551724138,0.8225619334765153
retrieval_head_only,18,0,/apdcephfs_gy2/share_303214315/cedricnie/develop/training-free/runs/v190_head_phase_causal_screen/screen32/vbench_comparison/published/retrieval_head_only/000018-0.mp4,477,60,16.0,29.8125,0.11233204771569892,0.11063868204752604,0.1474646788952397,0.15545271331188726,6.425832659511243,6.272768497467041,9.596249771118163,14.62415599822998,2.0006822142107734,1.83903968334198,5.070914053916931,6.63700532913208,0.6272768497467042,1.0,0.0,0.0,5.329493522644043,6.527340412139893,0.8164877555232096,0.16911451260543628,0.16801004819157395,0.21524037307068095,0.23832172015765765,0.18172730675660517,0.1816325934239256,0.2107503829431758,0.22321384517785922,0.09464298282657656,0.09587468327702703,0.12446684966216216,0.1317039695945946,0.0,0.0,0.0,0.0,1.3328492003537664,0.8084012754439412,0.06779661016949153,0.06896551724137931,1.0706252378988539
retrieval_head_only,19,0,/apdcephfs_gy2/share_303214315/cedricnie/develop/training-free/runs/v190_head_phase_causal_screen/screen32/vbench_comparison/published/retrieval_head_only/000019-0.mp4,477,60,16.0,29.8125,0.054015129244022485,0.05343996309766583,0.0738635014552696,0.10450615976371017,1.2613494896282584,1.1895943880081177,2.15333499908447,3.3892598152160645,0.3836858488362411,0.2763110399246216,1.2286364495754243,1.4969162940979004,0.11895943880081178,1.0,0.0,0.0,1.0968663692474365,1.2288086414337158,0.8926258591147802,0.2902813227979818,0.28418838185612083,0.34104948123675144,0.3458904676735559,0.24344651067566328,0.24454894678914227,0.26196415819049,0.2720403625709867,0.12384352125563061,0.12435335726351351,0.1420014252533784,0.14558699324324326,0.0,0.0,0.0,0.08333333333333333,1.3821772541324198,1.032819641687012,0.06779661016949153,0.1206896551724138,1.2074984479097157
retrieval_head_only,20,0,/apdcephfs_gy2/share_303214315/cedricnie/develop/training-free/runs/v190_head_phase_causal_screen/screen32/vbench_comparison/published/retrieval_head_only/000020-0.mp4,477,60,16.0,29.8125,0.10406494210351934,0.1057831932516659,0.14196455413219974,0.1556611603381587,5.605964939473039,5.57814359664917,8.695329380035398,9.268743515014648,1.6529548661462192,1.3506128787994385,4.102667593955994,5.8518476486206055,0.557814359664917,1.0,0.0,0.0,4.813403606414795,5.7346179485321045,0.8393590731963035,0.23672564683249425,0.2447246994236884,0.29099571078431374,0.30411387950450447,0.2187544240599363,0.21435633386650527,0.25778205868803367,0.26449235301797713,0.11703001829954957,0.11995882601351351,0.13989653716216216,0.14920291385135134,0.0,0.0,0.0,0.0,1.3420331696213383,0.7354897777139504,0.0847457627118644,0.10344827586206896,1.0387614736676443
retrieval_head_only,21,0,/apdcephfs_gy2/share_303214315/cedricnie/develop/training-free/runs/v190_head_phase_causal_screen/screen32/vbench_comparison/published/retrieval_head_only/000021-0.mp4,477,60,16.0,29.8125,0.044867824834618854,0.03982956830193015,0.05995569004732008,0.11133164050532322,1.4989014709905042,1.3049899339675903,2.22135157585143,5.594820022583008,0.32920341167984335,0.19013863801956177,0.6970099747180931,3.670580103993416,0.13049899339675905,1.0,0.0,0.0,1.4829908609390259,1.2843425273895264,1.1546692796611349,0.20271705011537275,0.19901903856981984,0.21067278273218065,0.3027397572204557,0.18914913137014538,0.1838032321892469,0.22456367049693754,0.25086250957240996,0.10798361838400902,0.09854043496621623,0.14602512668918918,0.1491501266891892,0.0,0.0,0.0,0.2,1.5053060478291604,0.5341113801536829,0.1864406779661017,0.08620689655172414,1.0197087139914216
retrieval_head_only,22,0,/apdcephfs_gy2/share_303214315/cedricnie/develop/training-free/runs/v190_head_phase_causal_screen/screen32/vbench_comparison/published/retrieval_head_only/000022-0.mp4,477,60,16.0,29.8125,0.06286093818662015,0.058068466186523435,0.11532904980229394,0.13010565065870097,3.8309495933985307,3.457432746887207,7.370865345001215,9.162025451660156,0.7948113782652493,0.4685845375061035,3.0761440753936764,4.68002188205719,0.34574327468872074,1.0,0.0,0.0,3.371042251586914,3.470442295074463,0.9713581050955304,0.15662708147025703,0.15854810463036567,0.2460293600125861,0.2521570283518813,0.1486404944619293,0.1506666868694156,0.21777444447862682,0.24282217548698926,0.09067426801801802,0.08980415962837837,0.14283546241554054,0.14418813344594594,0.0,0.0,0.0,0.0,1.986087413293165,0.8897191357267,0.03389830508474576,0.15517241379310345,1.4379032745099325
retrieval_head_only,23,0,/apdcephfs_gy2/share_303214315/cedricnie/develop/training-free/runs/v190_head_phase_causal_screen/screen32/vbench_comparison/published/retrieval_head_only/000023-0.mp4,477,60,16.0,29.8125,0.12126633202605726,0.11535951202990961,0.16398018780876608,0.1666524849685968,4.684797634512691,4.356870651245117,8.428847503662107,9.38231372833252,1.146135897471987,0.7433297634124756,2.958082008361815,5.209205150604248,0.4356870651245117,1.0,0.0,0.0,4.7177042961120605,4.252042293548584,1.109514903760483,0.15901928180478273,0.16162569968865925,0.20545419212870958,0.20821368243243243,0.21471887636366924,0.2174491379386842,0.26004691966944365,0.28211676640673505,0.11672341286599099,0.11873152449324324,0.1439743454391892,0.15239653716216217,0.0,0.0,0.0,0.0,1.4214708863041172,0.6789464836456521,0.06779661016949153,0.08620689655172414,1.0502086849748846
retrieval_head_only,24,0,/apdcephfs_gy2/share_303214315/cedricnie/develop/training-free/runs/v190_head_phase_causal_screen/screen32/vbench_comparison/published/retrieval_head_only/000024-0.mp4,477,60,16.0,29.8125,0.0709948739723416,0.06958206775141697,0.08757423176484949,0.13879701202990963,0.7446630839574135,0.525967001914978,1.4362720847129746,6.991289138793945,0.32174874893550215,0.10749688744544983,0.8808876037597642,4.369641065597534,0.05259670019149781,1.0,0.0,0.0,0.5126136541366577,0.5285191237926483,0.969905592929442,0.2503610676393305,0.24982150693892424,0.29136968712738476,0.30012089295177535,0.2728736608586193,0.2690231160834173,0.29941939097422865,0.3067235562099528,0.11877639358108107,0.11768897804054054,0.13149546030405404,0.13711465371621623,0.0,0.0,0.0,0.06666666666666667,1.2585747247079493,1.6747963285768233,0.05084745762711865,0.1206896551724138,1.4666855266423862
retrieval_head_only,25,0,/apdcephfs_gy2/share_303214315/cedricnie/develop/training-free/runs/v190_head_phase_causal_screen/screen32/vbench_comparison/published/retrieval_head_only/000025-0.mp4,477,60,16.0,29.8125,0.09708934655891537,0.09661344640395221,0.1198945789711148,0.13320249669692097,2.835867623151359,2.7689990997314453,4.302176189422604,6.025720119476318,0.6739487812436861,0.3320385217666626,2.2677719354629513,4.223517179489136,0.27689990997314456,1.0,0.0,0.0,2.9885807037353516,2.6820952892303467,1.1142708895301605,0.26625838556847287,0.25850075144077905,0.3341316718832803,0.33852417445018546,0.2762722109785071,0.27383293656813423,0.30874193465047967,0.31478090328115005,0.14995601069819822,0.14542863175675674,0.178369140625,0.18467588682432431,0.0,0.0,0.0,0.18333333333333332,1.2409719706077085,0.8189861584580846,0.01694915254237288,0.20689655172413793,1.0299790645328966
retrieval_head_only,26,0,/apdcephfs_gy2/share_303214315/cedricnie/develop/training-free/runs/v190_head_phase_causal_screen/screen32/vbench_comparison/published/retrieval_head_only/000026-0.mp4,477,60,16.0,29.8125,0.027213952120612648,0.024590434280096315,0.04565814186544977,0.05897992451985677,0.6692799405526306,0.566378116607666,1.481957232952116,2.4089112281799316,0.2624601089748843,0.16943442821502686,0.7707228720188141,1.7979285418987274,0.056637811660766604,1.0,0.0,0.0,0.9201581478118896,0.4495009332895279,2.047066156410418,0.20298154139893573,0.20299965636592476,0.2112400998194886,0.21218689967541068,0.18540462317881753,0.18288668436236477,0.19989435875835568,0.20388638396087336,0.12507302224099098,0.12630648226351351,0.13424435177364863,0.13653399493243243,0.0,0.0,0.0,0.0,1.8567440227115393,1.3607921094040063,0.05084745762711865,0.1724137931034483,1.6087680660577728
retrieval_head_only,27,0,/apdcephfs_gy2/share_303214315/cedricnie/develop/training-free/runs/v190_head_phase_causal_screen/screen32/vbench_comparison/published/retrieval_head_only/000027-0.mp4,477,60,16.0,29.8125,0.0313297807199688,0.03157355364631204,0.03647787505505132,0.03810632743087469,1.1044295646123967,1.1600213050842285,1.410158574581146,1.4985439777374268,0.13244778495924225,0.09678250551223755,0.3119841068983078,0.4835493341088295,0.11600213050842285,0.9830508474576272,0.01694915254237288,0.01694915254237288,1.2335708141326904,1.101246178150177,1.120158996787427,0.3323807389650681,0.3312702868309486,0.4128320933525437,0.4150708383015368,0.21743644363387796,0.20250664473160335,0.27541966894089476,0.28496441585727894,0.07755489864864866,0.07606630067567569,0.10164432010135135,0.1053367820945946,0.0,0.0,0.0,0.03333333333333333,1.1553300418343035,0.26894687669176454,0.05084745762711865,0.1206896551724138,0.712138459263034
retrieval_head_only,28,0,/apdcephfs_gy2/share_303214315/cedricnie/develop/training-free/runs/v190_head_phase_causal_screen/screen32/vbench_comparison/published/retrieval_head_only/000028-0.mp4,477,60,16.0,29.8125,0.06329634771984097,0.0673295114554611,0.08991801467596315,0.09746776655608533,1.4911268558037483,1.3899986743927002,3.5741448879241933,4.443322658538818,0.4870303088221057,0.1519324705004692,2.070137003064155,2.786674737930298,0.13899986743927004,0.8813559322033898,0.11864406779661017,0.03389830508474576,2.173874855041504,0.34722305834293365,6.260744506473657,0.6000343513320304,0.5731933334989401,0.742505107934221,0.7492393473436672,0.1859539139420183,0.1703834739888666,0.22014195857810673,0.22130248653848958,0.1262479764921171,0.1424461570945946,0.16528188344594594,0.16765202702702703,0.0,0.0,0.0,0.0,1.3354918628133,1.4893086167644094,0.0,0.29310344827586204,1.4124002397888547
retrieval_head_only,29,0,/apdcephfs_gy2/share_303214315/cedricnie/develop/training-free/runs/v190_head_phase_causal_screen/screen32/vbench_comparison/published/retrieval_head_only/000029-0.mp4,477,60,16.0,29.8125,0.07173533802533238,0.06721803253772211,0.11565995683857039,0.12455948474360447,2.188253194598828,1.2958829402923584,8.098093414306629,16.099506378173828,0.5564260441681435,0.2547863721847534,1.7422690391540518,5.9990997314453125,0.12958829402923586,1.0,0.0,0.0,0.9596542119979858,1.3417989015579224,0.7151997299176205,0.3880147955860272,0.3847365920608108,0.43930296622449655,0.4566700202040276,0.17268073311880291,0.16935057278489868,0.19542006804401862,0.20314982202944903,0.09428271044481983,0.08921030405405406,0.13273991765202703,0.14067778716216217,0.0,0.0,0.0,0.016666666666666666,1.720668583592701,1.344464831646743,0.11864406779661017,0.1724137931034483,1.532566707619722
retrieval_head_only,30,0,/apdcephfs_gy2/share_303214315/cedricnie/develop/training-free/runs/v190_head_phase_causal_screen/screen32/vbench_comparison/published/retrieval_head_only/000030-0.mp4,477,60,16.0,29.8125,0.03716421818249881,0.03855543323591644,0.04992005217309089,0.06013720643286612,0.7150533555422799,0.7333461046218872,1.1778049468994138,1.27945077419281,0.19077815012685184,0.1645137071609497,0.48994838818907716,0.8440486788749695,0.07333461046218873,1.0,0.0,0.0,1.014169692993164,0.5931220650672913,1.7098836019160808,0.35697712245793584,0.35833178076974037,0.36717675625993645,0.36997342011128775,0.23287070915239885,0.23097468820451117,0.24608755824631984,0.24759800142603888,0.173632372606982,0.17475190033783783,0.18195206925675675,0.1845703125,0.0,0.0,0.0,0.0,1.2947605041197592,0.668099803218692,0.01694915254237288,0.10344827586206896,0.9814301536692256
retrieval_head_only,31,0,/apdcephfs_gy2/share_303214315/cedricnie/develop/training-free/runs/v190_head_phase_causal_screen/screen32/vbench_comparison/published/retrieval_head_only/000031-0.mp4,477,60,16.0,29.8125,0.06781956041005809,0.06270131503834445,0.11814822776644829,0.21212696748621324,0.9058102278386132,0.606981635093689,2.928226542472839,3.312854766845703,0.25537528560079376,0.1414279341697693,0.8848496854305267,1.8059335947036743,0.0606981635093689,1.0,0.0,0.0,0.9608263969421387,0.5457261800765991,1.760638268824258,0.2981565860437644,0.28833217408585055,0.3826687274360758,0.4044319480325914,0.19402231026635705,0.18863747315286866,0.2273548911642831,0.2887790650975479,0.14444767032657657,0.14658994932432434,0.1556521853885135,0.16548775337837837,0.0,0.0,0.0,0.016666666666666666,1.8843022302514032,1.4577865857406842,0.05084745762711865,0.20689655172413793,1.6710444079960438
retrieval_membership_shift,0,0,/apdcephfs_gy2/share_303214315/cedricnie/develop/training-free/runs/v190_head_phase_causal_screen/screen32/vbench_comparison/published/retrieval_membership_shift/000000-0.mp4,477,60,16.0,29.8125,0.054487636676457445,0.05538822248870251,0.06337937074549058,0.06443697611490885,2.3849686646865584,2.3454413414001465,3.6930091381073,3.817913055419922,0.21904877547560067,0.17728781700134277,0.5693498015403746,0.7309308052062988,0.23454413414001465,1.0,0.0,0.0,3.2495813369750977,1.7466319799423218,1.8604842773360917,0.42441081591701996,0.42228140939652886,0.4912991334625066,0.5339067468203498,0.23647688768085875,0.2309631327932109,0.27715872436153527,0.283887273349562,0.10803376618806307,0.1093090160472973,0.12612436655405404,0.12858952702702703,0.0,0.0,0.0,0.0,1.1442752249075698,0.24274740599587655,0.0,0.1206896551724138,0.6935113154517232
retrieval_membership_shift,1,0,/apdcephfs_gy2/share_303214315/cedricnie/develop/training-free/runs/v190_head_phase_causal_screen/screen32/vbench_comparison/published/retrieval_membership_shift/000001-0.mp4,477,60,16.0,29.8125,0.040814556795008054,0.037574420255773205,0.07157972298416436,0.0824488920323989,1.691770248493906,1.5352380275726318,3.0139070749282832,3.818864345550537,0.4456974021319685,0.33240920305252075,1.2506630420684812,2.6852822303771973,0.15352380275726318,1.0,0.0,0.0,2.078876256942749,1.413173258304596,1.4710696262656473,0.3368406486679694,0.32542504015964496,0.39253398044183885,0.3970415383214096,0.2273632789665277,0.220893230253991,0.261950603345918,0.266378477907741,0.06686109938063065,0.06476984797297297,0.08011771537162161,0.08337732263513513,0.0,0.0,0.0,0.21666666666666667,1.90501204002386,0.8146378734807053,0.11864406779661017,0.10344827586206896,1.3598249567522827
retrieval_membership_shift,2,0,/apdcephfs_gy2/share_303214315/cedricnie/develop/training-free/runs/v190_head_phase_causal_screen/screen32/vbench_comparison/published/retrieval_membership_shift/000002-0.mp4,477,60,16.0,29.8125,0.07853210508803588,0.07945989720961627,0.08745410619997508,0.09643417807186351,1.579544909929825,1.5028753280639648,2.258885145187377,2.624513626098633,0.24825162517613378,0.18299686908721924,0.7326358318328856,1.1038236618041992,0.1502875328063965,1.0,0.0,0.0,1.564448595046997,1.501102328300476,1.0421998324512898,0.474429218970809,0.45674894218667195,0.5691819852941177,0.5726398963301537,0.20705902612299987,0.20667375583040873,0.22040738880280164,0.23056948528559087,0.16498495565878377,0.15128800675675674,0.2061378272804054,0.21885557432432431,0.0,0.0,0.0,0.3,1.1006068378023444,0.4874894265359205,0.03389830508474576,0.10344827586206896,0.7940481321691324
retrieval_membership_shift,3,0,/apdcephfs_gy2/share_303214315/cedricnie/develop/training-free/runs/v190_head_phase_causal_screen/screen32/vbench_comparison/published/retrieval_membership_shift/000003-0.mp4,477,60,16.0,29.8125,0.026358235274568747,0.028098192401960785,0.034180111230588416,0.03849260666791131,0.9585695271774873,1.0489997863769531,1.3334110975265503,1.4538862705230713,0.16299710294296002,0.12950220704078674,0.418266987800598,0.6099653840065002,0.10489997863769532,1.0,0.0,0.0,1.1516880989074707,1.0182164907455444,1.1310837227397461,0.43587468672716834,0.4253608675311341,0.5035421738374404,0.5071063940779015,0.24642780604655232,0.24565174874270146,0.26512891731367255,0.26937094673845774,0.11436382671734234,0.11251583614864866,0.13529349662162163,0.13993876689189189,0.0,0.0,0.0,0.0,1.2164523162779401,0.3987293355370577,0.01694915254237288,0.08620689655172414,0.8075908259074989
retrieval_membership_shift,4,0,/apdcephfs_gy2/share_303214315/cedricnie/develop/training-free/runs/v190_head_phase_causal_screen/screen32/vbench_comparison/published/retrieval_membership_shift/000004-0.mp4,477,60,16.0,29.8125,0.07427890551926172,0.07451943042231542,0.10526826447131586,0.1420253080480239,1.0572587908324549,0.9479142427444458,2.1451004028320297,6.8747758865356445,0.4289242008636738,0.18335562944412231,1.3146141797304147,5.749896287918091,0.09479142427444459,1.0,0.0,0.0,0.8685460686683655,0.9505892395973206,0.9136922999846817,0.41974680275404086,0.41363538975556435,0.4465683117630498,0.45306486403683094,0.23470435927844777,0.23340541132307446,0.2446117978024338,0.25325901138178697,0.19083482896959456,0.19124788851351351,0.19676414695945946,0.20156777871621623,0.0,0.0,0.0,0.03333333333333333,1.4126284094596686,1.3868492743861323,0.03389830508474576,0.13793103448275862,1.3997388419229004
retrieval_membership_shift,5,0,/apdcephfs_gy2/share_303214315/cedricnie/develop/training-free/runs/v190_head_phase_causal_screen/screen32/vbench_comparison/published/retrieval_membership_shift/000005-0.mp4,477,60,16.0,29.8125,0.10972298501376973,0.10873451232910156,0.16150346194996545,0.19627115586224725,2.408335916066574,2.0310559272766113,5.072185707092282,7.41787052154541,0.7742418215192598,0.440372109413147,2.613664579391479,4.66846227645874,0.20310559272766116,1.0,0.0,0.0,1.8331151008605957,2.181900143623352,0.8401461937742257,0.34883748178325386,0.3252101653583731,0.44733096205120565,0.4674855922098569,0.21057398891970244,0.2068832926740734,0.23944402891545388,0.24389793310798108,0.1501508833051802,0.14525707347972971,0.17528769003378378,0.17855257601351351,0.0,0.0,0.0,0.0,1.4853008349469636,1.2868501277047903,0.05084745762711865,0.1896551724137931,1.3860754813258769
retrieval_membership_shift,6,0,/apdcephfs_gy2/share_303214315/cedricnie/develop/training-free/runs/v190_head_phase_causal_screen/screen32/vbench_comparison/published/retrieval_membership_shift/000006-0.mp4,477,60,16.0,29.8125,0.05031742813500823,0.04848459281173407,0.07431861054663563,0.07698469722972197,0.5864429453671989,0.5909268260002136,0.9830071687698364,1.1295826435089111,0.18812096632760147,0.15114709734916687,0.4593777671456335,0.7191258668899536,0.059092682600021366,1.0,0.0,0.0,0.6188984513282776,0.5901264846324921,1.0487555929873298,0.4196230013331346,0.41552558417792795,0.4401772924118972,0.4454836960121887,0.2488852164978574,0.2502141975354423,0.2601485170019374,0.26868101663614297,0.16912742820945945,0.16905088682432431,0.17759844805743244,0.18193095439189189,0.0,0.0,0.0,0.0,1.5328294255293675,0.777385197174087,0.13559322033898305,0.08620689655172414,1.1551073113517272
retrieval_membership_shift,7,0,/apdcephfs_gy2/share_303214315/cedricnie/develop/training-free/runs/v190_head_phase_causal_screen/screen32/vbench_comparison/published/retrieval_membership_shift/000007-0.mp4,477,60,16.0,29.8125,0.038716416946872605,0.03432428322586359,0.06493537005256203,0.07557258605957032,0.7371338819295673,0.2917185425758362,3.07437994480133,4.299299240112305,0.43917095584088356,0.14014263451099396,2.0327203214168534,4.0916502475738525,0.029171854257583618,1.0,0.0,0.0,1.559340238571167,0.24553047865629196,6.350902939239667,0.3959528151773097,0.38957588102808693,0.44271595124536295,0.4458611759737679,0.1926404505865615,0.19292974000820173,0.2009989968229761,0.2038708861680425,0.11104527378941441,0.11102459881756757,0.11799118454391891,0.11953652871621621,0.0,0.0,0.0,0.0,1.8918201328566353,6.968087470437092,0.13559322033898305,0.20689655172413793,4.429953801646864
retrieval_membership_shift,8,0,/apdcephfs_gy2/share_303214315/cedricnie/develop/training-free/runs/v190_head_phase_causal_screen/screen32/vbench_comparison/published/retrieval_membership_shift/000008-0.mp4,477,60,16.0,29.8125,0.06583953247628127,0.06547408758425245,0.09166282429414635,0.09853365281048942,1.1266419902696447,0.9924665689468384,1.9208331704139707,2.2199888229370117,0.35191182535270166,0.3190813660621643,0.804085811972618,1.100197434425354,0.09924665689468384,1.0,0.0,0.0,1.3643920421600342,0.9536299407482147,1.4307353239030403,0.3040504917831435,0.29720207339692634,0.3561906299682035,0.3589187533121357,0.2085951264330383,0.2052983788851363,0.23261620651211756,0.23832071683979572,0.21951277449324325,0.21633498733108109,0.2448413745777027,0.24670080236486486,0.0,0.0,0.0,0.18333333333333332,1.3999862797048386,0.8101893173347675,0.05084745762711865,0.05172413793103448,1.105087798519803
retrieval_membership_shift,9,0,/apdcephfs_gy2/share_303214315/cedricnie/develop/training-free/runs/v190_head_phase_causal_screen/screen32/vbench_comparison/published/retrieval_membership_shift/000009-0.mp4,477,60,16.0,29.8125,0.15076673234487614,0.14772290996476717,0.21761637220195693,0.24379885804419424,5.05807879415609,4.426715850830078,8.710953140258782,16.00426483154297,1.7427625532807975,1.0186538696289062,6.916058909893035,9.809492111206055,0.44267158508300786,1.0,0.0,0.0,6.930572509765625,4.284029483795166,1.6177695639073708,0.38850581797330425,0.3797001275172231,0.4335868669680709,0.46605930378908317,0.2763900626008983,0.2766563447548576,0.2928489812796323,0.2965466105016317,0.1750149563626126,0.17422402871621623,0.18713312922297298,0.19438872466216217,0.0,0.0,0.0,0.03333333333333333,1.4731389481418948,1.5623453465160106,0.0847457627118644,0.15517241379310345,1.5177421473289527
retrieval_membership_shift,10,0,/apdcephfs_gy2/share_303214315/cedricnie/develop/training-free/runs/v190_head_phase_causal_screen/screen32/vbench_comparison/published/retrieval_membership_shift/000010-0.mp4,477,60,16.0,29.8125,0.06734112688535548,0.06599399342256433,0.10681145836325251,0.1184142318426394,2.338979232109199,1.9065937995910645,4.876802682876586,6.0070037841796875,0.24186860281845618,0.10843360424041748,0.6497907638549804,2.6340928077697754,0.19065937995910645,1.0,0.0,0.0,1.5651733875274658,2.095993399620056,0.7467453799287666,0.274132280833223,0.2760665594362745,0.30855232242812664,0.3138049814520403,0.22313686032963,0.21931450403133607,0.2564258993631692,0.26063433127943836,0.11258973817567568,0.11800570101351351,0.14854175464527028,0.15160472972972974,0.0,0.0,0.0,0.0,1.618502727654788,0.340812376497999,0.05084745762711865,0.20689655172413793,0.9796575520763935
retrieval_membership_shift,11,0,/apdcephfs_gy2/share_303214315/cedricnie/develop/training-free/runs/v190_head_phase_causal_screen/screen32/vbench_comparison/published/retrieval_membership_shift/000011-0.mp4,477,60,16.0,29.8125,0.08958970460039153,0.08756354836856618,0.12131230971392458,0.14008718752393537,2.1665417935888645,1.8099513053894043,5.50859842300415,7.0997161865234375,0.668861743705026,0.5484226942062378,1.8782360911369322,3.010510563850403,0.18099513053894045,1.0,0.0,0.0,2.63665771484375,1.7878735065460205,1.4747451121066666,0.4495517162382972,0.43216399418720186,0.5181138784694621,0.5206068660572336,0.20680819780469614,0.2064166706324086,0.21647333485044185,0.221174476022522,0.14576471002252253,0.13813080658783783,0.2048709353885135,0.21637457770270271,0.0,0.0,0.0,0.18333333333333332,1.3854202116536614,1.0377274159499206,0.06779661016949153,0.06896551724137931,1.2115738138017909
retrieval_membership_shift,12,0,/apdcephfs_gy2/share_303214315/cedricnie/develop/training-free/runs/v190_head_phase_causal_screen/screen32/vbench_comparison/published/retrieval_membership_shift/000012-0.mp4,477,60,16.0,29.8125,0.0655095226228257,0.0624269261079676,0.1078652961581361,0.1179579865698721,2.154274084810483,1.8080220222473145,4.403127431869505,6.039937973022461,0.4582714931718234,0.38966166973114014,1.0317501187324525,2.1028993129730225,0.18080220222473145,1.0,0.0,0.0,1.895425796508789,1.7811672687530518,1.0641481177877958,0.4663481565204911,0.45509675576311603,0.5181863624884075,0.5271260805842607,0.2572183742504411,0.2641722770453888,0.26807115856485597,0.2690391557661669,0.13315913569819818,0.13264094172297297,0.15256017736486488,0.15693623310810811,0.0,0.0,0.0,0.0,1.727864927572802,0.5706513007236602,0.03389830508474576,0.05172413793103448,1.149258114148231
retrieval_membership_shift,13,0,/apdcephfs_gy2/share_303214315/cedricnie/develop/training-free/runs/v190_head_phase_causal_screen/screen32/vbench_comparison/published/retrieval_membership_shift/000013-0.mp4,477,60,16.0,29.8125,0.049374055719803495,0.048443812949984684,0.06493430866914637,0.06874751670687806,0.8184992428553306,0.7416426539421082,1.2054275512695294,2.005397319793701,0.24205451587150836,0.14068709313869476,0.6067107260227202,1.0003225803375244,0.07416426539421082,1.0,0.0,0.0,0.6517266631126404,0.7700916230678558,0.8462975619918075,0.42507956888414145,0.4259136836744833,0.4508974128080286,0.46092683906332804,0.24666205645979916,0.2445904413255986,0.2726005591406408,0.27621093030165744,0.13228902730855854,0.13187552787162163,0.13773226351351353,0.13832875844594594,0.0,0.0,0.0,0.0,1.340404578313997,0.8180634201631012,0.0847457627118644,0.1896551724137931,1.0792339992385491
retrieval_membership_shift,14,0,/apdcephfs_gy2/share_303214315/cedricnie/develop/training-free/runs/v190_head_phase_causal_screen/screen32/vbench_comparison/published/retrieval_membership_shift/000014-0.mp4,477,60,16.0,29.8125,0.026527164670944847,0.02799085916257372,0.04689287410062901,0.06058651793236826,0.8851723298430443,1.032254934310913,1.540092778205871,1.7173864841461182,0.205633197365136,0.10592712461948395,0.6379497919231653,0.7975038290023804,0.10322549343109132,0.9322033898305084,0.06779661016949153,0.03389830508474576,1.2909677028656006,0.9424585103988647,1.3697873048217695,0.4364605224479995,0.43682970654478004,0.4783891790457737,0.48005359449523055,0.21677446507873893,0.21924570200863902,0.22946438931821797,0.23212575456277712,0.12533827773085585,0.12538270692567566,0.13425490920608107,0.13616448479729729,0.0,0.0,0.0,0.06666666666666667,1.6752924170090846,0.6180157349880161,0.01694915254237288,0.2413793103448276,1.1466540759985504
retrieval_membership_shift,15,0,/apdcephfs_gy2/share_303214315/cedricnie/develop/training-free/runs/v190_head_phase_causal_screen/screen32/vbench_comparison/published/retrieval_membership_shift/000015-0.mp4,477,60,16.0,29.8125,0.06544657270153245,0.059719153011546414,0.08931766883999688,0.14107959223728553,2.446998216338077,2.0612587928771973,5.26605806350708,8.40176010131836,0.7302017376340669,0.39186161756515503,2.11854521036148,3.7749667167663574,0.20612587928771975,1.0,0.0,0.0,2.3087539672851562,2.025357484817505,1.1399241786163923,0.3544787612750618,0.34974729439917857,0.3903915513629438,0.4201961612347642,0.17704868941565483,0.1774998051736703,0.19911990445400551,0.2099202409351233,0.10274537232545043,0.10912426097972974,0.13013355152027026,0.14249894425675674,0.0,0.0,0.0,0.0,1.4956285267932004,1.0277919578474277,0.0847457627118644,0.1896551724137931,1.261710242320314
retrieval_membership_shift,16,0,/apdcephfs_gy2/share_303214315/cedricnie/develop/training-free/runs/v190_head_phase_causal_screen/screen32/vbench_comparison/published/retrieval_membership_shift/000016-0.mp4,477,60,16.0,29.8125,0.04842681816623393,0.0489431194230622,0.061819469601500227,0.07227059158624387,1.6019117877645008,1.5666553974151611,2.854770684242248,4.0784502029418945,0.41620529674250506,0.28083765506744385,1.2712470293045042,1.9310267567634583,0.15666553974151612,0.9830508474576272,0.01694915254237288,0.01694915254237288,1.6627106666564941,1.3771398067474365,1.2073651916166204,0.5163055144988739,0.5128510346283783,0.5929936065431239,0.6038964170972443,0.16267964964753023,0.15949521311116205,0.18096056641623226,0.18605624443595017,0.12043874929617117,0.11165804476351351,0.1723659206081081,0.17744404560810811,0.0,0.0,0.0,0.18333333333333332,1.2630880567120257,0.811440110825869,0.05084745762711865,0.1206896551724138,1.0372640837689473
retrieval_membership_shift,17,0,/apdcephfs_gy2/share_303214315/cedricnie/develop/training-free/runs/v190_head_phase_causal_screen/screen32/vbench_comparison/published/retrieval_membership_shift/000017-0.mp4,477,60,16.0,29.8125,0.03982202454475361,0.03911207984475529,0.046359114927404056,0.05175636515897863,2.5400723441172453,2.465364933013916,3.7207221031188955,4.846534729003906,0.4792370117943862,0.2987476587295532,1.4570275902748107,2.0896730422973633,0.2465364933013916,1.0,0.0,0.0,1.9279537200927734,2.5813010931015015,0.7468922262672915,0.36339376600865575,0.37827171725953895,0.42761488453067037,0.4352967052530472,0.19929458796092073,0.20288529595188182,0.23256596380306271,0.23615126915251983,0.05596714878941442,0.05976826435810811,0.0670608108108108,0.07039168074324324,0.0,0.0,0.0,0.0,1.185288921259465,0.5909987486086249,0.05084745762711865,0.15517241379310345,0.8881438349340449
retrieval_membership_shift,18,0,/apdcephfs_gy2/share_303214315/cedricnie/develop/training-free/runs/v190_head_phase_causal_screen/screen32/vbench_comparison/published/retrieval_membership_shift/000018-0.mp4,477,60,16.0,29.8125,0.12495151873481121,0.1253859650854971,0.16128995558794806,0.1766733506146599,7.463648254588499,7.550413608551025,11.303201961517333,13.501703262329102,2.101479045275984,1.7385823726654053,5.04155855178833,7.780620574951172,0.7550413608551025,1.0,0.0,0.0,7.550413608551025,7.530405282974243,1.0026570051444668,0.20140826143238827,0.19212436241388448,0.26616459347674876,0.27260211728272393,0.18699246981586234,0.18319433331165977,0.2280419706585601,0.2402494399407339,0.09654859938063064,0.09405352618243243,0.140966796875,0.14864864864864866,0.0,0.0,0.0,0.06666666666666667,1.286347762111725,0.6677195201702121,0.01694915254237288,0.10344827586206896,0.9770336411409686
retrieval_membership_shift,19,0,/apdcephfs_gy2/share_303214315/cedricnie/develop/training-free/runs/v190_head_phase_causal_screen/screen32/vbench_comparison/published/retrieval_membership_shift/000019-0.mp4,477,60,16.0,29.8125,0.05209086469813177,0.05039549060896331,0.06875703101064641,0.09611093109729243,1.0551477433261225,1.0147842168807983,2.1522050619125364,2.5938191413879395,0.3013219031794318,0.20863628387451172,0.8496174693107604,1.3029272556304932,0.10147842168807984,1.0,0.0,0.0,0.8174358606338501,1.0367316007614136,0.7884739502813413,0.30378152739136194,0.3025203282326444,0.34414312980259676,0.3488064926139374,0.23822629270778278,0.238671532679496,0.25478139079272116,0.26810158859999716,0.11897610501126124,0.11980046452702703,0.12678288640202703,0.12938133445945946,0.0,0.0,0.0,0.0,1.3643488768500516,0.8372395383939646,0.06779661016949153,0.15517241379310345,1.100794207622008
retrieval_membership_shift,20,0,/apdcephfs_gy2/share_303214315/cedricnie/develop/training-free/runs/v190_head_phase_causal_screen/screen32/vbench_comparison/published/retrieval_membership_shift/000020-0.mp4,477,60,16.0,29.8125,0.1221029809639279,0.11648780972349877,0.15733352062748923,0.17783788045247395,5.178712493282253,5.028952598571777,7.608730792999266,8.45379638671875,1.2610788591976823,1.1264138221740723,2.999309241771698,3.9832401275634766,0.5028952598571778,1.0,0.0,0.0,4.560720443725586,5.045260190963745,0.9039613956667709,0.25869638135378026,0.2586500045541865,0.3095420144409115,0.31926048290938,0.2283749215717756,0.22925835714949674,0.2591052833759127,0.2644925130345579,0.11446368243243242,0.11200116131756757,0.13790646114864863,0.14907094594594594,0.0,0.0,0.0,0.13333333333333333,1.3506436510476405,0.5964083341377093,0.05084745762711865,0.1206896551724138,0.9735259925926749
retrieval_membership_shift,21,0,/apdcephfs_gy2/share_303214315/cedricnie/develop/training-free/runs/v190_head_phase_causal_screen/screen32/vbench_comparison/published/retrieval_membership_shift/000021-0.mp4,477,60,16.0,29.8125,0.09137051294871287,0.09586614720961627,0.12270920547784543,0.13983796063591453,3.4901715309943184,3.5663344860076904,6.701292419433593,7.672764778137207,0.5469208519006598,0.35019949078559875,1.8126344323158254,3.2685225009918213,0.35663344860076907,0.9830508474576272,0.01694915254237288,0.01694915254237288,2.387662172317505,4.093106985092163,0.5833373476466174,0.2218120193953145,0.21992974132220455,0.2769040639904611,0.30273323645336514,0.24109604784017707,0.2396013974705361,0.26065215091840505,0.2649946222015854,0.13032050605292791,0.12622730152027029,0.1764450485641892,0.18557326858108109,0.0,0.0,0.0,0.11666666666666667,1.2800056020769817,0.5082625983142055,0.0,0.13793103448275862,0.8941341001955936
retrieval_membership_shift,22,0,/apdcephfs_gy2/share_303214315/cedricnie/develop/training-free/runs/v190_head_phase_causal_screen/screen32/vbench_comparison/published/retrieval_membership_shift/000022-0.mp4,477,60,16.0,29.8125,0.06075460814922583,0.04688959308699066,0.12512592315673815,0.18524567847158394,3.0273973719548373,1.7685716152191162,7.295418834686275,8.187491416931152,0.46186528329191534,0.2347095012664795,1.893438911437988,5.370124340057373,0.17685716152191164,1.0,0.0,0.0,1.6416727304458618,2.8683546781539917,0.5723395167791472,0.19939218860404523,0.18467821566971382,0.2543429706130763,0.26663085419978805,0.16252980183825513,0.1501399416540085,0.21924441481485227,0.24482667882179415,0.0966233811936937,0.09683804898648649,0.15689136402027026,0.16239970439189189,0.0,0.0,0.0,0.0,2.6685222651559726,1.0706034718324942,0.1694915254237288,0.13793103448275862,1.8695628684942334
retrieval_membership_shift,23,0,/apdcephfs_gy2/share_303214315/cedricnie/develop/training-free/runs/v190_head_phase_causal_screen/screen32/vbench_comparison/published/retrieval_membership_shift/000023-0.mp4,477,60,16.0,29.8125,0.13554913770245253,0.13919281305051318,0.20267212063658466,0.23184193629844516,4.370674377780849,3.9929559230804443,7.313847875595091,10.930906295776367,1.3959521466288074,0.9893720149993896,4.063299512863159,5.647014141082764,0.39929559230804446,1.0,0.0,0.0,2.9016220569610596,4.434513092041016,0.654327092227744,0.20237238444786698,0.19250712109167992,0.307331971217541,0.36956323281001585,0.23631846803161138,0.24420800675102355,0.2805570949505708,0.30949886828821155,0.12989468961148648,0.12936813766891891,0.1735377956081081,0.17670502533783783,0.0,0.0,0.0,0.0,1.4560530547150792,1.0176169211826527,0.01694915254237288,0.08620689655172414,1.2368349879488658
retrieval_membership_shift,24,0,/apdcephfs_gy2/share_303214315/cedricnie/develop/training-free/runs/v190_head_phase_causal_screen/screen32/vbench_comparison/published/retrieval_membership_shift/000024-0.mp4,477,60,16.0,29.8125,0.09428126042607853,0.09025031445073146,0.11951727399639052,0.15942385804419423,1.2356994081351718,0.8860946893692017,2.5159211397171015,9.637859344482422,0.5522029667065061,0.23639607429504395,1.6841154515743235,7.017891883850098,0.08860946893692018,1.0,0.0,0.0,0.7141954302787781,0.9504573941230774,0.7514228777584689,0.27289557250264973,0.26709098229663486,0.3399065408469131,0.3749428656597774,0.27486660504032934,0.27722972227332393,0.31378254886963275,0.3306966359643521,0.1249296171171171,0.12344277871621621,0.15046716638513513,0.15717377533783783,0.0,0.0,0.0,0.16666666666666666,1.3242865105100123,1.9006043843612488,0.11864406779661017,0.15517241379310345,1.6124454474356305
retrieval_membership_shift,25,0,/apdcephfs_gy2/share_303214315/cedricnie/develop/training-free/runs/v190_head_phase_causal_screen/screen32/vbench_comparison/published/retrieval_membership_shift/000025-0.mp4,477,60,16.0,29.8125,0.10312651586358276,0.10351945465686274,0.12696286968156403,0.133345749798943,2.2247770863064265,2.0115387439727783,3.984104108810423,5.367621421813965,0.4786988291247138,0.317587673664093,1.4526991128921505,2.450085759162903,0.20115387439727783,1.0,0.0,0.0,1.9857990741729736,2.017248511314392,0.9844097358530572,0.2874150385449788,0.28377964361420244,0.33544262035472966,0.3422056132419184,0.2650234780081069,0.26077056734289494,0.3079195377969636,0.31475742385462824,0.17658625422297297,0.17521378800675674,0.18878800675675675,0.19919235641891891,0.0,0.0,0.0,0.03333333333333333,1.2264638574692022,0.7221830139960802,0.0,0.08620689655172414,0.9743234357326411
retrieval_membership_shift,26,0,/apdcephfs_gy2/share_303214315/cedricnie/develop/training-free/runs/v190_head_phase_causal_screen/screen32/vbench_comparison/published/retrieval_membership_shift/000026-0.mp4,477,60,16.0,29.8125,0.03877683540007013,0.03906912336162492,0.05705413519167432,0.06920138340370328,1.239745604284739,1.2964468002319336,2.1326981544494616,3.0185041427612305,0.3652204994497628,0.28723692893981934,1.0592048406600951,1.8422272503376007,0.12964468002319338,1.0,0.0,0.0,1.352201223373413,1.2367116808891296,1.0933843710453617,0.21257412801128336,0.21258539099761525,0.21955587365858506,0.2224753245892952,0.1926824808874167,0.19284380858577088,0.20115679828256847,0.20443248924068674,0.11527176590653153,0.11701594172297297,0.1275073902027027,0.1328125,0.0,0.0,0.0,0.03333333333333333,1.4603382487899617,0.8170060202012177,0.01694915254237288,0.10344827586206896,1.1386721344955897
retrieval_membership_shift,27,0,/apdcephfs_gy2/share_303214315/cedricnie/develop/training-free/runs/v190_head_phase_causal_screen/screen32/vbench_comparison/published/retrieval_membership_shift/000027-0.mp4,477,60,16.0,29.8125,0.029762342293898743,0.029796076755897672,0.03301174612606273,0.03582633523380055,1.1981140940876331,1.2582892179489136,1.4576577425003052,1.5070762634277344,0.15073669778889623,0.14009201526641846,0.3032910406589508,0.4954618215560913,0.12582892179489136,0.9830508474576272,0.01694915254237288,0.01694915254237288,1.285417079925537,1.2342800498008728,1.0414306543583154,0.3510709221399709,0.34569769102742454,0.4130959049582671,0.4169782144276629,0.23489561483390023,0.23326637770061265,0.2740373532337159,0.28499167480369986,0.0662399704391892,0.060850401182432436,0.09558171452702703,0.09789379222972973,0.0,0.0,0.0,0.18333333333333332,1.1079225764018938,0.24103444290282744,0.03389830508474576,0.034482758620689655,0.6744785096523607
retrieval_membership_shift,28,0,/apdcephfs_gy2/share_303214315/cedricnie/develop/training-free/runs/v190_head_phase_causal_screen/screen32/vbench_comparison/published/retrieval_membership_shift/000028-0.mp4,477,60,16.0,29.8125,0.06858862112748262,0.07218965268602558,0.09280694101371016,0.1584612678079044,1.3511048493496443,1.2617766857147217,3.2577640295028667,5.041965484619141,0.7964710344014496,0.4876953363418579,2.2034966528415674,3.6303170919418335,0.12617766857147217,0.9661016949152542,0.03389830508474576,0.01694915254237288,1.8071630001068115,0.6650325953960419,2.717405150691306,0.589057412766627,0.5634530670376259,0.7413417306322866,0.7499044655869105,0.18928612059477923,0.18711872897336082,0.2263638506919085,0.2328866689436797,0.12629108600788289,0.12993559966216217,0.15931825380067569,0.16794235641891891,0.0,0.0,0.0,0.0,1.285598940576087,1.746344402926907,0.01694915254237288,0.13793103448275862,1.515971671751497
retrieval_membership_shift,29,0,/apdcephfs_gy2/share_303214315/cedricnie/develop/training-free/runs/v190_head_phase_causal_screen/screen32/vbench_comparison/published/retrieval_membership_shift/000029-0.mp4,477,60,16.0,29.8125,0.09506606352055892,0.09472635306564031,0.12974628972072225,0.14947586059570311,2.491302662481696,1.5242458581924438,7.651229000091528,17.448810577392578,0.8939845150914686,0.4229985177516937,3.5489447057247148,5.922625541687012,0.1524245858192444,1.0,0.0,0.0,1.3592963218688965,1.6560698747634888,0.8207964788098232,0.38736550486607935,0.3829729833233969,0.4416706567551007,0.4566513894409115,0.19573343586663833,0.19374863943623707,0.21951350390302096,0.22774102298525073,0.09298942497184684,0.08866923564189189,0.12912927576013514,0.13550464527027026,0.0,0.0,0.0,0.0,1.3696958187634964,2.3283282592831176,0.01694915254237288,0.15517241379310345,1.849012039023307
retrieval_membership_shift,30,0,/apdcephfs_gy2/share_303214315/cedricnie/develop/training-free/runs/v190_head_phase_causal_screen/screen32/vbench_comparison/published/retrieval_membership_shift/000030-0.mp4,477,60,16.0,29.8125,0.04217889704312864,0.041426744648054535,0.059636234208649275,0.06815257352941176,0.9481642799357236,0.975560188293457,1.585605764389038,1.713037371635437,0.27274473962085,0.19091880321502686,0.8354673743247986,1.0800045728683472,0.09755601882934571,1.0,0.0,0.0,0.7743951678276062,1.0310391187667847,0.7510822370676413,0.374929197924947,0.3758050559750927,0.3952285787625861,0.40177468369104397,0.22609339817215532,0.22114818639597292,0.24505893370270213,0.24656560945193418,0.14895701365427927,0.14458403716216217,0.1761811127533784,0.17966110641891891,0.0,0.0,0.0,0.03333333333333333,1.4395587854004812,0.8563975696735614,0.0,0.1206896551724138,1.1479781775370212
retrieval_membership_shift,31,0,/apdcephfs_gy2/share_303214315/cedricnie/develop/training-free/runs/v190_head_phase_causal_screen/screen32/vbench_comparison/published/retrieval_membership_shift/000031-0.mp4,477,60,16.0,29.8125,0.06513036180865768,0.052624141468721276,0.13182166006050855,0.1877175723805147,0.9685438724897676,0.7232162952423096,2.482157897949218,3.244398593902588,0.43363029278557874,0.3272303640842438,1.275409799814224,1.5355417728424072,0.07232162952423096,1.0,0.0,0.0,0.6976934671401978,0.7324174642562866,0.9525898837606932,0.29675947374304457,0.2965504624569422,0.34787835457240324,0.4179998012718601,0.1931824419125454,0.1906100588501229,0.22334523181663607,0.24111037824296144,0.1284795537725225,0.12443253800675676,0.1508208403716216,0.1647751266891892,0.0,0.0,0.0,0.15,2.5049655230738668,1.7635246996016662,0.1694915254237288,0.1724137931034483,2.1342451113377665
retrieval_phase_shift,0,0,/apdcephfs_gy2/share_303214315/cedricnie/develop/training-free/runs/v190_head_phase_causal_screen/screen32/vbench_comparison/published/retrieval_phase_shift/000000-0.mp4,477,60,16.0,29.8125,0.055665569235692984,0.0561369727639591,0.06826605703316482,0.07138728721469056,1.8905205221499426,1.763450264930725,2.783506250381469,2.9938125610351562,0.2367760025221726,0.1879519820213318,0.5589120984077454,1.1863250732421875,0.17634502649307252,1.0,0.0,0.0,1.490038514137268,2.05146861076355,0.7263277177722357,0.41246684069179473,0.40995162211844194,0.4933603634654875,0.533936866554054,0.22079096500123147,0.2037137471676186,0.27946921938485764,0.28414107585343257,0.10109225436373873,0.10483530405405406,0.13345122466216217,0.13679793074324326,0.0,0.0,0.0,0.0,1.2160623145855276,0.3169423654994327,0.0,0.034482758620689655,0.7665023400424802
retrieval_phase_shift,1,0,/apdcephfs_gy2/share_303214315/cedricnie/develop/training-free/runs/v190_head_phase_causal_screen/screen32/vbench_comparison/published/retrieval_phase_shift/000001-0.mp4,477,60,16.0,29.8125,0.03479685696227561,0.03131645053040748,0.06329967573577282,0.07390182345521217,1.5764484951051616,1.50408935546875,2.728349924087524,3.2401602268218994,0.3410326078020293,0.20864123106002808,1.1340744912624356,2.0375176668167114,0.150408935546875,1.0,0.0,0.0,1.5773142576217651,1.4744965434074402,1.069730725835899,0.3459544160428812,0.33451664555180183,0.3882837134009009,0.3933808003775835,0.2379002950957304,0.23314978394926741,0.2627492603369585,0.26644818578859797,0.06579347902590091,0.0657860008445946,0.07205975506756757,0.07619826858108109,0.0,0.0,0.0,0.0,2.0212915149598594,0.7539940942597795,0.1694915254237288,0.13793103448275862,1.3876428046098195
retrieval_phase_shift,2,0,/apdcephfs_gy2/share_303214315/cedricnie/develop/training-free/runs/v190_head_phase_causal_screen/screen32/vbench_comparison/published/retrieval_phase_shift/000002-0.mp4,477,60,16.0,29.8125,0.07270233056679166,0.07016800525141698,0.1078647703282973,0.11660808488434436,1.7400535597639568,1.3248648643493652,3.6131620883941644,4.397909164428711,0.2799442636555639,0.19895046949386597,0.7352110385894772,1.9282312393188477,0.13248648643493652,1.0,0.0,0.0,3.415806770324707,1.2244298458099365,2.7897121113257555,0.476983291310612,0.45310145278550606,0.567420317261195,0.5726289248807631,0.19085093886979101,0.19257865722028694,0.22265868442791162,0.2306435477731524,0.16843283713400897,0.17046294341216217,0.20927866342905405,0.21872360641891891,0.0,0.0,0.0,0.0,1.5372358091385117,0.5549328526804399,0.06779661016949153,0.1206896551724138,1.0460843309094758
retrieval_phase_shift,3,0,/apdcephfs_gy2/share_303214315/cedricnie/develop/training-free/runs/v190_head_phase_causal_screen/screen32/vbench_comparison/published/retrieval_phase_shift/000003-0.mp4,477,60,16.0,29.8125,0.024066996930960052,0.026025934780345244,0.030161507176417926,0.03232540803797105,0.8665607642319243,0.9450554847717285,1.2389527559280396,1.332625150680542,0.14683729924004654,0.11872667074203491,0.3705326825380324,0.6064479351043701,0.09450554847717285,1.0,0.0,0.0,1.1110292673110962,0.8548168540000916,1.2997278447565297,0.4524684036058117,0.44026299392223106,0.5051198837854398,0.5072280115593535,0.24354865444556684,0.2419016662957751,0.26641036065498513,0.26936336490285295,0.1225607932150901,0.12237383868243243,0.1370433910472973,0.13851351351351351,0.0,0.0,0.0,0.0,1.1589019733960089,0.39207505644764545,0.0,0.05172413793103448,0.7754885149218271
retrieval_phase_shift,4,0,/apdcephfs_gy2/share_303214315/cedricnie/develop/training-free/runs/v190_head_phase_causal_screen/screen32/vbench_comparison/published/retrieval_phase_shift/000004-0.mp4,477,60,16.0,29.8125,0.07283781925757962,0.07046951593137254,0.0971726877549115,0.11202284869025736,0.9662015700744371,0.8729881048202515,1.6132455945014943,3.358281373977661,0.3936011698739282,0.25812017917633057,0.945836806297302,2.263961911201477,0.08729881048202515,1.0,0.0,0.0,0.8634730577468872,0.9010933935642242,0.9582503477597012,0.42228752649708523,0.4195360629471383,0.4445869922082008,0.4517353520800212,0.24025497307032026,0.23944534732336886,0.2545069200002511,0.2568439235193541,0.189087134009009,0.18656302787162163,0.204345703125,0.20766469594594594,0.0,0.0,0.0,0.13333333333333333,1.3789322442564258,1.0834475304701319,0.05084745762711865,0.10344827586206896,1.231189887363279
retrieval_phase_shift,5,0,/apdcephfs_gy2/share_303214315/cedricnie/develop/training-free/runs/v190_head_phase_causal_screen/screen32/vbench_comparison/published/retrieval_phase_shift/000005-0.mp4,477,60,16.0,29.8125,0.10563346315119583,0.10248410094018076,0.15589488459568396,0.20893955604702819,1.7924856765795563,1.5912089347839355,3.8999268293380713,4.559390068054199,0.6460363227745582,0.4182060956954956,2.200261104106903,2.548095226287842,0.15912089347839356,1.0,0.0,0.0,1.5289340019226074,1.6542495489120483,0.9242462861350893,0.36647094877506187,0.35693069563129304,0.44735218042031005,0.4733332712307896,0.2222967085824149,0.22070142935085957,0.24078252434266345,0.24301336639377596,0.1286981806024775,0.12307326858108109,0.1641548775337838,0.16897170608108109,0.0,0.0,0.0,0.18333333333333332,1.5211616549837197,1.3827606519854467,0.03389830508474576,0.13793103448275862,1.451961153484583
retrieval_phase_shift,6,0,/apdcephfs_gy2/share_303214315/cedricnie/develop/training-free/runs/v190_head_phase_causal_screen/screen32/vbench_comparison/published/retrieval_phase_shift/000006-0.mp4,477,60,16.0,29.8125,0.035509104647878875,0.03484563266529756,0.052632816913081124,0.06938996408499923,0.37321114514843895,0.40739136934280396,0.668510603904724,0.6888543367385864,0.15519096959253836,0.12031462788581848,0.39126482903957366,0.5316655486822128,0.0407391369342804,1.0,0.0,0.0,0.4224535822868347,0.3754746913909912,1.1251186617180629,0.41904560638303745,0.4152298725655803,0.44188469317203233,0.4450560164944356,0.2505657069397685,0.24923414588997955,0.26363539105294914,0.26655301033247564,0.1837059227195946,0.18500580658783783,0.1898292335304054,0.19130067567567569,0.0,0.0,0.0,0.03333333333333333,1.5104566307816718,0.9604151154963215,0.03389830508474576,0.10344827586206896,1.2354358731389967
retrieval_phase_shift,7,0,/apdcephfs_gy2/share_303214315/cedricnie/develop/training-free/runs/v190_head_phase_causal_screen/screen32/vbench_comparison/published/retrieval_phase_shift/000007-0.mp4,477,60,16.0,29.8125,0.027950974261891453,0.025030844819312004,0.044185338487812115,0.06663778716442632,0.2585471923447261,0.1217450201511383,0.9221437931060755,3.881558418273926,0.20634845605698124,0.04188182204961777,0.7732947863638392,3.718942165374756,0.02,1.0,0.0,0.0,0.10873199254274368,0.1366608738899231,0.7956336692997045,0.40539461336336335,0.4043243036234764,0.4440958387155538,0.4463569612811341,0.19270414910089742,0.1956325214483691,0.20334234120832959,0.20654795718900346,0.12470131264076575,0.12583139780405406,0.13316089527027028,0.13442250844594594,0.0,0.0,0.0,0.0,1.765235604581827,6.351757019743768,0.1016949152542373,0.1206896551724138,4.058496312162797
retrieval_phase_shift,8,0,/apdcephfs_gy2/share_303214315/cedricnie/develop/training-free/runs/v190_head_phase_causal_screen/screen32/vbench_comparison/published/retrieval_phase_shift/000008-0.mp4,477,60,16.0,29.8125,0.057735556358116814,0.0596947239894493,0.0782410924574908,0.08420349569881663,1.1737398207187653,1.0817724466323853,2.116075038909912,2.8195393085479736,0.3750141047198197,0.2713823914527893,1.0244992375373838,1.685958594083786,0.10817724466323853,1.0,0.0,0.0,1.2979371547698975,0.9691458940505981,1.3392587872865027,0.2944786715713875,0.29612423199854265,0.35573433152821937,0.3567439222310546,0.19943626795518257,0.19854257710602374,0.23219297560292682,0.2383740356935363,0.21294649141328828,0.20736116976351351,0.2499564505912162,0.25306165540540543,0.0,0.0,0.0,0.0,1.310686895399993,0.9470561398810851,0.0,0.1206896551724138,1.128871517640539
retrieval_phase_shift,9,0,/apdcephfs_gy2/share_303214315/cedricnie/develop/training-free/runs/v190_head_phase_causal_screen/screen32/vbench_comparison/published/retrieval_phase_shift/000009-0.mp4,477,60,16.0,29.8125,0.2222225570805487,0.22725991641773896,0.27462539972043504,0.289797165814568,7.37282028844801,6.854029178619385,10.691817665100096,11.730718612670898,1.733330775951517,1.3487272262573242,4.069842910766601,5.055158615112305,0.6854029178619385,1.0,0.0,0.0,6.522342681884766,6.881484746932983,0.9478103812976867,0.38620941426260824,0.377593660986354,0.48008594992050874,0.49470513712241654,0.2860309596762814,0.28637546020670257,0.3196862706188887,0.3293805728778382,0.15900636965090087,0.16225453969594594,0.17867266680743243,0.19074641047297297,0.0,0.0,0.0,0.016666666666666666,1.208419874693745,0.5937883841320901,0.01694915254237288,0.06896551724137931,0.9011041294129175
retrieval_phase_shift,10,0,/apdcephfs_gy2/share_303214315/cedricnie/develop/training-free/runs/v190_head_phase_causal_screen/screen32/vbench_comparison/published/retrieval_phase_shift/000010-0.mp4,477,60,16.0,29.8125,0.06067824099063081,0.05357089697145948,0.0882417080449123,0.1065569933723001,2.3673339092125327,2.108802080154419,3.9808186292648284,5.019870758056641,0.27584715136166277,0.17547565698623657,0.7901497662067413,1.038023829460144,0.2108802080154419,1.0,0.0,0.0,2.485454559326172,1.8400116562843323,1.35078196425409,0.25885554327305244,0.2501103872714626,0.29887278190414684,0.31377227411234765,0.2205862688923698,0.21631228608444458,0.2570855399021243,0.25874837222172026,0.11166332347972974,0.10656408361486486,0.15126821157094594,0.15659311655405406,0.0,0.0,0.0,0.016666666666666666,1.6471948956151339,0.3746912873629572,0.288135593220339,0.15517241379310345,1.0109430914890456
retrieval_phase_shift,11,0,/apdcephfs_gy2/share_303214315/cedricnie/develop/training-free/runs/v190_head_phase_causal_screen/screen32/vbench_comparison/published/retrieval_phase_shift/000011-0.mp4,477,60,16.0,29.8125,0.061085567366605434,0.060375056547277116,0.07482555539000267,0.08606150010052849,1.4366216502957425,1.4395816326141357,2.2340129852294917,2.413475275039673,0.3268730481123102,0.22699284553527832,0.9246797546744342,1.5152633786201477,0.14395816326141359,1.0,0.0,0.0,2.1044888496398926,1.2034630179405212,1.7486942417568354,0.43315189557664285,0.4189224898151829,0.5176811841713037,0.5231300924085851,0.18078327987150047,0.17725724520058436,0.2088646183051598,0.21615054106294757,0.11264340512387387,0.10765941722972973,0.14589447846283785,0.14991554054054054,0.0,0.0,0.0,0.21666666666666667,1.2393455123542616,0.6423253351706832,0.05084745762711865,0.08620689655172414,0.9408354237624724
retrieval_phase_shift,12,0,/apdcephfs_gy2/share_303214315/cedricnie/develop/training-free/runs/v190_head_phase_causal_screen/screen32/vbench_comparison/published/retrieval_phase_shift/000012-0.mp4,477,60,16.0,29.8125,0.060531993497047916,0.05621511795941521,0.10745667625876032,0.11531562805175781,1.5589015099961878,1.017674446105957,4.3821856975555376,6.040185928344727,0.33224442292904033,0.20091253519058228,0.944406932592392,2.2934231758117676,0.10176744461059571,1.0,0.0,0.0,0.7629435062408447,1.3712961077690125,0.5563667116959093,0.46562578835729107,0.4527752591746158,0.5199365312003179,0.5246347335386857,0.2414009908561799,0.24280808846773222,0.2547217985809414,0.26378141996005494,0.16473729588963962,0.15390097128378377,0.21048089104729728,0.21442145270270271,0.0,0.0,0.0,0.23333333333333334,1.9115262968288924,0.9280049589592065,0.13559322033898305,0.15517241379310345,1.4197656278940496
retrieval_phase_shift,13,0,/apdcephfs_gy2/share_303214315/cedricnie/develop/training-free/runs/v190_head_phase_causal_screen/screen32/vbench_comparison/published/retrieval_phase_shift/000013-0.mp4,477,60,16.0,29.8125,0.043358540051638694,0.04369959363750383,0.05444235969992244,0.05991042642032399,0.6500768302860906,0.6180670261383057,1.063965499401092,1.256083607673645,0.1714507875771358,0.13951873779296875,0.4150557577610015,0.4974313974380493,0.06180670261383057,1.0,0.0,0.0,0.545883297920227,0.6477502584457397,0.8427372908041135,0.44488255891461315,0.4435863080451775,0.47327541753610225,0.4804242431770005,0.25184096544860235,0.2481806071565495,0.2725865865659266,0.2752558713065248,0.1340701541385135,0.13372307854729729,0.14149466849662162,0.14268369932432431,0.0,0.0,0.0,0.0,1.245832172983846,0.6715384257825201,0.03389830508474576,0.15517241379310345,0.958685299383183
retrieval_phase_shift,14,0,/apdcephfs_gy2/share_303214315/cedricnie/develop/training-free/runs/v190_head_phase_causal_screen/screen32/vbench_comparison/published/retrieval_phase_shift/000014-0.mp4,477,60,16.0,29.8125,0.01850545628992336,0.01385342186572505,0.03969655504413679,0.053425990833955654,0.5066815343196109,0.33578911423683167,1.418808650970459,2.035968780517578,0.16344650141124067,0.08804485201835632,0.6146911025047302,0.987610936164856,0.03357891142368317,1.0,0.0,0.0,0.980110764503479,0.19185085594654083,5.108711971431529,0.44372304749602537,0.4387793641527557,0.47831854775271593,0.480067464063328,0.21919946393620884,0.22009176941418407,0.22982530275020596,0.23209114568904674,0.13001038147522523,0.13072740709459457,0.13951383023648647,0.14078336148648649,0.0,0.0,0.0,0.0,2.865469299130391,1.830586747583453,0.15254237288135594,0.1724137931034483,2.348028023356922
retrieval_phase_shift,15,0,/apdcephfs_gy2/share_303214315/cedricnie/develop/training-free/runs/v190_head_phase_causal_screen/screen32/vbench_comparison/published/retrieval_phase_shift/000015-0.mp4,477,60,16.0,29.8125,0.06402732485273266,0.06293720170563342,0.08122570860619636,0.14114324532303155,2.471118973473371,2.380725383758545,3.989430809020996,8.302352905273438,0.5663305233264792,0.3767409324645996,1.4688003897666928,3.1330831050872803,0.23807253837585451,1.0,0.0,0.0,2.137892484664917,2.4144294261932373,0.8854648893323305,0.3229505677552552,0.315992543554584,0.39247594561473237,0.42013136758081615,0.16903723138915508,0.16734039240030654,0.19463283258498482,0.20989575206576677,0.1115084811373874,0.11039115287162163,0.131127269847973,0.14318517736486486,0.0,0.0,0.0,0.0,1.2905834133856313,0.616954983462998,0.03389830508474576,0.13793103448275862,0.9537691984243146
retrieval_phase_shift,16,0,/apdcephfs_gy2/share_303214315/cedricnie/develop/training-free/runs/v190_head_phase_causal_screen/screen32/vbench_comparison/published/retrieval_phase_shift/000016-0.mp4,477,60,16.0,29.8125,0.039803302577263736,0.03847645778282016,0.04982773687325268,0.0580934113147212,1.1772556779748302,1.2046399116516113,2.180006289482114,2.753185749053955,0.27483532963127927,0.18748162686824799,0.7466909885406493,0.9747318029403687,0.12046399116516114,0.9830508474576272,0.01694915254237288,0.01694915254237288,1.8438916206359863,0.9708862602710724,1.899183968389016,0.5220716753058204,0.5149677480789613,0.594381448314123,0.6039295384538951,0.13647503585021864,0.13346791723794904,0.18190634143860118,0.18604324808016479,0.12389762809684683,0.1216480152027027,0.17568227407094594,0.17894847972972974,0.0,0.0,0.0,0.0,1.2950188178575237,0.619845798996403,0.05084745762711865,0.13793103448275862,0.9574323084269634
retrieval_phase_shift,17,0,/apdcephfs_gy2/share_303214315/cedricnie/develop/training-free/runs/v190_head_phase_causal_screen/screen32/vbench_comparison/published/retrieval_phase_shift/000017-0.mp4,477,60,16.0,29.8125,0.039611423368190915,0.03838496114693436,0.05067236507640164,0.06034224641089346,2.69716803098129,2.602957010269165,4.04470624923706,4.591414451599121,0.4191763318818191,0.3232814073562622,1.0331930756568906,1.6148724555969238,0.2602957010269165,1.0,0.0,0.0,2.2625725269317627,2.622566342353821,0.8627322368901622,0.37386205541478973,0.38005628560545834,0.42629353388314783,0.4353093327702703,0.1894070088138476,0.19697557615716893,0.2325996618229925,0.23619340626711258,0.05747554194819819,0.059411951013513514,0.07200300886824325,0.07493137668918919,0.0,0.0,0.0,0.0,1.3201098441244252,0.39693051847600463,0.1016949152542373,0.10344827586206896,0.8585201813002149
retrieval_phase_shift,18,0,/apdcephfs_gy2/share_303214315/cedricnie/develop/training-free/runs/v190_head_phase_causal_screen/screen32/vbench_comparison/published/retrieval_phase_shift/000018-0.mp4,477,60,16.0,29.8125,0.11417725278753582,0.11274137309953278,0.14749347312777647,0.18454722984164368,6.703759306568211,6.5115156173706055,9.815283393859858,11.31094741821289,1.6817107611689075,1.3570556640625,4.529864788055419,4.944494247436523,0.6511515617370606,1.0,0.0,0.0,6.093324661254883,6.727102518081665,0.9057873943316218,0.18044432299947005,0.1799097753543985,0.2286584608505564,0.2441907210519343,0.17882073727586037,0.17886804346978175,0.20392201035282137,0.25220131461780704,0.09557027730855855,0.09372360641891891,0.12185256545608107,0.1328125,0.0,0.0,0.0,0.016666666666666666,1.308246201663369,0.6956698031977706,0.05084745762711865,0.06896551724137931,1.0019580024305696
retrieval_phase_shift,19,0,/apdcephfs_gy2/share_303214315/cedricnie/develop/training-free/runs/v190_head_phase_causal_screen/screen32/vbench_comparison/published/retrieval_phase_shift/000019-0.mp4,477,60,16.0,29.8125,0.05064221591638861,0.050736120635387946,0.06977214738434433,0.10086539773380056,0.9644369745658616,0.89128577709198,1.6864010572433459,2.0939855575561523,0.2831384149090997,0.22696101665496826,0.6687292933464047,1.2026997804641724,0.089128577709198,1.0,0.0,0.0,0.9306093454360962,0.8804742693901062,1.0569409894064457,0.3029477714157172,0.2998999631524907,0.3390573196128113,0.3438331139043455,0.24882188250785398,0.24974355600553927,0.2691161043811554,0.2789687539785827,0.12415628519144142,0.12492081925675676,0.13288112331081078,0.14500633445945946,0.0,0.0,0.0,0.03333333333333333,1.3751967338172666,0.7502972789808049,0.05084745762711865,0.05172413793103448,1.0627470063990359
retrieval_phase_shift,20,0,/apdcephfs_gy2/share_303214315/cedricnie/develop/training-free/runs/v190_head_phase_causal_screen/screen32/vbench_comparison/published/retrieval_phase_shift/000020-0.mp4,477,60,16.0,29.8125,0.12009458836624891,0.11502446941300934,0.1525490570068359,0.1706647237141927,5.8551050040681485,5.584610462188721,9.179504776000975,10.780108451843262,1.5762825341060245,1.3921880722045898,4.069683313369751,6.206311225891113,0.558461046218872,1.0,0.0,0.0,5.451050758361816,5.612097978591919,0.9713035622605952,0.24100576794625506,0.24717459302133016,0.2920368754554186,0.30415859333598305,0.21339238699823795,0.21003187994680778,0.257987840088492,0.2644993735244597,0.11089307080518017,0.1139014991554054,0.1344528610641892,0.14241976351351351,0.0,0.0,0.0,0.0,1.3262313469935687,0.7287318141388792,0.0847457627118644,0.08620689655172414,1.0274815805662239
retrieval_phase_shift,21,0,/apdcephfs_gy2/share_303214315/cedricnie/develop/training-free/runs/v190_head_phase_causal_screen/screen32/vbench_comparison/published/retrieval_phase_shift/000021-0.mp4,477,60,16.0,29.8125,0.07371281953141634,0.05490061442057292,0.15184609207452512,0.16690038045247396,2.588312043982037,1.6186590194702148,6.024274730682372,7.309896469116211,0.6305048229365513,0.3397523760795593,2.6301832437515245,3.765963077545166,0.1618659019470215,1.0,0.0,0.0,3.25920033454895,1.4196130633354187,2.29583709725196,0.21371547961104487,0.19775861569289876,0.2940198200268283,0.30771530951907794,0.20964275434558946,0.20378133407657326,0.2506008212621736,0.2712601550911822,0.13548221072635133,0.1295264991554054,0.21561840160472973,0.21785261824324326,0.0,0.0,0.0,0.16666666666666666,2.7658359323866475,1.624914952509504,0.3050847457627119,0.20689655172413793,2.195375442448076
retrieval_phase_shift,22,0,/apdcephfs_gy2/share_303214315/cedricnie/develop/training-free/runs/v190_head_phase_causal_screen/screen32/vbench_comparison/published/retrieval_phase_shift/000022-0.mp4,477,60,16.0,29.8125,0.06278480515205888,0.05042571273504519,0.11656113044888365,0.13020761527267158,3.362647411176714,2.4577412605285645,8.41819095611572,9.660411834716797,0.8263941314713709,0.42279160022735596,2.922248935699463,4.622326195240021,0.24577412605285645,1.0,0.0,0.0,1.8347830772399902,2.886991858482361,0.6355345519417233,0.18587669298434464,0.17912754206412296,0.2493547493955352,0.25387706180445146,0.20466643810703997,0.2037888430130596,0.21882183637578692,0.24309752132989712,0.09627806517454955,0.09062236064189189,0.12787690033783783,0.14421452702702703,0.0,0.0,0.0,0.1,2.311541555423078,1.1889977934744038,0.2542372881355932,0.1724137931034483,1.7502696744487407
retrieval_phase_shift,23,0,/apdcephfs_gy2/share_303214315/cedricnie/develop/training-free/runs/v190_head_phase_causal_screen/screen32/vbench_comparison/published/retrieval_phase_shift/000023-0.mp4,477,60,16.0,29.8125,0.10396732052682285,0.10303888507917816,0.1401137138815487,0.16597204769358914,3.9261124618982866,3.8159751892089844,5.738847303390502,9.113828659057617,1.1852407373231033,0.9058429002761841,2.8082340478897088,4.712750434875488,0.38159751892089844,1.0,0.0,0.0,3.657410144805908,3.9411438703536987,0.9280072651795057,0.13371610581169405,0.1355556211082406,0.18475024944521726,0.20734331528219396,0.2026370424858467,0.19867501053205877,0.2629682194650662,0.27739953037320386,0.11182916314752255,0.11076066300675676,0.14463286528716215,0.15271326013513514,0.0,0.0,0.0,0.0,1.3598139554196567,0.7359151746664866,0.03389830508474576,0.05172413793103448,1.0478645650430716
retrieval_phase_shift,24,0,/apdcephfs_gy2/share_303214315/cedricnie/develop/training-free/runs/v190_head_phase_causal_screen/screen32/vbench_comparison/published/retrieval_phase_shift/000024-0.mp4,477,60,16.0,29.8125,0.06569638821166708,0.06342750250124464,0.08208141925288177,0.13893643547506893,0.7742322814666619,0.5737436413764954,1.3112114191055215,7.044859886169434,0.36710322314295274,0.17989444732666016,0.8197701424360249,4.428768157958984,0.05737436413764954,1.0,0.0,0.0,0.5412760972976685,0.5786428451538086,0.9354234686057378,0.24780328812268151,0.24461120702503975,0.27609735712274774,0.28254338897721254,0.2749064438550571,0.27573517731998026,0.2883010199221241,0.296446969545067,0.11102107967342342,0.10967852618243243,0.12530880489864862,0.12769214527027026,0.0,0.0,0.0,0.0,1.294098238398573,1.428809111451372,0.05084745762711865,0.1206896551724138,1.3614536749249724
retrieval_phase_shift,25,0,/apdcephfs_gy2/share_303214315/cedricnie/develop/training-free/runs/v190_head_phase_causal_screen/screen32/vbench_comparison/published/retrieval_phase_shift/000025-0.mp4,477,60,16.0,29.8125,0.09442514081696966,0.09426006990320543,0.12166294771082257,0.13314650292490043,2.1994673074302025,2.1479578018188477,3.290079092979431,5.3495097160339355,0.3398343612407816,0.2586737871170044,1.0131505012512207,1.9875173568725586,0.21479578018188478,1.0,0.0,0.0,2.331040620803833,1.9301797151565552,1.2076806125872919,0.27404428842905404,0.2699075396628246,0.3350364490179518,0.3385575028153153,0.278508727775578,0.2773699594116576,0.3088843769653264,0.314851192442044,0.14706547367680178,0.14269689611486486,0.1789748733108108,0.18604835304054054,0.0,0.0,0.0,0.0,1.290715653359443,0.4716808218454316,0.0,0.1206896551724138,0.8811982376024373
retrieval_phase_shift,26,0,/apdcephfs_gy2/share_303214315/cedricnie/develop/training-free/runs/v190_head_phase_causal_screen/screen32/vbench_comparison/published/retrieval_phase_shift/000026-0.mp4,477,60,16.0,29.8125,0.024550323052119478,0.02374749464147231,0.039802595026352784,0.057087247511919806,0.6482497789597107,0.4953002333641052,1.4576479315757744,2.0757951736450195,0.25178140812906724,0.1756051778793335,0.6095301568508147,1.9047378599643707,0.049530023336410524,1.0,0.0,0.0,1.0440280437469482,0.4728313982486725,2.2080345078900003,0.20614457920696433,0.2080112281399046,0.22071571629073927,0.22616887337705352,0.186802566304371,0.1836996081136228,0.2025730802983242,0.20437177106296242,0.1268752639358108,0.12880067567567566,0.13480125633445947,0.13542546452702703,0.0,0.0,0.0,0.0,1.676075545116328,1.2306276391409183,0.05084745762711865,0.08620689655172414,1.453351592128623
retrieval_phase_shift,27,0,/apdcephfs_gy2/share_303214315/cedricnie/develop/training-free/runs/v190_head_phase_causal_screen/screen32/vbench_comparison/published/retrieval_phase_shift/000027-0.mp4,477,60,16.0,29.8125,0.03145478572826443,0.031231782950607,0.036287056044036266,0.03778380973666322,1.1910859725232852,1.2029019594192505,1.621380305290222,2.09407377243042,0.15344256727859892,0.12910208106040955,0.4086226597428321,0.4938523769378662,0.12029019594192505,0.9830508474576272,0.01694915254237288,0.01694915254237288,1.494922399520874,1.1596263647079468,1.2891414381539799,0.3309562808442633,0.32912272911698465,0.4130326069405803,0.4153983257154213,0.21913454354740322,0.20549344649361614,0.2754281052598133,0.28497445637928154,0.07437579180743242,0.07099873310810811,0.10168523015202702,0.10639252533783784,0.0,0.0,0.0,0.13333333333333333,1.1618630963664216,0.33969739307774605,0.03389830508474576,0.06896551724137931,0.7507802447220838
retrieval_phase_shift,28,0,/apdcephfs_gy2/share_303214315/cedricnie/develop/training-free/runs/v190_head_phase_causal_screen/screen32/vbench_comparison/published/retrieval_phase_shift/000028-0.mp4,477,60,16.0,29.8125,0.08582245080959919,0.07299367119284238,0.15886242586023658,0.17620562385110294,2.4862358854231186,1.6513651609420776,7.331660938262937,8.38700008392334,1.1997779050263866,0.5991352498531342,4.619548392295837,6.0151084661483765,0.16513651609420776,0.9322033898305084,0.06779661016949153,0.05084745762711865,4.020740509033203,1.129058301448822,3.5611451630741633,0.6261057892681285,0.617835798804319,0.7429215365411367,0.7492046734234235,0.19201129899891717,0.18599809635410508,0.25404041908008734,0.25899189684057233,0.11083324535472973,0.11449535472972973,0.13236248944256754,0.14007073479729729,0.0,0.0,0.0,0.0,2.176386298485208,2.7974118030081594,0.15254237288135594,0.20689655172413793,2.4868990507466835
retrieval_phase_shift,29,0,/apdcephfs_gy2/share_303214315/cedricnie/develop/training-free/runs/v190_head_phase_causal_screen/screen32/vbench_comparison/published/retrieval_phase_shift/000029-0.mp4,477,60,16.0,29.8125,0.0834560932452277,0.08019218444824219,0.12138030856263403,0.13308471978879444,2.194916355407844,1.1945583820343018,8.078964567184437,16.869232177734375,0.583657560677364,0.254106342792511,1.9533925175666809,7.172231674194336,0.11945583820343018,1.0,0.0,0.0,1.0447611808776855,1.2818834781646729,0.8150203966849737,0.3866631716735117,0.3863957132684155,0.4384256694654213,0.45663524277954426,0.19089958829950968,0.18905092436437923,0.2188367512139837,0.23089744276832083,0.09343943552927929,0.0837600295608108,0.13557194890202703,0.1389358108108108,0.0,0.0,0.0,0.16666666666666666,1.513617684787918,1.6352424016648766,0.13559322033898305,0.15517241379310345,1.5744300432263971
retrieval_phase_shift,30,0,/apdcephfs_gy2/share_303214315/cedricnie/develop/training-free/runs/v190_head_phase_causal_screen/screen32/vbench_comparison/published/retrieval_phase_shift/000030-0.mp4,477,60,16.0,29.8125,0.03966602079493534,0.0408203125,0.05202195485432943,0.059229473039215684,0.9749716242491189,1.0058283805847168,1.3543205618858336,1.784631609916687,0.23891262864244395,0.19599491357803345,0.6833618983626365,0.8336405158042908,0.10058283805847168,1.0,0.0,0.0,1.0994417667388916,0.9599913358688354,1.145262176500632,0.36538819955065355,0.36724359929782724,0.37258141125960514,0.37574253941441443,0.22767245439885675,0.22721694083624083,0.24591338209113003,0.2473564361783078,0.15653461078265762,0.16048616976351351,0.17920581714527026,0.18171980574324326,0.0,0.0,0.0,0.0,1.2744134394936206,0.6794020844444444,0.01694915254237288,0.08620689655172414,0.9769077619690325
retrieval_phase_shift,31,0,/apdcephfs_gy2/share_303214315/cedricnie/develop/training-free/runs/v190_head_phase_causal_screen/screen32/vbench_comparison/published/retrieval_phase_shift/000031-0.mp4,477,60,16.0,29.8125,0.057944377057375644,0.045845443127202054,0.11923812941008916,0.23284355612362131,0.7395876719284866,0.5067068338394165,2.2572234869003283,3.3203115463256836,0.21527594071010064,0.12223231047391891,0.9074417650699614,1.1783268451690674,0.05067068338394165,1.0,0.0,0.0,0.4696654677391052,0.5604753494262695,0.837977028284791,0.28513475389451953,0.2746633524609168,0.321389151099629,0.442419660009274,0.1959859119037741,0.1890704610328438,0.22735400732900016,0.2985693942558049,0.14276727899774774,0.14409575591216217,0.16347260346283785,0.17308910472972974,0.0,0.0,0.0,0.0,2.600872001155118,1.7908615089993916,0.13559322033898305,0.13793103448275862,2.1958667550772546
