mode,current_frame,layer,head,temporal_reach_ratio,temporal_reach_ratio_samples,expected_age,expected_age_samples,normalized_expected_age,normalized_expected_age_samples,recent_mass,recent_mass_samples,old_mass,old_mass_samples,old12_mass,old12_mass_samples,old_mass_excess,old_mass_excess_samples,temporal_entropy,temporal_entropy_samples,peak_age,peak_age_samples,positive_logit_fraction,positive_logit_fraction_samples,sign_switch_rate,sign_switch_rate_samples,dominant_period,dominant_period_samples,spectral_peak_ratio,spectral_peak_ratio_samples,middle_recent_margin,middle_recent_margin_samples,age_logit_correlation,age_logit_correlation_samples
clean,21,0,0,0.15112954378128052,128,6.644160270690918,128,0.3691200166940689,128,0.40104976296424866,128,0.5989502966403961,128,0.1268482431769371,128,-0.17882749438285828,128,0.9364235699176788,128,1.0,128,0.8333333134651184,128,0.11764705926179886,128,18.0,128,0.688017874956131,128,-1.4787200093269348,128,-0.8987842500209808,128
clean,21,0,1,0.25782136619091034,128,3.726183772087097,128,0.2070102095603943,128,0.7853538393974304,128,0.21464615315198898,128,0.12502317130565643,128,-0.5631316304206848,128,0.47350405156612396,128,1.0,128,1.0,128,0.0,128,18.0,128,0.5512676537036896,128,-1.273073136806488,128,-0.34343716502189636,128
clean,21,0,2,0.16536326706409454,128,9.59030818939209,128,0.5327948927879333,128,0.23042769730091095,128,0.7695723176002502,128,0.3490295261144638,128,-0.00820547342300415,128,0.997930645942688,128,17.0,128,1.0,128,0.0,128,18.0,128,0.5964400172233582,128,-0.4939269870519638,128,0.16631150245666504,128
clean,21,0,3,0.1767960637807846,128,9.532524108886719,128,0.529584676027298,128,0.22097104787826538,128,0.779028981924057,128,0.3326364755630493,128,0.0012511909008026123,128,0.9989757537841797,128,11.0,128,1.0,128,0.0,128,18.0,128,0.40117619931697845,128,0.15134666115045547,128,0.09683812409639359,128
clean,21,0,4,0.48658113181591034,128,13.90776252746582,128,0.7726534605026245,128,0.04772127978503704,128,0.9522786736488342,128,0.61049023270607,128,0.17450088262557983,128,0.614911675453186,128,18.0,128,1.0,128,0.0,128,6.0,128,0.8646330833435059,128,0.4033327102661133,128,0.1040320135653019,128
clean,21,0,5,0.4910326302051544,128,14.947357177734375,128,0.8304087221622467,128,0.03627652861177921,128,0.9637234508991241,128,0.6663043200969696,128,0.18594565987586975,128,0.5728706419467926,128,18.0,128,1.0,128,0.0,128,6.0,128,0.7776678502559662,128,0.7214614748954773,128,0.40257595479488373,128
clean,21,0,6,0.2793206423521042,128,8.348514556884766,128,0.4638063609600067,128,0.2747751623392105,128,0.7252248823642731,128,0.26730914413928986,128,-0.05255290865898132,128,0.7374114394187927,128,1.0,128,1.0,128,0.0,128,6.0,128,0.6032710373401642,128,-0.3390011191368103,128,-0.2945651113986969,128
clean,21,0,7,0.19904211908578873,128,7.57452917098999,128,0.4208071827888489,128,0.39567282795906067,128,0.6043271720409393,128,0.22005125880241394,128,-0.17345061898231506,128,0.9494213759899139,128,1.0,128,1.0,128,0.0,128,18.0,128,0.43966616690158844,128,-1.5992681384086609,128,-0.614356130361557,128
clean,21,0,8,0.1828465536236763,128,9.482833862304688,128,0.5268240869045258,128,0.22307505458593369,128,0.7769249081611633,128,0.3336944580078125,128,-0.0008528828620910645,128,0.999232292175293,128,10.0,128,1.0,128,0.0,128,18.0,128,0.36741727590560913,128,-0.06270001269876957,128,-0.05195789597928524,128
clean,21,0,9,0.20046532899141312,128,10.105610847473145,128,0.5614228248596191,128,0.24131353944540024,128,0.7586865127086639,128,0.41547007858753204,128,-0.019091278314590454,128,0.9785216450691223,128,18.0,128,0.6111111044883728,128,0.11764705926179886,128,18.0,128,0.7100122272968292,128,-0.4911014288663864,128,0.2644616812467575,128
clean,21,0,10,0.2855791002511978,128,14.933947563171387,128,0.8296637535095215,128,0.006383120082318783,128,0.9936168491840363,128,0.8176875412464142,128,0.21583905816078186,128,0.7781226933002472,128,17.0,128,1.0,128,0.0,128,18.0,128,0.5664590895175934,128,1.9210918545722961,128,0.980852872133255,128
clean,21,0,11,0.5123635530471802,128,13.378794193267822,128,0.7432663440704346,128,0.1354968175292015,128,0.8645031452178955,128,0.5717154145240784,128,0.08672535419464111,128,0.6138308346271515,128,18.0,128,1.0,128,0.0,128,6.0,128,0.6014814972877502,128,0.1751663237810135,128,0.34181368350982666,128
clean,21,1,0,0.4078955054283142,128,10.905444622039795,128,0.6058580279350281,128,0.20966046303510666,128,0.7903394997119904,128,0.41969941556453705,128,0.012561708688735962,128,0.8169729709625244,128,17.0,128,1.0,128,0.0,128,6.0,128,0.6413923799991608,128,0.007556795608252287,128,0.14484073221683502,128
clean,21,1,1,0.32503052055835724,128,14.790461540222168,128,0.8216922879219055,128,0.0044936202466487885,128,0.9955063760280609,128,0.6785654127597809,128,0.21772858500480652,128,0.4898465573787689,128,18.0,128,0.7222222089767456,128,0.3529411852359772,128,6.0,128,0.9311097264289856,128,0.5783917605876923,128,0.15660885721445084,128
clean,21,1,2,0.41899800300598145,128,8.012734413146973,128,0.4451519101858139,128,0.48912280797958374,128,0.5108772218227386,128,0.3497985452413559,128,-0.26690056920051575,128,0.6833776235580444,128,1.0,128,1.0,128,0.0,128,18.0,128,0.62027907371521,128,-0.8046460449695587,128,0.06297136470675468,128
clean,21,1,3,0.5123410522937775,128,12.559879302978516,128,0.6977710723876953,128,0.2289489358663559,128,0.7710510492324829,128,0.6277210414409637,128,-0.006726741790771484,128,0.6261118650436401,128,18.0,128,1.0,128,0.0,128,9.0,128,0.5343797504901886,128,-0.09741257131099701,128,0.13729014992713928,128
clean,21,1,4,0.438846156001091,128,3.8739724159240723,128,0.21522068977355957,128,0.7963343560695648,128,0.20366566628217697,128,0.14143404364585876,128,-0.5741121172904968,128,0.31576989591121674,128,1.0,128,1.0,128,0.0,128,6.0,128,0.6532995998859406,128,-0.5876235961914062,128,-0.23172690719366074,128
clean,21,1,5,0.34832002222537994,128,9.023650646209717,128,0.5013139247894287,128,0.2789892256259918,128,0.7210108041763306,128,0.3099123537540436,128,-0.05676698684692383,128,0.9861582815647125,128,1.0,128,1.0,128,0.0,128,9.0,128,0.5620024502277374,128,-1.1076436638832092,128,-0.3098743408918381,128
clean,21,1,6,0.36758293211460114,128,13.183390140533447,128,0.7324105501174927,128,0.10090336576104164,128,0.8990965485572815,128,0.6667061150074005,128,0.1213187575340271,128,0.8521956205368042,128,16.0,128,0.2222222238779068,128,0.05882352963089943,128,18.0,128,0.5427690744400024,128,0.5398813188076019,128,0.7230170965194702,128
clean,21,1,7,0.13027851283550262,128,4.629525661468506,128,0.2571958750486374,128,0.6407495141029358,128,0.3592504560947418,128,0.07832121476531029,128,-0.4185273349285126,128,0.7663017511367798,128,1.0,128,1.0,128,0.0,128,18.0,128,0.5949300229549408,128,-1.7602375149726868,128,-0.8284481167793274,128
clean,21,1,8,0.3093705028295517,128,13.674592018127441,128,0.7596995532512665,128,0.014430919662117958,128,0.9855690598487854,128,0.5925935804843903,128,0.207791268825531,128,0.5610382556915283,128,18.0,128,1.0,128,0.0,128,6.0,128,0.9258708953857422,128,0.45157742500305176,128,0.1393030360341072,128
clean,21,1,9,0.44345955550670624,128,9.794066905975342,128,0.5441148281097412,128,0.3244125694036484,128,0.6755874156951904,128,0.4290919005870819,128,-0.10219037532806396,128,0.8843201100826263,128,16.0,128,1.0,128,0.0,128,7.5,128,0.3850313127040863,128,-1.016020119190216,128,-0.04925992339849472,128
clean,21,1,10,0.15603043884038925,128,7.53477931022644,128,0.41859886050224304,128,0.4169311374425888,128,0.5830688774585724,128,0.24977684020996094,128,-0.194708913564682,128,0.9311412274837494,128,1.0,128,1.0,128,0.0,128,18.0,128,0.5883024036884308,128,-1.7687457203865051,128,-0.579592376947403,128
clean,21,1,11,0.1835276558995247,128,6.804794549942017,128,0.37804414331912994,128,0.4373110830783844,128,0.5626889169216156,128,0.1742621436715126,128,-0.2150888741016388,128,0.8612091839313507,128,1.0,128,1.0,128,0.0,128,18.0,128,0.47647789120674133,128,-1.1842601895332336,128,-0.5917055308818817,128
clean,21,2,0,0.16823850572109222,128,6.79891562461853,128,0.3777175396680832,128,0.49078716337680817,128,0.509212851524353,128,0.2146977037191391,128,-0.26856493949890137,128,0.8914573788642883,128,1.0,128,1.0,128,0.0,128,18.0,128,0.46611906588077545,128,-1.7898855805397034,128,-0.60569828748703,128
clean,21,2,1,0.17530711740255356,128,7.274564266204834,128,0.40414245426654816,128,0.4341019093990326,128,0.5658981204032898,128,0.2371077463030815,128,-0.2118796706199646,128,0.9308273792266846,128,1.0,128,1.0,128,0.0,128,18.0,128,0.5423219203948975,128,-1.8011265397071838,128,-0.6482333540916443,128
clean,21,2,2,0.20594221353530884,128,5.941118001937866,128,0.3300621062517166,128,0.5228178799152374,128,0.47718213498592377,128,0.15081281960010529,128,-0.3005956560373306,128,0.8965891301631927,128,2.0,128,1.0,128,0.0,128,18.0,128,0.8215965330600739,128,-1.9446966648101807,128,-0.8478391170501709,128
clean,21,2,3,0.6413393914699554,128,16.70980930328369,128,0.9283227324485779,128,0.00681045139208436,128,0.9931894242763519,128,0.8717582523822784,128,0.21541163325309753,128,0.35834023356437683,128,18.0,128,1.0,128,0.0,128,6.0,128,0.9130218029022217,128,0.7168481945991516,128,0.3036721646785736,128
clean,21,2,4,0.7570214867591858,128,15.129748344421387,128,0.8405415713787079,128,0.04854999668896198,128,0.9514500796794891,128,0.826887458562851,128,0.17367228865623474,128,0.4111364185810089,128,17.0,128,1.0,128,0.0,128,6.0,128,0.8297500908374786,128,0.27917440235614777,128,0.22737348079681396,128
clean,21,2,5,0.2164589688181877,128,6.839412450790405,128,0.3799673616886139,128,0.4330037534236908,128,0.5669962465763092,128,0.2203911691904068,128,-0.2107815444469452,128,0.8702543377876282,128,2.0,128,1.0,128,0.0,128,6.0,128,0.8699478209018707,128,-1.0681033730506897,128,-0.4925014078617096,128
clean,21,2,6,0.17798374593257904,128,8.200865745544434,128,0.4556036442518234,128,0.32659880816936493,128,0.6734011769294739,128,0.2690889984369278,128,-0.10437661409378052,128,0.9617532193660736,128,1.0,128,1.0,128,0.0,128,9.0,128,0.42471379041671753,128,-1.0598464012145996,128,-0.42632366716861725,128
clean,21,2,7,0.6643786430358887,128,16.088109970092773,128,0.8937838673591614,128,0.030548217706382275,128,0.9694518148899078,128,0.8480778932571411,128,0.19167402386665344,128,0.43665751814842224,128,18.0,128,1.0,128,0.0,128,6.0,128,0.6746734380722046,128,0.6274007558822632,128,0.25510939955711365,128
clean,21,2,8,0.5452744960784912,128,15.261899471282959,128,0.8478833138942719,128,0.0481018777936697,128,0.9518981277942657,128,0.774034172296524,128,0.17412033677101135,128,0.4955189675092697,128,18.0,128,1.0,128,0.0,128,6.0,128,0.6700839996337891,128,0.4760517179965973,128,0.11880005896091461,128
clean,21,2,9,0.21592629700899124,128,8.024718284606934,128,0.4458176791667938,128,0.3168458938598633,128,0.6831541061401367,128,0.23566977679729462,128,-0.09462368488311768,128,0.9597366154193878,128,3.0,128,1.0,128,0.0,128,18.0,128,0.5980496108531952,128,-1.082013726234436,128,-0.5545181035995483,128
clean,21,2,10,0.39359694719314575,128,10.635086059570312,128,0.5908381044864655,128,0.09864720702171326,128,0.9013527631759644,128,0.3553272634744644,128,0.12357497215270996,128,0.7653035223484039,128,18.0,128,1.0,128,0.0,128,6.0,128,0.8141762614250183,128,0.35578830540180206,128,-0.06236289627850056,128
clean,21,2,11,0.6368159055709839,128,12.5558180809021,128,0.6975454688072205,128,0.14957988262176514,128,0.8504200875759125,128,0.5378268957138062,128,0.07264229655265808,128,0.6991715729236603,128,18.0,128,1.0,128,0.0,128,6.0,128,0.7846144735813141,128,0.01902483683079481,128,0.04989319667220116,128
clean,21,3,0,0.637033075094223,128,15.649684429168701,128,0.8694269061088562,128,0.018493938259780407,128,0.9815060794353485,128,0.7846250534057617,128,0.20372828841209412,128,0.5105875730514526,128,18.0,128,1.0,128,0.0,128,6.0,128,0.8283810317516327,128,0.8692377209663391,128,0.4159006327390671,128
clean,21,3,1,0.26963649690151215,128,8.065581321716309,128,0.4480878412723541,128,0.34752753376960754,128,0.6524724662303925,128,0.23928315192461014,128,-0.12530532479286194,128,0.9166508913040161,128,1.0,128,1.0,128,0.0,128,6.0,128,0.49892888963222504,128,-0.910485565662384,128,-0.35020290315151215,128
clean,21,3,2,0.38525575399398804,128,8.884162425994873,128,0.49356457591056824,128,0.1522359699010849,128,0.8477640450000763,128,0.2822197526693344,128,0.0699862539768219,128,0.6745603084564209,128,5.0,128,1.0,128,0.0,128,6.0,128,0.7768296897411346,128,-0.23774354159832,128,-0.10413715988397598,128
clean,21,3,3,0.20741863548755646,128,7.523900985717773,128,0.41799449920654297,128,0.3553188443183899,128,0.6446811854839325,128,0.1925123706459999,128,-0.1330966055393219,128,0.9499258697032928,128,1.0,128,1.0,128,0.0,128,18.0,128,0.4489881694316864,128,-1.2135942578315735,128,-0.6677733063697815,128
clean,21,3,4,0.5048788189888,128,13.200075626373291,128,0.7333375513553619,128,0.011825778521597385,128,0.9881742596626282,128,0.5334460139274597,128,0.21039646863937378,128,0.573657751083374,128,18.0,128,0.8888888955116272,128,0.11764705926179886,128,6.0,128,0.9123023748397827,128,0.5191120803356171,128,0.09977052360773087,128
clean,21,3,5,0.17459142953157425,128,4.585778713226318,128,0.25476549565792084,128,0.6489053666591644,128,0.35109463334083557,128,0.09510193020105362,128,-0.4266831576824188,128,0.782122403383255,128,1.0,128,1.0,128,0.0,128,18.0,128,0.4470980018377304,128,-1.8381549715995789,128,-0.7804760038852692,128
clean,21,3,6,0.18063458055257797,128,4.250831127166748,128,0.23615729063749313,128,0.6796745955944061,128,0.32032541930675507,128,0.06639835983514786,128,-0.45745237171649933,128,0.7413126230239868,128,1.0,128,1.0,128,0.0,128,18.0,128,0.5120945572853088,128,-1.7168482542037964,128,-0.8338440954685211,128
clean,21,3,7,0.7012250423431396,128,17.29902172088623,128,0.9610567688941956,128,0.0007226013694889843,128,0.9992774426937103,128,0.9438375532627106,128,0.22149965167045593,128,0.23540665954351425,128,18.0,128,1.0,128,0.0,128,6.0,128,0.8290866613388062,128,0.950466126203537,128,0.2953474074602127,128
clean,21,3,8,0.2818901389837265,128,6.841686487197876,128,0.38009369373321533,128,0.4391312301158905,128,0.5608688294887543,128,0.19395596534013748,128,-0.21690896153450012,128,0.8708704710006714,128,1.0,128,1.0,128,0.0,128,18.0,128,0.5580952763557434,128,-1.2076676487922668,128,-0.5073255300521851,128
clean,21,3,9,0.26535220444202423,128,8.088219165802002,128,0.44934549927711487,128,0.37642090022563934,128,0.6235791146755219,128,0.27616195380687714,128,-0.15419867634773254,128,0.9028532803058624,128,1.0,128,1.0,128,0.0,128,18.0,128,0.553491622209549,128,-1.2714900970458984,128,-0.3740445673465729,128
clean,21,3,10,0.19701573252677917,128,7.096546173095703,128,0.39425256848335266,128,0.44169963896274567,128,0.5583003461360931,128,0.20624379813671112,128,-0.21947744488716125,128,0.9281523525714874,128,1.0,128,1.0,128,0.0,128,18.0,128,0.5131876468658447,128,-1.8431300520896912,128,-0.76418137550354,128
clean,21,3,11,0.2743247300386429,128,7.0268073081970215,128,0.3903781920671463,128,0.4446885883808136,128,0.5553114414215088,128,0.18588833510875702,128,-0.2224663496017456,128,0.9089748561382294,128,1.0,128,1.0,128,0.0,128,9.0,128,0.3785507380962372,128,-1.5992880463600159,128,-0.6615467667579651,128
clean,21,4,0,0.4664434492588043,128,11.042049884796143,128,0.6134472191333771,128,0.18984942138195038,128,0.8101505637168884,128,0.48644836246967316,128,0.03237277269363403,128,0.8891133666038513,128,17.0,128,1.0,128,0.0,128,6.0,128,0.535082072019577,128,0.2963433563709259,128,0.33324219286441803,128
clean,21,4,1,0.1869851052761078,128,4.3039703369140625,128,0.23910946398973465,128,0.6699457168579102,128,0.33005429804325104,128,0.07799195125699043,128,-0.44772349298000336,128,0.766838401556015,128,1.0,128,1.0,128,0.0,128,18.0,128,0.57901930809021,128,-1.8393319845199585,128,-0.7808930575847626,128
clean,21,4,2,0.2491919845342636,128,5.913513422012329,128,0.3285285234451294,128,0.555070549249649,128,0.44492945075035095,128,0.15939133614301682,128,-0.33284834027290344,128,0.7861270010471344,128,1.0,128,1.0,128,0.0,128,18.0,128,0.45981596410274506,128,-1.2991487979888916,128,-0.47311176359653473,128
clean,21,4,3,0.694446474313736,128,9.511937141418457,128,0.5284409523010254,128,0.44567228853702545,128,0.5543277263641357,128,0.45740413665771484,128,-0.22345006465911865,128,0.36148902773857117,128,18.0,128,1.0,128,0.0,128,6.0,128,0.7936314046382904,128,0.23383913934230804,128,-0.07645272091031075,128
clean,21,4,4,0.34637904167175293,128,8.73020315170288,128,0.4850112795829773,128,0.27735260128974915,128,0.7226473987102509,128,0.2611769437789917,128,-0.05513039231300354,128,0.8776616454124451,128,1.0,128,1.0,128,0.0,128,6.0,128,0.5749103128910065,128,-0.4627184569835663,128,-0.20557525753974915,128
clean,21,4,5,0.720359206199646,128,14.946901798248291,128,0.8303834199905396,128,0.02827880997210741,128,0.9717211723327637,128,0.740594208240509,128,0.19394338130950928,128,0.5214897692203522,128,18.0,128,1.0,128,0.0,128,6.0,128,0.8493111729621887,128,0.6137692928314209,128,0.21022788435220718,128
clean,21,4,6,0.19855321198701859,128,7.073662042617798,128,0.39298123121261597,128,0.4568594694137573,128,0.5431405305862427,128,0.22503668069839478,128,-0.23463726043701172,128,0.9411073327064514,128,1.0,128,1.0,128,0.0,128,18.0,128,0.5850608348846436,128,-2.1033260822296143,128,-0.7485426962375641,128
clean,21,4,7,0.26433227956295013,128,6.977355718612671,128,0.3876308649778366,128,0.4280630201101303,128,0.5719370245933533,128,0.18861763924360275,128,-0.20584076642990112,128,0.9149166941642761,128,1.0,128,1.0,128,0.0,128,18.0,128,0.4714861959218979,128,-1.422077715396881,128,-0.6796386539936066,128
clean,21,4,8,0.31760334968566895,128,9.945785522460938,128,0.5525436401367188,128,0.2104596272110939,128,0.7895403802394867,128,0.3785400390625,128,0.0117625892162323,128,0.9720190763473511,128,14.5,128,1.0,128,0.0,128,9.0,128,0.470604807138443,128,0.12494246661663055,128,0.1959829404950142,128
clean,21,4,9,0.2932530641555786,128,8.876902103424072,128,0.49316123127937317,128,0.24926188588142395,128,0.7507380843162537,128,0.270250529050827,128,-0.027039706707000732,128,0.9726863205432892,128,10.0,128,1.0,128,0.0,128,6.0,128,0.3777390122413635,128,-0.46718190610408783,128,-0.34488022327423096,128
clean,21,4,10,0.26669830083847046,128,6.541556119918823,128,0.3634197860956192,128,0.5233851671218872,128,0.476614847779274,128,0.19231150299310684,128,-0.3011629432439804,128,0.8935650885105133,128,1.0,128,1.0,128,0.0,128,18.0,128,0.5603484511375427,128,-1.9416371583938599,128,-0.6487047374248505,128
clean,21,4,11,0.20977028459310532,128,6.4518959522247314,128,0.3584386706352234,128,0.4818686693906784,128,0.5181313455104828,128,0.1762174740433693,128,-0.2596464455127716,128,0.8820440471172333,128,1.0,128,1.0,128,0.0,128,18.0,128,0.5546806752681732,128,-1.5181173086166382,128,-0.667030394077301,128
clean,21,5,0,0.3240464925765991,128,4.596778631210327,128,0.25537657737731934,128,0.6638633906841278,128,0.3361366242170334,128,0.14137251675128937,128,-0.441641166806221,128,0.6765632629394531,128,1.0,128,1.0,128,0.0,128,18.0,128,0.5551832616329193,128,-1.3824875354766846,128,-0.4828603118658066,128
clean,21,5,1,0.7621073424816132,128,14.672810554504395,128,0.8151561319828033,128,0.039532702416181564,128,0.9604673385620117,128,0.697897344827652,128,0.18268954753875732,128,0.533635675907135,128,18.0,128,1.0,128,0.0,128,6.0,128,0.8675013184547424,128,0.4943854659795761,128,0.13237842172384262,128
clean,21,5,2,0.7012229859828949,128,16.728035926818848,128,0.9293353259563446,128,0.01054361229762435,128,0.9894564151763916,128,0.8731572329998016,128,0.2116786241531372,128,0.2626165598630905,128,18.0,128,0.8333333134651184,128,0.23529411852359772,128,6.0,128,0.8076178431510925,128,0.7035755217075348,128,0.15327363461256027,128
clean,21,5,3,0.312035471200943,128,9.389996528625488,128,0.5216664671897888,128,0.22759664058685303,128,0.7724033892154694,128,0.3192395269870758,128,-0.005374401807785034,128,0.9890997111797333,128,1.0,128,1.0,128,0.0,128,9.0,128,0.3829817622900009,128,-0.08418604359030724,128,-0.06441368348896503,128
clean,21,5,4,0.5835251808166504,128,15.274810791015625,128,0.8486005961894989,128,0.029925577342510223,128,0.970074474811554,128,0.7208589017391205,128,0.19229668378829956,128,0.5367990136146545,128,18.0,128,0.8888888955116272,128,0.23529411852359772,128,6.0,128,0.7198425829410553,128,0.9001988172531128,128,0.33755064010620117,128
clean,21,5,5,0.1942211613059044,128,6.446038007736206,128,0.35811321437358856,128,0.5637746453285217,128,0.43622535467147827,128,0.22870440781116486,128,-0.3415524363517761,128,0.8553100526332855,128,1.0,128,1.0,128,0.0,128,18.0,128,0.6994239389896393,128,-1.8231767416000366,128,-0.48248760402202606,128
clean,21,5,6,0.540585994720459,128,12.965040683746338,128,0.7202800214290619,128,0.1652657836675644,128,0.834734171628952,128,0.6245884597301483,128,0.05695638060569763,128,0.6804141998291016,128,18.0,128,1.0,128,0.0,128,6.0,128,0.5951154232025146,128,-0.13674550503492355,128,0.08204477280378342,128
clean,21,5,7,0.44541728496551514,128,3.2460650205612183,128,0.18033695220947266,128,0.8064422905445099,128,0.19355770200490952,128,0.0911993682384491,128,-0.5842200815677643,128,0.4625396728515625,128,1.0,128,1.0,128,0.0,128,6.0,128,0.6117815673351288,128,-1.2054702639579773,128,-0.4461668133735657,128
clean,21,5,8,0.22251242399215698,128,8.256821632385254,128,0.45871230959892273,128,0.289053350687027,128,0.710946649312973,128,0.26510465145111084,128,-0.06683114171028137,128,0.9548158943653107,128,1.0,128,1.0,128,0.0,128,9.0,128,0.4168899953365326,128,-0.6354806125164032,128,-0.3588729500770569,128
clean,21,5,9,0.859236866235733,128,13.942348957061768,128,0.7745749354362488,128,0.04546523280441761,128,0.9545347988605499,128,0.6650418639183044,128,0.17675700783729553,128,0.6507646143436432,128,17.0,128,1.0,128,0.0,128,6.0,128,0.8022370040416718,128,0.768926352262497,128,0.4042420834302902,128
clean,21,5,10,0.5361816585063934,128,1.5600606203079224,128,0.08667003735899925,128,0.9501137733459473,128,0.04988618567585945,128,0.02347870171070099,128,-0.7278916239738464,128,0.18118547648191452,128,1.0,128,1.0,128,0.0,128,6.0,128,0.8701112866401672,128,-0.8314640522003174,128,-0.3639203906059265,128
clean,21,5,11,0.46721750497817993,128,10.92168664932251,128,0.6067603826522827,128,0.20569084584712982,128,0.7943091690540314,128,0.41907329857349396,128,0.016531378030776978,128,0.8348853290081024,128,18.0,128,1.0,128,0.0,128,6.0,128,0.6508916914463043,128,0.05371752381324768,128,0.07108421251177788,128
clean,21,6,0,0.28554485738277435,128,7.5445873737335205,128,0.41914375126361847,128,0.42559002339839935,128,0.5744099617004395,128,0.25612613558769226,128,-0.20336782932281494,128,0.8985985815525055,128,1.0,128,1.0,128,0.0,128,18.0,128,0.3883702903985977,128,-1.2349833846092224,128,-0.30938954651355743,128
clean,21,6,1,0.23604197055101395,128,7.005645751953125,128,0.3892025351524353,128,0.42104461789131165,128,0.5789553821086884,128,0.17058341950178146,128,-0.19882240891456604,128,0.9417164325714111,128,2.0,128,1.0,128,0.0,128,18.0,128,0.4881046414375305,128,-1.5497131943702698,128,-0.7892684936523438,128
clean,21,6,2,0.24666577577590942,128,6.0421142578125,128,0.3356730192899704,128,0.5991819500923157,128,0.4008180648088455,128,0.21378055214881897,128,-0.3769597262144089,128,0.7913790345191956,128,1.0,128,1.0,128,0.0,128,18.0,128,0.48014621436595917,128,-1.5916754007339478,128,-0.38495931029319763,128
clean,21,6,3,0.2706385850906372,128,6.895502805709839,128,0.3830834925174713,128,0.41527482867240906,128,0.5847251117229462,128,0.18452676385641098,128,-0.19305267930030823,128,0.9252412021160126,128,1.0,128,1.0,128,0.0,128,18.0,128,0.49564407765865326,128,-1.447145938873291,128,-0.6727341413497925,128
clean,21,6,4,0.25793059170246124,128,4.676016569137573,128,0.2597787082195282,128,0.6169953048229218,128,0.38300465047359467,128,0.05995858274400234,128,-0.39477314054965973,128,0.7831567227840424,128,1.0,128,1.0,128,0.0,128,18.0,128,0.5295930802822113,128,-1.682347059249878,128,-0.8585177361965179,128
clean,21,6,5,0.27958251535892487,128,8.653892517089844,128,0.4807718098163605,128,0.3121805340051651,128,0.6878194510936737,128,0.30457939207553864,128,-0.08995833992958069,128,0.9631207287311554,128,1.0,128,1.0,128,0.0,128,18.0,128,0.4963876008987427,128,-1.1133175492286682,128,-0.36117473244667053,128
clean,21,6,6,0.2657099664211273,128,9.30113172531128,128,0.5167295634746552,128,0.2552146166563034,128,0.7447853982448578,128,0.3311082422733307,128,-0.032992392778396606,128,0.9812657237052917,128,6.5,128,1.0,128,0.0,128,9.0,128,0.406758114695549,128,-0.6272668838500977,128,-0.10266003385186195,128
clean,21,6,7,0.2572118043899536,128,6.952953577041626,128,0.38627520203590393,128,0.48301319777965546,128,0.5169868171215057,128,0.233929842710495,128,-0.26079097390174866,128,0.8540729880332947,128,1.0,128,1.0,128,0.0,128,18.0,128,0.44600024819374084,128,-1.2233569025993347,128,-0.4060562551021576,128
clean,21,6,8,0.2264757975935936,128,5.912490606307983,128,0.32847170531749725,128,0.5181416869163513,128,0.4818582981824875,128,0.13787689059972763,128,-0.2959194928407669,128,0.8544569611549377,128,1.0,128,1.0,128,0.0,128,18.0,128,0.4346042573451996,128,-1.5137925148010254,128,-0.6429420411586761,128
clean,21,6,9,0.2832438498735428,128,7.087523698806763,128,0.393751323223114,128,0.4795156866312027,128,0.5204842984676361,128,0.22849205136299133,128,-0.2572934925556183,128,0.8247998356819153,128,1.0,128,1.0,128,0.0,128,9.0,128,0.4021666795015335,128,-1.0911555886268616,128,-0.32470741868019104,128
clean,21,6,10,0.3434533029794693,128,8.637600421905518,128,0.4798666834831238,128,0.2975839376449585,128,0.7024160623550415,128,0.2779909372329712,128,-0.07536172866821289,128,0.9178273975849152,128,4.0,128,1.0,128,0.0,128,18.0,128,0.46855679154396057,128,-0.7862377762794495,128,-0.33370086550712585,128
clean,21,6,11,0.6769329309463501,128,13.299576759338379,128,0.7388653755187988,128,0.0465149711817503,128,0.9534850418567657,128,0.5870320796966553,128,0.17570725083351135,128,0.65497887134552,128,18.0,128,0.0555555559694767,128,0.05882352963089943,128,6.0,128,0.8788113296031952,128,0.5286201536655426,128,0.19274308532476425,128
clean,21,7,0,0.4789366275072098,128,12.461570739746094,128,0.6923094987869263,128,0.07691576704382896,128,0.9230841994285583,128,0.506197988986969,128,0.14530640840530396,128,0.6641827523708344,128,18.0,128,1.0,128,0.0,128,6.0,128,0.8543691337108612,128,0.27207763493061066,128,0.06890285760164261,128
clean,21,7,1,0.13963665813207626,128,3.8747122287750244,128,0.2152617871761322,128,0.6960629522800446,128,0.30393701791763306,128,0.030598174780607224,128,-0.47384077310562134,128,0.7462255656719208,128,1.0,128,1.0,128,0.0,128,18.0,128,0.5538746416568756,128,-1.7406808733940125,128,-0.9517942667007446,128
clean,21,7,2,0.34141018986701965,128,8.891570091247559,128,0.4939761161804199,128,0.3284176141023636,128,0.6715824007987976,128,0.31943774223327637,128,-0.10619539022445679,128,0.8946916162967682,128,1.0,128,1.0,128,0.0,128,6.0,128,0.4348515123128891,128,-0.5183442234992981,128,-0.004678389057517052,128
clean,21,7,3,0.6716208457946777,128,13.094959259033203,128,0.7274977564811707,128,0.05817130394279957,128,0.9418287575244904,128,0.5214406251907349,128,0.16405096650123596,128,0.6266942620277405,128,18.0,128,0.6388888955116272,128,0.3529411852359772,128,6.0,128,0.8676599264144897,128,0.31830163300037384,128,0.07955943420529366,128
clean,21,7,4,0.3188433200120926,128,6.902690172195435,128,0.38348278403282166,128,0.5094408094882965,128,0.4905591756105423,128,0.23216473311185837,128,-0.2872186154127121,128,0.7860193848609924,128,1.0,128,1.0,128,0.0,128,18.0,128,0.4503547251224518,128,-1.1913372874259949,128,-0.3124755918979645,128
clean,21,7,5,0.27765242755413055,128,6.798055410385132,128,0.3776697516441345,128,0.41687826812267303,128,0.5831217169761658,128,0.1415848657488823,128,-0.19465607404708862,128,0.8633159697055817,128,2.5,128,1.0,128,0.0,128,18.0,128,0.5010418444871902,128,-1.1542808413505554,128,-0.6183114349842072,128
clean,21,7,6,0.24114245176315308,128,7.919128894805908,128,0.4399515986442566,128,0.34321658313274384,128,0.6567833423614502,128,0.2356388345360756,128,-0.1209944486618042,128,0.934433102607727,128,1.0,128,1.0,128,0.0,128,18.0,128,0.4004869908094406,128,-1.131453275680542,128,-0.49642807245254517,128
clean,21,7,7,0.19266916066408157,128,4.19962477684021,128,0.2333124876022339,128,0.7070332169532776,128,0.2929667830467224,128,0.09127908572554588,128,-0.484811007976532,128,0.7016903460025787,128,1.0,128,1.0,128,0.0,128,18.0,128,0.48435959219932556,128,-1.8394281268119812,128,-0.7191104292869568,128
clean,21,7,8,0.685901939868927,128,11.49651050567627,128,0.6386950016021729,128,0.028812574222683907,128,0.9711874127388,128,0.35269519686698914,128,0.19340962171554565,128,0.7026623785495758,128,11.0,128,1.0,128,0.0,128,6.0,128,0.68406742811203,128,1.5170077085494995,128,0.4638197124004364,128
clean,21,7,9,0.3008658140897751,128,8.016851663589478,128,0.44538064301013947,128,0.3633287847042084,128,0.6366712152957916,128,0.25984254479408264,128,-0.14110657572746277,128,0.9201463758945465,128,1.0,128,1.0,128,0.0,128,9.0,128,0.3960578590631485,128,-1.1013696193695068,128,-0.44255875051021576,128
clean,21,7,10,0.2628590315580368,128,8.642576694488525,128,0.48014315962791443,128,0.3180149793624878,128,0.6819850206375122,128,0.31118352711200714,128,-0.09579277038574219,128,0.9738828837871552,128,1.0,128,1.0,128,0.0,128,18.0,128,0.4302871525287628,128,-1.2388401627540588,128,-0.344698503613472,128
clean,21,7,11,0.22549434751272202,128,6.967512369155884,128,0.3870840221643448,128,0.42307011783123016,128,0.5769298672676086,128,0.2101268172264099,128,-0.20084792375564575,128,0.9177086651325226,128,1.0,128,1.0,128,0.0,128,18.0,128,0.504290297627449,128,-1.5308523178100586,128,-0.6491237282752991,128
clean,21,8,0,0.46760325133800507,128,7.478012561798096,128,0.41544514894485474,128,0.4231114238500595,128,0.5768886208534241,128,0.26659655570983887,128,-0.20088917016983032,128,0.8141394555568695,128,1.0,128,1.0,128,0.0,128,6.0,128,0.5136500000953674,128,-0.9110665321350098,128,-0.27090777456760406,128
clean,21,8,1,0.16411273926496506,128,3.5611276626586914,128,0.19784042239189148,128,0.7696595788002014,128,0.23034043610095978,128,0.06161958910524845,128,-0.5474373698234558,128,0.626608282327652,128,1.0,128,1.0,128,0.0,128,18.0,128,0.4541575312614441,128,-1.8773190379142761,128,-0.7006705105304718,128
clean,21,8,2,0.3593209683895111,128,9.136274814605713,128,0.5075708329677582,128,0.33022046089172363,128,0.669779509305954,128,0.341545045375824,128,-0.10799828171730042,128,0.883865237236023,128,1.0,128,1.0,128,0.0,128,9.0,128,0.3790438324213028,128,-0.236844040453434,128,0.17437757551670074,128
clean,21,8,3,0.4920777231454849,128,8.12199068069458,128,0.4512217044830322,128,0.42308297753334045,128,0.5769170224666595,128,0.29038336873054504,128,-0.20086076855659485,128,0.7252083420753479,128,1.0,128,1.0,128,0.0,128,6.0,128,0.48491092026233673,128,-0.8475756049156189,128,-0.11628192290663719,128
clean,21,8,4,0.4854592978954315,128,8.349985599517822,128,0.4638880789279938,128,0.45955176651477814,128,0.5404482185840607,128,0.35261115431785583,128,-0.23732957243919373,128,0.7397769093513489,128,1.0,128,1.0,128,0.0,128,18.0,128,0.5811813175678253,128,-1.1627910733222961,128,-0.102871373295784,128
clean,21,8,5,0.5132760107517242,128,11.25894546508789,128,0.6254969835281372,128,0.2525022029876709,128,0.7474978864192963,128,0.4975936710834503,128,-0.03027990460395813,128,0.5678398907184601,128,18.0,128,0.8888888955116272,128,0.11764705926179886,128,6.0,128,0.7173595726490021,128,-0.23296411335468292,128,-0.06783386319875717,128
clean,21,8,6,0.47581855952739716,128,10.900219440460205,128,0.6055677533149719,128,0.14381733536720276,128,0.8561825752258301,128,0.4246314764022827,128,0.07840478420257568,128,0.9581583738327026,128,14.5,128,1.0,128,0.0,128,18.0,128,0.5528313517570496,128,0.9930353760719299,128,0.5474399626255035,128
clean,21,8,7,0.1666911318898201,128,3.9900819063186646,128,0.2216712161898613,128,0.7505054473876953,128,0.2494945302605629,128,0.07485417649149895,128,-0.5282832384109497,128,0.7196375727653503,128,1.0,128,1.0,128,0.0,128,18.0,128,0.4532083719968796,128,-2.0756475925445557,128,-0.7902824282646179,128
clean,21,8,8,0.1811395063996315,128,5.872558355331421,128,0.3262532502412796,128,0.553121030330658,128,0.44687893986701965,128,0.15316999703645706,128,-0.33089885115623474,128,0.882021576166153,128,1.0,128,1.0,128,0.0,128,18.0,128,0.4872457683086395,128,-1.867546796798706,128,-0.8136624097824097,128
clean,21,8,9,0.27033190429210663,128,7.031269550323486,128,0.39062608778476715,128,0.44923368096351624,128,0.5507663190364838,128,0.22139570116996765,128,-0.22701147198677063,128,0.919841468334198,128,1.0,128,1.0,128,0.0,128,18.0,128,0.49365806579589844,128,-1.6419384479522705,128,-0.5785679221153259,128
clean,21,8,10,0.5258906483650208,128,9.526647090911865,128,0.5292581617832184,128,0.336734339594841,128,0.6632656455039978,128,0.40556488931179047,128,-0.11451214551925659,128,0.7830789685249329,128,17.0,128,1.0,128,0.0,128,18.0,128,0.5928561091423035,128,-0.79555344581604,128,-0.05621022917330265,128
clean,21,8,11,0.3437560200691223,128,3.104364037513733,128,0.17246466875076294,128,0.7502672970294952,128,0.24973269551992416,128,0.025616412982344627,128,-0.5280450880527496,128,0.47833050787448883,128,1.0,128,1.0,128,0.0,128,9.0,128,0.3637910783290863,128,-1.1563040018081665,128,-0.6258656978607178,128
clean,21,9,0,0.3101847767829895,128,7.193252325057983,128,0.39962512254714966,128,0.48928649723529816,128,0.5107134878635406,128,0.22692474722862244,128,-0.26706430315971375,128,0.8557446300983429,128,1.0,128,1.0,128,0.0,128,18.0,128,0.44927771389484406,128,-1.5263769626617432,128,-0.40427976846694946,128
clean,21,9,1,0.34747250378131866,128,8.55314302444458,128,0.4751746207475662,128,0.33359837532043457,128,0.6664016246795654,128,0.30208219587802887,128,-0.11137616634368896,128,0.9381963610649109,128,1.0,128,1.0,128,0.0,128,18.0,128,0.41631123423576355,128,-0.8889272212982178,128,-0.1780545935034752,128
clean,21,9,2,0.30734361708164215,128,7.4255547523498535,128,0.4125308245420456,128,0.35911574959754944,128,0.6408841907978058,128,0.2172745019197464,128,-0.1368936002254486,128,0.9082400500774384,128,2.5,128,1.0,128,0.0,128,18.0,128,0.457979679107666,128,-1.0676178336143494,128,-0.5522462427616119,128
clean,21,9,3,0.456870898604393,128,5.332017183303833,128,0.2962231785058975,128,0.6346921026706696,128,0.36530789732933044,128,0.1078275628387928,128,-0.41246989369392395,128,0.6693961918354034,128,1.0,128,1.0,128,0.0,128,18.0,128,0.5549882054328918,128,-1.0948432087898254,128,-0.5200254023075104,128
clean,21,9,4,0.5543456673622131,128,10.541833877563477,128,0.5856574177742004,128,0.31149351596832275,128,0.6885064840316772,128,0.48428449034690857,128,-0.08927130699157715,128,0.5958311855792999,128,18.0,128,0.8888888955116272,128,0.11764705926179886,128,6.0,128,0.6270670592784882,128,-0.15280906111001968,128,-0.04990828223526478,128
clean,21,9,5,0.2991301119327545,128,8.338246822357178,128,0.4632359445095062,128,0.30123212933540344,128,0.698767900466919,128,0.25191688537597656,128,-0.07900989055633545,128,0.9800328612327576,128,1.0,128,1.0,128,0.0,128,9.0,128,0.3983503729104996,128,-1.2947871685028076,128,-0.6640744507312775,128
clean,21,9,6,0.44130557775497437,128,6.236517906188965,128,0.34647321701049805,128,0.5213304460048676,128,0.47866955399513245,128,0.20027519762516022,128,-0.29910823702812195,128,0.741817981004715,128,1.5,128,1.0,128,0.0,128,18.0,128,0.5053821206092834,128,-0.9640956521034241,128,-0.34553295373916626,128
clean,21,9,7,0.21646881103515625,128,4.9305713176727295,128,0.27392062544822693,128,0.6543539464473724,128,0.34564606845378876,128,0.1266944780945778,128,-0.43213172256946564,128,0.7886441051959991,128,1.0,128,1.0,128,0.0,128,18.0,128,0.5623167455196381,128,-2.01461398601532,128,-0.7589578628540039,128
clean,21,9,8,0.27752967178821564,128,4.831228494644165,128,0.2684015929698944,128,0.5953992903232574,128,0.40460075438022614,128,0.11348051950335503,128,-0.37317703664302826,128,0.7045835256576538,128,1.0,128,1.0,128,0.0,128,18.0,128,0.43547891080379486,128,-1.2201493382453918,128,-0.5933111011981964,128
clean,21,9,9,0.3601881265640259,128,5.4595184326171875,128,0.30330657958984375,128,0.6156398952007294,128,0.38436010479927063,128,0.14672917872667313,128,-0.39341768622398376,128,0.7242905497550964,128,1.0,128,1.0,128,0.0,128,9.0,128,0.3399115055799484,128,-1.4026243090629578,128,-0.4408281296491623,128
clean,21,9,10,0.26186971366405487,128,6.844091176986694,128,0.3802272826433182,128,0.48565563559532166,128,0.5143443644046783,128,0.22248608618974686,128,-0.26343342661857605,128,0.8896371722221375,128,1.0,128,1.0,128,0.0,128,18.0,128,0.4246148616075516,128,-1.6636043190956116,128,-0.506526380777359,128
clean,21,9,11,0.30846549570560455,128,8.357407569885254,128,0.4643004238605499,128,0.3012031763792038,128,0.698796808719635,128,0.27442245185375214,128,-0.07898098230361938,128,0.9536072611808777,128,4.0,128,1.0,128,0.0,128,3.0,128,0.47555501759052277,128,-0.9011910557746887,128,-0.4495672434568405,128
clean,21,10,0,0.272493451833725,128,7.20314359664917,128,0.40017464756965637,128,0.4110495001077652,128,0.5889504551887512,128,0.19543403387069702,128,-0.18882733583450317,128,0.8429131507873535,128,1.0,128,1.0,128,0.0,128,6.0,128,0.38955168426036835,128,-1.0398251414299011,128,-0.4366641193628311,128
clean,21,10,1,0.3407062888145447,128,5.68791389465332,128,0.3159952163696289,128,0.5032966136932373,128,0.4967033863067627,128,0.11790788173675537,128,-0.2810744047164917,128,0.8087768852710724,128,1.0,128,1.0,128,0.0,128,18.0,128,0.4321051985025406,128,-1.3248831629753113,128,-0.6928347051143646,128
clean,21,10,2,0.23051267117261887,128,6.487697601318359,128,0.3604276478290558,128,0.44346871972084045,128,0.5565312504768372,128,0.17813114076852798,128,-0.22124654054641724,128,0.874663382768631,128,1.0,128,1.0,128,0.0,128,18.0,128,0.39618295431137085,128,-1.3135188221931458,128,-0.5874313116073608,128
clean,21,10,3,0.24401599168777466,128,5.477880477905273,128,0.30432669818401337,128,0.5911718010902405,128,0.4088281989097595,128,0.17516101896762848,128,-0.3689495921134949,128,0.7978410720825195,128,1.0,128,1.0,128,0.0,128,18.0,128,0.4890602231025696,128,-1.6121696829795837,128,-0.5559556186199188,128
clean,21,10,4,0.2880889028310776,128,8.367277145385742,128,0.46484872698783875,128,0.30137762427330017,128,0.698622316122055,128,0.2622821778059006,128,-0.07915547490119934,128,0.9402589201927185,128,5.0,128,1.0,128,0.0,128,18.0,128,0.42336443066596985,128,-0.8378778696060181,128,-0.3807674050331116,128
clean,21,10,5,0.3117615878582001,128,7.118259906768799,128,0.3954588770866394,128,0.40627525746822357,128,0.5937247574329376,128,0.17755329608917236,128,-0.18405303359031677,128,0.8203069567680359,128,4.0,128,1.0,128,0.0,128,6.0,128,0.45144355297088623,128,-0.9999184310436249,128,-0.5113574266433716,128
clean,21,10,6,0.23544592410326004,128,5.75960636138916,128,0.31997813284397125,128,0.5831208825111389,128,0.4168791174888611,128,0.16983378678560257,128,-0.3608986735343933,128,0.8251507580280304,128,1.0,128,1.0,128,0.0,128,18.0,128,0.7146999537944794,128,-1.7725744843482971,128,-0.575699508190155,128
clean,21,10,7,0.2673988491296768,128,8.178783893585205,128,0.4543768912553787,128,0.37184835970401764,128,0.6281516551971436,128,0.28718680143356323,128,-0.14962613582611084,128,0.9542855322360992,128,1.0,128,1.0,128,0.0,128,18.0,128,0.5066429972648621,128,-1.4887412786483765,128,-0.4184771925210953,128
clean,21,10,8,0.3389507532119751,128,8.188127517700195,128,0.4548959732055664,128,0.40925513207912445,128,0.5907449126243591,128,0.3355318754911423,128,-0.18703287839889526,128,0.8974011540412903,128,1.0,128,1.0,128,0.0,128,18.0,128,0.47510337829589844,128,-1.1495084166526794,128,-0.10644491389393806,128
clean,21,10,9,0.29428888857364655,128,7.205188512802124,128,0.4002882391214371,128,0.4706806540489197,128,0.5293193459510803,128,0.2611240893602371,128,-0.24845844507217407,128,0.7930556237697601,128,1.0,128,1.0,128,0.0,128,18.0,128,0.502946525812149,128,-0.9488580226898193,128,-0.19902795553207397,128
clean,21,10,10,0.32113489508628845,128,6.9809300899505615,128,0.3878294378519058,128,0.4618799090385437,128,0.5381200909614563,128,0.2053678333759308,128,-0.2396577000617981,128,0.8183507025241852,128,1.0,128,1.0,128,0.0,128,18.0,128,0.43324020504951477,128,-1.2335848808288574,128,-0.42696042358875275,128
clean,21,10,11,0.2194702848792076,128,5.4849042892456055,128,0.30471691489219666,128,0.5913193821907043,128,0.40868060290813446,128,0.14491474628448486,128,-0.36909718811511993,128,0.827188640832901,128,1.0,128,1.0,128,0.0,128,18.0,128,0.3999594897031784,128,-1.8125344514846802,128,-0.7211607396602631,128
clean,21,11,0,0.36101774871349335,128,7.311022758483887,128,0.4061679244041443,128,0.3324788808822632,128,0.6675211489200592,128,0.17489775270223618,128,-0.11025664210319519,128,0.8835318088531494,128,3.0,128,1.0,128,0.0,128,18.0,128,0.3822450339794159,128,-0.9253248274326324,128,-0.5134199410676956,128
clean,21,11,1,0.31493762135505676,128,5.316895008087158,128,0.2953830510377884,128,0.554777979850769,128,0.44522202014923096,128,0.10506964102387428,128,-0.33255577087402344,128,0.812976062297821,128,1.0,128,1.0,128,0.0,128,18.0,128,0.41506533324718475,128,-1.299880862236023,128,-0.6747998297214508,128
clean,21,11,2,0.207281231880188,128,5.708866119384766,128,0.3171592205762863,128,0.5365505516529083,128,0.46344946324825287,128,0.1408635675907135,128,-0.3143283277750015,128,0.8394813239574432,128,1.0,128,1.0,128,0.0,128,18.0,128,0.45722144842147827,128,-1.5542174577713013,128,-0.5869966149330139,128
clean,21,11,3,0.2872537523508072,128,5.890355587005615,128,0.327241986989975,128,0.5553308725357056,128,0.44466912746429443,128,0.1630123034119606,128,-0.33310866355895996,128,0.7927108407020569,128,1.0,128,1.0,128,0.0,128,9.0,128,0.3574725538492203,128,-1.2892111539840698,128,-0.43293486535549164,128
clean,21,11,4,0.22189054638147354,128,6.299576759338379,128,0.34997648000717163,128,0.5372744798660278,128,0.4627254903316498,128,0.19614584743976593,128,-0.3150523006916046,128,0.8255608677864075,128,1.0,128,1.0,128,0.0,128,18.0,128,0.48982107639312744,128,-1.437419593334198,128,-0.46549367904663086,128
clean,21,11,5,0.22096551209688187,128,5.290539503097534,128,0.2939188629388809,128,0.6140184104442596,128,0.38598160445690155,128,0.12324907258152962,128,-0.39179618656635284,128,0.83101686835289,128,1.0,128,1.0,128,0.0,128,18.0,128,0.46432600915431976,128,-1.8663235902786255,128,-0.7258606553077698,128
clean,21,11,6,0.30495668947696686,128,7.435125827789307,128,0.41306254267692566,128,0.3377738893032074,128,0.6622261106967926,128,0.16939473897218704,128,-0.11555168032646179,128,0.8239547312259674,128,2.0,128,1.0,128,0.0,128,9.0,128,0.43561242520809174,128,-0.8311943411827087,128,-0.44350744783878326,128
clean,21,11,7,0.2962447851896286,128,7.505686283111572,128,0.41698257625102997,128,0.37294937670230865,128,0.6270506083965302,128,0.22093049436807632,128,-0.15072718262672424,128,0.9405316710472107,128,2.0,128,1.0,128,0.0,128,18.0,128,0.366818368434906,128,-1.2651910185813904,128,-0.667074054479599,128
clean,21,11,8,0.26772190630435944,128,7.251529693603516,128,0.4028627574443817,128,0.43711918592453003,128,0.5628807842731476,128,0.23681505769491196,128,-0.2148970067501068,128,0.9083560705184937,128,1.0,128,1.0,128,0.0,128,9.0,128,0.3671647608280182,128,-1.3460651636123657,128,-0.42843303084373474,128
clean,21,11,9,0.4924614727497101,128,8.50870132446289,128,0.4727056324481964,128,0.33306439220905304,128,0.6669356226921082,128,0.2822587341070175,128,-0.11084216833114624,128,0.7878178954124451,128,1.0,128,0.5555555820465088,128,0.23529411852359772,128,6.0,128,0.5753965973854065,128,-0.45973894000053406,128,-0.16608449071645737,128
clean,21,11,10,0.29744797945022583,128,9.26990795135498,128,0.5149948596954346,128,0.2738453447818756,128,0.726154625415802,128,0.3310113698244095,128,-0.05162316560745239,128,0.9470534324645996,128,4.0,128,1.0,128,0.0,128,6.0,128,0.43770962953567505,128,-0.6325924694538116,128,-0.12236886471509933,128
clean,21,11,11,0.3001684844493866,128,7.75802206993103,128,0.4310012310743332,128,0.34853264689445496,128,0.6514673829078674,128,0.22847972810268402,128,-0.12631040811538696,128,0.9109313786029816,128,1.0,128,1.0,128,0.0,128,18.0,128,0.39405976235866547,128,-0.9877947568893433,128,-0.4432264417409897,128
clean,21,12,0,0.20220458507537842,128,5.452944040298462,128,0.30294132232666016,128,0.5920335352420807,128,0.4079664945602417,128,0.14922326058149338,128,-0.3698112964630127,128,0.7913114726543427,128,1.0,128,1.0,128,0.0,128,18.0,128,0.45172441005706787,128,-1.660895824432373,128,-0.5931342244148254,128
clean,21,12,1,0.23614229261875153,128,6.631530284881592,128,0.368418350815773,128,0.4420106112957001,128,0.5579893887042999,128,0.16738848388195038,128,-0.21978840231895447,128,0.844184547662735,128,1.5,128,1.0,128,0.0,128,6.0,128,0.4280182123184204,128,-1.0808994770050049,128,-0.49474379420280457,128
clean,21,12,2,0.5606355965137482,128,8.583787441253662,128,0.4768770784139633,128,0.37698662281036377,128,0.6230133473873138,128,0.3344644755125046,128,-0.15476444363594055,128,0.7670458555221558,128,1.0,128,0.2777777910232544,128,0.1764705926179886,128,6.0,128,0.7040393948554993,128,-0.6862519979476929,128,-0.13156405091285706,128
clean,21,12,3,0.3226344883441925,128,7.394678115844727,128,0.4108154624700546,128,0.4345107525587082,128,0.5654892325401306,128,0.23483554273843765,128,-0.21228855848312378,128,0.841912716627121,128,1.0,128,1.0,128,0.0,128,6.0,128,0.43683966994285583,128,-0.880654513835907,128,-0.29012349247932434,128
clean,21,12,4,0.23430131375789642,128,7.399387836456299,128,0.4110771119594574,128,0.41443824768066406,128,0.5855617821216583,128,0.21509568393230438,128,-0.19221600890159607,128,0.8972701728343964,128,2.0,128,1.0,128,0.0,128,18.0,128,0.4557107985019684,128,-1.3143312335014343,128,-0.5183248221874237,128
clean,21,12,5,0.25249210000038147,128,8.588352680206299,128,0.4771306961774826,128,0.3043600916862488,128,0.6956399083137512,128,0.28553009033203125,128,-0.08213788270950317,128,0.9671644568443298,128,1.5,128,1.0,128,0.0,128,6.0,128,0.4571847468614578,128,-1.0587530136108398,128,-0.40721629559993744,128
clean,21,12,6,0.18587645143270493,128,4.085509538650513,128,0.22697275131940842,128,0.7260963618755341,128,0.27390365302562714,128,0.07803649455308914,128,-0.5038741528987885,128,0.6821934580802917,128,1.0,128,1.0,128,0.0,128,18.0,128,0.47445259988307953,128,-1.748944103717804,128,-0.7257802188396454,128
clean,21,12,7,0.1523112654685974,128,2.9121354818344116,128,0.1617853045463562,128,0.8479491174221039,128,0.15205083787441254,128,0.054465727880597115,128,-0.6257269382476807,128,0.5440843403339386,128,1.0,128,1.0,128,0.0,128,18.0,128,0.4473397582769394,128,-1.8910287618637085,128,-0.6356397271156311,128
clean,21,12,8,0.4180334210395813,128,5.429788827896118,128,0.3016549348831177,128,0.5738888382911682,128,0.4261111468076706,128,0.13554830849170685,128,-0.3516666442155838,128,0.702273041009903,128,1.0,128,1.0,128,0.0,128,6.0,128,0.5134251117706299,128,-1.153244435787201,128,-0.4560944437980652,128
clean,21,12,9,0.24121060222387314,128,5.754576206207275,128,0.31969867646694183,128,0.5902720987796783,128,0.40972790122032166,128,0.16905220597982407,128,-0.36804988980293274,128,0.814770370721817,128,1.0,128,1.0,128,0.0,128,18.0,128,0.39961887896060944,128,-1.668510615825653,128,-0.5558449327945709,128
clean,21,12,10,0.36503051221370697,128,6.105643272399902,128,0.3392024040222168,128,0.5642963945865631,128,0.4357036203145981,128,0.19835852831602097,128,-0.3420741707086563,128,0.6574617028236389,128,1.0,128,1.0,128,0.0,128,6.0,128,0.41740863025188446,128,-0.7531029582023621,128,-0.2334674969315529,128
clean,21,12,11,0.1711781620979309,128,3.276735782623291,128,0.18204087764024734,128,0.8171979784965515,128,0.1828019917011261,128,0.05919043719768524,128,-0.5949757993221283,128,0.5889564752578735,128,1.0,128,1.0,128,0.0,128,18.0,128,0.509050577878952,128,-1.946991503238678,128,-0.663517415523529,128
clean,21,13,0,0.2894658297300339,128,3.9718343019485474,128,0.22065746039152145,128,0.7336708605289459,128,0.26632918417453766,128,0.058897411450743675,128,-0.5114486217498779,128,0.6116605401039124,128,1.0,128,1.0,128,0.0,128,18.0,128,0.5363335907459259,128,-1.3592402338981628,128,-0.6158024966716766,128
clean,21,13,1,0.3022225350141525,128,6.222285985946655,128,0.3456825464963913,128,0.519974410533905,128,0.4800255745649338,128,0.17221049964427948,128,-0.2977522164583206,128,0.752821147441864,128,1.0,128,1.0,128,0.0,128,18.0,128,0.46759429574012756,128,-1.2121795415878296,128,-0.44090427458286285,128
clean,21,13,2,0.21968461573123932,128,6.667086601257324,128,0.37039369344711304,128,0.4757859706878662,128,0.5242140293121338,128,0.20070035755634308,128,-0.2535637617111206,128,0.8683649003505707,128,1.0,128,1.0,128,0.0,128,9.0,128,0.40826402604579926,128,-1.4718424677848816,128,-0.5231563150882721,128
clean,21,13,3,0.26294367015361786,128,8.11281442642212,128,0.4507119208574295,128,0.3601837158203125,128,0.6398162841796875,128,0.2663462311029434,128,-0.1379615068435669,128,0.9541475176811218,128,1.0,128,1.0,128,0.0,128,18.0,128,0.39201150834560394,128,-1.277770757675171,128,-0.44749125838279724,128
clean,21,13,4,0.2432401403784752,128,6.9988694190979,128,0.38882607221603394,128,0.41382791101932526,128,0.5861721336841583,128,0.20100851356983185,128,-0.19160565733909607,128,0.9129641950130463,128,1.0,128,1.0,128,0.0,128,18.0,128,0.3797699362039566,128,-1.3677089214324951,128,-0.5492824018001556,128
clean,21,13,5,0.29586581885814667,128,5.365576505661011,128,0.29808758199214935,128,0.572391152381897,128,0.427608847618103,128,0.10013927891850471,128,-0.35016894340515137,128,0.7667953968048096,128,2.0,128,1.0,128,0.0,128,18.0,128,0.4510266184806824,128,-1.430549442768097,128,-0.6440198123455048,128
clean,21,13,6,0.2379874661564827,128,7.0907416343688965,128,0.3939300924539566,128,0.43760354816913605,128,0.5623964667320251,128,0.20949406921863556,128,-0.21538132429122925,128,0.8984163999557495,128,1.0,128,1.0,128,0.0,128,18.0,128,0.40320253372192383,128,-1.3466649055480957,128,-0.4893833100795746,128
clean,21,13,7,0.276649534702301,128,5.6556313037872314,128,0.3142017424106598,128,0.5141409635543823,128,0.4858590215444565,128,0.110751673579216,128,-0.2919187694787979,128,0.7990164458751678,128,1.0,128,1.0,128,0.0,128,9.0,128,0.4167720824480057,128,-1.2399009466171265,128,-0.6391719281673431,128
clean,21,13,8,0.18682154268026352,128,4.881021022796631,128,0.2711678445339203,128,0.6057716310024261,128,0.39422838389873505,128,0.07878180220723152,128,-0.38354940712451935,128,0.822389543056488,128,1.0,128,1.0,128,0.0,128,18.0,128,0.4355408698320389,128,-1.7171182036399841,128,-0.8734656572341919,128
clean,21,13,9,0.2871866524219513,128,6.545259952545166,128,0.36362555623054504,128,0.512611985206604,128,0.4873879700899124,128,0.2018243595957756,128,-0.290389820933342,128,0.7766642570495605,128,2.0,128,1.0,128,0.0,128,18.0,128,0.4413255602121353,128,-1.2407605051994324,128,-0.3612000197172165,128
clean,21,13,10,0.2056417241692543,128,7.505683898925781,128,0.41698242723941803,128,0.37895286083221436,128,0.621047168970108,128,0.21559524536132812,128,-0.15673062205314636,128,0.9143446981906891,128,2.0,128,1.0,128,0.0,128,7.5,128,0.37820354104042053,128,-1.0571815967559814,128,-0.49563542008399963,128
clean,21,13,11,0.21695736050605774,128,6.562243223190308,128,0.3645690679550171,128,0.5469730794429779,128,0.4530269354581833,128,0.2062116414308548,128,-0.3247508555650711,128,0.8408960700035095,128,1.0,128,1.0,128,0.0,128,18.0,128,0.47014951705932617,128,-1.6013691425323486,128,-0.42173436284065247,128
clean,21,14,0,0.29073159396648407,128,4.630131721496582,128,0.2572295516729355,128,0.7102451622486115,128,0.28975483775138855,128,0.13321378082036972,128,-0.48802295327186584,128,0.6975137591362,128,1.0,128,1.0,128,0.0,128,18.0,128,0.44077499210834503,128,-1.7144405245780945,128,-0.5050234198570251,128
clean,21,14,1,0.25403523445129395,128,5.994633197784424,128,0.3330351710319519,128,0.5173466503620148,128,0.48265331983566284,128,0.1266312301158905,128,-0.29512447118759155,128,0.8040190935134888,128,1.0,128,1.0,128,0.0,128,9.0,128,0.4369865208864212,128,-1.242835521697998,128,-0.5914277732372284,128
clean,21,14,2,0.3586842566728592,128,6.530511856079102,128,0.36280621588230133,128,0.4706331342458725,128,0.5293668806552887,128,0.16676809638738632,128,-0.2484109103679657,128,0.8639661371707916,128,1.0,128,1.0,128,0.0,128,18.0,128,0.41770948469638824,128,-1.3249651193618774,128,-0.545730710029602,128
clean,21,14,3,0.23134919255971909,128,5.790840148925781,128,0.3217133432626724,128,0.5672679245471954,128,0.43273207545280457,128,0.15983247756958008,128,-0.34504571557044983,128,0.8011597394943237,128,1.0,128,1.0,128,0.0,128,9.0,128,0.37884344160556793,128,-1.6483497619628906,128,-0.5807572305202484,128
clean,21,14,4,0.4513397663831711,128,7.043336629867554,128,0.39129647612571716,128,0.5096834301948547,128,0.4903165102005005,128,0.2723531723022461,128,-0.2874612808227539,128,0.7340555489063263,128,1.0,128,1.0,128,0.0,128,6.0,128,0.5078936517238617,128,-1.1201709508895874,128,-0.22212346643209457,128
clean,21,14,5,0.2915884554386139,128,4.02532958984375,128,0.2236294224858284,128,0.7081153094768524,128,0.29188472032546997,128,0.07345273345708847,128,-0.4858930706977844,128,0.6248080432415009,128,1.0,128,1.0,128,0.0,128,18.0,128,0.41654402017593384,128,-1.3946303725242615,128,-0.5308313369750977,128
clean,21,14,6,0.25197674334049225,128,7.235208034515381,128,0.4019560068845749,128,0.41428878903388977,128,0.585711270570755,128,0.21831652522087097,128,-0.1920665204524994,128,0.9475878477096558,128,1.0,128,1.0,128,0.0,128,18.0,128,0.4305240958929062,128,-1.6892843842506409,128,-0.6537028253078461,128
clean,21,14,7,0.22220902144908905,128,6.188878059387207,128,0.3438265472650528,128,0.49127601087093353,128,0.50872403383255,128,0.16484738886356354,128,-0.26905375719070435,128,0.8870008289813995,128,1.0,128,1.0,128,0.0,128,18.0,128,0.3862522542476654,128,-1.6156132221221924,128,-0.7164170742034912,128
clean,21,14,8,0.2324587181210518,128,3.9676376581192017,128,0.2204243168234825,128,0.747351884841919,128,0.25264813005924225,128,0.08714286237955093,128,-0.5251296758651733,128,0.6306580901145935,128,1.0,128,1.0,128,0.0,128,18.0,128,0.46611036360263824,128,-1.6246255040168762,128,-0.578866571187973,128
clean,21,14,9,0.2579556852579117,128,8.074137687683105,128,0.44856320321559906,128,0.3569513410329819,128,0.6430486440658569,128,0.2587013840675354,128,-0.13472914695739746,128,0.9418201446533203,128,1.0,128,1.0,128,0.0,128,18.0,128,0.4100155234336853,128,-1.1556318998336792,128,-0.4239263981580734,128
clean,21,14,10,0.17612747102975845,128,4.0744264125823975,128,0.22635702043771744,128,0.72943514585495,128,0.27056483924388885,128,0.07659251615405083,128,-0.5072129666805267,128,0.695524126291275,128,1.0,128,1.0,128,0.0,128,18.0,128,0.45531539618968964,128,-1.905821681022644,128,-0.6464331746101379,128
clean,21,14,11,0.2766807973384857,128,7.5267298221588135,128,0.4181516617536545,128,0.40256431698799133,128,0.5974356830120087,128,0.21585188806056976,128,-0.18034210801124573,128,0.8915450572967529,128,1.5,128,1.0,128,0.0,128,18.0,128,0.4265879690647125,128,-1.2207168340682983,128,-0.44557254016399384,128
clean,21,15,0,0.2672519087791443,128,7.256345510482788,128,0.40313030779361725,128,0.3863266706466675,128,0.6136732995510101,128,0.2014617919921875,128,-0.16410449147224426,128,0.9245955049991608,128,1.0,128,1.0,128,0.0,128,18.0,128,0.3867512047290802,128,-1.2735178470611572,128,-0.5969648659229279,128
clean,21,15,1,0.3258848190307617,128,5.427196741104126,128,0.30151093006134033,128,0.5469251871109009,128,0.4530748128890991,128,0.09307531267404556,128,-0.3247029781341553,128,0.7605602145195007,128,1.5,128,1.0,128,0.0,128,18.0,128,0.41188642382621765,128,-1.3522956371307373,128,-0.6744228303432465,128
clean,21,15,2,0.3269965648651123,128,5.491239786148071,128,0.30506886541843414,128,0.5654191672801971,128,0.43458084762096405,128,0.09165585786104202,128,-0.34319694340229034,128,0.7709212303161621,128,1.0,128,1.0,128,0.0,128,18.0,128,0.4193980246782303,128,-1.378909707069397,128,-0.6293963491916656,128
clean,21,15,3,0.2724323868751526,128,7.19901180267334,128,0.39994511008262634,128,0.4247945100069046,128,0.5752055048942566,128,0.19361278414726257,128,-0.2025722861289978,128,0.9083909392356873,128,1.0,128,1.0,128,0.0,128,18.0,128,0.434873566031456,128,-1.2583573460578918,128,-0.5648521184921265,128
clean,21,15,4,0.3862171024084091,128,5.439285755157471,128,0.30218254029750824,128,0.5643673837184906,128,0.4356326460838318,128,0.10797065868973732,128,-0.3421451449394226,128,0.7402794659137726,128,2.0,128,1.0,128,0.0,128,18.0,128,0.4864268898963928,128,-1.1906195282936096,128,-0.5507873594760895,128
clean,21,15,5,0.2597155421972275,128,5.897676467895508,128,0.32764868438243866,128,0.49526992440223694,128,0.5047300755977631,128,0.14492901414632797,128,-0.27304771542549133,128,0.8568207919597626,128,1.0,128,1.0,128,0.0,128,18.0,128,0.3896363079547882,128,-1.5276641249656677,128,-0.6985003054141998,128
clean,21,15,6,0.2917046844959259,128,7.088226795196533,128,0.3937903791666031,128,0.43466947972774506,128,0.5653305053710938,128,0.2005072981119156,128,-0.21244728565216064,128,0.9154484570026398,128,1.0,128,1.0,128,0.0,128,18.0,128,0.46068166196346283,128,-1.3053109645843506,128,-0.5822360813617706,128
clean,21,15,7,0.2587323784828186,128,6.1585516929626465,128,0.3421417623758316,128,0.4606875479221344,128,0.5393124222755432,128,0.151131734251976,128,-0.23846536874771118,128,0.8404231667518616,128,1.0,128,1.0,128,0.0,128,18.0,128,0.40523992478847504,128,-1.1851230263710022,128,-0.6377001404762268,128
clean,21,15,8,0.3265466243028641,128,5.59705376625061,128,0.3109474331140518,128,0.6101188063621521,128,0.3898811936378479,128,0.1809183806180954,128,-0.3878965973854065,128,0.7469271719455719,128,1.0,128,1.0,128,0.0,128,18.0,128,0.46405161917209625,128,-1.3703863620758057,128,-0.4312099814414978,128
clean,21,15,9,0.391755148768425,128,8.096290111541748,128,0.44979389011859894,128,0.3506771922111511,128,0.6493228673934937,128,0.2582179605960846,128,-0.12845492362976074,128,0.9172225594520569,128,2.0,128,1.0,128,0.0,128,18.0,128,0.3985224664211273,128,-1.050020456314087,128,-0.40961936116218567,128
clean,21,15,10,0.24316775798797607,128,7.070960998535156,128,0.3928311765193939,128,0.4004395008087158,128,0.5995604991912842,128,0.18362990021705627,128,-0.17821729183197021,128,0.9442214369773865,128,1.0,128,1.0,128,0.0,128,18.0,128,0.4263155907392502,128,-1.5680427551269531,128,-0.7894265949726105,128
clean,21,15,11,0.2647321820259094,128,5.501883268356323,128,0.3056601881980896,128,0.6112587451934814,128,0.38874126970767975,128,0.14903506636619568,128,-0.38903652131557465,128,0.8393682539463043,128,1.0,128,1.0,128,0.0,128,18.0,128,0.5073142945766449,128,-1.944909691810608,128,-0.6838884651660919,128
clean,21,16,0,0.24849585443735123,128,4.381959438323975,128,0.24344219267368317,128,0.7023378312587738,128,0.2976621240377426,128,0.0910363420844078,128,-0.4801156669855118,128,0.6848999857902527,128,1.0,128,1.0,128,0.0,128,18.0,128,0.48534955084323883,128,-1.6051616668701172,128,-0.6092401444911957,128
clean,21,16,1,0.24932560324668884,128,5.5966925621032715,128,0.3109273612499237,128,0.5850641131401062,128,0.414935827255249,128,0.11387969925999641,128,-0.36284196376800537,128,0.845024049282074,128,1.0,128,1.0,128,0.0,128,18.0,128,0.364532932639122,128,-1.7107285261154175,128,-0.7508895993232727,128
clean,21,16,2,0.24588355422019958,128,2.806597590446472,128,0.1559220850467682,128,0.8631421327590942,128,0.13685785979032516,128,0.054519129917025566,128,-0.640919953584671,128,0.4589281380176544,128,1.0,128,1.0,128,0.0,128,18.0,128,0.5368034541606903,128,-1.683889925479889,128,-0.49283842742443085,128
clean,21,16,3,0.26078590750694275,128,7.81461238861084,128,0.43414513766765594,128,0.37708111107349396,128,0.6229189038276672,128,0.23771630227565765,128,-0.15485888719558716,128,0.930867612361908,128,1.0,128,1.0,128,0.0,128,9.0,128,0.41148707270622253,128,-1.275967538356781,128,-0.4656672328710556,128
clean,21,16,4,0.24427926540374756,128,6.260493993759155,128,0.3478052169084549,128,0.5185476839542389,128,0.4814523458480835,128,0.1691703349351883,128,-0.2963254451751709,128,0.8530409932136536,128,1.0,128,1.0,128,0.0,128,18.0,128,0.40666821599006653,128,-1.5827303528785706,128,-0.5900313556194305,128
clean,21,16,5,0.17448654770851135,128,4.852683782577515,128,0.2695935368537903,128,0.6401867568492889,128,0.35981324315071106,128,0.09718116000294685,128,-0.41796454787254333,128,0.807112842798233,128,1.0,128,1.0,128,0.0,128,18.0,128,0.49328120052814484,128,-1.9165617227554321,128,-0.804118424654007,128
clean,21,16,6,0.27652232348918915,128,5.90532112121582,128,0.3280733972787857,128,0.5414075553417206,128,0.4585924744606018,128,0.16431429982185364,128,-0.3191853165626526,128,0.7983915209770203,128,1.0,128,1.0,128,0.0,128,13.5,128,0.5204444527626038,128,-1.302244484424591,128,-0.4788258820772171,128
clean,21,16,7,0.3132777363061905,128,8.014225006103516,128,0.4452347308397293,128,0.3498375713825226,128,0.650162398815155,128,0.2473347932100296,128,-0.12761539220809937,128,0.9045765101909637,128,2.0,128,1.0,128,0.0,128,18.0,128,0.44337786734104156,128,-0.979942798614502,128,-0.3615730553865433,128
clean,21,16,8,0.24089555442333221,128,5.29706072807312,128,0.29428115487098694,128,0.6086842119693756,128,0.3913158029317856,128,0.13180553913116455,128,-0.3864619880914688,128,0.82802614569664,128,1.0,128,1.0,128,0.0,128,18.0,128,0.5531152486801147,128,-1.940182387828827,128,-0.7704403698444366,128
clean,21,16,9,0.2395380586385727,128,3.1330846548080444,128,0.17406026273965836,128,0.8097259998321533,128,0.19027402251958847,128,0.052451130002737045,128,-0.5875037610530853,128,0.5740581750869751,128,1.0,128,1.0,128,0.0,128,18.0,128,0.45123256742954254,128,-1.874295175075531,128,-0.666269838809967,128
clean,21,16,10,0.2838955819606781,128,6.642815589904785,128,0.36904530227184296,128,0.44733914732933044,128,0.5526608228683472,128,0.18225649744272232,128,-0.22511696815490723,128,0.845110148191452,128,2.0,128,1.0,128,0.0,128,18.0,128,0.42786580324172974,128,-1.2621666193008423,128,-0.5172057747840881,128
clean,21,16,11,0.4092419147491455,128,8.005512952804565,128,0.44475072622299194,128,0.37207335233688354,128,0.6279266476631165,128,0.241146482527256,128,-0.14985114336013794,128,0.9211507141590118,128,1.0,128,1.0,128,0.0,128,9.0,128,0.4075244069099426,128,-1.0642019510269165,128,-0.4594760835170746,128
clean,21,17,0,0.4195689558982849,128,4.898451328277588,128,0.2721361815929413,128,0.6239154934883118,128,0.3760845214128494,128,0.08940698951482773,128,-0.40169326961040497,128,0.7462976276874542,128,1.0,128,1.0,128,0.0,128,9.0,128,0.41486015915870667,128,-1.4441606402397156,128,-0.6123155951499939,128
clean,21,17,1,0.3159361034631729,128,7.582961082458496,128,0.42127561569213867,128,0.3757936507463455,128,0.6242063343524933,128,0.2266431227326393,128,-0.1535714566707611,128,0.8081934750080109,128,1.0,128,1.0,128,0.0,128,6.0,128,0.5676260590553284,128,-0.7631945312023163,128,-0.27941974997520447,128
clean,21,17,2,0.325454905629158,128,5.397305011749268,128,0.299850270152092,128,0.6251260638237,128,0.37487396597862244,128,0.15297456085681915,128,-0.40290382504463196,128,0.7504162788391113,128,1.0,128,1.0,128,0.0,128,18.0,128,0.4717811197042465,128,-1.4890242218971252,128,-0.49477657675743103,128
clean,21,17,3,0.27135181427001953,128,4.423680067062378,128,0.2457600086927414,128,0.6895691156387329,128,0.3104308992624283,128,0.08731255680322647,128,-0.4673468917608261,128,0.6716631352901459,128,1.0,128,1.0,128,0.0,128,18.0,128,0.47010402381420135,128,-1.8046684861183167,128,-0.6755025386810303,128
clean,21,17,4,0.3366442620754242,128,7.921092987060547,128,0.44006071984767914,128,0.3823694735765457,128,0.6176305115222931,128,0.25412629544734955,128,-0.1601472795009613,128,0.9173734784126282,128,1.0,128,1.0,128,0.0,128,9.0,128,0.4562793970108032,128,-1.2258962988853455,128,-0.3861810714006424,128
clean,21,17,5,0.34592123329639435,128,5.738298654556274,128,0.3187943696975708,128,0.5927553474903107,128,0.40724462270736694,128,0.14969122409820557,128,-0.37053316831588745,128,0.743165910243988,128,1.0,128,1.0,128,0.0,128,9.0,128,0.405869722366333,128,-1.4007280468940735,128,-0.4556643217802048,128
clean,21,17,6,0.39376240968704224,128,5.615354061126709,128,0.31196410953998566,128,0.5880600810050964,128,0.41193994879722595,128,0.14072415232658386,128,-0.36583784222602844,128,0.7614556550979614,128,1.0,128,1.0,128,0.0,128,18.0,128,0.43326205015182495,128,-1.410305142402649,128,-0.5225660800933838,128
clean,21,17,7,0.30771902203559875,128,4.967748165130615,128,0.2759860008955002,128,0.660842627286911,128,0.339157372713089,128,0.12842584401369095,128,-0.4386204183101654,128,0.6584268808364868,128,1.0,128,1.0,128,0.0,128,18.0,128,0.5170262157917023,128,-1.5123000144958496,128,-0.4823172390460968,128
clean,21,17,8,0.2594582438468933,128,6.455937147140503,128,0.3586631715297699,128,0.4979536235332489,128,0.5020463764667511,128,0.20654823631048203,128,-0.2757314145565033,128,0.7850249111652374,128,1.0,128,1.0,128,0.0,128,18.0,128,0.566611111164093,128,-1.399523138999939,128,-0.43008892238140106,128
clean,21,17,9,0.23016595095396042,128,4.726624011993408,128,0.2625902146100998,128,0.6233640015125275,128,0.37663596868515015,128,0.09933573752641678,128,-0.40114182233810425,128,0.7368690967559814,128,1.0,128,1.0,128,0.0,128,18.0,128,0.4633075147867203,128,-1.4378483891487122,128,-0.6155471503734589,128
clean,21,17,10,0.21939543634653091,128,5.650763750076294,128,0.31393131613731384,128,0.5656472444534302,128,0.43435274064540863,128,0.11893326416611671,128,-0.34342505037784576,128,0.7604900598526001,128,1.0,128,1.0,128,0.0,128,9.0,128,0.4309464991092682,128,-1.5338541865348816,128,-0.565933883190155,128
clean,21,17,11,0.2663171887397766,128,5.590123414993286,128,0.3105624169111252,128,0.5992728471755981,128,0.40072715282440186,128,0.13525021076202393,128,-0.37705063819885254,128,0.8225330114364624,128,1.0,128,1.0,128,0.0,128,18.0,128,0.5258230865001678,128,-1.7151243686676025,128,-0.60934978723526,128
clean,21,18,0,0.535945326089859,128,7.221585273742676,128,0.40119917690753937,128,0.3795483410358429,128,0.6204516887664795,128,0.2106228843331337,128,-0.1573261022567749,128,0.8886677324771881,128,1.0,128,1.0,128,0.0,128,18.0,128,0.4245706796646118,128,-1.1405687928199768,128,-0.48911915719509125,128
clean,21,18,1,0.4213612973690033,128,4.123573064804077,128,0.22908739745616913,128,0.6871906816959381,128,0.3128093183040619,128,0.060498353093862534,128,-0.4649684727191925,128,0.6517360508441925,128,1.0,128,1.0,128,0.0,128,18.0,128,0.45021697878837585,128,-1.417441189289093,128,-0.600571483373642,128
clean,21,18,2,0.461769238114357,128,4.594086170196533,128,0.2552269995212555,128,0.6535424590110779,128,0.3464575558900833,128,0.08682628348469734,128,-0.4313202351331711,128,0.6589336097240448,128,1.0,128,1.0,128,0.0,128,18.0,128,0.49550744891166687,128,-1.2723920941352844,128,-0.4820663034915924,128
clean,21,18,3,0.5339301228523254,128,4.0454100370407104,128,0.2247450053691864,128,0.6951625645160675,128,0.3048374354839325,128,0.06338460370898247,128,-0.4729403555393219,128,0.6361452639102936,128,1.0,128,1.0,128,0.0,128,18.0,128,0.46800360083580017,128,-1.3615239262580872,128,-0.5560499131679535,128
clean,21,18,4,0.24828478693962097,128,5.052590608596802,128,0.2806994765996933,128,0.6489684283733368,128,0.3510315865278244,128,0.11041077226400375,128,-0.42674620449543,128,0.72865229845047,128,2.0,128,1.0,128,0.0,128,18.0,128,0.4560701996088028,128,-1.4452271461486816,128,-0.5357459187507629,128
clean,21,18,5,0.44965045154094696,128,5.232505559921265,128,0.2906947582960129,128,0.59688600897789,128,0.40311399102211,128,0.09137456864118576,128,-0.3746638000011444,128,0.7442300021648407,128,1.0,128,1.0,128,0.0,128,18.0,128,0.443123996257782,128,-1.2477971315383911,128,-0.523827999830246,128
clean,21,18,6,0.6398391723632812,128,5.697490215301514,128,0.31652723252773285,128,0.5944910645484924,128,0.4055089205503464,128,0.14034487307071686,128,-0.372268870472908,128,0.7161149382591248,128,2.0,128,1.0,128,0.0,128,18.0,128,0.4743725508451462,128,-1.1503783464431763,128,-0.38405923545360565,128
clean,21,18,7,0.5649777948856354,128,4.1942219734191895,128,0.2330123335123062,128,0.7049394845962524,128,0.29506051540374756,128,0.05929196812212467,128,-0.48271727561950684,128,0.6928384602069855,128,1.0,128,1.0,128,0.0,128,18.0,128,0.44522371888160706,128,-1.4251683354377747,128,-0.6475134491920471,128
clean,21,18,8,0.45444639027118683,128,4.968413352966309,128,0.2760229706764221,128,0.6365770399570465,128,0.3634229898452759,128,0.10160088166594505,128,-0.4143548011779785,128,0.6798673868179321,128,2.0,128,1.0,128,0.0,128,18.0,128,0.45533575117588043,128,-1.3462963104248047,128,-0.47470472753047943,128
clean,21,18,9,0.28775621950626373,128,8.281068801879883,128,0.46005937457084656,128,0.34039273858070374,128,0.6596072316169739,128,0.2740257680416107,128,-0.11817055940628052,128,0.9681960344314575,128,1.0,128,1.0,128,0.0,128,18.0,128,0.409622386097908,128,-1.386502981185913,128,-0.4452779293060303,128
clean,21,18,10,0.35537268221378326,128,5.2596118450164795,128,0.29220065474510193,128,0.5841197371482849,128,0.4158802479505539,128,0.12936995923519135,128,-0.3618975430727005,128,0.6940591037273407,128,1.0,128,1.0,128,0.0,128,18.0,128,0.44373637437820435,128,-1.2422911524772644,128,-0.488160640001297,128
clean,21,18,11,0.43517935276031494,128,4.703246116638184,128,0.2612914443016052,128,0.6322772204875946,128,0.3677227795124054,128,0.07311521843075752,128,-0.410055011510849,128,0.6981481313705444,128,1.0,128,1.0,128,0.0,128,18.0,128,0.42763757705688477,128,-1.4762041568756104,128,-0.6514062583446503,128
clean,21,19,0,0.38811632990837097,128,8.101766109466553,128,0.4500981271266937,128,0.3495044559240341,128,0.6504955589771271,128,0.247259721159935,128,-0.12728223204612732,128,0.9285687804222107,128,1.0,128,1.0,128,0.0,128,18.0,128,0.416300892829895,128,-1.064119577407837,128,-0.4346891939640045,128
clean,21,19,1,0.23709824681282043,128,6.378602504730225,128,0.35436680912971497,128,0.45207051932811737,128,0.5479294657707214,128,0.17126499116420746,128,-0.22984832525253296,128,0.8541840612888336,128,2.0,128,1.0,128,0.0,128,9.0,128,0.40995536744594574,128,-1.2564523816108704,128,-0.45190683007240295,128
clean,21,19,2,0.5524610579013824,128,8.54378366470337,128,0.4746546447277069,128,0.31713487207889557,128,0.682865172624588,128,0.24648495018482208,128,-0.09491261839866638,128,0.789007306098938,128,1.0,128,0.2222222238779068,128,0.1764705926179886,128,6.0,128,0.5991607308387756,128,-0.5396346151828766,128,-0.1886625662446022,128
clean,21,19,3,0.3742053061723709,128,6.29709529876709,128,0.34983861446380615,128,0.5041351616382599,128,0.4958648383617401,128,0.16006474941968918,128,-0.2819129526615143,128,0.7753811478614807,128,1.5,128,1.0,128,0.0,128,18.0,128,0.44194546341896057,128,-1.1542629599571228,128,-0.4708227813243866,128
clean,21,19,4,0.2806756943464279,128,5.006792306900024,128,0.2781551331281662,128,0.6566764116287231,128,0.34332355856895447,128,0.17824001610279083,128,-0.4344542324542999,128,0.6597034633159637,128,1.0,128,1.0,128,0.0,128,18.0,128,0.6759917438030243,128,-1.604744791984558,128,-0.39531971514225006,128
clean,21,19,5,0.20964127033948898,128,5.567853689193726,128,0.3093252032995224,128,0.5428613126277924,128,0.45713865756988525,128,0.10539228469133377,128,-0.32063913345336914,128,0.8580102622509003,128,1.0,128,1.0,128,0.0,128,18.0,128,0.4463369846343994,128,-1.6251466870307922,128,-0.8599260449409485,128
clean,21,19,6,0.2777755856513977,128,6.38101863861084,128,0.35450103878974915,128,0.48214706778526306,128,0.5178529322147369,128,0.1650092676281929,128,-0.25992485880851746,128,0.8947436511516571,128,1.0,128,1.0,128,0.0,128,18.0,128,0.49648474156856537,128,-1.7025662064552307,128,-0.6947462260723114,128
clean,21,19,7,0.33175690472126007,128,6.978076457977295,128,0.38767091929912567,128,0.47424596548080444,128,0.5257540643215179,128,0.22097131609916687,128,-0.25202372670173645,128,0.862615168094635,128,1.0,128,1.0,128,0.0,128,18.0,128,0.42402781546115875,128,-1.422979712486267,128,-0.4127543419599533,128
clean,21,19,8,0.2584274858236313,128,8.07868766784668,128,0.4488159865140915,128,0.3183971643447876,128,0.68160280585289,128,0.2388058826327324,128,-0.09617498517036438,128,0.9810543358325958,128,1.0,128,1.0,128,0.0,128,18.0,128,0.41252751648426056,128,-1.4740618467330933,128,-0.7686837911605835,128
clean,21,19,9,0.25262807309627533,128,5.6961610317230225,128,0.31645339727401733,128,0.5444813072681427,128,0.4555186927318573,128,0.1262311413884163,128,-0.3222590982913971,128,0.8244520425796509,128,1.0,128,1.0,128,0.0,128,18.0,128,0.4877934753894806,128,-1.5451704859733582,128,-0.6867293417453766,128
clean,21,19,10,0.3764973133802414,128,8.643172264099121,128,0.48017624020576477,128,0.29554620385169983,128,0.7044538259506226,128,0.253327414393425,128,-0.07332396507263184,128,0.811161458492279,128,1.0,128,1.0,128,0.0,128,6.0,128,0.6998738348484039,128,-0.42137397825717926,128,-0.1733129471540451,128
clean,21,19,11,0.23340072482824326,128,4.728892803192139,128,0.26271626353263855,128,0.6565234065055847,128,0.3434766083955765,128,0.08569445088505745,128,-0.4343011826276779,128,0.7173984348773956,128,1.0,128,1.0,128,0.0,128,18.0,128,0.43022988736629486,128,-1.4916837811470032,128,-0.6333365738391876,128
clean,21,20,0,0.2610355317592621,128,6.267029762268066,128,0.3481683135032654,128,0.5182846784591675,128,0.4817153066396713,128,0.1625809445977211,128,-0.29606248438358307,128,0.8488119840621948,128,1.0,128,1.0,128,0.0,128,18.0,128,0.502009242773056,128,-1.6396791338920593,128,-0.6498653888702393,128
clean,21,20,1,0.669476181268692,128,12.752592086791992,128,0.7084773480892181,128,0.0435638464987278,128,0.9564360678195953,128,0.5222471356391907,128,0.17865827679634094,128,0.6618920564651489,128,18.0,128,1.0,128,0.0,128,6.0,128,0.9147830009460449,128,0.4682743400335312,128,0.12378715723752975,128
clean,21,20,2,0.4307137578725815,128,10.382581233978271,128,0.5768100619316101,128,0.06439537182450294,128,0.9356046617031097,128,0.32610590755939484,128,0.15782687067985535,128,0.6786172091960907,128,18.0,128,1.0,128,0.0,128,6.0,128,0.8437184691429138,128,0.18105239421129227,128,-0.07882321625947952,128
clean,21,20,3,0.7940209805965424,128,15.118893146514893,128,0.8399384915828705,128,0.013684678357094526,128,0.9863152801990509,128,0.7039223909378052,128,0.2085374891757965,128,0.46770088374614716,128,18.0,128,1.0,128,0.0,128,6.0,128,0.8988352715969086,128,0.4357856512069702,128,0.164230115711689,128
clean,21,20,4,0.283260241150856,128,4.997978925704956,128,0.27766549587249756,128,0.593756914138794,128,0.40624310076236725,128,0.09690121561288834,128,-0.37153469026088715,128,0.7322492599487305,128,1.0,128,1.0,128,0.0,128,18.0,128,0.5073040723800659,128,-1.4160961508750916,128,-0.5645844638347626,128
clean,21,20,5,0.7598022520542145,128,13.176183223724365,128,0.732010155916214,128,0.012086574919521809,128,0.9879134893417358,128,0.5401961803436279,128,0.21013569831848145,128,0.563156932592392,128,18.0,128,1.0,128,0.0,128,6.0,128,0.9516010582447052,128,0.49873776733875275,128,0.14148860424757004,128
clean,21,20,6,0.19541119784116745,128,5.51657772064209,128,0.30647653341293335,128,0.5675404667854309,128,0.4324595779180527,128,0.13669778406620026,128,-0.3453182131052017,128,0.7999508380889893,128,1.0,128,1.0,128,0.0,128,18.0,128,0.5127586126327515,128,-1.4516717791557312,128,-0.5911284387111664,128
clean,21,20,7,0.7265180349349976,128,16.1155424118042,128,0.8953079283237457,128,0.006280288100242615,128,0.9937197268009186,128,0.814126193523407,128,0.21594193577766418,128,0.4593980759382248,128,17.0,128,1.0,128,0.0,128,6.0,128,0.6506793797016144,128,1.1038551926612854,128,0.570684403181076,128
clean,21,20,8,0.6318361759185791,128,10.88973331451416,128,0.6049852073192596,128,0.29053519666194916,128,0.709464818239212,128,0.4621947556734085,128,-0.06831297278404236,128,0.7151415944099426,128,1.0,128,1.0,128,0.0,128,6.0,128,0.5582313537597656,128,0.14588217437267303,128,0.2429628074169159,128
clean,21,20,9,0.3604721128940582,128,9.99258804321289,128,0.555143803358078,128,0.20670858025550842,128,0.793291449546814,128,0.362372562289238,128,0.01551365852355957,128,0.8625690937042236,128,18.0,128,1.0,128,0.0,128,6.0,128,0.7715679407119751,128,-0.13129179924726486,128,-0.05391324497759342,128
clean,21,20,10,0.24212196469306946,128,5.881741285324097,128,0.32676340639591217,128,0.5311524569988251,128,0.46884752810001373,128,0.14758403599262238,128,-0.30893026292324066,128,0.8485338091850281,128,1.0,128,1.0,128,0.0,128,18.0,128,0.5244666635990143,128,-1.5821454524993896,128,-0.6346476078033447,128
clean,21,20,11,0.5240589380264282,128,9.206470012664795,128,0.5114705562591553,128,0.280497282743454,128,0.7195026874542236,128,0.2734210640192032,128,-0.05827510356903076,128,0.6174801588058472,128,12.0,128,1.0,128,0.0,128,6.0,128,0.6728017330169678,128,-0.33966676890850067,128,-0.07013753801584244,128
clean,21,21,0,0.43700742721557617,128,7.0064215660095215,128,0.3892456442117691,128,0.3449600636959076,128,0.6550399661064148,128,0.16980137676000595,128,-0.1227378249168396,128,0.675151914358139,128,1.0,128,1.0,128,0.0,128,6.0,128,0.6372729241847992,128,-0.6186771094799042,128,-0.2876318097114563,128
clean,21,21,1,0.3438975065946579,128,5.592139720916748,128,0.31067442893981934,128,0.5525570511817932,128,0.4474429339170456,128,0.1285160705447197,128,-0.3303348571062088,128,0.821914941072464,128,1.0,128,1.0,128,0.0,128,18.0,128,0.45184364914894104,128,-1.52845698595047,128,-0.6743389368057251,128
clean,21,21,2,0.2741193026304245,128,5.453554153442383,128,0.30297522246837616,128,0.5943896770477295,128,0.4056103527545929,128,0.15242428332567215,128,-0.3721674382686615,128,0.7874623239040375,128,1.0,128,1.0,128,0.0,128,18.0,128,0.5752307772636414,128,-1.6042665243148804,128,-0.6035577952861786,128
clean,21,21,3,0.8079397082328796,128,15.609618663787842,128,0.8672010600566864,128,0.01149436179548502,128,0.9885056614875793,128,0.7566903531551361,128,0.21072787046432495,128,0.4289570748806,128,18.0,128,1.0,128,0.0,128,6.0,128,0.9050851762294769,128,0.4683788865804672,128,0.17496357858181,128
clean,21,21,4,0.4122181832790375,128,6.390058994293213,128,0.3550032824277878,128,0.48755593597888947,128,0.5124440491199493,128,0.19424784928560257,128,-0.26533374190330505,128,0.8456637263298035,128,1.0,128,1.0,128,0.0,128,18.0,128,0.4886578917503357,128,-1.3403895497322083,128,-0.49625319242477417,128
clean,21,21,5,0.29935017228126526,128,9.061725616455078,128,0.5034291744232178,128,0.258287250995636,128,0.741712749004364,128,0.2921110987663269,128,-0.03606504201889038,128,0.9375210106372833,128,1.0,128,1.0,128,0.0,128,6.0,128,0.5459228456020355,128,-0.27157099545001984,128,-0.14452075213193893,128
clean,21,21,6,0.2659674733877182,128,5.950734376907349,128,0.33059635758399963,128,0.5022909939289093,128,0.4977090060710907,128,0.1291823461651802,128,-0.2800687849521637,128,0.8515841960906982,128,1.0,128,1.0,128,0.0,128,18.0,128,0.4661778211593628,128,-1.419279396533966,128,-0.626398891210556,128
clean,21,21,7,0.30223578214645386,128,6.1142590045928955,128,0.33968105912208557,128,0.4767126888036728,128,0.523287296295166,128,0.1490597054362297,128,-0.2544904947280884,128,0.8417471051216125,128,1.0,128,1.0,128,0.0,128,9.0,128,0.43327704071998596,128,-1.3429769277572632,128,-0.6213187873363495,128
clean,21,21,8,0.42337365448474884,128,2.904298186302185,128,0.16134990006685257,128,0.8233225345611572,128,0.17667746543884277,128,0.06393580511212349,128,-0.6011003255844116,128,0.4565819799900055,128,1.0,128,1.0,128,0.0,128,18.0,128,0.5817238092422485,128,-1.3222214579582214,128,-0.5297604501247406,128
clean,21,21,9,0.7251757085323334,128,12.878056526184082,128,0.7154476046562195,128,0.1260506734251976,128,0.8739491999149323,128,0.582277923822403,128,0.09617140889167786,128,0.6894737780094147,128,17.0,128,1.0,128,0.0,128,6.0,128,0.7591162621974945,128,0.01300695538520813,128,0.22378337383270264,128
clean,21,21,10,0.7711420953273773,128,12.832396984100342,128,0.712910920381546,128,0.059107596054673195,128,0.9408923983573914,128,0.527828574180603,128,0.16311460733413696,128,0.6554715931415558,128,18.0,128,1.0,128,0.0,128,6.0,128,0.8660143315792084,128,0.37778550386428833,128,0.07897590100765228,128
clean,21,21,11,0.5925873219966888,128,15.125195026397705,128,0.8402886092662811,128,0.0036101238802075386,128,0.9963898956775665,128,0.7191469669342041,128,0.21861210465431213,128,0.43199217319488525,128,18.0,128,0.9444444179534912,128,0.11764705926179886,128,6.0,128,0.9135740101337433,128,0.6626688241958618,128,0.13007955998182297,128
clean,21,22,0,0.2712656557559967,128,5.566538572311401,128,0.30925214290618896,128,0.543105274438858,128,0.45689475536346436,128,0.10845614597201347,128,-0.32088303565979004,128,0.8234343528747559,128,1.0,128,1.0,128,0.0,128,18.0,128,0.45418378710746765,128,-1.4249564409255981,128,-0.5776681303977966,128
clean,21,22,1,0.3346017003059387,128,4.977566957473755,128,0.27653148770332336,128,0.65131476521492,128,0.3486851900815964,128,0.09282774105668068,128,-0.429092600941658,128,0.6785072684288025,128,1.0,128,1.0,128,0.0,128,18.0,128,0.5003738850355148,128,-1.4347030520439148,128,-0.5171582996845245,128
clean,21,22,2,0.27760109305381775,128,6.415826082229614,128,0.35643477737903595,128,0.477188378572464,128,0.5228115916252136,128,0.15803714841604233,128,-0.25496619939804077,128,0.9111866056919098,128,1.0,128,1.0,128,0.0,128,18.0,128,0.4859493225812912,128,-1.7177059650421143,128,-0.8311945796012878,128
clean,21,22,3,0.3581754267215729,128,5.326760530471802,128,0.2959311455488205,128,0.6014599204063416,128,0.39854010939598083,128,0.11351599916815758,128,-0.37923768162727356,128,0.7557487189769745,128,1.0,128,1.0,128,0.0,128,18.0,128,0.47213463485240936,128,-1.5710347890853882,128,-0.6169050931930542,128
clean,21,22,4,0.3654472529888153,128,6.268743991851807,128,0.34826354682445526,128,0.49450986087322235,128,0.5054901242256165,128,0.15528970211744308,128,-0.27228766679763794,128,0.778327077627182,128,2.0,128,1.0,128,0.0,128,18.0,128,0.4505411386489868,128,-1.3041887283325195,128,-0.47307640314102173,128
clean,21,22,5,0.48807117342948914,128,5.654037237167358,128,0.31411318480968475,128,0.5634026527404785,128,0.4365973323583603,128,0.13685490936040878,128,-0.3411804586648941,128,0.7887195944786072,128,1.0,128,1.0,128,0.0,128,18.0,128,0.5215461850166321,128,-1.4837628602981567,128,-0.5555897951126099,128
clean,21,22,6,0.4860071986913681,128,7.61119532585144,128,0.42284418642520905,128,0.4097358137369156,128,0.5902642607688904,128,0.2645236998796463,128,-0.187513530254364,128,0.8744116127490997,128,2.0,128,1.0,128,0.0,128,18.0,128,0.5167227685451508,128,-1.1418470740318298,128,-0.3538893014192581,128
clean,21,22,7,0.4006683826446533,128,10.014761924743652,128,0.556375652551651,128,0.1899707019329071,128,0.8100293278694153,128,0.31424185633659363,128,0.03225153684616089,128,0.8861871361732483,128,17.0,128,1.0,128,0.0,128,6.0,128,0.7227737009525299,128,0.02785586193203926,128,-0.025494595989584923,128
clean,21,22,8,0.4616221487522125,128,4.58224081993103,128,0.2545689344406128,128,0.662815511226654,128,0.33718450367450714,128,0.08696383237838745,128,-0.44059328734874725,128,0.740211009979248,128,1.0,128,1.0,128,0.0,128,18.0,128,0.3931548297405243,128,-1.580262839794159,128,-0.6512330174446106,128
clean,21,22,9,0.30272315442562103,128,7.111660003662109,128,0.3950922191143036,128,0.39828650653362274,128,0.6017134785652161,128,0.16795849055051804,128,-0.17606431245803833,128,0.9221988916397095,128,2.0,128,1.0,128,0.0,128,18.0,128,0.5093595087528229,128,-1.2815285921096802,128,-0.7197241187095642,128
clean,21,22,10,0.4076823592185974,128,6.342702150344849,128,0.35237234830856323,128,0.45396551489830017,128,0.5460344552993774,128,0.1655656099319458,128,-0.23174333572387695,128,0.8011329174041748,128,1.0,128,1.0,128,0.0,128,18.0,128,0.49173612892627716,128,-1.2180163264274597,128,-0.4478589743375778,128
clean,21,22,11,0.519171416759491,128,11.820518493652344,128,0.6566954553127289,128,0.06260710023343563,128,0.9373928904533386,128,0.41630320250988007,128,0.15961509943008423,128,0.7006044089794159,128,18.0,128,0.4444444477558136,128,0.3529411852359772,128,6.0,128,0.8956257104873657,128,0.2614608108997345,128,0.04925557039678097,128
clean,21,23,0,0.2542506158351898,128,6.0503294467926025,128,0.33612941205501556,128,0.5255433917045593,128,0.4744565933942795,128,0.1576199233531952,128,-0.3033211976289749,128,0.8664515316486359,128,1.0,128,1.0,128,0.0,128,18.0,128,0.3833008408546448,128,-1.617715835571289,128,-0.6889304220676422,128
clean,21,23,1,0.33773285150527954,128,9.354789733886719,128,0.5197105407714844,128,0.2946973592042923,128,0.7053025960922241,128,0.35290104150772095,128,-0.07247519493103027,128,0.8450224697589874,128,17.0,128,1.0,128,0.0,128,6.0,128,0.5559390187263489,128,-0.6949196457862854,128,-0.11121343448758125,128
clean,21,23,2,0.37976326048374176,128,8.499435424804688,128,0.47219085693359375,128,0.28856177628040314,128,0.7114381790161133,128,0.26045794785022736,128,-0.06633961200714111,128,0.9682877063751221,128,4.0,128,1.0,128,0.0,128,3.0,128,0.45292598009109497,128,-0.8737428784370422,128,-0.45766568183898926,128
clean,21,23,3,0.47218526899814606,128,4.727531671524048,128,0.2626406401395798,128,0.6584796607494354,128,0.341520294547081,128,0.09830860421061516,128,-0.4362574964761734,128,0.7542538344860077,128,1.0,128,1.0,128,0.0,128,18.0,128,0.4414244145154953,128,-1.5766412615776062,128,-0.7007028758525848,128
clean,21,23,4,0.27824531495571136,128,4.713944911956787,128,0.2618858218193054,128,0.5765454769134521,128,0.42345449328422546,128,0.07252273708581924,128,-0.35432329773902893,128,0.7244439125061035,128,1.0,128,1.0,128,0.0,128,18.0,128,0.4244803786277771,128,-1.2937761545181274,128,-0.6357415616512299,128
clean,21,23,5,0.6587905585765839,128,5.693976163864136,128,0.31633199751377106,128,0.5452478528022766,128,0.454752117395401,128,0.14983203262090683,128,-0.3230256736278534,128,0.8316966593265533,128,1.0,128,1.0,128,0.0,128,18.0,128,0.4207497835159302,128,-1.5696520805358887,128,-0.632251113653183,128
clean,21,23,6,0.34488509595394135,128,4.538012742996216,128,0.2521118074655533,128,0.6399839222431183,128,0.3600160926580429,128,0.0731884017586708,128,-0.4177616983652115,128,0.7006528973579407,128,1.0,128,1.0,128,0.0,128,18.0,128,0.48019637167453766,128,-1.4432324171066284,128,-0.6067997813224792,128
clean,21,23,7,0.3142974078655243,128,7.773587703704834,128,0.43186599016189575,128,0.36656269431114197,128,0.6334372460842133,128,0.2388554960489273,128,-0.14434054493904114,128,0.8131484687328339,128,1.0,128,1.0,128,0.0,128,6.0,128,0.5299010276794434,128,-0.865109920501709,128,-0.30658337473869324,128
clean,21,23,8,0.20043735206127167,128,4.418236494064331,128,0.24545758962631226,128,0.6699875593185425,128,0.3300124406814575,128,0.06191975995898247,128,-0.4477653503417969,128,0.7272543013095856,128,1.0,128,1.0,128,0.0,128,18.0,128,0.41778139770030975,128,-1.4934613108634949,128,-0.7508251667022705,128
clean,21,23,9,0.6698863208293915,128,4.679633140563965,128,0.25997962057590485,128,0.662195235490799,128,0.33780473470687866,128,0.12076902389526367,128,-0.43997305631637573,128,0.7431008219718933,128,1.0,128,1.0,128,0.0,128,18.0,128,0.48173339664936066,128,-1.5446143746376038,128,-0.5543248355388641,128
clean,21,23,10,0.5501879751682281,128,11.612828731536865,128,0.6451571583747864,128,0.044402144849300385,128,0.9555978178977966,128,0.3783614933490753,128,0.17782002687454224,128,0.6204454600811005,128,18.0,128,0.0555555559694767,128,0.05882352963089943,128,6.0,128,0.8413787186145782,128,0.022091281600296497,128,-0.024343605153262615,128
clean,21,23,11,0.6599199771881104,128,5.474622011184692,128,0.3041456639766693,128,0.546144962310791,128,0.4538550525903702,128,0.11835436150431633,128,-0.3239227384328842,128,0.7222154140472412,128,1.0,128,1.0,128,0.0,128,18.0,128,0.4905271530151367,128,-1.3259053230285645,128,-0.49381406605243683,128
clean,21,24,0,0.3565971851348877,128,3.655026912689209,128,0.20305705070495605,128,0.7409660816192627,128,0.2590339332818985,128,0.06286855228245258,128,-0.5187438726425171,128,0.653290182352066,128,1.0,128,1.0,128,0.0,128,18.0,128,0.45026205480098724,128,-1.6301293969154358,128,-0.6860927939414978,128
clean,21,24,1,0.3176211267709732,128,4.282896995544434,128,0.23793871700763702,128,0.692910373210907,128,0.307089626789093,128,0.07997557893395424,128,-0.4706881642341614,128,0.7303692102432251,128,1.0,128,1.0,128,0.0,128,18.0,128,0.4440596103668213,128,-1.720468282699585,128,-0.7040509283542633,128
clean,21,24,2,0.4963959604501724,128,10.228209018707275,128,0.568233847618103,128,0.03492886759340763,128,0.9650711417198181,128,0.28637751936912537,128,0.18729335069656372,128,0.6492683291435242,128,6.0,128,0.6111111044883728,128,0.3529411852359772,128,6.0,128,0.8403757810592651,128,0.24987854063510895,128,-0.060864225029945374,128
clean,21,24,3,0.2995441257953644,128,5.42851996421814,128,0.3015844523906708,128,0.5667620897293091,128,0.4332379549741745,128,0.12649916112422943,128,-0.3445398360490799,128,0.8121520280838013,128,1.0,128,1.0,128,0.0,128,18.0,128,0.497962161898613,128,-1.5767953395843506,128,-0.7224825322628021,128
clean,21,24,4,0.27838660776615143,128,7.009094715118408,128,0.389394149184227,128,0.4288352429866791,128,0.5711647868156433,128,0.18865345418453217,128,-0.20661300420761108,128,0.9251359403133392,128,1.0,128,1.0,128,0.0,128,18.0,128,0.4557153731584549,128,-1.5261265635490417,128,-0.7440760433673859,128
clean,21,24,5,0.32176573574543,128,5.625301361083984,128,0.3125167340040207,128,0.5448358058929443,128,0.45516422390937805,128,0.11360206082463264,128,-0.32261356711387634,128,0.8100820481777191,128,1.0,128,1.0,128,0.0,128,18.0,128,0.4231167882680893,128,-1.50749272108078,128,-0.7448217570781708,128
clean,21,24,6,0.5281238257884979,128,5.599602699279785,128,0.31108903884887695,128,0.5762894153594971,128,0.42371055483818054,128,0.12726662307977676,128,-0.35406723618507385,128,0.7780666053295135,128,1.0,128,1.0,128,0.0,128,18.0,128,0.48570242524147034,128,-1.5493621230125427,128,-0.5522473752498627,128
clean,21,24,7,0.561608761548996,128,5.459156513214111,128,0.30328646302223206,128,0.5629740357398987,128,0.4370260089635849,128,0.09572033956646919,128,-0.3407517820596695,128,0.721965879201889,128,1.0,128,1.0,128,0.0,128,18.0,128,0.49786943197250366,128,-1.3813149333000183,128,-0.5753983855247498,128
clean,21,24,8,0.6452619135379791,128,6.720825910568237,128,0.3733792155981064,128,0.4763588011264801,128,0.5236412286758423,128,0.18064292520284653,128,-0.2541365623474121,128,0.8527885675430298,128,1.0,128,1.0,128,0.0,128,18.0,128,0.4354943484067917,128,-1.362559735774994,128,-0.4894605875015259,128
clean,21,24,9,0.3904895633459091,128,5.717711448669434,128,0.3176506459712982,128,0.5415877103805542,128,0.4584123343229294,128,0.1352705880999565,128,-0.319365456700325,128,0.8203524947166443,128,1.0,128,1.0,128,0.0,128,18.0,128,0.534583568572998,128,-1.5990593433380127,128,-0.6110056638717651,128
clean,21,24,10,0.7235217094421387,128,5.2313148975372314,128,0.2906286120414734,128,0.6243180930614471,128,0.37568190693855286,128,0.11453504860401154,128,-0.40209588408470154,128,0.7743398547172546,128,1.0,128,1.0,128,0.0,128,18.0,128,0.4362775534391403,128,-1.5573599934577942,128,-0.6320905685424805,128
clean,21,24,11,0.6283954679965973,128,6.573744773864746,128,0.36520804464817047,128,0.506096363067627,128,0.49390362203121185,128,0.16214749962091446,128,-0.28387416899204254,128,0.76168492436409,128,1.0,128,1.0,128,0.0,128,18.0,128,0.5327792763710022,128,-1.200160801410675,128,-0.41539742052555084,128
clean,21,25,0,0.2502661496400833,128,5.764598846435547,128,0.32025548815727234,128,0.5161445140838623,128,0.4838555306196213,128,0.1164340190589428,128,-0.2939222604036331,128,0.7945449948310852,128,1.0,128,1.0,128,0.0,128,18.0,128,0.4149252772331238,128,-1.2571057081222534,128,-0.550719678401947,128
clean,21,25,1,0.4162401258945465,128,5.455966472625732,128,0.3031092435121536,128,0.6098825037479401,128,0.39011748135089874,128,0.1487089768052101,128,-0.38766030967235565,128,0.7646940350532532,128,1.0,128,1.0,128,0.0,128,18.0,128,0.4796449691057205,128,-1.5217028260231018,128,-0.5233035683631897,128
clean,21,25,2,0.3572660833597183,128,5.06220555305481,128,0.28123363852500916,128,0.5897249281406403,128,0.41027507185935974,128,0.10060808807611465,128,-0.36750271916389465,128,0.7625353336334229,128,1.0,128,1.0,128,0.0,128,18.0,128,0.47414030134677887,128,-1.433171272277832,128,-0.6096316576004028,128
clean,21,25,3,0.3163069039583206,128,5.09242844581604,128,0.2829126864671707,128,0.6409280002117157,128,0.3590720146894455,128,0.12177808955311775,128,-0.4187057763338089,128,0.7225328683853149,128,1.0,128,1.0,128,0.0,128,18.0,128,0.46148186922073364,128,-1.4101651310920715,128,-0.5414412617683411,128
clean,21,25,4,0.3160649538040161,128,5.576187610626221,128,0.30978821218013763,128,0.5528400540351868,128,0.44715990126132965,128,0.12786409258842468,128,-0.33061788976192474,128,0.7644717991352081,128,2.0,128,1.0,128,0.0,128,9.0,128,0.43212784826755524,128,-1.2387182712554932,128,-0.5293598175048828,128
clean,21,25,5,0.27341000735759735,128,7.090209245681763,128,0.3939005136489868,128,0.4034762531518936,128,0.5965237617492676,128,0.1717538833618164,128,-0.18125402927398682,128,0.9281417429447174,128,1.0,128,1.0,128,0.0,128,18.0,128,0.441278800368309,128,-1.343574047088623,128,-0.7352798581123352,128
clean,21,25,6,0.5480415225028992,128,9.577834606170654,128,0.5321019291877747,128,0.07650595158338547,128,0.9234940111637115,128,0.28157036006450653,128,0.14571622014045715,128,0.6930181980133057,128,5.0,128,0.8888888955116272,128,0.11764705926179886,128,6.0,128,0.6955630779266357,128,0.03089183196425438,128,-0.14896591007709503,128
clean,21,25,7,0.8941061496734619,128,13.304839611053467,128,0.7391577661037445,128,0.0037692594341933727,128,0.9962307512760162,128,0.45460309088230133,128,0.21845296025276184,128,0.5633891224861145,128,18.0,128,0.3333333432674408,128,0.29411765933036804,128,6.0,128,0.9332542419433594,128,0.6607047915458679,128,0.17185620218515396,128
clean,21,25,8,0.31123366951942444,128,4.481264591217041,128,0.24895914644002914,128,0.6556107401847839,128,0.34438924491405487,128,0.07483607530593872,128,-0.4333885461091995,128,0.6881261169910431,128,1.0,128,1.0,128,0.0,128,18.0,128,0.4273364394903183,128,-1.480717122554779,128,-0.6628075838088989,128
clean,21,25,9,0.4476875364780426,128,10.002285480499268,128,0.555682510137558,128,0.07114916294813156,128,0.9288508892059326,128,0.27088819444179535,128,0.15107309818267822,128,0.7355088293552399,128,6.0,128,0.8888888955116272,128,0.11764705926179886,128,6.0,128,0.8709450364112854,128,0.30993083119392395,128,-0.030973875895142555,128
clean,21,25,10,0.22826433181762695,128,5.907850503921509,128,0.3282139152288437,128,0.5402518510818481,128,0.4597481042146683,128,0.150340735912323,128,-0.3180296868085861,128,0.8495500981807709,128,1.0,128,1.0,128,0.0,128,18.0,128,0.5987120270729065,128,-1.7216320633888245,128,-0.684530645608902,128
clean,21,25,11,0.27076277136802673,128,5.441793918609619,128,0.3023218810558319,128,0.5312503278255463,128,0.4687497019767761,128,0.12332368269562721,128,-0.30902808904647827,128,0.7576691508293152,128,1.0,128,1.0,128,0.0,128,18.0,128,0.4595010429620743,128,-1.256948173046112,128,-0.6160377264022827,128
clean,21,26,0,0.3492770344018936,128,8.078389167785645,128,0.44879938662052155,128,0.32963165640830994,128,0.6703683733940125,128,0.25767792761325836,128,-0.10740941762924194,128,0.9422300457954407,128,1.0,128,1.0,128,0.0,128,18.0,128,0.4625052362680435,128,-1.0577189326286316,128,-0.446648970246315,128
clean,21,26,1,0.38182854652404785,128,9.672846794128418,128,0.5373803675174713,128,0.19070342183113098,128,0.8092966377735138,128,0.3273330330848694,128,0.0315188467502594,128,0.9042479991912842,128,5.0,128,1.0,128,0.0,128,6.0,128,0.5613101422786713,128,0.09434797614812851,128,-0.021393458358943462,128
clean,21,26,2,0.23313478380441666,128,3.8090381622314453,128,0.211613230407238,128,0.7038872539997101,128,0.29611271619796753,128,0.05015389993786812,128,-0.48166507482528687,128,0.6473681032657623,128,1.0,128,1.0,128,0.0,128,18.0,128,0.40656785666942596,128,-1.4535315036773682,128,-0.7373376488685608,128
clean,21,26,3,0.24218671023845673,128,6.132658243179321,128,0.34070323407649994,128,0.46943768858909607,128,0.5305623412132263,128,0.15306441485881805,128,-0.24721544981002808,128,0.9020436704158783,128,1.0,128,1.0,128,0.0,128,18.0,128,0.5933693051338196,128,-1.6639196276664734,128,-0.8415387272834778,128
clean,21,26,4,0.48616644740104675,128,11.287373065948486,128,0.6270762979984283,128,0.07682133093476295,128,0.9231786727905273,128,0.40910403430461884,128,0.14540088176727295,128,0.7464330792427063,128,18.0,128,1.0,128,0.0,128,6.0,128,0.8749569952487946,128,0.4215235263109207,128,0.04409141279757023,128
clean,21,26,5,0.32572808861732483,128,6.415114402770996,128,0.35639524459838867,128,0.4669438302516937,128,0.5330561697483063,128,0.15832461416721344,128,-0.24472162127494812,128,0.7694908678531647,128,1.0,128,1.0,128,0.0,128,6.0,128,0.511001706123352,128,-0.8365616500377655,128,-0.4158736765384674,128
clean,21,26,6,0.22682349383831024,128,4.976465225219727,128,0.27647028863430023,128,0.6354388892650604,128,0.3645610958337784,128,0.11063086614012718,128,-0.413216695189476,128,0.7524959146976471,128,1.0,128,1.0,128,0.0,128,18.0,128,0.5356682538986206,128,-1.5768957138061523,128,-0.6503855586051941,128
clean,21,26,7,0.46705295145511627,128,9.423486709594727,128,0.5235270261764526,128,0.18693560361862183,128,0.8130644261837006,128,0.26682306826114655,128,0.03528663516044617,128,0.8132026195526123,128,5.0,128,1.0,128,0.0,128,6.0,128,0.7680006325244904,128,-0.1985953152179718,128,-0.1350424513220787,128
clean,21,26,8,0.2638251334428787,128,3.661983013153076,128,0.2034435048699379,128,0.7391285598278046,128,0.26087145507335663,128,0.03738303668797016,128,-0.5169063210487366,128,0.6307813227176666,128,1.0,128,1.0,128,0.0,128,18.0,128,0.4730820804834366,128,-1.5102720260620117,128,-0.7202989757061005,128
clean,21,26,9,0.23131322115659714,128,5.704456806182861,128,0.31691427528858185,128,0.5568325817584991,128,0.44316744804382324,128,0.1136183924973011,128,-0.33461034297943115,128,0.7638440132141113,128,2.0,128,1.0,128,0.0,128,18.0,128,0.45502685010433197,128,-1.331860363483429,128,-0.48127901554107666,128
clean,21,26,10,0.7041864097118378,128,11.978326797485352,128,0.6654626131057739,128,0.08952769264578819,128,0.9104723036289215,128,0.4410098046064377,128,0.13269451260566711,128,0.7245641350746155,128,18.0,128,1.0,128,0.0,128,6.0,128,0.7520017921924591,128,0.31112395226955414,128,0.08819520846009254,128
clean,21,26,11,0.24495646357536316,128,5.750340461730957,128,0.3194633573293686,128,0.5178281664848328,128,0.48217181861400604,128,0.10055085271596909,128,-0.29560597240924835,128,0.7500779926776886,128,1.0,128,1.0,128,0.0,128,9.0,128,0.4973146617412567,128,-1.2072948217391968,128,-0.5510378181934357,128
clean,21,27,0,0.26380254328250885,128,6.636843919754028,128,0.3687135577201843,128,0.47804924845695496,128,0.521950751543045,128,0.17981108278036118,128,-0.25582703948020935,128,0.9028597474098206,128,1.0,128,1.0,128,0.0,128,18.0,128,0.5444937646389008,128,-1.697752296924591,128,-0.7206818163394928,128
clean,21,27,1,0.23521558940410614,128,7.804876089096069,128,0.43360424041748047,128,0.4461298882961273,128,0.5538701117038727,128,0.30603615939617157,128,-0.2239076793193817,128,0.9213805198669434,128,1.0,128,1.0,128,0.0,128,18.0,128,0.8565481007099152,128,-1.7043591737747192,128,-0.3199552744626999,128
clean,21,27,2,0.19313883036375046,128,2.452921986579895,128,0.13627344369888306,128,0.8783099055290222,128,0.12169010192155838,128,0.02355105336755514,128,-0.6560876965522766,128,0.45105065405368805,128,1.0,128,1.0,128,0.0,128,18.0,128,0.422889769077301,128,-1.6993489265441895,128,-0.7148422300815582,128
clean,21,27,3,0.374096155166626,128,7.68212103843689,128,0.4267845004796982,128,0.4563867300748825,128,0.5436132550239563,128,0.28655508160591125,128,-0.2341645359992981,128,0.7629207968711853,128,1.0,128,1.0,128,0.0,128,18.0,128,0.6429644227027893,128,-1.045967161655426,128,-0.3543563038110733,128
clean,21,27,4,0.21702785044908524,128,8.038009643554688,128,0.44655609130859375,128,0.36138916015625,128,0.63861083984375,128,0.27264121174812317,128,-0.1391669511795044,128,0.971949577331543,128,1.0,128,1.0,128,0.0,128,18.0,128,0.5030940771102905,128,-1.721800982952118,128,-0.6169765591621399,128
clean,21,27,5,0.23375672101974487,128,8.11768627166748,128,0.45098257064819336,128,0.35962462425231934,128,0.6403753459453583,128,0.27861911058425903,128,-0.13740244507789612,128,0.965345174074173,128,1.0,128,1.0,128,0.0,128,18.0,128,0.5215564966201782,128,-1.6967453956604004,128,-0.5469280183315277,128
clean,21,27,6,0.665458470582962,128,13.92732858657837,128,0.7737405002117157,128,0.02137276530265808,128,0.9786272644996643,128,0.6018662750720978,128,0.2008494734764099,128,0.5776311457157135,128,18.0,128,1.0,128,0.0,128,6.0,128,0.8452498018741608,128,0.46682849526405334,128,0.06856954470276833,128
clean,21,27,7,0.7215968370437622,128,13.858220100402832,128,0.7699011266231537,128,0.018308456987142563,128,0.9816915690898895,128,0.6170415878295898,128,0.20391377806663513,128,0.5876679718494415,128,18.0,128,1.0,128,0.0,128,6.0,128,0.853991836309433,128,0.632797360420227,128,0.12248162180185318,128
clean,21,27,8,0.21357547491788864,128,4.8397557735443115,128,0.268875315785408,128,0.6202202439308167,128,0.37977977097034454,128,0.06114795617759228,128,-0.39799802005290985,128,0.7308570444583893,128,1.0,128,1.0,128,0.0,128,18.0,128,0.4215637445449829,128,-1.422814130783081,128,-0.7290259301662445,128
clean,21,27,9,0.5651534795761108,128,9.298161029815674,128,0.5165645182132721,128,0.26161815226078033,128,0.7383818328380585,128,0.28287267684936523,128,-0.03939595818519592,128,0.7815765738487244,128,18.0,128,1.0,128,0.0,128,6.0,128,0.6281209886074066,128,-0.270733505487442,128,-0.26162733137607574,128
clean,21,27,10,0.38068392872810364,128,7.904515981674194,128,0.43913978338241577,128,0.22186978161334991,128,0.7781302332878113,128,0.17270288616418839,128,0.00035244226455688477,128,0.8053101301193237,128,5.0,128,1.0,128,0.0,128,6.0,128,0.7073829770088196,128,-0.2894461899995804,128,-0.25034866482019424,128
clean,21,27,11,0.5805237591266632,128,6.385625123977661,128,0.3547569513320923,128,0.10328026115894318,128,0.8967197239398956,128,0.07303831353783607,128,0.11894193291664124,128,0.5593512952327728,128,5.0,128,1.0,128,0.0,128,6.0,128,0.6163364350795746,128,-0.2395181655883789,128,-0.3323874771595001,128
clean,21,28,0,0.0322413295507431,128,1.0311517119407654,128,0.057286206632852554,128,0.9998753368854523,128,0.00012469008288462646,128,1.4812507288297638e-05,128,-0.7776530981063843,128,0.04563992843031883,128,1.0,128,1.0,128,0.0,128,6.0,128,0.46575720608234406,128,-1.5947511792182922,128,-0.7624575793743134,128
clean,21,28,1,0.2692303955554962,128,1.7937609553337097,128,0.09965338557958603,128,0.9185261130332947,128,0.08147384971380234,128,0.015024191699922085,128,-0.6963039338588715,128,0.2711649537086487,128,1.0,128,1.0,128,0.0,128,6.0,128,0.4690288305282593,128,-1.3401263356208801,128,-0.6582676768302917,128
clean,21,28,2,0.11807216331362724,128,4.189310789108276,128,0.23273948580026627,128,0.7156756818294525,128,0.2843243181705475,128,0.06356135755777359,128,-0.4934534728527069,128,0.7435987293720245,128,1.0,128,1.0,128,0.0,128,18.0,128,0.3913819193840027,128,-1.9463671445846558,128,-0.8475611507892609,128
clean,21,28,3,0.17673368006944656,128,6.442364454269409,128,0.3579091280698776,128,0.44950878620147705,128,0.5504911839962006,128,0.14350181818008423,128,-0.22728660702705383,128,0.9167268872261047,128,1.0,128,1.0,128,0.0,128,18.0,128,0.5250461399555206,128,-1.5820173621177673,128,-0.8389793932437897,128
clean,21,28,4,0.20207416266202927,128,6.942895889282227,128,0.38571643829345703,128,0.4434406906366348,128,0.5565593242645264,128,0.19287697225809097,128,-0.22121846675872803,128,0.9408379197120667,128,2.0,128,1.0,128,0.0,128,18.0,128,0.707961767911911,128,-1.9326840043067932,128,-0.8135651648044586,128
clean,21,28,5,0.4190284162759781,128,9.987295627593994,128,0.554849773645401,128,0.20182085782289505,128,0.7981791198253632,128,0.33618590235710144,128,0.020401328802108765,128,0.866342157125473,128,18.0,128,1.0,128,0.0,128,6.0,128,0.7702638804912567,128,-0.0477954875677824,128,-0.059384770691394806,128
clean,21,28,6,0.7153910994529724,128,13.36999225616455,128,0.7427773475646973,128,0.037360623478889465,128,0.9626393914222717,128,0.5982596576213837,128,0.18486160039901733,128,0.5593424737453461,128,18.0,128,1.0,128,0.0,128,6.0,128,0.7705192565917969,128,0.17609576880931854,128,-0.05308300070464611,128
clean,21,28,7,0.23965423554182053,128,9.370375156402588,128,0.5205763876438141,128,0.3167074918746948,128,0.6832924783229828,128,0.38293391466140747,128,-0.0944853127002716,128,0.9714315533638,128,1.0,128,1.0,128,0.0,128,18.0,128,0.7789332866668701,128,-1.3483807444572449,128,-0.0030816923826932907,128
clean,21,28,8,0.8771568834781647,128,17.028621673583984,128,0.9460345506668091,128,2.4435696559521602e-06,128,0.9999975264072418,128,0.872176319360733,128,0.22221973538398743,128,0.27794890105724335,128,18.0,128,1.0,128,0.0,128,6.0,128,0.8903672993183136,128,0.9378272294998169,128,0.4277835339307785,128
clean,21,28,9,0.3175794333219528,128,7.463045120239258,128,0.41461361944675446,128,0.43018291890621185,128,0.5698171257972717,128,0.22783386707305908,128,-0.20796066522598267,128,0.8508953750133514,128,1.0,128,1.0,128,0.0,128,18.0,128,0.478704497218132,128,-1.1181187629699707,128,-0.37215301394462585,128
clean,21,28,10,0.5680098831653595,128,11.980549812316895,128,0.6655861139297485,128,0.03157365135848522,128,0.9684263467788696,128,0.37851937115192413,128,0.19064855575561523,128,0.6650496423244476,128,18.0,128,1.0,128,0.0,128,6.0,128,0.9359677731990814,128,0.4538574814796448,128,0.09570089355111122,128
clean,21,28,11,0.9745377600193024,128,17.740294456481934,128,0.9855719208717346,128,0.0,128,1.0,128,0.9746438264846802,128,0.2222222089767456,128,0.07938345149159431,128,18.0,128,1.0,128,0.0,128,6.0,128,0.8779377043247223,128,1.0064417123794556,128,0.4299977123737335,128
clean,21,29,0,0.8490447998046875,128,11.453621864318848,128,0.636312335729599,128,0.09256711229681969,128,0.9074328541755676,128,0.4008556306362152,128,0.12965506315231323,128,0.7973138391971588,128,18.0,128,1.0,128,0.0,128,6.0,128,0.7765961289405823,128,0.43618911504745483,128,0.03815000504255295,128
clean,21,29,1,0.19685135781764984,128,7.7314722537994385,128,0.429526224732399,128,0.37668997049331665,128,0.6233100593090057,128,0.2426239773631096,128,-0.15446773171424866,128,0.9501792192459106,128,1.0,128,1.0,128,0.0,128,18.0,128,0.5959209203720093,128,-1.6169494986534119,128,-0.6331297159194946,128
clean,21,29,2,0.8866934180259705,128,16.291651725769043,128,0.9050917625427246,128,0.0046188440173864365,128,0.9953812062740326,128,0.8350000083446503,128,0.2176034152507782,128,0.39427463710308075,128,18.0,128,1.0,128,0.0,128,6.0,128,0.7693098187446594,128,0.8647171854972839,128,0.23151837289333344,128
clean,21,29,3,0.1434471756219864,128,3.3085166215896606,128,0.18380647897720337,128,0.7891397774219513,128,0.2108602300286293,128,0.05057933367788792,128,-0.5669175684452057,128,0.6604489088058472,128,1.0,128,1.0,128,0.0,128,18.0,128,0.4348737597465515,128,-1.9801228046417236,128,-0.8834676444530487,128
clean,21,29,4,0.37511488795280457,128,8.063220977783203,128,0.44795671105384827,128,0.385524719953537,128,0.614475280046463,128,0.28476282954216003,128,-0.16330251097679138,128,0.8958287835121155,128,1.0,128,1.0,128,0.0,128,18.0,128,0.5950025320053101,128,-1.2066481709480286,128,-0.3036647289991379,128
clean,21,29,5,0.505290299654007,128,11.114937782287598,128,0.6174965500831604,128,0.2984917461872101,128,0.7015082538127899,128,0.5438287258148193,128,-0.07626953721046448,128,0.832620233297348,128,18.0,128,1.0,128,0.0,128,18.0,128,0.6180537343025208,128,-0.8951282501220703,128,0.027261245995759964,128
clean,21,29,6,0.14208491891622543,128,7.749732971191406,128,0.4305407255887985,128,0.36057770252227783,128,0.6394222378730774,128,0.23621635138988495,128,-0.138355553150177,128,0.9703125059604645,128,1.0,128,1.0,128,0.0,128,18.0,128,0.5540989637374878,128,-1.7886230945587158,128,-0.8303135633468628,128
clean,21,29,7,0.24351295828819275,128,8.863364696502686,128,0.4924091547727585,128,0.24109099805355072,128,0.7589090168476105,128,0.2895168364048004,128,-0.01886877417564392,128,0.9434894919395447,128,5.0,128,1.0,128,0.0,128,6.0,128,0.5690497159957886,128,-0.323181688785553,128,-0.2570909857749939,128
clean,21,29,8,0.1451694369316101,128,4.721065521240234,128,0.2622814178466797,128,0.6453636288642883,128,0.3546363413333893,128,0.10195663571357727,128,-0.4231414496898651,128,0.7695020735263824,128,1.0,128,1.0,128,0.0,128,18.0,128,0.6536000072956085,128,-1.8921648263931274,128,-0.7768436670303345,128
clean,21,29,9,0.7962278425693512,128,10.458070278167725,128,0.5810039043426514,128,0.443178653717041,128,0.5568213164806366,128,0.55556520819664,128,-0.2209564745426178,128,0.1522207260131836,128,18.0,128,1.0,128,0.0,128,6.0,128,0.8069781064987183,128,0.5136587917804718,128,0.06172134354710579,128
clean,21,29,10,0.1997373402118683,128,10.400891304016113,128,0.5778273046016693,128,0.2082408219575882,128,0.791759192943573,128,0.4124845266342163,128,0.013981401920318604,128,0.93382927775383,128,18.0,128,1.0,128,0.0,128,6.0,128,0.5853089988231659,128,-0.043548671528697014,128,0.13709837198257446,128
clean,21,29,11,0.8613496720790863,128,13.297478675842285,128,0.7387488186359406,128,0.1207147017121315,128,0.8792853355407715,128,0.6521846950054169,128,0.10150754451751709,128,0.6666442155838013,128,17.0,128,1.0,128,0.0,128,6.0,128,0.6714221835136414,128,0.01462329551577568,128,0.1969793289899826,128
clean,63,0,0,0.12211672589182854,128,6.6847755908966064,128,0.3713764101266861,128,0.401265025138855,128,0.5987349450588226,128,0.12685738503932953,128,-0.17904284596443176,128,0.9397117495536804,128,1.0,128,0.8333333134651184,128,0.11764705926179886,128,18.0,128,0.7268982231616974,128,-1.4812102913856506,128,-0.9015608131885529,128
clean,63,0,1,0.15672820061445236,128,3.4104009866714478,128,0.18946672230958939,128,0.8068222105503082,128,0.19317778199911118,128,0.10840044543147087,128,-0.5846000015735626,128,0.47024713456630707,128,1.0,128,1.0,128,0.0,128,18.0,128,0.5773211121559143,128,-1.4088612794876099,128,-0.3872067332267761,128
clean,63,0,2,0.16265631467103958,128,9.563081741333008,128,0.5312823355197906,128,0.22780194133520126,128,0.7721980512142181,128,0.34662453830242157,128,-0.005579739809036255,128,0.9980618357658386,128,18.0,128,1.0,128,0.0,128,18.0,128,0.5838915407657623,128,-0.3929385095834732,128,0.15708383172750473,128
clean,63,0,3,0.152385912835598,128,9.485581874847412,128,0.5269767642021179,128,0.2226189449429512,128,0.7773810625076294,128,0.3303883373737335,128,-0.000396728515625,128,0.9991896450519562,128,8.5,128,1.0,128,0.0,128,18.0,128,0.39990876615047455,128,-0.08378041535615921,128,-0.03781692683696747,128
clean,63,0,4,0.3389248549938202,128,13.684931755065918,128,0.7602739930152893,128,0.05426008254289627,128,0.9457398653030396,128,0.5989443063735962,128,0.16796207427978516,128,0.6272482573986053,128,18.0,128,1.0,128,0.0,128,6.0,128,0.8522874712944031,128,0.3552955985069275,128,0.08307059109210968,128
clean,63,0,5,0.3324226289987564,128,14.783705234527588,128,0.8213169574737549,128,0.043694812804460526,128,0.9563052356243134,128,0.6561917066574097,128,0.17852744460105896,128,0.5860401690006256,128,18.0,128,1.0,128,0.0,128,6.0,128,0.755260169506073,128,0.6835423111915588,128,0.3918222188949585,128
clean,63,0,6,0.215158611536026,128,8.212222576141357,128,0.4562345892190933,128,0.2807367444038391,128,0.7192632257938385,128,0.25805802643299103,128,-0.058514565229415894,128,0.7425678372383118,128,1.0,128,1.0,128,0.0,128,6.0,128,0.6020772457122803,128,-0.390591561794281,128,-0.3002220094203949,128
clean,63,0,7,0.14948832988739014,128,7.631699323654175,128,0.42398329079151154,128,0.39015790820121765,128,0.6098420917987823,128,0.2189772129058838,128,-0.16793569922447205,128,0.9518648386001587,128,1.0,128,1.0,128,0.0,128,18.0,128,0.42618148028850555,128,-1.593511700630188,128,-0.6083007454872131,128
clean,63,0,8,0.15960924327373505,128,9.472220420837402,128,0.5262344777584076,128,0.22408215701580048,128,0.7759177982807159,128,0.32946258783340454,128,-0.0018599927425384521,128,0.999350517988205,128,9.0,128,1.0,128,0.0,128,18.0,128,0.41527894139289856,128,-0.24984987080097198,128,-0.1188216358423233,128
clean,63,0,9,0.19127807021141052,128,10.20121145248413,128,0.5667339563369751,128,0.2368469312787056,128,0.7631530463695526,128,0.4209643006324768,128,-0.014624744653701782,128,0.9792201519012451,128,18.0,128,0.7222222089767456,128,0.11764705926179886,128,18.0,128,0.7002386450767517,128,-0.3918381780385971,128,0.3040464222431183,128
clean,63,0,10,0.28428153693675995,128,14.960368633270264,128,0.8311316072940826,128,0.005861083045601845,128,0.9941389262676239,128,0.8194476664066315,128,0.2163611352443695,128,0.7694938778877258,128,18.0,128,1.0,128,0.0,128,18.0,128,0.5631826519966125,128,1.9287844896316528,128,0.9789013266563416,128
clean,63,0,11,0.3515932708978653,128,12.859116554260254,128,0.7143953740596771,128,0.1717970296740532,128,0.828203022480011,128,0.547592431306839,128,0.05042523145675659,128,0.6282309293746948,128,18.0,128,1.0,128,0.0,128,6.0,128,0.5438985526561737,128,0.07741160318255424,128,0.34105685353279114,128
clean,63,1,0,0.24819017201662064,128,9.757862567901611,128,0.5421034693717957,128,0.28094565868377686,128,0.7190543413162231,128,0.3517657220363617,128,-0.05872344970703125,128,0.8853447139263153,128,1.0,128,1.0,128,0.0,128,6.0,128,0.5301689505577087,128,-0.48279860615730286,128,0.00708674339693971,128
clean,63,1,1,0.23856599628925323,128,13.8868727684021,128,0.7714929282665253,128,0.0029695313423871994,128,0.99703049659729,128,0.6026172339916229,128,0.21925270557403564,128,0.49787789583206177,128,18.0,128,0.7222222089767456,128,0.3529411852359772,128,6.0,128,0.9521164298057556,128,0.6520169675350189,128,0.15629035979509354,128
clean,63,1,2,0.25637300312519073,128,6.586601734161377,128,0.36592233180999756,128,0.5834260582923889,128,0.4165739268064499,128,0.27427978813648224,128,-0.3612038642168045,128,0.6938172876834869,128,1.0,128,1.0,128,0.0,128,18.0,128,0.5882600843906403,128,-1.0727019906044006,128,-0.01969568245112896,128
clean,63,1,3,0.3462163358926773,128,10.595486640930176,128,0.5886381566524506,128,0.3464951664209366,128,0.6535048186779022,128,0.5081046521663666,128,-0.12427297234535217,128,0.6900770664215088,128,18.0,128,1.0,128,0.0,128,9.0,128,0.5295796990394592,128,-0.48650260269641876,128,0.003626207821071148,128
clean,63,1,4,0.2750227153301239,128,1.9181239008903503,128,0.10656243935227394,128,0.9293140172958374,128,0.07068603485822678,128,0.03904193639755249,128,-0.707091748714447,128,0.18373733013868332,128,1.0,128,1.0,128,0.0,128,6.0,128,0.5302923023700714,128,-1.0895713567733765,128,-0.43147724866867065,128
clean,63,1,5,0.11754927411675453,128,9.392791271209717,128,0.5218217372894287,128,0.21358704566955566,128,0.7864129543304443,128,0.30062098801136017,128,0.008635163307189941,128,0.9919629693031311,128,9.0,128,1.0,128,0.0,128,9.0,128,0.6084331274032593,128,0.07258284091949463,128,-0.1443592831492424,128
clean,63,1,6,0.17057488858699799,128,13.597403049468994,128,0.7554112672805786,128,0.06867523118853569,128,0.9313247203826904,128,0.6677296757698059,128,0.15354692935943604,128,0.8378855586051941,128,17.0,128,0.6388888955116272,128,0.1764705926179886,128,18.0,128,0.48061875998973846,128,0.9851031005382538,128,0.816741943359375,128
clean,63,1,7,0.12171899899840355,128,5.23112940788269,128,0.29061830043792725,128,0.5834484696388245,128,0.4165515750646591,128,0.10426028072834015,128,-0.3612262159585953,128,0.8427247107028961,128,1.0,128,1.0,128,0.0,128,18.0,128,0.6543775796890259,128,-1.8154356479644775,128,-0.8573087155818939,128
clean,63,1,8,0.2701287418603897,128,13.976724624633789,128,0.7764846980571747,128,0.010268494952470064,128,0.9897315204143524,128,0.6099525988101959,128,0.21195372939109802,128,0.5307901799678802,128,18.0,128,1.0,128,0.0,128,6.0,128,0.9356833100318909,128,0.48091481626033783,128,0.15980977565050125,128
clean,63,1,9,0.34320512413978577,128,10.481300354003906,128,0.5822944641113281,128,0.2535637319087982,128,0.7464362978935242,128,0.4326832741498947,128,-0.031341493129730225,128,0.9042001068592072,128,16.0,128,1.0,128,0.0,128,6.0,128,0.45568621158599854,128,-0.6804426312446594,128,0.08882392197847366,128
clean,63,1,10,0.12081102654337883,128,7.202385902404785,128,0.40013255178928375,128,0.452590674161911,128,0.5474093556404114,128,0.2299111858010292,128,-0.23036843538284302,128,0.9301818013191223,128,1.0,128,1.0,128,0.0,128,18.0,128,0.6102317869663239,128,-1.9080735445022583,128,-0.6796226799488068,128
clean,63,1,11,0.1510644033551216,128,6.489912748336792,128,0.3605507165193558,128,0.4839976876974106,128,0.5160022675991058,128,0.16609255969524384,128,-0.26177552342414856,128,0.8671496510505676,128,1.0,128,1.0,128,0.0,128,18.0,128,0.4682663232088089,128,-1.376175343990326,128,-0.6001997590065002,128
clean,63,2,0,0.14963119477033615,128,7.014999866485596,128,0.38972221314907074,128,0.44761496782302856,128,0.552385002374649,128,0.20160967111587524,128,-0.22539278864860535,128,0.9271414577960968,128,1.0,128,1.0,128,0.0,128,18.0,128,0.5554390251636505,128,-1.8856911659240723,128,-0.6947190463542938,128
clean,63,2,1,0.16063420474529266,128,7.498939514160156,128,0.4166077524423599,128,0.4177207499742508,128,0.582279235124588,128,0.25212475657463074,128,-0.19549855589866638,128,0.9444811344146729,128,1.0,128,1.0,128,0.0,128,18.0,128,0.5273472368717194,128,-1.7905184030532837,128,-0.5964778065681458,128
clean,63,2,2,0.17987948656082153,128,6.08068323135376,128,0.3378157466650009,128,0.5182958543300629,128,0.48170413076877594,128,0.1562952846288681,128,-0.29607366025447845,128,0.9049295783042908,128,2.0,128,1.0,128,0.0,128,18.0,128,0.8271642923355103,128,-1.990109920501709,128,-0.8547203838825226,128
clean,63,2,3,0.4791162461042404,128,16.510703086853027,128,0.9172612726688385,128,0.006781251169741154,128,0.993218719959259,128,0.8449200689792633,128,0.21544092893600464,128,0.36815738677978516,128,18.0,128,1.0,128,0.0,128,6.0,128,0.9169546961784363,128,0.6314085125923157,128,0.2602371424436569,128
clean,63,2,4,0.6384083926677704,128,15.1718168258667,128,0.8428787291049957,128,0.046034278348088264,128,0.9539657235145569,128,0.8220006823539734,128,0.1761879324913025,128,0.42740434408187866,128,17.0,128,1.0,128,0.0,128,6.0,128,0.8197354078292847,128,0.29108110070228577,128,0.23379920423030853,128
clean,63,2,5,0.12709690630435944,128,7.503469705581665,128,0.416859433054924,128,0.36028148233890533,128,0.6397185325622559,128,0.23596283793449402,128,-0.13805925846099854,128,0.8724240064620972,128,2.5,128,1.0,128,0.0,128,6.0,128,0.885708749294281,128,-0.8642306327819824,128,-0.40378011763095856,128
clean,63,2,6,0.16934463381767273,128,8.393221855163574,128,0.46629010140895844,128,0.32793188095092773,128,0.6720681488513947,128,0.25910355150699615,128,-0.10570964217185974,128,0.9717858731746674,128,1.0,128,1.0,128,0.0,128,9.0,128,0.4301135838031769,128,-1.3320072889328003,128,-0.53992760181427,128
clean,63,2,7,0.47939081490039825,128,16.261476516723633,128,0.9034153521060944,128,0.02841514442116022,128,0.9715847969055176,128,0.8619345426559448,128,0.19380700588226318,128,0.3989773094654083,128,18.0,128,1.0,128,0.0,128,6.0,128,0.6424059271812439,128,0.5855719447135925,128,0.21719471365213394,128
clean,63,2,8,0.38769106566905975,128,15.054183006286621,128,0.8363434970378876,128,0.049574870616197586,128,0.9504250288009644,128,0.7594170272350311,128,0.17264723777770996,128,0.4979623407125473,128,18.0,128,1.0,128,0.0,128,6.0,128,0.6615581214427948,128,0.3810989260673523,128,0.06006201356649399,128
clean,63,2,9,0.12240724265575409,128,8.285585403442383,128,0.46031031012535095,128,0.3179754912853241,128,0.6820245981216431,128,0.2588331252336502,128,-0.09575319290161133,128,0.9515385031700134,128,3.0,128,1.0,128,0.0,128,6.0,128,0.6274294257164001,128,-1.0136544704437256,128,-0.4204314798116684,128
clean,63,2,10,0.30006004869937897,128,11.114981651306152,128,0.6174989938735962,128,0.08137606829404831,128,0.9186239242553711,128,0.38095004856586456,128,0.1408461332321167,128,0.7347892224788666,128,18.0,128,1.0,128,0.0,128,6.0,128,0.8960255980491638,128,0.4782150238752365,128,0.014446981716901064,128
clean,63,2,11,0.4555641859769821,128,12.227223873138428,128,0.6792902052402496,128,0.11974793672561646,128,0.8802520334720612,128,0.5015289485454559,128,0.10247424244880676,128,0.723058432340622,128,18.0,128,1.0,128,0.0,128,6.0,128,0.8089995682239532,128,0.06697968766093254,128,0.04296342842280865,128
clean,63,3,0,0.5315812528133392,128,15.065904140472412,128,0.8369946777820587,128,0.014772841706871986,128,0.9852271676063538,128,0.7032177746295929,128,0.20744937658309937,128,0.5473583340644836,128,18.0,128,1.0,128,0.0,128,6.0,128,0.8491009771823883,128,0.8914943635463715,128,0.36868715286254883,128
clean,63,3,1,0.19711264222860336,128,8.145034313201904,128,0.45250190794467926,128,0.316838338971138,128,0.6831616461277008,128,0.2273150235414505,128,-0.09461614489555359,128,0.943015992641449,128,1.0,128,1.0,128,0.0,128,6.0,128,0.44830939173698425,128,-0.9796692132949829,128,-0.4412324130535126,128
clean,63,3,2,0.300980806350708,128,8.244606971740723,128,0.4580337256193161,128,0.07847653701901436,128,0.92152339220047,128,0.18828610330820084,128,0.14374560117721558,128,0.6208299100399017,128,5.0,128,1.0,128,0.0,128,6.0,128,0.7929089367389679,128,-0.14695564657449722,128,-0.10772083699703217,128
clean,63,3,3,0.17598644644021988,128,7.962101459503174,128,0.4423389732837677,128,0.3094482868909836,128,0.6905516982078552,128,0.1990448459982872,128,-0.08722609281539917,128,0.9617998600006104,128,4.0,128,1.0,128,0.0,128,18.0,128,0.4792996495962143,128,-1.1285918951034546,128,-0.664484292268753,128
clean,63,3,4,0.3697032928466797,128,14.055845737457275,128,0.7808803021907806,128,0.00869090436026454,128,0.9913090765476227,128,0.6010551750659943,128,0.2135312855243683,128,0.5391403138637543,128,18.0,128,0.9444444179534912,128,0.11764705926179886,128,6.0,128,0.9362418055534363,128,0.579538881778717,128,0.1476815938949585,128
clean,63,3,5,0.17847242951393127,128,5.1648430824279785,128,0.2869357317686081,128,0.6038737893104553,128,0.39612624049186707,128,0.10730161890387535,128,-0.38165155053138733,128,0.8292640149593353,128,1.0,128,1.0,128,0.0,128,18.0,128,0.5066801607608795,128,-1.9625399708747864,128,-0.8437555432319641,128
clean,63,3,6,0.17178841680288315,128,5.003212213516235,128,0.2779562324285507,128,0.6024958789348602,128,0.39750416576862335,128,0.06993230059742928,128,-0.38027362525463104,128,0.8042689263820648,128,1.0,128,1.0,128,0.0,128,18.0,128,0.5967505276203156,128,-1.746678113937378,128,-0.8934271335601807,128
clean,63,3,7,0.5773232877254486,128,17.289082527160645,128,0.960504561662674,128,0.0005960851267445832,128,0.9994038939476013,128,0.9383096992969513,128,0.22162610292434692,128,0.22596050798892975,128,18.0,128,1.0,128,0.0,128,6.0,128,0.8052942752838135,128,0.8832623660564423,128,0.25552622973918915,128
clean,63,3,8,0.2605782002210617,128,6.58778190612793,128,0.3659878820180893,128,0.47802436351776123,128,0.5219756364822388,128,0.17296653240919113,128,-0.2558021545410156,128,0.8941943049430847,128,1.0,128,1.0,128,0.0,128,18.0,128,0.5222525894641876,128,-1.7333351373672485,128,-0.7073586285114288,128
clean,63,3,9,0.26552341878414154,128,8.05156421661377,128,0.44730913639068604,128,0.4143964648246765,128,0.5856035649776459,128,0.2807571738958359,128,-0.19217422604560852,128,0.9166333079338074,128,1.0,128,1.0,128,0.0,128,18.0,128,0.6639754176139832,128,-1.582510232925415,128,-0.40110941231250763,128
clean,63,3,10,0.19412808120250702,128,6.909189224243164,128,0.3838438391685486,128,0.4525515288114548,128,0.547448456287384,128,0.19780251383781433,128,-0.23032933473587036,128,0.9319566786289215,128,1.0,128,1.0,128,0.0,128,18.0,128,0.5482319593429565,128,-1.9307039380073547,128,-0.76131671667099,128
clean,63,3,11,0.2641301304101944,128,7.055592060089111,128,0.39197733998298645,128,0.4279402196407318,128,0.5720597505569458,128,0.18408824503421783,128,-0.2057180404663086,128,0.9316309094429016,128,1.0,128,1.0,128,0.0,128,9.0,128,0.42222654819488525,128,-1.543959617614746,128,-0.7167738676071167,128
clean,63,4,0,0.4278895705938339,128,12.707165718078613,128,0.7059536278247833,128,0.10623607039451599,128,0.8937638998031616,128,0.5913426876068115,128,0.11598610877990723,128,0.8653868436813354,128,17.0,128,1.0,128,0.0,128,6.0,128,0.5369545519351959,128,0.9417061507701874,128,0.6269262731075287,128
clean,63,4,1,0.20614861696958542,128,5.346778154373169,128,0.29704323410987854,128,0.5823557078838348,128,0.41764429211616516,128,0.11744118109345436,128,-0.36013349890708923,128,0.8256619870662689,128,1.0,128,1.0,128,0.0,128,18.0,128,0.7049628496170044,128,-1.8551061749458313,128,-0.7455512285232544,128
clean,63,4,2,0.24068128317594528,128,7.440200567245483,128,0.41334448754787445,128,0.428370401263237,128,0.5716295838356018,128,0.22249949723482132,128,-0.2061482071876526,128,0.8104918301105499,128,1.0,128,1.0,128,0.0,128,9.0,128,0.5134735405445099,128,-1.1127026677131653,128,-0.36321888864040375,128
clean,63,4,3,0.5067467391490936,128,6.345064878463745,128,0.35250361263751984,128,0.6504935920238495,128,0.3495063781738281,128,0.29184071719646454,128,-0.42827141284942627,128,0.31237366795539856,128,1.0,128,1.0,128,0.0,128,6.0,128,0.8165239095687866,128,0.07351170107722282,128,-0.1443948820233345,128
clean,63,4,4,0.2986510992050171,128,10.10608434677124,128,0.5614491403102875,128,0.2164180725812912,128,0.7835819125175476,128,0.3610784709453583,128,0.005804121494293213,128,0.8322694897651672,128,18.0,128,1.0,128,0.0,128,6.0,128,0.6942081451416016,128,-0.22887560725212097,128,-0.03515518642961979,128
clean,63,4,5,0.5963757932186127,128,15.558103084564209,128,0.8643390536308289,128,0.02843295782804489,128,0.9715670943260193,128,0.7874745726585388,128,0.1937893033027649,128,0.4756828546524048,128,18.0,128,1.0,128,0.0,128,6.0,128,0.8414143025875092,128,0.5488521158695221,128,0.22784621268510818,128
clean,63,4,6,0.19278882443904877,128,7.432490825653076,128,0.4129161536693573,128,0.4287653714418411,128,0.5712346434593201,128,0.2367401048541069,128,-0.20654314756393433,128,0.9554243087768555,128,1.0,128,1.0,128,0.0,128,18.0,128,0.5850296318531036,128,-2.106250524520874,128,-0.7684039771556854,128
clean,63,4,7,0.23372549563646317,128,7.214011907577515,128,0.4007784426212311,128,0.4205113500356674,128,0.5794886648654938,128,0.19401273876428604,128,-0.19828912615776062,128,0.9263761937618256,128,1.0,128,1.0,128,0.0,128,18.0,128,0.49869289994239807,128,-1.5402576923370361,128,-0.6740293204784393,128
clean,63,4,8,0.29552362859249115,128,10.395127296447754,128,0.5775070488452911,128,0.19754309952259064,128,0.8024568855762482,128,0.42476309835910797,128,0.024679094552993774,128,0.9737014770507812,128,15.0,128,1.0,128,0.0,128,18.0,128,0.5920440852642059,128,0.27412135899066925,128,0.4959033280611038,128
clean,63,4,9,0.20509861409664154,128,9.155495643615723,128,0.5086386501789093,128,0.2546675205230713,128,0.7453325092792511,128,0.2849797159433365,128,-0.032445281744003296,128,0.9790138006210327,128,10.0,128,1.0,128,0.0,128,6.0,128,0.6083036065101624,128,-0.6108009815216064,128,-0.2156802862882614,128
clean,63,4,10,0.23426753282546997,128,6.809139013290405,128,0.3782854974269867,128,0.5211407244205475,128,0.4788592606782913,128,0.2169160097837448,128,-0.2989185303449631,128,0.8936487138271332,128,1.0,128,1.0,128,0.0,128,18.0,128,0.6304997205734253,128,-1.9863999485969543,128,-0.5933619439601898,128
clean,63,4,11,0.22986504435539246,128,7.017020225524902,128,0.3898344486951828,128,0.45856763422489166,128,0.5414323806762695,128,0.20564277470111847,128,-0.23634541034698486,128,0.8906834721565247,128,1.0,128,1.0,128,0.0,128,18.0,128,0.5872759819030762,128,-1.6066834926605225,128,-0.6184594929218292,128
clean,63,5,0,0.23274492472410202,128,4.834641456604004,128,0.2685911953449249,128,0.6335490047931671,128,0.3664509952068329,128,0.1334184780716896,128,-0.4113267958164215,128,0.734528124332428,128,1.0,128,1.0,128,0.0,128,18.0,128,0.5365770161151886,128,-1.4881654977798462,128,-0.5380445718765259,128
clean,63,5,1,0.6054183840751648,128,13.932944297790527,128,0.7740524709224701,128,0.04143669456243515,128,0.9585632681846619,128,0.6248243451118469,128,0.18078547716140747,128,0.5990821421146393,128,18.0,128,1.0,128,0.0,128,6.0,128,0.8754084408283234,128,0.3608124405145645,128,0.09652665257453918,128
clean,63,5,2,0.5127208232879639,128,17.146652221679688,128,0.9525917768478394,128,0.005679823691025376,128,0.9943202435970306,128,0.9104264378547668,128,0.21654245257377625,128,0.22365961968898773,128,18.0,128,0.8333333134651184,128,0.23529411852359772,128,6.0,128,0.8244705200195312,128,0.7377386093139648,128,0.22421656548976898,128
clean,63,5,3,0.2186463326215744,128,9.668050765991211,128,0.5371139347553253,128,0.21079455316066742,128,0.7892054319381714,128,0.3386887460947037,128,0.011427640914916992,128,0.9924375712871552,128,10.0,128,1.0,128,0.0,128,9.0,128,0.4150652289390564,128,0.4404328167438507,128,0.20781466364860535,128
clean,63,5,4,0.38686348497867584,128,15.06594705581665,128,0.8369970619678497,128,0.027523167431354523,128,0.9724767804145813,128,0.6968753635883331,128,0.1946989893913269,128,0.572510838508606,128,18.0,128,1.0,128,0.0,128,6.0,128,0.7673761248588562,128,0.9596404731273651,128,0.4089469462633133,128
clean,63,5,5,0.16038412600755692,128,6.99944281578064,128,0.3888579457998276,128,0.5060849785804749,128,0.49391503632068634,128,0.26114436984062195,128,-0.28386275470256805,128,0.8967911005020142,128,1.0,128,1.0,128,0.0,128,18.0,128,0.7299497127532959,128,-1.853758990764618,128,-0.4429689943790436,128
clean,63,5,6,0.41955798864364624,128,12.401020050048828,128,0.6889455616474152,128,0.16585389524698257,128,0.834146112203598,128,0.5523244142532349,128,0.05636832118034363,128,0.7308899760246277,128,18.0,128,1.0,128,0.0,128,6.0,128,0.5583988726139069,128,-0.32112397253513336,128,-0.06270586885511875,128
clean,63,5,7,0.319493904709816,128,2.704677104949951,128,0.1502598449587822,128,0.8496035039424896,128,0.15039647370576859,128,0.05848502740263939,128,-0.6273813247680664,128,0.412751242518425,128,1.0,128,1.0,128,0.0,128,18.0,128,0.528444916009903,128,-1.4066911339759827,128,-0.5699811279773712,128
clean,63,5,8,0.19971227645874023,128,8.246517658233643,128,0.45813988149166107,128,0.29847103357315063,128,0.701528936624527,128,0.24592390656471252,128,-0.07624885439872742,128,0.9646735489368439,128,1.0,128,1.0,128,0.0,128,18.0,128,0.4683753103017807,128,-0.8318618834018707,128,-0.5117524564266205,128
clean,63,5,9,0.7281936705112457,128,13.343303203582764,128,0.7412946224212646,128,0.05628452077507973,128,0.943715512752533,128,0.5767856538295746,128,0.16593772172927856,128,0.6946612000465393,128,17.0,128,1.0,128,0.0,128,6.0,128,0.843551903963089,128,0.8037425875663757,128,0.42554807662963867,128
clean,63,5,10,0.3716593384742737,128,1.5509097576141357,128,0.08616165071725845,128,0.9489704370498657,128,0.05102956481277943,128,0.0237311739474535,128,-0.7267482280731201,128,0.18271144479513168,128,1.0,128,1.0,128,0.0,128,6.0,128,0.8127317130565643,128,-0.94401815533638,128,-0.44864827394485474,128
clean,63,5,11,0.3814469575881958,128,11.110022068023682,128,0.6172234416007996,128,0.17100316286087036,128,0.8289968371391296,128,0.41045132279396057,128,0.051219046115875244,128,0.8354480564594269,128,18.0,128,1.0,128,0.0,128,6.0,128,0.7246558666229248,128,0.07908057421445847,128,0.04873993434011936,128
clean,63,6,0,0.29253770411014557,128,8.118936538696289,128,0.4510520398616791,128,0.3859390914440155,128,0.6140609085559845,128,0.29164251685142517,128,-0.1637168824672699,128,0.929986834526062,128,1.0,128,1.0,128,0.0,128,18.0,128,0.4074002355337143,128,-1.1504027247428894,128,-0.26436494290828705,128
clean,63,6,1,0.237848699092865,128,7.311201095581055,128,0.4061778336763382,128,0.3949980139732361,128,0.6050019860267639,128,0.19706632941961288,128,-0.17277580499649048,128,0.9540503025054932,128,1.0,128,1.0,128,0.0,128,18.0,128,0.5365285575389862,128,-1.7034910917282104,128,-0.836102694272995,128
clean,63,6,2,0.2505244165658951,128,5.784835338592529,128,0.32137973606586456,128,0.6446206569671631,128,0.3553793728351593,128,0.20055421441793442,128,-0.4223984181880951,128,0.7797463834285736,128,1.0,128,1.0,128,0.0,128,18.0,128,0.5993625819683075,128,-1.7124873995780945,128,-0.41181036829948425,128
clean,63,6,3,0.24872758984565735,128,6.885879755020142,128,0.38254888355731964,128,0.39529117941856384,128,0.6047088205814362,128,0.16818750649690628,128,-0.17306897044181824,128,0.9279493093490601,128,1.0,128,1.0,128,0.0,128,18.0,128,0.6236010789871216,128,-1.471289873123169,128,-0.8445560932159424,128
clean,63,6,4,0.24835947155952454,128,5.032103061676025,128,0.27956128120422363,128,0.5800114870071411,128,0.4199884980916977,128,0.06062893196940422,128,-0.3577892929315567,128,0.8258781731128693,128,2.0,128,1.0,128,0.0,128,18.0,128,0.6365998387336731,128,-1.6369130611419678,128,-0.8812400102615356,128
clean,63,6,5,0.2541629821062088,128,9.195788383483887,128,0.5108771324157715,128,0.2704933434724808,128,0.729506641626358,128,0.34200699627399445,128,-0.04827114939689636,128,0.9756459891796112,128,1.0,128,1.0,128,0.0,128,18.0,128,0.571450412273407,128,-0.8259257078170776,128,-0.17363232374191284,128
clean,63,6,6,0.20406056195497513,128,9.128254413604736,128,0.5071252286434174,128,0.247711181640625,128,0.752288818359375,128,0.31199169158935547,128,-0.025488972663879395,128,0.9880706071853638,128,5.0,128,1.0,128,0.0,128,18.0,128,0.4381902515888214,128,-0.5729254186153412,128,-0.26224662363529205,128
clean,63,6,7,0.2591802477836609,128,7.3913044929504395,128,0.4106280356645584,128,0.4663649946451187,128,0.5336350500583649,128,0.26632943749427795,128,-0.24414274096488953,128,0.873987078666687,128,1.0,128,1.0,128,0.0,128,18.0,128,0.5069405138492584,128,-1.3656505346298218,128,-0.38029372692108154,128
clean,63,6,8,0.2328311800956726,128,5.685221910476685,128,0.31584565341472626,128,0.5471580028533936,128,0.45284198224544525,128,0.129423126578331,128,-0.32493580877780914,128,0.8451676964759827,128,1.0,128,1.0,128,0.0,128,18.0,128,0.46845531463623047,128,-1.6056087613105774,128,-0.7463707029819489,128
clean,63,6,9,0.2593347579240799,128,7.9351770877838135,128,0.4408431798219681,128,0.40144649147987366,128,0.5985535383224487,128,0.257412850856781,128,-0.17922425270080566,128,0.8651604056358337,128,1.0,128,1.0,128,0.0,128,9.0,128,0.4479873776435852,128,-1.0285668969154358,128,-0.30315108597278595,128
clean,63,6,10,0.3258601278066635,128,7.8261682987213135,128,0.4347871243953705,128,0.3498653322458267,128,0.6501346528530121,128,0.26833847165107727,128,-0.1276431381702423,128,0.9344934821128845,128,3.0,128,1.0,128,0.0,128,18.0,128,0.4749494343996048,128,-1.144154965877533,128,-0.5069395899772644,128
clean,63,6,11,0.5941629409790039,128,13.320529460906982,128,0.7400293946266174,128,0.04552161134779453,128,0.95447838306427,128,0.5877706706523895,128,0.17670059204101562,128,0.656795859336853,128,18.0,128,0.0555555559694767,128,0.05882352963089943,128,6.0,128,0.9057022035121918,128,0.4504736512899399,128,0.20466449856758118,128
clean,63,7,0,0.42225414514541626,128,13.116255283355713,128,0.7286808490753174,128,0.05494118109345436,128,0.9450587630271912,128,0.5650953650474548,128,0.16728097200393677,128,0.639364093542099,128,18.0,128,1.0,128,0.0,128,6.0,128,0.8194296360015869,128,0.325502946972847,128,0.08610955625772476,128
clean,63,7,1,0.13986914604902267,128,4.077836513519287,128,0.22654647380113602,128,0.6884414553642273,128,0.3115585595369339,128,0.0334648173302412,128,-0.4662192314863205,128,0.7695181965827942,128,1.0,128,1.0,128,0.0,128,18.0,128,0.5888578295707703,128,-1.756292700767517,128,-0.9607808291912079,128
clean,63,7,2,0.302777498960495,128,8.8291654586792,128,0.49050918221473694,128,0.3239053040742874,128,0.6760946810245514,128,0.30383366346359253,128,-0.101683109998703,128,0.9445519149303436,128,1.0,128,1.0,128,0.0,128,9.0,128,0.4580981284379959,128,-0.8437338173389435,128,-0.1287711337208748,128
clean,63,7,3,0.5599260330200195,128,11.85310983657837,128,0.6585060954093933,128,0.1007782630622387,128,0.8992217779159546,128,0.4250790476799011,128,0.1214439868927002,128,0.7373062372207642,128,18.0,128,0.7222222089767456,128,0.23529411852359772,128,6.0,128,0.855077475309372,128,0.15191348642110825,128,0.05868200957775116,128
clean,63,7,4,0.2796075940132141,128,8.413794994354248,128,0.46743305027484894,128,0.3932841122150421,128,0.6067159175872803,128,0.3102540820837021,128,-0.17106187343597412,128,0.8463358283042908,128,1.0,128,1.0,128,0.0,128,6.0,128,0.49657419323921204,128,-0.9131515026092529,128,-0.1422705352306366,128
clean,63,7,5,0.290851354598999,128,7.178852081298828,128,0.39882512390613556,128,0.36912280321121216,128,0.6308771967887878,128,0.15833893418312073,128,-0.14690059423446655,128,0.9028244614601135,128,3.0,128,1.0,128,0.0,128,18.0,128,0.4892168790102005,128,-1.155242681503296,128,-0.6310517191886902,128
clean,63,7,6,0.24065332114696503,128,7.584815263748169,128,0.42137862741947174,128,0.37251490354537964,128,0.6274850964546204,128,0.19625893980264664,128,-0.15029269456863403,128,0.9382719993591309,128,1.0,128,1.0,128,0.0,128,9.0,128,0.41154398024082184,128,-1.2613900899887085,128,-0.6323939859867096,128
clean,63,7,7,0.18589980900287628,128,4.46095871925354,128,0.2478310391306877,128,0.6920908689498901,128,0.3079091012477875,128,0.10391245037317276,128,-0.4698686897754669,128,0.7463818490505219,128,1.0,128,1.0,128,0.0,128,18.0,128,0.485287681221962,128,-1.9119438529014587,128,-0.7427332401275635,128
clean,63,7,8,0.6320638954639435,128,11.763076305389404,128,0.6535042524337769,128,0.03068634867668152,128,0.9693137407302856,128,0.38986045122146606,128,0.19153594970703125,128,0.7579485476016998,128,17.0,128,1.0,128,0.0,128,6.0,128,0.6889789998531342,128,1.5614526867866516,128,0.49670881032943726,128
clean,63,7,9,0.3124310374259949,128,8.197295665740967,128,0.4554053246974945,128,0.3380635678768158,128,0.6619364023208618,128,0.26029933989048004,128,-0.11584138870239258,128,0.9486675262451172,128,1.0,128,1.0,128,0.0,128,18.0,128,0.42796461284160614,128,-1.14398193359375,128,-0.43142129480838776,128
clean,63,7,10,0.23239072412252426,128,8.86093807220459,128,0.49227434396743774,128,0.29291850328445435,128,0.707081526517868,128,0.3165740370750427,128,-0.07069626450538635,128,0.9857887923717499,128,1.0,128,1.0,128,0.0,128,18.0,128,0.43684621155261993,128,-1.2991964221000671,128,-0.36091162264347076,128
clean,63,7,11,0.24473266303539276,128,7.112013816833496,128,0.3951118737459183,128,0.4062103182077408,128,0.593789666891098,128,0.20709359645843506,128,-0.18398812413215637,128,0.9364724159240723,128,1.0,128,1.0,128,0.0,128,18.0,128,0.549716591835022,128,-1.7026156187057495,128,-0.7796356081962585,128
clean,63,8,0,0.38865454494953156,128,7.922560691833496,128,0.4401422590017319,128,0.3954981565475464,128,0.6045019030570984,128,0.27830448746681213,128,-0.173275887966156,128,0.837102860212326,128,1.0,128,1.0,128,0.0,128,18.0,128,0.5571031868457794,128,-0.9745221138000488,128,-0.3030317574739456,128
clean,63,8,1,0.18504776805639267,128,5.020777702331543,128,0.2789320945739746,128,0.6394745111465454,128,0.360525518655777,128,0.1154816746711731,128,-0.4172522723674774,128,0.7606911063194275,128,1.0,128,1.0,128,0.0,128,18.0,128,0.4801212251186371,128,-1.7064392566680908,128,-0.5705060064792633,128
clean,63,8,2,0.28855063021183014,128,9.848238468170166,128,0.5471243560314178,128,0.2626165747642517,128,0.7373833954334259,128,0.36954838037490845,128,-0.04039439558982849,128,0.9250826835632324,128,1.0,128,1.0,128,0.0,128,18.0,128,0.43361929059028625,128,-0.15295081585645676,128,0.24541012197732925,128
clean,63,8,3,0.3943922519683838,128,7.660160779953003,128,0.4255644828081131,128,0.46686264872550964,128,0.5331373810768127,128,0.2880151718854904,128,-0.24464040994644165,128,0.7733871042728424,128,1.0,128,1.0,128,0.0,128,18.0,128,0.48207415640354156,128,-1.022668719291687,128,-0.14689797908067703,128
clean,63,8,4,0.42676839232444763,128,9.4007568359375,128,0.5222642719745636,128,0.33113983273506165,128,0.6688601672649384,128,0.40103690326213837,128,-0.10891762375831604,128,0.810271680355072,128,5.0,128,1.0,128,0.0,128,18.0,128,0.5606280863285065,128,-0.8779003620147705,128,-0.010561764240264893,128
clean,63,8,5,0.3988976329565048,128,12.640087604522705,128,0.7022270858287811,128,0.1633533015847206,128,0.8366466462612152,128,0.5837913155555725,128,0.058868855237960815,128,0.5727598369121552,128,18.0,128,0.9444444179534912,128,0.11764705926179886,128,6.0,128,0.7248737514019012,128,-0.21970397233963013,128,-0.04314945824444294,128
clean,63,8,6,0.3937986046075821,128,10.879750728607178,128,0.604430615901947,128,0.14035463333129883,128,0.8596453666687012,128,0.4117983877658844,128,0.08186757564544678,128,0.9681527018547058,128,12.0,128,1.0,128,0.0,128,18.0,128,0.5250337421894073,128,1.2684287428855896,128,0.6926961541175842,128
clean,63,8,7,0.16216687858104706,128,4.476361274719238,128,0.24868673831224442,128,0.7126431167125702,128,0.2873568683862686,128,0.1092492938041687,128,-0.4904209226369858,128,0.759295254945755,128,1.0,128,1.0,128,0.0,128,18.0,128,0.5975287556648254,128,-2.0611387491226196,128,-0.6798427104949951,128
clean,63,8,8,0.18422222882509232,128,6.886407136917114,128,0.38257816433906555,128,0.42660851776599884,128,0.5733914971351624,128,0.19594115018844604,128,-0.20438629388809204,128,0.9390355944633484,128,1.0,128,1.0,128,0.0,128,18.0,128,0.590126633644104,128,-1.8229563236236572,128,-0.7873282730579376,128
clean,63,8,9,0.24166609346866608,128,7.630882024765015,128,0.4239378869533539,128,0.39332278072834015,128,0.6066772043704987,128,0.23242099583148956,128,-0.17110058665275574,128,0.9431969821453094,128,1.0,128,1.0,128,0.0,128,18.0,128,0.5778334736824036,128,-1.6065483689308167,128,-0.6001417636871338,128
clean,63,8,10,0.42768798768520355,128,9.3189377784729,128,0.5177187621593475,128,0.3749673366546631,128,0.6250326633453369,128,0.40840116143226624,128,-0.15274512767791748,128,0.7974773943424225,128,1.0,128,1.0,128,0.0,128,18.0,128,0.6008714139461517,128,-0.8595035672187805,128,-0.034731388092041016,128
clean,63,8,11,0.32512032985687256,128,4.695254802703857,128,0.2608474940061569,128,0.5742723345756531,128,0.4257276654243469,128,0.04913465864956379,128,-0.35205012559890747,128,0.6446020305156708,128,1.0,128,1.0,128,0.0,128,6.0,128,0.42777885496616364,128,-0.9024766981601715,128,-0.5396192371845245,128
clean,63,9,0,0.3201991617679596,128,7.140938997268677,128,0.396718829870224,128,0.47823669016361237,128,0.5217633247375488,128,0.2329714596271515,128,-0.25601446628570557,128,0.8822960257530212,128,1.0,128,1.0,128,0.0,128,18.0,128,0.5261474251747131,128,-1.5085853934288025,128,-0.40330031514167786,128
clean,63,9,1,0.3365485966205597,128,8.075185775756836,128,0.4486214369535446,128,0.35096466541290283,128,0.6490353345870972,128,0.26793576776981354,128,-0.12874245643615723,128,0.9520014524459839,128,1.0,128,1.0,128,0.0,128,18.0,128,0.41927729547023773,128,-1.2774720191955566,128,-0.43940676748752594,128
clean,63,9,2,0.34546834230422974,128,8.996726989746094,128,0.4998181611299515,128,0.2544039189815521,128,0.7455960512161255,128,0.3074023723602295,128,-0.032181739807128906,128,0.9715556800365448,128,6.5,128,1.0,128,0.0,128,18.0,128,0.4634837657213211,128,-0.593564361333847,128,-0.267523393034935,128
clean,63,9,3,0.4858805984258652,128,7.106655836105347,128,0.39481420814991,128,0.44561126828193665,128,0.5543887615203857,128,0.22839614748954773,128,-0.22338902950286865,128,0.8246492445468903,128,2.0,128,1.0,128,0.0,128,18.0,128,0.5384939312934875,128,-1.0815191268920898,128,-0.40023091435432434,128
clean,63,9,4,0.46218782663345337,128,12.721444606781006,128,0.7067469358444214,128,0.1793774887919426,128,0.820622444152832,128,0.5976504981517792,128,0.04284465312957764,128,0.5935451686382294,128,18.0,128,0.8888888955116272,128,0.11764705926179886,128,6.0,128,0.6614828109741211,128,-0.0562872476875782,128,-0.0033340424997732043,128
clean,63,9,5,0.2878497987985611,128,8.111047267913818,128,0.45061373710632324,128,0.30885201692581177,128,0.6911479830741882,128,0.22011138498783112,128,-0.08662980794906616,128,0.9781899750232697,128,1.0,128,1.0,128,0.0,128,9.0,128,0.4196745753288269,128,-1.3516209721565247,128,-0.7816588878631592,128
clean,63,9,6,0.45622187852859497,128,7.504009962081909,128,0.4168894439935684,128,0.4230801463127136,128,0.576919823884964,128,0.2779220938682556,128,-0.2008579671382904,128,0.8687408864498138,128,2.0,128,1.0,128,0.0,128,18.0,128,0.587030440568924,128,-1.1802169680595398,128,-0.31123390793800354,128
clean,63,9,7,0.2146693915128708,128,5.77770471572876,128,0.3209835886955261,128,0.5664563775062561,128,0.4335436075925827,128,0.16292037814855576,128,-0.3442341834306717,128,0.8729896545410156,128,1.0,128,1.0,128,0.0,128,18.0,128,0.6460746824741364,128,-1.9866871237754822,128,-0.7547328174114227,128
clean,63,9,8,0.29670144617557526,128,6.126274824142456,128,0.34034860134124756,128,0.48400601744651794,128,0.5159940123558044,128,0.16258612275123596,128,-0.26178377866744995,128,0.7460574209690094,128,1.0,128,1.0,128,0.0,128,6.0,128,0.4611820578575134,128,-0.8320402801036835,128,-0.42370255291461945,128
clean,63,9,9,0.37648022174835205,128,6.829891204833984,128,0.3794384002685547,128,0.4883052408695221,128,0.5116947591304779,128,0.20199145376682281,128,-0.2660830318927765,128,0.8098795413970947,128,1.0,128,1.0,128,0.0,128,9.0,128,0.4079272896051407,128,-1.1664775609970093,128,-0.3108668923377991,128
clean,63,9,10,0.29457151889801025,128,6.980116605758667,128,0.3877842575311661,128,0.48510508239269257,128,0.5148949027061462,128,0.24232137203216553,128,-0.26288288831710815,128,0.9076729714870453,128,1.0,128,1.0,128,0.0,128,18.0,128,0.5253770649433136,128,-1.7465125918388367,128,-0.46918389201164246,128
clean,63,9,11,0.2941726744174957,128,8.322163581848145,128,0.46234242618083954,128,0.2678222507238388,128,0.7321777641773224,128,0.24937058985233307,128,-0.04560002684593201,128,0.9720258414745331,128,5.0,128,1.0,128,0.0,128,18.0,128,0.5030753314495087,128,-0.8277628421783447,128,-0.605868935585022,128
clean,63,10,0,0.3118214011192322,128,6.9267144203186035,128,0.3848174810409546,128,0.43186742067337036,128,0.5681325793266296,128,0.18538089841604233,128,-0.20964521169662476,128,0.884190708398819,128,1.0,128,1.0,128,0.0,128,9.0,128,0.4299866706132889,128,-1.2653882503509521,128,-0.46045349538326263,128
clean,63,10,1,0.35895442962646484,128,6.578642129898071,128,0.36548012495040894,128,0.45045146346092224,128,0.5495485365390778,128,0.15108246356248856,128,-0.22822925448417664,128,0.8511532545089722,128,3.0,128,1.0,128,0.0,128,18.0,128,0.47268424928188324,128,-1.3018963932991028,128,-0.6647354364395142,128
clean,63,10,2,0.22788749635219574,128,6.189945936203003,128,0.3438858836889267,128,0.5046148300170898,128,0.49538519978523254,128,0.1511552780866623,128,-0.28239259123802185,128,0.8640380799770355,128,1.0,128,1.0,128,0.0,128,18.0,128,0.42682717740535736,128,-1.5321475863456726,128,-0.696808397769928,128
clean,63,10,3,0.2597047984600067,128,6.016326427459717,128,0.3342403620481491,128,0.5437033772468567,128,0.45629657804965973,128,0.18317310512065887,128,-0.32148121297359467,128,0.8611171543598175,128,1.0,128,1.0,128,0.0,128,18.0,128,0.5747085809707642,128,-1.7009131908416748,128,-0.5918475091457367,128
clean,63,10,4,0.31464695930480957,128,8.612855911254883,128,0.47849199175834656,128,0.2841382324695587,128,0.7158617377281189,128,0.275885209441185,128,-0.0619160532951355,128,0.9636475443840027,128,4.0,128,1.0,128,0.0,128,18.0,128,0.4322965443134308,128,-0.8413226008415222,128,-0.42672790586948395,128
clean,63,10,5,0.33212460577487946,128,7.841174602508545,128,0.43562081456184387,128,0.3085262328386307,128,0.6914737522602081,128,0.1937398612499237,128,-0.08630403876304626,128,0.8836406469345093,128,4.0,128,1.0,128,0.0,128,18.0,128,0.43483005464076996,128,-0.7187105417251587,128,-0.45335496962070465,128
clean,63,10,6,0.22025703638792038,128,5.45389723777771,128,0.3029942959547043,128,0.6041677296161652,128,0.39583227038383484,128,0.15907340496778488,128,-0.38194552063941956,128,0.8248603641986847,128,1.0,128,1.0,128,0.0,128,18.0,128,0.7977688312530518,128,-1.8176613450050354,128,-0.5910651087760925,128
clean,63,10,7,0.2869820147752762,128,8.884512901306152,128,0.4935840517282486,128,0.3078460693359375,128,0.6921539306640625,128,0.32609523832798004,128,-0.0856238603591919,128,0.9758649468421936,128,1.0,128,1.0,128,0.0,128,18.0,128,0.5542713701725006,128,-1.2230771780014038,128,-0.2577870339155197,128
clean,63,10,8,0.33429768681526184,128,9.34422254562378,128,0.5191234946250916,128,0.33424243330955505,128,0.6657575368881226,128,0.39961573481559753,128,-0.11202025413513184,128,0.9193323850631714,128,1.0,128,1.0,128,0.0,128,18.0,128,0.5803644955158234,128,-0.8681061267852783,128,0.07791898399591446,128
clean,63,10,9,0.30714577436447144,128,9.42882776260376,128,0.5238237679004669,128,0.33030569553375244,128,0.6696943044662476,128,0.38569048047065735,128,-0.10808348655700684,128,0.8243043124675751,128,3.0,128,1.0,128,0.0,128,18.0,128,0.5323435962200165,128,-0.7978144288063049,128,-0.06483590230345726,128
clean,63,10,10,0.3387049734592438,128,6.668388605117798,128,0.370466023683548,128,0.46389591693878174,128,0.5361040830612183,128,0.1882908120751381,128,-0.24167370796203613,128,0.8344341218471527,128,2.0,128,1.0,128,0.0,128,18.0,128,0.4804191589355469,128,-1.270415484905243,128,-0.48247213661670685,128
clean,63,10,11,0.23305758833885193,128,5.787833213806152,128,0.3215462863445282,128,0.5847339630126953,128,0.4152660518884659,128,0.16252054274082184,128,-0.3625117391347885,128,0.8366084396839142,128,1.0,128,1.0,128,0.0,128,18.0,128,0.4718695133924484,128,-1.8986083269119263,128,-0.645416796207428,128
clean,63,11,0,0.3943130075931549,128,7.068369150161743,128,0.3926871716976166,128,0.36776119470596313,128,0.6322388052940369,128,0.17284134775400162,128,-0.14553898572921753,128,0.8961046636104584,128,3.0,128,1.0,128,0.0,128,18.0,128,0.4259549230337143,128,-1.0547176003456116,128,-0.6046959757804871,128
clean,63,11,1,0.39099666476249695,128,6.631544351577759,128,0.3684191256761551,128,0.40636612474918365,128,0.5936338901519775,128,0.12766999751329422,128,-0.18414390087127686,128,0.9040180444717407,128,2.0,128,1.0,128,0.0,128,18.0,128,0.4507776200771332,128,-1.2164729833602905,128,-0.7196226119995117,128
clean,63,11,2,0.2366788238286972,128,6.154155969619751,128,0.34189754724502563,128,0.5436588227748871,128,0.4563412070274353,128,0.17835088074207306,128,-0.3214365839958191,128,0.8699718713760376,128,1.0,128,1.0,128,0.0,128,18.0,128,0.5731441080570221,128,-1.6670859456062317,128,-0.621167778968811,128
clean,63,11,3,0.2945118248462677,128,6.075719356536865,128,0.3375399559736252,128,0.5458583831787109,128,0.45414161682128906,128,0.1706685870885849,128,-0.32363617420196533,128,0.8144432604312897,128,1.0,128,1.0,128,0.0,128,18.0,128,0.4027651697397232,128,-1.4336053133010864,128,-0.49265599250793457,128
clean,63,11,4,0.238202765583992,128,6.339910507202148,128,0.35221725702285767,128,0.5505775809288025,128,0.4494224041700363,128,0.20737392455339432,128,-0.3283553868532181,128,0.8254319429397583,128,1.0,128,1.0,128,0.0,128,18.0,128,0.6035479605197906,128,-1.5863893628120422,128,-0.4649547189474106,128
clean,63,11,5,0.2523801028728485,128,6.003517389297485,128,0.3335287570953369,128,0.509459912776947,128,0.49054011702537537,128,0.13996344804763794,128,-0.28723767399787903,128,0.8934739828109741,128,1.0,128,1.0,128,0.0,128,18.0,128,0.5503844022750854,128,-1.7456044554710388,128,-0.765506774187088,128
clean,63,11,6,0.3431563824415207,128,8.115768909454346,128,0.45087605714797974,128,0.31378085911273956,128,0.6862190961837769,128,0.23631058633327484,128,-0.09155869483947754,128,0.9053837954998016,128,4.0,128,1.0,128,0.0,128,18.0,128,0.3866395354270935,128,-0.8215890526771545,128,-0.4332931637763977,128
clean,63,11,7,0.37012825906276703,128,8.160530090332031,128,0.4533627778291702,128,0.3209485709667206,128,0.6790514290332794,128,0.24677841365337372,128,-0.09872636198997498,128,0.9660449922084808,128,3.0,128,1.0,128,0.0,128,18.0,128,0.39239639043807983,128,-1.1159237623214722,128,-0.616287350654602,128
clean,63,11,8,0.28854767978191376,128,7.63989782333374,128,0.4244387745857239,128,0.4046843945980072,128,0.5953156352043152,128,0.22905181348323822,128,-0.1824621558189392,128,0.9264882206916809,128,1.0,128,1.0,128,0.0,128,9.0,128,0.41410042345523834,128,-1.3272027373313904,128,-0.48559147119522095,128
clean,63,11,9,0.4923500120639801,128,7.550566911697388,128,0.4194759428501129,128,0.419741615653038,128,0.5802584290504456,128,0.24715793132781982,128,-0.19751936197280884,128,0.8309914767742157,128,1.0,128,0.8333333134651184,128,0.11764705926179886,128,7.5,128,0.5338236391544342,128,-0.9068993031978607,128,-0.33016081154346466,128
clean,63,11,10,0.3485990911722183,128,9.600220203399658,128,0.5333455502986908,128,0.2292703092098236,128,0.7707296907901764,128,0.34490227699279785,128,-0.007048100233078003,128,0.9710337221622467,128,10.5,128,1.0,128,0.0,128,18.0,128,0.39997825026512146,128,-0.19074146449565887,128,0.0491180382668972,128
clean,63,11,11,0.31869104504585266,128,7.321202754974365,128,0.4067334979772568,128,0.3760833740234375,128,0.6239166557788849,128,0.1963697150349617,128,-0.1538611352443695,128,0.9303631484508514,128,2.0,128,1.0,128,0.0,128,18.0,128,0.42268840968608856,128,-1.2558960914611816,128,-0.6457337439060211,128
clean,63,12,0,0.22740334272384644,128,5.117739200592041,128,0.28431883454322815,128,0.6445731818675995,128,0.3554268479347229,128,0.13773806393146515,128,-0.4223509430885315,128,0.7747661769390106,128,1.0,128,1.0,128,0.0,128,18.0,128,0.5239125192165375,128,-1.8461339473724365,128,-0.6391813158988953,128
clean,63,12,1,0.25051282346248627,128,6.888420104980469,128,0.3826899975538254,128,0.4195261299610138,128,0.5804738998413086,128,0.16803767532110214,128,-0.1973038911819458,128,0.8933822810649872,128,2.0,128,1.0,128,0.0,128,18.0,128,0.3956477642059326,128,-1.2874571681022644,128,-0.6316634118556976,128
clean,63,12,2,0.47114260494709015,128,8.14450216293335,128,0.45247234404087067,128,0.4157782346010208,128,0.584221750497818,128,0.3124330937862396,128,-0.1935560405254364,128,0.831258624792099,128,1.0,128,0.6666666865348816,128,0.1764705926179886,128,18.0,128,0.6844536662101746,128,-1.1359968781471252,128,-0.20105821639299393,128
clean,63,12,3,0.36929774284362793,128,8.538880825042725,128,0.47438226640224457,128,0.3179764300584793,128,0.6820235550403595,128,0.2720998227596283,128,-0.0957542359828949,128,0.8463322520256042,128,1.0,128,1.0,128,0.0,128,6.0,128,0.5203452110290527,128,-0.6266007721424103,128,-0.23294519633054733,128
clean,63,12,4,0.25146421790122986,128,6.518826007843018,128,0.3621570020914078,128,0.47472038865089417,128,0.5252796113491058,128,0.1602589190006256,128,-0.25249817967414856,128,0.8981907069683075,128,2.0,128,1.0,128,0.0,128,18.0,128,0.4540156126022339,128,-1.6001933217048645,128,-0.7179492712020874,128
clean,63,12,5,0.2906018793582916,128,8.42731237411499,128,0.4681840240955353,128,0.3173394650220871,128,0.6826605498790741,128,0.27068184316158295,128,-0.0951172411441803,128,0.9776042103767395,128,1.0,128,1.0,128,0.0,128,18.0,128,0.4028601497411728,128,-1.3257196545600891,128,-0.5937241613864899,128
clean,63,12,6,0.20408297330141068,128,4.532646656036377,128,0.25181370973587036,128,0.6560040712356567,128,0.34399592876434326,128,0.08514231070876122,128,-0.43378186225891113,128,0.7529275119304657,128,1.0,128,1.0,128,0.0,128,18.0,128,0.5818953812122345,128,-1.741377592086792,128,-0.7642145454883575,128
clean,63,12,7,0.16674314439296722,128,3.498911142349243,128,0.19438395649194717,128,0.7750030159950256,128,0.22499699145555496,128,0.06290089339017868,128,-0.5527807772159576,128,0.6316949129104614,128,1.0,128,1.0,128,0.0,128,18.0,128,0.4800354689359665,128,-1.8114038109779358,128,-0.634754091501236,128
clean,63,12,8,0.33411794900894165,128,5.231069326400757,128,0.2906149625778198,128,0.5756389200687408,128,0.42436109483242035,128,0.10741009563207626,128,-0.35341669619083405,128,0.7288540601730347,128,1.0,128,1.0,128,0.0,128,9.0,128,0.44335006177425385,128,-1.4677289724349976,128,-0.5633207559585571,128
clean,63,12,9,0.24519429355859756,128,5.374658823013306,128,0.2985921651124954,128,0.6299647390842438,128,0.37003521621227264,128,0.13798338919878006,128,-0.40774257481098175,128,0.8075560331344604,128,1.0,128,1.0,128,0.0,128,18.0,128,0.5205075740814209,128,-1.9547225832939148,128,-0.7065859138965607,128
clean,63,12,10,0.38744229078292847,128,7.90755295753479,128,0.4393084943294525,128,0.3940354883670807,128,0.6059644818305969,128,0.2478216513991356,128,-0.17181330919265747,128,0.7780412137508392,128,1.0,128,1.0,128,0.0,128,6.0,128,0.5210238099098206,128,-0.5706461369991302,128,-0.24283771961927414,128
clean,63,12,11,0.19829126447439194,128,4.734084844589233,128,0.26300472021102905,128,0.6727448105812073,128,0.3272552043199539,128,0.11506671458482742,128,-0.4505225867033005,128,0.7571063935756683,128,1.0,128,1.0,128,0.0,128,18.0,128,0.5505009889602661,128,-1.7975294589996338,128,-0.6320003569126129,128
clean,63,13,0,0.33195559680461884,128,6.920877933502197,128,0.38449321687221527,128,0.43820488452911377,128,0.5617951154708862,128,0.2144223228096962,128,-0.21598267555236816,128,0.8697892725467682,128,2.0,128,1.0,128,0.0,128,18.0,128,0.5374800562858582,128,-1.2634618282318115,128,-0.39530014991760254,128
clean,63,13,1,0.3238234966993332,128,6.555361270904541,128,0.36418673396110535,128,0.4835537374019623,128,0.5164462625980377,128,0.20986712723970413,128,-0.2613315284252167,128,0.834251195192337,128,2.0,128,1.0,128,0.0,128,18.0,128,0.42109672725200653,128,-1.3215678334236145,128,-0.4512462466955185,128
clean,63,13,2,0.21842798590660095,128,6.478819370269775,128,0.35993440449237823,128,0.48823514580726624,128,0.5117648243904114,128,0.17958761751651764,128,-0.266012966632843,128,0.8847017288208008,128,1.0,128,1.0,128,0.0,128,18.0,128,0.4392098933458328,128,-1.6903356909751892,128,-0.6812225580215454,128
clean,63,13,3,0.3176354914903641,128,8.113944053649902,128,0.4507746696472168,128,0.3421173095703125,128,0.6578826904296875,128,0.2732256203889847,128,-0.1198951005935669,128,0.9644752144813538,128,1.0,128,1.0,128,0.0,128,18.0,128,0.43152493238449097,128,-1.4569699168205261,128,-0.4247354120016098,128
clean,63,13,4,0.28764328360557556,128,7.102047920227051,128,0.39455822110176086,128,0.41693049669265747,128,0.5830695331096649,128,0.19064372032880783,128,-0.19470825791358948,128,0.9255566596984863,128,1.0,128,1.0,128,0.0,128,18.0,128,0.4174505025148392,128,-1.5659561157226562,128,-0.7576321363449097,128
clean,63,13,5,0.33203376829624176,128,6.077983617782593,128,0.33766575157642365,128,0.5199083089828491,128,0.4800917059183121,128,0.12839790433645248,128,-0.2976860851049423,128,0.8542518019676208,128,2.0,128,1.0,128,0.0,128,18.0,128,0.4143310636281967,128,-1.500922441482544,128,-0.6816148161888123,128
clean,63,13,6,0.3110913783311844,128,7.446129322052002,128,0.41367384791374207,128,0.40958578884601593,128,0.5904142260551453,128,0.21661150455474854,128,-0.18736356496810913,128,0.9380894899368286,128,1.0,128,1.0,128,0.0,128,18.0,128,0.43282826244831085,128,-1.5978039503097534,128,-0.6567494571208954,128
clean,63,13,7,0.2987944483757019,128,6.110564947128296,128,0.3394758403301239,128,0.5002573877573013,128,0.49974262714385986,128,0.11581546440720558,128,-0.27803516387939453,128,0.838149219751358,128,2.0,128,1.0,128,0.0,128,18.0,128,0.43053922057151794,128,-1.2833963632583618,128,-0.6775665879249573,128
clean,63,13,8,0.21426579356193542,128,5.169574737548828,128,0.28719860315322876,128,0.5963068008422852,128,0.40369316935539246,128,0.10052834451198578,128,-0.37408462166786194,128,0.8428935408592224,128,1.0,128,1.0,128,0.0,128,18.0,128,0.4809539318084717,128,-1.8980708122253418,128,-0.8734722435474396,128
clean,63,13,9,0.34159979224205017,128,6.532450914382935,128,0.36291393637657166,128,0.503340095281601,128,0.49665993452072144,128,0.1830591931939125,128,-0.28111785650253296,128,0.7953619956970215,128,2.0,128,1.0,128,0.0,128,18.0,128,0.48313233256340027,128,-1.2746548652648926,128,-0.4466966688632965,128
clean,63,13,10,0.2423044815659523,128,7.5305562019348145,128,0.4183642268180847,128,0.36863651871681213,128,0.6313634812831879,128,0.2109772488474846,128,-0.14641430974006653,128,0.9410114884376526,128,2.0,128,1.0,128,0.0,128,18.0,128,0.3869861662387848,128,-1.163679838180542,128,-0.6425218880176544,128
clean,63,13,11,0.23680094629526138,128,6.861255407333374,128,0.38118085265159607,128,0.5380535423755646,128,0.4619464874267578,128,0.2644173502922058,128,-0.3158313035964966,128,0.8429499268531799,128,1.0,128,1.0,128,0.0,128,18.0,128,0.6145530939102173,128,-1.5196567177772522,128,-0.26887528598308563,128
clean,63,14,0,0.3403269052505493,128,5.617040634155273,128,0.31205780804157257,128,0.6113741099834442,128,0.3886258900165558,128,0.17590605467557907,128,-0.3891519010066986,128,0.7755925953388214,128,1.0,128,1.0,128,0.0,128,18.0,128,0.5263519585132599,128,-1.6511836051940918,128,-0.5132290422916412,128
clean,63,14,1,0.2701491713523865,128,6.635647773742676,128,0.36864709854125977,128,0.4526836574077606,128,0.5473163425922394,128,0.14845426380634308,128,-0.23046144843101501,128,0.8626288175582886,128,3.0,128,1.0,128,0.0,128,18.0,128,0.4124092757701874,128,-1.3144009113311768,128,-0.6750728487968445,128
clean,63,14,2,0.3893929570913315,128,6.27802300453186,128,0.3487790524959564,128,0.47823046147823334,128,0.5217695236206055,128,0.15327703952789307,128,-0.2560082674026489,128,0.882150262594223,128,1.0,128,1.0,128,0.0,128,18.0,128,0.4581105560064316,128,-1.578279972076416,128,-0.709630697965622,128
clean,63,14,3,0.2551090121269226,128,5.6544177532196045,128,0.31413431465625763,128,0.5775392353534698,128,0.42246079444885254,128,0.1471378058195114,128,-0.35531699657440186,128,0.8174702525138855,128,1.0,128,1.0,128,0.0,128,18.0,128,0.41438859701156616,128,-1.7530936002731323,128,-0.5959005057811737,128
clean,63,14,4,0.43620842695236206,128,6.689572811126709,128,0.37164294719696045,128,0.5425940752029419,128,0.4574059247970581,128,0.24838166683912277,128,-0.3203718662261963,128,0.7608043551445007,128,1.0,128,1.0,128,0.0,128,18.0,128,0.5990147590637207,128,-1.3033936023712158,128,-0.27710242569446564,128
clean,63,14,5,0.34544844925403595,128,5.982994318008423,128,0.33238857984542847,128,0.5253586173057556,128,0.4746413975954056,128,0.15629060566425323,128,-0.3031363934278488,128,0.7191822230815887,128,1.0,128,1.0,128,0.0,128,6.0,128,0.47042228281497955,128,-1.0143547058105469,128,-0.3418014496564865,128
clean,63,14,6,0.29176922142505646,128,7.3356146812438965,128,0.4075341373682022,128,0.3969268798828125,128,0.6030731201171875,128,0.22544294595718384,128,-0.1747046709060669,128,0.9463915228843689,128,1.0,128,1.0,128,0.0,128,18.0,128,0.4307582527399063,128,-1.6492910981178284,128,-0.6337049305438995,128
clean,63,14,7,0.24374014884233475,128,6.096928834915161,128,0.3387182652950287,128,0.5080630481243134,128,0.49193692207336426,128,0.14725977182388306,128,-0.28584086894989014,128,0.8906081914901733,128,1.0,128,1.0,128,0.0,128,18.0,128,0.46348996460437775,128,-1.8329407572746277,128,-0.8251849710941315,128
clean,63,14,8,0.24732378125190735,128,4.8459062576293945,128,0.26921701431274414,128,0.6519367098808289,128,0.34806329011917114,128,0.12212305888533592,128,-0.42971450090408325,128,0.7144382894039154,128,1.0,128,1.0,128,0.0,128,18.0,128,0.514870285987854,128,-1.47820645570755,128,-0.5443120300769806,128
clean,63,14,9,0.28778500854969025,128,7.994606256484985,128,0.4441447854042053,128,0.3691816031932831,128,0.6308183968067169,128,0.2590637058019638,128,-0.14695939421653748,128,0.9526093006134033,128,1.0,128,1.0,128,0.0,128,18.0,128,0.46467354893684387,128,-1.4127588868141174,128,-0.5128798484802246,128
clean,63,14,10,0.22776523977518082,128,5.171676158905029,128,0.28731533885002136,128,0.6301411986351013,128,0.3698587864637375,128,0.12570622190833092,128,-0.4079190045595169,128,0.7851976454257965,128,1.0,128,1.0,128,0.0,128,18.0,128,0.42587265372276306,128,-1.68680739402771,128,-0.6006629765033722,128
clean,63,14,11,0.341044083237648,128,8.426371097564697,128,0.46813173592090607,128,0.3453183174133301,128,0.6546817421913147,128,0.2600368559360504,128,-0.1230960488319397,128,0.9410139620304108,128,3.0,128,1.0,128,0.0,128,18.0,128,0.41635772585868835,128,-1.16871976852417,128,-0.4630895107984543,128
clean,63,15,0,0.3007418364286423,128,7.2064666748046875,128,0.40035925805568695,128,0.3877592980861664,128,0.6122407019138336,128,0.19512027502059937,128,-0.16553708910942078,128,0.9452609717845917,128,1.0,128,1.0,128,0.0,128,18.0,128,0.4622766077518463,128,-1.5418123006820679,128,-0.749801516532898,128
clean,63,15,1,0.36814749240875244,128,6.424266576766968,128,0.35690370202064514,128,0.4526514559984207,128,0.5473485589027405,128,0.13434160500764847,128,-0.23042923212051392,128,0.8758118748664856,128,2.0,128,1.0,128,0.0,128,18.0,128,0.43521417677402496,128,-1.3821833729743958,128,-0.7514423429965973,128
clean,63,15,2,0.3616945445537567,128,6.379933834075928,128,0.35444076359272003,128,0.5007998049259186,128,0.4992002248764038,128,0.12887384742498398,128,-0.2785775661468506,128,0.835789829492569,128,2.0,128,1.0,128,0.0,128,18.0,128,0.44069209694862366,128,-1.3174998760223389,128,-0.6344996094703674,128
clean,63,15,3,0.2733036279678345,128,6.7340006828308105,128,0.3741111606359482,128,0.47393280267715454,128,0.5260672271251678,128,0.17000812292099,128,-0.25171056389808655,128,0.9020693600177765,128,1.0,128,1.0,128,0.0,128,18.0,128,0.4575788229703903,128,-1.6023359894752502,128,-0.7123885154724121,128
clean,63,15,4,0.4373205751180649,128,7.076193332672119,128,0.3931218534708023,128,0.4137106239795685,128,0.5862893164157867,128,0.1992698758840561,128,-0.19148847460746765,128,0.8838007748126984,128,3.0,128,1.0,128,0.0,128,18.0,128,0.4372977167367935,128,-1.2959824800491333,128,-0.5984204709529877,128
clean,63,15,5,0.30294542014598846,128,6.180118083953857,128,0.3433399051427841,128,0.4941892772912979,128,0.5058107078075409,128,0.14816848933696747,128,-0.2719670832157135,128,0.8928419053554535,128,1.0,128,1.0,128,0.0,128,18.0,128,0.44967736303806305,128,-1.6990661025047302,128,-0.7953642010688782,128
clean,63,15,6,0.3169991970062256,128,6.858221769332886,128,0.38101232051849365,128,0.4544171541929245,128,0.5455828309059143,128,0.1772182658314705,128,-0.2321949601173401,128,0.9212389290332794,128,1.0,128,1.0,128,0.0,128,18.0,128,0.44249436259269714,128,-1.6583040952682495,128,-0.7932378351688385,128
clean,63,15,7,0.2772704213857651,128,6.757727861404419,128,0.37542933225631714,128,0.42690129578113556,128,0.573098748922348,128,0.15743739902973175,128,-0.20467904210090637,128,0.8839676082134247,128,2.0,128,1.0,128,0.0,128,18.0,128,0.45262376964092255,128,-1.3090943694114685,128,-0.6815418303012848,128
clean,63,15,8,0.35452893376350403,128,8.013388633728027,128,0.4451882690191269,128,0.39907798171043396,128,0.600922018289566,128,0.2906714677810669,128,-0.17685577273368835,128,0.8436993658542633,128,1.0,128,1.0,128,0.0,128,18.0,128,0.5089336931705475,128,-0.8909957408905029,128,-0.23301611840724945,128
clean,63,15,9,0.5080228447914124,128,8.439036846160889,128,0.46883538365364075,128,0.3390854150056839,128,0.6609145998954773,128,0.28046952188014984,128,-0.1168631911277771,128,0.943845272064209,128,3.0,128,1.0,128,0.0,128,18.0,128,0.4126339554786682,128,-1.211609423160553,128,-0.38155487179756165,128
clean,63,15,10,0.29744960367679596,128,6.6945672035217285,128,0.3719204068183899,128,0.44762255251407623,128,0.5523774325847626,128,0.17550158500671387,128,-0.22540035843849182,128,0.9248810708522797,128,1.0,128,1.0,128,0.0,128,18.0,128,0.5346481800079346,128,-1.7726500034332275,128,-0.8437930047512054,128
clean,63,15,11,0.2526465207338333,128,4.727081775665283,128,0.2626156657934189,128,0.6717977821826935,128,0.3282022178173065,128,0.1080196462571621,128,-0.4495755732059479,128,0.7982959747314453,128,1.0,128,1.0,128,0.0,128,18.0,128,0.595047801733017,128,-2.030129909515381,128,-0.7564724385738373,128
clean,63,16,0,0.2846544086933136,128,5.45072340965271,128,0.3028179705142975,128,0.5926534831523895,128,0.4073465168476105,128,0.10432063043117523,128,-0.3704312741756439,128,0.7574694156646729,128,1.0,128,1.0,128,0.0,128,18.0,128,0.49406832456588745,128,-1.560451865196228,128,-0.612187534570694,128
clean,63,16,1,0.27032847702503204,128,5.573148965835571,128,0.30961938202381134,128,0.551304280757904,128,0.44869574904441833,128,0.12054931744933128,128,-0.32908204197883606,128,0.8688090741634369,128,1.0,128,1.0,128,0.0,128,18.0,128,0.45840251445770264,128,-1.8049244284629822,128,-0.8423831760883331,128
clean,63,16,2,0.1966840922832489,128,2.6997112035751343,128,0.1499839574098587,128,0.870788186788559,128,0.12921182066202164,128,0.05007874220609665,128,-0.6485659778118134,128,0.49462851881980896,128,1.0,128,1.0,128,0.0,128,18.0,128,0.5658924281597137,128,-1.797297716140747,128,-0.498741015791893,128
clean,63,16,3,0.32651834189891815,128,7.967710018157959,128,0.44265055656433105,128,0.3631911277770996,128,0.6368088722229004,128,0.24791334569454193,128,-0.140968918800354,128,0.953965961933136,128,1.0,128,1.0,128,0.0,128,9.0,128,0.38531868159770966,128,-1.3742905855178833,128,-0.5321236848831177,128
clean,63,16,4,0.29585522413253784,128,6.103241682052612,128,0.3390689790248871,128,0.5255460441112518,128,0.47445395588874817,128,0.1685994416475296,128,-0.3033238351345062,128,0.8783009052276611,128,1.0,128,1.0,128,0.0,128,18.0,128,0.5189506411552429,128,-1.8161792159080505,128,-0.714058518409729,128
clean,63,16,5,0.20203644037246704,128,5.3131043910980225,128,0.29517245292663574,128,0.612008273601532,128,0.38799169659614563,128,0.12415607646107674,128,-0.38978609442710876,128,0.8416224122047424,128,1.0,128,1.0,128,0.0,128,18.0,128,0.5368151366710663,128,-1.966503381729126,128,-0.7961893379688263,128
clean,63,16,6,0.2738708555698395,128,6.005096912384033,128,0.3336164951324463,128,0.5610648989677429,128,0.4389351010322571,128,0.18265310674905777,128,-0.3388426899909973,128,0.8003242611885071,128,1.0,128,1.0,128,0.0,128,18.0,128,0.5253894329071045,128,-1.5247130393981934,128,-0.4676009565591812,128
clean,63,16,7,0.34717777371406555,128,7.59330940246582,128,0.4218505173921585,128,0.39908285439014435,128,0.6009171605110168,128,0.2431529462337494,128,-0.17686063051223755,128,0.9213476181030273,128,2.0,128,1.0,128,0.0,128,18.0,128,0.4401289224624634,128,-1.2699497938156128,128,-0.4982573390007019,128
clean,63,16,8,0.26168274879455566,128,4.854222774505615,128,0.2696790397167206,128,0.6385144293308258,128,0.3614856004714966,128,0.11117415875196457,128,-0.4162921905517578,128,0.8100360035896301,128,1.0,128,1.0,128,0.0,128,18.0,128,0.5710022151470184,128,-1.97020423412323,128,-0.8095715045928955,128
clean,63,16,9,0.19436992704868317,128,3.131994843482971,128,0.17399971187114716,128,0.8347207605838776,128,0.16527922451496124,128,0.05678316205739975,128,-0.612498551607132,128,0.5778674781322479,128,1.0,128,1.0,128,0.0,128,18.0,128,0.5232425928115845,128,-2.0051307678222656,128,-0.6791733801364899,128
clean,63,16,10,0.31024540960788727,128,6.419701099395752,128,0.35665005445480347,128,0.4884691834449768,128,0.5115307867527008,128,0.15138160437345505,128,-0.2662470042705536,128,0.8832157254219055,128,2.0,128,1.0,128,0.0,128,18.0,128,0.44198742508888245,128,-1.5720866918563843,128,-0.730315238237381,128
clean,63,16,11,0.4368400424718857,128,7.801827669143677,128,0.4334348738193512,128,0.36993397772312164,128,0.6300660073757172,128,0.22585374116897583,128,-0.14771178364753723,128,0.9428718388080597,128,1.0,128,1.0,128,0.0,128,18.0,128,0.37300869822502136,128,-1.1949343085289001,128,-0.5621653497219086,128
clean,63,17,0,0.43966129422187805,128,5.468175411224365,128,0.3037875145673752,128,0.58897665143013,128,0.4110233634710312,128,0.11505356058478355,128,-0.3667544275522232,128,0.792041540145874,128,1.0,128,1.0,128,0.0,128,18.0,128,0.44257132709026337,128,-1.5541704893112183,128,-0.6815166473388672,128
clean,63,17,1,0.32976457476615906,128,7.592062711715698,128,0.4217812567949295,128,0.4157593697309494,128,0.5842406749725342,128,0.24219446629285812,128,-0.19353711605072021,128,0.8393091261386871,128,1.0,128,1.0,128,0.0,128,7.5,128,0.5004213005304337,128,-1.0371661186218262,128,-0.30104678869247437,128
clean,63,17,2,0.34968218207359314,128,4.893660306930542,128,0.2718700170516968,128,0.6667180061340332,128,0.3332819789648056,128,0.1265932023525238,128,-0.4444958120584488,128,0.7231836318969727,128,1.0,128,1.0,128,0.0,128,18.0,128,0.5725417137145996,128,-1.5832886695861816,128,-0.5468846261501312,128
clean,63,17,3,0.23526747524738312,128,4.585283279418945,128,0.2547379583120346,128,0.683756411075592,128,0.3162435442209244,128,0.09358669444918633,128,-0.46153424680233,128,0.7472913563251495,128,1.0,128,1.0,128,0.0,128,18.0,128,0.5332822203636169,128,-1.8480137586593628,128,-0.6848866045475006,128
clean,63,17,4,0.3609599769115448,128,7.119721412658691,128,0.3955400884151459,128,0.4573414474725723,128,0.5426585674285889,128,0.2337084710597992,128,-0.23511922359466553,128,0.8987807929515839,128,1.0,128,1.0,128,0.0,128,18.0,128,0.5491966307163239,128,-1.5991237163543701,128,-0.45975741744041443,128
clean,63,17,5,0.3020797669887543,128,5.797753095626831,128,0.32209739089012146,128,0.5788710713386536,128,0.42112891376018524,128,0.1564377024769783,128,-0.35664887726306915,128,0.7825529277324677,128,1.0,128,1.0,128,0.0,128,18.0,128,0.445391446352005,128,-1.52621191740036,128,-0.47278992831707,128
clean,63,17,6,0.42485110461711884,128,5.719407320022583,128,0.3177448511123657,128,0.5583082437515259,128,0.4416917562484741,128,0.14016586542129517,128,-0.3360860347747803,128,0.8439637720584869,128,1.0,128,1.0,128,0.0,128,18.0,128,0.5219395458698273,128,-1.7386857867240906,128,-0.7059485018253326,128
clean,63,17,7,0.30276238918304443,128,5.783772230148315,128,0.32132068276405334,128,0.5641134977340698,128,0.435886487364769,128,0.16698520630598068,128,-0.3418913036584854,128,0.7793258726596832,128,1.0,128,1.0,128,0.0,128,18.0,128,0.48067334294319153,128,-1.7383775115013123,128,-0.5895264744758606,128
clean,63,17,8,0.24659188836812973,128,5.5143141746521,128,0.30635078251361847,128,0.5929847061634064,128,0.407015323638916,128,0.1548060029745102,128,-0.3707624673843384,128,0.7840127646923065,128,1.0,128,1.0,128,0.0,128,18.0,128,0.6108765602111816,128,-1.7096346616744995,128,-0.5774891674518585,128
clean,63,17,9,0.2540765851736069,128,5.054771661758423,128,0.28082065284252167,128,0.6108759641647339,128,0.3891240209341049,128,0.10643140599131584,128,-0.3886537700891495,128,0.7681699693202972,128,1.0,128,1.0,128,0.0,128,18.0,128,0.49868759512901306,128,-1.556928277015686,128,-0.6645579636096954,128
clean,63,17,10,0.2604636400938034,128,5.040859222412109,128,0.2800477296113968,128,0.6340861022472382,128,0.36591389775276184,128,0.12143771722912788,128,-0.41186389327049255,128,0.7832500636577606,128,1.0,128,1.0,128,0.0,128,18.0,128,0.4499205946922302,128,-1.7277063727378845,128,-0.633038341999054,128
clean,63,17,11,0.3093535602092743,128,5.719335317611694,128,0.31774085760116577,128,0.5578204393386841,128,0.44217951595783234,128,0.1433737725019455,128,-0.33559827506542206,128,0.8553831577301025,128,1.0,128,1.0,128,0.0,128,18.0,128,0.5172964036464691,128,-1.7981730699539185,128,-0.6858289241790771,128
clean,63,18,0,0.36596596240997314,128,6.92474365234375,128,0.384707972407341,128,0.4699822813272476,128,0.5300177037715912,128,0.20923710614442825,128,-0.2477600872516632,128,0.8994246423244476,128,1.0,128,1.0,128,0.0,128,18.0,128,0.5201136469841003,128,-1.5347318053245544,128,-0.5851286351680756,128
clean,63,18,1,0.3814631998538971,128,4.5325281620025635,128,0.2518071159720421,128,0.6908228695392609,128,0.3091771602630615,128,0.07978511229157448,128,-0.46860063076019287,128,0.7082330286502838,128,1.0,128,1.0,128,0.0,128,18.0,128,0.5584345161914825,128,-1.6618235111236572,128,-0.7475159466266632,128
clean,63,18,2,0.41558048129081726,128,4.921640157699585,128,0.2734244465827942,128,0.6542953252792358,128,0.34570470452308655,128,0.1096084900200367,128,-0.43207308650016785,128,0.7165912985801697,128,1.0,128,1.0,128,0.0,128,18.0,128,0.5143248438835144,128,-1.5766629576683044,128,-0.6336873173713684,128
clean,63,18,3,0.4932858496904373,128,4.681299448013306,128,0.26007218658924103,128,0.6473259925842285,128,0.3526739776134491,128,0.08562243729829788,128,-0.4251038134098053,128,0.7357411980628967,128,1.0,128,1.0,128,0.0,128,18.0,128,0.5228100121021271,128,-1.5117560029029846,128,-0.6669236719608307,128
clean,63,18,4,0.2705434262752533,128,5.080569744110107,128,0.2822538763284683,128,0.6092666387557983,128,0.39073340594768524,128,0.10936256498098373,128,-0.38704438507556915,128,0.7710869908332825,128,2.0,128,1.0,128,0.0,128,18.0,128,0.3944529592990875,128,-1.5404773354530334,128,-0.607140302658081,128
clean,63,18,5,0.4311472028493881,128,5.105357646942139,128,0.28363098204135895,128,0.6279945969581604,128,0.372005432844162,128,0.1242612674832344,128,-0.4057723581790924,128,0.769569605588913,128,1.0,128,1.0,128,0.0,128,18.0,128,0.5436677932739258,128,-1.6308543682098389,128,-0.6594990193843842,128
clean,63,18,6,0.5865826904773712,128,5.818959474563599,128,0.32327552139759064,128,0.5360484421253204,128,0.46395154297351837,128,0.17680785059928894,128,-0.313826248049736,128,0.7654910087585449,128,2.0,128,1.0,128,0.0,128,18.0,128,0.5228943824768066,128,-1.4115563035011292,128,-0.47646522521972656,128
clean,63,18,7,0.5879764258861542,128,5.255511045455933,128,0.2919728308916092,128,0.598635733127594,128,0.401364266872406,128,0.09018734470009804,128,-0.3764135241508484,128,0.7724886536598206,128,1.0,128,1.0,128,0.0,128,18.0,128,0.5504932403564453,128,-1.46287602186203,128,-0.7080557346343994,128
clean,63,18,8,0.4346104562282562,128,5.228357315063477,128,0.29046428203582764,128,0.6194533407688141,128,0.3805466741323471,128,0.13395683467388153,128,-0.3972311168909073,128,0.7542189359664917,128,2.0,128,1.0,128,0.0,128,18.0,128,0.5087792873382568,128,-1.5717352628707886,128,-0.5743139684200287,128
clean,63,18,9,0.33525945246219635,128,7.936767578125,128,0.4409315288066864,128,0.3656006157398224,128,0.6343993544578552,128,0.2589403986930847,128,-0.14337843656539917,128,0.96036496758461,128,1.0,128,1.0,128,0.0,128,18.0,128,0.528220921754837,128,-1.5191110968589783,128,-0.5906871557235718,128
clean,63,18,10,0.382210835814476,128,5.982695817947388,128,0.3323719799518585,128,0.5147582292556763,128,0.48524174094200134,128,0.16776713728904724,128,-0.29253605008125305,128,0.7728755176067352,128,1.0,128,1.0,128,0.0,128,18.0,128,0.5274010896682739,128,-1.3779571056365967,128,-0.5166344046592712,128
clean,63,18,11,0.41957783699035645,128,5.140394926071167,128,0.2855774909257889,128,0.5936451554298401,128,0.4063548445701599,128,0.12202954664826393,128,-0.3714229464530945,128,0.7640125751495361,128,1.0,128,1.0,128,0.0,128,18.0,128,0.47969822585582733,128,-1.5260735750198364,128,-0.634440690279007,128
clean,63,19,0,0.3520223945379257,128,8.48267412185669,128,0.471259668469429,128,0.3431226313114166,128,0.6568774282932281,128,0.2819378226995468,128,-0.12090036273002625,128,0.9525377750396729,128,1.0,128,1.0,128,0.0,128,18.0,128,0.4231375753879547,128,-1.1805443167686462,128,-0.40566496551036835,128
clean,63,19,1,0.2555432766675949,128,6.450953722000122,128,0.3583863079547882,128,0.48113323748111725,128,0.5188668072223663,128,0.15457746386528015,128,-0.25891098380088806,128,0.8482431471347809,128,1.0,128,1.0,128,0.0,128,18.0,128,0.4045071601867676,128,-1.3133675456047058,128,-0.6075299084186554,128
clean,63,19,2,0.33752216398715973,128,7.051476001739502,128,0.39174866676330566,128,0.45528292655944824,128,0.544717013835907,128,0.21062128990888596,128,-0.2330607771873474,128,0.8169940710067749,128,1.0,128,0.2777777910232544,128,0.1764705926179886,128,9.0,128,0.4778723865747452,128,-1.1666594743728638,128,-0.36124344170093536,128
clean,63,19,3,0.39423714578151703,128,6.238274812698364,128,0.34657081961631775,128,0.5107389390468597,128,0.48926104605197906,128,0.16568464785814285,128,-0.28851674497127533,128,0.7994250655174255,128,2.0,128,1.0,128,0.0,128,18.0,128,0.49120885133743286,128,-1.3561919927597046,128,-0.4868061989545822,128
clean,63,19,4,0.26154911518096924,128,5.69398832321167,128,0.316332682967186,128,0.6222520172595978,128,0.37774795293807983,128,0.20295833051204681,128,-0.40002983808517456,128,0.7616231143474579,128,1.0,128,1.0,128,0.0,128,18.0,128,0.7549653947353363,128,-1.750653862953186,128,-0.43745115399360657,128
clean,63,19,5,0.21381764858961105,128,5.448326826095581,128,0.30268481373786926,128,0.5510801076889038,128,0.448919877409935,128,0.10113721340894699,128,-0.3288579136133194,128,0.860877513885498,128,1.0,128,1.0,128,0.0,128,18.0,128,0.5219175815582275,128,-1.770533263683319,128,-0.8860121965408325,128
clean,63,19,6,0.3178606331348419,128,6.156634092330933,128,0.3420352190732956,128,0.518532931804657,128,0.481467068195343,128,0.15256043523550034,128,-0.2963107228279114,128,0.8859815299510956,128,1.0,128,1.0,128,0.0,128,18.0,128,0.5887614190578461,128,-1.8737941980361938,128,-0.8163982629776001,128
clean,63,19,7,0.3458172380924225,128,6.578747510910034,128,0.3654859811067581,128,0.5068738162517548,128,0.49312619864940643,128,0.19768207520246506,128,-0.28465159237384796,128,0.8654667735099792,128,1.0,128,1.0,128,0.0,128,18.0,128,0.4691001921892166,128,-1.6197198033332825,128,-0.5287732481956482,128
clean,63,19,8,0.29325994849205017,128,7.947605133056641,128,0.441533625125885,128,0.3318023532629013,128,0.6681976318359375,128,0.2402307316660881,128,-0.1095801591873169,128,0.9799487888813019,128,1.0,128,1.0,128,0.0,128,18.0,128,0.44363102316856384,128,-1.6598138213157654,128,-0.8319532573223114,128
clean,63,19,9,0.2755718231201172,128,5.708639144897461,128,0.3171466141939163,128,0.5322175323963165,128,0.46778249740600586,128,0.1398327723145485,128,-0.30999529361724854,128,0.8557021617889404,128,1.0,128,1.0,128,0.0,128,18.0,128,0.5202652513980865,128,-1.6866880655288696,128,-0.7469169497489929,128
clean,63,19,10,0.3563716411590576,128,9.802208423614502,128,0.5445671379566193,128,0.21218422800302505,128,0.7878157198429108,128,0.32483915984630585,128,0.010037928819656372,128,0.7987864017486572,128,11.0,128,0.9444444179534912,128,0.11764705926179886,128,6.0,128,0.7075752317905426,128,-0.2890061140060425,128,-0.09118238091468811,128
clean,63,19,11,0.2624268978834152,128,4.663556098937988,128,0.2590864598751068,128,0.654364287853241,128,0.34563571214675903,128,0.09114127978682518,128,-0.43214207887649536,128,0.7510064542293549,128,1.0,128,1.0,128,0.0,128,18.0,128,0.4631771296262741,128,-1.6591391563415527,128,-0.6650410592556,128
clean,63,20,0,0.26248814165592194,128,6.2063212394714355,128,0.3447956293821335,128,0.5440438389778137,128,0.45595619082450867,128,0.16982218623161316,128,-0.3218216001987457,128,0.8562922179698944,128,1.0,128,1.0,128,0.0,128,18.0,128,0.4918540120124817,128,-1.8164621591567993,128,-0.6806794106960297,128
clean,63,20,1,0.5355298221111298,128,11.587009906768799,128,0.6437227725982666,128,0.08787360042333603,128,0.9121263921260834,128,0.44660569727420807,128,0.13434860110282898,128,0.7218745052814484,128,18.0,128,1.0,128,0.0,128,6.0,128,0.8865036964416504,128,0.19295690953731537,128,0.02684810385107994,128
clean,63,20,2,0.40707799792289734,128,11.573463439941406,128,0.6429702043533325,128,0.046897949650883675,128,0.9531021118164062,128,0.4003250449895859,128,0.17532432079315186,128,0.6579891741275787,128,18.0,128,1.0,128,0.0,128,6.0,128,0.8838545978069305,128,0.21329768747091293,128,-0.017230182886123657,128
clean,63,20,3,0.6092616319656372,128,12.748183250427246,128,0.7082324028015137,128,0.09893137961626053,128,0.9010687172412872,128,0.49351221323013306,128,0.12329092621803284,128,0.6322294473648071,128,18.0,128,1.0,128,0.0,128,6.0,128,0.8438776433467865,128,0.10333497077226639,128,0.0693073533475399,128
clean,63,20,4,0.2855350226163864,128,5.298530578613281,128,0.2943628132343292,128,0.5924089252948761,128,0.4075910300016403,128,0.13850601762533188,128,-0.3701867610216141,128,0.7445372343063354,128,1.0,128,1.0,128,0.0,128,18.0,128,0.4546504020690918,128,-1.5033296942710876,128,-0.5668061971664429,128
clean,63,20,5,0.6381218433380127,128,12.92635726928711,128,0.7181309461593628,128,0.03153964877128601,128,0.968460351228714,128,0.5215596854686737,128,0.1906825602054596,128,0.5950506329536438,128,18.0,128,1.0,128,0.0,128,6.0,128,0.9267382323741913,128,0.28935933113098145,128,0.09163698926568031,128
clean,63,20,6,0.19378693401813507,128,4.923982858657837,128,0.27355460822582245,128,0.6346340477466583,128,0.3653659373521805,128,0.11055726185441017,128,-0.4124118536710739,128,0.7816316187381744,128,1.0,128,1.0,128,0.0,128,18.0,128,0.5866059958934784,128,-1.7601620554924011,128,-0.7790587544441223,128
clean,63,20,7,0.6584410667419434,128,16.426271438598633,128,0.9125706255435944,128,0.004220912465825677,128,0.9957790076732635,128,0.8489375114440918,128,0.21800121665000916,128,0.4316205531358719,128,18.0,128,1.0,128,0.0,128,6.0,128,0.6154395937919617,128,1.119577705860138,128,0.5787772834300995,128
clean,63,20,8,0.5288005173206329,128,7.916778564453125,128,0.4398210346698761,128,0.5124002993106842,128,0.4875997006893158,128,0.33356475830078125,128,-0.2901780903339386,128,0.5730945467948914,128,1.0,128,1.0,128,0.0,128,6.0,128,0.5212910771369934,128,-0.626163899898529,128,0.015938566997647285,128
clean,63,20,9,0.35622571408748627,128,10.649115562438965,128,0.5916175246238708,128,0.1861286535859108,128,0.8138713538646698,128,0.40315963327884674,128,0.036093562841415405,128,0.8448242843151093,128,18.0,128,1.0,128,0.0,128,6.0,128,0.7890734076499939,128,-0.09122743085026741,128,0.01396937109529972,128
clean,63,20,10,0.2566896975040436,128,5.966859579086304,128,0.33149220049381256,128,0.5351980626583099,128,0.4648019075393677,128,0.16882267594337463,128,-0.3129758834838867,128,0.858927994966507,128,1.0,128,1.0,128,0.0,128,18.0,128,0.5928922891616821,128,-1.7442657351493835,128,-0.6828738152980804,128
clean,63,20,11,0.3404863774776459,128,5.157079219818115,128,0.286504402756691,128,0.6329105198383331,128,0.3670894652605057,128,0.1430208906531334,128,-0.4106883257627487,128,0.6934750080108643,128,1.0,128,1.0,128,0.0,128,9.0,128,0.46446649730205536,128,-1.24477881193161,128,-0.3684808164834976,128
clean,63,21,0,0.37540431320667267,128,5.860487461090088,128,0.3255826383829117,128,0.49393513798713684,128,0.5060648620128632,128,0.1590600460767746,128,-0.27171292901039124,128,0.6851173639297485,128,1.0,128,1.0,128,0.0,128,6.0,128,0.5103128552436829,128,-0.9730948507785797,128,-0.3161567598581314,128
clean,63,21,1,0.3745991438627243,128,5.668681859970093,128,0.31492675840854645,128,0.5696694850921631,128,0.4303304851055145,128,0.1436331570148468,128,-0.34744730591773987,128,0.8281639516353607,128,1.0,128,1.0,128,0.0,128,18.0,128,0.5218240320682526,128,-1.6802749037742615,128,-0.7080476582050323,128
clean,63,21,2,0.28010495007038116,128,5.758130311965942,128,0.3198961317539215,128,0.5875965356826782,128,0.4124034643173218,128,0.17576856166124344,128,-0.3653743267059326,128,0.7852562069892883,128,1.0,128,1.0,128,0.0,128,18.0,128,0.7146746218204498,128,-1.6537069082260132,128,-0.5875323414802551,128
clean,63,21,3,0.7020137310028076,128,14.726691246032715,128,0.8181495070457458,128,0.04533943347632885,128,0.954660564661026,128,0.7175732254981995,128,0.1768827736377716,128,0.5006720721721649,128,18.0,128,1.0,128,0.0,128,6.0,128,0.8655640780925751,128,0.21839089691638947,128,0.11153597012162209,128
clean,63,21,4,0.48615114390850067,128,6.587871074676514,128,0.36599284410476685,128,0.49570052325725555,128,0.5042994618415833,128,0.19939040392637253,128,-0.27347832918167114,128,0.8697687089443207,128,1.0,128,1.0,128,0.0,128,18.0,128,0.5734524428844452,128,-1.5599756240844727,128,-0.5761827826499939,128
clean,63,21,5,0.36401166021823883,128,9.050851345062256,128,0.5028250813484192,128,0.2408190295100212,128,0.7591809630393982,128,0.28167684376239777,128,-0.0185968279838562,128,0.9233151376247406,128,6.0,128,1.0,128,0.0,128,6.0,128,0.6329411864280701,128,-0.29433473944664,128,-0.1733706146478653,128
clean,63,21,6,0.29594680666923523,128,5.94399356842041,128,0.33022186160087585,128,0.5339711010456085,128,0.4660288393497467,128,0.15520122647285461,128,-0.3117489516735077,128,0.8735289871692657,128,1.0,128,1.0,128,0.0,128,18.0,128,0.5313922166824341,128,-1.634775459766388,128,-0.6510816812515259,128
clean,63,21,7,0.30166254937648773,128,6.064783811569214,128,0.336932435631752,128,0.5078197419643402,128,0.4921802878379822,128,0.155603289604187,128,-0.2855975031852722,128,0.8548081517219543,128,1.0,128,1.0,128,0.0,128,18.0,128,0.4630563408136368,128,-1.5210484266281128,128,-0.6302530169487,128
clean,63,21,8,0.27663928270339966,128,2.2486953735351562,128,0.12492752075195312,128,0.8907460272312164,128,0.10925399512052536,128,0.0317911971360445,128,-0.6685237884521484,128,0.42334553599357605,128,1.0,128,1.0,128,0.0,128,18.0,128,0.568800151348114,128,-1.630835473537445,128,-0.5798297226428986,128
clean,63,21,9,0.6268084347248077,128,12.38236379623413,128,0.6879090964794159,128,0.15175439417362213,128,0.8482456207275391,128,0.5430659353733063,128,0.07046782970428467,128,0.7728141844272614,128,17.0,128,1.0,128,0.0,128,6.0,128,0.7662893831729889,128,-0.07401515915989876,128,0.23412399739027023,128
clean,63,21,10,0.6326240599155426,128,11.643614292144775,128,0.6468674540519714,128,0.14010562747716904,128,0.8598943650722504,128,0.4701157212257385,128,0.08211657404899597,128,0.728147029876709,128,18.0,128,1.0,128,0.0,128,6.0,128,0.8037613928318024,128,0.07435115985572338,128,0.03411225788295269,128
clean,63,21,11,0.5565718412399292,128,15.68220567703247,128,0.8712336421012878,128,0.001953240658622235,128,0.9980468153953552,128,0.7607526481151581,128,0.22026902437210083,128,0.388020858168602,128,18.0,128,0.9444444179534912,128,0.11764705926179886,128,6.0,128,0.9373372495174408,128,0.7159245312213898,128,0.1816430389881134,128
clean,63,22,0,0.2722262591123581,128,5.199293613433838,128,0.2888496518135071,128,0.600067138671875,128,0.399932861328125,128,0.09864255040884018,128,-0.3778449296951294,128,0.8021716773509979,128,1.0,128,1.0,128,0.0,128,18.0,128,0.5153436362743378,128,-1.6253181099891663,128,-0.7249219417572021,128
clean,63,22,1,0.3164229393005371,128,5.365916728973389,128,0.29810649156570435,128,0.6064477860927582,128,0.3935522139072418,128,0.14044928550720215,128,-0.3842255771160126,128,0.7411546111106873,128,1.5,128,1.0,128,0.0,128,18.0,128,0.5462566912174225,128,-1.5418514013290405,128,-0.6062473058700562,128
clean,63,22,2,0.3090580850839615,128,6.056956052780151,128,0.33649756014347076,128,0.5133686363697052,128,0.486631378531456,128,0.15164370834827423,128,-0.2911464124917984,128,0.9010312855243683,128,1.0,128,1.0,128,0.0,128,18.0,128,0.5241051912307739,128,-1.91171795129776,128,-0.8590644299983978,128
clean,63,22,3,0.3456496000289917,128,4.623231887817383,128,0.25684621930122375,128,0.706378698348999,128,0.29362133145332336,128,0.1195657067000866,128,-0.48415645956993103,128,0.7332680821418762,128,1.0,128,1.0,128,0.0,128,18.0,128,0.5484521985054016,128,-1.7981362342834473,128,-0.6791900396347046,128
clean,63,22,4,0.3472707271575928,128,7.019131898880005,128,0.38995176553726196,128,0.44437676668167114,128,0.5556232631206512,128,0.20396801829338074,128,-0.22215452790260315,128,0.8326079547405243,128,2.0,128,1.0,128,0.0,128,18.0,128,0.4836117774248123,128,-1.222786545753479,128,-0.44120150804519653,128
clean,63,22,5,0.45615458488464355,128,6.3342461585998535,128,0.3519025593996048,128,0.5250200033187866,128,0.4749799817800522,128,0.1865607276558876,128,-0.3027978092432022,128,0.8336604237556458,128,1.0,128,1.0,128,0.0,128,18.0,128,0.593146026134491,128,-1.4852190017700195,128,-0.5845022201538086,128
clean,63,22,6,0.4047098010778427,128,7.915244102478027,128,0.4397357851266861,128,0.4143829494714737,128,0.5856170654296875,128,0.2938734292984009,128,-0.1921607255935669,128,0.8828681111335754,128,2.0,128,1.0,128,0.0,128,18.0,128,0.6551165282726288,128,-1.3311508893966675,128,-0.3448130339384079,128
clean,63,22,7,0.4036460667848587,128,9.305267333984375,128,0.5169592797756195,128,0.2473149523139,128,0.7526850998401642,128,0.2758015841245651,128,-0.02509269118309021,128,0.8792808353900909,128,11.0,128,1.0,128,0.0,128,6.0,128,0.6271485686302185,128,-0.3652317523956299,128,-0.15050485730171204,128
clean,63,22,8,0.38483549654483795,128,4.199927568435669,128,0.23332931101322174,128,0.7013283967971802,128,0.29867157340049744,128,0.0715574249625206,128,-0.47910621762275696,128,0.7085939645767212,128,1.0,128,1.0,128,0.0,128,18.0,128,0.4482436925172806,128,-1.8307767510414124,128,-0.7768917083740234,128
clean,63,22,9,0.318160280585289,128,6.838133335113525,128,0.37989629805088043,128,0.4252690523862839,128,0.5747309923171997,128,0.18392208963632584,128,-0.2030467987060547,128,0.9327423572540283,128,1.0,128,1.0,128,0.0,128,18.0,128,0.5918052196502686,128,-1.664603590965271,128,-0.7835254371166229,128
clean,63,22,10,0.3702901303768158,128,6.386835098266602,128,0.35482417047023773,128,0.480147048830986,128,0.5198529660701752,128,0.15897439420223236,128,-0.2579248249530792,128,0.8232930898666382,128,2.0,128,1.0,128,0.0,128,18.0,128,0.45521804690361023,128,-1.3156513571739197,128,-0.5775404572486877,128
clean,63,22,11,0.4589081406593323,128,12.854172229766846,128,0.7141206860542297,128,0.03655915707349777,128,0.9634408354759216,128,0.49990755319595337,128,0.18566304445266724,128,0.6349777579307556,128,18.0,128,0.3888888955116272,128,0.29411765933036804,128,6.0,128,0.9078521728515625,128,0.4060010313987732,128,0.10588910803198814,128
clean,63,23,0,0.2502032369375229,128,5.553463459014893,128,0.3085257411003113,128,0.5784518718719482,128,0.42154814302921295,128,0.1396775096654892,128,-0.35622964799404144,128,0.8459940850734711,128,1.0,128,1.0,128,0.0,128,18.0,128,0.39587104320526123,128,-1.86282479763031,128,-0.7937372028827667,128
clean,63,23,1,0.3530515879392624,128,8.3260178565979,128,0.46255654096603394,128,0.34865114092826843,128,0.6513489186763763,128,0.25150877237319946,128,-0.12642887234687805,128,0.8504334390163422,128,1.0,128,0.8333333134651184,128,0.23529411852359772,128,6.0,128,0.5471101403236389,128,-0.8527317047119141,128,-0.24873535335063934,128
clean,63,23,2,0.3225707858800888,128,7.709261178970337,128,0.42829228937625885,128,0.34113945066928864,128,0.658860594034195,128,0.20941124856472015,128,-0.11891719698905945,128,0.9664536714553833,128,1.0,128,1.0,128,0.0,128,18.0,128,0.5340115129947662,128,-1.4057714939117432,128,-0.8111019432544708,128
clean,63,23,3,0.4113936722278595,128,4.729814052581787,128,0.2627674490213394,128,0.6544321775436401,128,0.34556783735752106,128,0.09877310693264008,128,-0.43220995366573334,128,0.7672721445560455,128,1.0,128,1.0,128,0.0,128,18.0,128,0.47062793374061584,128,-1.8163978457450867,128,-0.7662951350212097,128
clean,63,23,4,0.2662458121776581,128,5.1618030071258545,128,0.28676682710647583,128,0.5791012048721313,128,0.42089879512786865,128,0.09141523763537407,128,-0.35687899589538574,128,0.7401338815689087,128,1.0,128,1.0,128,0.0,128,18.0,128,0.4100838601589203,128,-1.5437867641448975,128,-0.6526496410369873,128
clean,63,23,5,0.4621047079563141,128,6.0545313358306885,128,0.3363628536462784,128,0.4930129647254944,128,0.5069870352745056,128,0.12012239173054695,128,-0.2707907557487488,128,0.8672154545783997,128,1.0,128,1.0,128,0.0,128,18.0,128,0.5182726681232452,128,-1.509765863418579,128,-0.7290044724941254,128
clean,63,23,6,0.296502485871315,128,4.340117692947388,128,0.24111764878034592,128,0.6907458305358887,128,0.3092541843652725,128,0.07627745345234871,128,-0.4685236066579819,128,0.6986918449401855,128,1.0,128,1.0,128,0.0,128,18.0,128,0.4730236530303955,128,-1.6126713156700134,128,-0.6451097130775452,128
clean,63,23,7,0.29258333146572113,128,8.57526969909668,128,0.4764038771390915,128,0.35366396605968475,128,0.6463360488414764,128,0.30645374953746796,128,-0.13144174218177795,128,0.8179037272930145,128,1.0,128,1.0,128,0.0,128,6.0,128,0.5376067757606506,128,-0.8416647613048553,128,-0.1973448544740677,128
clean,63,23,8,0.20285369455814362,128,4.153233766555786,128,0.23073521256446838,128,0.682523638010025,128,0.317476361989975,128,0.05069001764059067,128,-0.4603014290332794,128,0.7225843071937561,128,1.0,128,1.0,128,0.0,128,18.0,128,0.48854750394821167,128,-1.6913231015205383,128,-0.864743560552597,128
clean,63,23,9,0.5927627980709076,128,5.377134799957275,128,0.29872970283031464,128,0.5738825798034668,128,0.4261174350976944,128,0.10853102803230286,128,-0.35166035592556,128,0.7846201956272125,128,1.0,128,1.0,128,0.0,128,18.0,128,0.5858429968357086,128,-1.5638999342918396,128,-0.6243419349193573,128
clean,63,23,10,0.35511940717697144,128,9.851704120635986,128,0.5473169088363647,128,0.1315525844693184,128,0.8684474229812622,128,0.317626416683197,128,0.09066963195800781,128,0.6741144061088562,128,5.0,128,0.0,128,0.0,128,6.0,128,0.7695253789424896,128,-0.270440474152565,128,-0.09914709627628326,128
clean,63,23,11,0.5528653860092163,128,5.502397537231445,128,0.3056887537240982,128,0.5969887673854828,128,0.4030112326145172,128,0.14131489396095276,128,-0.3747665584087372,128,0.7459000945091248,128,1.0,128,1.0,128,0.0,128,18.0,128,0.5890985727310181,128,-1.5676140189170837,128,-0.502563402056694,128
clean,63,24,0,0.29573310911655426,128,3.755345106124878,128,0.2086302861571312,128,0.74603670835495,128,0.25396329164505005,128,0.05919869802892208,128,-0.5238144993782043,128,0.6479944288730621,128,1.0,128,1.0,128,0.0,128,18.0,128,0.5127848088741302,128,-1.7461141347885132,128,-0.7587974667549133,128
clean,63,24,1,0.29530128836631775,128,4.2275543212890625,128,0.23486413061618805,128,0.7326613664627075,128,0.2673386186361313,128,0.08171581104397774,128,-0.5104391872882843,128,0.6784170269966125,128,1.0,128,1.0,128,0.0,128,18.0,128,0.49148114025592804,128,-1.8775460720062256,128,-0.7668667137622833,128
clean,63,24,2,0.4469646215438843,128,10.903847694396973,128,0.6057693362236023,128,0.024236831814050674,128,0.975763201713562,128,0.34205326437950134,128,0.19798541069030762,128,0.6411765813827515,128,18.0,128,0.6111111044883728,128,0.29411765933036804,128,6.0,128,0.8944876790046692,128,0.5884803831577301,128,0.08772538229823112,128
clean,63,24,3,0.30821360647678375,128,5.5788493156433105,128,0.3099360764026642,128,0.5820279121398926,128,0.41797205805778503,128,0.11874143779277802,128,-0.35980573296546936,128,0.840641587972641,128,1.0,128,1.0,128,0.0,128,18.0,128,0.5764420926570892,128,-1.7863357663154602,128,-0.781237781047821,128
clean,63,24,4,0.2954947203397751,128,6.472007751464844,128,0.3595559895038605,128,0.44816234707832336,128,0.5518376231193542,128,0.16101689636707306,128,-0.22594016790390015,128,0.925929069519043,128,1.0,128,1.0,128,0.0,128,18.0,128,0.5697987079620361,128,-1.763317048549652,128,-0.8501988053321838,128
clean,63,24,5,0.2657463252544403,128,5.599833011627197,128,0.31110183894634247,128,0.556871086359024,128,0.44312892854213715,128,0.1243472620844841,128,-0.33464886248111725,128,0.8447399437427521,128,1.0,128,1.0,128,0.0,128,18.0,128,0.4627234637737274,128,-1.6763017773628235,128,-0.7854432165622711,128
clean,63,24,6,0.4880589097738266,128,6.041626930236816,128,0.3356459438800812,128,0.5199293196201324,128,0.48007068037986755,128,0.14960701018571854,128,-0.29770711064338684,128,0.8091835081577301,128,1.0,128,1.0,128,0.0,128,18.0,128,0.5833084881305695,128,-1.5685107111930847,128,-0.6188603937625885,128
clean,63,24,7,0.5384220480918884,128,5.41579794883728,128,0.3008776605129242,128,0.6078343987464905,128,0.3921656161546707,128,0.12473572790622711,128,-0.3856121748685837,128,0.7779919803142548,128,1.0,128,1.0,128,0.0,128,18.0,128,0.5689857304096222,128,-1.6501041054725647,128,-0.5993649363517761,128
clean,63,24,8,0.4963153004646301,128,6.481435537338257,128,0.360079750418663,128,0.4962768852710724,128,0.5037230551242828,128,0.18898210674524307,128,-0.27405473589897156,128,0.8509547412395477,128,1.0,128,1.0,128,0.0,128,18.0,128,0.5186983346939087,128,-1.4871855974197388,128,-0.575066328048706,128
clean,63,24,9,0.40640175342559814,128,5.894770622253418,128,0.3274872601032257,128,0.5360852777957916,128,0.4639147222042084,128,0.14280401170253754,128,-0.313863068819046,128,0.8490202128887177,128,1.0,128,1.0,128,0.0,128,18.0,128,0.6067887544631958,128,-1.6374187469482422,128,-0.6960994005203247,128
clean,63,24,10,0.5876806974411011,128,5.236263036727905,128,0.2909034937620163,128,0.5776748359203339,128,0.4223251938819885,128,0.13203413039445877,128,-0.35545259714126587,128,0.7999219000339508,128,1.0,128,1.0,128,0.0,128,18.0,128,0.5176185965538025,128,-1.6687301397323608,128,-0.7025585472583771,128
clean,63,24,11,0.622246265411377,128,6.779989957809448,128,0.3766660988330841,128,0.46951739490032196,128,0.5304826200008392,128,0.19670266658067703,128,-0.24729517102241516,128,0.8281775414943695,128,2.0,128,1.0,128,0.0,128,18.0,128,0.5642346739768982,128,-1.3815281391143799,128,-0.48764951527118683,128
clean,63,25,0,0.2694007605314255,128,6.009680271148682,128,0.33387112617492676,128,0.5129157304763794,128,0.4870842546224594,128,0.14409205317497253,128,-0.290693536400795,128,0.859932005405426,128,1.0,128,1.0,128,0.0,128,18.0,128,0.5133823156356812,128,-1.5758488178253174,128,-0.632340133190155,128
clean,63,25,1,0.3730412572622299,128,5.871278285980225,128,0.32618212699890137,128,0.5887337923049927,128,0.4112662225961685,128,0.16112475097179413,128,-0.3665115684270859,128,0.7994956374168396,128,1.0,128,1.0,128,0.0,128,18.0,128,0.5228248536586761,128,-1.6210157871246338,128,-0.5504337549209595,128
clean,63,25,2,0.31303727626800537,128,4.935163497924805,128,0.2741757482290268,128,0.6218225359916687,128,0.3781774342060089,128,0.11648999154567719,128,-0.3996003568172455,128,0.7507106065750122,128,1.0,128,1.0,128,0.0,128,18.0,128,0.5050027668476105,128,-1.6060797572135925,128,-0.6389317810535431,128
clean,63,25,3,0.3024940937757492,128,5.254425764083862,128,0.2919125407934189,128,0.605913907289505,128,0.394086092710495,128,0.11814543604850769,128,-0.3836916983127594,128,0.7693516910076141,128,1.0,128,1.0,128,0.0,128,18.0,128,0.4943276047706604,128,-1.4885426759719849,128,-0.6449236273765564,128
clean,63,25,4,0.29570242762565613,128,6.236995220184326,128,0.3464997410774231,128,0.4579799473285675,128,0.5420200228691101,128,0.11415619403123856,128,-0.2357577681541443,128,0.8013661503791809,128,2.0,128,1.0,128,0.0,128,18.0,128,0.4212813228368759,128,-1.1898273825645447,128,-0.6502176523208618,128
clean,63,25,5,0.2694184482097626,128,6.953437805175781,128,0.3863020986318588,128,0.4038209170103073,128,0.5961791276931763,128,0.17112918198108673,128,-0.18159866333007812,128,0.9339635372161865,128,1.0,128,1.0,128,0.0,128,18.0,128,0.5140296816825867,128,-1.528390645980835,128,-0.8181213140487671,128
clean,63,25,6,0.402678981423378,128,9.914710521697998,128,0.5508172512054443,128,0.08958783000707626,128,0.9104121625423431,128,0.30399683117866516,128,0.13263437151908875,128,0.7087646424770355,128,5.0,128,0.8888888955116272,128,0.11764705926179886,128,6.0,128,0.7913737893104553,128,0.07623270526528358,128,-0.09905493631958961,128
clean,63,25,7,0.8054685592651367,128,13.467041969299316,128,0.7481690049171448,128,0.0047880783677101135,128,0.9952119588851929,128,0.47856593132019043,128,0.21743416786193848,128,0.5661426484584808,128,18.0,128,0.3333333432674408,128,0.29411765933036804,128,6.0,128,0.9466510117053986,128,0.6975900828838348,128,0.22550540417432785,128
clean,63,25,8,0.3034462332725525,128,5.431150197982788,128,0.30173057317733765,128,0.5623524487018585,128,0.43764758110046387,128,0.0771276243031025,128,-0.3401302099227905,128,0.7709227204322815,128,1.5,128,1.0,128,0.0,128,18.0,128,0.4859260022640228,128,-1.359250247478485,128,-0.7194541692733765,128
clean,63,25,9,0.38565607368946075,128,10.663225650787354,128,0.5924014449119568,128,0.051499368622899055,128,0.9485006034374237,128,0.31273698806762695,128,0.1707228124141693,128,0.712216705083847,128,11.0,128,0.8333333134651184,128,0.23529411852359772,128,6.0,128,0.8896350860595703,128,0.4621438831090927,128,0.040459392592310905,128
clean,63,25,10,0.24784763902425766,128,6.190319776535034,128,0.3439066559076309,128,0.5176470875740051,128,0.4823529124259949,128,0.17165637016296387,128,-0.2954248785972595,128,0.8825903236865997,128,1.0,128,1.0,128,0.0,128,18.0,128,0.6820663213729858,128,-1.8192052245140076,128,-0.7097518742084503,128
clean,63,25,11,0.269889160990715,128,5.330351114273071,128,0.29613061249256134,128,0.5707592964172363,128,0.4292406886816025,128,0.11808866262435913,128,-0.3485371023416519,128,0.7971558570861816,128,1.0,128,1.0,128,0.0,128,18.0,128,0.4850650578737259,128,-1.5568528175354004,128,-0.7470236420631409,128
clean,63,26,0,0.3594393730163574,128,7.976669788360596,128,0.44314832985401154,128,0.3432469218969345,128,0.6567530930042267,128,0.25791916251182556,128,-0.12102469801902771,128,0.9492869675159454,128,1.0,128,1.0,128,0.0,128,18.0,128,0.4934065192937851,128,-1.421204924583435,128,-0.5344068706035614,128
clean,63,26,1,0.354707270860672,128,9.353987693786621,128,0.5196659862995148,128,0.2115495353937149,128,0.7884504795074463,128,0.2560945004224777,128,0.010672688484191895,128,0.9252245128154755,128,6.0,128,1.0,128,0.0,128,6.0,128,0.5063536763191223,128,-0.10664341598749161,128,-0.10323864594101906,128
clean,63,26,2,0.21880141645669937,128,4.412522077560425,128,0.24514011293649673,128,0.6373195052146912,128,0.36268046498298645,128,0.0662231557071209,128,-0.41509732604026794,128,0.7437342703342438,128,1.0,128,1.0,128,0.0,128,18.0,128,0.43857409060001373,128,-1.6106857061386108,128,-0.7950964570045471,128
clean,63,26,3,0.2068176046013832,128,6.787389755249023,128,0.37707720696926117,128,0.4409060776233673,128,0.5590939521789551,128,0.1798810064792633,128,-0.21868383884429932,128,0.9275723397731781,128,1.0,128,1.0,128,0.0,128,18.0,128,0.6812902688980103,128,-1.711600422859192,128,-0.8115229904651642,128
clean,63,26,4,0.40150950849056244,128,10.747687816619873,128,0.5970937609672546,128,0.11771640554070473,128,0.8822835981845856,128,0.3767058253288269,128,0.10450580716133118,128,0.782300740480423,128,18.0,128,1.0,128,0.0,128,6.0,128,0.854576826095581,128,0.22952593117952347,128,-0.013245269190520048,128
clean,63,26,5,0.27293238043785095,128,7.8920769691467285,128,0.4384487122297287,128,0.33735720813274384,128,0.662642776966095,128,0.22972732037305832,128,-0.11513501405715942,128,0.8052627444267273,128,1.0,128,1.0,128,0.0,128,6.0,128,0.5798843502998352,128,-0.6596591174602509,128,-0.3166845887899399,128
clean,63,26,6,0.24510139971971512,128,5.168667316436768,128,0.28714819252491,128,0.6223274171352386,128,0.37767262756824493,128,0.13180333375930786,128,-0.40010516345500946,128,0.7568848133087158,128,1.0,128,1.0,128,0.0,128,18.0,128,0.6075229942798615,128,-1.6527106165885925,128,-0.6545901298522949,128
clean,63,26,7,0.37405672669410706,128,9.627152919769287,128,0.5348418354988098,128,0.19082669913768768,128,0.8091732859611511,128,0.3028775006532669,128,0.03139549493789673,128,0.8159633278846741,128,5.5,128,1.0,128,0.0,128,6.0,128,0.7857855558395386,128,-0.19950158149003983,128,-0.09872869774699211,128
clean,63,26,8,0.2306782305240631,128,3.4428412914276123,128,0.19126895815134048,128,0.7604970335960388,128,0.23950298875570297,128,0.04304908215999603,128,-0.5382748246192932,128,0.6176640093326569,128,1.0,128,1.0,128,0.0,128,18.0,128,0.4875890165567398,128,-1.6749942302703857,128,-0.7557786405086517,128
clean,63,26,9,0.2386806532740593,128,5.936215162277222,128,0.3297897279262543,128,0.520697295665741,128,0.4793027341365814,128,0.14852692931890488,128,-0.298475056886673,128,0.8014785051345825,128,2.0,128,1.0,128,0.0,128,18.0,128,0.48000265657901764,128,-1.3513092994689941,128,-0.5655679702758789,128
clean,63,26,10,0.5220339298248291,128,10.386415481567383,128,0.5770230889320374,128,0.19645410776138306,128,0.8035458624362946,128,0.37920162081718445,128,0.02576807141304016,128,0.790521115064621,128,18.0,128,1.0,128,0.0,128,6.0,128,0.6041229367256165,128,0.035001231357455254,128,0.02864959090948105,128
clean,63,26,11,0.23010025173425674,128,5.654143810272217,128,0.3141191005706787,128,0.5576145946979523,128,0.4423854500055313,128,0.09978734701871872,128,-0.3353923410177231,128,0.7608552277088165,128,1.0,128,1.0,128,0.0,128,18.0,128,0.45803211629390717,128,-1.3316043615341187,128,-0.624940037727356,128
clean,63,27,0,0.2796119153499603,128,7.546017646789551,128,0.41922320425510406,128,0.37882617115974426,128,0.6211738586425781,128,0.23306947946548462,128,-0.15660393238067627,128,0.9532246887683868,128,1.0,128,1.0,128,0.0,128,18.0,128,0.5859875977039337,128,-1.7190082669258118,128,-0.7063929736614227,128
clean,63,27,1,0.19086991995573044,128,8.02699899673462,128,0.4459443986415863,128,0.43790721893310547,128,0.5620927810668945,128,0.31748752295970917,128,-0.21568500995635986,128,0.9226596355438232,128,1.0,128,1.0,128,0.0,128,18.0,128,0.8916532397270203,128,-1.6491084098815918,128,-0.30051538348197937,128
clean,63,27,2,0.1689414456486702,128,2.235844135284424,128,0.1242135614156723,128,0.9004528522491455,128,0.09954715520143509,128,0.0221378980204463,128,-0.6782306432723999,128,0.43847522139549255,128,1.0,128,1.0,128,0.0,128,18.0,128,0.5169540643692017,128,-1.8706303238868713,128,-0.7800320982933044,128
clean,63,27,3,0.338976114988327,128,6.439950227737427,128,0.357775017619133,128,0.5587192177772522,128,0.4412807822227478,128,0.24988414347171783,128,-0.3364970088005066,128,0.7170203626155853,128,1.0,128,1.0,128,0.0,128,18.0,128,0.7002790570259094,128,-1.33724045753479,128,-0.4154633730649948,128
clean,63,27,4,0.15476243942975998,128,8.057140827178955,128,0.44761893153190613,128,0.35384052991867065,128,0.6461594700813293,128,0.2595098912715912,128,-0.13161832094192505,128,0.976584792137146,128,1.0,128,1.0,128,0.0,128,18.0,128,0.6203334927558899,128,-1.9651196002960205,128,-0.7750015556812286,128
clean,63,27,5,0.18824250251054764,128,8.363063335418701,128,0.4646146297454834,128,0.3339614272117615,128,0.6660385727882385,128,0.2883026897907257,128,-0.11173921823501587,128,0.9779333770275116,128,1.0,128,1.0,128,0.0,128,18.0,128,0.6269369423389435,128,-1.7100364565849304,128,-0.5649845600128174,128
clean,63,27,6,0.5355324745178223,128,13.872846126556396,128,0.7707136869430542,128,0.01949005387723446,128,0.9805099964141846,128,0.5934592187404633,128,0.20273220539093018,128,0.572524905204773,128,18.0,128,1.0,128,0.0,128,6.0,128,0.8525258898735046,128,0.4942724108695984,128,0.07453617453575134,128
clean,63,27,7,0.5627930164337158,128,13.370808124542236,128,0.742822676897049,128,0.022335104644298553,128,0.9776649177074432,128,0.5859408974647522,128,0.19988712668418884,128,0.611157089471817,128,18.0,128,1.0,128,0.0,128,6.0,128,0.8573018610477448,128,0.6476850807666779,128,0.12039727717638016,128
clean,63,27,8,0.21447570621967316,128,5.587237358093262,128,0.3104020655155182,128,0.528826117515564,128,0.47117386758327484,128,0.07368066161870956,128,-0.30660392343997955,128,0.8261416256427765,128,1.0,128,1.0,128,0.0,128,18.0,128,0.5069792866706848,128,-1.446618139743805,128,-0.7929198741912842,128
clean,63,27,9,0.3970971256494522,128,7.743297338485718,128,0.43018317222595215,128,0.3271357864141464,128,0.6728641986846924,128,0.18366999924182892,128,-0.10491359233856201,128,0.8190060257911682,128,1.0,128,1.0,128,0.0,128,6.0,128,0.5047003924846649,128,-0.4836115539073944,128,-0.38408736884593964,128
clean,63,27,10,0.31989146769046783,128,8.516246318817139,128,0.47312480211257935,128,0.14689850807189941,128,0.853101521730423,128,0.19115666300058365,128,0.07532373070716858,128,0.7523053288459778,128,5.0,128,1.0,128,0.0,128,6.0,128,0.7507152855396271,128,-0.16278831660747528,128,-0.1863469034433365,128
clean,63,27,11,0.3487662672996521,128,4.727585077285767,128,0.26264360547065735,128,0.5024784654378891,128,0.4975215643644333,128,0.03210612013936043,128,-0.2802562266588211,128,0.5992138683795929,128,1.0,128,1.0,128,0.0,128,18.0,128,0.5075852870941162,128,-0.9797196388244629,128,-0.5846176445484161,128
clean,63,28,0,0.0157463769428432,128,1.0291916131973267,128,0.057177312672138214,128,0.9998339116573334,128,0.00016608672740403563,128,1.6388970834668726e-05,128,-0.7776117026805878,128,0.04416081868112087,128,1.0,128,1.0,128,0.0,128,6.0,128,0.4204004406929016,128,-1.6341333985328674,128,-0.8160086274147034,128
clean,63,28,1,0.17612022161483765,128,1.8312806487083435,128,0.10173781216144562,128,0.9101060926914215,128,0.08989391475915909,128,0.01735284924507141,128,-0.6878838837146759,128,0.3143084943294525,128,1.0,128,1.0,128,0.0,128,12.0,128,0.4295240491628647,128,-1.4851080179214478,128,-0.6882005333900452,128
clean,63,28,2,0.1299666464328766,128,5.023500680923462,128,0.27908337116241455,128,0.6324761211872101,128,0.3675238639116287,128,0.10647528618574142,128,-0.41025392711162567,128,0.8269184231758118,128,1.0,128,1.0,128,0.0,128,18.0,128,0.401142880320549,128,-2.0329222679138184,128,-0.8557901680469513,128
clean,63,28,3,0.15586085617542267,128,6.422848701477051,128,0.35682493448257446,128,0.429351806640625,128,0.5706482231616974,128,0.1330513060092926,128,-0.207129567861557,128,0.9049964845180511,128,1.0,128,1.0,128,0.0,128,18.0,128,0.5396232903003693,128,-1.502301275730133,128,-0.7892492711544037,128
clean,63,28,4,0.13442661613225937,128,7.152642726898193,128,0.39736904203891754,128,0.43135519325733185,128,0.5686448216438293,128,0.20532090216875076,128,-0.20913296937942505,128,0.9484571516513824,128,3.0,128,1.0,128,0.0,128,18.0,128,0.7402317523956299,128,-1.9670225381851196,128,-0.7801630198955536,128
clean,63,28,5,0.2827833741903305,128,10.343994140625,128,0.5746663510799408,128,0.18435362726449966,128,0.8156463503837585,128,0.35606858134269714,128,0.03786855936050415,128,0.8582547307014465,128,18.0,128,1.0,128,0.0,128,6.0,128,0.7918304204940796,128,0.13082338869571686,128,0.0048760767094790936,128
clean,63,28,6,0.5663258731365204,128,13.384657859802246,128,0.7435921132564545,128,0.047092994675040245,128,0.9529069662094116,128,0.5987919867038727,128,0.17512917518615723,128,0.5881680548191071,128,18.0,128,1.0,128,0.0,128,6.0,128,0.7757517099380493,128,0.16944202780723572,128,-0.03485699184238911,128
clean,63,28,7,0.15007884800434113,128,8.968503952026367,128,0.49825021624565125,128,0.3400297611951828,128,0.6599701941013336,128,0.35317008197307587,128,-0.11780759692192078,128,0.9720569252967834,128,1.0,128,1.0,128,0.0,128,18.0,128,0.786237359046936,128,-1.6591371893882751,128,-0.17410819232463837,128
clean,63,28,8,0.7388690710067749,128,17.218113899230957,128,0.9565618932247162,128,2.3846995134135796e-07,128,0.9999997615814209,128,0.8978969752788544,128,0.2222219705581665,128,0.24179494380950928,128,18.0,128,1.0,128,0.0,128,6.0,128,0.8580930531024933,128,0.9664048850536346,128,0.4638357311487198,128
clean,63,28,9,0.3211734741926193,128,5.889256715774536,128,0.3271809220314026,128,0.5684131979942322,128,0.4315868020057678,128,0.16738516092300415,128,-0.3461909890174866,128,0.7975471615791321,128,1.0,128,1.0,128,0.0,128,18.0,128,0.5464100539684296,128,-1.5195775032043457,128,-0.5195190608501434,128
clean,63,28,10,0.30423112213611603,128,12.39545202255249,128,0.6886362135410309,128,0.029414571821689606,128,0.9705854058265686,128,0.42774783074855804,128,0.1928076148033142,128,0.650269091129303,128,18.0,128,1.0,128,0.0,128,6.0,128,0.9417083561420441,128,0.5037179887294769,128,0.13839994370937347,128
clean,63,28,11,0.8062893450260162,128,17.889862060546875,128,0.9938812255859375,128,0.0,128,1.0,128,0.9857673943042755,128,0.2222222089767456,128,0.04147629626095295,128,18.0,128,1.0,128,0.0,128,6.0,128,0.8811137676239014,128,0.9842693507671356,128,0.4157325029373169,128
clean,63,29,0,0.6562804579734802,128,11.579750061035156,128,0.6433194577693939,128,0.10442803800106049,128,0.8955719470977783,128,0.44021862745285034,128,0.11779415607452393,128,0.8109127581119537,128,18.0,128,1.0,128,0.0,128,6.0,128,0.8081567287445068,128,0.40015530586242676,128,0.12286121398210526,128
clean,63,29,1,0.21710830181837082,128,7.554786205291748,128,0.41971033811569214,128,0.4001254737377167,128,0.5998744964599609,128,0.2582987844944,128,-0.17790329456329346,128,0.9470563232898712,128,1.0,128,1.0,128,0.0,128,18.0,128,0.566224992275238,128,-1.7293363809585571,128,-0.6050974130630493,128
clean,63,29,2,0.7027841508388519,128,16.063502311706543,128,0.892416775226593,128,0.007268007146194577,128,0.9927320182323456,128,0.8131531476974487,128,0.2149542272090912,128,0.4333361089229584,128,18.0,128,1.0,128,0.0,128,6.0,128,0.7394860684871674,128,0.856043130159378,128,0.23908128589391708,128
clean,63,29,3,0.12809590250253677,128,2.9557483196258545,128,0.16420824080705643,128,0.8422666490077972,128,0.15773335099220276,128,0.034116875380277634,128,-0.6200444102287292,128,0.6090670824050903,128,1.0,128,1.0,128,0.0,128,18.0,128,0.49795475602149963,128,-2.055184006690979,128,-0.8806884586811066,128
clean,63,29,4,0.24816380441188812,128,8.035003662109375,128,0.4463890939950943,128,0.40815238654613495,128,0.5918475985527039,128,0.28555844724178314,128,-0.18593019247055054,128,0.9086342453956604,128,1.0,128,1.0,128,0.0,128,18.0,128,0.5514071583747864,128,-1.3568081259727478,128,-0.29448749125003815,128
clean,63,29,5,0.39333392679691315,128,9.948015689849854,128,0.5526675283908844,128,0.3586662709712982,128,0.6413337290287018,128,0.4632175862789154,128,-0.1364440619945526,128,0.8625437021255493,128,17.0,128,1.0,128,0.0,128,18.0,128,0.7094992697238922,128,-1.0626373291015625,128,-0.06485346332192421,128
clean,63,29,6,0.15254222601652145,128,7.661386966705322,128,0.42563261091709137,128,0.3712960332632065,128,0.6287040114402771,128,0.23414741456508636,128,-0.1490737795829773,128,0.9696307182312012,128,1.0,128,1.0,128,0.0,128,18.0,128,0.5715939402580261,128,-1.883263349533081,128,-0.8314120173454285,128
clean,63,29,7,0.2114398404955864,128,9.935075759887695,128,0.5519486665725708,128,0.1872888058423996,128,0.8127112090587616,128,0.34411923587322235,128,0.0349334180355072,128,0.9173648059368134,128,18.0,128,1.0,128,0.0,128,6.0,128,0.7188882529735565,128,0.0940704420208931,128,-0.028202972374856472,128
clean,63,29,8,0.1488141044974327,128,5.2154316902160645,128,0.2897462099790573,128,0.6289352178573608,128,0.37106476724147797,128,0.13329418748617172,128,-0.40671302378177643,128,0.8211438357830048,128,1.0,128,1.0,128,0.0,128,18.0,128,0.7169131934642792,128,-2.020625591278076,128,-0.7146038711071014,128
clean,63,29,9,0.5852416455745697,128,3.0332666635513306,128,0.16851481050252914,128,0.8796819150447845,128,0.12031807750463486,128,0.11895015463232994,128,-0.6574597060680389,128,0.12375444546341896,128,1.0,128,1.0,128,0.0,128,6.0,128,0.809625506401062,128,0.41780321300029755,128,-0.005396566586568952,128
clean,63,29,10,0.14938122034072876,128,10.222614765167236,128,0.5679230690002441,128,0.2082182541489601,128,0.7917817831039429,128,0.38240747153759,128,0.014003992080688477,128,0.9605836272239685,128,18.0,128,1.0,128,0.0,128,6.0,128,0.5779737234115601,128,0.02765956148505211,128,0.15607228875160217,128
clean,63,29,11,0.7217985093593597,128,13.090577602386475,128,0.727254331111908,128,0.1376023218035698,128,0.8623976111412048,128,0.6339090764522552,128,0.08461982011795044,128,0.7425384521484375,128,17.0,128,1.0,128,0.0,128,6.0,128,0.5653737783432007,128,-0.1205163225531578,128,0.1886151060461998,128
clean,117,0,0,0.10510393977165222,128,6.655003309249878,128,0.3697223961353302,128,0.40051424503326416,128,0.5994857549667358,128,0.12345593795180321,128,-0.17829203605651855,128,0.9389701187610626,128,1.0,128,0.8333333134651184,128,0.11764705926179886,128,18.0,128,0.7253918051719666,128,-1.4672038555145264,128,-0.9036478996276855,128
clean,117,0,1,0.14895878732204437,128,3.5749664306640625,128,0.19860924780368805,128,0.798841804265976,128,0.20115820318460464,128,0.11830219998955727,128,-0.5766195952892303,128,0.47036777436733246,128,1.0,128,1.0,128,0.0,128,18.0,128,0.539031445980072,128,-1.3194383382797241,128,-0.3481298238039017,128
clean,117,0,2,0.14143938571214676,128,9.534552574157715,128,0.5296973586082458,128,0.23219653218984604,128,0.7678034901618958,128,0.34550532698631287,128,-0.009974300861358643,128,0.9981526136398315,128,18.0,128,1.0,128,0.0,128,18.0,128,0.6580305397510529,128,-0.6767903566360474,128,0.043558914214372635,128
clean,117,0,3,0.12343942001461983,128,9.434210777282715,128,0.5241228342056274,128,0.22664368152618408,128,0.7733563780784607,128,0.3285823166370392,128,-0.004421412944793701,128,0.9994849264621735,128,8.0,128,1.0,128,0.0,128,18.0,128,0.4708772152662277,128,-0.47631825506687164,128,-0.3217890113592148,128
clean,117,0,4,0.3224906772375107,128,13.768569469451904,128,0.7649205327033997,128,0.05458793044090271,128,0.9454120695590973,128,0.6069363057613373,128,0.1676342785358429,128,0.6231988966464996,128,18.0,128,1.0,128,0.0,128,6.0,128,0.8452376425266266,128,0.3678267002105713,128,0.08109952881932259,128
clean,117,0,5,0.315184623003006,128,14.804750919342041,128,0.822486162185669,128,0.04103693179786205,128,0.9589630365371704,128,0.6517687141895294,128,0.18118524551391602,128,0.585307389497757,128,18.0,128,1.0,128,0.0,128,6.0,128,0.7673425078392029,128,0.6873092949390411,128,0.399075984954834,128
clean,117,0,6,0.1911907196044922,128,7.950049877166748,128,0.44166943430900574,128,0.2732544243335724,128,0.7267455756664276,128,0.22442612051963806,128,-0.05103221535682678,128,0.7510440647602081,128,1.0,128,1.0,128,0.0,128,6.0,128,0.5945823490619659,128,-0.34927837550640106,128,-0.3221987336874008,128
clean,117,0,7,0.13463831692934036,128,7.568147420883179,128,0.42045262455940247,128,0.3924470841884613,128,0.6075529158115387,128,0.21579203754663467,128,-0.1702248752117157,128,0.9518954455852509,128,1.0,128,1.0,128,0.0,128,18.0,128,0.4370580166578293,128,-1.6386972665786743,128,-0.6381514668464661,128
clean,117,0,8,0.13036874681711197,128,9.450540542602539,128,0.5250300467014313,128,0.2258148193359375,128,0.7741851508617401,128,0.32986970245838165,128,-0.0035926401615142822,128,0.999540388584137,128,8.0,128,1.0,128,0.0,128,18.0,128,0.45897768437862396,128,-0.5163652002811432,128,-0.20926421135663986,128
clean,117,0,9,0.1895698681473732,128,10.113567352294922,128,0.5618648529052734,128,0.2438090294599533,128,0.7561909854412079,128,0.41639965772628784,128,-0.02158680558204651,128,0.9790267050266266,128,18.0,128,0.7222222089767456,128,0.11764705926179886,128,18.0,128,0.7197103202342987,128,-0.5140608549118042,128,0.24839232116937637,128
clean,117,0,10,0.28074517846107483,128,14.905595302581787,128,0.8280886113643646,128,0.006352605996653438,128,0.9936473667621613,128,0.8101368248462677,128,0.21586957573890686,128,0.7805492281913757,128,18.0,128,1.0,128,0.0,128,18.0,128,0.5637399852275848,128,1.9221174716949463,128,0.9807950556278229,128
clean,117,0,11,0.34206523001194,128,13.055948734283447,128,0.7253305017948151,128,0.15709836035966873,128,0.8429016172885895,128,0.5497909486293793,128,0.06512382626533508,128,0.6309535205364227,128,18.0,128,1.0,128,0.0,128,6.0,128,0.5671985447406769,128,0.13469148427248,128,0.3482850641012192,128
clean,117,1,0,0.24949829280376434,128,9.639069557189941,128,0.5355038642883301,128,0.28774482011795044,128,0.712255209684372,128,0.35396669805049896,128,-0.06552258133888245,128,0.895157128572464,128,1.0,128,1.0,128,0.0,128,6.0,128,0.5171873271465302,128,-0.5117548704147339,128,0.03567615896463394,128
clean,117,1,1,0.18679437041282654,128,13.832630157470703,128,0.7684794664382935,128,0.0031090814154595137,128,0.9968908727169037,128,0.5850558280944824,128,0.2191130816936493,128,0.5151478946208954,128,18.0,128,0.7222222089767456,128,0.3529411852359772,128,6.0,128,0.9564995765686035,128,0.6443882882595062,128,0.15961283445358276,128
clean,117,1,2,0.24152285605669022,128,6.459891319274902,128,0.3588828593492508,128,0.5906825661659241,128,0.40931741893291473,128,0.2610906511545181,128,-0.36846037209033966,128,0.6975938081741333,128,1.0,128,1.0,128,0.0,128,18.0,128,0.6156456172466278,128,-1.0829683542251587,128,-0.031535686925053596,128
clean,117,1,3,0.30678723752498627,128,10.027457237243652,128,0.5570809543132782,128,0.3692017197608948,128,0.6307982802391052,128,0.4626621752977371,128,-0.14697951078414917,128,0.7061473429203033,128,1.0,128,1.0,128,0.0,128,9.0,128,0.560488373041153,128,-0.5692529678344727,128,-0.0063665073830634356,128
clean,117,1,4,0.2683587372303009,128,2.067413568496704,128,0.1148563101887703,128,0.9232085645198822,128,0.07679147273302078,128,0.04932519793510437,128,-0.7009863257408142,128,0.19291482120752335,128,1.0,128,1.0,128,0.0,128,6.0,128,0.512125700712204,128,-1.1085973978042603,128,-0.41538919508457184,128
clean,117,1,5,0.08974215388298035,128,9.249725341796875,128,0.5138736367225647,128,0.23161429166793823,128,0.7683857381343842,128,0.3017105907201767,128,-0.00939205288887024,128,0.9927709996700287,128,9.0,128,1.0,128,0.0,128,9.0,128,0.6054518520832062,128,-0.35901831090450287,128,-0.266950786113739,128
clean,117,1,6,0.14265602082014084,128,13.69819688796997,128,0.7610109448432922,128,0.06767195463180542,128,0.9323280155658722,128,0.6872671246528625,128,0.1545502245426178,128,0.825108677148819,128,17.0,128,0.6111111044883728,128,0.1764705926179886,128,18.0,128,0.4565267115831375,128,0.9764423370361328,128,0.8086782991886139,128
clean,117,1,7,0.11409531533718109,128,5.851707458496094,128,0.3250948637723923,128,0.5401545763015747,128,0.4598454087972641,128,0.1355413794517517,128,-0.3179323822259903,128,0.8633368909358978,128,1.0,128,1.0,128,0.0,128,18.0,128,0.7009723782539368,128,-1.8686792850494385,128,-0.8521399796009064,128
clean,117,1,8,0.2508290708065033,128,13.82418155670166,128,0.7680100798606873,128,0.012483853846788406,128,0.9875161945819855,128,0.5905389785766602,128,0.20973840355873108,128,0.5439968109130859,128,18.0,128,1.0,128,0.0,128,6.0,128,0.9351548850536346,128,0.4392347037792206,128,0.14676370471715927,128
clean,117,1,9,0.30469250679016113,128,10.475404262542725,128,0.581966906785965,128,0.25961244106292725,128,0.740387499332428,128,0.4273453503847122,128,-0.037390291690826416,128,0.9116328656673431,128,16.0,128,1.0,128,0.0,128,6.0,128,0.43598292768001556,128,-0.7093717157840729,128,0.0830548070371151,128
clean,117,1,10,0.11414813995361328,128,7.466996431350708,128,0.4148331433534622,128,0.4169343411922455,128,0.5830656886100769,128,0.24034544825553894,128,-0.1947121024131775,128,0.9428906738758087,128,1.0,128,1.0,128,0.0,128,18.0,128,0.6204544901847839,128,-1.8839920163154602,128,-0.6433937251567841,128
clean,117,1,11,0.13730303198099136,128,6.722700119018555,128,0.373483344912529,128,0.47058823704719543,128,0.5294117629528046,128,0.17107360064983368,128,-0.24836602807044983,128,0.8791815340518951,128,1.0,128,1.0,128,0.0,128,18.0,128,0.4401441216468811,128,-1.3728440999984741,128,-0.6003109514713287,128
clean,117,2,0,0.14570961147546768,128,7.297868728637695,128,0.4054371565580368,128,0.44065946340560913,128,0.5593405365943909,128,0.22844062745571136,128,-0.21843725442886353,128,0.9343517422676086,128,1.0,128,1.0,128,0.0,128,18.0,128,0.5318088829517365,128,-1.847006916999817,128,-0.5725767612457275,128
clean,117,2,1,0.15479117631912231,128,7.89397406578064,128,0.4385541081428528,128,0.3820343315601349,128,0.6179657280445099,128,0.2720295488834381,128,-0.1598120629787445,128,0.9545875191688538,128,1.0,128,1.0,128,0.0,128,18.0,128,0.5648052990436554,128,-1.8600859642028809,128,-0.5588192939758301,128
clean,117,2,2,0.16425804048776627,128,6.172943353652954,128,0.3429412990808487,128,0.5130400061607361,128,0.4869600087404251,128,0.1600482165813446,128,-0.2908177822828293,128,0.9071571826934814,128,2.0,128,1.0,128,0.0,128,18.0,128,0.8363305926322937,128,-1.9997581243515015,128,-0.8418770432472229,128
clean,117,2,3,0.4416087865829468,128,16.78025531768799,128,0.9322364032268524,128,0.004716127412393689,128,0.9952838122844696,128,0.8752532005310059,128,0.2175060212612152,128,0.3268515169620514,128,18.0,128,1.0,128,0.0,128,6.0,128,0.9199803173542023,128,0.6731168627738953,128,0.27455784380435944,128
clean,117,2,4,0.5928297936916351,128,15.409098625183105,128,0.8560610413551331,128,0.043209122493863106,128,0.9567908942699432,128,0.8432968854904175,128,0.17901310324668884,128,0.39300253987312317,128,17.0,128,1.0,128,0.0,128,6.0,128,0.8231794238090515,128,0.2945196181535721,128,0.2400335967540741,128
clean,117,2,5,0.10161961615085602,128,7.558120012283325,128,0.41989555954933167,128,0.3668181002140045,128,0.6331818997859955,128,0.24454133212566376,128,-0.1445958912372589,128,0.8808147311210632,128,2.0,128,1.0,128,0.0,128,6.0,128,0.8920831978321075,128,-0.9168930351734161,128,-0.4026142358779907,128
clean,117,2,6,0.1719171702861786,128,8.602593898773193,128,0.47792187333106995,128,0.30843061208724976,128,0.6915693581104279,128,0.28362172842025757,128,-0.08620843291282654,128,0.9779072701931,128,1.0,128,1.0,128,0.0,128,9.0,128,0.4634556174278259,128,-1.269485592842102,128,-0.42718687653541565,128
clean,117,2,7,0.44211117923259735,128,16.470426559448242,128,0.9150237143039703,128,0.022604425437748432,128,0.9773955941200256,128,0.880294531583786,128,0.19961780309677124,128,0.3679536432027817,128,18.0,128,1.0,128,0.0,128,6.0,128,0.6651858985424042,128,0.6290690898895264,128,0.23459462076425552,128
clean,117,2,8,0.36206454038619995,128,15.555713176727295,128,0.8642062842845917,128,0.0349117536097765,128,0.9650882482528687,128,0.790063202381134,128,0.18731045722961426,128,0.45362235605716705,128,18.0,128,1.0,128,0.0,128,6.0,128,0.6923547983169556,128,0.4672303944826126,128,0.08833258599042892,128
clean,117,2,9,0.09723106399178505,128,8.365062236785889,128,0.46472567319869995,128,0.3140106350183487,128,0.6859893798828125,128,0.26566874980926514,128,-0.0917884111404419,128,0.9573322236537933,128,3.0,128,1.0,128,0.0,128,6.0,128,0.629527360200882,128,-1.0280665159225464,128,-0.4336518347263336,128
clean,117,2,10,0.24318373203277588,128,11.26880168914795,128,0.6260445415973663,128,0.07822077348828316,128,0.9217792451381683,128,0.3932628035545349,128,0.14400145411491394,128,0.7307711541652679,128,18.0,128,1.0,128,0.0,128,6.0,128,0.9237084686756134,128,0.5462879240512848,128,0.03235124424099922,128
clean,117,2,11,0.4322739392518997,128,12.637612342834473,128,0.7020895779132843,128,0.11971138790249825,128,0.8802886009216309,128,0.5389816164970398,128,0.10251080989837646,128,0.6927654445171356,128,18.0,128,1.0,128,0.0,128,6.0,128,0.8275930881500244,128,0.005548702902160585,128,0.05211612023413181,128
clean,117,3,0,0.47435450553894043,128,14.506280899047852,128,0.8059044778347015,128,0.03130366839468479,128,0.968696266412735,128,0.6638112366199493,128,0.1909184753894806,128,0.6020219922065735,128,18.0,128,1.0,128,0.0,128,6.0,128,0.8579365611076355,128,0.7661674618721008,128,0.339449942111969,128
clean,117,3,1,0.16811292618513107,128,8.260656356811523,128,0.45892535150051117,128,0.30389536917209625,128,0.6961046457290649,128,0.2348174974322319,128,-0.08167314529418945,128,0.9489725232124329,128,1.0,128,1.0,128,0.0,128,6.0,128,0.4471682459115982,128,-0.8992567360401154,128,-0.42087092995643616,128
clean,117,3,2,0.2367570474743843,128,8.735154151916504,128,0.48528634011745453,128,0.06933435052633286,128,0.9306656122207642,128,0.22225023061037064,128,0.15288782119750977,128,0.6374771595001221,128,5.0,128,1.0,128,0.0,128,6.0,128,0.822827011346817,128,-0.050896164029836655,128,-0.07295719534158707,128
clean,117,3,3,0.1646418198943138,128,7.8440446853637695,128,0.43578025698661804,128,0.32812774181365967,128,0.6718722879886627,128,0.19910894334316254,128,-0.10590550303459167,128,0.9600417912006378,128,3.0,128,1.0,128,0.0,128,18.0,128,0.48409366607666016,128,-1.3144314289093018,128,-0.7111391723155975,128
clean,117,3,4,0.31581830978393555,128,14.365875720977783,128,0.7981042265892029,128,0.006400953978300095,128,0.993598997592926,128,0.6212334930896759,128,0.21582120656967163,128,0.5246020257472992,128,18.0,128,0.9722222089767456,128,0.05882352963089943,128,6.0,128,0.9445967674255371,128,0.6642166674137115,128,0.19235823303461075,128
clean,117,3,5,0.16950052231550217,128,5.983886003494263,128,0.3324381113052368,128,0.5349448323249817,128,0.4650551378726959,128,0.15230494737625122,128,-0.31272265315055847,128,0.8868726491928101,128,1.0,128,1.0,128,0.0,128,18.0,128,0.5025759190320969,128,-2.010834217071533,128,-0.8370577096939087,128
clean,117,3,6,0.16444062441587448,128,4.922814130783081,128,0.27348968386650085,128,0.6296314597129822,128,0.370368555188179,128,0.07624228671193123,128,-0.4074092358350754,128,0.7840558588504791,128,1.0,128,1.0,128,0.0,128,18.0,128,0.5866279006004333,128,-1.8369956016540527,128,-0.8756020069122314,128
clean,117,3,7,0.512898862361908,128,17.23804759979248,128,0.9576692879199982,128,0.0007094989414326847,128,0.9992904663085938,128,0.9321104884147644,128,0.22151267528533936,128,0.24322747439146042,128,18.0,128,1.0,128,0.0,128,6.0,128,0.8150168061256409,128,0.8974291384220123,128,0.2531842291355133,128
clean,117,3,8,0.24410677701234818,128,6.739402770996094,128,0.3744112700223923,128,0.4519790858030319,128,0.5480209290981293,128,0.1708349958062172,128,-0.22975686192512512,128,0.9047567844390869,128,1.0,128,1.0,128,0.0,128,18.0,128,0.5713894367218018,128,-1.751135230064392,128,-0.7233419418334961,128
clean,117,3,9,0.2501155361533165,128,7.731190919876099,128,0.42951060831546783,128,0.41293965280056,128,0.5870603621006012,128,0.28038695454597473,128,-0.1907174289226532,128,0.927757740020752,128,1.0,128,1.0,128,0.0,128,18.0,128,0.6618337035179138,128,-1.6476542949676514,128,-0.43364429473876953,128
clean,117,3,10,0.18630478531122208,128,7.14606499671936,128,0.3970036208629608,128,0.4436221867799759,128,0.5563777983188629,128,0.21470475941896439,128,-0.22139999270439148,128,0.9369252622127533,128,1.0,128,1.0,128,0.0,128,18.0,128,0.6128186881542206,128,-2.005321741104126,128,-0.7472248375415802,128
clean,117,3,11,0.2627449035644531,128,7.644053220748901,128,0.42466962337493896,128,0.3645075112581253,128,0.6354924738407135,128,0.1989700198173523,128,-0.1422853171825409,128,0.9529322981834412,128,1.0,128,1.0,128,0.0,128,9.0,128,0.42229747772216797,128,-1.4789412021636963,128,-0.7133862376213074,128
clean,117,4,0,0.41373685002326965,128,12.495501041412354,128,0.694194495677948,128,0.09406231716275215,128,0.9059377610683441,128,0.5649489760398865,128,0.12815997004508972,128,0.8874337375164032,128,17.0,128,1.0,128,0.0,128,6.0,128,0.5599385797977448,128,1.1040284633636475,128,0.6543149650096893,128
clean,117,4,1,0.18955671787261963,128,5.8891332149505615,128,0.3271740674972534,128,0.5552083849906921,128,0.44479165971279144,128,0.14221084117889404,128,-0.33298613131046295,128,0.8536370098590851,128,2.0,128,1.0,128,0.0,128,18.0,128,0.7160955369472504,128,-1.8604163527488708,128,-0.7676760852336884,128
clean,117,4,2,0.21826738864183426,128,7.560527324676514,128,0.42002929747104645,128,0.41529680788517,128,0.5847031772136688,128,0.2355072796344757,128,-0.19307461380958557,128,0.8450243473052979,128,1.0,128,1.0,128,0.0,128,18.0,128,0.5031006634235382,128,-1.0812500715255737,128,-0.37149570882320404,128
clean,117,4,3,0.43952761590480804,128,7.308186292648315,128,0.40601035952568054,128,0.5904228985309601,128,0.4095771461725235,128,0.3362310230731964,128,-0.3682006448507309,128,0.3319108188152313,128,1.0,128,1.0,128,0.0,128,6.0,128,0.8287148475646973,128,0.13947579264640808,128,-0.12290430441498756,128
clean,117,4,4,0.25438158214092255,128,10.169665813446045,128,0.5649814307689667,128,0.20994730293750763,128,0.7900527119636536,128,0.3665640503168106,128,0.01227492094039917,128,0.8614795506000519,128,18.0,128,1.0,128,0.0,128,6.0,128,0.7228700816631317,128,-0.2558123618364334,128,-0.025996757671236992,128
clean,117,4,5,0.5345335900783539,128,15.419022560119629,128,0.8566123843193054,128,0.024463370442390442,128,0.975536584854126,128,0.7749377489089966,128,0.19775879383087158,128,0.48406706750392914,128,18.0,128,1.0,128,0.0,128,6.0,128,0.8816074132919312,128,0.5870216488838196,128,0.23920778930187225,128
clean,117,4,6,0.18594767898321152,128,7.657444715499878,128,0.4254135936498642,128,0.4056122303009033,128,0.5943877696990967,128,0.251861572265625,128,-0.18339002132415771,128,0.9605932831764221,128,1.0,128,1.0,128,0.0,128,18.0,128,0.5986244380474091,128,-2.110607147216797,128,-0.7525029480457306,128
clean,117,4,7,0.22571516782045364,128,7.294777870178223,128,0.4052654355764389,128,0.40455926954746246,128,0.5954407155513763,128,0.2013801410794258,128,-0.18233707547187805,128,0.9386314153671265,128,1.0,128,1.0,128,0.0,128,18.0,128,0.50252765417099,128,-1.6059579253196716,128,-0.7053786516189575,128
clean,117,4,8,0.24801412969827652,128,10.245713233947754,128,0.5692062973976135,128,0.21032875776290894,128,0.7896712422370911,128,0.41801518201828003,128,0.01189345121383667,128,0.9797984659671783,128,15.0,128,1.0,128,0.0,128,18.0,128,0.6502746939659119,128,0.08583671972155571,128,0.4345720261335373,128
clean,117,4,9,0.17289026081562042,128,9.076510906219482,128,0.5042506158351898,128,0.25854887068271637,128,0.7414511442184448,128,0.2857186496257782,128,-0.03632664680480957,128,0.9826566576957703,128,10.0,128,1.0,128,0.0,128,6.0,128,0.5969410240650177,128,-0.6768113076686859,128,-0.2823905944824219,128
clean,117,4,10,0.21687448769807816,128,7.132729530334473,128,0.3962627500295639,128,0.4759411960840225,128,0.5240588188171387,128,0.2378474622964859,128,-0.2537189722061157,128,0.9234086871147156,128,1.0,128,1.0,128,0.0,128,18.0,128,0.673806756734848,128,-1.9832443594932556,128,-0.5363496541976929,128
clean,117,4,11,0.22060561925172806,128,7.321564674377441,128,0.4067535847425461,128,0.41396617889404297,128,0.586033821105957,128,0.22762465476989746,128,-0.19174396991729736,128,0.9138625860214233,128,1.0,128,1.0,128,0.0,128,18.0,128,0.6196481287479401,128,-1.6275088787078857,128,-0.548090010881424,128
clean,117,5,0,0.21646910160779953,128,5.115520715713501,128,0.28419560194015503,128,0.5933615863323212,128,0.40663841366767883,128,0.14600017666816711,128,-0.37113937735557556,128,0.7486985623836517,128,1.0,128,1.0,128,0.0,128,18.0,128,0.5072316825389862,128,-1.3534454107284546,128,-0.5356392562389374,128
clean,117,5,1,0.542289525270462,128,14.038715362548828,128,0.7799286246299744,128,0.031760089099407196,128,0.9682400226593018,128,0.6157280802726746,128,0.19046223163604736,128,0.5918106138706207,128,18.0,128,1.0,128,0.0,128,6.0,128,0.8883013129234314,128,0.43414339423179626,128,0.12749171257019043,128
clean,117,5,2,0.3968588262796402,128,17.048945426940918,128,0.9471636414527893,128,0.007630055537447333,128,0.9923698902130127,128,0.8979189693927765,128,0.2145920991897583,128,0.25222495198249817,128,18.0,128,0.9444444179534912,128,0.11764705926179886,128,6.0,128,0.8241063952445984,128,0.7257355451583862,128,0.23660831153392792,128
clean,117,5,3,0.19303011894226074,128,9.632904052734375,128,0.5351613163948059,128,0.22039614617824554,128,0.7796038389205933,128,0.34331320226192474,128,0.0018260478973388672,128,0.9941512048244476,128,5.5,128,1.0,128,0.0,128,9.0,128,0.44819866120815277,128,0.07871708646416664,128,0.14508139342069626,128
clean,117,5,4,0.3367169350385666,128,15.10805606842041,128,0.8393364548683167,128,0.026373546570539474,128,0.9736264944076538,128,0.7027708292007446,128,0.19584870338439941,128,0.5912016034126282,128,18.0,128,1.0,128,0.0,128,6.0,128,0.7838916778564453,128,0.9834198355674744,128,0.42349283397197723,128
clean,117,5,5,0.14690573513507843,128,7.426328420639038,128,0.41257381439208984,128,0.46719712018966675,128,0.5328029096126556,128,0.27792274951934814,128,-0.24497488141059875,128,0.9243619441986084,128,1.0,128,1.0,128,0.0,128,18.0,128,0.7370595335960388,128,-1.9065049290657043,128,-0.4296592026948929,128
clean,117,5,6,0.3724202513694763,128,12.132720470428467,128,0.6740400195121765,128,0.16889378428459167,128,0.8311061859130859,128,0.5155247151851654,128,0.05332839488983154,128,0.7624040246009827,128,18.0,128,1.0,128,0.0,128,6.0,128,0.5489489734172821,128,-0.355014905333519,128,-0.06480240821838379,128
clean,117,5,7,0.29968374967575073,128,2.797279477119446,128,0.15540441125631332,128,0.8388149440288544,128,0.16118504852056503,128,0.06545745581388474,128,-0.6165927350521088,128,0.4180179238319397,128,1.0,128,1.0,128,0.0,128,18.0,128,0.49883659183979034,128,-1.3305420279502869,128,-0.5587027668952942,128
clean,117,5,8,0.19292418658733368,128,8.140407085418701,128,0.452244833111763,128,0.32350946962833405,128,0.6764905750751495,128,0.2425479292869568,128,-0.10128721594810486,128,0.9652136564254761,128,1.0,128,1.0,128,0.0,128,18.0,128,0.5024726688861847,128,-1.1964863538742065,128,-0.5690388381481171,128
clean,117,5,9,0.6303367912769318,128,13.314924240112305,128,0.7397180199623108,128,0.057807717472314835,128,0.9421923160552979,128,0.5616760849952698,128,0.16441452503204346,128,0.6901085674762726,128,17.0,128,1.0,128,0.0,128,6.0,128,0.8647484481334686,128,0.8188026249408722,128,0.42367780208587646,128
clean,117,5,10,0.3046894669532776,128,1.6059764623641968,128,0.08922091498970985,128,0.9424351751804352,128,0.05756480619311333,128,0.025047839619219303,128,-0.720212996006012,128,0.19995563477277756,128,1.0,128,1.0,128,0.0,128,6.0,128,0.7997185289859772,128,-0.9543121755123138,128,-0.4667961299419403,128
clean,117,5,11,0.3441743105649948,128,10.987549781799316,128,0.6104194223880768,128,0.17626871913671494,128,0.8237313330173492,128,0.4086325764656067,128,0.04595354199409485,128,0.8475931286811829,128,18.0,128,1.0,128,0.0,128,6.0,128,0.7091640532016754,128,0.07893296703696251,128,0.028490307740867138,128
clean,117,6,0,0.27955301105976105,128,8.662266731262207,128,0.4812370389699936,128,0.3423566222190857,128,0.6576433777809143,128,0.32566726207733154,128,-0.12013441324234009,128,0.9416723847389221,128,1.0,128,1.0,128,0.0,128,18.0,128,0.432376503944397,128,-1.0562761425971985,128,-0.1547631323337555,128
clean,117,6,1,0.21307378262281418,128,7.674222469329834,128,0.42634569108486176,128,0.3636113405227661,128,0.6363886296749115,128,0.21481922268867493,128,-0.1413891613483429,128,0.9657962620258331,128,1.0,128,1.0,128,0.0,128,18.0,128,0.5471745729446411,128,-1.7134318947792053,128,-0.7871145009994507,128
clean,117,6,2,0.22503400593996048,128,5.608170032501221,128,0.31156499683856964,128,0.6377086937427521,128,0.3622913062572479,128,0.18820800632238388,128,-0.41548648476600647,128,0.7825222313404083,128,1.0,128,1.0,128,0.0,128,18.0,128,0.5953131318092346,128,-1.8217427134513855,128,-0.4486779123544693,128
clean,117,6,3,0.23725416511297226,128,7.120516300201416,128,0.39558424055576324,128,0.37025487422943115,128,0.6297451853752136,128,0.18133268505334854,128,-0.14803260564804077,128,0.9457695782184601,128,1.0,128,1.0,128,0.0,128,18.0,128,0.6515215337276459,128,-1.5462605357170105,128,-0.8160852789878845,128
clean,117,6,4,0.2404373288154602,128,5.4232306480407715,128,0.3012906014919281,128,0.5573123097419739,128,0.4426877051591873,128,0.08644672855734825,128,-0.3350900858640671,128,0.8400318324565887,128,1.0,128,1.0,128,0.0,128,18.0,128,0.6170749366283417,128,-1.7630091905593872,128,-0.8456261456012726,128
clean,117,6,5,0.234756700694561,128,9.471560001373291,128,0.526197761297226,128,0.2567443251609802,128,0.7432556450366974,128,0.36376744508743286,128,-0.03452214598655701,128,0.9796070158481598,128,5.5,128,1.0,128,0.0,128,18.0,128,0.5516985058784485,128,-0.6315498352050781,128,-0.06454085931181908,128
clean,117,6,6,0.178493894636631,128,9.261276245117188,128,0.5145153403282166,128,0.2522793263196945,128,0.7477207183837891,128,0.32534827291965485,128,-0.030057072639465332,128,0.9893723726272583,128,4.0,128,1.0,128,0.0,128,18.0,128,0.4802975207567215,128,-0.7495974004268646,128,-0.23150330781936646,128
clean,117,6,7,0.25076550245285034,128,7.65276575088501,128,0.4251536577939987,128,0.4251614660024643,128,0.5748385787010193,128,0.2815663665533066,128,-0.2029392123222351,128,0.8995526432991028,128,1.0,128,1.0,128,0.0,128,18.0,128,0.6309389770030975,128,-1.367062509059906,128,-0.33278965950012207,128
clean,117,6,8,0.2266010344028473,128,5.643773794174194,128,0.3135429918766022,128,0.5540761649608612,128,0.4459238350391388,128,0.12852971255779266,128,-0.3318539559841156,128,0.8534142374992371,128,1.0,128,1.0,128,0.0,128,18.0,128,0.5276724696159363,128,-1.7043612599372864,128,-0.7700768709182739,128
clean,117,6,9,0.22436141967773438,128,8.217226505279541,128,0.45651258528232574,128,0.3682487905025482,128,0.6317512094974518,128,0.2740999013185501,128,-0.1460265815258026,128,0.9108410179615021,128,1.0,128,1.0,128,0.0,128,9.0,128,0.4401368349790573,128,-1.0244986414909363,128,-0.2897535413503647,128
clean,117,6,10,0.301331028342247,128,8.025573253631592,128,0.4458651691675186,128,0.3394632935523987,128,0.6605367362499237,128,0.2565181255340576,128,-0.11724105477333069,128,0.9480116963386536,128,3.0,128,1.0,128,0.0,128,18.0,128,0.5232547223567963,128,-1.3151158690452576,128,-0.5268831551074982,128
clean,117,6,11,0.5195854604244232,128,13.42695951461792,128,0.7459422051906586,128,0.046940019354224205,128,0.9530600309371948,128,0.5925517976284027,128,0.17528223991394043,128,0.6649218201637268,128,18.0,128,0.0555555559694767,128,0.05882352963089943,128,6.0,128,0.9230825901031494,128,0.5102747976779938,128,0.23186036199331284,128
clean,117,7,0,0.38799089193344116,128,13.649011135101318,128,0.7582783997058868,128,0.05391555652022362,128,0.9460844397544861,128,0.5958406329154968,128,0.1683066487312317,128,0.6333229541778564,128,18.0,128,1.0,128,0.0,128,6.0,128,0.8059932589530945,128,0.35616014897823334,128,0.08128119632601738,128
clean,117,7,1,0.1294208988547325,128,4.345733880996704,128,0.2414296567440033,128,0.6624121367931366,128,0.3375878930091858,128,0.046627938747406006,128,-0.4401898980140686,128,0.7957643270492554,128,1.0,128,1.0,128,0.0,128,18.0,128,0.5810975432395935,128,-1.8076882362365723,128,-0.9594034254550934,128
clean,117,7,2,0.27535592019557953,128,8.825258731842041,128,0.49029214680194855,128,0.3057684451341629,128,0.6942316293716431,128,0.29379136860370636,128,-0.08354616165161133,128,0.9522284865379333,128,1.0,128,1.0,128,0.0,128,9.0,128,0.4605085104703903,128,-0.7481170892715454,128,-0.17748892307281494,128
clean,117,7,3,0.5242193937301636,128,11.611291408538818,128,0.6450717449188232,128,0.10307788103818893,128,0.8969221413135529,128,0.3948705345392227,128,0.11914435029029846,128,0.7562859058380127,128,18.0,128,0.7777777910232544,128,0.23529411852359772,128,6.0,128,0.866502195596695,128,0.1594426929950714,128,0.06130869872868061,128
clean,117,7,4,0.2573530524969101,128,8.732768535614014,128,0.48515380918979645,128,0.3583346754312515,128,0.6416652798652649,128,0.33973440527915955,128,-0.1361125111579895,128,0.8668970167636871,128,1.0,128,1.0,128,0.0,128,6.0,128,0.5167024433612823,128,-0.7983536422252655,128,-0.09295985102653503,128
clean,117,7,5,0.2796703577041626,128,7.441166400909424,128,0.4133981317281723,128,0.3271689862012863,128,0.6728309988975525,128,0.16868241131305695,128,-0.1049467921257019,128,0.9305860102176666,128,3.0,128,1.0,128,0.0,128,18.0,128,0.5286349356174469,128,-1.1505154371261597,128,-0.7067223191261292,128
clean,117,7,6,0.2200198993086815,128,7.822723627090454,128,0.4345957487821579,128,0.3572499454021454,128,0.642750084400177,128,0.21872878074645996,128,-0.1350277066230774,128,0.9510020613670349,128,1.0,128,1.0,128,0.0,128,18.0,128,0.39055247604846954,128,-1.2570962309837341,128,-0.642253190279007,128
clean,117,7,7,0.17795288562774658,128,4.899803400039673,128,0.27221129834651947,128,0.660330593585968,128,0.3396693617105484,128,0.13113372027873993,128,-0.438108429312706,128,0.7701142132282257,128,1.0,128,1.0,128,0.0,128,18.0,128,0.48229338228702545,128,-1.8899640440940857,128,-0.6954895555973053,128
clean,117,7,8,0.5831549763679504,128,11.57367467880249,128,0.6429819166660309,128,0.03459005430340767,128,0.9654099643230438,128,0.3665279448032379,128,0.18763217329978943,128,0.7576423585414886,128,17.0,128,1.0,128,0.0,128,6.0,128,0.6788067817687988,128,1.5761238932609558,128,0.49676743149757385,128
clean,117,7,9,0.2973841726779938,128,8.772409439086914,128,0.4873560816049576,128,0.29918307065963745,128,0.7008169293403625,128,0.3136664181947708,128,-0.07696086168289185,128,0.9504676163196564,128,1.0,128,1.0,128,0.0,128,18.0,128,0.4396883100271225,128,-1.040234386920929,128,-0.24045276641845703,128
clean,117,7,10,0.2103804424405098,128,8.9886474609375,128,0.4993693232536316,128,0.2865404337644577,128,0.7134595513343811,128,0.32342977821826935,128,-0.06431823968887329,128,0.9882614612579346,128,1.0,128,1.0,128,0.0,128,18.0,128,0.47180281579494476,128,-1.363654911518097,128,-0.34813643991947174,128
clean,117,7,11,0.23898430913686752,128,7.4366984367370605,128,0.4131499081850052,128,0.38402384519577026,128,0.6159761846065521,128,0.211090087890625,128,-0.16180160641670227,128,0.9555554687976837,128,1.0,128,1.0,128,0.0,128,18.0,128,0.6292344629764557,128,-1.6589057445526123,128,-0.8209250867366791,128
clean,117,8,0,0.38107582926750183,128,8.387605667114258,128,0.46597810089588165,128,0.3367728739976883,128,0.6632271409034729,128,0.30313800275325775,128,-0.1145506501197815,128,0.8709534406661987,128,1.0,128,1.0,128,0.0,128,6.0,128,0.5733391344547272,128,-0.7513557374477386,128,-0.24028965830802917,128
clean,117,8,1,0.19351141154766083,128,5.571868419647217,128,0.3095482438802719,128,0.5941992402076721,128,0.4058007746934891,128,0.1498154029250145,128,-0.3719770163297653,128,0.8196820914745331,128,1.0,128,1.0,128,0.0,128,18.0,128,0.44339463114738464,128,-1.6565120816230774,128,-0.5447111427783966,128
clean,117,8,2,0.2616225630044937,128,10.237488746643066,128,0.5687493681907654,128,0.22465702146291733,128,0.7753429710865021,128,0.38492998480796814,128,-0.0024348199367523193,128,0.9373130798339844,128,1.0,128,1.0,128,0.0,128,13.5,128,0.4343268424272537,128,0.07368669658899307,128,0.33067038655281067,128
clean,117,8,3,0.39431141316890717,128,8.081247806549072,128,0.44895821809768677,128,0.4444347769021988,128,0.55556520819664,128,0.30032241344451904,128,-0.22221258282661438,128,0.7853941917419434,128,1.0,128,1.0,128,0.0,128,6.0,128,0.48480091989040375,128,-0.9988556504249573,128,-0.12547976523637772,128
clean,117,8,4,0.4208155572414398,128,10.393478393554688,128,0.5774154663085938,128,0.2981620132923126,128,0.701837956905365,128,0.4483910799026489,128,-0.0759398341178894,128,0.8026832342147827,128,18.0,128,1.0,128,0.0,128,18.0,128,0.5931279957294464,128,-0.7030747532844543,128,0.05273827537894249,128
clean,117,8,5,0.323053315281868,128,11.805244445800781,128,0.6558469235897064,128,0.1916160210967064,128,0.808383971452713,128,0.5415607392787933,128,0.030606180429458618,128,0.6157770752906799,128,18.0,128,1.0,128,0.0,128,6.0,128,0.657005101442337,128,-0.33969488739967346,128,-0.10598893463611603,128
clean,117,8,6,0.3624545931816101,128,10.999138355255127,128,0.6110632419586182,128,0.12818047404289246,128,0.8718195259571075,128,0.42563095688819885,128,0.09404173493385315,128,0.966458261013031,128,14.5,128,1.0,128,0.0,128,18.0,128,0.517839252948761,128,1.4136211276054382,128,0.7390414178371429,128
clean,117,8,7,0.1594669669866562,128,5.104033470153809,128,0.2835574150085449,128,0.6602075099945068,128,0.33979249000549316,128,0.13574295490980148,128,-0.43798530101776123,128,0.8062947392463684,128,1.0,128,1.0,128,0.0,128,18.0,128,0.5752293169498444,128,-2.05190110206604,128,-0.6519015729427338,128
clean,117,8,8,0.18105505406856537,128,7.3300909996032715,128,0.4072272777557373,128,0.4003448337316513,128,0.5996551215648651,128,0.22491474449634552,128,-0.17812266945838928,128,0.952293872833252,128,1.0,128,1.0,128,0.0,128,18.0,128,0.5721328854560852,128,-1.7923943996429443,128,-0.7715108692646027,128
clean,117,8,9,0.22688302397727966,128,7.977757215499878,128,0.4432087242603302,128,0.35731443762779236,128,0.6426855623722076,128,0.2629490941762924,128,-0.13509222865104675,128,0.9548137187957764,128,1.0,128,1.0,128,0.0,128,18.0,128,0.5540822446346283,128,-1.473118007183075,128,-0.5017401278018951,128
clean,117,8,10,0.41477200388908386,128,9.789821147918701,128,0.5438789427280426,128,0.3209989368915558,128,0.6790010333061218,128,0.4281371235847473,128,-0.09877675771713257,128,0.7990796864032745,128,17.0,128,1.0,128,0.0,128,18.0,128,0.5630774199962616,128,-0.7519637942314148,128,0.004318876075558364,128
clean,117,8,11,0.3052716851234436,128,4.900676488876343,128,0.27225980162620544,128,0.5468443632125854,128,0.45315562188625336,128,0.05078311264514923,128,-0.32462216913700104,128,0.6714366972446442,128,1.0,128,1.0,128,0.0,128,6.0,128,0.41617588698863983,128,-0.9549506902694702,128,-0.5700342655181885,128
clean,117,9,0,0.33273501694202423,128,7.543932199478149,128,0.4191073477268219,128,0.44177985191345215,128,0.5582201480865479,128,0.25433357059955597,128,-0.21955764293670654,128,0.9095155596733093,128,1.0,128,1.0,128,0.0,128,18.0,128,0.526083379983902,128,-1.575989305973053,128,-0.41031666100025177,128
clean,117,9,1,0.33644892275333405,128,8.238489151000977,128,0.45769383013248444,128,0.36269721388816833,128,0.6373027563095093,128,0.27194564044475555,128,-0.14047503471374512,128,0.9415557384490967,128,1.0,128,1.0,128,0.0,128,18.0,128,0.44522906839847565,128,-1.3288384079933167,128,-0.3609146475791931,128
clean,117,9,2,0.3467773050069809,128,9.662726879119873,128,0.5368181765079498,128,0.2163308635354042,128,0.783669114112854,128,0.37566182017326355,128,0.005891323089599609,128,0.9747591316699982,128,7.5,128,1.0,128,0.0,128,9.0,128,0.4563411772251129,128,-0.023822432849556208,128,0.09783473610877991,128
clean,117,9,3,0.4910591393709183,128,8.643500328063965,128,0.48019444942474365,128,0.3450775146484375,128,0.6549224257469177,128,0.3172965794801712,128,-0.12285536527633667,128,0.871434897184372,128,3.0,128,1.0,128,0.0,128,18.0,128,0.5808366239070892,128,-0.8622901737689972,128,-0.19176534563302994,128
clean,117,9,4,0.4202098548412323,128,12.807735443115234,128,0.7115408778190613,128,0.17419365048408508,128,0.8258064091205597,128,0.6146174669265747,128,0.0480286180973053,128,0.5878144800662994,128,18.0,128,0.8888888955116272,128,0.11764705926179886,128,6.0,128,0.655683159828186,128,-0.0878547802567482,128,0.00259320717304945,128
clean,117,9,5,0.28712885081768036,128,8.111939430236816,128,0.450663298368454,128,0.3212762475013733,128,0.6787237226963043,128,0.22392523288726807,128,-0.09905406832695007,128,0.9770166873931885,128,1.0,128,1.0,128,0.0,128,9.0,128,0.4436183273792267,128,-1.4298917651176453,128,-0.7764140665531158,128
clean,117,9,6,0.43201759457588196,128,8.518072605133057,128,0.47322626411914825,128,0.36071638762950897,128,0.6392836570739746,128,0.32729122042655945,128,-0.13849413394927979,128,0.9126379787921906,128,2.0,128,1.0,128,0.0,128,18.0,128,0.6367650926113129,128,-1.1707434058189392,128,-0.271797239780426,128
clean,117,9,7,0.20874346792697906,128,6.274853944778442,128,0.3486029952764511,128,0.5180280208587646,128,0.48197197914123535,128,0.172787107527256,128,-0.29580581188201904,128,0.8973070681095123,128,1.0,128,1.0,128,0.0,128,18.0,128,0.6447111666202545,128,-1.940398097038269,128,-0.7439077794551849,128
clean,117,9,8,0.2758413404226303,128,6.056743383407593,128,0.33648574352264404,128,0.47533951699733734,128,0.5246604979038239,128,0.15668506920337677,128,-0.25311729311943054,128,0.7640651762485504,128,1.0,128,1.0,128,0.0,128,18.0,128,0.4898715913295746,128,-0.8297067582607269,128,-0.4742014408111572,128
clean,117,9,9,0.38031066954135895,128,6.836968660354614,128,0.37983159720897675,128,0.4921901077032089,128,0.5078099071979523,128,0.21495195478200912,128,-0.2699678838253021,128,0.8279838263988495,128,1.0,128,1.0,128,0.0,128,9.0,128,0.3982266038656235,128,-1.1680357456207275,128,-0.2987980991601944,128
clean,117,9,10,0.28461240231990814,128,7.274295091629028,128,0.4041275084018707,128,0.4657418131828308,128,0.5342581868171692,128,0.24224114418029785,128,-0.2435196042060852,128,0.9192564487457275,128,1.0,128,1.0,128,0.0,128,18.0,128,0.5672536790370941,128,-1.852643072605133,128,-0.5593124032020569,128
clean,117,9,11,0.2846289575099945,128,8.361953735351562,128,0.46455298364162445,128,0.2680133879184723,128,0.7319866418838501,128,0.2563096880912781,128,-0.0457911491394043,128,0.9741804897785187,128,4.0,128,1.0,128,0.0,128,18.0,128,0.48018594086170197,128,-0.7977017164230347,128,-0.6132966876029968,128
clean,117,10,0,0.3080095052719116,128,7.457101583480835,128,0.41428342461586,128,0.39059261977672577,128,0.6094073951244354,128,0.2218729704618454,128,-0.16837039589881897,128,0.9163708984851837,128,1.0,128,1.0,128,0.0,128,9.0,128,0.3879656195640564,128,-1.3832751512527466,128,-0.4661867022514343,128
clean,117,10,1,0.37009449303150177,128,7.237512588500977,128,0.40208402276039124,128,0.41473883390426636,128,0.585261195898056,128,0.23225624859333038,128,-0.19251659512519836,128,0.8857994079589844,128,2.0,128,1.0,128,0.0,128,18.0,128,0.452508807182312,128,-1.2975189089775085,128,-0.4644324630498886,128
clean,117,10,2,0.22467728704214096,128,6.409825801849365,128,0.3561014384031296,128,0.5019048154354095,128,0.49809521436691284,128,0.1844521015882492,128,-0.27968257665634155,128,0.8663566708564758,128,1.0,128,1.0,128,0.0,128,18.0,128,0.4047882407903671,128,-1.5677793622016907,128,-0.6237339675426483,128
clean,117,10,3,0.25099825859069824,128,6.313494920730591,128,0.3507497310638428,128,0.5304567813873291,128,0.4695432186126709,128,0.19077768921852112,128,-0.3082345724105835,128,0.8629066646099091,128,1.0,128,1.0,128,0.0,128,18.0,128,0.6128908693790436,128,-1.7725315690040588,128,-0.6177038848400116,128
clean,117,10,4,0.31874118745326996,128,8.854295253753662,128,0.4919052869081497,128,0.26435865461826324,128,0.7356413006782532,128,0.29663312435150146,128,-0.04213649034500122,128,0.9755224883556366,128,6.0,128,1.0,128,0.0,128,18.0,128,0.4076170325279236,128,-0.7750993967056274,128,-0.36820755898952484,128
clean,117,10,5,0.33850671350955963,128,8.438397884368896,128,0.468799889087677,128,0.2812368720769882,128,0.7187631130218506,128,0.2332749143242836,128,-0.05901467800140381,128,0.9059359729290009,128,5.0,128,1.0,128,0.0,128,18.0,128,0.411893367767334,128,-0.6428602933883667,128,-0.3257109820842743,128
clean,117,10,6,0.21264522522687912,128,5.723275661468506,128,0.3179597556591034,128,0.5912700891494751,128,0.4087299108505249,128,0.17584027349948883,128,-0.3690478801727295,128,0.8332081735134125,128,1.0,128,1.0,128,0.0,128,18.0,128,0.8011479377746582,128,-1.79756098985672,128,-0.584948718547821,128
clean,117,10,7,0.285055011510849,128,9.22501516342163,128,0.5125008225440979,128,0.28080716729164124,128,0.7191928327083588,128,0.35284873843193054,128,-0.05858495831489563,128,0.9783028662204742,128,2.0,128,1.0,128,0.0,128,18.0,128,0.5435882210731506,128,-0.9284569919109344,128,-0.11926720291376114,128
clean,117,10,8,0.3131707012653351,128,9.699959754943848,128,0.5388866364955902,128,0.32014036178588867,128,0.6798596680164337,128,0.4203411191701889,128,-0.09791812300682068,128,0.92093625664711,128,1.0,128,1.0,128,0.0,128,18.0,128,0.6184995174407959,128,-0.7856711745262146,128,0.10372095182538033,128
clean,117,10,9,0.3065655380487442,128,10.063188076019287,128,0.5590659976005554,128,0.3012269139289856,128,0.6987730860710144,128,0.42304034531116486,128,-0.07900470495223999,128,0.8291544616222382,128,17.0,128,1.0,128,0.0,128,6.0,128,0.5357549786567688,128,-0.676049530506134,128,0.005689470795914531,128
clean,117,10,10,0.3357072025537491,128,7.376178741455078,128,0.40978769958019257,128,0.4129559397697449,128,0.5870440602302551,128,0.2582971602678299,128,-0.19073373079299927,128,0.8641766607761383,128,2.0,128,1.0,128,0.0,128,18.0,128,0.4402107745409012,128,-1.1271104216575623,128,-0.36854414641857147,128
clean,117,10,11,0.23550216853618622,128,5.813932418823242,128,0.32299624383449554,128,0.5786610841751099,128,0.42133891582489014,128,0.1645120084285736,128,-0.35643887519836426,128,0.8536422550678253,128,1.0,128,1.0,128,0.0,128,18.0,128,0.49598270654678345,128,-1.927339494228363,128,-0.6589422523975372,128
clean,117,11,0,0.38956402242183685,128,7.278391599655151,128,0.40435507893562317,128,0.32666589319705963,128,0.6733340919017792,128,0.18165308982133865,128,-0.10444369912147522,128,0.9180472791194916,128,4.0,128,1.0,128,0.0,128,18.0,128,0.40845687687397003,128,-0.9659756422042847,128,-0.5914705991744995,128
clean,117,11,1,0.39398428797721863,128,7.668142795562744,128,0.426007941365242,128,0.3240659534931183,128,0.6759340763092041,128,0.1798585057258606,128,-0.10184371471405029,128,0.9281746447086334,128,4.0,128,1.0,128,0.0,128,18.0,128,0.4208115488290787,128,-0.967904657125473,128,-0.6410335004329681,128
clean,117,11,2,0.2461528480052948,128,6.395837306976318,128,0.35532428324222565,128,0.5068349242210388,128,0.4931650757789612,128,0.1852346584200859,128,-0.2846127152442932,128,0.8702203929424286,128,1.0,128,1.0,128,0.0,128,18.0,128,0.597748339176178,128,-1.6904624104499817,128,-0.6076161563396454,128
clean,117,11,3,0.2972402572631836,128,6.113975763320923,128,0.33966532349586487,128,0.5571926832199097,128,0.44280731678009033,128,0.1795288324356079,128,-0.33497047424316406,128,0.7990722060203552,128,1.0,128,1.0,128,0.0,128,18.0,128,0.39790260791778564,128,-1.3951486945152283,128,-0.41777463257312775,128
clean,117,11,4,0.24050631374120712,128,6.703776121139526,128,0.37243200838565826,128,0.5273386240005493,128,0.4726613610982895,128,0.2292555272579193,128,-0.3051164299249649,128,0.846413791179657,128,1.0,128,1.0,128,0.0,128,18.0,128,0.6403542757034302,128,-1.5662606358528137,128,-0.41973811388015747,128
clean,117,11,5,0.26515263319015503,128,6.477322101593018,128,0.3598512262105942,128,0.46885767579078674,128,0.5311422944068909,128,0.15536144375801086,128,-0.24663549661636353,128,0.911364883184433,128,1.0,128,1.0,128,0.0,128,18.0,128,0.5671517550945282,128,-1.7077054977416992,128,-0.8046437203884125,128
clean,117,11,6,0.3419514298439026,128,8.417778015136719,128,0.4676543325185776,128,0.2836586683988571,128,0.7163413166999817,128,0.2572447955608368,128,-0.061436474323272705,128,0.931939423084259,128,4.0,128,1.0,128,0.0,128,9.0,128,0.39068347215652466,128,-0.643758237361908,128,-0.32606981694698334,128
clean,117,11,7,0.3811669945716858,128,8.71021556854248,128,0.48390085995197296,128,0.26904262602329254,128,0.7309573888778687,128,0.28376223146915436,128,-0.04682040214538574,128,0.9768989384174347,128,4.0,128,1.0,128,0.0,128,9.0,128,0.37001843750476837,128,-0.7897858023643494,128,-0.4849449694156647,128
clean,117,11,8,0.2804379314184189,128,7.52461314201355,128,0.41803406178951263,128,0.39609408378601074,128,0.6039058864116669,128,0.22934811562299728,128,-0.17387190461158752,128,0.9274723529815674,128,1.0,128,1.0,128,0.0,128,9.0,128,0.42815840244293213,128,-1.278519630432129,128,-0.4718810021877289,128
clean,117,11,9,0.4558248817920685,128,8.048809051513672,128,0.44715605676174164,128,0.3673601746559143,128,0.6326398253440857,128,0.2612825483083725,128,-0.1451379656791687,128,0.8574976027011871,128,1.0,128,0.9444444179534912,128,0.05882352963089943,128,6.0,128,0.4978080987930298,128,-0.8581432700157166,128,-0.304182767868042,128
clean,117,11,10,0.3482362627983093,128,10.114033222198486,128,0.5618907511234283,128,0.2088920921087265,128,0.7911079525947571,128,0.39555537700653076,128,0.013330161571502686,128,0.9734684526920319,128,17.0,128,1.0,128,0.0,128,9.0,128,0.38094063103199005,128,0.09240228682756424,128,0.2662884294986725,128
clean,117,11,11,0.31592467427253723,128,7.66018271446228,128,0.425565704703331,128,0.363525390625,128,0.6364746391773224,128,0.21625322848558426,128,-0.141303151845932,128,0.9442912936210632,128,2.0,128,1.0,128,0.0,128,18.0,128,0.3947771340608597,128,-1.3058993220329285,128,-0.6613178253173828,128
clean,117,12,0,0.2192918062210083,128,5.035690069198608,128,0.27976055443286896,128,0.6561786532402039,128,0.34382133185863495,128,0.14128310978412628,128,-0.43395645916461945,128,0.7711461186408997,128,1.0,128,1.0,128,0.0,128,18.0,128,0.5687048137187958,128,-1.8870422840118408,128,-0.6257910132408142,128
clean,117,12,1,0.2548609972000122,128,6.826019525527954,128,0.3792233020067215,128,0.4356298893690109,128,0.5643701255321503,128,0.16646315902471542,128,-0.21340766549110413,128,0.8985692858695984,128,2.0,128,1.0,128,0.0,128,18.0,128,0.40739160776138306,128,-1.4760130047798157,128,-0.643715888261795,128
clean,117,12,2,0.44839851558208466,128,8.594634532928467,128,0.4774796962738037,128,0.3654550462961197,128,0.6345449686050415,128,0.32505668699741364,128,-0.1432328224182129,128,0.8413781821727753,128,1.0,128,0.75,128,0.14705882593989372,128,18.0,128,0.6592871844768524,128,-1.053748607635498,128,-0.2022399604320526,128
clean,117,12,3,0.3792432099580765,128,8.739439964294434,128,0.485524445772171,128,0.30962368845939636,128,0.6903763115406036,128,0.29830048978328705,128,-0.08740147948265076,128,0.8361012041568756,128,1.0,128,1.0,128,0.0,128,6.0,128,0.535201370716095,128,-0.5593757629394531,128,-0.1918497458100319,128
clean,117,12,4,0.2483779788017273,128,6.066373348236084,128,0.33702073991298676,128,0.5118419826030731,128,0.4881579875946045,128,0.16218695789575577,128,-0.2896198034286499,128,0.8599015474319458,128,2.0,128,1.0,128,0.0,128,18.0,128,0.4756067991256714,128,-1.6687016487121582,128,-0.6599835455417633,128
clean,117,12,5,0.29236947000026703,128,8.27732229232788,128,0.4598512351512909,128,0.3260451704263687,128,0.6739549040794373,128,0.2704203873872757,128,-0.10382288694381714,128,0.971272349357605,128,1.0,128,1.0,128,0.0,128,18.0,128,0.4420335441827774,128,-1.4124498963356018,128,-0.5382555723190308,128
clean,117,12,6,0.20453613251447678,128,4.592962741851807,128,0.25516459345817566,128,0.6615724563598633,128,0.3384275436401367,128,0.09553031995892525,128,-0.4393502473831177,128,0.7606953084468842,128,1.0,128,1.0,128,0.0,128,18.0,128,0.6093449294567108,128,-1.8509672284126282,128,-0.7485272288322449,128
clean,117,12,7,0.17001229524612427,128,3.8209646940231323,128,0.21227581053972244,128,0.7555983364582062,128,0.24440161883831024,128,0.07504257187247276,128,-0.533376157283783,128,0.6672680079936981,128,1.0,128,1.0,128,0.0,128,18.0,128,0.4912896305322647,128,-1.8615432381629944,128,-0.6491112112998962,128
clean,117,12,8,0.3368128687143326,128,5.1855833530426025,128,0.28808796405792236,128,0.5891464650630951,128,0.4108535349369049,128,0.10365958139300346,128,-0.3669242560863495,128,0.755378246307373,128,1.0,128,1.0,128,0.0,128,9.0,128,0.4429907649755478,128,-1.450998842716217,128,-0.5963805615901947,128
clean,117,12,9,0.2344081625342369,128,4.9777843952178955,128,0.2765435725450516,128,0.6692262887954712,128,0.3307737410068512,128,0.13330180943012238,128,-0.4470040500164032,128,0.7821813821792603,128,1.0,128,1.0,128,0.0,128,18.0,128,0.6002011895179749,128,-1.9702184796333313,128,-0.6618326902389526,128
clean,117,12,10,0.3739619851112366,128,8.716510772705078,128,0.48425060510635376,128,0.33058395981788635,128,0.6694160401821136,128,0.2764457166194916,128,-0.10836175084114075,128,0.8123610317707062,128,1.0,128,1.0,128,0.0,128,6.0,128,0.5595733225345612,128,-0.449003204703331,128,-0.1808876469731331,128
clean,117,12,11,0.2009025439620018,128,5.148494005203247,128,0.2860274463891983,128,0.6302250921726227,128,0.3697748929262161,128,0.1329452097415924,128,-0.40800289809703827,128,0.7862215638160706,128,1.0,128,1.0,128,0.0,128,18.0,128,0.5530807077884674,128,-1.8278292417526245,128,-0.6006370186805725,128
clean,117,13,0,0.35069118440151215,128,8.721962928771973,128,0.4845535010099411,128,0.3374045491218567,128,0.6625954210758209,128,0.35184039175510406,128,-0.11518236994743347,128,0.9063509404659271,128,2.0,128,1.0,128,0.0,128,18.0,128,0.6200094819068909,128,-1.077543318271637,128,-0.18100588768720627,128
clean,117,13,1,0.3162054270505905,128,7.0242226123809814,128,0.3902345895767212,128,0.4591827541589737,128,0.5408172309398651,128,0.21624364703893661,128,-0.23696056008338928,128,0.8577392399311066,128,2.0,128,1.0,128,0.0,128,18.0,128,0.46587778627872467,128,-1.3269623517990112,128,-0.40576474368572235,128
clean,117,13,2,0.22207839787006378,128,6.596733808517456,128,0.36648520827293396,128,0.48771703243255615,128,0.5122829675674438,128,0.20021357387304306,128,-0.26549482345581055,128,0.8872649371623993,128,1.0,128,1.0,128,0.0,128,18.0,128,0.4566069096326828,128,-1.6413540840148926,128,-0.6172637641429901,128
clean,117,13,3,0.3405454754829407,128,8.59934949874878,128,0.47774164378643036,128,0.3042507916688919,128,0.6957492530345917,128,0.30364301800727844,128,-0.08202853798866272,128,0.9726411402225494,128,1.0,128,1.0,128,0.0,128,18.0,128,0.4445400536060333,128,-1.1482681632041931,128,-0.3299025595188141,128
clean,117,13,4,0.2978852242231369,128,6.989197254180908,128,0.3882887363433838,128,0.43420445919036865,128,0.565795511007309,128,0.1926392838358879,128,-0.21198228001594543,128,0.9274664521217346,128,1.0,128,1.0,128,0.0,128,18.0,128,0.4845799207687378,128,-1.6716564297676086,128,-0.7370635867118835,128
clean,117,13,5,0.3446700870990753,128,6.846425771713257,128,0.3803569972515106,128,0.4331800043582916,128,0.566819965839386,128,0.16492777317762375,128,-0.2109578251838684,128,0.9015337526798248,128,2.0,128,1.0,128,0.0,128,18.0,128,0.44572003185749054,128,-1.4945905208587646,128,-0.6545044481754303,128
clean,117,13,6,0.33321820199489594,128,7.647540092468262,128,0.424863338470459,128,0.3813811093568802,128,0.6186189353466034,128,0.23479440063238144,128,-0.159158855676651,128,0.9457671940326691,128,1.0,128,1.0,128,0.0,128,18.0,128,0.4551868140697479,128,-1.6083142161369324,128,-0.5677775740623474,128
clean,117,13,7,0.3014121800661087,128,6.684637546539307,128,0.37136876583099365,128,0.4595498889684677,128,0.5404500961303711,128,0.15430480986833572,128,-0.2373276948928833,128,0.8514860570430756,128,2.0,128,1.0,128,0.0,128,18.0,128,0.45621998608112335,128,-1.213932991027832,128,-0.6047124266624451,128
clean,117,13,8,0.22065981477499008,128,5.495541572570801,128,0.30530786514282227,128,0.5678518116474152,128,0.43214815855026245,128,0.11723732575774193,128,-0.34562963247299194,128,0.8637000918388367,128,1.0,128,1.0,128,0.0,128,18.0,128,0.49547475576400757,128,-1.9225133061408997,128,-0.8717502355575562,128
clean,117,13,9,0.34320084750652313,128,7.227888345718384,128,0.4015493541955948,128,0.454085111618042,128,0.5459149181842804,128,0.2191755622625351,128,-0.231862872838974,128,0.8830387592315674,128,2.0,128,1.0,128,0.0,128,18.0,128,0.4287169873714447,128,-1.3095667958259583,128,-0.45627665519714355,128
clean,117,13,10,0.25214365124702454,128,7.695751428604126,128,0.42754174768924713,128,0.35882604122161865,128,0.6411739587783813,128,0.2159811183810234,128,-0.13660383224487305,128,0.9428593218326569,128,2.0,128,1.0,128,0.0,128,18.0,128,0.37293192744255066,128,-1.3319998979568481,128,-0.5989551842212677,128
clean,117,13,11,0.24895841628313065,128,7.508776426315308,128,0.4171542376279831,128,0.4952944368124008,128,0.5047055780887604,128,0.30210959911346436,128,-0.273072212934494,128,0.8622604012489319,128,1.0,128,1.0,128,0.0,128,18.0,128,0.6648479700088501,128,-1.40475994348526,128,-0.200320765376091,128
clean,117,14,0,0.3277790695428848,128,6.266155242919922,128,0.34811973571777344,128,0.5645556747913361,128,0.43544431030750275,128,0.21136323362588882,128,-0.34233348071575165,128,0.8070495426654816,128,1.0,128,1.0,128,0.0,128,18.0,128,0.5483708679676056,128,-1.6440801620483398,128,-0.4105924814939499,128
clean,117,14,1,0.2722538113594055,128,6.522011041641235,128,0.3623339533805847,128,0.4535496383905411,128,0.5464503467082977,128,0.1527465581893921,128,-0.23132744431495667,128,0.873648077249527,128,3.0,128,1.0,128,0.0,128,18.0,128,0.4382014274597168,128,-1.4031504392623901,128,-0.6479090750217438,128
clean,117,14,2,0.3812871128320694,128,6.782818078994751,128,0.37682323157787323,128,0.4491814076900482,128,0.5508186221122742,128,0.1839519739151001,128,-0.22695916891098022,128,0.8933132886886597,128,1.0,128,1.0,128,0.0,128,18.0,128,0.46896933019161224,128,-1.5897471904754639,128,-0.6629743278026581,128
clean,117,14,3,0.2654303014278412,128,5.589438438415527,128,0.3105243593454361,128,0.583724170923233,128,0.41627587378025055,128,0.14249856770038605,128,-0.36150191724300385,128,0.8268080055713654,128,1.0,128,1.0,128,0.0,128,18.0,128,0.4164763391017914,128,-1.7674480080604553,128,-0.634603887796402,128
clean,117,14,4,0.4212891757488251,128,6.952494382858276,128,0.38624969124794006,128,0.5301437377929688,128,0.46985626220703125,128,0.26800549030303955,128,-0.30792152881622314,128,0.7746560871601105,128,1.0,128,1.0,128,0.0,128,18.0,128,0.5749776661396027,128,-1.223045527935028,128,-0.21929249912500381,128
clean,117,14,5,0.33140771090984344,128,5.869587659835815,128,0.32608820497989655,128,0.5463601350784302,128,0.453639879822731,128,0.14944395422935486,128,-0.3241379112005234,128,0.7309630215167999,128,1.0,128,1.0,128,0.0,128,6.0,128,0.46878524124622345,128,-1.1054009199142456,128,-0.37406404316425323,128
clean,117,14,6,0.3171836882829666,128,7.775177001953125,128,0.4319542795419693,128,0.39866337180137634,128,0.6013366281986237,128,0.2478048950433731,128,-0.17644116282463074,128,0.9499818086624146,128,1.0,128,1.0,128,0.0,128,18.0,128,0.4522169977426529,128,-1.5136227011680603,128,-0.5040002167224884,128
clean,117,14,7,0.24303318560123444,128,5.6010918617248535,128,0.3111717700958252,128,0.5605499148368835,128,0.43945011496543884,128,0.1308560073375702,128,-0.33832767605781555,128,0.8602380752563477,128,1.0,128,1.0,128,0.0,128,18.0,128,0.4975155144929886,128,-1.879245936870575,128,-0.7996414005756378,128
clean,117,14,8,0.23504488170146942,128,5.054057598114014,128,0.28078097105026245,128,0.6413579881191254,128,0.35864201188087463,128,0.1406872421503067,128,-0.41913577914237976,128,0.7319407165050507,128,1.0,128,1.0,128,0.0,128,18.0,128,0.5183146297931671,128,-1.4815099835395813,128,-0.5412792861461639,128
clean,117,14,9,0.29413558542728424,128,8.340328693389893,128,0.4633515924215317,128,0.33595791459083557,128,0.6640420854091644,128,0.2829805463552475,128,-0.11373570561408997,128,0.9622563421726227,128,1.0,128,1.0,128,0.0,128,18.0,128,0.4760870337486267,128,-1.380905568599701,128,-0.43486058712005615,128
clean,117,14,10,0.2237776815891266,128,5.396501779556274,128,0.2998056560754776,128,0.6042088270187378,128,0.3957911729812622,128,0.13178186118602753,128,-0.3819866180419922,128,0.8152433335781097,128,1.0,128,1.0,128,0.0,128,18.0,128,0.4518127590417862,128,-1.7404223680496216,128,-0.6279277205467224,128
clean,117,14,11,0.3619513511657715,128,8.704987525939941,128,0.4836104065179825,128,0.3059164732694626,128,0.6940836012363434,128,0.31336498260498047,128,-0.08369418978691101,128,0.9601474702358246,128,3.0,128,1.0,128,0.0,128,18.0,128,0.47587713599205017,128,-1.044226884841919,128,-0.30586691200733185,128
clean,117,15,0,0.3007432073354721,128,7.8010759353637695,128,0.43339312076568604,128,0.3470332771539688,128,0.65296670794487,128,0.2251550629734993,128,-0.1248110830783844,128,0.9588765501976013,128,1.0,128,1.0,128,0.0,128,18.0,128,0.39653436839580536,128,-1.5116921067237854,128,-0.6795305013656616,128
clean,117,15,1,0.37674182653427124,128,7.269304037094116,128,0.4038502275943756,128,0.3661634027957916,128,0.6338365972042084,128,0.19811107963323593,128,-0.14394119381904602,128,0.9293861985206604,128,2.0,128,1.0,128,0.0,128,18.0,128,0.4412246495485306,128,-1.3519461154937744,128,-0.6861578524112701,128
clean,117,15,2,0.37520644068717957,128,6.955233573913574,128,0.38640186190605164,128,0.44550327956676483,128,0.554496705532074,128,0.17997971177101135,128,-0.22328108549118042,128,0.8733512163162231,128,2.0,128,1.0,128,0.0,128,18.0,128,0.4437454044818878,128,-1.205999493598938,128,-0.5435614883899689,128
clean,117,15,3,0.26787829399108887,128,6.673126459121704,128,0.3707292526960373,128,0.4674377888441086,128,0.5325622260570526,128,0.18238777667284012,128,-0.24521556496620178,128,0.8994758129119873,128,2.0,128,1.0,128,0.0,128,18.0,128,0.50236576795578,128,-1.7177954316139221,128,-0.7059844732284546,128
clean,117,15,4,0.44617536664009094,128,7.560435056686401,128,0.42002417147159576,128,0.37802618741989136,128,0.6219738125801086,128,0.20790217071771622,128,-0.15580397844314575,128,0.9152161180973053,128,3.0,128,1.0,128,0.0,128,18.0,128,0.4285725802183151,128,-1.1745473146438599,128,-0.5298783481121063,128
clean,117,15,5,0.3213205486536026,128,6.670085906982422,128,0.37056033313274384,128,0.4744705855846405,128,0.5255294442176819,128,0.18164236098527908,128,-0.2522483468055725,128,0.9086945354938507,128,1.0,128,1.0,128,0.0,128,18.0,128,0.42456264793872833,128,-1.7593573927879333,128,-0.7347205281257629,128
clean,117,15,6,0.3169769048690796,128,6.647773742675781,128,0.3693207651376724,128,0.4511182904243469,128,0.5488817095756531,128,0.18681199103593826,128,-0.22889608144760132,128,0.9123400151729584,128,1.0,128,1.0,128,0.0,128,18.0,128,0.498374342918396,128,-1.712816596031189,128,-0.7121521830558777,128
clean,117,15,7,0.2786646634340286,128,7.180662393569946,128,0.39892567694187164,128,0.38435520231723785,128,0.6156448125839233,128,0.1889997348189354,128,-0.16213297843933105,128,0.9071461260318756,128,2.0,128,1.0,128,0.0,128,18.0,128,0.4031914323568344,128,-1.28769189119339,128,-0.6173010170459747,128
clean,117,15,8,0.321956142783165,128,8.235662937164307,128,0.45753683149814606,128,0.3758860230445862,128,0.6241139471530914,128,0.3009843975305557,128,-0.15366384387016296,128,0.8602432310581207,128,1.0,128,1.0,128,0.0,128,18.0,128,0.4949813336133957,128,-0.8679068386554718,128,-0.21526820212602615,128
clean,117,15,9,0.5283096432685852,128,9.014023303985596,128,0.5007790774106979,128,0.2912750095129013,128,0.7087249457836151,128,0.34014618396759033,128,-0.06905284523963928,128,0.9610534012317657,128,4.0,128,1.0,128,0.0,128,18.0,128,0.4548647552728653,128,-0.9075585305690765,128,-0.185475192964077,128
clean,117,15,10,0.3056325167417526,128,6.582982063293457,128,0.3657212257385254,128,0.46264514327049255,128,0.5373548865318298,128,0.179812490940094,128,-0.24042290449142456,128,0.920881599187851,128,1.0,128,1.0,128,0.0,128,18.0,128,0.5328022241592407,128,-1.844534456729889,128,-0.8068796992301941,128
clean,117,15,11,0.2454201728105545,128,4.878004789352417,128,0.2710002660751343,128,0.6663336753845215,128,0.3336663395166397,128,0.11857473105192184,128,-0.4441114515066147,128,0.8022864460945129,128,1.0,128,1.0,128,0.0,128,18.0,128,0.6098456680774689,128,-2.0441287755966187,128,-0.7578542530536652,128
clean,117,16,0,0.29643456637859344,128,5.898728370666504,128,0.32770712673664093,128,0.576530396938324,128,0.4234696328639984,128,0.15714149922132492,128,-0.354308158159256,128,0.7995476722717285,128,1.0,128,1.0,128,0.0,128,18.0,128,0.4918693006038666,128,-1.5491238832473755,128,-0.5360948741436005,128
clean,117,16,1,0.26814454793930054,128,5.793493032455444,128,0.32186073064804077,128,0.55282923579216,128,0.44717079401016235,128,0.12971217185258865,128,-0.33060699701309204,128,0.8630986511707306,128,1.0,128,1.0,128,0.0,128,18.0,128,0.461970716714859,128,-1.89889657497406,128,-0.8296714723110199,128
clean,117,16,2,0.163998544216156,128,2.5430463552474976,128,0.14128035306930542,128,0.892140805721283,128,0.10785916447639465,128,0.04144641384482384,128,-0.6699186265468597,128,0.5052749216556549,128,1.0,128,1.0,128,0.0,128,18.0,128,0.5941505432128906,128,-1.894332230091095,128,-0.5469147264957428,128
clean,117,16,3,0.35484421253204346,128,8.373969078063965,128,0.46522051095962524,128,0.3340657502412796,128,0.6659342646598816,128,0.27610093355178833,128,-0.1118435263633728,128,0.9647209942340851,128,1.0,128,1.0,128,0.0,128,18.0,128,0.39464011788368225,128,-1.394679605960846,128,-0.443802610039711,128
clean,117,16,4,0.3120807409286499,128,6.660176515579224,128,0.37000980973243713,128,0.48846064507961273,128,0.5115393698215485,128,0.1936011165380478,128,-0.26623842120170593,128,0.9049582481384277,128,1.0,128,1.0,128,0.0,128,18.0,128,0.5567829608917236,128,-1.802644968032837,128,-0.6305949985980988,128
clean,117,16,5,0.2009587585926056,128,5.7636590003967285,128,0.3202032744884491,128,0.5535335838794708,128,0.4464664161205292,128,0.14686670154333115,128,-0.3313113749027252,128,0.8732124865055084,128,1.0,128,1.0,128,0.0,128,18.0,128,0.5044179856777191,128,-1.935496985912323,128,-0.7884315848350525,128
clean,117,16,6,0.26983363926410675,128,6.087893962860107,128,0.33821631968021393,128,0.5662735402584076,128,0.4337264895439148,128,0.1934836208820343,128,-0.3440513014793396,128,0.7997609972953796,128,1.0,128,1.0,128,0.0,128,18.0,128,0.5309819281101227,128,-1.4829646944999695,128,-0.42027534544467926,128
clean,117,16,7,0.3467874228954315,128,8.178020000457764,128,0.45433443784713745,128,0.34380103647708893,128,0.6561989784240723,128,0.28358878195285797,128,-0.12157881259918213,128,0.9346219301223755,128,3.0,128,1.0,128,0.0,128,18.0,128,0.5050250291824341,128,-1.144646406173706,128,-0.3622456043958664,128
clean,117,16,8,0.24937937408685684,128,4.975055694580078,128,0.27639198303222656,128,0.6251211166381836,128,0.3748788386583328,128,0.10720701515674591,128,-0.40289895236492157,128,0.8218292891979218,128,1.0,128,1.0,128,0.0,128,18.0,128,0.5706033110618591,128,-1.9765814542770386,128,-0.8272293508052826,128
clean,117,16,9,0.19053906947374344,128,2.9043158292770386,128,0.16135088354349136,128,0.8423317074775696,128,0.15766829252243042,128,0.05484305880963802,128,-0.620109498500824,128,0.5716949105262756,128,1.0,128,1.0,128,0.0,128,18.0,128,0.5236191153526306,128,-2.059763193130493,128,-0.704565703868866,128
clean,117,16,10,0.308257520198822,128,6.289372444152832,128,0.3494095802307129,128,0.49388861656188965,128,0.5061113834381104,128,0.1489303857088089,128,-0.27166640758514404,128,0.8716671764850616,128,2.0,128,1.0,128,0.0,128,18.0,128,0.5244651436805725,128,-1.6015881896018982,128,-0.6849408149719238,128
clean,117,16,11,0.43077555298805237,128,7.686991453170776,128,0.42705509066581726,128,0.36833031475543976,128,0.6316697299480438,128,0.2310984581708908,128,-0.14610806107521057,128,0.9458135962486267,128,1.0,128,1.0,128,0.0,128,18.0,128,0.3747878074645996,128,-1.2135748863220215,128,-0.5378838181495667,128
clean,117,17,0,0.4343080669641495,128,6.342589855194092,128,0.352366104722023,128,0.5188491940498352,128,0.4811507761478424,128,0.16199148446321487,128,-0.296627014875412,128,0.8356461524963379,128,1.0,128,1.0,128,0.0,128,18.0,128,0.4717930108308792,128,-1.4669466614723206,128,-0.6267880499362946,128
clean,117,17,1,0.3255576491355896,128,7.667256593704224,128,0.42595869302749634,128,0.3971906006336212,128,0.6028093695640564,128,0.2390131726861,128,-0.174968421459198,128,0.8583845496177673,128,1.0,128,1.0,128,0.0,128,6.0,128,0.5096515715122223,128,-0.9770040810108185,128,-0.3101093918085098,128
clean,117,17,2,0.34770679473876953,128,4.248668432235718,128,0.23603713512420654,128,0.7306033670902252,128,0.2693966329097748,128,0.10635070502758026,128,-0.5083811581134796,128,0.6719996929168701,128,1.0,128,1.0,128,0.0,128,18.0,128,0.5715696811676025,128,-1.6919798851013184,128,-0.569084495306015,128
clean,117,17,3,0.23381686210632324,128,4.696415662765503,128,0.2609119862318039,128,0.6873767673969269,128,0.3126232326030731,128,0.10987603664398193,128,-0.4651545584201813,128,0.730733335018158,128,1.0,128,1.0,128,0.0,128,18.0,128,0.54490065574646,128,-1.9134256839752197,128,-0.6808706820011139,128
clean,117,17,4,0.35566546022892,128,7.293914079666138,128,0.4052174538373947,128,0.4516039788722992,128,0.5483960211277008,128,0.25480668246746063,128,-0.2293817698955536,128,0.9041066467761993,128,1.0,128,1.0,128,0.0,128,18.0,128,0.5295820534229279,128,-1.6089637279510498,128,-0.4395398050546646,128
clean,117,17,5,0.30283600091934204,128,5.59693717956543,128,0.3109409511089325,128,0.5885901153087616,128,0.4114098995923996,128,0.16347511112689972,128,-0.3663678914308548,128,0.7815221548080444,128,1.0,128,1.0,128,0.0,128,18.0,128,0.442099466919899,128,-1.6517990231513977,128,-0.49535664916038513,128
clean,117,17,6,0.4209946244955063,128,6.474944829940796,128,0.3597191572189331,128,0.5040569305419922,128,0.4959431141614914,128,0.18302705883979797,128,-0.281834676861763,128,0.87843918800354,128,1.0,128,1.0,128,0.0,128,18.0,128,0.5593161880970001,128,-1.7671627402305603,128,-0.6303952932357788,128
clean,117,17,7,0.30075718462467194,128,6.33946418762207,128,0.3521924614906311,128,0.523210346698761,128,0.4767896384000778,128,0.1785980984568596,128,-0.3009881526231766,128,0.8529889285564423,128,1.0,128,1.0,128,0.0,128,18.0,128,0.48626406490802765,128,-1.7754027247428894,128,-0.6527896225452423,128
clean,117,17,8,0.2391335517168045,128,5.44756555557251,128,0.3026425242424011,128,0.5934911966323853,128,0.40650877356529236,128,0.14607787877321243,128,-0.37126901745796204,128,0.8093252182006836,128,1.0,128,1.0,128,0.0,128,18.0,128,0.631760984659195,128,-1.8317323327064514,128,-0.6837407350540161,128
clean,117,17,9,0.25382325053215027,128,5.274067163467407,128,0.29300372302532196,128,0.6257694065570831,128,0.37423059344291687,128,0.13265249878168106,128,-0.4035471975803375,128,0.7279900312423706,128,1.0,128,1.0,128,0.0,128,18.0,128,0.5261619985103607,128,-1.5422303080558777,128,-0.5648343861103058,128
clean,117,17,10,0.2541651725769043,128,5.324308156967163,128,0.29579490423202515,128,0.6107600033283234,128,0.3892400562763214,128,0.1303967833518982,128,-0.388537734746933,128,0.8058438301086426,128,1.0,128,1.0,128,0.0,128,18.0,128,0.4307194948196411,128,-1.8625940680503845,128,-0.7044051587581635,128
clean,117,17,11,0.29574093222618103,128,5.8901526927948,128,0.32723070681095123,128,0.5391687452793121,128,0.4608312398195267,128,0.15791837871074677,128,-0.3169465512037277,128,0.8653164803981781,128,1.0,128,1.0,128,0.0,128,18.0,128,0.592195451259613,128,-1.8442051410675049,128,-0.7235691249370575,128
clean,117,18,0,0.4083162695169449,128,7.527289628982544,128,0.41818276047706604,128,0.45037348568439484,128,0.5496265292167664,128,0.24730682373046875,128,-0.22815126180648804,128,0.9047307372093201,128,1.0,128,1.0,128,0.0,128,18.0,128,0.608329713344574,128,-1.5538239479064941,128,-0.45662857592105865,128
clean,117,18,1,0.38278158009052277,128,5.258885860443115,128,0.2921603322029114,128,0.6205611526966095,128,0.3794388622045517,128,0.14420706033706665,128,-0.3983389288187027,128,0.7699527740478516,128,1.0,128,1.0,128,0.0,128,18.0,128,0.6031172275543213,128,-1.7383604049682617,128,-0.5980591773986816,128
clean,117,18,2,0.39729025959968567,128,5.527864217758179,128,0.30710357427597046,128,0.5985966324806213,128,0.4014033377170563,128,0.13969337195158005,128,-0.3763744533061981,128,0.7787870764732361,128,1.0,128,1.0,128,0.0,128,18.0,128,0.6179437339305878,128,-1.5722172856330872,128,-0.5445434749126434,128
clean,117,18,3,0.49059441685676575,128,5.811059951782227,128,0.32283666729927063,128,0.5350332260131836,128,0.4649667739868164,128,0.14518195390701294,128,-0.312811017036438,128,0.7627203166484833,128,1.0,128,1.0,128,0.0,128,18.0,128,0.5467701554298401,128,-1.4746235609054565,128,-0.5400446057319641,128
clean,117,18,4,0.2591445744037628,128,5.44323468208313,128,0.30240193009376526,128,0.6333000063896179,128,0.36670002341270447,128,0.11343973502516747,128,-0.4110777676105499,128,0.751037985086441,128,2.0,128,1.0,128,0.0,128,18.0,128,0.41204269230365753,128,-1.51014643907547,128,-0.5634329617023468,128
clean,117,18,5,0.4038132131099701,128,5.637179851531982,128,0.31317664682865143,128,0.5878289043903351,128,0.4121711403131485,128,0.14968746155500412,128,-0.3656066507101059,128,0.8203290700912476,128,1.0,128,1.0,128,0.0,128,18.0,128,0.5762807130813599,128,-1.71905517578125,128,-0.6182737350463867,128
clean,117,18,6,0.5752247869968414,128,6.876577854156494,128,0.3820320963859558,128,0.47108297049999237,128,0.5289170444011688,128,0.19994960725307465,128,-0.24886074662208557,128,0.8461012542247772,128,2.0,128,1.0,128,0.0,128,18.0,128,0.561320960521698,128,-1.3836976289749146,128,-0.4078330993652344,128
clean,117,18,7,0.5863376557826996,128,6.179797172546387,128,0.3433220684528351,128,0.5044594556093216,128,0.495540589094162,128,0.1780007779598236,128,-0.2822372019290924,128,0.8298118710517883,128,1.0,128,1.0,128,0.0,128,18.0,128,0.5428137481212616,128,-1.530670940876007,128,-0.5176544487476349,128
clean,117,18,8,0.40460529923439026,128,5.96140718460083,128,0.331189289689064,128,0.5401725769042969,128,0.4598274528980255,128,0.16303743422031403,128,-0.3179503381252289,128,0.8286496996879578,128,2.0,128,1.0,128,0.0,128,18.0,128,0.5844464600086212,128,-1.5603101253509521,128,-0.5159313082695007,128
clean,117,18,9,0.3224489539861679,128,7.659461975097656,128,0.4255256652832031,128,0.4108949303627014,128,0.5891050696372986,128,0.25586140155792236,128,-0.1886727213859558,128,0.9470140039920807,128,1.0,128,1.0,128,0.0,128,18.0,128,0.5757022798061371,128,-1.721022129058838,128,-0.5694549083709717,128
clean,117,18,10,0.38161423802375793,128,6.745652675628662,128,0.3747584819793701,128,0.49608227610588074,128,0.503917783498764,128,0.20161911100149155,128,-0.27386000752449036,128,0.8579241931438446,128,1.0,128,1.0,128,0.0,128,18.0,128,0.5183293521404266,128,-1.4208574891090393,128,-0.43506549298763275,128
clean,117,18,11,0.39696501195430756,128,5.756213188171387,128,0.3197896182537079,128,0.5741367340087891,128,0.42586322128772736,128,0.1722371131181717,128,-0.35191456973552704,128,0.7785233855247498,128,1.0,128,1.0,128,0.0,128,18.0,128,0.48444628715515137,128,-1.4597880840301514,128,-0.5044369697570801,128
clean,117,19,0,0.339428573846817,128,8.439398288726807,128,0.46885547041893005,128,0.3367422819137573,128,0.6632577180862427,128,0.2945642024278641,128,-0.11452007293701172,128,0.9572574496269226,128,1.0,128,1.0,128,0.0,128,18.0,128,0.46773719787597656,128,-1.2537726759910583,128,-0.27943362295627594,128
clean,117,19,1,0.23130421340465546,128,6.441121578216553,128,0.35784009099006653,128,0.47631075978279114,128,0.5236892402172089,128,0.15054325014352798,128,-0.25408855080604553,128,0.8756206929683685,128,2.0,128,1.0,128,0.0,128,18.0,128,0.37596239149570465,128,-1.4857724905014038,128,-0.6621857583522797,128
clean,117,19,2,0.3231566548347473,128,7.300593852996826,128,0.4055885523557663,128,0.43255822360515594,128,0.5674417316913605,128,0.216506727039814,128,-0.21033605933189392,128,0.8451021909713745,128,1.0,128,0.4444444477558136,128,0.23529411852359772,128,9.0,128,0.47578032314777374,128,-1.1658976078033447,128,-0.3314707577228546,128
clean,117,19,3,0.3823980540037155,128,7.012276887893677,128,0.3895709365606308,128,0.4414418190717697,128,0.5585581958293915,128,0.1962784379720688,128,-0.21921959519386292,128,0.8599162101745605,128,2.0,128,1.0,128,0.0,128,18.0,128,0.4477527439594269,128,-1.2008936405181885,128,-0.4797191023826599,128
clean,117,19,4,0.24957319349050522,128,5.94901704788208,128,0.3305009454488754,128,0.6151992082595825,128,0.3848008066415787,128,0.21436434239149094,128,-0.3929769843816757,128,0.7907893359661102,128,1.0,128,1.0,128,0.0,128,18.0,128,0.7798302173614502,128,-1.7124103307724,128,-0.41598066687583923,128
clean,117,19,5,0.2060510218143463,128,5.5666303634643555,128,0.30925723910331726,128,0.5346903502941132,128,0.46530961990356445,128,0.10053855925798416,128,-0.31246817111968994,128,0.8777698278427124,128,1.0,128,1.0,128,0.0,128,18.0,128,0.5466614067554474,128,-1.728999137878418,128,-0.901837021112442,128
clean,117,19,6,0.3142954260110855,128,6.121013641357422,128,0.34005631506443024,128,0.5252240598201752,128,0.474775955080986,128,0.15810979902744293,128,-0.30300183594226837,128,0.8889669179916382,128,1.0,128,1.0,128,0.0,128,18.0,128,0.626164585351944,128,-1.937698781490326,128,-0.7985961735248566,128
clean,117,19,7,0.3441763371229172,128,7.2646191120147705,128,0.4035899490118027,128,0.4551120847463608,128,0.544887900352478,128,0.23215217888355255,128,-0.23288989067077637,128,0.8791653215885162,128,1.0,128,1.0,128,0.0,128,18.0,128,0.51383838057518,128,-1.5548336505889893,128,-0.46072809398174286,128
clean,117,19,8,0.27054986357688904,128,7.82598352432251,128,0.4347768723964691,128,0.3486832231283188,128,0.6513167917728424,128,0.23277711123228073,128,-0.126460999250412,128,0.9758147299289703,128,1.0,128,1.0,128,0.0,128,18.0,128,0.45496419072151184,128,-1.783277153968811,128,-0.8478927314281464,128
clean,117,19,9,0.28049059212207794,128,6.16012716293335,128,0.34222929179668427,128,0.5212998390197754,128,0.4787001460790634,128,0.15451189875602722,128,-0.299077644944191,128,0.8753075897693634,128,1.0,128,1.0,128,0.0,128,18.0,128,0.6013818383216858,128,-1.8152287006378174,128,-0.7826783955097198,128
clean,117,19,10,0.30615533888339996,128,9.095433235168457,128,0.505301833152771,128,0.2688342183828354,128,0.7311657667160034,128,0.2866479754447937,128,-0.04661202430725098,128,0.845189779996872,128,5.0,128,1.0,128,0.0,128,6.0,128,0.6353990435600281,128,-0.4984222501516342,128,-0.15198717266321182,128
clean,117,19,11,0.24023428559303284,128,5.084343671798706,128,0.28246353566646576,128,0.6194995641708374,128,0.3805004507303238,128,0.1087835468351841,128,-0.3972773402929306,128,0.7845697104930878,128,1.0,128,1.0,128,0.0,128,18.0,128,0.4935269355773926,128,-1.7197009921073914,128,-0.7260889708995819,128
clean,117,20,0,0.24695364385843277,128,6.465665340423584,128,0.35920362174510956,128,0.5259704887866974,128,0.4740294814109802,128,0.1801636517047882,128,-0.30374830961227417,128,0.8809798061847687,128,1.0,128,1.0,128,0.0,128,18.0,128,0.5360602736473083,128,-1.917323112487793,128,-0.6701213717460632,128
clean,117,20,1,0.49795345962047577,128,11.696533679962158,128,0.6498074233531952,128,0.08907407149672508,128,0.910925954580307,128,0.44302956759929657,128,0.1331481635570526,128,0.7237237095832825,128,18.0,128,1.0,128,0.0,128,6.0,128,0.8797264099121094,128,0.22467920929193497,128,0.023870354518294334,128
clean,117,20,2,0.35598324239254,128,11.353634357452393,128,0.6307574808597565,128,0.06571837142109871,128,0.9342816472053528,128,0.39974020421504974,128,0.1565038561820984,128,0.6813434362411499,128,18.0,128,1.0,128,0.0,128,6.0,128,0.8765503764152527,128,0.18809425830841064,128,-0.021205338649451733,128
clean,117,20,3,0.5574857294559479,128,12.200032711029053,128,0.6777795851230621,128,0.11868974566459656,128,0.8813101947307587,128,0.46515482664108276,128,0.10353240370750427,128,0.6506170630455017,128,18.0,128,1.0,128,0.0,128,6.0,128,0.839805006980896,128,0.07166149839758873,128,0.04610251262784004,128
clean,117,20,4,0.27234940230846405,128,5.790710687637329,128,0.3217061460018158,128,0.5816248059272766,128,0.4183751940727234,128,0.18131811171770096,128,-0.359402596950531,128,0.7669247984886169,128,1.0,128,1.0,128,0.0,128,18.0,128,0.4825766682624817,128,-1.3865490555763245,128,-0.48248444497585297,128
clean,117,20,5,0.5874519050121307,128,12.913389682769775,128,0.717410534620285,128,0.03222905844449997,128,0.967770904302597,128,0.5205061435699463,128,0.18999311327934265,128,0.5935562551021576,128,18.0,128,1.0,128,0.0,128,6.0,128,0.924810379743576,128,0.2854684144258499,128,0.09554996341466904,128
clean,117,20,6,0.17997676134109497,128,5.231274127960205,128,0.2906263470649719,128,0.6296868026256561,128,0.3703131824731827,128,0.1214616559445858,128,-0.4074646085500717,128,0.7901514172554016,128,1.0,128,1.0,128,0.0,128,18.0,128,0.717705637216568,128,-1.8248594403266907,128,-0.7025153338909149,128
clean,117,20,7,0.5972462594509125,128,16.45443820953369,128,0.9141354560852051,128,0.004139387281611562,128,0.9958606064319611,128,0.85613813996315,128,0.21808281540870667,128,0.4257325530052185,128,17.0,128,1.0,128,0.0,128,6.0,128,0.6037540137767792,128,1.1124737858772278,128,0.5847066938877106,128
clean,117,20,8,0.493018314242363,128,7.845321893692017,128,0.43585121631622314,128,0.5582886934280396,128,0.44171129167079926,128,0.322505384683609,128,-0.33606649935245514,128,0.5297104716300964,128,1.0,128,1.0,128,0.0,128,13.5,128,0.5038176774978638,128,-0.6697188317775726,128,0.0026090205064974725,128
clean,117,20,9,0.34753116965293884,128,10.72713327407837,128,0.5959518551826477,128,0.17846012115478516,128,0.8215399086475372,128,0.4115768074989319,128,0.04376211762428284,128,0.845492959022522,128,18.0,128,1.0,128,0.0,128,6.0,128,0.807492583990097,128,-0.08475704863667488,128,0.015394840855151415,128
clean,117,20,10,0.24639569967985153,128,6.653132677078247,128,0.3696184754371643,128,0.5114479660987854,128,0.4885520935058594,128,0.22026747465133667,128,-0.289225697517395,128,0.8689375519752502,128,1.0,128,1.0,128,0.0,128,18.0,128,0.707844078540802,128,-1.8051002025604248,128,-0.5583566725254059,128
clean,117,20,11,0.3150826543569565,128,5.151497840881348,128,0.2861943244934082,128,0.6381691098213196,128,0.36183086037635803,128,0.14425113797187805,128,-0.41594693064689636,128,0.6938284337520599,128,1.0,128,1.0,128,0.0,128,9.0,128,0.47020305693149567,128,-1.4512832164764404,128,-0.4131856858730316,128
clean,117,21,0,0.3343139886856079,128,5.640539646148682,128,0.31336331367492676,128,0.5478031933307648,128,0.4521968364715576,128,0.13124831020832062,128,-0.3255809545516968,128,0.683360368013382,128,1.0,128,1.0,128,0.0,128,6.0,128,0.4873046725988388,128,-1.0421372652053833,128,-0.36578628420829773,128
clean,117,21,1,0.353787437081337,128,5.75545334815979,128,0.3197474032640457,128,0.5488475859165192,128,0.45115242898464203,128,0.1374056413769722,128,-0.32662536203861237,128,0.8583864867687225,128,1.0,128,1.0,128,0.0,128,18.0,128,0.558852881193161,128,-1.7126197814941406,128,-0.7341409623622894,128
clean,117,21,2,0.2600819766521454,128,5.777194976806641,128,0.3209552764892578,128,0.5984528362751007,128,0.4015471637248993,128,0.18416335433721542,128,-0.3762306272983551,128,0.7960191667079926,128,1.0,128,1.0,128,0.0,128,18.0,128,0.7444952130317688,128,-1.6825226545333862,128,-0.557200163602829,128
clean,117,21,3,0.6405410170555115,128,14.694957733154297,128,0.8163865506649017,128,0.047850726172327995,128,0.9521493017673492,128,0.7120580971240997,128,0.17437151074409485,128,0.5008682459592819,128,18.0,128,1.0,128,0.0,128,6.0,128,0.8656861782073975,128,0.22364307940006256,128,0.14825252443552017,128
clean,117,21,4,0.4854046553373337,128,6.722505807876587,128,0.37347254157066345,128,0.48095762729644775,128,0.5190424025058746,128,0.20128945261240005,128,-0.25873538851737976,128,0.8866719007492065,128,1.0,128,1.0,128,0.0,128,18.0,128,0.6103253960609436,128,-1.586932122707367,128,-0.5993753969669342,128
clean,117,21,5,0.325131818652153,128,9.1934175491333,128,0.5107454359531403,128,0.22797885537147522,128,0.7720212042331696,128,0.2905861586332321,128,-0.005756586790084839,128,0.9193592667579651,128,5.0,128,1.0,128,0.0,128,6.0,128,0.6818332076072693,128,-0.2110358476638794,128,-0.14199697226285934,128
clean,117,21,6,0.2852162718772888,128,6.549185276031494,128,0.363843634724617,128,0.4985809624195099,128,0.5014190673828125,128,0.19372137635946274,128,-0.2763587236404419,128,0.8822830319404602,128,1.0,128,1.0,128,0.0,128,18.0,128,0.5597054660320282,128,-1.776814043521881,128,-0.7028258740901947,128
clean,117,21,7,0.28171364963054657,128,6.441917419433594,128,0.3578843027353287,128,0.4993741363286972,128,0.500625878572464,128,0.19131731986999512,128,-0.2771519124507904,128,0.8627268075942993,128,1.0,128,1.0,128,0.0,128,18.0,128,0.4408239722251892,128,-1.5685629844665527,128,-0.5885802209377289,128
clean,117,21,8,0.2388521209359169,128,2.2903305292129517,128,0.12724058330059052,128,0.8919663727283478,128,0.10803359746932983,128,0.032261911779642105,128,-0.6697441935539246,128,0.4284905344247818,128,1.0,128,1.0,128,0.0,128,18.0,128,0.5968844592571259,128,-1.6816145777702332,128,-0.5847762823104858,128
clean,117,21,9,0.616262674331665,128,12.796509742736816,128,0.710917204618454,128,0.14575960487127304,128,0.8542404174804688,128,0.594018816947937,128,0.07646262645721436,128,0.755905419588089,128,17.0,128,1.0,128,0.0,128,6.0,128,0.7549817264080048,128,-0.08579303324222565,128,0.2585347890853882,128
clean,117,21,10,0.5887604057788849,128,12.24058723449707,128,0.6800326108932495,128,0.1207512766122818,128,0.8792487382888794,128,0.49179263412952423,128,0.101470947265625,128,0.725275456905365,128,18.0,128,1.0,128,0.0,128,6.0,128,0.8174143433570862,128,0.21069836616516113,128,0.08079281449317932,128
clean,117,21,11,0.5300801992416382,128,15.609169960021973,128,0.8671760857105255,128,0.001724348752759397,128,0.9982757568359375,128,0.7511340081691742,128,0.2204979658126831,128,0.39142367243766785,128,18.0,128,0.9444444179534912,128,0.11764705926179886,128,6.0,128,0.941004753112793,128,0.7154809534549713,128,0.19139207154512405,128
clean,117,22,0,0.2533515691757202,128,5.157003402709961,128,0.2865002006292343,128,0.5930554270744324,128,0.40694454312324524,128,0.10731370002031326,128,-0.37083324790000916,128,0.8183656334877014,128,2.0,128,1.0,128,0.0,128,18.0,128,0.6160328090190887,128,-1.7284175157546997,128,-0.7690725326538086,128
clean,117,22,1,0.31714166700839996,128,6.1117353439331055,128,0.33954085409641266,128,0.5817165374755859,128,0.4182834178209305,128,0.1856662556529045,128,-0.3594943732023239,128,0.7835129499435425,128,1.0,128,1.0,128,0.0,128,18.0,128,0.625241219997406,128,-1.5351862907409668,128,-0.4842740595340729,128
clean,117,22,2,0.2927417606115341,128,5.886396884918213,128,0.3270220458507538,128,0.5362364649772644,128,0.4637635499238968,128,0.14669904857873917,128,-0.3140142410993576,128,0.8900443017482758,128,1.0,128,1.0,128,0.0,128,18.0,128,0.5561490654945374,128,-1.9778307676315308,128,-0.8595497012138367,128
clean,117,22,3,0.31987637281417847,128,4.866076707839966,128,0.2703375965356827,128,0.6803663671016693,128,0.3196336328983307,128,0.14011234790086746,128,-0.4581441581249237,128,0.766699343919754,128,1.0,128,1.0,128,0.0,128,18.0,128,0.6758743822574615,128,-1.865859031677246,128,-0.6259532272815704,128
clean,117,22,4,0.3341326415538788,128,7.086241722106934,128,0.3936800956726074,128,0.41573366522789,128,0.58426633477211,128,0.21070586144924164,128,-0.1935114562511444,128,0.8645856976509094,128,2.0,128,1.0,128,0.0,128,18.0,128,0.4981956034898758,128,-1.2822232246398926,128,-0.41624169051647186,128
clean,117,22,5,0.41896845400333405,128,6.568678617477417,128,0.3649265915155411,128,0.5030653178691864,128,0.4969346672296524,128,0.2044745832681656,128,-0.280843123793602,128,0.8769826591014862,128,1.0,128,1.0,128,0.0,128,18.0,128,0.6065515577793121,128,-1.5708075761795044,128,-0.5557042062282562,128
clean,117,22,6,0.40617889165878296,128,8.078049659729004,128,0.44878053665161133,128,0.3865218609571457,128,0.6134781241416931,128,0.3041560649871826,128,-0.16429966688156128,128,0.9101930260658264,128,2.0,128,1.0,128,0.0,128,18.0,128,0.696953535079956,128,-1.359911859035492,128,-0.300048366189003,128
clean,117,22,7,0.3630564510822296,128,9.469520092010498,128,0.5260844528675079,128,0.22879409790039062,128,0.7712059020996094,128,0.28184399008750916,128,-0.0065718889236450195,128,0.8888053894042969,128,11.0,128,1.0,128,0.0,128,6.0,128,0.6609250903129578,128,-0.20779342204332352,128,-0.11258910968899727,128
clean,117,22,8,0.39348071813583374,128,4.566463470458984,128,0.2536924183368683,128,0.6870836317539215,128,0.3129163682460785,128,0.09778296202421188,128,-0.4648614227771759,128,0.7389038801193237,128,1.0,128,1.0,128,0.0,128,18.0,128,0.4596980810165405,128,-1.91025710105896,128,-0.7184911966323853,128
clean,117,22,9,0.31626658141613007,128,6.879157543182373,128,0.38217541575431824,128,0.4455329477787018,128,0.5544670820236206,128,0.1868496537208557,128,-0.2233107089996338,128,0.9241535067558289,128,1.0,128,1.0,128,0.0,128,18.0,128,0.6698170304298401,128,-1.7422089576721191,128,-0.7790150344371796,128
clean,117,22,10,0.339107945561409,128,6.60802149772644,128,0.36711230874061584,128,0.4733140170574188,128,0.5266859233379364,128,0.19229180365800858,128,-0.251091867685318,128,0.8532800376415253,128,1.5,128,1.0,128,0.0,128,18.0,128,0.4277864843606949,128,-1.4226755499839783,128,-0.5233126878738403,128
clean,117,22,11,0.4114742875099182,128,12.27717638015747,128,0.682065337896347,128,0.048286523669958115,128,0.9517134428024292,128,0.47039762139320374,128,0.1739356517791748,128,0.6672797799110413,128,18.0,128,0.5,128,0.3529411852359772,128,6.0,128,0.8986047804355621,128,0.3232251852750778,128,0.06074925512075424,128
clean,117,23,0,0.242399699985981,128,5.6678760051727295,128,0.3148820102214813,128,0.5952103435993195,128,0.40478967130184174,128,0.14910319447517395,128,-0.37298811972141266,128,0.8396703600883484,128,1.0,128,1.0,128,0.0,128,18.0,128,0.4435406029224396,128,-1.9306569695472717,128,-0.7537638545036316,128
clean,117,23,1,0.3249446302652359,128,8.201543807983398,128,0.45564131438732147,128,0.3556884378194809,128,0.6443116068840027,128,0.23171767592430115,128,-0.1334661841392517,128,0.8538400232791901,128,1.0,128,0.8333333134651184,128,0.23529411852359772,128,6.0,128,0.5319900512695312,128,-0.8370882272720337,128,-0.26759766042232513,128
clean,117,23,2,0.29668109118938446,128,7.515231609344482,128,0.4175128638744354,128,0.36318835616111755,128,0.6368117034435272,128,0.20504313707351685,128,-0.14096608757972717,128,0.9595394432544708,128,1.0,128,1.0,128,0.0,128,18.0,128,0.5504290759563446,128,-1.568943202495575,128,-0.8135941326618195,128
clean,117,23,3,0.40918271243572235,128,5.444915056228638,128,0.3024952858686447,128,0.6041469573974609,128,0.39585304260253906,128,0.1380389779806137,128,-0.38192474842071533,128,0.8154317140579224,128,1.0,128,1.0,128,0.0,128,18.0,128,0.4777545928955078,128,-1.774685561656952,128,-0.676334947347641,128
clean,117,23,4,0.25815242528915405,128,5.459005832672119,128,0.3032781034708023,128,0.5733153223991394,128,0.4266846179962158,128,0.12846366316080093,128,-0.3510931730270386,128,0.7876570820808411,128,1.0,128,1.0,128,0.0,128,18.0,128,0.4063875824213028,128,-1.5692529678344727,128,-0.630453497171402,128
clean,117,23,5,0.4673190712928772,128,6.692969083786011,128,0.37183161079883575,128,0.4732557088136673,128,0.5267443060874939,128,0.19523005187511444,128,-0.2510334849357605,128,0.8908934593200684,128,1.0,128,1.0,128,0.0,128,18.0,128,0.4995492994785309,128,-1.5967557430267334,128,-0.5603136718273163,128
clean,117,23,6,0.28175462782382965,128,4.737828254699707,128,0.2632126808166504,128,0.6750626862049103,128,0.3249373286962509,128,0.1267150267958641,128,-0.4528404623270035,128,0.7169048190116882,128,1.0,128,1.0,128,0.0,128,18.0,128,0.5361888110637665,128,-1.6015333533287048,128,-0.5660004019737244,128
clean,117,23,7,0.27016718685626984,128,8.596513748168945,128,0.4775840938091278,128,0.34818345308303833,128,0.6518165767192841,128,0.30850744247436523,128,-0.12596121430397034,128,0.8304853439331055,128,1.0,128,1.0,128,0.0,128,6.0,128,0.524366706609726,128,-0.8864003717899323,128,-0.21405664086341858,128
clean,117,23,8,0.17681364715099335,128,3.983733654022217,128,0.2213185355067253,128,0.7319146990776062,128,0.268085315823555,128,0.045142440125346184,128,-0.5096924901008606,128,0.6934581696987152,128,1.0,128,1.0,128,0.0,128,18.0,128,0.540372222661972,128,-1.8350666165351868,128,-0.8211171925067902,128
clean,117,23,9,0.5720804929733276,128,6.94202446937561,128,0.3856680244207382,128,0.4843897819519043,128,0.5156102180480957,128,0.252119705080986,128,-0.2621675729751587,128,0.8177012801170349,128,1.0,128,1.0,128,0.0,128,18.0,128,0.6551232933998108,128,-1.4621912240982056,128,-0.3336009681224823,128
clean,117,23,10,0.3289661705493927,128,9.152924060821533,128,0.5084957778453827,128,0.18959027528762817,128,0.8104097545146942,128,0.262920081615448,128,0.03263196349143982,128,0.683915376663208,128,5.0,128,0.0,128,0.0,128,6.0,128,0.7309319972991943,128,-0.36440274119377136,128,-0.14969349652528763,128
clean,117,23,11,0.528045266866684,128,5.889597415924072,128,0.32719986140727997,128,0.5648717284202576,128,0.4351282864809036,128,0.19294330477714539,128,-0.34264950454235077,128,0.8179429173469543,128,1.0,128,1.0,128,0.0,128,18.0,128,0.6155973970890045,128,-1.627584993839264,128,-0.4976518005132675,128
clean,117,24,0,0.28805795311927795,128,4.390931844711304,128,0.24394065886735916,128,0.7001237869262695,128,0.29987624287605286,128,0.09195051342248917,128,-0.47790154814720154,128,0.7018730044364929,128,1.0,128,1.0,128,0.0,128,18.0,128,0.5801002979278564,128,-1.7814391255378723,128,-0.6848450601100922,128
clean,117,24,1,0.2702694833278656,128,4.212346315383911,128,0.23401924222707748,128,0.7163417041301727,128,0.28365829586982727,128,0.09618716686964035,128,-0.4941194951534271,128,0.7232837975025177,128,1.0,128,1.0,128,0.0,128,18.0,128,0.5647675395011902,128,-1.9833120107650757,128,-0.7490584254264832,128
clean,117,24,2,0.41560550034046173,128,10.988109588623047,128,0.6104505360126495,128,0.032120075076818466,128,0.9678798913955688,128,0.3472750782966614,128,0.19010210037231445,128,0.6697347462177277,128,18.0,128,0.7222222089767456,128,0.29411765933036804,128,6.0,128,0.8912029266357422,128,0.5128209590911865,128,0.05639705806970596,128
clean,117,24,3,0.2991333305835724,128,5.611830949783325,128,0.31176838278770447,128,0.570578545331955,128,0.42942142486572266,128,0.14041803032159805,128,-0.34835636615753174,128,0.8511231243610382,128,1.0,128,1.0,128,0.0,128,18.0,128,0.6489635407924652,128,-1.8756151795387268,128,-0.718720555305481,128
clean,117,24,4,0.281481608748436,128,6.869658470153809,128,0.3816476911306381,128,0.4479641169309616,128,0.5520358681678772,128,0.18405773490667343,128,-0.2257419228553772,128,0.9311453700065613,128,1.0,128,1.0,128,0.0,128,18.0,128,0.5871686041355133,128,-1.8700894117355347,128,-0.7925768494606018,128
clean,117,24,5,0.23995397984981537,128,5.630847454071045,128,0.3128248602151871,128,0.5445304811000824,128,0.4554695039987564,128,0.14485908299684525,128,-0.322308287024498,128,0.8576030433177948,128,1.0,128,1.0,128,0.0,128,18.0,128,0.4561120867729187,128,-1.7499962449073792,128,-0.7885912954807281,128
clean,117,24,6,0.46453621983528137,128,6.872304439544678,128,0.38179469108581543,128,0.4955749958753586,128,0.5044249892234802,128,0.21895014494657516,128,-0.27335280179977417,128,0.8692599833011627,128,1.0,128,1.0,128,0.0,128,18.0,128,0.5728805065155029,128,-1.6116054058074951,128,-0.504810094833374,128
clean,117,24,7,0.499202162027359,128,5.757068872451782,128,0.31983715295791626,128,0.5715087056159973,128,0.42849133908748627,128,0.1477329209446907,128,-0.3492864519357681,128,0.8280739188194275,128,1.0,128,1.0,128,0.0,128,18.0,128,0.5790902078151703,128,-1.7232123017311096,128,-0.6625368893146515,128
clean,117,24,8,0.5132758319377899,128,6.689603567123413,128,0.37164464592933655,128,0.49508701264858246,128,0.5049130022525787,128,0.19432228058576584,128,-0.27286478877067566,128,0.8704749643802643,128,1.0,128,1.0,128,0.0,128,18.0,128,0.5452611148357391,128,-1.6235772371292114,128,-0.5717291831970215,128
clean,117,24,9,0.3879340589046478,128,6.6272196769714355,128,0.3681788742542267,128,0.47252166271209717,128,0.5274783372879028,128,0.1957143470644951,128,-0.25029945373535156,128,0.8917029798030853,128,1.0,128,1.0,128,0.0,128,18.0,128,0.6322885453701019,128,-1.5961087346076965,128,-0.609756588935852,128
clean,117,24,10,0.5974150002002716,128,6.611006259918213,128,0.367278128862381,128,0.52100670337677,128,0.47899332642555237,128,0.21086594462394714,128,-0.298784464597702,128,0.8375368416309357,128,1.0,128,1.0,128,0.0,128,18.0,128,0.5599837005138397,128,-1.5895692706108093,128,-0.4962884783744812,128
clean,117,24,11,0.6079550385475159,128,7.349839210510254,128,0.40832439064979553,128,0.43713851273059845,128,0.5628614723682404,128,0.22449123114347458,128,-0.21491631865501404,128,0.8887895941734314,128,2.0,128,1.0,128,0.0,128,18.0,128,0.5591259598731995,128,-1.4265547394752502,128,-0.4926123321056366,128
clean,117,25,0,0.2594282627105713,128,6.593791961669922,128,0.36632177233695984,128,0.47363361716270447,128,0.5263663828372955,128,0.17460854351520538,128,-0.25141140818595886,128,0.8712525963783264,128,1.0,128,1.0,128,0.0,128,18.0,128,0.5845940113067627,128,-1.5983139872550964,128,-0.6388644576072693,128
clean,117,25,1,0.3433009684085846,128,6.226275444030762,128,0.3459042012691498,128,0.5548451840877533,128,0.4451548308134079,128,0.18928954005241394,128,-0.3326229602098465,128,0.8316281139850616,128,1.0,128,1.0,128,0.0,128,18.0,128,0.5596040785312653,128,-1.5604094862937927,128,-0.5119952261447906,128
clean,117,25,2,0.29447540640830994,128,4.931250095367432,128,0.27395834028720856,128,0.6361461877822876,128,0.3638538122177124,128,0.13097358494997025,128,-0.413923978805542,128,0.7610569894313812,128,1.0,128,1.0,128,0.0,128,18.0,128,0.5355712175369263,128,-1.6326277256011963,128,-0.6253252923488617,128
clean,117,25,3,0.28391601145267487,128,6.174073934555054,128,0.34300410747528076,128,0.5182881951332092,128,0.4817117750644684,128,0.1703120619058609,128,-0.296066015958786,128,0.7931057810783386,128,1.5,128,1.0,128,0.0,128,18.0,128,0.47132642567157745,128,-1.4780803322792053,128,-0.5193995535373688,128
clean,117,25,4,0.27141204476356506,128,6.611401081085205,128,0.36730004847049713,128,0.4564920514822006,128,0.5435079336166382,128,0.15013256669044495,128,-0.2342698574066162,128,0.8131807744503021,128,2.5,128,1.0,128,0.0,128,18.0,128,0.39956967532634735,128,-1.3255643248558044,128,-0.5716241896152496,128
clean,117,25,5,0.25731049478054047,128,7.23002028465271,128,0.4016678035259247,128,0.4004744291305542,128,0.5995255410671234,128,0.18636219948530197,128,-0.17825224995613098,128,0.9436144828796387,128,1.0,128,1.0,128,0.0,128,18.0,128,0.5107572972774506,128,-1.6323202848434448,128,-0.8062895238399506,128
clean,117,25,6,0.3538149893283844,128,10.128634452819824,128,0.562701940536499,128,0.09849774092435837,128,0.9015022814273834,128,0.3177594542503357,128,0.12372449040412903,128,0.7421844303607941,128,18.0,128,1.0,128,0.0,128,6.0,128,0.7922254502773285,128,0.05578157864511013,128,-0.09319066628813744,128
clean,117,25,7,0.7728153169155121,128,13.366629600524902,128,0.7425905168056488,128,0.005516540724784136,128,0.9944835007190704,128,0.4669245332479477,128,0.21670570969581604,128,0.5782077312469482,128,18.0,128,0.3333333432674408,128,0.29411765933036804,128,6.0,128,0.9483858346939087,128,0.7044867277145386,128,0.21874656528234482,128
clean,117,25,8,0.28376396000385284,128,5.621652841567993,128,0.312314048409462,128,0.5579109191894531,128,0.44208912551403046,128,0.12511366605758667,128,-0.33568866550922394,128,0.7673791348934174,128,1.0,128,1.0,128,0.0,128,18.0,128,0.4102819710969925,128,-1.500975251197815,128,-0.6135479509830475,128
clean,117,25,9,0.32772308588027954,128,10.407052516937256,128,0.578169584274292,128,0.065348319709301,128,0.9346516728401184,128,0.29035139083862305,128,0.156873881816864,128,0.736611396074295,128,11.0,128,0.9444444179534912,128,0.11764705926179886,128,6.0,128,0.8829230070114136,128,0.41139161586761475,128,0.021105151623487473,128
clean,117,25,10,0.24634737521409988,128,6.336507081985474,128,0.35202817618846893,128,0.5198437571525574,128,0.4801562428474426,128,0.19131293147802353,128,-0.29762154817581177,128,0.8872710764408112,128,1.0,128,1.0,128,0.0,128,18.0,128,0.7605827450752258,128,-1.8563085198402405,128,-0.6600201725959778,128
clean,117,25,11,0.257297083735466,128,5.4083168506622314,128,0.3004620373249054,128,0.5685545206069946,128,0.4314454644918442,128,0.12552597001194954,128,-0.3463323265314102,128,0.8037112355232239,128,1.0,128,1.0,128,0.0,128,18.0,128,0.5161031186580658,128,-1.6055757403373718,128,-0.7272036075592041,128
clean,117,26,0,0.3453953415155411,128,8.657008171081543,128,0.480944886803627,128,0.30535662174224854,128,0.6946434080600739,128,0.29076413810253143,128,-0.08313438296318054,128,0.9686633050441742,128,1.0,128,1.0,128,0.0,128,18.0,128,0.4788314402103424,128,-1.2812261581420898,128,-0.39230212569236755,128
clean,117,26,1,0.32915203273296356,128,9.507688045501709,128,0.5282048881053925,128,0.20293275266885757,128,0.7970672249794006,128,0.2815508544445038,128,0.01928943395614624,128,0.9434583187103271,128,6.0,128,1.0,128,0.0,128,6.0,128,0.5135349035263062,128,0.07900000363588333,128,-0.08792422711849213,128
clean,117,26,2,0.20150810480117798,128,4.7155070304870605,128,0.2619726061820984,128,0.6234170496463776,128,0.37658295035362244,128,0.08284014835953712,128,-0.40119484066963196,128,0.771755576133728,128,1.0,128,1.0,128,0.0,128,18.0,128,0.44604769349098206,128,-1.7333213686943054,128,-0.850864052772522,128
clean,117,26,3,0.1927209347486496,128,6.759397506713867,128,0.37552209198474884,128,0.43411850929260254,128,0.5658814311027527,128,0.17863953113555908,128,-0.2118963599205017,128,0.9322337806224823,128,1.0,128,1.0,128,0.0,128,18.0,128,0.697052389383316,128,-1.7345157265663147,128,-0.7851096391677856,128
clean,117,26,4,0.37501707673072815,128,11.254669189453125,128,0.6252593994140625,128,0.09822846204042435,128,0.9017715752124786,128,0.41075603663921356,128,0.12399378418922424,128,0.7594328820705414,128,18.0,128,1.0,128,0.0,128,6.0,128,0.8845044374465942,128,0.29962827265262604,128,0.04441905580461025,128
clean,117,26,5,0.22895153611898422,128,7.285962343215942,128,0.4047756940126419,128,0.3917388319969177,128,0.6082611382007599,128,0.21069210022687912,128,-0.1695166528224945,128,0.8129661083221436,128,1.0,128,1.0,128,0.0,128,6.0,128,0.5768822729587555,128,-0.9359706342220306,128,-0.39033350348472595,128
clean,117,26,6,0.227863609790802,128,5.5249342918396,128,0.30694079399108887,128,0.6160676777362823,128,0.38393230736255646,128,0.16444141417741776,128,-0.39384548366069794,128,0.7708347737789154,128,1.0,128,1.0,128,0.0,128,18.0,128,0.6926921904087067,128,-1.6189691424369812,128,-0.5103768110275269,128
clean,117,26,7,0.3216172009706497,128,9.567723274230957,128,0.531540185213089,128,0.20052273571491241,128,0.7994772493839264,128,0.28510361909866333,128,0.021699458360671997,128,0.839356929063797,128,15.0,128,1.0,128,0.0,128,6.0,128,0.7751927673816681,128,-0.21416912972927094,128,-0.12943127751350403,128
clean,117,26,8,0.21209217607975006,128,3.5893183946609497,128,0.19940657913684845,128,0.7829296886920929,128,0.2170703336596489,128,0.04539022408425808,128,-0.5607074797153473,128,0.6354199349880219,128,1.0,128,1.0,128,0.0,128,18.0,128,0.48931990563869476,128,-1.7592489123344421,128,-0.7628927826881409,128
clean,117,26,9,0.21498054265975952,128,6.431403636932373,128,0.35730019211769104,128,0.47307151556015015,128,0.5269284546375275,128,0.16416479647159576,128,-0.25084933638572693,128,0.8341248631477356,128,2.0,128,1.0,128,0.0,128,18.0,128,0.5057029128074646,128,-1.4275946021080017,128,-0.5564850866794586,128
clean,117,26,10,0.47493039071559906,128,10.238593578338623,128,0.5688107311725616,128,0.23523154854774475,128,0.7647685110569,128,0.3660222589969635,128,-0.01300927996635437,128,0.8055173456668854,128,17.0,128,1.0,128,0.0,128,6.0,128,0.632746160030365,128,-0.08845274522900581,128,0.013384478632360697,128
clean,117,26,11,0.22196634113788605,128,6.081923484802246,128,0.33788464963436127,128,0.4881179481744766,128,0.5118820369243622,128,0.14672717452049255,128,-0.2658957540988922,128,0.7995414435863495,128,1.5,128,1.0,128,0.0,128,18.0,128,0.4229079335927963,128,-1.2035241723060608,128,-0.5220732688903809,128
clean,117,27,0,0.2680532932281494,128,8.189470767974854,128,0.4549705982208252,128,0.3536072075366974,128,0.646392822265625,128,0.2750362306833267,128,-0.1313849687576294,128,0.966521292924881,128,1.0,128,1.0,128,0.0,128,18.0,128,0.6188570857048035,128,-1.783569574356079,128,-0.608487993478775,128
clean,117,27,1,0.15802405774593353,128,8.080554485321045,128,0.44891969859600067,128,0.4305049628019333,128,0.5694950520992279,128,0.3283766508102417,128,-0.2082827389240265,128,0.9304296374320984,128,1.0,128,1.0,128,0.0,128,18.0,128,0.9133776724338531,128,-1.650798499584198,128,-0.28000810742378235,128
clean,117,27,2,0.16370395570993423,128,2.1773245334625244,128,0.1209624744951725,128,0.9086504578590393,128,0.0913495309650898,128,0.027193165384232998,128,-0.6864282488822937,128,0.4305259734392166,128,1.0,128,1.0,128,0.0,128,18.0,128,0.5967692732810974,128,-1.8921963572502136,128,-0.7147173285484314,128
clean,117,27,3,0.29738281667232513,128,6.131101131439209,128,0.34061673283576965,128,0.5947471261024475,128,0.4052529036998749,128,0.226081982254982,128,-0.3725248873233795,128,0.7233529686927795,128,1.0,128,1.0,128,0.0,128,18.0,128,0.736019641160965,128,-1.438829243183136,128,-0.4574340581893921,128
clean,117,27,4,0.13430141657590866,128,7.962766408920288,128,0.44237591326236725,128,0.35025180876255035,128,0.6497482061386108,128,0.2584494352340698,128,-0.12802958488464355,128,0.9779627025127411,128,1.0,128,1.0,128,0.0,128,18.0,128,0.6460622251033783,128,-2.009837508201599,128,-0.7725580632686615,128
clean,117,27,5,0.1754189357161522,128,8.682805061340332,128,0.4823780506849289,128,0.3121185451745987,128,0.6878814697265625,128,0.30640704929828644,128,-0.0898963212966919,128,0.9813853204250336,128,1.0,128,1.0,128,0.0,128,18.0,128,0.640612781047821,128,-1.6876897811889648,128,-0.4651130884885788,128
clean,117,27,6,0.44318972527980804,128,13.623517990112305,128,0.7568621039390564,128,0.021059385500848293,128,0.9789406657218933,128,0.5725192725658417,128,0.20116287469863892,128,0.5942338109016418,128,18.0,128,1.0,128,0.0,128,6.0,128,0.8621324300765991,128,0.5152312219142914,128,0.0786227360367775,128
clean,117,27,7,0.47427602112293243,128,12.921821594238281,128,0.7178789973258972,128,0.03207028843462467,128,0.9679296612739563,128,0.5429755747318268,128,0.1901518702507019,128,0.6539668142795563,128,18.0,128,1.0,128,0.0,128,6.0,128,0.8505515456199646,128,0.643973171710968,128,0.1102256141602993,128
clean,117,27,8,0.19632045924663544,128,5.633569955825806,128,0.3129761070013046,128,0.5494019985198975,128,0.4505980312824249,128,0.1104012206196785,128,-0.32717975974082947,128,0.8197290599346161,128,1.0,128,1.0,128,0.0,128,18.0,128,0.43271273374557495,128,-1.6261252164840698,128,-0.7409269511699677,128
clean,117,27,9,0.33942465484142303,128,7.159886360168457,128,0.3977714627981186,128,0.3510533571243286,128,0.6489466428756714,128,0.15458685159683228,128,-0.128831148147583,128,0.8289233148097992,128,1.0,128,1.0,128,0.0,128,6.0,128,0.4740082770586014,128,-0.5963394939899445,128,-0.47296926379203796,128
clean,117,27,10,0.25054048746824265,128,8.12226915359497,128,0.45123717188835144,128,0.19815462827682495,128,0.801845371723175,128,0.1814459264278412,128,0.024067580699920654,128,0.783989816904068,128,5.0,128,1.0,128,0.0,128,6.0,128,0.6671632826328278,128,-0.344369500875473,128,-0.2564903199672699,128
clean,117,27,11,0.29882490634918213,128,4.022158145904541,128,0.22345323115587234,128,0.5789367258548737,128,0.42106324434280396,128,0.027415125630795956,128,-0.35671454668045044,128,0.5954402387142181,128,1.0,128,1.0,128,0.0,128,18.0,128,0.515886664390564,128,-1.159121036529541,128,-0.68765988945961,128
clean,117,28,0,0.013781238347291946,128,1.0342888236045837,128,0.057460490614175797,128,0.9996621012687683,128,0.0003379543049959466,128,2.5751681278052274e-05,128,-0.7774398326873779,128,0.05046224594116211,128,1.0,128,1.0,128,0.0,128,6.0,128,0.4261951744556427,128,-1.6070760488510132,128,-0.8172849714756012,128
clean,117,28,1,0.14780891686677933,128,1.9090940952301025,128,0.10606078431010246,128,0.9023219347000122,128,0.09767807275056839,128,0.02002057060599327,128,-0.6800997257232666,128,0.33031409978866577,128,1.0,128,1.0,128,0.0,128,18.0,128,0.4123377501964569,128,-1.5623395442962646,128,-0.6852881014347076,128
clean,117,28,2,0.11876516416668892,128,4.940551042556763,128,0.2744750678539276,128,0.646419882774353,128,0.3535801023244858,128,0.10090838745236397,128,-0.4241976886987686,128,0.8184518814086914,128,1.0,128,1.0,128,0.0,128,18.0,128,0.39888085424900055,128,-2.068781852722168,128,-0.8609740138053894,128
clean,117,28,3,0.1467858850955963,128,6.473068952560425,128,0.35961493849754333,128,0.42993390560150146,128,0.5700661242008209,128,0.1347656548023224,128,-0.20771166682243347,128,0.9063384830951691,128,1.0,128,1.0,128,0.0,128,18.0,128,0.5399638414382935,128,-1.4749091863632202,128,-0.766423374414444,128
clean,117,28,4,0.11566699296236038,128,7.519659996032715,128,0.41775888204574585,128,0.3984496593475342,128,0.6015503108501434,128,0.21971724927425385,128,-0.17622748017311096,128,0.9598053395748138,128,3.0,128,1.0,128,0.0,128,18.0,128,0.7586605548858643,128,-1.9423220753669739,128,-0.7554770708084106,128
clean,117,28,5,0.23297815769910812,128,10.088484287261963,128,0.5604713559150696,128,0.2008175328373909,128,0.7991825640201569,128,0.343518391251564,128,0.021404772996902466,128,0.8738709390163422,128,18.0,128,1.0,128,0.0,128,6.0,128,0.7731554210186005,128,0.10756772756576538,128,-0.015989970415830612,128
clean,117,28,6,0.5122981071472168,128,13.346409797668457,128,0.7414672076702118,128,0.04847142845392227,128,0.9515286087989807,128,0.5975882411003113,128,0.17375081777572632,128,0.6072772741317749,128,18.0,128,1.0,128,0.0,128,6.0,128,0.7783864736557007,128,0.19487033039331436,128,-0.022079963237047195,128
clean,117,28,7,0.12666741758584976,128,9.087554931640625,128,0.5048641860485077,128,0.31977300345897675,128,0.6802270114421844,128,0.35684747993946075,128,-0.09755077958106995,128,0.9804112315177917,128,1.0,128,1.0,128,0.0,128,18.0,128,0.8173646926879883,128,-1.6633113026618958,128,-0.16194729506969452,128
clean,117,28,8,0.6510292589664459,128,16.95486068725586,128,0.941936731338501,128,2.384220323392583e-07,128,0.9999997615814209,128,0.8572256565093994,128,0.2222219705581665,128,0.261521577835083,128,18.0,128,1.0,128,0.0,128,6.0,128,0.8559181690216064,128,0.9580537378787994,128,0.4731038361787796,128
clean,117,28,9,0.2712382376194,128,5.430575370788574,128,0.30169863998889923,128,0.6226406097412109,128,0.37735942006111145,128,0.15145426988601685,128,-0.40041837096214294,128,0.7836031913757324,128,1.0,128,1.0,128,0.0,128,18.0,128,0.5487605035305023,128,-1.671586036682129,128,-0.607787162065506,128
clean,117,28,10,0.24263302236795425,128,12.010776996612549,128,0.667265385389328,128,0.03974580764770508,128,0.9602541625499725,128,0.37203970551490784,128,0.18247637152671814,128,0.6876207292079926,128,18.0,128,1.0,128,0.0,128,6.0,128,0.945044606924057,128,0.5028760135173798,128,0.1413503810763359,128
clean,117,28,11,0.711267739534378,128,17.894495964050293,128,0.9941386580467224,128,0.0,128,1.0,128,0.986745148897171,128,0.2222222089767456,128,0.045493800193071365,128,18.0,128,1.0,128,0.0,128,6.0,128,0.8839559257030487,128,0.9733287692070007,128,0.4164373278617859,128
clean,117,29,0,0.5893812775611877,128,11.701179027557373,128,0.6500654816627502,128,0.11010761559009552,128,0.8898924291133881,128,0.4426758289337158,128,0.11211463809013367,128,0.8211138546466827,128,18.0,128,1.0,128,0.0,128,6.0,128,0.8393165469169617,128,0.40290889143943787,128,0.13696837425231934,128
clean,117,29,1,0.2157805934548378,128,7.978698492050171,128,0.4432610273361206,128,0.3648320883512497,128,0.6351678967475891,128,0.2762414515018463,128,-0.14260989427566528,128,0.9614459574222565,128,1.0,128,1.0,128,0.0,128,18.0,128,0.5759795308113098,128,-1.8541467189788818,128,-0.5769107639789581,128
clean,117,29,2,0.6339287459850311,128,15.725353240966797,128,0.8736307322978973,128,0.009254022501409054,128,0.9907459318637848,128,0.7828618586063385,128,0.2129681408405304,128,0.48108142614364624,128,18.0,128,1.0,128,0.0,128,6.0,128,0.747823566198349,128,0.8729058802127838,128,0.24941648542881012,128
clean,117,29,3,0.11958254873752594,128,3.0227456092834473,128,0.16793031245470047,128,0.8199797570705414,128,0.18002025038003922,128,0.0361957810819149,128,-0.5977575182914734,128,0.6353975832462311,128,1.0,128,1.0,128,0.0,128,18.0,128,0.5463693737983704,128,-2.088665723800659,128,-0.8806968927383423,128
clean,117,29,4,0.2307024598121643,128,7.987110137939453,128,0.44372834265232086,128,0.39797964692115784,128,0.6020203530788422,128,0.28250670433044434,128,-0.17575743794441223,128,0.9230332970619202,128,1.0,128,1.0,128,0.0,128,18.0,128,0.5754463076591492,128,-1.449368953704834,128,-0.34667183458805084,128
clean,117,29,5,0.3630685806274414,128,10.160566806793213,128,0.564475953578949,128,0.3305206298828125,128,0.6694793701171875,128,0.465831995010376,128,-0.1082984209060669,128,0.8820606172084808,128,17.0,128,1.0,128,0.0,128,18.0,128,0.7291200459003448,128,-1.0055125951766968,128,-0.003042931202799082,128
clean,117,29,6,0.15769288688898087,128,7.901535272598267,128,0.43897417187690735,128,0.3476814776659012,128,0.65231853723526,128,0.23988037556409836,128,-0.12545925378799438,128,0.9776571989059448,128,1.0,128,1.0,128,0.0,128,18.0,128,0.5889316201210022,128,-1.9439553618431091,128,-0.8757219016551971,128
clean,117,29,7,0.16336147487163544,128,9.557477474212646,128,0.530970960855484,128,0.21650529652833939,128,0.7834947109222412,128,0.34093213081359863,128,0.005716919898986816,128,0.9415603876113892,128,18.0,128,1.0,128,0.0,128,6.0,128,0.6859263777732849,128,-0.15755295008420944,128,-0.09631732478737831,128
clean,117,29,8,0.1358254998922348,128,5.164280652999878,128,0.2869044691324234,128,0.6339826881885529,128,0.36601729691028595,128,0.1390618234872818,128,-0.41176049411296844,128,0.8155278861522675,128,1.0,128,1.0,128,0.0,128,18.0,128,0.7715593576431274,128,-2.0049240589141846,128,-0.6880351006984711,128
clean,117,29,9,0.515427440404892,128,4.3278021812438965,128,0.2404334545135498,128,0.8019700646400452,128,0.19802992045879364,128,0.19398439675569534,128,-0.5797478556632996,128,0.16897962987422943,128,1.0,128,1.0,128,0.0,128,6.0,128,0.805945485830307,128,0.4416685402393341,128,0.0017155696405097842,128
clean,117,29,10,0.13426723331212997,128,10.223733901977539,128,0.5679852068424225,128,0.19775390625,128,0.80224609375,128,0.38791829347610474,128,0.024468302726745605,128,0.9687767922878265,128,18.0,128,1.0,128,0.0,128,6.0,128,0.5911819338798523,128,0.27826355397701263,128,0.22651172429323196,128
clean,117,29,11,0.6039842963218689,128,12.948024272918701,128,0.7193346917629242,128,0.1416686400771141,128,0.8583313226699829,128,0.6268576085567474,128,0.08055353164672852,128,0.7568003535270691,128,17.0,128,1.0,128,0.0,128,6.0,128,0.5781306624412537,128,-0.15948472172021866,128,0.1942010447382927,128
noisy,21,0,0,0.1917370930314064,128,6.371507406234741,128,0.3539726361632347,128,0.42257533222436905,128,0.5774246603250504,128,0.11472570151090622,128,-0.20035313069820404,128,0.9237255156040192,128,1.0,128,0.8333333134651184,128,0.11764705926179886,128,18.0,128,0.737685889005661,128,-1.4784677028656006,128,-0.8824960589408875,128
noisy,21,0,1,0.2294827364385128,128,3.6902922987937927,128,0.20501624047756195,128,0.7842598408460617,128,0.2157401628792286,128,0.10572070628404617,128,-0.5620376318693161,128,0.6226973831653595,128,1.0,128,1.0,128,0.0,128,18.0,128,0.7087883800268173,128,-1.903542309999466,128,-0.5647199749946594,128
noisy,21,0,2,0.1963161565363407,128,9.712080955505371,128,0.5395600497722626,128,0.22177883237600327,128,0.7782211750745773,128,0.35805563628673553,128,0.000443384051322937,128,0.9971778094768524,128,18.0,128,1.0,128,0.0,128,18.0,128,0.4966837838292122,128,-0.05985457333736122,128,0.35138947516679764,128
noisy,21,0,3,0.19311009719967842,128,9.490333318710327,128,0.5272407382726669,128,0.2218848243355751,128,0.7781151533126831,128,0.3308257982134819,128,0.00033736228942871094,128,0.9990740716457367,128,11.0,128,1.0,128,0.0,128,18.0,128,0.3858765438199043,128,0.04683237615972757,128,-0.02999917126726359,128
noisy,21,0,4,0.6152927577495575,128,13.475906133651733,128,0.7486614435911179,128,0.06833326071500778,128,0.9316667318344116,128,0.5942926704883575,128,0.15388894081115723,128,0.6523860991001129,128,18.0,128,1.0,128,0.0,128,6.0,128,0.8440600335597992,128,0.32354816049337387,128,0.10196547210216522,128
noisy,21,0,5,0.734526738524437,128,14.7035493850708,128,0.8168638497591019,128,0.028711197432130575,128,0.9712887406349182,128,0.6329936683177948,128,0.19351094961166382,128,0.6023480743169785,128,18.0,128,1.0,128,0.0,128,6.0,128,0.7658233493566513,128,0.8710422366857529,128,0.4748782739043236,128
noisy,21,0,6,0.6473662853240967,128,10.513078689575195,128,0.5840599238872528,128,0.18782223016023636,128,0.812177762389183,128,0.4135442525148392,128,0.03439997136592865,128,0.6928139477968216,128,18.0,128,1.0,128,0.0,128,6.0,128,0.6349616795778275,128,-0.11938303895294666,128,-0.19770219922065735,128
noisy,21,0,7,0.5062307491898537,128,9.039772987365723,128,0.5022096261382103,128,0.27239104360342026,128,0.727608934044838,128,0.29025794565677643,128,-0.05016885697841644,128,0.9531731754541397,128,5.0,128,1.0,128,0.0,128,6.0,128,0.6522016078233719,128,-0.6407531425356865,128,-0.19352997466921806,128
noisy,21,0,8,0.21022465452551842,128,9.47471284866333,128,0.5263729393482208,128,0.2242889441549778,128,0.7757110297679901,128,0.33393095433712006,128,-0.0020667612552642822,128,0.9993127286434174,128,10.0,128,1.0,128,0.0,128,18.0,128,0.38800831139087677,128,-0.23913506418466568,128,-0.11226830258965492,128
noisy,21,0,9,0.2849789559841156,128,10.29686975479126,128,0.5720483362674713,128,0.2306758537888527,128,0.7693241387605667,128,0.42640796303749084,128,-0.008453652262687683,128,0.9753278940916061,128,18.0,128,0.5694444626569748,128,0.11764705926179886,128,18.0,128,0.6121730357408524,128,-0.29982467740774155,128,0.33847103267908096,128
noisy,21,0,10,0.3040398880839348,128,15.181464910507202,128,0.8434147089719772,128,0.004548794706352055,128,0.9954511821269989,128,0.8416692912578583,128,0.2176733911037445,128,0.7531452625989914,128,18.0,128,1.0,128,0.0,128,18.0,128,0.5691573470830917,128,1.907798409461975,128,0.9832172989845276,128
noisy,21,0,11,0.61866295337677,128,12.310867547988892,128,0.6839370727539062,128,0.19506873562932014,128,0.8049312680959702,128,0.5192177593708038,128,0.02715347707271576,128,0.7015800029039383,128,18.0,128,1.0,128,0.0,128,6.0,128,0.463656485080719,128,-0.08075505122542381,128,0.32395000010728836,128
noisy,21,1,0,0.3090807721018791,128,6.997479557991028,128,0.388748861849308,128,0.4706585258245468,128,0.5293414890766144,128,0.22895071282982826,128,-0.24843630194664001,128,0.8506018221378326,128,1.0,128,1.0,128,0.0,128,12.0,128,0.5062786638736725,128,-1.3152426481246948,128,-0.34559424966573715,128
noisy,21,1,1,0.33345481008291245,128,12.933782577514648,128,0.7185434848070145,128,0.01378978742286563,128,0.9862102568149567,128,0.48376160860061646,128,0.20843246579170227,128,0.5785578489303589,128,14.5,128,0.6666666567325592,128,0.3529411852359772,128,6.0,128,0.9275535196065903,128,0.5171813070774078,128,0.17393548414111137,128
noisy,21,1,2,0.43604544550180435,128,7.390941500663757,128,0.41060786694288254,128,0.5030790194869041,128,0.49692098796367645,128,0.31138836592435837,128,-0.28085680305957794,128,0.783917099237442,128,1.0,128,1.0,128,0.0,128,18.0,128,0.6189186275005341,128,-1.099555641412735,128,-0.085321594029665,128
noisy,21,1,3,0.39889103174209595,128,10.060475587844849,128,0.5589153170585632,128,0.3109569400548935,128,0.6890430897474289,128,0.4644442945718765,128,-0.0887347012758255,128,0.8537269979715347,128,9.5,128,1.0,128,0.0,128,18.0,128,0.7525699436664581,128,-0.6878709197044373,128,0.044110065791755915,128
noisy,21,1,4,0.4451722353696823,128,5.587330460548401,128,0.31040725111961365,128,0.6329497992992401,128,0.3670501857995987,128,0.1759728081524372,128,-0.4107276052236557,128,0.6282231360673904,128,1.0,128,1.0,128,0.0,128,6.0,128,0.44260865449905396,128,-1.153002291917801,128,-0.4286043345928192,128
noisy,21,1,5,0.44487442821264267,128,9.964346170425415,128,0.553574800491333,128,0.23731180280447006,128,0.7626882046461105,128,0.38648170977830887,128,-0.01508958637714386,128,0.9799278527498245,128,17.5,128,1.0,128,0.0,128,9.0,128,0.605476975440979,128,-0.26588284224271774,128,0.24403683468699455,128
noisy,21,1,6,0.3645465150475502,128,13.15841031074524,128,0.7310228049755096,128,0.11127188429236412,128,0.8887281715869904,128,0.6653879135847092,128,0.11095038056373596,128,0.8407542258501053,128,16.0,128,0.2222222238779068,128,0.11764705926179886,128,6.0,128,0.5218123346567154,128,0.4473310261964798,128,0.6761089712381363,128
noisy,21,1,7,0.19088144600391388,128,6.28879451751709,128,0.34937746077775955,128,0.3891857638955116,128,0.6108142137527466,128,0.08893913961946964,128,-0.1669635772705078,128,0.8780462294816971,128,4.0,128,1.0,128,0.0,128,18.0,128,0.8381964713335037,128,-1.1850798428058624,128,-0.8048364073038101,128
noisy,21,1,8,0.36133626848459244,128,12.552182912826538,128,0.6973434835672379,128,0.04066537041217089,128,0.9593346118927002,128,0.5199087411165237,128,0.1815568208694458,128,0.6296400427818298,128,18.0,128,1.0,128,0.0,128,6.0,128,0.8990399837493896,128,0.3274915739893913,128,0.08680231496691704,128
noisy,21,1,9,0.46239353716373444,128,11.454186201095581,128,0.6363436728715897,128,0.231709323823452,128,0.7682906985282898,128,0.5536907762289047,128,-0.0094870924949646,128,0.8496266007423401,128,16.0,128,1.0,128,0.0,128,6.0,128,0.5456331819295883,128,-0.6073597818613052,128,0.17694899812340736,128
noisy,21,1,10,0.22505539283156395,128,9.03121304512024,128,0.5017340630292892,128,0.29415857046842575,128,0.7058414071798325,128,0.3095746263861656,128,-0.07193638384342194,128,0.9627230614423752,128,1.0,128,1.0,128,0.0,128,18.0,128,0.5258113890886307,128,-0.9200907796621323,128,-0.2987334430217743,128
noisy,21,1,11,0.17964812740683556,128,6.298437118530273,128,0.34991316497325897,128,0.4636954963207245,128,0.5363044887781143,128,0.14361169189214706,128,-0.24147330224514008,128,0.8936460614204407,128,1.0,128,1.0,128,0.0,128,18.0,128,0.49222322553396225,128,-1.5424693524837494,128,-0.7794144302606583,128
noisy,21,2,0,0.2295772060751915,128,7.413909554481506,128,0.4118838608264923,128,0.4450526237487793,128,0.5549473762512207,128,0.24787181615829468,128,-0.2228304147720337,128,0.927325889468193,128,1.0,128,1.0,128,0.0,128,18.0,128,0.4611748456954956,128,-1.8729020655155182,128,-0.5501413196325302,128
noisy,21,2,1,0.18628103658556938,128,7.167814254760742,128,0.39821191132068634,128,0.453549824655056,128,0.5464501678943634,128,0.2425595223903656,128,-0.231327623128891,128,0.9230291545391083,128,1.0,128,1.0,128,0.0,128,18.0,128,0.5548678934574127,128,-1.8853137791156769,128,-0.6082402318716049,128
noisy,21,2,2,0.21194002404808998,128,5.998494029045105,128,0.33324966579675674,128,0.5241396576166153,128,0.4758603423833847,128,0.14930984005331993,128,-0.3019174486398697,128,0.8938397467136383,128,3.0,128,1.0,128,0.0,128,18.0,128,0.8372264057397842,128,-1.8952076733112335,128,-0.8277555704116821,128
noisy,21,2,3,0.8619201332330704,128,14.211723804473877,128,0.7895402163267136,128,0.0638072956353426,128,0.9361927062273026,128,0.663855105638504,128,0.15841491520404816,128,0.6011689603328705,128,18.0,128,1.0,128,0.0,128,6.0,128,0.9038392156362534,128,0.4650108963251114,128,0.22586664929986,128
noisy,21,2,4,0.7337827384471893,128,14.429063320159912,128,0.8016146272420883,128,0.051584478467702866,128,0.9484155029058456,128,0.7324908673763275,128,0.17063771188259125,128,0.5372205376625061,128,17.0,128,1.0,128,0.0,128,6.0,128,0.8674964159727097,128,0.47747529298067093,128,0.307720098644495,128
noisy,21,2,5,0.21521013230085373,128,6.613402605056763,128,0.3674112558364868,128,0.41142409294843674,128,0.5885758846998215,128,0.1938576027750969,128,-0.18920190632343292,128,0.8283724784851074,128,2.0,128,0.8055555522441864,128,0.23529411852359772,128,6.0,128,0.8980752974748611,128,-0.873884379863739,128,-0.48925115168094635,128
noisy,21,2,6,0.23941035941243172,128,9.830577373504639,128,0.546143189072609,128,0.21995026618242264,128,0.7800496965646744,128,0.36491550505161285,128,0.002271905541419983,128,0.9783627688884735,128,9.0,128,1.0,128,0.0,128,13.5,128,0.46550188958644867,128,0.05473254155367613,128,0.26348575949668884,128
noisy,21,2,7,0.7307968884706497,128,13.600383520126343,128,0.7555768638849258,128,0.1357976756989956,128,0.8642023503780365,128,0.6785119026899338,128,0.0864245593547821,128,0.6482836753129959,128,18.0,128,1.0,128,0.0,128,6.0,128,0.6032110154628754,128,0.014194533228874207,128,0.14772991836071014,128
noisy,21,2,8,0.5566321313381195,128,10.906767129898071,128,0.6059315055608749,128,0.2154054194688797,128,0.7845945805311203,128,0.4737674742937088,128,0.006816789507865906,128,0.7529528737068176,128,18.0,128,1.0,128,0.0,128,6.0,128,0.5826264321804047,128,-0.10533218394266441,128,-0.06963783083483577,128
noisy,21,2,9,0.24875129759311676,128,8.258270740509033,128,0.4587928205728531,128,0.30278492718935013,128,0.6972150653600693,128,0.25258635729551315,128,-0.08056272566318512,128,0.9558024108409882,128,5.5,128,1.0,128,0.0,128,18.0,128,0.5716246515512466,128,-0.9416138678789139,128,-0.4541652798652649,128
noisy,21,2,10,0.36317144334316254,128,9.00079083442688,128,0.5000439360737801,128,0.1387430727481842,128,0.8612569570541382,128,0.23401719704270363,128,0.08347916603088379,128,0.8279260396957397,128,6.0,128,1.0,128,0.0,128,6.0,128,0.7218260169029236,128,0.09600266814231873,128,-0.24668078869581223,128
noisy,21,2,11,0.753721758723259,128,8.458841323852539,128,0.4699356332421303,128,0.3707948997616768,128,0.6292051076889038,128,0.3114241659641266,128,-0.14857268333435059,128,0.8200006932020187,128,1.0,128,1.0,128,0.0,128,6.0,128,0.641234964132309,128,-0.7705483138561249,128,-0.15706004947423935,128
noisy,21,3,0,0.792849600315094,128,15.58137822151184,128,0.8656321167945862,128,0.026118308771401644,128,0.9738817065954208,128,0.7528983950614929,128,0.19610391557216644,128,0.5385251492261887,128,18.0,128,1.0,128,0.0,128,6.0,128,0.7243686318397522,128,1.0758811235427856,128,0.5396199822425842,128
noisy,21,3,1,0.28496603667736053,128,8.490102291107178,128,0.47167234867811203,128,0.3368450924754143,128,0.6631548851728439,128,0.2807483971118927,128,-0.11462290585041046,128,0.9276584684848785,128,1.0,128,0.8888888955116272,128,0.11764705926179886,128,6.0,128,0.4754645749926567,128,-0.9941379427909851,128,-0.21369559317827225,128
noisy,21,3,2,0.3997018113732338,128,8.892824649810791,128,0.49404582381248474,128,0.17540843412280083,128,0.8245915472507477,128,0.27287377417087555,128,0.046813756227493286,128,0.7089045494794846,128,5.0,128,0.888888880610466,128,0.1764705888926983,128,6.0,128,0.7615644782781601,128,-0.30004364997148514,128,-0.13075081817805767,128
noisy,21,3,3,0.25472285598516464,128,8.241796970367432,128,0.45787760615348816,128,0.30952516943216324,128,0.6904748231172562,128,0.2320631556212902,128,-0.08730296790599823,128,0.9634858965873718,128,1.0,128,1.0,128,0.0,128,9.0,128,0.40296705812215805,128,-1.0622182339429855,128,-0.5366500169038773,128
noisy,21,3,4,0.5877774506807327,128,13.108022451400757,128,0.7282234579324722,128,0.010268335463479161,128,0.9897316694259644,128,0.5315863937139511,128,0.21195387840270996,128,0.5676818490028381,128,18.0,128,0.736111119389534,128,0.3235294185578823,128,6.0,128,0.9189120531082153,128,0.5668430328369141,128,0.10250340029597282,128
noisy,21,3,5,0.19652452319860458,128,5.240678787231445,128,0.2911488264799118,128,0.6358517855405807,128,0.36414821445941925,128,0.13159788958728313,128,-0.41362957656383514,128,0.8290092051029205,128,1.0,128,1.0,128,0.0,128,18.0,128,0.5232936292886734,128,-1.9926530718803406,128,-0.7381483018398285,128
noisy,21,3,6,0.2234501764178276,128,6.552735924720764,128,0.36404088884592056,128,0.4681995287537575,128,0.5318004712462425,128,0.15739749372005463,128,-0.24597731977701187,128,0.9013702571392059,128,1.5,128,1.0,128,0.0,128,18.0,128,0.47121383249759674,128,-1.5979410111904144,128,-0.8139647990465164,128
noisy,21,3,7,0.7779383808374405,128,17.35066795349121,128,0.9639260023832321,128,0.0008473821944789961,128,0.9991526901721954,128,0.9477250576019287,128,0.22137489914894104,128,0.19856863841414452,128,18.0,128,1.0,128,0.0,128,6.0,128,0.8235892951488495,128,1.0257111191749573,128,0.3093651235103607,128
noisy,21,3,8,0.30226433277130127,128,7.587287783622742,128,0.42151598632335663,128,0.38639193028211594,128,0.6136080771684647,128,0.22408203035593033,128,-0.16416971385478973,128,0.9084390252828598,128,1.0,128,1.0,128,0.0,128,10.5,128,0.5011141076683998,128,-1.291796326637268,128,-0.463470883667469,128
noisy,21,3,9,0.3527936711907387,128,9.909056663513184,128,0.5505031496286392,128,0.2644830718636513,128,0.7355169951915741,128,0.39965981990098953,128,-0.0422607958316803,128,0.9540824294090271,128,13.5,128,1.0,128,0.0,128,18.0,128,0.5223163887858391,128,-0.5968751534819603,128,0.1292281390633434,128
noisy,21,3,10,0.25430891290307045,128,7.966346979141235,128,0.4425748288631439,128,0.3840734511613846,128,0.615926593542099,128,0.2630022391676903,128,-0.1618511974811554,128,0.9566975980997086,128,1.0,128,1.0,128,0.0,128,18.0,128,0.46851224452257156,128,-1.8185479044914246,128,-0.6012431979179382,128
noisy,21,3,11,0.36311328411102295,128,7.614613652229309,128,0.42303409427404404,128,0.4021637588739395,128,0.5978362709283829,128,0.23474234715104103,128,-0.17994152009487152,128,0.9336631000041962,128,1.0,128,1.0,128,0.0,128,9.0,128,0.37940266728401184,128,-1.4248292446136475,128,-0.4588635563850403,128
noisy,21,4,0,0.49745866656303406,128,10.571990489959717,128,0.5873328000307083,128,0.25182800740003586,128,0.7481720298528671,128,0.49530208855867386,128,-0.029605761170387268,128,0.8805060833692551,128,17.0,128,1.0,128,0.0,128,18.0,128,0.5822668224573135,128,-0.17766169272363186,128,0.2337825559079647,128
noisy,21,4,1,0.1904805302619934,128,5.252915620803833,128,0.2918286472558975,128,0.5678782761096954,128,0.43212173879146576,128,0.09143840335309505,128,-0.34565605223178864,128,0.8538517653942108,128,1.75,128,1.0,128,0.0,128,18.0,128,0.5554513111710548,128,-1.7464569509029388,128,-0.8742241412401199,128
noisy,21,4,2,0.28226786106824875,128,4.7573840618133545,128,0.26429911330342293,128,0.6712410748004913,128,0.32875892519950867,128,0.13034647703170776,128,-0.4490188658237457,128,0.7135160565376282,128,1.0,128,1.0,128,0.0,128,18.0,128,0.44792743772268295,128,-1.6250583231449127,128,-0.5267518535256386,128
noisy,21,4,3,0.8635535538196564,128,7.347372651100159,128,0.4081873670220375,128,0.5646001100540161,128,0.4353998973965645,128,0.32809871435165405,128,-0.3423778936266899,128,0.39103204011917114,128,1.0,128,1.0,128,0.0,128,6.0,128,0.7525118142366409,128,0.12148363888263702,128,-0.13013804890215397,128
noisy,21,4,4,0.43233630806207657,128,9.396184921264648,128,0.5220102816820145,128,0.24669068306684494,128,0.7533093243837357,128,0.28887707740068436,128,-0.024468466639518738,128,0.8828240483999252,128,11.0,128,1.0,128,0.0,128,6.0,128,0.6141148507595062,128,-0.4292173683643341,128,-0.06324663758277893,128
noisy,21,4,5,0.8174021989107132,128,13.722906351089478,128,0.7623836845159531,128,0.08575361967086792,128,0.9142463654279709,128,0.6193770170211792,128,0.1364685744047165,128,0.6169575750827789,128,18.0,128,1.0,128,0.0,128,6.0,128,0.8373299390077591,128,0.39872661232948303,128,0.143544003367424,128
noisy,21,4,6,0.24231652542948723,128,7.782929420471191,128,0.4323849678039551,128,0.3788513243198395,128,0.6211486905813217,128,0.25607307627797127,128,-0.15662910044193268,128,0.9713506698608398,128,1.0,128,1.0,128,0.0,128,18.0,128,0.4878339394927025,128,-2.0610686540603638,128,-0.7496727108955383,128
noisy,21,4,7,0.3104734495282173,128,7.285879611968994,128,0.4047710970044136,128,0.41375457495450974,128,0.5862454473972321,128,0.21328318491578102,128,-0.19153234362602234,128,0.9320616871118546,128,1.0,128,1.0,128,0.0,128,18.0,128,0.4774436205625534,128,-1.5552808046340942,128,-0.6217337846755981,128
noisy,21,4,8,0.3834705725312233,128,10.61639952659607,128,0.5897999852895737,128,0.18174033984541893,128,0.8182596564292908,128,0.4442160204052925,128,0.04048186540603638,128,0.969298779964447,128,16.0,128,1.0,128,0.0,128,18.0,128,0.4637257903814316,128,0.45800231397151947,128,0.4499627649784088,128
noisy,21,4,9,0.30773311853408813,128,8.993592977523804,128,0.49964405596256256,128,0.23292718082666397,128,0.7670727968215942,128,0.2833901643753052,128,-0.010704994201660156,128,0.9628315716981888,128,10.0,128,1.0,128,0.0,128,3.0,128,0.47418273240327835,128,-0.2872828170657158,128,-0.246565543115139,128
noisy,21,4,10,0.2947993054986,128,6.578201174736023,128,0.36545562744140625,128,0.5072019845247269,128,0.49279799312353134,128,0.18147244304418564,128,-0.28497979789972305,128,0.9046448320150375,128,1.0,128,1.0,128,0.0,128,18.0,128,0.5317665487527847,128,-1.942156821489334,128,-0.7039544880390167,128
noisy,21,4,11,0.3023788556456566,128,8.452120065689087,128,0.46956223249435425,128,0.3495609983801842,128,0.6504390090703964,128,0.31371060758829117,128,-0.12733878195285797,128,0.9334848076105118,128,1.0,128,1.0,128,0.0,128,18.0,128,0.5425490215420723,128,-0.9946891218423843,128,-0.2576614245772362,128
noisy,21,5,0,0.30140531063079834,128,3.1938854455947876,128,0.17743808031082153,128,0.811106875538826,128,0.18889310956001282,128,0.07220053859055042,128,-0.5888846814632416,128,0.5629445314407349,128,1.0,128,1.0,128,0.0,128,18.0,128,0.538606271147728,128,-1.6088257133960724,128,-0.5746325552463531,128
noisy,21,5,1,0.7396205067634583,128,12.314366817474365,128,0.6841315031051636,128,0.17009162530303001,128,0.8299083709716797,128,0.5799677222967148,128,0.05213057994842529,128,0.6188041120767593,128,18.0,128,1.0,128,0.0,128,6.0,128,0.8354471176862717,128,0.2538320906460285,128,0.06256408710032701,128
noisy,21,5,2,0.86675626039505,128,16.336260080337524,128,0.9075700044631958,128,0.019834086066111922,128,0.9801659435033798,128,0.8349219560623169,128,0.20238815248012543,128,0.28988830000162125,128,18.0,128,0.7222222089767456,128,0.23529411852359772,128,6.0,128,0.8246917128562927,128,0.6346124410629272,128,0.09912820532917976,128
noisy,21,5,3,0.3629840984940529,128,9.899951219558716,128,0.5499972850084305,128,0.21510805189609528,128,0.7848919630050659,128,0.36659783124923706,128,0.0071141719818115234,128,0.9895627349615097,128,10.75,128,1.0,128,0.0,128,9.0,128,0.3635861426591873,128,0.3097798638045788,128,0.3174305260181427,128
noisy,21,5,4,0.6060071885585785,128,14.884448766708374,128,0.8269138187170029,128,0.045379786752164364,128,0.9546201825141907,128,0.6839149743318558,128,0.17684239149093628,128,0.5536736100912094,128,18.0,128,0.777777761220932,128,0.23529411852359772,128,6.0,128,0.6870302557945251,128,0.8554726839065552,128,0.32016799598932266,128
noisy,21,5,5,0.20404139161109924,128,5.88130259513855,128,0.32673902809619904,128,0.6164427697658539,128,0.3835572302341461,128,0.19984633475542068,128,-0.3942205607891083,128,0.8314869999885559,128,1.0,128,1.0,128,0.0,128,18.0,128,0.7158636301755905,128,-1.9746538400650024,128,-0.5062714144587517,128
noisy,21,5,6,0.6194860190153122,128,13.167262315750122,128,0.731514573097229,128,0.1838405281305313,128,0.8161594867706299,128,0.6723964959383011,128,0.03838169574737549,128,0.640058234333992,128,18.0,128,1.0,128,0.0,128,6.0,128,0.5320371687412262,128,-0.11284035164862871,128,0.18322215229272842,128
noisy,21,5,7,0.3737156242132187,128,2.5317896604537964,128,0.14065497927367687,128,0.8706119209527969,128,0.12938811630010605,128,0.04746845364570618,128,-0.6483896970748901,128,0.4225006625056267,128,1.0,128,1.0,128,0.0,128,18.0,128,0.6136953085660934,128,-1.6699455678462982,128,-0.5877191871404648,128
noisy,21,5,8,0.28850264102220535,128,9.218286275863647,128,0.5121270045638084,128,0.23638875409960747,128,0.7636112570762634,128,0.31070199608802795,128,-0.014166533946990967,128,0.9748996496200562,128,6.0,128,1.0,128,0.0,128,9.0,128,0.40529924631118774,128,-0.13570201117545366,128,-0.08190963231027126,128
noisy,21,5,9,0.8264942467212677,128,13.271799564361572,128,0.7373221963644028,128,0.06134981755167246,128,0.9386501908302307,128,0.5923749953508377,128,0.16087239980697632,128,0.6840935349464417,128,17.0,128,1.0,128,0.0,128,6.0,128,0.8267600983381271,128,0.718608021736145,128,0.348967969417572,128
noisy,21,5,10,0.46682582050561905,128,2.911512076854706,128,0.1617506705224514,128,0.8236128687858582,128,0.17638715729117393,128,0.07588379830121994,128,-0.6013906300067902,128,0.43640048801898956,128,1.0,128,1.0,128,0.0,128,6.0,128,0.8151822090148926,128,-0.8945079892873764,128,-0.37327053397893906,128
noisy,21,5,11,0.5624262690544128,128,11.287843227386475,128,0.62710240483284,128,0.21713639795780182,128,0.7828636467456818,128,0.47054897248744965,128,0.005085855722427368,128,0.7995212227106094,128,18.0,128,1.0,128,0.0,128,6.0,128,0.6829691529273987,128,-0.061899719294160604,128,0.13406464830040932,128
noisy,21,6,0,0.2925577014684677,128,7.093337655067444,128,0.39407431334257126,128,0.4805648848414421,128,0.5194351077079773,128,0.251695241779089,128,-0.2583426833152771,128,0.8741210550069809,128,1.0,128,1.0,128,0.0,128,18.0,128,0.4288995712995529,128,-1.5106373131275177,128,-0.3531508296728134,128
noisy,21,6,1,0.2840312793850899,128,7.711732864379883,128,0.42842960357666016,128,0.35933054983615875,128,0.6406694650650024,128,0.22739125415682793,128,-0.13710832595825195,128,0.9602654874324799,128,2.0,128,1.0,128,0.0,128,13.5,128,0.5061705559492111,128,-1.5424453616142273,128,-0.6977108269929886,128
noisy,21,6,2,0.2910972684621811,128,7.472483396530151,128,0.41513796150684357,128,0.47853294759988785,128,0.5214670598506927,128,0.28332239389419556,128,-0.25631073117256165,128,0.8292326927185059,128,1.0,128,1.0,128,0.0,128,18.0,128,0.4554680213332176,128,-1.2913514375686646,128,-0.2521565333008766,128
noisy,21,6,3,0.28810348361730576,128,7.672207355499268,128,0.4262337386608124,128,0.3633149787783623,128,0.6366850286722183,128,0.22475865855813026,128,-0.14109276235103607,128,0.9489227533340454,128,1.0,128,1.0,128,0.0,128,18.0,128,0.47154340893030167,128,-1.3559758961200714,128,-0.5808887779712677,128
noisy,21,6,4,0.2615654319524765,128,5.3080703020095825,128,0.2948927953839302,128,0.5419924780726433,128,0.4580075070261955,128,0.08725522831082344,128,-0.31977028399705887,128,0.846575453877449,128,1.75,128,1.0,128,0.0,128,18.0,128,0.5642427504062653,128,-1.6545987129211426,128,-0.873731791973114,128
noisy,21,6,5,0.2802046239376068,128,8.178969621658325,128,0.45438719540834427,128,0.34795960783958435,128,0.6520403772592545,128,0.2777387425303459,128,-0.12573741376399994,128,0.962676391005516,128,1.0,128,1.0,128,0.0,128,18.0,128,0.49187754839658737,128,-1.3775117695331573,128,-0.4913942962884903,128
noisy,21,6,6,0.29963140189647675,128,9.665102005004883,128,0.5369501113891602,128,0.22907952219247818,128,0.7709204852581024,128,0.34936176240444183,128,-0.0068573057651519775,128,0.9836716651916504,128,12.25,128,1.0,128,0.0,128,9.0,128,0.42076267302036285,128,-0.04541429225355387,128,0.0736419812310487,128
noisy,21,6,7,0.29575730115175247,128,7.941314458847046,128,0.4411841332912445,128,0.39550675451755524,128,0.6044932752847672,128,0.29976773262023926,128,-0.17328451573848724,128,0.891289159655571,128,1.0,128,1.0,128,0.0,128,18.0,128,0.42686427384614944,128,-1.0232474356889725,128,-0.2607671692967415,128
noisy,21,6,8,0.25264952704310417,128,6.938867449760437,128,0.38549263030290604,128,0.43800609558820724,128,0.5619939267635345,128,0.1934226006269455,128,-0.21578386425971985,128,0.9001369923353195,128,1.0,128,1.0,128,0.0,128,18.0,128,0.43085911870002747,128,-1.4069919884204865,128,-0.5918419510126114,128
noisy,21,6,9,0.31304410099983215,128,6.861687779426575,128,0.38120488077402115,128,0.48814665526151657,128,0.5118533670902252,128,0.24282285198569298,128,-0.2659244239330292,128,0.8307396024465561,128,1.0,128,1.0,128,0.0,128,18.0,128,0.46494322270154953,128,-1.3006198704242706,128,-0.36108237504959106,128
noisy,21,6,10,0.377552293241024,128,9.648048639297485,128,0.5360026955604553,128,0.2535216733813286,128,0.7464783191680908,128,0.34287186712026596,128,-0.031299471855163574,128,0.9488284885883331,128,9.0,128,1.0,128,0.0,128,10.3125,128,0.5147941634058952,128,-0.3922641649842262,128,-0.0036259070329833776,128
noisy,21,6,11,0.6128227263689041,128,12.418418169021606,128,0.6899121254682541,128,0.10777365602552891,128,0.8922263532876968,128,0.5339021682739258,128,0.11444856226444244,128,0.699716717004776,128,18.0,128,0.0,128,0.0,128,6.0,128,0.8521822094917297,128,0.339024867862463,128,0.13100856728851795,128
noisy,21,7,0,0.5431944131851196,128,10.650790214538574,128,0.5917105674743652,128,0.2432541623711586,128,0.756745845079422,128,0.45500173419713974,128,-0.021031945943832397,128,0.6942519098520279,128,18.0,128,1.0,128,0.0,128,6.0,128,0.6983694583177567,128,-0.12288469448685646,128,0.02349995163967833,128
noisy,21,7,1,0.16281643137335777,128,3.7640861868858337,128,0.2091159000992775,128,0.708552211523056,128,0.2914477735757828,128,0.027264161966741085,128,-0.4863300174474716,128,0.7325459420681,128,1.0,128,1.0,128,0.0,128,18.0,128,0.5915688872337341,128,-1.727140724658966,128,-0.9435604512691498,128
noisy,21,7,2,0.39516378194093704,128,9.348548889160156,128,0.5193638205528259,128,0.3138366937637329,128,0.6861633062362671,128,0.3738630339503288,128,-0.0916144847869873,128,0.8995463997125626,128,1.0,128,1.0,128,0.0,128,10.0,128,0.4910997077822685,128,-0.38707831501960754,128,0.14707649126648903,128
noisy,21,7,3,0.6684066355228424,128,10.662147760391235,128,0.5923415571451187,128,0.23065690696239471,128,0.7693430930376053,128,0.421248234808445,128,-0.008434697985649109,128,0.6452764272689819,128,18.0,128,0.4722222238779068,128,0.3529411852359772,128,6.0,128,0.7510477155447006,128,-0.15297560952603817,128,-0.05450190603733063,128
noisy,21,7,4,0.33011001348495483,128,5.321199178695679,128,0.29562217742204666,128,0.6429319530725479,128,0.3570680618286133,128,0.16614839434623718,128,-0.4207097291946411,128,0.7013130784034729,128,1.0,128,1.0,128,0.0,128,18.0,128,0.4335248991847038,128,-1.5465989410877228,128,-0.3836994767189026,128
noisy,21,7,5,0.25953148305416107,128,7.07371199131012,128,0.3929839953780174,128,0.3787599876523018,128,0.6212400197982788,128,0.17220763489603996,128,-0.15653777122497559,128,0.9172993451356888,128,3.5,128,1.0,128,0.0,128,18.0,128,0.4855315610766411,128,-1.1627352237701416,128,-0.6575046479701996,128
noisy,21,7,6,0.23837631195783615,128,7.342913866043091,128,0.4079396575689316,128,0.41150863468647003,128,0.58849136531353,128,0.21727197617292404,128,-0.18928642570972443,128,0.9270132482051849,128,1.0,128,1.0,128,0.0,128,18.0,128,0.4124707579612732,128,-1.4775705337524414,128,-0.575297936797142,128
noisy,21,7,7,0.17120922729372978,128,3.4554178714752197,128,0.1919676586985588,128,0.7757534682750702,128,0.2242465429008007,128,0.05933724343776703,128,-0.5535312443971634,128,0.6383571922779083,128,1.0,128,1.0,128,0.0,128,18.0,128,0.5498273223638535,128,-1.914304256439209,128,-0.778374969959259,128
noisy,21,7,8,0.7640362828969955,128,11.90475058555603,128,0.661375030875206,128,0.03365303808823228,128,0.9663469791412354,128,0.40546220541000366,128,0.18856918811798096,128,0.7714586108922958,128,11.0,128,1.0,128,0.0,128,6.0,128,0.6802827417850494,128,1.5096841752529144,128,0.5182124674320221,128
noisy,21,7,9,0.30734148621559143,128,7.926941275596619,128,0.4403856247663498,128,0.35380350053310394,128,0.6461965292692184,128,0.22872717306017876,128,-0.13158126175403595,128,0.9417326152324677,128,2.5,128,1.0,128,0.0,128,9.0,128,0.3964311257004738,128,-1.1959626972675323,128,-0.5237533450126648,128
noisy,21,7,10,0.27830173075199127,128,8.550317287445068,128,0.47501762211322784,128,0.31718771904706955,128,0.6828123182058334,128,0.30028901994228363,128,-0.09496547281742096,128,0.9759233146905899,128,1.0,128,1.0,128,0.0,128,3.0,128,0.48774978518486023,128,-1.3266513347625732,128,-0.4341287910938263,128
noisy,21,7,11,0.2549556605517864,128,7.271368741989136,128,0.40396493673324585,128,0.4096237048506737,128,0.5903762876987457,128,0.22920182719826698,128,-0.18740150332450867,128,0.9413411468267441,128,1.0,128,1.0,128,0.0,128,18.0,128,0.4608655050396919,128,-1.7106499373912811,128,-0.6412958949804306,128
noisy,21,8,0,0.4238981306552887,128,5.895920634269714,128,0.32755114883184433,128,0.5737360119819641,128,0.4262639880180359,128,0.20096157491207123,128,-0.3515138030052185,128,0.7229756861925125,128,1.0,128,1.0,128,0.0,128,18.0,128,0.5236820578575134,128,-1.2608187198638916,128,-0.40893422067165375,128
noisy,21,8,1,0.15920906513929367,128,3.247394025325775,128,0.18041078001260757,128,0.8230078220367432,128,0.17699218168854713,128,0.0644392129033804,128,-0.6007856130599976,128,0.5684650391340256,128,1.0,128,1.0,128,0.0,128,18.0,128,0.44792938232421875,128,-1.9383509457111359,128,-0.6776883155107498,128
noisy,21,8,2,0.39108646661043167,128,9.50309157371521,128,0.5279495418071747,128,0.30876416712999344,128,0.6912358403205872,128,0.37628746777772903,128,-0.08654195070266724,128,0.8826649636030197,128,1.0,128,1.0,128,0.0,128,18.0,128,0.41936592757701874,128,-0.03794842795468867,128,0.29413041472435,128
noisy,21,8,3,0.4481035843491554,128,5.393521308898926,128,0.29964008182287216,128,0.6499763578176498,128,0.35002363473176956,128,0.18250562995672226,128,-0.42775415629148483,128,0.5971832573413849,128,1.0,128,1.0,128,0.0,128,9.0,128,0.464888796210289,128,-1.102294534444809,128,-0.22059469297528267,128
noisy,21,8,4,0.4591405689716339,128,5.978003144264221,128,0.33211128413677216,128,0.650693342089653,128,0.3493066355586052,128,0.24741697683930397,128,-0.4284711554646492,128,0.6272295117378235,128,1.0,128,1.0,128,0.0,128,18.0,128,0.6481200158596039,128,-1.312411606311798,128,-0.175705187022686,128
noisy,21,8,5,0.4621644839644432,128,8.607622861862183,128,0.4782012775540352,128,0.37723930180072784,128,0.6227606981992722,128,0.2988695949316025,128,-0.15501709282398224,128,0.6385681927204132,128,1.0,128,0.8888888955116272,128,0.11764705926179886,128,6.0,128,0.6760145723819733,128,-0.20456868968904018,128,-0.10940825194120407,128
noisy,21,8,6,0.4747045189142227,128,10.733745574951172,128,0.5963191837072372,128,0.16312528029084206,128,0.8368747234344482,128,0.4327208027243614,128,0.05909693241119385,128,0.96539406478405,128,15.0,128,1.0,128,0.0,128,18.0,128,0.5195278525352478,128,0.7959569990634918,128,0.5257387235760689,128
noisy,21,8,7,0.17342712730169296,128,4.070022940635681,128,0.22611238434910774,128,0.7510419934988022,128,0.2489580102264881,128,0.0921273659914732,128,-0.5288197845220566,128,0.7192611545324326,128,1.0,128,1.0,128,0.0,128,18.0,128,0.4805477187037468,128,-2.1158803701400757,128,-0.7206465005874634,128
noisy,21,8,8,0.15668639540672302,128,5.251441955566406,128,0.2917467728257179,128,0.6100182831287384,128,0.3899817392230034,128,0.12112707644701004,128,-0.387796051800251,128,0.8421622961759567,128,1.0,128,1.0,128,0.0,128,18.0,128,0.501896470785141,128,-1.9164953529834747,128,-0.8292399793863297,128
noisy,21,8,9,0.2648337036371231,128,6.750905990600586,128,0.3750503361225128,128,0.4794934019446373,128,0.5205065906047821,128,0.21569598838686943,128,-0.2572712004184723,128,0.9041917026042938,128,1.0,128,1.0,128,0.0,128,18.0,128,0.5008696392178535,128,-1.6934117376804352,128,-0.5812671780586243,128
noisy,21,8,10,0.49716728925704956,128,7.743392109870911,128,0.43018844723701477,128,0.4993316978216171,128,0.5006682947278023,128,0.3383353725075722,128,-0.2771094962954521,128,0.6912883669137955,128,1.0,128,1.0,128,0.0,128,18.0,128,0.6167891323566437,128,-0.9926285594701767,128,-0.10757729038596153,128
noisy,21,8,11,0.3024809658527374,128,2.545737624168396,128,0.1414298713207245,128,0.840441957116127,128,0.15955805033445358,128,0.030147763900458813,128,-0.6182197481393814,128,0.40611833333969116,128,1.0,128,1.0,128,0.0,128,9.0,128,0.34424927830696106,128,-1.4725020229816437,128,-0.642808124423027,128
noisy,21,9,0,0.33506714552640915,128,5.895669221878052,128,0.3275371715426445,128,0.5921202898025513,128,0.4078797176480293,128,0.17413747310638428,128,-0.36989807337522507,128,0.7633144110441208,128,1.0,128,1.0,128,0.0,128,18.0,128,0.4947868585586548,128,-1.5701987445354462,128,-0.3827994018793106,128
noisy,21,9,1,0.36104291677474976,128,8.825291633605957,128,0.4902939796447754,128,0.3118661344051361,128,0.6881338655948639,128,0.31295666098594666,128,-0.0896439254283905,128,0.9325413703918457,128,1.0,128,1.0,128,0.0,128,8.25,128,0.3835659921169281,128,-0.5771986842155457,128,-0.1409793250495568,128
noisy,21,9,2,0.28755173832178116,128,5.9928025007247925,128,0.3329334780573845,128,0.5222766473889351,128,0.4777233526110649,128,0.16030285879969597,128,-0.3000544384121895,128,0.8531677573919296,128,1.0,128,1.0,128,0.0,128,18.0,128,0.4916832447052002,128,-1.5862735509872437,128,-0.6359128057956696,128
noisy,21,9,3,0.4616268277168274,128,4.514760315418243,128,0.25082001462578773,128,0.721648707985878,128,0.2783513143658638,128,0.11808475852012634,128,-0.4994264617562294,128,0.5267751216888428,128,1.0,128,1.0,128,0.0,128,18.0,128,0.5395616814494133,128,-1.3601197302341461,128,-0.5192340537905693,128
noisy,21,9,4,0.49701496958732605,128,10.014657020568848,128,0.5563698410987854,128,0.34135427325963974,128,0.6586457192897797,128,0.44250328838825226,128,-0.11913207173347473,128,0.619861975312233,128,9.5,128,0.8333333432674408,128,0.1764705888926983,128,6.0,128,0.6401118785142899,128,-0.21417531743645668,128,-0.03621273813769221,128
noisy,21,9,5,0.3172147795557976,128,8.846404552459717,128,0.4914669170975685,128,0.2674366980791092,128,0.7325633019208908,128,0.2811417728662491,128,-0.045214489102363586,128,0.9853964745998383,128,1.0,128,1.0,128,0.0,128,6.0,128,0.4074982777237892,128,-0.9620022773742676,128,-0.49427667260169983,128
noisy,21,9,6,0.44135940819978714,128,4.5797295570373535,128,0.2544294185936451,128,0.7083837240934372,128,0.2916163206100464,128,0.10829001478850842,128,-0.4861614778637886,128,0.6448363661766052,128,1.0,128,1.0,128,0.0,128,18.0,128,0.4750351086258888,128,-1.2277330160140991,128,-0.3776814490556717,128
noisy,21,9,7,0.22844801470637321,128,5.362089276313782,128,0.29789385199546814,128,0.6238252967596054,128,0.3761747181415558,128,0.14874359592795372,128,-0.4016030728816986,128,0.8185757696628571,128,1.0,128,1.0,128,0.0,128,18.0,128,0.5076497942209244,128,-2.0173528492450714,128,-0.7541402578353882,128
noisy,21,9,8,0.2850082069635391,128,5.854501485824585,128,0.325250081717968,128,0.4988681674003601,128,0.5011318325996399,128,0.14851496368646622,128,-0.2766459584236145,128,0.7284550815820694,128,1.0,128,1.0,128,0.0,128,6.0,128,0.4496760591864586,128,-0.7679870426654816,128,-0.47751113027334213,128
noisy,21,9,9,0.3615909814834595,128,4.9204347133636475,128,0.27335748076438904,128,0.6647709161043167,128,0.3352290913462639,128,0.13632585853338242,128,-0.4425486996769905,128,0.662193775177002,128,1.0,128,1.0,128,0.0,128,9.0,128,0.3236546069383621,128,-1.4123684465885162,128,-0.4293185696005821,128
noisy,21,9,10,0.2511899881064892,128,6.714288711547852,128,0.37301604449748993,128,0.5103940218687057,128,0.48960597813129425,128,0.22876621410250664,128,-0.28817181289196014,128,0.8685083240270615,128,1.0,128,1.0,128,0.0,128,18.0,128,0.4897213280200958,128,-1.7004888951778412,128,-0.5438669919967651,128
noisy,21,9,11,0.3292432799935341,128,8.763590812683105,128,0.48686616122722626,128,0.27796223014593124,128,0.7220377624034882,128,0.3035544902086258,128,-0.055740028619766235,128,0.9537607133388519,128,5.5,128,1.0,128,0.0,128,4.5,128,0.4977314695715904,128,-0.625629797577858,128,-0.23422031104564667,128
noisy,21,10,0,0.25646451488137245,128,5.945926666259766,128,0.3303292542695999,128,0.5672569572925568,128,0.43274301290512085,128,0.14920879900455475,128,-0.34503477811813354,128,0.7722100615501404,128,1.0,128,1.0,128,0.0,128,6.0,128,0.3701561763882637,128,-1.355958253145218,128,-0.5054534375667572,128
noisy,21,10,1,0.3237081244587898,128,5.48349392414093,128,0.3046385496854782,128,0.5867487639188766,128,0.41325123608112335,128,0.13286452181637287,128,-0.36452655494213104,128,0.775387242436409,128,1.0,128,1.0,128,0.0,128,9.0,128,0.451932355761528,128,-1.4344170689582825,128,-0.6337582767009735,128
noisy,21,10,2,0.2386597953736782,128,7.311559557914734,128,0.40619775652885437,128,0.41633307933807373,128,0.5836669206619263,128,0.22971082851290703,128,-0.19411087036132812,128,0.8864239901304245,128,1.0,128,1.0,128,0.0,128,3.0,128,0.45076096802949905,128,-1.1881302893161774,128,-0.4582659676671028,128
noisy,21,10,3,0.24964920803904533,128,5.119139194488525,128,0.28439662605524063,128,0.6646537035703659,128,0.3353463187813759,128,0.177082110196352,128,-0.4424314722418785,128,0.7212176024913788,128,1.0,128,1.0,128,0.0,128,18.0,128,0.49759604781866074,128,-1.5538585186004639,128,-0.3796350434422493,128
noisy,21,10,4,0.2883412539958954,128,7.848840355873108,128,0.43604668229818344,128,0.3681425526738167,128,0.6318574249744415,128,0.24987885728478432,128,-0.14592036604881287,128,0.9385603964328766,128,3.5,128,1.0,128,0.0,128,10.5,128,0.42803695797920227,128,-1.1409781873226166,128,-0.4427732601761818,128
noisy,21,10,5,0.2946469858288765,128,7.166119575500488,128,0.3981177508831024,128,0.434135302901268,128,0.565864697098732,128,0.19211341440677643,128,-0.2119130939245224,128,0.8514600694179535,128,4.0,128,1.0,128,0.0,128,3.0,128,0.4907631427049637,128,-1.130238801240921,128,-0.43510208278894424,128
noisy,21,10,6,0.25657208263874054,128,6.883353233337402,128,0.382408507168293,128,0.5348954051733017,128,0.4651045650243759,128,0.2582170180976391,128,-0.3126732259988785,128,0.8221564143896103,128,1.0,128,1.0,128,0.0,128,18.0,128,0.6675374507904053,128,-1.5057701468467712,128,-0.3017502725124359,128
noisy,21,10,7,0.2792311906814575,128,7.8467512130737305,128,0.43593061715364456,128,0.4198717102408409,128,0.5801283121109009,128,0.2841523513197899,128,-0.19764947891235352,128,0.9343208819627762,128,1.0,128,1.0,128,0.0,128,18.0,128,0.49574490636587143,128,-1.5164895951747894,128,-0.3579760566353798,128
noisy,21,10,8,0.3803377151489258,128,8.960121154785156,128,0.4977845177054405,128,0.3609429970383644,128,0.6390570104122162,128,0.3860701620578766,128,-0.1387207806110382,128,0.8962990492582321,128,1.0,128,1.0,128,0.0,128,18.0,128,0.5113431885838509,128,-0.7400388866662979,128,0.11357474327087402,128
noisy,21,10,9,0.33501025289297104,128,8.42630410194397,128,0.468128003180027,128,0.44048481434583664,128,0.5595151633024216,128,0.3567986339330673,128,-0.21826262772083282,128,0.7390367835760117,128,1.0,128,1.0,128,0.0,128,18.0,128,0.5629032254219055,128,-0.7607699483633041,128,0.00022086373064666986,128
noisy,21,10,10,0.3235829025506973,128,6.646818995475769,128,0.3692677319049835,128,0.4980887770652771,128,0.5019112154841423,128,0.20875361561775208,128,-0.2758665755391121,128,0.8273657709360123,128,1.0,128,1.0,128,0.0,128,9.0,128,0.45505817979574203,128,-1.3203054666519165,128,-0.4161233138293028,128
noisy,21,10,11,0.2098861150443554,128,5.164976477622986,128,0.28694313764572144,128,0.6411067843437195,128,0.3588932231068611,128,0.13653603568673134,128,-0.4188845679163933,128,0.7812164276838303,128,1.0,128,1.0,128,0.0,128,18.0,128,0.4219997450709343,128,-1.8473648130893707,128,-0.7064383029937744,128
noisy,21,11,0,0.3627309277653694,128,7.9821391105651855,128,0.4434521719813347,128,0.3347911685705185,128,0.6652088463306427,128,0.22809424996376038,128,-0.1125689446926117,128,0.896402969956398,128,4.0,128,1.0,128,0.0,128,6.0,128,0.4135429933667183,128,-0.7952983528375626,128,-0.4457673951983452,128
noisy,21,11,1,0.3049344941973686,128,5.353960990905762,128,0.2974422760307789,128,0.5897226482629776,128,0.4102773293852806,128,0.10425212047994137,128,-0.3675004616379738,128,0.7819639891386032,128,1.0,128,1.0,128,0.0,128,10.650000035762787,128,0.4231597110629082,128,-1.412233293056488,128,-0.6671581864356995,128
noisy,21,11,2,0.23465394973754883,128,5.711025238037109,128,0.3172791823744774,128,0.6057820916175842,128,0.39421793073415756,128,0.1810997724533081,128,-0.38355986028909683,128,0.7922509461641312,128,1.0,128,1.0,128,0.0,128,18.0,128,0.4745844677090645,128,-1.6533249020576477,128,-0.49714598804712296,128
noisy,21,11,3,0.27768124639987946,128,5.524638056755066,128,0.30692433565855026,128,0.5988236665725708,128,0.401176318526268,128,0.1635325662791729,128,-0.3766014724969864,128,0.7307984381914139,128,1.0,128,1.0,128,0.0,128,6.0,128,0.33340854942798615,128,-1.2117438912391663,128,-0.3567669466137886,128
noisy,21,11,4,0.22641488909721375,128,6.139287233352661,128,0.3410715088248253,128,0.5777123123407364,128,0.4222876727581024,128,0.19264080375432968,128,-0.355490118265152,128,0.7591086775064468,128,1.0,128,1.0,128,0.0,128,18.0,128,0.4782896563410759,128,-1.3821305334568024,128,-0.4054890275001526,128
noisy,21,11,5,0.21876152977347374,128,5.464332938194275,128,0.3035740479826927,128,0.6007532477378845,128,0.39924677461385727,128,0.1475827507674694,128,-0.3785310164093971,128,0.8261396288871765,128,1.0,128,1.0,128,0.0,128,18.0,128,0.47283050417900085,128,-1.7802678048610687,128,-0.6480583101511002,128
noisy,21,11,6,0.2897438034415245,128,7.115749001502991,128,0.3953193873167038,128,0.39365145564079285,128,0.6063485592603683,128,0.1797545738518238,128,-0.17142923176288605,128,0.8572707623243332,128,1.5,128,1.0,128,0.0,128,9.0,128,0.4272646978497505,128,-1.0979440659284592,128,-0.49682827293872833,128
noisy,21,11,7,0.28496162593364716,128,7.317331433296204,128,0.4065184071660042,128,0.4045482501387596,128,0.595451757311821,128,0.20348186418414116,128,-0.1823260337114334,128,0.9403403401374817,128,1.0,128,1.0,128,0.0,128,9.0,128,0.3648443669080734,128,-1.4308781623840332,128,-0.6870213150978088,128
noisy,21,11,8,0.281585693359375,128,7.358623385429382,128,0.40881240367889404,128,0.44464539736509323,128,0.555354580283165,128,0.2516803704202175,128,-0.22242321074008942,128,0.8916582465171814,128,1.0,128,1.0,128,0.0,128,18.0,128,0.3636201322078705,128,-1.2490370869636536,128,-0.31821222603321075,128
noisy,21,11,9,0.470434233546257,128,8.378218173980713,128,0.4654565677046776,128,0.37026452273130417,128,0.6297354996204376,128,0.28452643752098083,128,-0.14804229140281677,128,0.7803726345300674,128,1.0,128,0.5000000149011612,128,0.19117647409439087,128,6.0,128,0.5670718103647232,128,-0.43574358522892,128,-0.13687601499259472,128
noisy,21,11,10,0.3010818287730217,128,8.521770000457764,128,0.47343166172504425,128,0.33711253106594086,128,0.6628874987363815,128,0.30772703886032104,128,-0.11489029228687286,128,0.938634842634201,128,1.0,128,1.0,128,0.0,128,5.400000035762787,128,0.4120970517396927,128,-1.011806234717369,128,-0.2793354243040085,128
noisy,21,11,11,0.29203785210847855,128,8.204399347305298,128,0.45579995959997177,128,0.36375439912080765,128,0.636245608329773,128,0.26706797257065773,128,-0.14153218269348145,128,0.9223389774560928,128,1.0,128,1.0,128,0.0,128,6.0,128,0.4292783960700035,128,-0.9635211080312729,128,-0.37614622339606285,128
noisy,21,12,0,0.19612333923578262,128,5.25834584236145,128,0.29213032871484756,128,0.6526728868484497,128,0.3473271355032921,128,0.15937059000134468,128,-0.4304506555199623,128,0.7295616567134857,128,1.0,128,1.0,128,0.0,128,18.0,128,0.5137971118092537,128,-1.717592030763626,128,-0.502401627600193,128
noisy,21,12,1,0.2255537249147892,128,6.5014002323150635,128,0.3611888960003853,128,0.4935294836759567,128,0.5064705312252045,128,0.17693950980901718,128,-0.2713072597980499,128,0.8322990387678146,128,1.0,128,1.0,128,0.0,128,6.0,128,0.4349595680832863,128,-1.3001775741577148,128,-0.538313016295433,128
noisy,21,12,2,0.5086511522531509,128,6.020928263664246,128,0.33449601382017136,128,0.6144407689571381,128,0.38555923849344254,128,0.22542539983987808,128,-0.39221855252981186,128,0.6691995859146118,128,1.0,128,0.3888888955116272,128,0.1764705926179886,128,15.75,128,0.6601723581552505,128,-1.1601877510547638,128,-0.280694879591465,128
noisy,21,12,3,0.3287717178463936,128,7.699492573738098,128,0.4277495816349983,128,0.43440383672714233,128,0.5655961632728577,128,0.28209419548511505,128,-0.21218162775039673,128,0.8149858266115189,128,1.0,128,1.0,128,0.0,128,6.0,128,0.41267266869544983,128,-0.7173076570034027,128,-0.15948294289410114,128
noisy,21,12,4,0.241876270622015,128,7.89973521232605,128,0.43887417763471603,128,0.36455095559358597,128,0.6354490965604782,128,0.26713067293167114,128,-0.14232869446277618,128,0.933278352022171,128,1.0,128,1.0,128,0.0,128,9.0,128,0.40615592896938324,128,-1.196962594985962,128,-0.3952478989958763,128
noisy,21,12,5,0.26018076390028,128,8.817972421646118,128,0.4898873642086983,128,0.2888982892036438,128,0.7111017256975174,128,0.30307328701019287,128,-0.066676065325737,128,0.9728033244609833,128,1.0,128,1.0,128,0.0,128,5.0,128,0.4221510961651802,128,-0.8945563286542892,128,-0.2541779614984989,128
noisy,21,12,6,0.17254699021577835,128,3.099108099937439,128,0.1721726693212986,128,0.8289050608873367,128,0.17109493538737297,128,0.06243029609322548,128,-0.6066828668117523,128,0.5612099319696426,128,1.0,128,1.0,128,0.0,128,18.0,128,0.4169059991836548,128,-1.8908171355724335,128,-0.7085131108760834,128
noisy,21,12,7,0.12827412970364094,128,2.528061270713806,128,0.14044784754514694,128,0.8790891915559769,128,0.12091079540550709,128,0.04089148435741663,128,-0.6568669974803925,128,0.46706756949424744,128,1.0,128,1.0,128,0.0,128,18.0,128,0.4751218482851982,128,-1.9194792807102203,128,-0.6417461484670639,128
noisy,21,12,8,0.35697944462299347,128,3.4277299642562866,128,0.1904294453561306,128,0.7653716951608658,128,0.23462830111384392,128,0.06841875985264778,128,-0.5431494861841202,128,0.5616620481014252,128,1.0,128,0.9444444328546524,128,0.11764705926179886,128,9.0,128,0.4638086035847664,128,-1.4755085706710815,128,-0.5924507826566696,128
noisy,21,12,9,0.2759767696261406,128,6.201165795326233,128,0.34450920671224594,128,0.5372271984815598,128,0.46277278661727905,128,0.18837499991059303,128,-0.31500500440597534,128,0.8482076674699783,128,1.0,128,1.0,128,0.0,128,10.5,128,0.36250293999910355,128,-1.7298618853092194,128,-0.5965150743722916,128
noisy,21,12,10,0.3605611100792885,128,5.1689900159835815,128,0.287166103720665,128,0.6546451896429062,128,0.345354788005352,128,0.17685462161898613,128,-0.4324230030179024,128,0.5831444710493088,128,1.0,128,1.0,128,0.0,128,6.0,128,0.4007961302995682,128,-0.7814510464668274,128,-0.24317136779427528,128
noisy,21,12,11,0.17283349111676216,128,3.028010070323944,128,0.16822277754545212,128,0.8393388837575912,128,0.16066114977002144,128,0.05456630326807499,128,-0.6171166449785233,128,0.53968645632267,128,1.0,128,1.0,128,0.0,128,18.0,128,0.5308511108160019,128,-1.92561474442482,128,-0.6433473825454712,128
noisy,21,13,0,0.2875595837831497,128,3.0517513155937195,128,0.16954173520207405,128,0.8083992153406143,128,0.19160080701112747,128,0.018170902505517006,128,-0.5861769914627075,128,0.5056971982121468,128,1.0,128,1.0,128,0.0,128,18.0,128,0.5328495055437088,128,-1.5002634227275848,128,-0.728332594037056,128
noisy,21,13,1,0.3166956603527069,128,5.663939356803894,128,0.3146633058786392,128,0.5711095482110977,128,0.4288904517889023,128,0.17350320145487785,128,-0.3488873392343521,128,0.7785937488079071,128,1.0,128,1.0,128,0.0,128,10.5,128,0.4359304681420326,128,-1.2658952474594116,128,-0.42629099637269974,128
noisy,21,13,2,0.22483406215906143,128,6.6180500984191895,128,0.3676694557070732,128,0.49380289763212204,128,0.506197139620781,128,0.20505695044994354,128,-0.27158065140247345,128,0.8450772017240524,128,1.0,128,1.0,128,0.0,128,7.125,128,0.4434320256114006,128,-1.3832117021083832,128,-0.44035088270902634,128
noisy,21,13,3,0.25791024416685104,128,7.39663302898407,128,0.4109240546822548,128,0.39831535518169403,128,0.6016846746206284,128,0.23716074228286743,128,-0.17609311640262604,128,0.9397023171186447,128,1.0,128,1.0,128,0.0,128,13.5,128,0.4006439074873924,128,-1.55556121468544,128,-0.5207678526639938,128
noisy,21,13,4,0.25190890580415726,128,7.393254995346069,128,0.4107363894581795,128,0.4197935089468956,128,0.580206498503685,128,0.23054252192378044,128,-0.1975712925195694,128,0.9156434535980225,128,1.0,128,1.0,128,0.0,128,9.0,128,0.388691708445549,128,-1.4138470590114594,128,-0.5143994987010956,128
noisy,21,13,5,0.31084471195936203,128,5.204940438270569,128,0.28916335850954056,128,0.6202616840600967,128,0.37973833084106445,128,0.1192452497780323,128,-0.39803946018218994,128,0.777388408780098,128,1.75,128,1.0,128,0.0,128,18.0,128,0.4242090582847595,128,-1.4140756130218506,128,-0.6381632834672928,128
noisy,21,13,6,0.24291372299194336,128,6.901533126831055,128,0.3834185004234314,128,0.4709217846393585,128,0.5290782153606415,128,0.22809798270463943,128,-0.24869957566261292,128,0.8988988101482391,128,1.0,128,1.0,128,0.0,128,4.125,128,0.41684456914663315,128,-1.4259540736675262,128,-0.5010499954223633,128
noisy,21,13,7,0.27851445227861404,128,5.775863409042358,128,0.32088129967451096,128,0.5178615152835846,128,0.4821384847164154,128,0.12511822395026684,128,-0.295639306306839,128,0.7892430871725082,128,1.0,128,1.0,128,0.0,128,6.0,128,0.42356814444065094,128,-1.2555679082870483,128,-0.6183418333530426,128
noisy,21,13,8,0.18760570883750916,128,4.900574088096619,128,0.27225411683321,128,0.6228711009025574,128,0.3771289139986038,128,0.08240275643765926,128,-0.4006488770246506,128,0.8073908984661102,128,1.0,128,1.0,128,0.0,128,18.0,128,0.45521165430545807,128,-1.7996430099010468,128,-0.8277974724769592,128
noisy,21,13,9,0.2851080670952797,128,5.063654661178589,128,0.2813141494989395,128,0.6122462302446365,128,0.38775381445884705,128,0.11931092292070389,128,-0.39002397656440735,128,0.7281957864761353,128,1.0,128,1.0,128,0.0,128,18.0,128,0.4682854637503624,128,-1.4857773780822754,128,-0.4954681992530823,128
noisy,21,13,10,0.20393509045243263,128,7.79326319694519,128,0.43295906484127045,128,0.375776082277298,128,0.6242239028215408,128,0.24704984575510025,128,-0.15355388820171356,128,0.9202526211738586,128,2.0,128,1.0,128,0.0,128,3.0,128,0.42175034433603287,128,-1.011889711022377,128,-0.43072107434272766,128
noisy,21,13,11,0.2234445884823799,128,6.510939717292786,128,0.36171887814998627,128,0.5444298982620239,128,0.4555701017379761,128,0.2354043684899807,128,-0.3222076892852783,128,0.7836388647556305,128,1.0,128,1.0,128,0.0,128,18.0,128,0.4656800776720047,128,-1.4744618833065033,128,-0.30308897793293,128
noisy,21,14,0,0.27773233503103256,128,4.296443700790405,128,0.2386913187801838,128,0.7495569586753845,128,0.25044306740164757,128,0.13598321750760078,128,-0.5273347198963165,128,0.6344328969717026,128,1.0,128,1.0,128,0.0,128,18.0,128,0.4370686858892441,128,-1.6851491034030914,128,-0.42840196937322617,128
noisy,21,14,1,0.25311779975891113,128,6.280845642089844,128,0.3489358648657799,128,0.49698949605226517,128,0.5030104964971542,128,0.1520184986293316,128,-0.27476729452610016,128,0.8217608779668808,128,1.0,128,1.0,128,0.0,128,10.5,128,0.45318908244371414,128,-1.2811888456344604,128,-0.5626061409711838,128
noisy,21,14,2,0.3629555478692055,128,6.803916811943054,128,0.3779953792691231,128,0.4432767182588577,128,0.5567232966423035,128,0.19395612925291061,128,-0.22105449438095093,128,0.8673753589391708,128,1.0,128,1.0,128,0.0,128,6.75,128,0.4226081520318985,128,-1.3022191524505615,128,-0.4986052066087723,128
noisy,21,14,3,0.2141733542084694,128,5.284072041511536,128,0.29355955123901367,128,0.6172227412462234,128,0.38277725875377655,128,0.13248895481228828,128,-0.39500053226947784,128,0.7486954033374786,128,1.0,128,1.0,128,0.0,128,9.0,128,0.3586868941783905,128,-1.6693798303604126,128,-0.6063785403966904,128
noisy,21,14,4,0.4333847463130951,128,6.5500980615615845,128,0.36389433592557907,128,0.5856436640024185,128,0.4143563359975815,128,0.2740003168582916,128,-0.3634214550256729,128,0.6339444071054459,128,1.0,128,0.9722222089767456,128,0.05882352963089943,128,18.0,128,0.49987415969371796,128,-1.086077868938446,128,-0.10596762038767338,128
noisy,21,14,5,0.2945331558585167,128,4.036774516105652,128,0.22426525130867958,128,0.717419758439064,128,0.2825802266597748,128,0.08724047243595123,128,-0.4951975643634796,128,0.5791480541229248,128,1.0,128,1.0,128,0.0,128,6.0,128,0.39982636272907257,128,-1.1791473031044006,128,-0.4271484762430191,128
noisy,21,14,6,0.2613762505352497,128,7.505578994750977,128,0.41697661578655243,128,0.39829396456480026,128,0.601706013083458,128,0.23024295270442963,128,-0.17607177793979645,128,0.9523905366659164,128,1.0,128,1.0,128,0.0,128,18.0,128,0.4254307821393013,128,-1.657692551612854,128,-0.597412183880806,128
noisy,21,14,7,0.23153552412986755,128,6.5488808155059814,128,0.3638267144560814,128,0.4816761091351509,128,0.5183238834142685,128,0.17624208331108093,128,-0.2594539076089859,128,0.9061909466981888,128,1.0,128,1.0,128,0.0,128,10.5,128,0.3639034703373909,128,-1.6899948418140411,128,-0.6966841220855713,128
noisy,21,14,8,0.2219695895910263,128,3.6668813824653625,128,0.20371563360095024,128,0.77215576171875,128,0.2278442494571209,128,0.08867251127958298,128,-0.5499335378408432,128,0.564396470785141,128,1.0,128,1.0,128,0.0,128,18.0,128,0.4113027825951576,128,-1.5477564632892609,128,-0.5113419815897942,128
noisy,21,14,9,0.26687241345643997,128,7.98380708694458,128,0.4435448423027992,128,0.38388166576623917,128,0.616118311882019,128,0.26263172179460526,128,-0.16165947914123535,128,0.933446392416954,128,1.0,128,1.0,128,0.0,128,18.0,128,0.41765686124563217,128,-1.3758075833320618,128,-0.44171952456235886,128
noisy,21,14,10,0.18480440601706505,128,4.380023717880249,128,0.24333465099334717,128,0.7100983113050461,128,0.2899016812443733,128,0.09780418314039707,128,-0.4878761097788811,128,0.704805389046669,128,1.0,128,1.0,128,0.0,128,18.0,128,0.4060574173927307,128,-1.8483906686306,128,-0.5990833789110184,128
noisy,21,14,11,0.29457180202007294,128,7.159411311149597,128,0.3977450653910637,128,0.44521768391132355,128,0.5547823458909988,128,0.2191942222416401,128,-0.22299544513225555,128,0.8926091343164444,128,2.5,128,1.0,128,0.0,128,18.0,128,0.4159170761704445,128,-1.2414328455924988,128,-0.4754623845219612,128
noisy,21,15,0,0.2817879915237427,128,7.365712642669678,128,0.4092062637209892,128,0.4004809781908989,128,0.5995190441608429,128,0.22192198038101196,128,-0.1782587468624115,128,0.9256401658058167,128,1.0,128,1.0,128,0.0,128,9.0,128,0.4101674482226372,128,-1.1777753829956055,128,-0.5491113811731339,128
noisy,21,15,1,0.3484315723180771,128,4.966796636581421,128,0.2759331464767456,128,0.6199174523353577,128,0.3800825700163841,128,0.0938599482178688,128,-0.39769522100687027,128,0.7082571536302567,128,1.0,128,1.0,128,0.0,128,18.0,128,0.42418909817934036,128,-1.3549700379371643,128,-0.6660948842763901,128
noisy,21,15,2,0.34501370787620544,128,5.131755590438843,128,0.28509753197431564,128,0.6191976070404053,128,0.3808024078607559,128,0.09335655346512794,128,-0.3969753831624985,128,0.7225576043128967,128,1.0,128,1.0,128,0.0,128,10.5,128,0.41818322241306305,128,-1.2489658892154694,128,-0.5845712721347809,128
noisy,21,15,3,0.3053088039159775,128,8.025913953781128,128,0.445884108543396,128,0.38138413429260254,128,0.6186158657073975,128,0.25475016981363297,128,-0.15916192531585693,128,0.9120125323534012,128,1.0,128,1.0,128,0.0,128,10.5,128,0.4390043094754219,128,-1.1552837789058685,128,-0.4258852116763592,128
noisy,21,15,4,0.3931247144937515,128,5.360059857368469,128,0.2977811023592949,128,0.5977904945611954,128,0.40220948308706284,128,0.12665612250566483,128,-0.37556830793619156,128,0.7529687136411667,128,2.0,128,1.0,128,0.0,128,18.0,128,0.46303632855415344,128,-1.3141590654850006,128,-0.5396860986948013,128
noisy,21,15,5,0.2621048465371132,128,5.920362234115601,128,0.3289090096950531,128,0.5759344100952148,128,0.42406558990478516,128,0.15572913736104965,128,-0.35371220111846924,128,0.8200503140687943,128,1.0,128,1.0,128,0.0,128,15.75,128,0.39803820103406906,128,-1.5844277143478394,128,-0.6744698733091354,128
noisy,21,15,6,0.3099054545164108,128,7.865155935287476,128,0.4369531124830246,128,0.3605833426117897,128,0.6394166499376297,128,0.25108614191412926,128,-0.1383611410856247,128,0.9338608533143997,128,1.0,128,1.0,128,0.0,128,9.0,128,0.41023263335227966,128,-1.129819244146347,128,-0.46850401163101196,128
noisy,21,15,7,0.27953793853521347,128,6.45441460609436,128,0.358578585088253,128,0.48013707995414734,128,0.5198628976941109,128,0.17756884172558784,128,-0.2579148933291435,128,0.8324498385190964,128,1.0,128,1.0,128,0.0,128,9.0,128,0.41763935983181,128,-1.172241061925888,128,-0.5305538773536682,128
noisy,21,15,8,0.29745517671108246,128,5.234436750411987,128,0.290802039206028,128,0.6382785141468048,128,0.3617214635014534,128,0.16785473376512527,128,-0.416056327521801,128,0.7238504886627197,128,1.0,128,1.0,128,0.0,128,18.0,128,0.48279301822185516,128,-1.4756374657154083,128,-0.4320521056652069,128
noisy,21,15,9,0.4140767231583595,128,8.532601356506348,128,0.4740334078669548,128,0.31861578673124313,128,0.6813841909170151,128,0.2936641275882721,128,-0.09639360010623932,128,0.923923447728157,128,4.0,128,1.0,128,0.0,128,10.5,128,0.40633756667375565,128,-0.8769510686397552,128,-0.29701976105570793,128
noisy,21,15,10,0.2560099586844444,128,7.559903621673584,128,0.41999464482069016,128,0.36510032415390015,128,0.6348997056484222,128,0.21400796249508858,128,-0.14287808537483215,128,0.9554822146892548,128,1.0,128,1.0,128,0.0,128,18.0,128,0.41804420948028564,128,-1.5260715782642365,128,-0.7129365056753159,128
noisy,21,15,11,0.3005654737353325,128,5.6074525117874146,128,0.3115251362323761,128,0.6038504242897034,128,0.39614958316087723,128,0.16387150436639786,128,-0.38162820786237717,128,0.8125667870044708,128,1.0,128,1.0,128,0.0,128,18.0,128,0.4156641587615013,128,-1.8108348548412323,128,-0.5457808673381805,128
noisy,21,16,0,0.2418452836573124,128,4.040083646774292,128,0.22444909065961838,128,0.7547607570886612,128,0.24523922055959702,128,0.08032560534775257,128,-0.532538577914238,128,0.6162479221820831,128,1.0,128,1.0,128,0.0,128,18.0,128,0.46065444499254227,128,-1.686201423406601,128,-0.5996408611536026,128
noisy,21,16,1,0.28327707201242447,128,6.87833571434021,128,0.3821297585964203,128,0.45371145755052567,128,0.5462885499000549,128,0.18370097503066063,128,-0.23148924112319946,128,0.8995568007230759,128,1.0,128,1.0,128,0.0,128,10.5,128,0.39596349000930786,128,-1.5215954780578613,128,-0.6023567616939545,128
noisy,21,16,2,0.21261066198349,128,2.290804862976074,128,0.12726693414151669,128,0.9027951508760452,128,0.09720485843718052,128,0.04689993057399988,128,-0.6805729418992996,128,0.3662288412451744,128,1.0,128,1.0,128,0.0,128,18.0,128,0.5233254358172417,128,-1.668439269065857,128,-0.4250372648239136,128
noisy,21,16,3,0.28534529358148575,128,8.40548300743103,128,0.4669712781906128,128,0.340406134724617,128,0.6595938503742218,128,0.27447469532489777,128,-0.11818394064903259,128,0.9352010786533356,128,1.0,128,1.0,128,0.0,128,9.0,128,0.39542224258184433,128,-0.9733752608299255,128,-0.3636220172047615,128
noisy,21,16,4,0.23539187759160995,128,5.893395304679871,128,0.32741085439920425,128,0.5546737015247345,128,0.4453263059258461,128,0.1632617823779583,128,-0.3324514850974083,128,0.8556553423404694,128,1.0,128,1.0,128,0.0,128,18.0,128,0.4055106043815613,128,-1.7055268585681915,128,-0.5976869463920593,128
noisy,21,16,5,0.19301141798496246,128,4.917235255241394,128,0.2731797322630882,128,0.680619552731514,128,0.3193804398179054,128,0.11798346973955631,128,-0.45839735120534897,128,0.7702946662902832,128,1.0,128,1.0,128,0.0,128,18.0,128,0.5349083840847015,128,-1.9548114836215973,128,-0.6512058973312378,128
noisy,21,16,6,0.2624996528029442,128,5.538844466209412,128,0.307713583111763,128,0.6014678478240967,128,0.3985321521759033,128,0.16502490639686584,128,-0.3792456388473511,128,0.7414614856243134,128,1.0,128,1.0,128,0.0,128,15.75,128,0.4801713451743126,128,-1.285685509443283,128,-0.4190051704645157,128
noisy,21,16,7,0.3235888183116913,128,8.205320596694946,128,0.45585115253925323,128,0.31893952935934067,128,0.6810604780912399,128,0.27715373784303665,128,-0.09671731293201447,128,0.9250186532735825,128,3.5,128,1.0,128,0.0,128,13.5,128,0.4152577221393585,128,-0.9522085934877396,128,-0.3429149314761162,128
noisy,21,16,8,0.22610968723893166,128,5.595173716545105,128,0.31084298342466354,128,0.58740234375,128,0.4125976637005806,128,0.15482104197144508,128,-0.3651801273226738,128,0.821467861533165,128,1.0,128,1.0,128,0.0,128,18.0,128,0.4950370118021965,128,-1.9184585511684418,128,-0.6836616545915604,128
noisy,21,16,9,0.22793587297201157,128,2.506175935268402,128,0.13923199847340584,128,0.869126483798027,128,0.13087351247668266,128,0.036232899874448776,128,-0.6469042748212814,128,0.4414142966270447,128,1.0,128,1.0,128,0.0,128,18.0,128,0.39185601472854614,128,-1.8457292318344116,128,-0.6407133489847183,128
noisy,21,16,10,0.3004162088036537,128,7.447033524513245,128,0.4137240797281265,128,0.39932239055633545,128,0.6006775945425034,128,0.23003357648849487,128,-0.17710019648075104,128,0.8682657033205032,128,2.5,128,1.0,128,0.0,128,9.0,128,0.4487829655408859,128,-1.0080894976854324,128,-0.3981638103723526,128
noisy,21,16,11,0.4384961724281311,128,7.8908371925354,128,0.43837983906269073,128,0.3702097535133362,128,0.6297902315855026,128,0.24325216189026833,128,-0.14798755943775177,128,0.9199743717908859,128,1.0,128,1.0,128,0.0,128,6.0,128,0.41486845165491104,128,-1.0869683623313904,128,-0.46675997972488403,128
noisy,21,17,0,0.44361917674541473,128,4.993059515953064,128,0.2773922011256218,128,0.6026409417390823,128,0.39735905826091766,128,0.10441039502620697,128,-0.38041873276233673,128,0.7557533979415894,128,1.0,128,1.0,128,0.0,128,12.0,128,0.4280674681067467,128,-1.407162219285965,128,-0.6040795147418976,128
noisy,21,17,1,0.29711052030324936,128,7.4504770040512085,128,0.41391538083553314,128,0.39448773860931396,128,0.6055122464895248,128,0.21592456102371216,128,-0.17226554453372955,128,0.8024379462003708,128,1.0,128,1.0,128,0.0,128,6.0,128,0.5282332599163055,128,-0.6863092333078384,128,-0.23290522024035454,128
noisy,21,17,2,0.30904069542884827,128,5.123262524604797,128,0.28462569415569305,128,0.648478552699089,128,0.35152141004800797,128,0.14538174867630005,128,-0.42625638097524643,128,0.7127073258161545,128,1.0,128,1.0,128,0.0,128,18.0,128,0.41665636748075485,128,-1.5032311379909515,128,-0.48421040922403336,128
noisy,21,17,3,0.2241174429655075,128,3.5590383410453796,128,0.1977243535220623,128,0.776842325925827,128,0.22315768897533417,128,0.06566931493580341,128,-0.5546201020479202,128,0.6072821915149689,128,1.0,128,1.0,128,0.0,128,18.0,128,0.45415446907281876,128,-1.9007257521152496,128,-0.6830391436815262,128
noisy,21,17,4,0.33161476999521255,128,7.680325150489807,128,0.42668473720550537,128,0.44073911011219025,128,0.5592609196901321,128,0.25585751608014107,128,-0.21851687133312225,128,0.8908540904521942,128,1.0,128,1.0,128,0.0,128,11.0,128,0.4512573331594467,128,-1.1457228660583496,128,-0.2841070219874382,128
noisy,21,17,5,0.30442435294389725,128,4.635407209396362,128,0.2575226239860058,128,0.7074901461601257,128,0.2925098314881325,128,0.11730360798537731,128,-0.4852679744362831,128,0.6369787603616714,128,1.0,128,1.0,128,0.0,128,18.0,128,0.4164550080895424,128,-1.5369870960712433,128,-0.40305084735155106,128
noisy,21,17,6,0.4114680290222168,128,5.442812085151672,128,0.30237845331430435,128,0.5873939990997314,128,0.41260597109794617,128,0.14088616520166397,128,-0.3651718199253082,128,0.7957034558057785,128,1.0,128,1.0,128,0.0,128,15.75,128,0.3910921961069107,128,-1.4995819926261902,128,-0.5599176287651062,128
noisy,21,17,7,0.26134907454252243,128,4.348637938499451,128,0.24159099534153938,128,0.7186409384012222,128,0.28135906159877777,128,0.09531367942690849,128,-0.496418721973896,128,0.5895934253931046,128,1.0,128,1.0,128,0.0,128,9.5,128,0.42991191893815994,128,-1.6738205254077911,128,-0.5562306791543961,128
noisy,21,17,8,0.1964905448257923,128,4.343604028224945,128,0.24131133779883385,128,0.6906217634677887,128,0.3093782365322113,128,0.09883510507643223,128,-0.4683995544910431,128,0.669128879904747,128,1.0,128,1.0,128,0.0,128,18.0,128,0.539654865860939,128,-1.7115032374858856,128,-0.5964996665716171,128
noisy,21,17,9,0.27213210612535477,128,5.3114014863967896,128,0.2950778603553772,128,0.6119993776082993,128,0.38800063729286194,128,0.1619219034910202,128,-0.38977715373039246,128,0.7219749242067337,128,1.0,128,1.0,128,0.0,128,18.0,128,0.4866510033607483,128,-1.3600449562072754,128,-0.4418337643146515,128
noisy,21,17,10,0.1959095150232315,128,4.495209693908691,128,0.24973386898636818,128,0.7059114724397659,128,0.29408852756023407,128,0.10063900798559189,128,-0.4836892634630203,128,0.6676013916730881,128,1.0,128,1.0,128,0.0,128,9.0,128,0.4476127028465271,128,-1.6923119127750397,128,-0.5119713693857193,128
noisy,21,17,11,0.27472778409719467,128,5.584076285362244,128,0.3102264702320099,128,0.6053856611251831,128,0.3946143165230751,128,0.14552082493901253,128,-0.3831634745001793,128,0.8408414870500565,128,1.0,128,1.0,128,0.0,128,18.0,128,0.4685184881091118,128,-1.688137948513031,128,-0.5901394486427307,128
noisy,21,18,0,0.5539098083972931,128,7.152668714523315,128,0.39737048745155334,128,0.4059794247150421,128,0.5940205901861191,128,0.17777523025870323,128,-0.18375720083713531,128,0.8651490062475204,128,1.0,128,1.0,128,0.0,128,12.0,128,0.3890387713909149,128,-1.139826089143753,128,-0.5307406932115555,128
noisy,21,18,1,0.4408099427819252,128,3.8427809476852417,128,0.21348783373832703,128,0.7140804827213287,128,0.28591951727867126,128,0.04759122431278229,128,-0.49185827374458313,128,0.6145317703485489,128,1.0,128,1.0,128,0.0,128,18.0,128,0.4488331377506256,128,-1.4035525918006897,128,-0.6529860496520996,128
noisy,21,18,2,0.4930034726858139,128,4.393195748329163,128,0.24406642839312553,128,0.6796468943357468,128,0.320353128015995,128,0.05837869178503752,128,-0.45742466300725937,128,0.6465586423873901,128,1.0,128,1.0,128,0.0,128,18.0,128,0.4930329769849777,128,-1.3469357192516327,128,-0.5070792138576508,128
noisy,21,18,3,0.5339369922876358,128,4.114691734313965,128,0.22859398275613785,128,0.7322740852832794,128,0.26772593706846237,128,0.04996632132679224,128,-0.5100518465042114,128,0.605376660823822,128,1.0,128,1.0,128,0.0,128,18.0,128,0.4747195690870285,128,-1.3779138922691345,128,-0.5855905413627625,128
noisy,21,18,4,0.2691166326403618,128,4.599369049072266,128,0.2555205002427101,128,0.6886889487504959,128,0.3113110661506653,128,0.09723026864230633,128,-0.4664667174220085,128,0.6993571519851685,128,1.0,128,1.0,128,0.0,128,18.0,128,0.46045349538326263,128,-1.5434297025203705,128,-0.5491358414292336,128
noisy,21,18,5,0.5055193156003952,128,4.5322266817092896,128,0.2517903745174408,128,0.6946001201868057,128,0.30539990216493607,128,0.06569672469049692,128,-0.47237788885831833,128,0.647634282708168,128,1.0,128,1.0,128,0.0,128,18.0,128,0.46492934226989746,128,-1.350294977426529,128,-0.5721664875745773,128
noisy,21,18,6,0.630084440112114,128,4.952938795089722,128,0.2751632630825043,128,0.6527747958898544,128,0.34722521901130676,128,0.11887870356440544,128,-0.43055257201194763,128,0.6503879725933075,128,1.25,128,1.0,128,0.0,128,18.0,128,0.4755994826555252,128,-1.2257093787193298,128,-0.3916976675391197,128
noisy,21,18,7,0.5695015341043472,128,4.095996379852295,128,0.22755535691976547,128,0.7239784598350525,128,0.2760215476155281,128,0.0538992490619421,128,-0.5017562508583069,128,0.669451579451561,128,1.0,128,1.0,128,0.0,128,18.0,128,0.427709624171257,128,-1.4059759676456451,128,-0.6535328924655914,128
noisy,21,18,8,0.4792107194662094,128,4.093042552471161,128,0.22739125043153763,128,0.7112689465284348,128,0.28873107954859734,128,0.07810987904667854,128,-0.48904670774936676,128,0.6556818187236786,128,1.0,128,1.0,128,0.0,128,18.0,128,0.44567157328128815,128,-1.4002324938774109,128,-0.5562177151441574,128
noisy,21,18,9,0.287756972014904,128,8.422935247421265,128,0.4679408520460129,128,0.3357733190059662,128,0.664226695895195,128,0.29701048135757446,128,-0.11355109512805939,128,0.9678699970245361,128,1.0,128,1.0,128,0.0,128,18.0,128,0.41310060024261475,128,-1.3091737926006317,128,-0.354191355407238,128
noisy,21,18,10,0.3710120916366577,128,4.392561852931976,128,0.24403121694922447,128,0.6736105978488922,128,0.326389379799366,128,0.09744054079055786,128,-0.4513884112238884,128,0.6627556681632996,128,1.0,128,1.0,128,0.0,128,18.0,128,0.45322730392217636,128,-1.4426506757736206,128,-0.48933736234903336,128
noisy,21,18,11,0.45870325714349747,128,4.052634358406067,128,0.2251463569700718,128,0.694358617067337,128,0.30564138293266296,128,0.06970864348113537,128,-0.47213640809059143,128,0.6466190069913864,128,1.0,128,1.0,128,0.0,128,18.0,128,0.40851958841085434,128,-1.4388044476509094,128,-0.6780693680047989,128
noisy,21,19,0,0.45107351988554,128,7.541387915611267,128,0.41896598786115646,128,0.39116857945919037,128,0.6088314056396484,128,0.24178477749228477,128,-0.16894638538360596,128,0.9075878709554672,128,1.0,128,1.0,128,0.0,128,18.0,128,0.40309102833271027,128,-1.1509198546409607,128,-0.4539560005068779,128
noisy,21,19,1,0.2215273156762123,128,5.805646896362305,128,0.322535939514637,128,0.5490440726280212,128,0.45095590502023697,128,0.15606427565217018,128,-0.3268218860030174,128,0.7989677637815475,128,1.0,128,1.0,128,0.0,128,9.0,128,0.3932930901646614,128,-1.4206133782863617,128,-0.521229200065136,128
noisy,21,19,2,0.49213556945323944,128,7.239366769790649,128,0.4021870493888855,128,0.4535171464085579,128,0.5464828461408615,128,0.20987726002931595,128,-0.23129494488239288,128,0.7215652614831924,128,1.0,128,0.2916666753590107,128,0.23529411852359772,128,6.0,128,0.5685443580150604,128,-0.8995649069547653,128,-0.293060764670372,128
noisy,21,19,3,0.39121413230895996,128,5.6653008460998535,128,0.3147389441728592,128,0.576573833823204,128,0.42342617362737656,128,0.14931349456310272,128,-0.35435161739587784,128,0.7273697257041931,128,1.0,128,1.0,128,0.0,128,18.0,128,0.42803914099931717,128,-1.3226973414421082,128,-0.47207893431186676,128
noisy,21,19,4,0.27387064695358276,128,3.959045112133026,128,0.2199469469487667,128,0.7818138897418976,128,0.21818610653281212,128,0.13144964165985584,128,-0.559591680765152,128,0.5330431014299393,128,1.0,128,1.0,128,0.0,128,18.0,128,0.7159465998411179,128,-1.749488353729248,128,-0.4641217887401581,128
noisy,21,19,5,0.15950354933738708,128,4.500570297241211,128,0.2500316873192787,128,0.6671620458364487,128,0.3328379616141319,128,0.07986357249319553,128,-0.44493982940912247,128,0.7660007774829865,128,1.0,128,1.0,128,0.0,128,18.0,128,0.4191388264298439,128,-1.8012877106666565,128,-0.8435907065868378,128
noisy,21,19,6,0.27313604205846786,128,6.465136408805847,128,0.3591742441058159,128,0.49946772307157516,128,0.5005322694778442,128,0.17389803379774094,128,-0.27724552154541016,128,0.8987322002649307,128,1.0,128,1.0,128,0.0,128,18.0,128,0.42861393094062805,128,-1.7634947896003723,128,-0.6901661604642868,128
noisy,21,19,7,0.3492254987359047,128,6.91039252281189,128,0.3839106932282448,128,0.5057264566421509,128,0.4942735433578491,128,0.24290557205677032,128,-0.2835042476654053,128,0.8198341429233551,128,1.0,128,1.0,128,0.0,128,18.0,128,0.4744790121912956,128,-1.4409566521644592,128,-0.3521778807044029,128
noisy,21,19,8,0.26184412091970444,128,8.510109663009644,128,0.4727838709950447,128,0.29786452651023865,128,0.7021354585886002,128,0.26637063175439835,128,-0.07564233243465424,128,0.98725725710392,128,1.0,128,1.0,128,0.0,128,13.5,128,0.39555031806230545,128,-1.3926849663257599,128,-0.6750484108924866,128
noisy,21,19,9,0.25451549142599106,128,5.026627898216248,128,0.2792571112513542,128,0.6148109138011932,128,0.38518910109996796,128,0.10248721577227116,128,-0.39258868992328644,128,0.794347420334816,128,1.0,128,1.0,128,0.0,128,18.0,128,0.4435146823525429,128,-1.6980075538158417,128,-0.728670135140419,128
noisy,21,19,10,0.38064608722925186,128,8.14924144744873,128,0.45273563265800476,128,0.373326376080513,128,0.6266736537218094,128,0.24263307452201843,128,-0.151104137301445,128,0.7923494130373001,128,1.0,128,0.9444444179534912,128,0.11764705926179886,128,6.0,128,0.6210732311010361,128,-0.5176026299595833,128,-0.20016510784626007,128
noisy,21,19,11,0.2379351630806923,128,3.711054563522339,128,0.20616969838738441,128,0.7700949162244797,128,0.22990507259964943,128,0.07336338795721531,128,-0.5478727072477341,128,0.5827879309654236,128,1.0,128,1.0,128,0.0,128,13.5,128,0.40680360794067383,128,-1.5709684193134308,128,-0.5496414005756378,128
noisy,21,20,0,0.28159695863723755,128,5.698019504547119,128,0.3165566325187683,128,0.578482061624527,128,0.4215179607272148,128,0.12916884571313858,128,-0.3562598302960396,128,0.8177260458469391,128,1.0,128,1.0,128,0.0,128,18.0,128,0.4505665674805641,128,-1.7594559490680695,128,-0.7158467471599579,128
noisy,21,20,1,0.5389678627252579,128,10.61629581451416,128,0.5897942185401917,128,0.1809733770787716,128,0.8190266340970993,128,0.39949118345975876,128,0.04124884307384491,128,0.7351976633071899,128,18.0,128,1.0,128,0.0,128,6.0,128,0.8293445259332657,128,-0.07251717685721815,128,-0.0010310288635082543,128
noisy,21,20,2,0.49143028259277344,128,10.937741994857788,128,0.607652336359024,128,0.09829239174723625,128,0.9017075300216675,128,0.3688288629055023,128,0.12392973899841309,128,0.6789434850215912,128,18.0,128,1.0,128,0.0,128,6.0,128,0.8380455523729324,128,0.09772706963121891,128,-0.08841497823596,128
noisy,21,20,3,0.7202979922294617,128,13.811771631240845,128,0.7673206478357315,128,0.058548035100102425,128,0.941451907157898,128,0.6172301322221756,128,0.16367411613464355,128,0.5461254417896271,128,18.0,128,1.0,128,0.0,128,6.0,128,0.867062121629715,128,0.19055964797735214,128,0.10897120460867882,128
noisy,21,20,4,0.29563575983047485,128,4.547600507736206,128,0.25264447182416916,128,0.6782375425100327,128,0.32176244258880615,128,0.09308023005723953,128,-0.45601534843444824,128,0.7037716209888458,128,1.0,128,1.0,128,0.0,128,18.0,128,0.527562603354454,128,-1.6097824275493622,128,-0.5283278003334999,128
noisy,21,20,5,0.6270273476839066,128,12.056538820266724,128,0.6698077023029327,128,0.09423116780817509,128,0.9057688564062119,128,0.4947786033153534,128,0.12799106538295746,128,0.6398993581533432,128,18.0,128,1.0,128,0.0,128,6.0,128,0.8943151831626892,128,0.1551788803189993,128,0.05551787745207548,128
noisy,21,20,6,0.21521946415305138,128,5.427266240119934,128,0.30151479691267014,128,0.5536563545465469,128,0.44634363055229187,128,0.12410551868379116,128,-0.3314341604709625,128,0.8024833053350449,128,1.0,128,1.0,128,0.0,128,18.0,128,0.5026326030492783,128,-1.4068626761436462,128,-0.6246143579483032,128
noisy,21,20,7,0.7197475284337997,128,15.752272605895996,128,0.8751262575387955,128,0.005593313602730632,128,0.994406670331955,128,0.7543515413999557,128,0.21662887930870056,128,0.4818274676799774,128,17.0,128,1.0,128,0.0,128,6.0,128,0.5878218561410904,128,1.316524475812912,128,0.6357380896806717,128
noisy,21,20,8,0.3845704346895218,128,7.734281063079834,128,0.42968228459358215,128,0.5260820090770721,128,0.47391797602176666,128,0.3513782396912575,128,-0.30385981500148773,128,0.6632550954818726,128,1.0,128,1.0,128,0.0,128,18.0,128,0.48770858347415924,128,-0.5811311155557632,128,0.08523779362440109,128
noisy,21,20,9,0.31326188147068024,128,8.753132104873657,128,0.48628512024879456,128,0.30940377712249756,128,0.6905962526798248,128,0.2821507602930069,128,-0.08718153834342957,128,0.8668060153722763,128,1.0,128,1.0,128,0.0,128,6.0,128,0.6214688718318939,128,-0.5147665366530418,128,-0.19258258119225502,128
noisy,21,20,10,0.250566229224205,128,5.914832711219788,128,0.32860181480646133,128,0.548551395535469,128,0.45144859701395035,128,0.1737191565334797,128,-0.32632919400930405,128,0.815986230969429,128,1.0,128,1.0,128,0.0,128,18.0,128,0.5678346455097198,128,-1.6219924986362457,128,-0.5020932257175446,128
noisy,21,20,11,0.4816671907901764,128,7.4203901290893555,128,0.41224389523267746,128,0.44745153188705444,128,0.5525484681129456,128,0.22266871854662895,128,-0.22522932291030884,128,0.5732714235782623,128,1.0,128,1.0,128,0.0,128,6.0,128,0.5541385114192963,128,-0.6568551659584045,128,-0.171347938477993,128
noisy,21,21,0,0.39030513912439346,128,5.757899641990662,128,0.3198833242058754,128,0.4416607916355133,128,0.5583391785621643,128,0.1194519903510809,128,-0.2194386124610901,128,0.6595062017440796,128,1.0,128,1.0,128,0.0,128,6.0,128,0.5841315686702728,128,-0.7212513536214828,128,-0.35507529228925705,128
noisy,21,21,1,0.3345347195863724,128,4.4799288511276245,128,0.24888493493199348,128,0.6849029213190079,128,0.3150970786809921,128,0.0902398619800806,128,-0.46268071234226227,128,0.7231468558311462,128,1.0,128,1.0,128,0.0,128,18.0,128,0.45154475420713425,128,-1.7377285659313202,128,-0.7269299626350403,128
noisy,21,21,2,0.2838415205478668,128,4.328664064407349,128,0.24048133566975594,128,0.7020682096481323,128,0.2979317829012871,128,0.10271243378520012,128,-0.4798460081219673,128,0.7007424384355545,128,1.0,128,1.0,128,0.0,128,18.0,128,0.5279112607240677,128,-1.7341891825199127,128,-0.6361797153949738,128
noisy,21,21,3,0.578931599855423,128,12.52471923828125,128,0.6958177238702774,128,0.08419199660420418,128,0.9158079922199249,128,0.534488819539547,128,0.13803020119667053,128,0.5835175663232803,128,18.0,128,1.0,128,0.0,128,6.0,128,0.8590958565473557,128,0.05752609530463815,128,0.01358025218360126,128
noisy,21,21,4,0.38737115263938904,128,5.700569152832031,128,0.316698282957077,128,0.5885169208049774,128,0.4114830940961838,128,0.17116786912083626,128,-0.3662946969270706,128,0.7859990000724792,128,1.0,128,1.0,128,0.0,128,18.0,128,0.47811273485422134,128,-1.5665530562400818,128,-0.5570289194583893,128
noisy,21,21,5,0.2842695415019989,128,8.777462005615234,128,0.4876367747783661,128,0.30892492085695267,128,0.6910750716924667,128,0.3086898997426033,128,-0.08670271933078766,128,0.9387392997741699,128,1.0,128,1.0,128,0.0,128,9.0,128,0.41690944880247116,128,-0.6847963035106659,128,-0.20699326321482658,128
noisy,21,21,6,0.28923074901103973,128,5.31201696395874,128,0.2951120510697365,128,0.5858556479215622,128,0.4141443371772766,128,0.12142544239759445,128,-0.3636334538459778,128,0.7854499965906143,128,1.0,128,1.0,128,0.0,128,18.0,128,0.47730227559804916,128,-1.6063326001167297,128,-0.6143762767314911,128
noisy,21,21,7,0.273082472383976,128,4.861374020576477,128,0.27007633447647095,128,0.5884072929620743,128,0.4115927219390869,128,0.09555168449878693,128,-0.3661850690841675,128,0.7891771197319031,128,1.0,128,1.0,128,0.0,128,12.75,128,0.42383234947919846,128,-1.5478578507900238,128,-0.7082313597202301,128
noisy,21,21,8,0.35854703187942505,128,2.6421727538108826,128,0.1467873752117157,128,0.8584114015102386,128,0.14158860594034195,128,0.04680252633988857,128,-0.6361891627311707,128,0.4493633210659027,128,1.0,128,1.0,128,0.0,128,18.0,128,0.5783522725105286,128,-1.4431012570858002,128,-0.5444298833608627,128
noisy,21,21,9,0.6563805788755417,128,13.836572647094727,128,0.7686984837055206,128,0.08894285559654236,128,0.9110571593046188,128,0.6653687208890915,128,0.13327936828136444,128,0.7052288800477982,128,17.0,128,1.0,128,0.0,128,6.0,128,0.6548169851303101,128,0.23060398176312447,128,0.39640457928180695,128
noisy,21,21,10,0.574133887887001,128,10.465410232543945,128,0.5814116895198822,128,0.19530100375413895,128,0.8046989887952805,128,0.3672645017504692,128,0.026921197772026062,128,0.7038093060255051,128,18.0,128,1.0,128,0.0,128,6.0,128,0.7821176797151566,128,-0.009387260535731912,128,-0.02850384102202952,128
noisy,21,21,11,0.541952833533287,128,13.82054877281189,128,0.7678082585334778,128,0.009201000677421689,128,0.9907989799976349,128,0.6069598495960236,128,0.2130211889743805,128,0.5188108831644058,128,18.0,128,0.9444444179534912,128,0.11764705926179886,128,6.0,128,0.9006760567426682,128,0.5536213964223862,128,0.07801603525876999,128
noisy,21,22,0,0.2749719023704529,128,5.148342490196228,128,0.2860190235078335,128,0.6085849702358246,128,0.3914150148630142,128,0.09916212782263756,128,-0.3863627761602402,128,0.77837273478508,128,1.0,128,1.0,128,0.0,128,18.0,128,0.47242965549230576,128,-1.5085623860359192,128,-0.5897796005010605,128
noisy,21,22,1,0.3375133201479912,128,4.368586182594299,128,0.24269923567771912,128,0.7215425074100494,128,0.27845749258995056,128,0.08306588046252728,128,-0.49932028353214264,128,0.6564474552869797,128,1.0,128,1.0,128,0.0,128,18.0,128,0.5050917789340019,128,-1.5240660905838013,128,-0.6024361401796341,128
noisy,21,22,2,0.23498181253671646,128,5.5584529638290405,128,0.30880293995141983,128,0.5494296699762344,128,0.45057033747434616,128,0.12118082493543625,128,-0.32720745354890823,128,0.8653160631656647,128,1.0,128,1.0,128,0.0,128,18.0,128,0.4728037789463997,128,-1.8243370056152344,128,-0.8469604402780533,128
noisy,21,22,3,0.41429655998945236,128,4.864445447921753,128,0.2702469676733017,128,0.6742605417966843,128,0.32573947310447693,128,0.09240665286779404,128,-0.45203831046819687,128,0.7276834696531296,128,1.0,128,1.0,128,0.0,128,18.0,128,0.47287653386592865,128,-1.707560509443283,128,-0.6570804715156555,128
noisy,21,22,4,0.3771514222025871,128,5.502018094062805,128,0.3056676760315895,128,0.5976059883832932,128,0.40239401161670685,128,0.1394576132297516,128,-0.37538377940654755,128,0.7148255109786987,128,1.5,128,1.0,128,0.0,128,18.0,128,0.4847911447286606,128,-1.4286960065364838,128,-0.4838973358273506,128
noisy,21,22,5,0.46834683418273926,128,4.672647833824158,128,0.2595915421843529,128,0.6726765930652618,128,0.32732339203357697,128,0.09230305254459381,128,-0.45045439898967743,128,0.7262018620967865,128,1.0,128,1.0,128,0.0,128,18.0,128,0.5472443401813507,128,-1.625824123620987,128,-0.5787704885005951,128
noisy,21,22,6,0.4878554940223694,128,7.135321140289307,128,0.39640672504901886,128,0.47133155167102814,128,0.5286684185266495,128,0.26244986057281494,128,-0.24910937249660492,128,0.8285535573959351,128,1.0,128,1.0,128,0.0,128,18.0,128,0.5419946238398552,128,-1.220235288143158,128,-0.31481172144412994,128
noisy,21,22,7,0.3356902673840523,128,8.914045810699463,128,0.495224766433239,128,0.2729121595621109,128,0.7270878851413727,128,0.28106703609228134,128,-0.050689905881881714,128,0.9073708206415176,128,1.0,128,1.0,128,0.0,128,6.0,128,0.5859443843364716,128,-0.4134751558303833,128,-0.2125546857714653,128
noisy,21,22,8,0.5186672508716583,128,4.217672824859619,128,0.2343151606619358,128,0.6879893094301224,128,0.31201067566871643,128,0.06732023321092129,128,-0.46576711535453796,128,0.7226051390171051,128,1.0,128,1.0,128,0.0,128,11.625,128,0.38315142691135406,128,-1.6132891178131104,128,-0.6809849143028259,128
noisy,21,22,9,0.3003774955868721,128,7.1533238887786865,128,0.3974068760871887,128,0.37903472781181335,128,0.6209652870893478,128,0.18236104398965836,128,-0.15681250393390656,128,0.9348371475934982,128,1.0,128,1.0,128,0.0,128,18.0,128,0.44771480560302734,128,-1.325635701417923,128,-0.7133393585681915,128
noisy,21,22,10,0.39218372106552124,128,5.7786524295806885,128,0.3210362493991852,128,0.5682204216718674,128,0.43177956342697144,128,0.13528316468000412,128,-0.34599822759628296,128,0.7404904514551163,128,1.0,128,1.0,128,0.0,128,18.0,128,0.5055559277534485,128,-1.5098608434200287,128,-0.44552360475063324,128
noisy,21,22,11,0.41049178689718246,128,10.056116819381714,128,0.558673158288002,128,0.1692999079823494,128,0.83070008456707,128,0.29560214281082153,128,0.05292229354381561,128,0.7623825073242188,128,13.25,128,0.4444444477558136,128,0.3529411852359772,128,6.0,128,0.8113301247358322,128,-0.021200994087848812,128,-0.08601292781531811,128
noisy,21,23,0,0.2677546665072441,128,5.988231182098389,128,0.33267950266599655,128,0.5853155702352524,128,0.4146844297647476,128,0.17419606819748878,128,-0.3630933612585068,128,0.8298954367637634,128,1.0,128,1.0,128,0.0,128,18.0,128,0.3554707467556,128,-1.6964167952537537,128,-0.6163739562034607,128
noisy,21,23,1,0.23286603391170502,128,7.0585551261901855,128,0.3921419456601143,128,0.4725811034440994,128,0.5274189114570618,128,0.23083380609750748,128,-0.2503588795661926,128,0.7876133620738983,128,1.0,128,0.9444444477558136,128,0.08823529444634914,128,18.0,128,0.5666197240352631,128,-1.2382711470127106,128,-0.3308492675423622,128
noisy,21,23,2,0.39799032360315323,128,8.907409906387329,128,0.4948561042547226,128,0.25165871903300285,128,0.7483412474393845,128,0.2763025611639023,128,-0.029436543583869934,128,0.9678858369588852,128,7.0,128,1.0,128,0.0,128,3.0,128,0.49000831693410873,128,-0.4671195521950722,128,-0.3044351190328598,128
noisy,21,23,3,0.4977208897471428,128,4.231988430023193,128,0.23511046916246414,128,0.7190615981817245,128,0.28093841671943665,128,0.0736828688532114,128,-0.49683936685323715,128,0.687712162733078,128,1.0,128,1.0,128,0.0,128,18.0,128,0.433919720351696,128,-1.7246063947677612,128,-0.7141292691230774,128
noisy,21,23,4,0.2995634749531746,128,4.71392035484314,128,0.2618844658136368,128,0.5959463715553284,128,0.40405362099409103,128,0.07209647446870804,128,-0.37372417002916336,128,0.7116537690162659,128,1.0,128,1.0,128,0.0,128,13.5,128,0.4173063710331917,128,-1.3187103271484375,128,-0.6431431919336319,128
noisy,21,23,5,0.637651652097702,128,5.303058981895447,128,0.29461438953876495,128,0.616751566529274,128,0.3832484409213066,128,0.12595978192985058,128,-0.3945293501019478,128,0.763045534491539,128,1.0,128,1.0,128,0.0,128,18.0,128,0.41720234602689743,128,-1.6043336391448975,128,-0.6256688386201859,128
noisy,21,23,6,0.3592570200562477,128,4.1970168352127075,128,0.2331675998866558,128,0.6797336488962173,128,0.32026634365320206,128,0.07171677611768246,128,-0.45751144737005234,128,0.6602575182914734,128,1.0,128,1.0,128,0.0,128,18.0,128,0.4714788794517517,128,-1.498043954372406,128,-0.5964775383472443,128
noisy,21,23,7,0.2774665579199791,128,6.940760970115662,128,0.385597825050354,128,0.4920014962553978,128,0.507998488843441,128,0.22350044548511505,128,-0.2697793021798134,128,0.7693004161119461,128,1.0,128,1.0,128,0.0,128,6.0,128,0.5100975930690765,128,-1.0539595782756805,128,-0.3112693652510643,128
noisy,21,23,8,0.20201940461993217,128,4.506341338157654,128,0.25035230442881584,128,0.6372321993112564,128,0.3627677708864212,128,0.07011711969971657,128,-0.4150100201368332,128,0.7379996329545975,128,1.0,128,1.0,128,0.0,128,18.0,128,0.4242929145693779,128,-1.521742820739746,128,-0.7333875149488449,128
noisy,21,23,9,0.7237462997436523,128,4.29479193687439,128,0.23859954997897148,128,0.7119596302509308,128,0.2880403622984886,128,0.1055075116455555,128,-0.4897374361753464,128,0.6701954454183578,128,1.0,128,1.0,128,0.0,128,18.0,128,0.49925878643989563,128,-1.621670424938202,128,-0.551668792963028,128
noisy,21,23,10,0.4407186135649681,128,11.14185094833374,128,0.6189917325973511,128,0.09713904187083244,128,0.9028609544038773,128,0.40263989567756653,128,0.12508316338062286,128,0.6201188266277313,128,18.0,128,0.236111119389534,128,0.29411765933036804,128,6.0,128,0.7900152057409286,128,-0.20253079012036324,128,-0.05835356283932924,128
noisy,21,23,11,0.7670849114656448,128,5.196102142333984,128,0.2886723428964615,128,0.6242173314094543,128,0.37578269839286804,128,0.09787195175886154,128,-0.40199509263038635,128,0.6981068998575211,128,1.0,128,1.0,128,0.0,128,18.0,128,0.48374346643686295,128,-1.4582770466804504,128,-0.5314381644129753,128
noisy,21,24,0,0.38927648961544037,128,3.010041356086731,128,0.16722452268004417,128,0.8014894276857376,128,0.19851059094071388,128,0.03647993505001068,128,-0.5792671889066696,128,0.578287735581398,128,1.0,128,1.0,128,0.0,128,18.0,128,0.47959084063768387,128,-1.7701507806777954,128,-0.7700628340244293,128
noisy,21,24,1,0.37706346809864044,128,3.7376535534858704,128,0.2076474167406559,128,0.7278122901916504,128,0.2721877098083496,128,0.05653528869152069,128,-0.5055900812149048,128,0.6775168776512146,128,1.0,128,1.0,128,0.0,128,18.0,128,0.4185388758778572,128,-1.8190957605838776,128,-0.7773751020431519,128
noisy,21,24,2,0.43676280975341797,128,10.428637504577637,128,0.5793687552213669,128,0.06617231480777264,128,0.9338277131319046,128,0.3035384342074394,128,0.1560499221086502,128,0.7075837254524231,128,18.0,128,0.7222222089767456,128,0.29411765187978745,128,6.0,128,0.8347875773906708,128,0.20035375654697418,128,-0.05238361610099673,128
noisy,21,24,3,0.3293237015604973,128,5.589863538742065,128,0.31054797768592834,128,0.585048571228981,128,0.4149513989686966,128,0.13014549762010574,128,-0.3628263920545578,128,0.8027331382036209,128,1.0,128,1.0,128,0.0,128,18.0,128,0.47223277390003204,128,-1.4487504363059998,128,-0.6554879546165466,128
noisy,21,24,4,0.2852548286318779,128,7.206739068031311,128,0.4003743901848793,128,0.39537954330444336,128,0.6046204417943954,128,0.1960788331925869,128,-0.17315734922885895,128,0.9385145455598831,128,1.0,128,1.0,128,0.0,128,18.0,128,0.5015471801161766,128,-1.6198955476284027,128,-0.7553636580705643,128
noisy,21,24,5,0.2804287001490593,128,4.508253216743469,128,0.250458512455225,128,0.6404492110013962,128,0.359550803899765,128,0.07535170204937458,128,-0.4182269871234894,128,0.7426232248544693,128,1.0,128,1.0,128,0.0,128,18.0,128,0.4072265401482582,128,-1.6076100766658783,128,-0.7760927081108093,128
noisy,21,24,6,0.42827634513378143,128,4.735535502433777,128,0.263085313141346,128,0.673312708735466,128,0.326687291264534,128,0.12454144097864628,128,-0.4510904997587204,128,0.7169447839260101,128,1.0,128,1.0,128,0.0,128,18.0,128,0.5263677090406418,128,-1.630098670721054,128,-0.5857913494110107,128
noisy,21,24,7,0.5439403206110001,128,4.7181737422943115,128,0.2621207684278488,128,0.6471878290176392,128,0.35281217098236084,128,0.07466774247586727,128,-0.42496562004089355,128,0.6936130970716476,128,1.0,128,1.0,128,0.0,128,18.0,128,0.48378796875476837,128,-1.4813507497310638,128,-0.6191339641809464,128
noisy,21,24,8,0.5463421195745468,128,5.765577912330627,128,0.3203098848462105,128,0.5337548553943634,128,0.4662451818585396,128,0.13327797688543797,128,-0.3115326091647148,128,0.7968631237745285,128,1.0,128,1.0,128,0.0,128,18.0,128,0.4247993528842926,128,-1.440920114517212,128,-0.6079676896333694,128
noisy,21,24,9,0.44823842495679855,128,5.413241744041443,128,0.3007356524467468,128,0.5684984624385834,128,0.43150151520967484,128,0.10309504717588425,128,-0.34627627581357956,128,0.802751436829567,128,1.0,128,1.0,128,0.0,128,18.0,128,0.5372593551874161,128,-1.6505678594112396,128,-0.6787156462669373,128
noisy,21,24,10,0.6538180857896805,128,4.564044117927551,128,0.2535580061376095,128,0.6648672968149185,128,0.33513273298740387,128,0.09753542393445969,128,-0.4426450580358505,128,0.733993411064148,128,1.0,128,1.0,128,0.0,128,18.0,128,0.4396350756287575,128,-1.6503206491470337,128,-0.6907821595668793,128
noisy,21,24,11,0.5516839772462845,128,5.553141355514526,128,0.30850785970687866,128,0.5897984355688095,128,0.4102015718817711,128,0.1303230132907629,128,-0.3675762191414833,128,0.7306955307722092,128,1.0,128,1.0,128,0.0,128,18.0,128,0.5273914337158203,128,-1.3211316466331482,128,-0.4889944940805435,128
noisy,21,25,0,0.24967527762055397,128,5.194103121757507,128,0.28856128454208374,128,0.5974974632263184,128,0.40250251442193985,128,0.11125830002129078,128,-0.37527527660131454,128,0.7699569463729858,128,1.0,128,1.0,128,0.0,128,18.0,128,0.41353099793195724,128,-1.461522102355957,128,-0.5797805190086365,128
noisy,21,25,1,0.43796923011541367,128,4.669641494750977,128,0.25942452996969223,128,0.6599079966545105,128,0.3400920182466507,128,0.10471186414361,128,-0.4376857727766037,128,0.69659823179245,128,1.0,128,1.0,128,0.0,128,18.0,128,0.5102592185139656,128,-1.5304030179977417,128,-0.5910680294036865,128
noisy,21,25,2,0.37889251857995987,128,4.30353581905365,128,0.23908532410860062,128,0.6984957903623581,128,0.3015042021870613,128,0.07021750509738922,128,-0.4762735888361931,128,0.6988891661167145,128,1.0,128,1.0,128,0.0,128,18.0,128,0.41674601286649704,128,-1.6293381750583649,128,-0.6502333730459213,128
noisy,21,25,3,0.3126355707645416,128,4.409021973609924,128,0.24494566395878792,128,0.7111677825450897,128,0.28883223980665207,128,0.07915577106177807,128,-0.4889455661177635,128,0.6811313331127167,128,1.0,128,1.0,128,0.0,128,18.0,128,0.4437080919742584,128,-1.5406146943569183,128,-0.5991076529026031,128
noisy,21,25,4,0.3106736093759537,128,5.223733425140381,128,0.2902074158191681,128,0.6139006316661835,128,0.3860994130373001,128,0.10056600719690323,128,-0.3916783779859543,128,0.7129833847284317,128,2.0,128,1.0,128,0.0,128,9.0,128,0.424663282930851,128,-1.3933889269828796,128,-0.5591840595006943,128
noisy,21,25,5,0.2862473726272583,128,7.3911155462265015,128,0.41061753779649734,128,0.3812245726585388,128,0.618775486946106,128,0.19463949650526047,128,-0.15900230407714844,128,0.9370058476924896,128,1.0,128,1.0,128,0.0,128,18.0,128,0.39738568663597107,128,-1.204010158777237,128,-0.6514579653739929,128
noisy,21,25,6,0.5383440405130386,128,8.59559154510498,128,0.47753286361694336,128,0.10486509650945663,128,0.8951349258422852,128,0.21235357224941254,128,0.11735713481903076,128,0.7362719029188156,128,5.0,128,0.9444444179534912,128,0.11764705926179886,128,6.0,128,0.6409791558980942,128,0.012292296640225686,128,-0.23045576736330986,128
noisy,21,25,7,0.9455638527870178,128,12.798373460769653,128,0.71102075278759,128,0.006903569679707289,128,0.9930964857339859,128,0.38723599910736084,128,0.2153186947107315,128,0.5898336172103882,128,18.0,128,0.3333333432674408,128,0.29411765933036804,128,6.0,128,0.9317512661218643,128,0.7110840529203415,128,0.18737085536122322,128
noisy,21,25,8,0.305175818502903,128,4.21330201625824,128,0.23407233133912086,128,0.7008267343044281,128,0.2991732880473137,128,0.06300304923206568,128,-0.4786045029759407,128,0.661677286028862,128,1.0,128,1.0,128,0.0,128,18.0,128,0.41860637813806534,128,-1.5943540334701538,128,-0.6671563386917114,128
noisy,21,25,9,0.41131898760795593,128,9.828083276748657,128,0.5460046231746674,128,0.09290135465562344,128,0.9070986658334732,128,0.25078631192445755,128,0.1293208748102188,128,0.7757351696491241,128,11.0,128,0.8611111044883728,128,0.1764705888926983,128,6.0,128,0.8511976003646851,128,0.312636561691761,128,-0.05287358909845352,128
noisy,21,25,10,0.25120918452739716,128,6.010875940322876,128,0.33393755555152893,128,0.5447856038808823,128,0.4552144184708595,128,0.15395308658480644,128,-0.32256337255239487,128,0.8493665903806686,128,1.0,128,1.0,128,0.0,128,18.0,128,0.6069966852664948,128,-1.7070530354976654,128,-0.6157083213329315,128
noisy,21,25,11,0.24498067796230316,128,5.037691354751587,128,0.27987173944711685,128,0.5966687053442001,128,0.4033312723040581,128,0.11518815346062183,128,-0.3744465187191963,128,0.7248414903879166,128,1.0,128,1.0,128,0.0,128,18.0,128,0.4264035075902939,128,-1.2903082370758057,128,-0.6187972724437714,128
noisy,21,26,0,0.3401240408420563,128,7.939234614372253,128,0.4410685896873474,128,0.3336995616555214,128,0.6663004755973816,128,0.250702690333128,128,-0.1114773154258728,128,0.949565201997757,128,1.0,128,1.0,128,0.0,128,18.0,128,0.5038585439324379,128,-1.1746212840080261,128,-0.4560602903366089,128
noisy,21,26,1,0.34371475875377655,128,9.68573260307312,128,0.5380962491035461,128,0.2019566260278225,128,0.798043355345726,128,0.30798109620809555,128,0.02026556432247162,128,0.8949476927518845,128,10.25,128,1.0,128,0.0,128,6.0,128,0.478304460644722,128,-0.0304228151217103,128,-0.06547184474766254,128
noisy,21,26,2,0.2004483863711357,128,3.1280782222747803,128,0.1737821251153946,128,0.7764089405536652,128,0.22359107062220573,128,0.029013339430093765,128,-0.5541867166757584,128,0.5643841028213501,128,1.0,128,1.0,128,0.0,128,18.0,128,0.436255045235157,128,-1.6107920706272125,128,-0.8142863363027573,128
noisy,21,26,3,0.25734372437000275,128,7.0336068868637085,128,0.39075593650341034,128,0.4151242524385452,128,0.5848757177591324,128,0.19641286507248878,128,-0.192902073264122,128,0.937811478972435,128,1.0,128,1.0,128,0.0,128,18.0,128,0.49468760937452316,128,-1.5677299797534943,128,-0.7495040446519852,128
noisy,21,26,4,0.4648880809545517,128,11.112806558609009,128,0.6173781454563141,128,0.09238139353692532,128,0.9076185822486877,128,0.42231178283691406,128,0.12984079122543335,128,0.7481739223003387,128,18.0,128,1.0,128,0.0,128,6.0,128,0.8717657625675201,128,0.3303019776940346,128,0.03040394466370344,128
noisy,21,26,5,0.29939834028482437,128,5.872256875038147,128,0.3262364938855171,128,0.5135198459029198,128,0.48648015409708023,128,0.1299880761653185,128,-0.29129763692617416,128,0.7421066015958786,128,1.0,128,1.0,128,0.0,128,6.0,128,0.4803091883659363,128,-1.0049869120121002,128,-0.4688979685306549,128
noisy,21,26,6,0.20680003240704536,128,3.8877548575401306,128,0.21598637849092484,128,0.7276540696620941,128,0.2723459154367447,128,0.06371947098523378,128,-0.5054318755865097,128,0.6823520958423615,128,1.0,128,1.0,128,0.0,128,18.0,128,0.5495520532131195,128,-1.7749928534030914,128,-0.7495231181383133,128
noisy,21,26,7,0.39133576303720474,128,8.577049016952515,128,0.4765027239918709,128,0.2770821750164032,128,0.7229178249835968,128,0.21943949162960052,128,-0.05485996603965759,128,0.8207187354564667,128,1.0,128,1.0,128,0.0,128,6.0,128,0.6921998411417007,128,-0.44029228389263153,128,-0.25452930852770805,128
noisy,21,26,8,0.27016277611255646,128,3.2831693291664124,128,0.18239829316735268,128,0.7623829245567322,128,0.23761708661913872,128,0.02838308736681938,128,-0.5401606857776642,128,0.6065973937511444,128,1.0,128,1.0,128,0.0,128,18.0,128,0.4864584282040596,128,-1.5512813031673431,128,-0.7490316778421402,128
noisy,21,26,9,0.22728388011455536,128,5.005101799964905,128,0.2780612111091614,128,0.6154107749462128,128,0.38458921015262604,128,0.08431335724890232,128,-0.39318858087062836,128,0.739101380109787,128,2.0,128,1.0,128,0.0,128,18.0,128,0.4479438588023186,128,-1.5020209848880768,128,-0.5543633252382278,128
noisy,21,26,10,0.6702798306941986,128,12.132704496383667,128,0.6740391552448273,128,0.1314901914447546,128,0.8685098141431808,128,0.5088136270642281,128,0.09073202311992645,128,0.6943915337324142,128,18.0,128,1.0,128,0.0,128,6.0,128,0.7050503641366959,128,0.1131213391199708,128,0.05468527227640152,128
noisy,21,26,11,0.23725249990820885,128,5.088906288146973,128,0.2827170118689537,128,0.5828704833984375,128,0.4171295389533043,128,0.08392276056110859,128,-0.3606482520699501,128,0.7217091619968414,128,1.0,128,1.0,128,0.0,128,13.5,128,0.4784805029630661,128,-1.3488816022872925,128,-0.5436912328004837,128
noisy,21,27,0,0.25949063152074814,128,6.535881757736206,128,0.36310453712940216,128,0.47102291136980057,128,0.5289771109819412,128,0.16853441670536995,128,-0.24880068004131317,128,0.8987300097942352,128,1.0,128,1.0,128,0.0,128,18.0,128,0.5739028304815292,128,-1.6850727200508118,128,-0.7369813024997711,128
noisy,21,27,1,0.2218329794704914,128,7.4511085748672485,128,0.41395048052072525,128,0.4645610675215721,128,0.5354389250278473,128,0.2755524590611458,128,-0.2423388659954071,128,0.9199422001838684,128,1.0,128,1.0,128,0.0,128,18.0,128,0.7953020334243774,128,-1.824138343334198,128,-0.4043835699558258,128
noisy,21,27,2,0.17445861548185349,128,2.1406370997428894,128,0.11892428249120712,128,0.910088837146759,128,0.08991116471588612,128,0.015142401680350304,128,-0.6878666281700134,128,0.40385930240154266,128,1.0,128,1.0,128,0.0,128,18.0,128,0.4365197643637657,128,-1.7576259970664978,128,-0.7454643398523331,128
noisy,21,27,3,0.21203193068504333,128,5.286021590232849,128,0.29366786777973175,128,0.6024396866559982,128,0.39756029099226,128,0.1484922245144844,128,-0.3802175000309944,128,0.7650859504938126,128,1.0,128,1.0,128,0.0,128,18.0,128,0.7087211161851883,128,-1.4884401261806488,128,-0.5964865386486053,128
noisy,21,27,4,0.22352071478962898,128,8.366950988769531,128,0.4648306220769882,128,0.34419989585876465,128,0.6558001041412354,128,0.2891845852136612,128,-0.12197768688201904,128,0.9778357446193695,128,1.0,128,1.0,128,0.0,128,18.0,128,0.4699956625699997,128,-1.7009283900260925,128,-0.5675801485776901,128
noisy,21,27,5,0.24379735812544823,128,8.178114652633667,128,0.4543397054076195,128,0.35595566034317017,128,0.6440443694591522,128,0.27243105322122574,128,-0.13373342156410217,128,0.9663538336753845,128,1.0,128,1.0,128,0.0,128,18.0,128,0.4581117630004883,128,-1.713109165430069,128,-0.5319840162992477,128
noisy,21,27,6,0.6208772361278534,128,12.99274754524231,128,0.7218193113803864,128,0.021549302153289318,128,0.9784507155418396,128,0.5135079100728035,128,0.2006729245185852,128,0.6100242435932159,128,18.0,128,1.0,128,0.0,128,6.0,128,0.8461672812700272,128,0.4411206394433975,128,0.03728355094790459,128
noisy,21,27,7,0.6644169241189957,128,13.549630403518677,128,0.7527572512626648,128,0.026344595942646265,128,0.9736554026603699,128,0.5879909843206406,128,0.19587761163711548,128,0.6026868224143982,128,18.0,128,1.0,128,0.0,128,6.0,128,0.8210237920284271,128,0.6284780353307724,128,0.0863159541040659,128
noisy,21,27,8,0.19273535534739494,128,4.273869037628174,128,0.2374371699988842,128,0.660678505897522,128,0.33932147920131683,128,0.058324442245066166,128,-0.43845631182193756,128,0.7027238011360168,128,1.0,128,1.0,128,0.0,128,18.0,128,0.42634906619787216,128,-1.4823054671287537,128,-0.7552686184644699,128
noisy,21,27,9,0.5135375410318375,128,8.168944478034973,128,0.453830249607563,128,0.30588746815919876,128,0.694112554192543,128,0.21475254744291306,128,-0.08366523683071136,128,0.7711368203163147,128,1.0,128,1.0,128,0.0,128,6.0,128,0.5873747318983078,128,-0.3830213099718094,128,-0.3341865912079811,128
noisy,21,27,10,0.3536592796444893,128,8.088829636573792,128,0.44937942177057266,128,0.20257240533828735,128,0.7974275350570679,128,0.16848769038915634,128,0.019649744033813477,128,0.7949683666229248,128,5.0,128,1.0,128,0.0,128,6.0,128,0.7477094829082489,128,-0.12431306508369744,128,-0.22277943789958954,128
noisy,21,27,11,0.5377475321292877,128,5.749549865722656,128,0.31941942870616913,128,0.18937943130731583,128,0.8106205314397812,128,0.03916268236935139,128,0.032842740416526794,128,0.5562316030263901,128,5.0,128,1.0,128,0.0,128,6.0,128,0.5831280499696732,128,-0.5225433856248856,128,-0.4235933721065521,128
noisy,21,28,0,0.07651397679001093,128,1.045537531375885,128,0.0580854183062911,128,0.999384194612503,128,0.0006158043397590518,128,9.311071335105225e-05,128,-0.7771619856357574,128,0.05523402709513903,128,1.0,128,1.0,128,0.0,128,6.0,128,0.5226817578077316,128,-1.5199296474456787,128,-0.7523596733808517,128
noisy,21,28,1,0.2648504376411438,128,1.6483016610145569,128,0.09157231450080872,128,0.9330002069473267,128,0.06699978560209274,128,0.012134757125750184,128,-0.710777997970581,128,0.223073348402977,128,1.0,128,1.0,128,0.0,128,6.0,128,0.4652979150414467,128,-1.2969554364681244,128,-0.6237392574548721,128
noisy,21,28,2,0.10246793553233147,128,3.56982284784317,128,0.19832348823547363,128,0.7557640671730042,128,0.24423594772815704,128,0.049997955560684204,128,-0.5335418432950974,128,0.691085547208786,128,1.0,128,1.0,128,0.0,128,18.0,128,0.4152068570256233,128,-1.9521294832229614,128,-0.8691675812005997,128
noisy,21,28,3,0.17294183373451233,128,6.906077027320862,128,0.38367095589637756,128,0.42450403422117233,128,0.5754959732294083,128,0.17757553234696388,128,-0.20228181779384613,128,0.9463267475366592,128,1.0,128,1.0,128,0.0,128,18.0,128,0.4445435479283333,128,-1.8269782066345215,128,-0.8680214583873749,128
noisy,21,28,4,0.2537972182035446,128,7.579005479812622,128,0.4210558608174324,128,0.36066893488168716,128,0.6393310874700546,128,0.20518041029572487,128,-0.13844670355319977,128,0.9646099656820297,128,4.0,128,1.0,128,0.0,128,18.0,128,0.6696429252624512,128,-1.5977411270141602,128,-0.8148418515920639,128
noisy,21,28,5,0.43044987320899963,128,10.857402086257935,128,0.603189006447792,128,0.1694745570421219,128,0.8305254131555557,128,0.4025959447026253,128,0.05274762213230133,128,0.8482078462839127,128,18.0,128,1.0,128,0.0,128,6.0,128,0.809580534696579,128,0.2786181978881359,128,0.05790563207119703,128
noisy,21,28,6,0.6299901306629181,128,13.026922941207886,128,0.7237179577350616,128,0.050990340299904346,128,0.9490096271038055,128,0.5585891306400299,128,0.17123183608055115,128,0.6218580156564713,128,18.0,128,1.0,128,0.0,128,6.0,128,0.7646551430225372,128,0.16609390825033188,128,-0.044571624137461185,128
noisy,21,28,7,0.24750861525535583,128,9.110456943511963,128,0.506136491894722,128,0.33771657943725586,128,0.6622833907604218,128,0.36374861747026443,128,-0.11549440026283264,128,0.9725293219089508,128,1.0,128,1.0,128,0.0,128,18.0,128,0.7577257752418518,128,-1.5292281806468964,128,-0.10746934078633785,128
noisy,21,28,8,0.8645712435245514,128,16.52656364440918,128,0.9181424230337143,128,2.6823123278063576e-07,128,0.9999997317790985,128,0.7869818657636642,128,0.22222194075584412,128,0.2958238273859024,128,18.0,128,1.0,128,0.0,128,6.0,128,0.8798351436853409,128,0.9453175365924835,128,0.43270811438560486,128
noisy,21,28,9,0.26983873546123505,128,5.837017059326172,128,0.32427872717380524,128,0.5340079516172409,128,0.4659920707345009,128,0.14842634089291096,128,-0.3117857202887535,128,0.8024916052818298,128,1.0,128,1.0,128,0.0,128,18.0,128,0.5349512994289398,128,-1.3727428615093231,128,-0.5828765630722046,128
noisy,21,28,10,0.5936261266469955,128,12.429965734481812,128,0.6905536502599716,128,0.02308706659823656,128,0.9769129455089569,128,0.42297445982694626,128,0.19913515448570251,128,0.6525066643953323,128,18.0,128,0.9166666567325592,128,0.11764705926179886,128,6.0,128,0.9462583214044571,128,0.5378116071224213,128,0.16224806010723114,128
noisy,21,28,11,0.9574635922908783,128,17.720372676849365,128,0.9844651371240616,128,0.0,128,1.0,128,0.9737676233053207,128,0.2222222089767456,128,0.08074346370995045,128,18.0,128,1.0,128,0.0,128,6.0,128,0.8793071657419205,128,1.0254485309123993,128,0.4318888634443283,128
noisy,21,29,0,0.7974989414215088,128,12.187598705291748,128,0.6770888119935989,128,0.09872234985232353,128,0.901277631521225,128,0.4958134889602661,128,0.12349984049797058,128,0.7315004765987396,128,18.0,128,1.0,128,0.0,128,6.0,128,0.7578554451465607,128,0.24208879470825195,128,0.010094811324961483,128
noisy,21,29,1,0.18475523218512535,128,8.037072539329529,128,0.44650403410196304,128,0.3733988553285599,128,0.6266011148691177,128,0.27244050055742264,128,-0.15117667615413666,128,0.9539230316877365,128,1.0,128,1.0,128,0.0,128,18.0,128,0.6366779059171677,128,-1.696193277835846,128,-0.5238412469625473,128
noisy,21,29,2,0.8574354648590088,128,16.829484939575195,128,0.9349713772535324,128,0.0027644478832371533,128,0.997235506772995,128,0.8859541863203049,128,0.2194577157497406,128,0.33242829144001007,128,18.0,128,1.0,128,0.0,128,6.0,128,0.7273035049438477,128,0.8617722392082214,128,0.23644694685935974,128
noisy,21,29,3,0.16285957396030426,128,3.9575483202934265,128,0.21986379474401474,128,0.7033252269029617,128,0.29667480289936066,128,0.06428060308098793,128,-0.48110298812389374,128,0.7445217669010162,128,1.0,128,1.0,128,0.0,128,18.0,128,0.45461317896842957,128,-1.927639752626419,128,-0.8989202529191971,128
noisy,21,29,4,0.32031070441007614,128,7.111797332763672,128,0.39509985595941544,128,0.4944256320595741,128,0.5055743902921677,128,0.24074791371822357,128,-0.27220340073108673,128,0.8327189087867737,128,1.0,128,1.0,128,0.0,128,18.0,128,0.5547909885644913,128,-1.3812482357025146,128,-0.367922380566597,128
noisy,21,29,5,0.28916945308446884,128,8.260215520858765,128,0.4589008614420891,128,0.44895733892917633,128,0.5510426759719849,128,0.331150621175766,128,-0.22673511505126953,128,0.869474247097969,128,1.0,128,1.0,128,0.0,128,18.0,128,0.6406629234552383,128,-1.3278909921646118,128,-0.2685108855366707,128
noisy,21,29,6,0.13034217804670334,128,7.937850117683411,128,0.44099167734384537,128,0.34949830919504166,128,0.6505017131567001,128,0.2485579550266266,128,-0.12727607786655426,128,0.9763346612453461,128,1.5,128,1.0,128,0.0,128,18.0,128,0.6502998471260071,128,-1.8266408145427704,128,-0.839595228433609,128
noisy,21,29,7,0.26165446639060974,128,9.48179292678833,128,0.5267662703990936,128,0.19853951781988144,128,0.8014604598283768,128,0.311881460249424,128,0.023682668805122375,128,0.9056835919618607,128,11.5,128,1.0,128,0.0,128,6.0,128,0.6313641667366028,128,-0.09457564633339643,128,-0.1402759738266468,128
noisy,21,29,8,0.1279398761689663,128,4.449659705162048,128,0.24720331653952599,128,0.6770025342702866,128,0.3229975029826164,128,0.08105774223804474,128,-0.45478028804063797,128,0.7773959934711456,128,1.0,128,1.0,128,0.0,128,18.0,128,0.6178357750177383,128,-1.904782474040985,128,-0.8381010740995407,128
noisy,21,29,9,0.8346586376428604,128,14.919761657714844,128,0.8288756608963013,128,0.18115303665399551,128,0.8188469707965851,128,0.8187490850687027,128,0.04106917977333069,128,0.10920140892267227,128,18.0,128,1.0,128,0.0,128,6.0,128,0.803860604763031,128,0.5478851050138474,128,0.08125115185976028,128
noisy,21,29,10,0.20129652321338654,128,10.280277252197266,128,0.5711265206336975,128,0.21486743167042732,128,0.7851325571537018,128,0.4038342088460922,128,0.007354766130447388,128,0.9099383354187012,128,18.0,128,1.0,128,0.0,128,6.0,128,0.592643067240715,128,-0.20924131572246552,128,0.0042856191139435396,128
noisy,21,29,11,0.5732199847698212,128,11.127501964569092,128,0.6181945502758026,128,0.23731087520718575,128,0.7626891285181046,128,0.4894888773560524,128,-0.015088662505149841,128,0.7214412093162537,128,17.0,128,1.0,128,0.0,128,6.0,128,0.6023551225662231,128,-0.6356789022684097,128,-0.04041616711765528,128
noisy,42,0,0,0.1934882216155529,128,6.457558751106262,128,0.3587532714009285,128,0.417708583176136,128,0.5822914242744446,128,0.12045647948980331,128,-0.19548636674880981,128,0.9272517710924149,128,1.0,128,0.7777777910232544,128,0.11764705926179886,128,18.0,128,0.7566409409046173,128,-1.4780632257461548,128,-0.8787296116352081,128
noisy,42,0,1,0.17311182618141174,128,3.6161510348320007,128,0.20089728012681007,128,0.7885376513004303,128,0.2114623449742794,128,0.10141805373132229,128,-0.5663154423236847,128,0.6220269054174423,128,1.0,128,1.0,128,0.0,128,18.0,128,0.7067456096410751,128,-1.9242324233055115,128,-0.5839231014251709,128
noisy,42,0,2,0.2222442291676998,128,9.71894097328186,128,0.5399411469697952,128,0.2235497124493122,128,0.7764502763748169,128,0.35843656212091446,128,-0.0013275146484375,128,0.9968228191137314,128,18.0,128,1.0,128,0.0,128,18.0,128,0.4849266782402992,128,-0.1184386108070612,128,0.2989491745829582,128
noisy,42,0,3,0.20496266335248947,128,9.525298357009888,128,0.5291832387447357,128,0.2209625281393528,128,0.7790375053882599,128,0.3341013789176941,128,0.0012597143650054932,128,0.9991099536418915,128,11.0,128,1.0,128,0.0,128,18.0,128,0.4681108295917511,128,0.17359953001141548,128,0.0741548310033977,128
noisy,42,0,4,0.4855094775557518,128,13.44896411895752,128,0.7471646815538406,128,0.07059292867779732,128,0.929407075047493,128,0.5886632204055786,128,0.1516292840242386,128,0.6583861112594604,128,18.0,128,1.0,128,0.0,128,6.0,128,0.8374795168638229,128,0.3159869536757469,128,0.09519263356924057,128
noisy,42,0,5,0.5972898006439209,128,14.62696886062622,128,0.8126093745231628,128,0.030067740008234978,128,0.9699322432279587,128,0.6232683062553406,128,0.19215445220470428,128,0.6086077690124512,128,18.0,128,1.0,128,0.0,128,6.0,128,0.760506883263588,128,0.8519144356250763,128,0.4745674133300781,128
noisy,42,0,6,0.5591648370027542,128,10.423217058181763,128,0.5790676176548004,128,0.19045278802514076,128,0.8095471858978271,128,0.41540246456861496,128,0.031769394874572754,128,0.6936153024435043,128,18.0,128,1.0,128,0.0,128,6.0,128,0.6374073326587677,128,-0.14137226715683937,128,-0.19750764966011047,128
noisy,42,0,7,0.42580118775367737,128,9.100618600845337,128,0.5055899322032928,128,0.26405464857816696,128,0.7359453588724136,128,0.29174233227968216,128,-0.04183243215084076,128,0.9543904215097427,128,5.0,128,1.0,128,0.0,128,6.0,128,0.6839737147092819,128,-0.5716165825724602,128,-0.176425751298666,128
noisy,42,0,8,0.22834647446870804,128,9.478584051132202,128,0.5265880078077316,128,0.22429906949400902,128,0.7757009416818619,128,0.33282218128442764,128,-0.002076849341392517,128,0.999366283416748,128,10.25,128,1.0,128,0.0,128,18.0,128,0.4311181753873825,128,-0.30625103414058685,128,-0.09862886555492878,128
noisy,42,0,9,0.33925963193178177,128,10.310117721557617,128,0.5727843195199966,128,0.2298976518213749,128,0.7701023668050766,128,0.42864225804805756,128,-0.007675424218177795,128,0.9746382385492325,128,18.0,128,0.5833333432674408,128,0.11764705926179886,128,18.0,128,0.6093484908342361,128,-0.255987960845232,128,0.3335622176527977,128
noisy,42,0,10,0.3142347112298012,128,15.184673547744751,128,0.8435929864645004,128,0.004430523258633912,128,0.9955694526433945,128,0.8420931547880173,128,0.21779166162014008,128,0.7513858675956726,128,18.0,128,1.0,128,0.0,128,18.0,128,0.5596281886100769,128,1.9119914174079895,128,0.9830271899700165,128
noisy,42,0,11,0.4925256669521332,128,12.085680484771729,128,0.6714266836643219,128,0.20890000462532043,128,0.7910999953746796,128,0.5129863172769547,128,0.013322204351425171,128,0.7044468820095062,128,18.0,128,1.0,128,0.0,128,6.0,128,0.46208885312080383,128,-0.11287966929376125,128,0.32384059578180313,128
noisy,42,1,0,0.2320668064057827,128,6.171038866043091,128,0.3428354859352112,128,0.5294555127620697,128,0.4705444797873497,128,0.16912708431482315,128,-0.3072333112359047,128,0.851323813199997,128,1.0,128,1.0,128,0.0,128,13.5,128,0.46289926022291183,128,-1.7623223066329956,128,-0.6489915251731873,128
noisy,42,1,1,0.3094222843647003,128,12.479862451553345,128,0.6933256834745407,128,0.00980528723448515,128,0.990194708108902,128,0.43892407417297363,128,0.21241691708564758,128,0.5791168212890625,128,14.5,128,0.6666666865348816,128,0.3529411852359772,128,6.0,128,0.9387578070163727,128,0.6145316511392593,128,0.1847895234823227,128
noisy,42,1,2,0.3258476182818413,128,6.411776781082153,128,0.35620982199907303,128,0.5739017874002457,128,0.42609820514917374,128,0.23804983869194984,128,-0.35167958587408066,128,0.7877421826124191,128,1.0,128,1.0,128,0.0,128,18.0,128,0.570370078086853,128,-1.391094595193863,128,-0.20746438205242157,128
noisy,42,1,3,0.32000576704740524,128,8.849558115005493,128,0.4916421175003052,128,0.3969075456261635,128,0.6030924618244171,128,0.39523307234048843,128,-0.17468532919883728,128,0.8535857796669006,128,1.0,128,1.0,128,0.0,128,18.0,128,0.775900349020958,128,-1.0595838278532028,128,-0.09500584192574024,128
noisy,42,1,4,0.2982049807906151,128,4.114646315574646,128,0.2285914607346058,128,0.7259492129087448,128,0.2740507833659649,128,0.10239066742360592,128,-0.5037270039319992,128,0.5794336944818497,128,1.0,128,1.0,128,0.0,128,9.0,128,0.3976912572979927,128,-1.3656393885612488,128,-0.5568477511405945,128
noisy,42,1,5,0.16860324144363403,128,9.953210830688477,128,0.552956148982048,128,0.204742431640625,128,0.795257568359375,128,0.3666493743658066,128,0.017479777336120605,128,0.9864230901002884,128,18.0,128,1.0,128,0.0,128,9.0,128,0.7008619010448456,128,0.30626071244478226,128,0.2631761245429516,128
noisy,42,1,6,0.2522920183837414,128,14.077236413955688,128,0.7820686846971512,128,0.05974008049815893,128,0.9402599334716797,128,0.7296943813562393,128,0.1624821424484253,128,0.7911069095134735,128,16.0,128,0.6666666865348816,128,0.1764705926179886,128,12.0,128,0.4935223162174225,128,0.9295026063919067,128,0.8028206378221512,128
noisy,42,1,7,0.18033553659915924,128,6.309293985366821,128,0.35051633417606354,128,0.35946744680404663,128,0.6405325531959534,128,0.08802236244082451,128,-0.13724523782730103,128,0.8812309503555298,128,5.0,128,1.0,128,0.0,128,18.0,128,0.8781644105911255,128,-1.1127966344356537,128,-0.8080047219991684,128
noisy,42,1,8,0.36450672149658203,128,12.771624565124512,128,0.7095347046852112,128,0.03857965208590031,128,0.9614203572273254,128,0.5399060100317001,128,0.18364256620407104,128,0.6160974204540253,128,18.0,128,1.0,128,0.0,128,6.0,128,0.912663608789444,128,0.34167148917913437,128,0.105236591771245,128
noisy,42,1,9,0.3644060343503952,128,10.564538955688477,128,0.5869188159704208,128,0.2638470232486725,128,0.7361529916524887,128,0.4506256580352783,128,-0.041624799370765686,128,0.8949328511953354,128,16.0,128,1.0,128,0.0,128,6.0,128,0.6137465238571167,128,-0.7050045132637024,128,0.07269012369215488,128
noisy,42,1,10,0.19251567125320435,128,8.75544285774231,128,0.48641348630189896,128,0.30834612995386124,128,0.6916538625955582,128,0.2983989641070366,128,-0.08612392842769623,128,0.9635697901248932,128,1.0,128,1.0,128,0.0,128,18.0,128,0.5567779988050461,128,-1.072432518005371,128,-0.3867018111050129,128
noisy,42,1,11,0.16978729516267776,128,6.450014114379883,128,0.35833411663770676,128,0.4681752771139145,128,0.5318247228860855,128,0.14411570876836777,128,-0.24595306813716888,128,0.9046072065830231,128,1.0,128,1.0,128,0.0,128,18.0,128,0.4917035773396492,128,-1.5782636404037476,128,-0.7867573499679565,128
noisy,42,2,0,0.2061375267803669,128,7.6442025899887085,128,0.42467792332172394,128,0.4239928349852562,128,0.5760071724653244,128,0.24732128530740738,128,-0.20177061855793,128,0.9434339106082916,128,1.0,128,1.0,128,0.0,128,18.0,128,0.5437303110957146,128,-1.9101377427577972,128,-0.5962317436933517,128
noisy,42,2,1,0.1860986314713955,128,7.891921877861023,128,0.43844010680913925,128,0.40111254900693893,128,0.5988874584436417,128,0.2818668484687805,128,-0.17889033257961273,128,0.9473034143447876,128,1.0,128,1.0,128,0.0,128,18.0,128,0.5364670157432556,128,-1.788938194513321,128,-0.45561087876558304,128
noisy,42,2,2,0.1942485086619854,128,5.987146973609924,128,0.3326192796230316,128,0.5239439904689789,128,0.4760560020804405,128,0.1550365760922432,128,-0.3017217889428139,128,0.8965617716312408,128,2.5,128,1.0,128,0.0,128,18.0,128,0.818599596619606,128,-1.9500699639320374,128,-0.8166931122541428,128
noisy,42,2,3,0.6769904643297195,128,13.123616456985474,128,0.7290897965431213,128,0.06808602437376976,128,0.9319140017032623,128,0.5562481880187988,128,0.15413621068000793,128,0.6611442267894745,128,18.0,128,1.0,128,0.0,128,6.0,128,0.9161452203989029,128,0.41583994776010513,128,0.17312506213784218,128
noisy,42,2,4,0.6714504361152649,128,14.573253631591797,128,0.8096251934766769,128,0.047138589434325695,128,0.9528614282608032,128,0.7410073131322861,128,0.17508363723754883,128,0.5319996476173401,128,17.0,128,1.0,128,0.0,128,6.0,128,0.8587048798799515,128,0.5260500460863113,128,0.32054151594638824,128
noisy,42,2,5,0.17042634636163712,128,7.1043877601623535,128,0.3946882039308548,128,0.3556319996714592,128,0.6443680077791214,128,0.1888422630727291,128,-0.133409783244133,128,0.7991026639938354,128,8.0,128,0.777777761220932,128,0.2647058889269829,128,6.0,128,0.8818516135215759,128,-0.7953525632619858,128,-0.4450603500008583,128
noisy,42,2,6,0.23872257769107819,128,9.427294731140137,128,0.5237386077642441,128,0.25241291522979736,128,0.747587114572525,128,0.3228980228304863,128,-0.03019067645072937,128,0.9811053425073624,128,1.0,128,1.0,128,0.0,128,9.0,128,0.5165849104523659,128,-0.43614887446165085,128,0.01775685790926218,128
noisy,42,2,7,0.612384706735611,128,12.874133586883545,128,0.7152296304702759,128,0.16035715118050575,128,0.8396428674459457,128,0.6224009394645691,128,0.061865076422691345,128,0.6818878203630447,128,18.0,128,1.0,128,0.0,128,6.0,128,0.5704572796821594,128,-0.10123425209894776,128,0.08851508609950542,128
noisy,42,2,8,0.45872216671705246,128,9.576912879943848,128,0.5320507287979126,128,0.2731911167502403,128,0.7268089056015015,128,0.36761537939310074,128,-0.05096888542175293,128,0.7711142152547836,128,18.0,128,1.0,128,0.0,128,6.0,128,0.5185095220804214,128,-0.27494530007243156,128,-0.206220380961895,128
noisy,42,2,9,0.16949761658906937,128,8.62492847442627,128,0.47916269302368164,128,0.30258140712976456,128,0.6974186152219772,128,0.2811254635453224,128,-0.08035917580127716,128,0.9481759667396545,128,5.75,128,1.0,128,0.0,128,6.0,128,0.549541786313057,128,-0.8327601701021194,128,-0.3110668882727623,128
noisy,42,2,10,0.2831733897328377,128,9.374298572540283,128,0.5207943618297577,128,0.13321888074278831,128,0.866781160235405,128,0.2459697611629963,128,0.08900336921215057,128,0.8286385238170624,128,6.0,128,1.0,128,0.0,128,6.0,128,0.8055229187011719,128,0.26264725625514984,128,-0.1448251958936453,128
noisy,42,2,11,0.5916267931461334,128,8.618666172027588,128,0.4788147881627083,128,0.3225817084312439,128,0.6774183213710785,128,0.30054495483636856,128,-0.1003594696521759,128,0.8558440655469894,128,1.0,128,1.0,128,0.0,128,6.0,128,0.6305982768535614,128,-0.5756282359361649,128,-0.17006545141339302,128
noisy,42,3,0,0.6795769780874252,128,14.756368160247803,128,0.8197982311248779,128,0.02517721988260746,128,0.9748227894306183,128,0.6742148697376251,128,0.1970449984073639,128,0.5697121918201447,128,18.0,128,1.0,128,0.0,128,6.0,128,0.7494724839925766,128,1.0693169832229614,128,0.5062729269266129,128
noisy,42,3,1,0.2467297539114952,128,8.41464614868164,128,0.4674803465604782,128,0.33068739622831345,128,0.6693126112222672,128,0.25981639698147774,128,-0.10846517980098724,128,0.9385277032852173,128,1.0,128,0.9722222089767456,128,0.05882352963089943,128,7.5,128,0.45914842188358307,128,-1.0223579704761505,128,-0.3167714290320873,128
noisy,42,3,2,0.3488948345184326,128,8.426769256591797,128,0.46815384924411774,128,0.10524073243141174,128,0.8947592526674271,128,0.203691303730011,128,0.11698146164417267,128,0.6672921627759933,128,5.0,128,0.8888888657093048,128,0.1764705888926983,128,6.0,128,0.7735345959663391,128,-0.22856338694691658,128,-0.1310318298637867,128
noisy,42,3,3,0.21969274058938026,128,8.626285552978516,128,0.4792380854487419,128,0.28637008368968964,128,0.7136299014091492,128,0.22223129123449326,128,-0.06414788961410522,128,0.9601585268974304,128,10.0,128,1.0,128,0.0,128,9.0,128,0.5024107992649078,128,-0.8736222982406616,128,-0.4050493538379669,128
noisy,42,3,4,0.4880036786198616,128,13.402654647827148,128,0.7445919215679169,128,0.008435738272964954,128,0.9915642440319061,128,0.5608434081077576,128,0.21378645300865173,128,0.5468450337648392,128,18.0,128,0.763888880610466,128,0.29411765187978745,128,6.0,128,0.931118905544281,128,0.641277626156807,128,0.13360038958489895,128
noisy,42,3,5,0.1902513988316059,128,5.130645990371704,128,0.2850358858704567,128,0.6461517810821533,128,0.35384824126958847,128,0.12740775011479855,128,-0.4239295497536659,128,0.8251482546329498,128,1.0,128,1.0,128,0.0,128,18.0,128,0.6036437004804611,128,-2.0427398085594177,128,-0.7698385268449783,128
noisy,42,3,6,0.22030268609523773,128,6.806511402130127,128,0.37813952565193176,128,0.4309208318591118,128,0.5690791606903076,128,0.15230758488178253,128,-0.20869863033294678,128,0.9211497753858566,128,2.0,128,1.0,128,0.0,128,18.0,128,0.5872170329093933,128,-1.558658629655838,128,-0.8523208051919937,128
noisy,42,3,7,0.7016542255878448,128,17.361880779266357,128,0.9645489305257797,128,0.0008324367881868966,128,0.9991675466299057,128,0.9457952231168747,128,0.2213897556066513,128,0.1949043869972229,128,18.0,128,1.0,128,0.0,128,6.0,128,0.7983306050300598,128,0.9854805767536163,128,0.27678073942661285,128
noisy,42,3,8,0.2724390774965286,128,7.511700987815857,128,0.4173167273402214,128,0.3887428119778633,128,0.6112571954727173,128,0.2162811942398548,128,-0.1665205955505371,128,0.9334597140550613,128,1.0,128,1.0,128,0.0,128,18.0,128,0.46089984476566315,128,-1.5237228572368622,128,-0.6238305419683456,128
noisy,42,3,9,0.3745337948203087,128,10.098367691040039,128,0.5610204190015793,128,0.2553178034722805,128,0.7446822077035904,128,0.41758035123348236,128,-0.033095583319664,128,0.9529731869697571,128,13.25,128,1.0,128,0.0,128,18.0,128,0.6203618794679642,128,-0.4903430351987481,128,0.2169167920947075,128
noisy,42,3,10,0.25449342653155327,128,7.823814272880554,128,0.4346563443541527,128,0.3893548250198364,128,0.6106451600790024,128,0.2532196566462517,128,-0.16713263094425201,128,0.9520521461963654,128,1.0,128,1.0,128,0.0,128,18.0,128,0.5328883975744247,128,-1.8140657246112823,128,-0.5533009320497513,128
noisy,42,3,11,0.33555805683135986,128,7.643273591995239,128,0.42462631314992905,128,0.3916710838675499,128,0.6083289384841919,128,0.21340961754322052,128,-0.1694488525390625,128,0.9415341019630432,128,1.0,128,1.0,128,0.0,128,9.0,128,0.4471042528748512,128,-1.5392963290214539,128,-0.5989885926246643,128
noisy,42,4,0,0.4665866568684578,128,11.722126722335815,128,0.6512292623519897,128,0.17486612498760223,128,0.8251338601112366,128,0.558821514248848,128,0.04735606908798218,128,0.9014246016740799,128,17.0,128,1.0,128,0.0,128,18.0,128,0.6375466287136078,128,0.35424304753541946,128,0.47527770698070526,128
noisy,42,4,1,0.19778252765536308,128,5.650224685668945,128,0.3139013722538948,128,0.5101878792047501,128,0.48981213569641113,128,0.10277210548520088,128,-0.28796565532684326,128,0.872572273015976,128,2.0,128,1.0,128,0.0,128,18.0,128,0.6401571482419968,128,-1.7283929288387299,128,-0.917888730764389,128
noisy,42,4,2,0.3437331095337868,128,6.148123741149902,128,0.3415624275803566,128,0.559700146317482,128,0.4402998611330986,128,0.1803050935268402,128,-0.3374779298901558,128,0.7568932175636292,128,1.0,128,1.0,128,0.0,128,12.75,128,0.514273002743721,128,-1.342512309551239,128,-0.3742465525865555,128
noisy,42,4,3,0.6980745941400528,128,6.49233603477478,128,0.360685333609581,128,0.6157508790493011,128,0.38424912095069885,128,0.2781408429145813,128,-0.39352867007255554,128,0.36402545869350433,128,1.0,128,1.0,128,0.0,128,6.0,128,0.7677041739225388,128,-0.01881411438807845,128,-0.18947741016745567,128
noisy,42,4,4,0.4155738726258278,128,10.824489116668701,128,0.6013605147600174,128,0.16831887885928154,128,0.831681102514267,128,0.3690108060836792,128,0.05390331149101257,128,0.8431860357522964,128,18.0,128,1.0,128,0.0,128,6.0,128,0.7177056521177292,128,-0.11588415037840605,128,0.08565125055611134,128
noisy,42,4,5,0.7087257504463196,128,14.412105560302734,128,0.8006725311279297,128,0.08303799852728844,128,0.9169620424509048,128,0.6931854039430618,128,0.13918425142765045,128,0.5831270515918732,128,18.0,128,1.0,128,0.0,128,6.0,128,0.8039422035217285,128,0.30514754354953766,128,0.19718223810195923,128
noisy,42,4,6,0.25913697481155396,128,7.977870464324951,128,0.4432150200009346,128,0.37804850190877914,128,0.6219515055418015,128,0.26571299135684967,128,-0.15582628548145294,128,0.9716404676437378,128,1.0,128,1.0,128,0.0,128,18.0,128,0.5068639814853668,128,-2.083368182182312,128,-0.7129968106746674,128
noisy,42,4,7,0.29938048869371414,128,7.494130373001099,128,0.41634058207273483,128,0.4045630618929863,128,0.5954369306564331,128,0.20941799879074097,128,-0.1823408603668213,128,0.9397881329059601,128,1.0,128,1.0,128,0.0,128,18.0,128,0.5102184787392616,128,-1.6075555384159088,128,-0.6759841442108154,128
noisy,42,4,8,0.39691369235515594,128,11.186072826385498,128,0.6214485019445419,128,0.17113839462399483,128,0.8288615942001343,128,0.4915105774998665,128,0.05108380317687988,128,0.9566087871789932,128,17.0,128,1.0,128,0.0,128,18.0,128,0.6154153198003769,128,0.5156044661998749,128,0.6351595818996429,128
noisy,42,4,9,0.25294938683509827,128,9.329211950302124,128,0.5182895511388779,128,0.248880036175251,128,0.7511199712753296,128,0.30293722450733185,128,-0.026657819747924805,128,0.9724383056163788,128,10.0,128,0.9166666567325592,128,0.10294117778539658,128,6.0,128,0.5916551500558853,128,-0.41378068178892136,128,-0.0753565639606677,128
noisy,42,4,10,0.2826015502214432,128,6.789069652557373,128,0.37717052549123764,128,0.5038210228085518,128,0.4961789697408676,128,0.21529655158519745,128,-0.2815988212823868,128,0.9056343883275986,128,1.0,128,1.0,128,0.0,128,18.0,128,0.5929560959339142,128,-1.9403861463069916,128,-0.5937322676181793,128
noisy,42,4,11,0.34560246765613556,128,9.48311448097229,128,0.5268396809697151,128,0.2951250299811363,128,0.7048749923706055,128,0.3851535841822624,128,-0.07290279865264893,128,0.939879298210144,128,9.0,128,1.0,128,0.0,128,18.0,128,0.5530824065208435,128,-0.7667161822319031,128,-0.02535882918164134,128
noisy,42,5,0,0.2504173070192337,128,3.4576961398124695,128,0.19209422916173935,128,0.7595750242471695,128,0.2404249645769596,128,0.06577053666114807,128,-0.5373528376221657,128,0.6327509880065918,128,1.0,128,1.0,128,0.0,128,18.0,128,0.5533230304718018,128,-1.642942190170288,128,-0.6514856368303299,128
noisy,42,5,1,0.6206681877374649,128,11.162288665771484,128,0.6201271265745163,128,0.20201925560832024,128,0.7979807406663895,128,0.4737028256058693,128,0.02020294964313507,128,0.6687633097171783,128,18.0,128,1.0,128,0.0,128,6.0,128,0.8027914613485336,128,0.05390345910564065,128,-0.022328745806589723,128
noisy,42,5,2,0.7297289967536926,128,16.9469051361084,128,0.9414947330951691,128,0.008149201283231378,128,0.9918507933616638,128,0.8855362087488174,128,0.21407300233840942,128,0.23890133574604988,128,18.0,128,0.75,128,0.23529411852359772,128,6.0,128,0.8346612900495529,128,0.6730073988437653,128,0.15693802759051323,128
noisy,42,5,3,0.2944134473800659,128,10.174989938735962,128,0.5652772188186646,128,0.1975874863564968,128,0.8024125099182129,128,0.3888457342982292,128,0.024634718894958496,128,0.9882669746875763,128,17.0,128,1.0,128,0.0,128,13.5,128,0.47032172977924347,128,0.5866428688168526,128,0.5234624519944191,128
noisy,42,5,4,0.47888219356536865,128,15.031887531280518,128,0.8351048529148102,128,0.034431750886142254,128,0.9655682742595673,128,0.682187631726265,128,0.18779048323631287,128,0.5650174170732498,128,18.0,128,0.8055555522441864,128,0.23529411852359772,128,6.0,128,0.7087001949548721,128,0.9084065854549408,128,0.35974929481744766,128
noisy,42,5,5,0.21249687299132347,128,6.795090198516846,128,0.37750501185655594,128,0.5582284033298492,128,0.44177158921957016,128,0.25355957448482513,128,-0.33600620180368423,128,0.863500326871872,128,1.0,128,1.0,128,0.0,128,18.0,128,0.7792235612869263,128,-1.8466349244117737,128,-0.36927933245897293,128
noisy,42,5,6,0.5665542185306549,128,13.416706800460815,128,0.7453725934028625,128,0.15375248156487942,128,0.8462475687265396,128,0.6734644770622253,128,0.06846977770328522,128,0.6505639553070068,128,18.0,128,1.0,128,0.0,128,6.0,128,0.5332318842411041,128,-0.20807932410389185,128,0.07327002403326333,128
noisy,42,5,7,0.2947675585746765,128,2.346683979034424,128,0.13037133403122425,128,0.8729328364133835,128,0.1270671784877777,128,0.03287506941705942,128,-0.6507106274366379,128,0.45202430337667465,128,1.0,128,1.0,128,0.0,128,18.0,128,0.6084244102239609,128,-1.6910287737846375,128,-0.6911070793867111,128
noisy,42,5,8,0.2917430028319359,128,9.54578185081482,128,0.5303211957216263,128,0.21793529763817787,128,0.7820646911859512,128,0.32500334084033966,128,0.004286900162696838,128,0.9754325747489929,128,7.5,128,1.0,128,0.0,128,9.0,128,0.4656713232398033,128,0.13326408294960856,128,0.035241453093476593,128
noisy,42,5,9,0.7766256183385849,128,12.81273341178894,128,0.7118185013532639,128,0.056127699092030525,128,0.943872258067131,128,0.5103185251355171,128,0.16609446704387665,128,0.7253946363925934,128,17.0,128,1.0,128,0.0,128,6.0,128,0.8436733931303024,128,0.9035661518573761,128,0.3991020545363426,128
noisy,42,5,10,0.3576688691973686,128,2.9438695907592773,128,0.1635483130812645,128,0.7994477301836014,128,0.20055224746465683,128,0.07460909336805344,128,-0.5772255212068558,128,0.4558057487010956,128,1.0,128,1.0,128,0.0,128,6.0,128,0.7969556301832199,128,-0.9467614740133286,128,-0.46218854933977127,128
noisy,42,5,11,0.5246405303478241,128,12.011777639389038,128,0.667320966720581,128,0.16442794352769852,128,0.8355720937252045,128,0.5131129324436188,128,0.05779430270195007,128,0.7776382118463516,128,18.0,128,1.0,128,0.0,128,6.0,128,0.7614185363054276,128,0.05011094594374299,128,0.13643289729952812,128
noisy,42,6,0,0.33731234073638916,128,8.32162094116211,128,0.4623122811317444,128,0.3865478187799454,128,0.6134521961212158,128,0.319285050034523,128,-0.16432559490203857,128,0.9118342399597168,128,1.0,128,1.0,128,0.0,128,18.0,128,0.4967584162950516,128,-1.1675847470760345,128,-0.17859192565083504,128
noisy,42,6,1,0.2885298952460289,128,7.9299668073654175,128,0.440553717315197,128,0.34972115606069565,128,0.6502788364887238,128,0.24725987762212753,128,-0.12749895453453064,128,0.9675445705652237,128,1.5,128,1.0,128,0.0,128,18.0,128,0.4971485286951065,128,-1.6655112504959106,128,-0.6690438687801361,128
noisy,42,6,2,0.31653711199760437,128,8.01049518585205,128,0.44502751529216766,128,0.44553034752607346,128,0.5544696524739265,128,0.3063134364783764,128,-0.22330813854932785,128,0.8503639250993729,128,1.0,128,1.0,128,0.0,128,18.0,128,0.5614866018295288,128,-1.397366851568222,128,-0.2300327867269516,128
noisy,42,6,3,0.30761758238077164,128,7.890197515487671,128,0.4383442997932434,128,0.32431018352508545,128,0.6756898611783981,128,0.23443809151649475,128,-0.10208792984485626,128,0.9540385603904724,128,2.5,128,1.0,128,0.0,128,18.0,128,0.5392367094755173,128,-1.14091357588768,128,-0.6133717596530914,128
noisy,42,6,4,0.24963276088237762,128,5.521355628967285,128,0.30674198269844055,128,0.5348572582006454,128,0.46514276415109634,128,0.08751936070621014,128,-0.31263502687215805,128,0.8642383217811584,128,2.0,128,1.0,128,0.0,128,18.0,128,0.6315816938877106,128,-1.6703008711338043,128,-0.9084307104349136,128
noisy,42,6,5,0.2609040290117264,128,8.565922737121582,128,0.4758845940232277,128,0.3186355531215668,128,0.6813644170761108,128,0.29674839973449707,128,-0.09641337394714355,128,0.9750353544950485,128,1.0,128,1.0,128,0.0,128,18.0,128,0.64496248960495,128,-1.3778574764728546,128,-0.47178296744823456,128
noisy,42,6,6,0.2782578468322754,128,10.031289339065552,128,0.5572938621044159,128,0.20516635105013847,128,0.7948336452245712,128,0.3670845180749893,128,0.017055854201316833,128,0.9814829975366592,128,17.25,128,1.0,128,0.0,128,9.0,128,0.4791761711239815,128,0.14688462996855378,128,0.23651083558797836,128
noisy,42,6,7,0.320484884083271,128,8.51858675479889,128,0.47325481474399567,128,0.36608122289180756,128,0.6339188069105148,128,0.33096251636743546,128,-0.14385898411273956,128,0.8978246450424194,128,1.0,128,1.0,128,0.0,128,18.0,128,0.4517411068081856,128,-0.9309912025928497,128,-0.1633301479741931,128
noisy,42,6,8,0.28246622532606125,128,7.504056334495544,128,0.41689201444387436,128,0.40899068117141724,128,0.5910093188285828,128,0.22002024203538895,128,-0.18676847219467163,128,0.9254408031702042,128,1.0,128,1.0,128,0.0,128,18.0,128,0.4406445547938347,128,-1.4489339888095856,128,-0.5659167319536209,128
noisy,42,6,9,0.37132520973682404,128,8.171915531158447,128,0.45399530977010727,128,0.4023185670375824,128,0.5976814180612564,128,0.30250978469848633,128,-0.18009637296199799,128,0.8519691228866577,128,1.0,128,1.0,128,0.0,128,13.5,128,0.48104681074619293,128,-1.0355725288391113,128,-0.2333102971315384,128
noisy,42,6,10,0.37134190648794174,128,9.362128257751465,128,0.5201182439923286,128,0.2508588247001171,128,0.749141201376915,128,0.35001471638679504,128,-0.028636589646339417,128,0.9632445424795151,128,9.25,128,1.0,128,0.0,128,18.0,128,0.4818228557705879,128,-0.5110300853848457,128,-0.0993947945535183,128
noisy,42,6,11,0.5748888254165649,128,12.671539068222046,128,0.7039743959903717,128,0.09570666868239641,128,0.9042933285236359,128,0.54530830681324,128,0.12651553750038147,128,0.6850169897079468,128,18.0,128,0.0,128,0.0,128,6.0,128,0.8748879581689835,128,0.3468908369541168,128,0.1542293056845665,128
noisy,42,7,0,0.5239125788211823,128,12.022199392318726,128,0.6678999662399292,128,0.17768222838640213,128,0.8223177641630173,128,0.5019579753279686,128,0.04453997313976288,128,0.6918902099132538,128,18.0,128,1.0,128,0.0,128,6.0,128,0.7191339284181595,128,-0.01844774892379064,128,0.0503672668710351,128
noisy,42,7,1,0.16740596666932106,128,3.682209074497223,128,0.20456717163324356,128,0.7259912937879562,128,0.27400869876146317,128,0.029309359844774008,128,-0.5037690848112106,128,0.7234833687543869,128,1.0,128,1.0,128,0.0,128,18.0,128,0.6170334666967392,128,-1.7800377905368805,128,-0.9444129317998886,128
noisy,42,7,2,0.37586964666843414,128,9.565298795700073,128,0.5314054936170578,128,0.29728929698467255,128,0.7027106881141663,128,0.36604829877614975,128,-0.07506710290908813,128,0.9371061325073242,128,1.0,128,1.0,128,0.0,128,12.0,128,0.4633572921156883,128,-0.45856115967035294,128,0.14001838397234678,128
noisy,42,7,3,0.6023079007863998,128,9.592669486999512,128,0.5329260677099228,128,0.2931452617049217,128,0.7068547457456589,128,0.3584682419896126,128,-0.07092304527759552,128,0.6965935826301575,128,13.75,128,0.5000000074505806,128,0.3529411852359772,128,6.0,128,0.6846912354230881,128,-0.3735015392303467,128,-0.11308970488607883,128
noisy,42,7,4,0.3509020507335663,128,7.145426034927368,128,0.3969681188464165,128,0.5108283385634422,128,0.4891716539859772,128,0.2588724382221699,128,-0.2886061370372772,128,0.8009389042854309,128,1.0,128,1.0,128,0.0,128,18.0,128,0.45342181622982025,128,-1.211036503314972,128,-0.20894016698002815,128
noisy,42,7,5,0.29456185549497604,128,7.737351417541504,128,0.4298528581857681,128,0.2938062623143196,128,0.7061937302350998,128,0.19475573673844337,128,-0.0715840607881546,128,0.9415521770715714,128,5.0,128,1.0,128,0.0,128,18.0,128,0.47597716748714447,128,-0.8491719216108322,128,-0.605587400496006,128
noisy,42,7,6,0.2736194506287575,128,7.36158299446106,128,0.40897683054208755,128,0.4173815920948982,128,0.58261838555336,128,0.21900706365704536,128,-0.1951594054698944,128,0.9266548603773117,128,1.0,128,1.0,128,0.0,128,18.0,128,0.43408915400505066,128,-1.4318354725837708,128,-0.5435436964035034,128
noisy,42,7,7,0.17633019760251045,128,3.658044755458832,128,0.20322470739483833,128,0.7566835582256317,128,0.2433164305984974,128,0.068830955773592,128,-0.5344613492488861,128,0.6717399209737778,128,1.0,128,1.0,128,0.0,128,18.0,128,0.5368711054325104,128,-1.9300476014614105,128,-0.7936871498823166,128
noisy,42,7,8,0.7444812804460526,128,12.162493228912354,128,0.6756940633058548,128,0.03226891905069351,128,0.9677311182022095,128,0.4459104835987091,128,0.18995332717895508,128,0.7988259494304657,128,17.0,128,1.0,128,0.0,128,6.0,128,0.6768255978822708,128,1.6129582226276398,128,0.5591465681791306,128
noisy,42,7,9,0.3264080882072449,128,8.38839340209961,128,0.4660218581557274,128,0.3057587072253227,128,0.6942412704229355,128,0.25763656944036484,128,-0.08353652060031891,128,0.9554484784603119,128,3.5,128,1.0,128,0.0,128,9.0,128,0.45431122928857803,128,-1.10276859998703,128,-0.4503375068306923,128
noisy,42,7,10,0.26864156126976013,128,8.773911237716675,128,0.48743951320648193,128,0.29079002887010574,128,0.709209993481636,128,0.3015936091542244,128,-0.06856779754161835,128,0.9831657558679581,128,1.0,128,1.0,128,0.0,128,13.5,128,0.420749194920063,128,-1.3554883897304535,128,-0.45251935720443726,128
noisy,42,7,11,0.26594362407922745,128,7.168922781944275,128,0.3982734903693199,128,0.41145507246255875,128,0.5885449200868607,128,0.21246475726366043,128,-0.18923287093639374,128,0.9467573314905167,128,1.0,128,1.0,128,0.0,128,18.0,128,0.43610651791095734,128,-1.7759772837162018,128,-0.7366477698087692,128
noisy,42,8,0,0.37710271775722504,128,6.344677567481995,128,0.3524820953607559,128,0.5221077054738998,128,0.47789226472377777,128,0.20570002868771553,128,-0.2998855262994766,128,0.7623717486858368,128,1.0,128,1.0,128,0.0,128,18.0,128,0.5982254147529602,128,-1.3065189719200134,128,-0.4304182231426239,128
noisy,42,8,1,0.20174281671643257,128,4.334916949272156,128,0.2408287152647972,128,0.7157685905694962,128,0.28423143178224564,128,0.11208605766296387,128,-0.49354637414216995,128,0.6858784556388855,128,1.0,128,1.0,128,0.0,128,18.0,128,0.5001397132873535,128,-1.7512254416942596,128,-0.5561886578798294,128
noisy,42,8,2,0.37916841357946396,128,10.46537733078003,128,0.5814098715782166,128,0.22624145820736885,128,0.7737585306167603,128,0.40425820648670197,128,-0.004019260406494141,128,0.9137731939554214,128,1.0,128,1.0,128,0.0,128,18.0,128,0.4776563197374344,128,0.16684590792283416,128,0.3935384601354599,128
noisy,42,8,3,0.405074805021286,128,5.558869361877441,128,0.3088260740041733,128,0.6370135694742203,128,0.36298640817403793,128,0.18955497071146965,128,-0.41479138284921646,128,0.6213198602199554,128,1.0,128,1.0,128,0.0,128,18.0,128,0.4744228720664978,128,-1.1963993906974792,128,-0.2520601190626621,128
noisy,42,8,4,0.42717819660902023,128,6.731354475021362,128,0.3739641383290291,128,0.5854870229959488,128,0.4145129844546318,128,0.26870735362172127,128,-0.3632648065686226,128,0.6924585103988647,128,1.0,128,1.0,128,0.0,128,18.0,128,0.6792824417352676,128,-1.310761719942093,128,-0.1731422133743763,128
noisy,42,8,5,0.4195738285779953,128,9.649275779724121,128,0.5360708683729172,128,0.2898879200220108,128,0.7101120352745056,128,0.36776508390903473,128,-0.06766575574874878,128,0.6911753714084625,128,9.5,128,0.8888888955116272,128,0.11764705926179886,128,6.0,128,0.6813341975212097,128,-0.15567694418132305,128,-0.10069872438907623,128
noisy,42,8,6,0.4275251030921936,128,10.677571535110474,128,0.5931984186172485,128,0.16007071360945702,128,0.8399292975664139,128,0.4095725491642952,128,0.062151506543159485,128,0.9751808494329453,128,16.0,128,1.0,128,0.0,128,18.0,128,0.4462704584002495,128,1.0447970181703568,128,0.6333842128515244,128
noisy,42,8,7,0.1841115579009056,128,4.53703510761261,128,0.2520575001835823,128,0.7341019362211227,128,0.26589805632829666,128,0.12876196391880512,128,-0.5118797272443771,128,0.7362309992313385,128,1.0,128,1.0,128,0.0,128,18.0,128,0.6053627729415894,128,-2.07994943857193,128,-0.6070037186145782,128
noisy,42,8,8,0.1759832389652729,128,5.957555413246155,128,0.3309753015637398,128,0.5195429474115372,128,0.4804570823907852,128,0.15304047241806984,128,-0.2973207086324692,128,0.8933529406785965,128,1.0,128,1.0,128,0.0,128,18.0,128,0.6115549057722092,128,-1.8930281102657318,128,-0.8357018232345581,128
noisy,42,8,9,0.2838636785745621,128,7.3071547746658325,128,0.405953049659729,128,0.43429281562566757,128,0.565707191824913,128,0.23492339253425598,128,-0.21207059919834137,128,0.9214692413806915,128,1.0,128,1.0,128,0.0,128,18.0,128,0.5778381377458572,128,-1.6002346575260162,128,-0.5689079165458679,128
noisy,42,8,10,0.43470028042793274,128,7.3948094844818115,128,0.4108227491378784,128,0.5102986544370651,128,0.4897013306617737,128,0.3072838634252548,128,-0.2880764603614807,128,0.7081249207258224,128,1.0,128,1.0,128,0.0,128,18.0,128,0.6134365648031235,128,-1.0046221017837524,128,-0.12577353231608868,128
noisy,42,8,11,0.32735875993967056,128,3.9028050303459167,128,0.21682250127196312,128,0.6956474184989929,128,0.3043525665998459,128,0.05270223040133715,128,-0.4734252244234085,128,0.5852537602186203,128,1.0,128,1.0,128,0.0,128,8.25,128,0.3690337985754013,128,-1.2220377326011658,128,-0.5783817172050476,128
noisy,42,9,0,0.34327175468206406,128,7.158820271492004,128,0.39771223068237305,128,0.48770060390233994,128,0.5122993811964989,128,0.27092352509498596,128,-0.2654784098267555,128,0.8358639627695084,128,1.0,128,1.0,128,0.0,128,18.0,128,0.5651030987501144,128,-1.423600196838379,128,-0.26781371235847473,128
noisy,42,9,1,0.382582388818264,128,9.160274982452393,128,0.5089041590690613,128,0.29053613543510437,128,0.7094638645648956,128,0.3152049109339714,128,-0.06831392645835876,128,0.9429898113012314,128,1.5,128,1.0,128,0.0,128,11.25,128,0.41993366181850433,128,-0.7262017577886581,128,-0.08200963097624481,128
noisy,42,9,2,0.326955147087574,128,8.387653112411499,128,0.46598073840141296,128,0.3233090862631798,128,0.676690861582756,128,0.28040608018636703,128,-0.10108692944049835,128,0.9442461133003235,128,2.0,128,1.0,128,0.0,128,18.0,128,0.49096816033124924,128,-1.232474446296692,128,-0.43543658405542374,128
noisy,42,9,3,0.49200721830129623,128,6.889735817909241,128,0.3827631026506424,128,0.49266207218170166,128,0.507337898015976,128,0.24261242896318436,128,-0.27043989300727844,128,0.7681480348110199,128,2.0,128,1.0,128,0.0,128,18.0,128,0.5869971960783005,128,-1.2604365050792694,128,-0.3312717154622078,128
noisy,42,9,4,0.46761079877614975,128,11.813229084014893,128,0.6562905162572861,128,0.20814397931098938,128,0.7918560206890106,128,0.5340864956378937,128,0.014078229665756226,128,0.6609145551919937,128,18.0,128,0.8333333134651184,128,0.23529411852359772,128,6.0,128,0.6785258501768112,128,-0.08736247662454844,128,0.034164445009082556,128
noisy,42,9,5,0.3171716406941414,128,8.490664958953857,128,0.4717036038637161,128,0.28036610782146454,128,0.7196338921785355,128,0.2516556456685066,128,-0.05814389884471893,128,0.9824518859386444,128,1.0,128,1.0,128,0.0,128,9.0,128,0.4377618357539177,128,-1.1247552931308746,128,-0.6271436810493469,128
noisy,42,9,6,0.4883839264512062,128,7.343222260475159,128,0.4079567939043045,128,0.4614677280187607,128,0.5385322570800781,128,0.2963249012827873,128,-0.23924553394317627,128,0.8616798222064972,128,1.5,128,1.0,128,0.0,128,18.0,128,0.5080076605081558,128,-1.3232192397117615,128,-0.3170473799109459,128
noisy,42,9,7,0.24589499086141586,128,5.94547712802887,128,0.330304279923439,128,0.5636547207832336,128,0.43634526431560516,128,0.16737188398838043,128,-0.34143252670764923,128,0.871495932340622,128,1.0,128,1.0,128,0.0,128,18.0,128,0.587319552898407,128,-1.9972030520439148,128,-0.7332217693328857,128
noisy,42,9,8,0.3361671045422554,128,7.92267382144928,128,0.4401485398411751,128,0.30688296258449554,128,0.6931170374155045,128,0.21985360980033875,128,-0.08466075360774994,128,0.8056282848119736,128,1.0,128,1.0,128,0.0,128,6.0,128,0.4975576773285866,128,-0.16940900322515517,128,-0.2331468053162098,128
noisy,42,9,9,0.4037310928106308,128,6.246960997581482,128,0.3470533862709999,128,0.5577389299869537,128,0.44226107001304626,128,0.19416585937142372,128,-0.33551672101020813,128,0.7758919298648834,128,1.0,128,1.0,128,0.0,128,9.0,128,0.39482414722442627,128,-1.2744579017162323,128,-0.29743659496307373,128
noisy,42,9,10,0.28658676892518997,128,6.9063979387283325,128,0.3836887776851654,128,0.5009918808937073,128,0.49900808930397034,128,0.2331276275217533,128,-0.27876970171928406,128,0.8861302584409714,128,1.0,128,1.0,128,0.0,128,18.0,128,0.5302124321460724,128,-1.7802144587039948,128,-0.5138912498950958,128
noisy,42,9,11,0.349193699657917,128,9.500764608383179,128,0.5278202593326569,128,0.2196388691663742,128,0.7803610861301422,128,0.34180670231580734,128,0.0025832951068878174,128,0.9752019196748734,128,8.0,128,1.0,128,0.0,128,10.5,128,0.462455689907074,128,-0.06860970286652446,128,0.004910738207399845,128
noisy,42,10,0,0.3097316101193428,128,6.615046501159668,128,0.3675025776028633,128,0.49408630281686783,128,0.5059137269854546,128,0.1575680747628212,128,-0.27186406403779984,128,0.8291883319616318,128,1.0,128,1.0,128,0.0,128,9.0,128,0.3981974199414253,128,-1.3103763163089752,128,-0.48692596703767776,128
noisy,42,10,1,0.3846816420555115,128,7.160288453102112,128,0.39779379963874817,128,0.4276311695575714,128,0.5723688155412674,128,0.22759024798870087,128,-0.205408975481987,128,0.8744504600763321,128,1.0,128,1.0,128,0.0,128,18.0,128,0.4809795394539833,128,-1.2402679324150085,128,-0.4494607523083687,128
noisy,42,10,2,0.2556739114224911,128,8.064270257949829,128,0.4480150192975998,128,0.36192652583122253,128,0.6380734592676163,128,0.26682520657777786,128,-0.13970433175563812,128,0.9286302179098129,128,2.0,128,1.0,128,0.0,128,18.0,128,0.40294694155454636,128,-1.1574694067239761,128,-0.3677896372973919,128
noisy,42,10,3,0.29810231924057007,128,7.172400236129761,128,0.39846668392419815,128,0.5128804296255112,128,0.48711958527565,128,0.27571605890989304,128,-0.29065820574760437,128,0.8170147091150284,128,1.0,128,1.0,128,0.0,128,18.0,128,0.5609136521816254,128,-1.3040875792503357,128,-0.2788746580481529,128
noisy,42,10,4,0.3099006712436676,128,8.335586309432983,128,0.46308812499046326,128,0.3175589218735695,128,0.6824410557746887,128,0.27994007617235184,128,-0.09533673524856567,128,0.9614720791578293,128,4.0,128,1.0,128,0.0,128,18.0,128,0.45001886785030365,128,-1.1366770565509796,128,-0.4593673571944237,128
noisy,42,10,5,0.3191394954919815,128,8.22066593170166,128,0.45670366287231445,128,0.32588154822587967,128,0.6741184294223785,128,0.24044007435441017,128,-0.10365936160087585,128,0.9118831604719162,128,5.0,128,1.0,128,0.0,128,18.0,128,0.46749018877744675,128,-0.8743154853582382,128,-0.407599501311779,128
noisy,42,10,6,0.2998200058937073,128,8.279699087142944,128,0.4599832817912102,128,0.4397341087460518,128,0.5602658838033676,128,0.3464415967464447,128,-0.21751190721988678,128,0.8767214119434357,128,1.0,128,1.0,128,0.0,128,18.0,128,0.7855043709278107,128,-1.2972199618816376,128,-0.17924495600163937,128
noisy,42,10,7,0.31052806228399277,128,9.11329698562622,128,0.5062942877411842,128,0.3233051002025604,128,0.676694929599762,128,0.363076314330101,128,-0.10108286142349243,128,0.9533675760030746,128,1.0,128,1.0,128,0.0,128,18.0,128,0.6661582887172699,128,-1.2065725922584534,128,-0.10303041152656078,128
noisy,42,10,8,0.43324097990989685,128,11.275252342224121,128,0.6264028996229172,128,0.2123749516904354,128,0.7876250594854355,128,0.5235800519585609,128,0.009847268462181091,128,0.908686101436615,128,16.5,128,1.0,128,0.0,128,18.0,128,0.6614140272140503,128,-0.0030820611864328384,128,0.45927856862545013,128
noisy,42,10,9,0.37596073001623154,128,11.295595169067383,128,0.6275330632925034,128,0.2582598328590393,128,0.7417401671409607,128,0.525149442255497,128,-0.0360376238822937,128,0.794556125998497,128,17.0,128,1.0,128,0.0,128,18.0,128,0.583052784204483,128,-0.48374754190444946,128,0.2000943273305893,128
noisy,42,10,10,0.36753568053245544,128,7.686195373535156,128,0.4270108565688133,128,0.42344553768634796,128,0.5765545219182968,128,0.23180332407355309,128,-0.20122326910495758,128,0.8645264208316803,128,2.0,128,1.0,128,0.0,128,18.0,128,0.4414074420928955,128,-1.1463090479373932,128,-0.4090513586997986,128
noisy,42,10,11,0.224624402821064,128,5.6790162324905396,128,0.315500907599926,128,0.5905246138572693,128,0.4094753935933113,128,0.1560153029859066,128,-0.3683023974299431,128,0.82667076587677,128,1.0,128,1.0,128,0.0,128,18.0,128,0.507516510784626,128,-1.8829234540462494,128,-0.6683488488197327,128
noisy,42,11,0,0.4169037267565727,128,8.134205102920532,128,0.45190028101205826,128,0.2867000214755535,128,0.7132999747991562,128,0.23369136825203896,128,-0.0644778162240982,128,0.925222173333168,128,4.75,128,1.0,128,0.0,128,18.0,128,0.39367248862981796,128,-0.6754726245999336,128,-0.39094162732362747,128
noisy,42,11,1,0.36755648255348206,128,6.693371772766113,128,0.3718539848923683,128,0.4472639039158821,128,0.5527361184358597,128,0.1434277519583702,128,-0.22504167258739471,128,0.8942587226629257,128,2.0,128,1.0,128,0.0,128,18.0,128,0.44756531715393066,128,-1.2259733080863953,128,-0.6752779185771942,128
noisy,42,11,2,0.2896059975028038,128,6.2482393980026245,128,0.3471244126558304,128,0.5364964455366135,128,0.46350355446338654,128,0.21086213737726212,128,-0.31427423655986786,128,0.8449873179197311,128,1.0,128,1.0,128,0.0,128,18.0,128,0.5654828697443008,128,-1.5502966046333313,128,-0.4629243016242981,128
noisy,42,11,3,0.3041604310274124,128,6.304970741271973,128,0.3502761572599411,128,0.5203147381544113,128,0.4796852841973305,128,0.17434080317616463,128,-0.2980925068259239,128,0.8096036463975906,128,1.0,128,1.0,128,0.0,128,9.0,128,0.37000273913145065,128,-1.2264338731765747,128,-0.37904245406389236,128
noisy,42,11,4,0.2593063935637474,128,7.357375502586365,128,0.40874309092760086,128,0.4952956512570381,128,0.5047043487429619,128,0.2719883695244789,128,-0.2730734422802925,128,0.8251672238111496,128,1.0,128,1.0,128,0.0,128,18.0,128,0.5240928158164024,128,-1.307380884885788,128,-0.3364994674921036,128
noisy,42,11,5,0.27468133717775345,128,6.518199920654297,128,0.36212221533060074,128,0.48381029069423676,128,0.5161897093057632,128,0.18969373404979706,128,-0.26158808171749115,128,0.8877646327018738,128,1.0,128,1.0,128,0.0,128,18.0,128,0.5212873369455338,128,-1.6426911354064941,128,-0.6321109533309937,128
noisy,42,11,6,0.32568682730197906,128,7.8542526960372925,128,0.4363473802804947,128,0.36304043233394623,128,0.6369595974683762,128,0.25542110204696655,128,-0.14081819355487823,128,0.9142412543296814,128,2.0,128,1.0,128,0.0,128,13.5,128,0.41525131091475487,128,-1.110700100660324,128,-0.440851554274559,128
noisy,42,11,7,0.3458677604794502,128,8.02767014503479,128,0.4459816738963127,128,0.33964040130376816,128,0.6603596210479736,128,0.2426702417433262,128,-0.11741816997528076,128,0.959984689950943,128,2.25,128,1.0,128,0.0,128,10.25,128,0.3700350821018219,128,-1.2374380826950073,128,-0.6195716261863708,128
noisy,42,11,8,0.3273601233959198,128,7.87443733215332,128,0.4374687373638153,128,0.38226790726184845,128,0.6177320927381516,128,0.26117899268865585,128,-0.16004569828510284,128,0.9210765510797501,128,1.0,128,1.0,128,0.0,128,9.0,128,0.39111561328172684,128,-1.0402941405773163,128,-0.31629324704408646,128
noisy,42,11,9,0.5584450215101242,128,7.613184332847595,128,0.422954685986042,128,0.4201023355126381,128,0.5798976570367813,128,0.26020003855228424,128,-0.19788013398647308,128,0.8035863488912582,128,1.0,128,0.7916666567325592,128,0.1764705888926983,128,6.0,128,0.4403589889407158,128,-0.7475824654102325,128,-0.21286839246749878,128
noisy,42,11,10,0.35137535631656647,128,9.56141471862793,128,0.5311897099018097,128,0.266763798892498,128,0.7332362085580826,128,0.36204660683870316,128,-0.044541582465171814,128,0.9606952369213104,128,9.25,128,1.0,128,0.0,128,18.0,128,0.4727080389857292,128,-0.7126475870609283,128,-0.00959002209128812,128
noisy,42,11,11,0.3297146260738373,128,8.244028806686401,128,0.45800159871578217,128,0.3119462803006172,128,0.6880537122488022,128,0.2520725578069687,128,-0.08972407877445221,128,0.9419946372509003,128,3.0,128,1.0,128,0.0,128,11.025000035762787,128,0.38285453617572784,128,-1.0209114104509354,128,-0.41126542165875435,128
noisy,42,12,0,0.21918367221951485,128,5.306586503982544,128,0.29481036216020584,128,0.6417764574289322,128,0.3582235649228096,128,0.15498946979641914,128,-0.4195542261004448,128,0.7549514174461365,128,1.0,128,1.0,128,0.0,128,18.0,128,0.5609503388404846,128,-1.8302424550056458,128,-0.5772358477115631,128
noisy,42,12,1,0.2454107664525509,128,6.489012122154236,128,0.36050067096948624,128,0.4846745431423187,128,0.5153254717588425,128,0.18606923148036003,128,-0.2624523192644119,128,0.8772939443588257,128,1.0,128,1.0,128,0.0,128,18.0,128,0.4052380621433258,128,-1.409355878829956,128,-0.619041696190834,128
noisy,42,12,2,0.4640645459294319,128,5.894373774528503,128,0.3274652138352394,128,0.6020195931196213,128,0.39798037707805634,128,0.19511906430125237,128,-0.37979741394519806,128,0.7324128150939941,128,1.0,128,0.5694444626569748,128,0.1764705888926983,128,18.0,128,0.6505993902683258,128,-1.4032402634620667,128,-0.35688020288944244,128
noisy,42,12,3,0.4135175198316574,128,9.63446831703186,128,0.5352482199668884,128,0.2778349965810776,128,0.7221650034189224,128,0.37176673114299774,128,-0.05561278760433197,128,0.8328520357608795,128,1.0,128,1.0,128,0.0,128,6.0,128,0.4944998398423195,128,-0.3412231430411339,128,-0.010133924311958253,128
noisy,42,12,4,0.2717965543270111,128,7.7529813051223755,128,0.4307211861014366,128,0.37818948179483414,128,0.6218105554580688,128,0.24193443357944489,128,-0.15596723556518555,128,0.9402578920125961,128,1.0,128,1.0,128,0.0,128,18.0,128,0.42632924020290375,128,-1.3633832037448883,128,-0.5068889185786247,128
noisy,42,12,5,0.31094323098659515,128,8.741551399230957,128,0.485641747713089,128,0.2980540245771408,128,0.701945960521698,128,0.29632508009672165,128,-0.0758318305015564,128,0.9790832996368408,128,1.0,128,1.0,128,0.0,128,13.5,128,0.39713290333747864,128,-1.0769658386707306,128,-0.3574820011854172,128
noisy,42,12,6,0.1952040195465088,128,3.474303662776947,128,0.1930168718099594,128,0.7894990742206573,128,0.21050091832876205,128,0.06369499955326319,128,-0.5672768652439117,128,0.6451925486326218,128,1.0,128,1.0,128,0.0,128,18.0,128,0.5774808526039124,128,-1.9189274609088898,128,-0.7184383273124695,128
noisy,42,12,7,0.154968723654747,128,2.9636465311050415,128,0.16464702785015106,128,0.8265618532896042,128,0.173438161611557,128,0.048944500274956226,128,-0.6043396294116974,128,0.5525882542133331,128,1.0,128,1.0,128,0.0,128,18.0,128,0.49950800091028214,128,-1.8119450211524963,128,-0.6390673071146011,128
noisy,42,12,8,0.33064012974500656,128,3.5093348622322083,128,0.19496304541826248,128,0.7502255439758301,128,0.24977442994713783,128,0.054221583530306816,128,-0.5280033648014069,128,0.5870876908302307,128,1.0,128,1.0,128,0.0,128,9.0,128,0.4118935391306877,128,-1.5565370321273804,128,-0.6740040630102158,128
noisy,42,12,9,0.3088805302977562,128,5.742170929908752,128,0.3190094977617264,128,0.5688311606645584,128,0.4311688393354416,128,0.1685524843633175,128,-0.3466089516878128,128,0.8419168144464493,128,1.0,128,1.0,128,0.0,128,18.0,128,0.4671505242586136,128,-1.8670195937156677,128,-0.6596188098192215,128
noisy,42,12,10,0.40219470858573914,128,7.671391606330872,128,0.4261884242296219,128,0.4501393660902977,128,0.5498606562614441,128,0.25935855507850647,128,-0.2279171347618103,128,0.7387953251600266,128,1.0,128,1.0,128,0.0,128,6.0,128,0.463293619453907,128,-0.564223438501358,128,-0.14854509383440018,128
noisy,42,12,11,0.19647641107439995,128,3.9903262853622437,128,0.2216847948729992,128,0.7383256554603577,128,0.26167434453964233,128,0.08993585966527462,128,-0.5161034315824509,128,0.6778976768255234,128,1.0,128,1.0,128,0.0,128,18.0,128,0.5350469499826431,128,-1.8310171961784363,128,-0.6494903713464737,128
noisy,42,13,0,0.3416091799736023,128,6.148485064506531,128,0.3415824994444847,128,0.5048352032899857,128,0.49516480416059494,128,0.19407019019126892,128,-0.28261298686265945,128,0.791014701128006,128,1.0,128,1.0,128,0.0,128,18.0,128,0.4653632938861847,128,-1.259700357913971,128,-0.5622665137052536,128
noisy,42,13,1,0.3522144854068756,128,6.495525240898132,128,0.36086251586675644,128,0.521116241812706,128,0.4788837358355522,128,0.21382706612348557,128,-0.2988940551877022,128,0.8147673159837723,128,1.0,128,1.0,128,0.0,128,18.0,128,0.44324513524770737,128,-1.3435747921466827,128,-0.414094515144825,128
noisy,42,13,2,0.24515331909060478,128,7.125633955001831,128,0.39586855471134186,128,0.45987287908792496,128,0.5401271283626556,128,0.23623190447688103,128,-0.23765066266059875,128,0.8936422318220139,128,1.0,128,1.0,128,0.0,128,18.0,128,0.4618682861328125,128,-1.4883176386356354,128,-0.454043947160244,128
noisy,42,13,3,0.30794139206409454,128,7.706915974617004,128,0.42816199362277985,128,0.39332836121320724,128,0.606671616435051,128,0.26157671958208084,128,-0.17110617458820343,128,0.9470439851284027,128,1.0,128,1.0,128,0.0,128,18.0,128,0.4430490732192993,128,-1.5980850160121918,128,-0.5505724251270294,128
noisy,42,13,4,0.29073522239923477,128,7.510614991188049,128,0.4172563925385475,128,0.39249444007873535,128,0.6075055301189423,128,0.2261144071817398,128,-0.17027226090431213,128,0.9384943395853043,128,1.0,128,1.0,128,0.0,128,18.0,128,0.38479868322610855,128,-1.4412055015563965,128,-0.6305586248636246,128
noisy,42,13,5,0.3386230617761612,128,6.650689125061035,128,0.36948272585868835,128,0.450448714196682,128,0.5495513081550598,128,0.14828510582447052,128,-0.22822648286819458,128,0.872636467218399,128,2.0,128,1.0,128,0.0,128,18.0,128,0.4291025623679161,128,-1.3104853928089142,128,-0.6925382316112518,128
noisy,42,13,6,0.30364134907722473,128,7.57284951210022,128,0.4207138642668724,128,0.3846450075507164,128,0.615354984998703,128,0.23297805339097977,128,-0.1624228060245514,128,0.9386244863271713,128,1.0,128,1.0,128,0.0,128,18.0,128,0.40814434736967087,128,-1.5010924935340881,128,-0.5925439596176147,128
noisy,42,13,7,0.3185136541724205,128,6.796531796455383,128,0.3775850981473923,128,0.4085462838411331,128,0.5914537161588669,128,0.15715458616614342,128,-0.1863240748643875,128,0.8603827655315399,128,1.75,128,1.0,128,0.0,128,13.5,128,0.3885061666369438,128,-1.1496731042861938,128,-0.605351135134697,128
noisy,42,13,8,0.23927892372012138,128,5.603870153427124,128,0.31132612377405167,128,0.5531312525272369,128,0.44686874002218246,128,0.12724616564810276,128,-0.33090905100107193,128,0.8621782064437866,128,1.0,128,1.0,128,0.0,128,18.0,128,0.5219428241252899,128,-1.7970653474330902,128,-0.8248785585165024,128
noisy,42,13,9,0.33407072722911835,128,4.955598831176758,128,0.27531104534864426,128,0.6236273795366287,128,0.37637263536453247,128,0.11317207291722298,128,-0.4014051556587219,128,0.7782297134399414,128,1.0,128,1.0,128,0.0,128,18.0,128,0.48573894053697586,128,-1.3313461244106293,128,-0.6003071367740631,128
noisy,42,13,10,0.24077951163053513,128,8.405632734298706,128,0.46697959303855896,128,0.290791317820549,128,0.7092086672782898,128,0.2676108703017235,128,-0.0685691237449646,128,0.9509390294551849,128,3.0,128,1.0,128,0.0,128,10.392857193946838,128,0.3872438296675682,128,-0.9281690865755081,128,-0.4330257847905159,128
noisy,42,13,11,0.2499680258333683,128,7.2460761070251465,128,0.4025597870349884,128,0.5127790123224258,128,0.48722095787525177,128,0.2761497348546982,128,-0.2905568331480026,128,0.8411184400320053,128,1.0,128,1.0,128,0.0,128,18.0,128,0.5665558874607086,128,-1.3685329258441925,128,-0.1781275998800993,128
noisy,42,14,0,0.378243163228035,128,4.758548021316528,128,0.26436377316713333,128,0.7058016061782837,128,0.2941983789205551,128,0.1496104635298252,128,-0.4835794121026993,128,0.7016578018665314,128,1.0,128,1.0,128,0.0,128,18.0,128,0.5576296150684357,128,-1.8263952732086182,128,-0.4648163393139839,128
noisy,42,14,1,0.266247496008873,128,6.514295697212219,128,0.3619053140282631,128,0.469164602458477,128,0.5308354049921036,128,0.15923846513032913,128,-0.24694238603115082,128,0.8768951594829559,128,1.75,128,1.0,128,0.0,128,18.0,128,0.43831397593021393,128,-1.381138652563095,128,-0.6567117869853973,128
noisy,42,14,2,0.41125428676605225,128,7.106961011886597,128,0.39483117312192917,128,0.4189339354634285,128,0.5810660570859909,128,0.1861507184803486,128,-0.1967117339372635,128,0.9120351672172546,128,1.5,128,1.0,128,0.0,128,18.0,128,0.396977536380291,128,-1.3881261050701141,128,-0.5905095636844635,128
noisy,42,14,3,0.22994143143296242,128,4.933344602584839,128,0.2740747034549713,128,0.6303621530532837,128,0.3696378394961357,128,0.11600091494619846,128,-0.4081399515271187,128,0.7697486877441406,128,1.0,128,1.0,128,0.0,128,13.5,128,0.3969349190592766,128,-1.7250229120254517,128,-0.6915812790393829,128
noisy,42,14,4,0.5077180191874504,128,6.777385354042053,128,0.37652140855789185,128,0.5707401037216187,128,0.42925991863012314,128,0.27567462623119354,128,-0.34851787239313126,128,0.6785011738538742,128,1.0,128,1.0,128,0.0,128,18.0,128,0.5655810385942459,128,-1.156950443983078,128,-0.1436973437666893,128
noisy,42,14,5,0.36269567161798477,128,6.776971697807312,128,0.37649843096733093,128,0.4929874911904335,128,0.5070124864578247,128,0.1843269020318985,128,-0.2707653045654297,128,0.7301318943500519,128,1.0,128,1.0,128,0.0,128,6.0,128,0.4798686057329178,128,-0.8474132716655731,128,-0.25776583701372147,128
noisy,42,14,6,0.31631144136190414,128,7.524212002754211,128,0.41801177710294724,128,0.3908025845885277,128,0.6091974228620529,128,0.22818470373749733,128,-0.16858036816120148,128,0.9461394250392914,128,1.0,128,1.0,128,0.0,128,18.0,128,0.41331808269023895,128,-1.5866518020629883,128,-0.6351564079523087,128
noisy,42,14,7,0.25757382810115814,128,6.289433002471924,128,0.3494129404425621,128,0.506896123290062,128,0.49310387670993805,128,0.16172057390213013,128,-0.28467391431331635,128,0.8948331326246262,128,1.0,128,1.0,128,0.0,128,18.0,128,0.4064807891845703,128,-1.7759799361228943,128,-0.7597615867853165,128
noisy,42,14,8,0.2642306163907051,128,4.828276634216309,128,0.2682375833392143,128,0.6503935903310776,128,0.349606417119503,128,0.12602580897510052,128,-0.4281713739037514,128,0.6884637475013733,128,1.0,128,1.0,128,0.0,128,18.0,128,0.434162400662899,128,-1.3644673824310303,128,-0.48767711967229843,128
noisy,42,14,9,0.3052713871002197,128,8.058301091194153,128,0.4476833939552307,128,0.36226505041122437,128,0.6377349644899368,128,0.2700095400214195,128,-0.14004282653331757,128,0.950548380613327,128,1.0,128,1.0,128,0.0,128,18.0,128,0.5059893354773521,128,-1.4013231694698334,128,-0.4473353624343872,128
noisy,42,14,10,0.22378193587064743,128,5.287575721740723,128,0.2937541976571083,128,0.6182640045881271,128,0.38173599541187286,128,0.1120361965149641,128,-0.39604179561138153,128,0.7884659171104431,128,1.0,128,1.0,128,0.0,128,12.75,128,0.4340490698814392,128,-1.701603651046753,128,-0.6149478554725647,128
noisy,42,14,11,0.33439285308122635,128,8.078314781188965,128,0.44879526644945145,128,0.34144148230552673,128,0.6585585027933121,128,0.2627456709742546,128,-0.11921928822994232,128,0.9422851353883743,128,3.0,128,1.0,128,0.0,128,18.0,128,0.46174682676792145,128,-1.1375356763601303,128,-0.48490845412015915,128
noisy,42,15,0,0.31589239090681076,128,7.557284235954285,128,0.41984912753105164,128,0.37142031639814377,128,0.6285796761512756,128,0.2168416827917099,128,-0.14919811487197876,128,0.9451341778039932,128,1.0,128,1.0,128,0.0,128,18.0,128,0.42417772859334946,128,-1.4266113638877869,128,-0.725406676530838,128
noisy,42,15,1,0.38185569643974304,128,6.267791032791138,128,0.3482106104493141,128,0.4528946876525879,128,0.5471053123474121,128,0.14239341765642166,128,-0.23067247867584229,128,0.8584554493427277,128,2.25,128,1.0,128,0.0,128,18.0,128,0.4365512952208519,128,-1.2156756222248077,128,-0.7287121564149857,128
noisy,42,15,2,0.3809841126203537,128,6.3994094133377075,128,0.3555227443575859,128,0.4562392383813858,128,0.5437607765197754,128,0.16298116371035576,128,-0.234017014503479,128,0.8340437263250351,128,2.0,128,1.0,128,0.0,128,18.0,128,0.46012913435697556,128,-1.3028436303138733,128,-0.6523826271295547,128
noisy,42,15,3,0.32549741119146347,128,7.371798157691956,128,0.40954434126615524,128,0.41667236387729645,128,0.5833276212215424,128,0.23435128480196,128,-0.19445016980171204,128,0.9119618237018585,128,1.0,128,1.0,128,0.0,128,18.0,128,0.45374932885169983,128,-1.3658962547779083,128,-0.5621346682310104,128
noisy,42,15,4,0.44927410036325455,128,6.063826203346252,128,0.3368792310357094,128,0.4888450503349304,128,0.511154904961586,128,0.13676457479596138,128,-0.2666228860616684,128,0.834238275885582,128,2.0,128,1.0,128,0.0,128,18.0,128,0.45761268585920334,128,-1.302941381931305,128,-0.677669420838356,128
noisy,42,15,5,0.30221669375896454,128,6.34566855430603,128,0.3525371477007866,128,0.4776054099202156,128,0.522394597530365,128,0.17041758820414543,128,-0.2553831934928894,128,0.8964306712150574,128,1.0,128,1.0,128,0.0,128,18.0,128,0.44478990882635117,128,-1.6009753942489624,128,-0.7533827275037766,128
noisy,42,15,6,0.34873273223638535,128,7.157406210899353,128,0.3976336866617203,128,0.40584535896778107,128,0.5941546559333801,128,0.19820696488022804,128,-0.18362313508987427,128,0.9289567619562149,128,1.0,128,1.0,128,0.0,128,18.0,128,0.41164471209049225,128,-1.4814665615558624,128,-0.6776886135339737,128
noisy,42,15,7,0.2947986274957657,128,7.281678318977356,128,0.4045376852154732,128,0.37690459936857224,128,0.6230953931808472,128,0.20451779291033745,128,-0.15468239784240723,128,0.8883320540189743,128,2.0,128,1.0,128,0.0,128,18.0,128,0.4036264047026634,128,-1.020672783255577,128,-0.571836531162262,128
noisy,42,15,8,0.35262173414230347,128,7.180432438850403,128,0.3989129066467285,128,0.46685022860765457,128,0.5331497639417648,128,0.24691350758075714,128,-0.24462802708148956,128,0.8234579116106033,128,1.0,128,1.0,128,0.0,128,18.0,128,0.4396946057677269,128,-1.08514703810215,128,-0.3072034791111946,128
noisy,42,15,9,0.4954189509153366,128,8.491826057434082,128,0.4717681109905243,128,0.3088456690311432,128,0.691154345870018,128,0.26574844866991043,128,-0.08662344515323639,128,0.951904371380806,128,4.0,128,1.0,128,0.0,128,18.0,128,0.41733043640851974,128,-0.9979993253946304,128,-0.4325493946671486,128
noisy,42,15,10,0.3043052777647972,128,6.917930006980896,128,0.3843294456601143,128,0.41343916952610016,128,0.5865608304738998,128,0.1860496960580349,128,-0.19121696054935455,128,0.9403453469276428,128,1.0,128,1.0,128,0.0,128,18.0,128,0.4959835931658745,128,-1.6454429030418396,128,-0.7762009054422379,128
noisy,42,15,11,0.31846334785223007,128,5.047389507293701,128,0.2804105281829834,128,0.643776074051857,128,0.3562239333987236,128,0.15018870308995247,128,-0.4215538576245308,128,0.7854897230863571,128,1.0,128,1.0,128,0.0,128,18.0,128,0.47956427186727524,128,-1.907818615436554,128,-0.6328155845403671,128
noisy,42,16,0,0.2838032394647598,128,4.7778706550598145,128,0.2654372602701187,128,0.681470662355423,128,0.31852931529283524,128,0.09596601501107216,128,-0.45924847573041916,128,0.7133312970399857,128,1.0,128,1.0,128,0.0,128,18.0,128,0.5452912449836731,128,-1.7690768837928772,128,-0.629260778427124,128
noisy,42,16,1,0.31739407777786255,128,6.955907344818115,128,0.38643928617239,128,0.43515388667583466,128,0.5648461133241653,128,0.1806512512266636,128,-0.21293167769908905,128,0.9230450391769409,128,1.0,128,1.0,128,0.0,128,18.0,128,0.41273999214172363,128,-1.553391695022583,128,-0.689679890871048,128
noisy,42,16,2,0.21977781504392624,128,2.5271334052085876,128,0.14039630070328712,128,0.885821059346199,128,0.11417892761528492,128,0.051709337159991264,128,-0.6635988503694534,128,0.4256538674235344,128,1.0,128,1.0,128,0.0,128,18.0,128,0.5318190604448318,128,-1.6996480524539948,128,-0.45249219238758087,128
noisy,42,16,3,0.3331253007054329,128,8.050146341323853,128,0.44723034650087357,128,0.3442007973790169,128,0.6557992547750473,128,0.24319053068757057,128,-0.12197853624820709,128,0.9494696110486984,128,1.0,128,1.0,128,0.0,128,10.800000071525574,128,0.3765657842159271,128,-1.257084310054779,128,-0.528139591217041,128
noisy,42,16,4,0.30083829164505005,128,6.2907475233078,128,0.34948597103357315,128,0.537678524851799,128,0.4623214676976204,128,0.18767866864800453,128,-0.315456323325634,128,0.8743076622486115,128,1.0,128,1.0,128,0.0,128,18.0,128,0.5309497267007828,128,-1.756545901298523,128,-0.6563621610403061,128
noisy,42,16,5,0.23067935928702354,128,4.977708101272583,128,0.2765393406152725,128,0.6526085883378983,128,0.34739141911268234,128,0.13473663479089737,128,-0.43038637191057205,128,0.7961974889039993,128,1.0,128,1.0,128,0.0,128,18.0,128,0.573167696595192,128,-1.9628193974494934,128,-0.6932157874107361,128
noisy,42,16,6,0.27143575996160507,128,5.56116247177124,128,0.3089534789323807,128,0.6074165999889374,128,0.392583392560482,128,0.16181499138474464,128,-0.38519439846277237,128,0.7564557194709778,128,1.0,128,1.0,128,0.0,128,18.0,128,0.4765535220503807,128,-1.5264673233032227,128,-0.45016057789325714,128
noisy,42,16,7,0.370622955262661,128,8.243858098983765,128,0.4579921141266823,128,0.3304223343729973,128,0.6695776879787445,128,0.2631396912038326,128,-0.10820010304450989,128,0.947627454996109,128,3.0,128,1.0,128,0.0,128,13.5,128,0.4137870818376541,128,-1.0770047754049301,128,-0.4586261212825775,128
noisy,42,16,8,0.2834326773881912,128,5.150987267494202,128,0.2861659601330757,128,0.6274370402097702,128,0.3725629299879074,128,0.13385402038693428,128,-0.405214861035347,128,0.8069037646055222,128,1.0,128,1.0,128,0.0,128,18.0,128,0.5232154875993729,128,-1.936533361673355,128,-0.7301819622516632,128
noisy,42,16,9,0.21859214082360268,128,2.8877557516098022,128,0.1604308746755123,128,0.8433193564414978,128,0.156680665910244,128,0.046745686791837215,128,-0.621097132563591,128,0.51920435577631,128,1.0,128,1.0,128,0.0,128,18.0,128,0.4192807525396347,128,-1.9110060334205627,128,-0.6395613253116608,128
noisy,42,16,10,0.31924133002758026,128,6.674040079116821,128,0.37077999860048294,128,0.42706670612096786,128,0.5729332864284515,128,0.158881526440382,128,-0.20484450459480286,128,0.8901841044425964,128,2.0,128,1.0,128,0.0,128,18.0,128,0.4604075476527214,128,-1.2690753638744354,128,-0.6864747256040573,128
noisy,42,16,11,0.4870751276612282,128,7.5100462436676025,128,0.41722478717565536,128,0.38387005776166916,128,0.6161299347877502,128,0.20377003774046898,128,-0.16164785623550415,128,0.9224942028522491,128,1.0,128,1.0,128,0.0,128,10.0,128,0.38145841658115387,128,-1.2409251928329468,128,-0.6106943339109421,128
noisy,42,17,0,0.6035286784172058,128,5.768665194511414,128,0.32048139721155167,128,0.5128526091575623,128,0.48714739829301834,128,0.09429460391402245,128,-0.29063039273023605,128,0.8109780550003052,128,1.0,128,1.0,128,0.0,128,18.0,128,0.4391561597585678,128,-1.2863912880420685,128,-0.71879081428051,128
noisy,42,17,1,0.33138613402843475,128,7.6165531873703,128,0.42314183712005615,128,0.39968685805797577,128,0.600313127040863,128,0.22731849923729897,128,-0.17746466398239136,128,0.8373983204364777,128,1.0,128,1.0,128,0.0,128,6.0,128,0.47159843146800995,128,-0.8821565210819244,128,-0.28293268010020256,128
noisy,42,17,2,0.3869128152728081,128,4.242270588874817,128,0.23568170145154,128,0.7136449664831161,128,0.28635503351688385,128,0.10275840945541859,128,-0.49142275750637054,128,0.6778641790151596,128,1.0,128,1.0,128,0.0,128,18.0,128,0.5060579255223274,128,-1.6184853911399841,128,-0.5680891275405884,128
noisy,42,17,3,0.20792293176054955,128,3.328292489051819,128,0.18490513786673546,128,0.8071145564317703,128,0.19288543611764908,128,0.0475587472319603,128,-0.5848923474550247,128,0.6128117591142654,128,1.0,128,1.0,128,0.0,128,18.0,128,0.5813719034194946,128,-1.933601588010788,128,-0.7116731405258179,128
noisy,42,17,4,0.37149570882320404,128,7.390201807022095,128,0.4105667695403099,128,0.45170289278030396,128,0.5482971370220184,128,0.2518290765583515,128,-0.22948065400123596,128,0.88050577044487,128,1.0,128,1.0,128,0.0,128,18.0,128,0.45699014514684677,128,-1.4384511411190033,128,-0.4015129432082176,128
noisy,42,17,5,0.2865767627954483,128,4.053447008132935,128,0.22519150003790855,128,0.7622458785772324,128,0.23775412887334824,128,0.1070114653557539,128,-0.5400236546993256,128,0.619513064622879,128,1.0,128,1.0,128,0.0,128,18.0,128,0.46982090175151825,128,-1.6873041093349457,128,-0.45681922137737274,128
noisy,42,17,6,0.5400109887123108,128,5.854609847068787,128,0.3252561017870903,128,0.5576787143945694,128,0.44232127815485,128,0.13118815794587135,128,-0.3354565128684044,128,0.8555601537227631,128,1.0,128,1.0,128,0.0,128,18.0,128,0.4282679334282875,128,-1.5586743652820587,128,-0.7613671272993088,128
noisy,42,17,7,0.3120175302028656,128,4.88162362575531,128,0.27120130881667137,128,0.6522667557001114,128,0.347733236849308,128,0.12480584345757961,128,-0.4300445541739464,128,0.6856292337179184,128,1.0,128,1.0,128,0.0,128,13.5,128,0.4219694137573242,128,-1.6658445596694946,128,-0.5991276502609253,128
noisy,42,17,8,0.1886214055120945,128,3.594151496887207,128,0.1996750868856907,128,0.7505986243486404,128,0.24940136820077896,128,0.06871145963668823,128,-0.5283764228224754,128,0.6475313901901245,128,1.0,128,1.0,128,0.0,128,18.0,128,0.5722833722829819,128,-1.8748835325241089,128,-0.705882802605629,128
noisy,42,17,9,0.29593732953071594,128,5.327182412147522,128,0.2959545850753784,128,0.6186912208795547,128,0.38130874931812286,128,0.14906667172908783,128,-0.39646904170513153,128,0.7666783481836319,128,1.0,128,1.0,128,0.0,128,18.0,128,0.5561310350894928,128,-1.5136362314224243,128,-0.5417162626981735,128
noisy,42,17,10,0.23057283833622932,128,4.63230562210083,128,0.257350318133831,128,0.698781207203865,128,0.30121882259845734,128,0.092404805123806,128,-0.47655896842479706,128,0.7125428915023804,128,1.0,128,1.0,128,0.0,128,18.0,128,0.4738888069987297,128,-1.765352874994278,128,-0.6098268330097198,128
noisy,42,17,11,0.30417680740356445,128,5.82806658744812,128,0.32378147542476654,128,0.5715677887201309,128,0.4284321963787079,128,0.1517801247537136,128,-0.3493455946445465,128,0.842475637793541,128,1.0,128,1.0,128,0.0,128,18.0,128,0.4689158424735069,128,-1.7096433639526367,128,-0.7150788456201553,128
noisy,42,18,0,0.6154646128416061,128,6.8113096952438354,128,0.3784060925245285,128,0.47853074967861176,128,0.5214692652225494,128,0.20497869700193405,128,-0.25630852580070496,128,0.8739677965641022,128,1.0,128,1.0,128,0.0,128,18.0,128,0.4533989056944847,128,-1.4572132229804993,128,-0.5319793075323105,128
noisy,42,18,1,0.4980567544698715,128,4.394622564315796,128,0.2441456988453865,128,0.6660285294055939,128,0.33397146314382553,128,0.06336765736341476,128,-0.44380632787942886,128,0.7122757285833359,128,1.0,128,1.0,128,0.0,128,18.0,128,0.5418913811445236,128,-1.6558715105056763,128,-0.7668106853961945,128
noisy,42,18,2,0.5291855037212372,128,4.036025047302246,128,0.22422361746430397,128,0.7130411863327026,128,0.28695881366729736,128,0.06715171877294779,128,-0.49081897735595703,128,0.6697769314050674,128,1.0,128,1.0,128,0.0,128,18.0,128,0.531888410449028,128,-1.6313263773918152,128,-0.6708990931510925,128
noisy,42,18,3,0.6412388831377029,128,4.233618497848511,128,0.23520103096961975,128,0.7282065451145172,128,0.271793432533741,128,0.06333300843834877,128,-0.505984365940094,128,0.6594725698232651,128,1.0,128,1.0,128,0.0,128,18.0,128,0.5351203233003616,128,-1.594440519809723,128,-0.6779910624027252,128
noisy,42,18,4,0.27912767976522446,128,4.620625257492065,128,0.25670140609145164,128,0.6895586401224136,128,0.31044138222932816,128,0.0814651120454073,128,-0.46733640879392624,128,0.6989726126194,128,1.0,128,1.0,128,0.0,128,18.0,128,0.48118045181035995,128,-1.7298298478126526,128,-0.6905700266361237,128
noisy,42,18,5,0.6152686327695847,128,4.914692282676697,128,0.27303845435380936,128,0.5882544070482254,128,0.4117455929517746,128,0.06928305234760046,128,-0.3660321980714798,128,0.7471998035907745,128,1.0,128,1.0,128,0.0,128,18.0,128,0.491855151951313,128,-1.477960616350174,128,-0.6509342640638351,128
noisy,42,18,6,0.7029921263456345,128,5.385545611381531,128,0.2991969808936119,128,0.613977774977684,128,0.3860222175717354,128,0.1343141347169876,128,-0.391755573451519,128,0.7317085862159729,128,1.0,128,1.0,128,0.0,128,18.0,128,0.5017457529902458,128,-1.4647769927978516,128,-0.559054508805275,128
noisy,42,18,7,0.731872096657753,128,4.8801610469818115,128,0.2711200565099716,128,0.612094983458519,128,0.3879050314426422,128,0.0781543031334877,128,-0.3898727595806122,128,0.7353455126285553,128,1.0,128,1.0,128,0.0,128,18.0,128,0.528853178024292,128,-1.5064214766025543,128,-0.6670880615711212,128
noisy,42,18,8,0.5047080963850021,128,4.441054582595825,128,0.24672525003552437,128,0.6468272656202316,128,0.3531727269291878,128,0.07802076265215874,128,-0.4246050640940666,128,0.7250648438930511,128,1.0,128,1.0,128,0.0,128,18.0,128,0.4830276668071747,128,-1.5342248678207397,128,-0.6694762855768204,128
noisy,42,18,9,0.3411175534129143,128,8.14700722694397,128,0.4526115134358406,128,0.3742949292063713,128,0.6257051229476929,128,0.27802639454603195,128,-0.15207266807556152,128,0.957288533449173,128,1.0,128,1.0,128,0.0,128,18.0,128,0.4943615645170212,128,-1.6083510518074036,128,-0.4532284587621689,128
noisy,42,18,10,0.39553003013134,128,4.7876609563827515,128,0.26598116010427475,128,0.6398089975118637,128,0.3601910248398781,128,0.08682878687977791,128,-0.4175867661833763,128,0.6965428590774536,128,1.0,128,1.0,128,0.0,128,18.0,128,0.515736922621727,128,-1.4099777936935425,128,-0.5965947061777115,128
noisy,42,18,11,0.48775217682123184,128,5.231440186500549,128,0.2906355708837509,128,0.60608871281147,128,0.39391129463911057,128,0.12686157412827015,128,-0.38386649638414383,128,0.7497566193342209,128,1.0,128,1.0,128,0.0,128,18.0,128,0.4419870376586914,128,-1.5049711763858795,128,-0.6131724864244461,128
noisy,42,19,0,0.47720225155353546,128,7.848561763763428,128,0.43603120744228363,128,0.39718688279390335,128,0.6028131246566772,128,0.26389069110155106,128,-0.17496466636657715,128,0.9218233525753021,128,1.0,128,1.0,128,0.0,128,18.0,128,0.44716986268758774,128,-1.2826208472251892,128,-0.4120466187596321,128
noisy,42,19,1,0.21476638317108154,128,4.578811287879944,128,0.25437840819358826,128,0.6549053639173508,128,0.34509462863206863,128,0.082105603069067,128,-0.43268316239118576,128,0.7584202736616135,128,1.0,128,1.0,128,0.0,128,18.0,128,0.39204150438308716,128,-1.5803998410701752,128,-0.7150241434574127,128
noisy,42,19,2,0.39892490208148956,128,5.506506562232971,128,0.30591703206300735,128,0.5845601856708527,128,0.41543977707624435,128,0.14088965952396393,128,-0.36233801394701004,128,0.728747546672821,128,1.0,128,0.3333333432674408,128,0.1764705926179886,128,18.0,128,0.55662702023983,128,-1.3832897543907166,128,-0.49498534202575684,128
noisy,42,19,3,0.42409562319517136,128,5.846637725830078,128,0.32481320202350616,128,0.5288704335689545,128,0.47112956643104553,128,0.11633210629224777,128,-0.30664822459220886,128,0.7747401744127274,128,1.0,128,1.0,128,0.0,128,18.0,128,0.48669128865003586,128,-1.4010060727596283,128,-0.5904941260814667,128
noisy,42,19,4,0.272076353430748,128,3.929493010044098,128,0.21830516681075096,128,0.7753359973430634,128,0.22466396540403366,128,0.11296801082789898,128,-0.5531138330698013,128,0.632176861166954,128,1.0,128,1.0,128,0.0,128,18.0,128,0.7706869393587112,128,-1.8331451416015625,128,-0.4975306838750839,128
noisy,42,19,5,0.1896062158048153,128,4.636139273643494,128,0.2575632929801941,128,0.6473481357097626,128,0.352651908993721,128,0.07732418924570084,128,-0.4251258820295334,128,0.7907465994358063,128,1.0,128,1.0,128,0.0,128,18.0,128,0.5197487622499466,128,-1.879024475812912,128,-0.8488949239253998,128
noisy,42,19,6,0.3408961519598961,128,5.979742765426636,128,0.33220792561769485,128,0.5293533951044083,128,0.47064658999443054,128,0.13778778538107872,128,-0.30713120102882385,128,0.8936010450124741,128,1.0,128,1.0,128,0.0,128,18.0,128,0.522063173353672,128,-1.8629494309425354,128,-0.8480975478887558,128
noisy,42,19,7,0.36252937465906143,128,5.107798457145691,128,0.28376657515764236,128,0.6414666175842285,128,0.3585333600640297,128,0.1442437544465065,128,-0.4192444309592247,128,0.7648004591464996,128,1.0,128,1.0,128,0.0,128,18.0,128,0.5157550275325775,128,-1.753489464521408,128,-0.5641580522060394,128
noisy,42,19,8,0.28967347741127014,128,8.149543285369873,128,0.45275240391492844,128,0.32297100871801376,128,0.6770290285348892,128,0.24710014089941978,128,-0.10074876248836517,128,0.9811945557594299,128,1.0,128,1.0,128,0.0,128,18.0,128,0.42962633073329926,128,-1.607789546251297,128,-0.7885241061449051,128
noisy,42,19,9,0.2790504992008209,128,5.044791579246521,128,0.2802662029862404,128,0.6118641644716263,128,0.3881358206272125,128,0.0922210169956088,128,-0.38964197039604187,128,0.8088584244251251,128,1.0,128,1.0,128,0.0,128,18.0,128,0.47915225476026535,128,-1.758752465248108,128,-0.7988125830888748,128
noisy,42,19,10,0.44664131850004196,128,9.745248079299927,128,0.5414026826620102,128,0.24190298840403557,128,0.7580970078706741,128,0.3168273940682411,128,-0.01968078315258026,128,0.793465182185173,128,11.0,128,0.8888888955116272,128,0.14705882407724857,128,6.0,128,0.6918915063142776,128,-0.31078992784023285,128,-0.04827364068478346,128
noisy,42,19,11,0.2635471075773239,128,3.7671623826026917,128,0.20928679779171944,128,0.7493645697832108,128,0.25063541531562805,128,0.05793307535350323,128,-0.5271423608064651,128,0.6278191059827805,128,1.0,128,1.0,128,0.0,128,18.0,128,0.41213152557611465,128,-1.6520121693611145,128,-0.6547976434230804,128
noisy,42,20,0,0.29103265702724457,128,5.117128372192383,128,0.28428490459918976,128,0.6034004539251328,128,0.39659958332777023,128,0.10797547735273838,128,-0.38117820769548416,128,0.8116475939750671,128,1.0,128,1.0,128,0.0,128,18.0,128,0.47583846747875214,128,-1.8657914400100708,128,-0.7631527483463287,128
noisy,42,20,1,0.4724501520395279,128,8.500749111175537,128,0.4722638353705406,128,0.30742137879133224,128,0.6925786137580872,128,0.2635010927915573,128,-0.08519917726516724,128,0.772273600101471,128,1.0,128,1.0,128,0.0,128,6.0,128,0.7061148434877396,128,-0.47278691828250885,128,-0.15707220882177353,128
noisy,42,20,2,0.5054935365915298,128,12.015321493148804,128,0.6675178557634354,128,0.06993489153683186,128,0.9300651550292969,128,0.4491027295589447,128,0.15228736400604248,128,0.6410339623689651,128,18.0,128,1.0,128,0.0,128,6.0,128,0.8750512450933456,128,0.15535040758550167,128,-0.017594462726265192,128
noisy,42,20,3,0.6264156252145767,128,11.170252561569214,128,0.620569571852684,128,0.1978011690080166,128,0.8021988570690155,128,0.4382477030158043,128,0.02442106604576111,128,0.6293704509735107,128,18.0,128,1.0,128,0.0,128,6.0,128,0.7900784760713577,128,-0.11541702225804329,128,-0.020446538110263646,128
noisy,42,20,4,0.33107274025678635,128,4.122917652130127,128,0.22905097901821136,128,0.726794421672821,128,0.27320557832717896,128,0.08556210808455944,128,-0.504572220146656,128,0.668339341878891,128,1.0,128,1.0,128,0.0,128,18.0,128,0.45075085014104843,128,-1.582678109407425,128,-0.6138630509376526,128
noisy,42,20,5,0.5570761561393738,128,10.255605936050415,128,0.569755882024765,128,0.2244829535484314,128,0.7755170613527298,128,0.3808245360851288,128,-0.002260729670524597,128,0.677556574344635,128,18.0,128,1.0,128,0.0,128,6.0,128,0.8046489208936691,128,-0.19644651375710964,128,-0.04860261268913746,128
noisy,42,20,6,0.21520447358489037,128,5.0358710289001465,128,0.2797706127166748,128,0.5989351868629456,128,0.40106482058763504,128,0.10182012803852558,128,-0.37671297043561935,128,0.7887963056564331,128,1.0,128,1.0,128,0.0,128,18.0,128,0.5821522176265717,128,-1.623026192188263,128,-0.8076864182949066,128
noisy,42,20,7,0.7213878780603409,128,16.131330490112305,128,0.8961850106716156,128,0.004105093597900122,128,0.9958949685096741,128,0.806194856762886,128,0.21811717748641968,128,0.458706259727478,128,17.0,128,1.0,128,0.0,128,6.0,128,0.5615914463996887,128,1.362404614686966,128,0.6480463743209839,128
noisy,42,20,8,0.3317301869392395,128,5.360246181488037,128,0.297791451215744,128,0.6975181698799133,128,0.30248183012008667,128,0.2151116244494915,128,-0.4752959534525871,128,0.5689469426870346,128,1.0,128,1.0,128,0.0,128,18.0,128,0.5173213630914688,128,-1.1253205239772797,128,-0.17670387402176857,128
noisy,42,20,9,0.33780697733163834,128,8.804015398025513,128,0.4891119673848152,128,0.3185029774904251,128,0.6814970076084137,128,0.2988564968109131,128,-0.0962807834148407,128,0.8660356253385544,128,1.0,128,1.0,128,0.0,128,6.0,128,0.6022013574838638,128,-0.6061829179525375,128,-0.16264740750193596,128
noisy,42,20,10,0.27207470685243607,128,5.973131418228149,128,0.3318406343460083,128,0.5704204142093658,128,0.42957958579063416,128,0.15510688722133636,128,-0.34819820523262024,128,0.8268666714429855,128,1.0,128,1.0,128,0.0,128,18.0,128,0.6442437618970871,128,-1.7800226211547852,128,-0.6457347571849823,128
noisy,42,20,11,0.39641743153333664,128,4.292771100997925,128,0.23848728463053703,128,0.7167240530252457,128,0.2832759618759155,128,0.11221349611878395,128,-0.49450183659791946,128,0.601715087890625,128,1.0,128,1.0,128,0.0,128,15.75,128,0.54570671916008,128,-1.3927297592163086,128,-0.40972699224948883,128
noisy,42,21,0,0.391165055334568,128,5.857020854949951,128,0.3253900483250618,128,0.48644381016492844,128,0.5135561972856522,128,0.12746883556246758,128,-0.26422159373760223,128,0.6809061467647552,128,1.0,128,1.0,128,0.0,128,6.0,128,0.5447440147399902,128,-0.8331937044858932,128,-0.32797279208898544,128
noisy,42,21,1,0.42857523262500763,128,4.595280110836029,128,0.2552933394908905,128,0.6867050379514694,128,0.3132949620485306,128,0.10708075016736984,128,-0.4644828289747238,128,0.7420460134744644,128,1.0,128,1.0,128,0.0,128,18.0,128,0.46478334069252014,128,-1.8452503383159637,128,-0.7538714855909348,128
noisy,42,21,2,0.29319193214178085,128,4.048735857009888,128,0.22492976859211922,128,0.7222940027713776,128,0.2777060344815254,128,0.09107070602476597,128,-0.5000717416405678,128,0.6915651708841324,128,1.0,128,1.0,128,0.0,128,18.0,128,0.6289724558591843,128,-1.810257077217102,128,-0.656375840306282,128
noisy,42,21,3,0.5338151305913925,128,10.251511573791504,128,0.5695284157991409,128,0.2243250124156475,128,0.7756749838590622,128,0.4148069769144058,128,-0.0021028071641921997,128,0.5988112986087799,128,18.0,128,1.0,128,0.0,128,6.0,128,0.7437504380941391,128,-0.3589755818247795,128,-0.11316247470676899,128
noisy,42,21,4,0.5971335917711258,128,5.398308277130127,128,0.29990601539611816,128,0.5913084596395493,128,0.40869152545928955,128,0.1432429403066635,128,-0.36908626556396484,128,0.792563870549202,128,1.0,128,1.0,128,0.0,128,18.0,128,0.48259297013282776,128,-1.7159270942211151,128,-0.6734918355941772,128
noisy,42,21,5,0.38039810210466385,128,8.529217958450317,128,0.4738454446196556,128,0.32021364569664,128,0.67978635430336,128,0.27593085169792175,128,-0.09799143671989441,128,0.9305130392313004,128,1.0,128,1.0,128,0.0,128,9.0,128,0.44041766971349716,128,-0.8270033150911331,128,-0.3374791368842125,128
noisy,42,21,6,0.287394717335701,128,4.833336591720581,128,0.26851869374513626,128,0.6452023386955261,128,0.3547976687550545,128,0.1125984862446785,128,-0.4229801222681999,128,0.7773299664258957,128,1.0,128,1.0,128,0.0,128,18.0,128,0.5197387188673019,128,-1.7503694891929626,128,-0.7414684444665909,128
noisy,42,21,7,0.34727804362773895,128,4.574965596199036,128,0.25416475534439087,128,0.6305410712957382,128,0.3694589212536812,128,0.07648243010044098,128,-0.4083188697695732,128,0.7676392048597336,128,1.0,128,1.0,128,0.0,128,18.0,128,0.43734441697597504,128,-1.6879872381687164,128,-0.7940291464328766,128
noisy,42,21,8,0.28806646168231964,128,2.2695748805999756,128,0.1260874941945076,128,0.8895674645900726,128,0.11043252423405647,128,0.026336724869906902,128,-0.6673452705144882,128,0.4389277547597885,128,1.0,128,1.0,128,0.0,128,18.0,128,0.5775298327207565,128,-1.6521217823028564,128,-0.5807584524154663,128
noisy,42,21,9,0.601525291800499,128,13.59549069404602,128,0.7553050369024277,128,0.10427246615290642,128,0.8957275152206421,128,0.6282514035701752,128,0.1179497241973877,128,0.7636075168848038,128,17.0,128,1.0,128,0.0,128,6.0,128,0.6541330516338348,128,0.23634370043873787,128,0.4423801079392433,128
noisy,42,21,10,0.5226972848176956,128,9.06061315536499,128,0.5033674016594887,128,0.3402256891131401,128,0.6597743034362793,128,0.30387746542692184,128,-0.1180034875869751,128,0.7085472047328949,128,1.0,128,1.0,128,0.0,128,6.0,128,0.6390746831893921,128,-0.3658561259508133,128,-0.15824498236179352,128
noisy,42,21,11,0.5141100138425827,128,14.203991413116455,128,0.7891106307506561,128,0.006156401359476149,128,0.993843600153923,128,0.6371286660432816,128,0.21606580913066864,128,0.4892684742808342,128,18.0,128,0.9444444179534912,128,0.11764705926179886,128,6.0,128,0.9174944460391998,128,0.5810758620500565,128,0.0988447368144989,128
noisy,42,22,0,0.26733211427927017,128,4.527451276779175,128,0.25152506679296494,128,0.644740104675293,128,0.3552599102258682,128,0.0768672525882721,128,-0.42251788079738617,128,0.776228278875351,128,1.0,128,1.0,128,0.0,128,18.0,128,0.5331530123949051,128,-1.6692979037761688,128,-0.7681028991937637,128
noisy,42,22,1,0.3310495764017105,128,4.403215765953064,128,0.2446230947971344,128,0.6840384006500244,128,0.3159615695476532,128,0.09766113944351673,128,-0.4618162214756012,128,0.6810808032751083,128,1.0,128,1.0,128,0.0,128,18.0,128,0.5749115198850632,128,-1.6321177184581757,128,-0.6139901876449585,128
noisy,42,22,2,0.23817533627152443,128,4.774863600730896,128,0.2652702033519745,128,0.6199523061513901,128,0.3800476938486099,128,0.08002688176929951,128,-0.39773009717464447,128,0.8129130750894547,128,1.0,128,1.0,128,0.0,128,18.0,128,0.5571986734867096,128,-1.885211318731308,128,-0.9050659984350204,128
noisy,42,22,3,0.5146402046084404,128,4.136916995048523,128,0.22982871904969215,128,0.7266491651535034,128,0.2733508311212063,128,0.07589155063033104,128,-0.5044269561767578,128,0.6819304376840591,128,1.0,128,1.0,128,0.0,128,18.0,128,0.5327021479606628,128,-1.8149458765983582,128,-0.7126095741987228,128
noisy,42,22,4,0.34792954474687576,128,5.314474105834961,128,0.2952485606074333,128,0.6222357600927353,128,0.3777642771601677,128,0.11326080374419689,128,-0.4000135138630867,128,0.7293847650289536,128,1.0,128,1.0,128,0.0,128,18.0,128,0.5297290310263634,128,-1.5687299072742462,128,-0.6236567795276642,128
noisy,42,22,5,0.5241251140832901,128,4.419686913490295,128,0.2455381602048874,128,0.6759720593690872,128,0.3240279331803322,128,0.07638593949377537,128,-0.4537498578429222,128,0.7168255597352982,128,1.0,128,1.0,128,0.0,128,18.0,128,0.5812362283468246,128,-1.6656796336174011,128,-0.7406758815050125,128
noisy,42,22,6,0.54818956553936,128,6.439207315444946,128,0.35773374140262604,128,0.5177231281995773,128,0.48227688670158386,128,0.22009756416082382,128,-0.29550090432167053,128,0.801546111702919,128,1.0,128,1.0,128,0.0,128,18.0,128,0.6553727239370346,128,-1.5496026277542114,128,-0.4335862696170807,128
noisy,42,22,7,0.4322981908917427,128,8.828254222869873,128,0.49045857042074203,128,0.3074687421321869,128,0.6925312280654907,128,0.2846582680940628,128,-0.08524656295776367,128,0.8949536830186844,128,1.0,128,1.0,128,0.0,128,6.0,128,0.5159881561994553,128,-0.6369862407445908,128,-0.21126914396882057,128
noisy,42,22,8,0.6214510053396225,128,3.619745910167694,128,0.20109699293971062,128,0.7590068876743317,128,0.24099310487508774,128,0.050239344127476215,128,-0.5367846935987473,128,0.6722120940685272,128,1.0,128,1.0,128,0.0,128,18.0,128,0.43264036625623703,128,-1.8094412088394165,128,-0.7626383602619171,128
noisy,42,22,9,0.34395911544561386,128,6.3757359981536865,128,0.3542075604200363,128,0.45857023447752,128,0.5414297729730606,128,0.14330707862973213,128,-0.2363480180501938,128,0.9109543114900589,128,1.0,128,1.0,128,0.0,128,18.0,128,0.5862094908952713,128,-1.6480597853660583,128,-0.828420951962471,128
noisy,42,22,10,0.34741975367069244,128,5.19453501701355,128,0.28858527541160583,128,0.6243396699428558,128,0.37566033005714417,128,0.10969700664281845,128,-0.40211746096611023,128,0.7587765157222748,128,1.0,128,1.0,128,0.0,128,18.0,128,0.49173808842897415,128,-1.5072469413280487,128,-0.6252035796642303,128
noisy,42,22,11,0.4240791127085686,128,11.768120527267456,128,0.653784453868866,128,0.06926858611404896,128,0.9307314306497574,128,0.4140443652868271,128,0.152953639626503,128,0.7147015184164047,128,18.0,128,0.3888888955116272,128,0.3529411852359772,128,6.0,128,0.8866830915212631,128,0.3570658043026924,128,0.06332037539687008,128
noisy,42,23,0,0.2294074296951294,128,4.726833462715149,128,0.2626018673181534,128,0.6703517138957977,128,0.3296482786536217,128,0.10873154178261757,128,-0.4481295123696327,128,0.7729776501655579,128,1.0,128,1.0,128,0.0,128,18.0,128,0.3802882730960846,128,-1.926697701215744,128,-0.772441491484642,128
noisy,42,23,1,0.26413725316524506,128,5.427078127861023,128,0.30150433629751205,128,0.5922293066978455,128,0.40777069330215454,128,0.11914917826652527,128,-0.37000709772109985,128,0.7495072931051254,128,1.0,128,0.7777777910232544,128,0.22058823704719543,128,9.0,128,0.46529421210289,128,-1.5243540704250336,128,-0.5621985346078873,128
noisy,42,23,2,0.35164278000593185,128,7.64807653427124,128,0.4248931482434273,128,0.320280946791172,128,0.6797190606594086,128,0.19566355273127556,128,-0.09805873036384583,128,0.9603648334741592,128,3.0,128,1.0,128,0.0,128,18.0,128,0.5512097626924515,128,-1.203917771577835,128,-0.8217685520648956,128
noisy,42,23,3,0.5732196718454361,128,3.8009665608406067,128,0.21116480603814125,128,0.7628023773431778,128,0.2371976338326931,128,0.060293001122772694,128,-0.5405801683664322,128,0.6575576812028885,128,1.0,128,1.0,128,0.0,128,18.0,128,0.47349294275045395,128,-1.8371930420398712,128,-0.7657521665096283,128
noisy,42,23,4,0.2923053503036499,128,4.630172848701477,128,0.25723182782530785,128,0.6348947286605835,128,0.3651052936911583,128,0.06626049801707268,128,-0.4126724973320961,128,0.7137768417596817,128,1.0,128,1.0,128,0.0,128,18.0,128,0.450036458671093,128,-1.429046243429184,128,-0.7582254111766815,128
noisy,42,23,5,0.6721672415733337,128,4.368650555610657,128,0.24270281568169594,128,0.680471733212471,128,0.3195282742381096,128,0.08491989225149155,128,-0.4582495167851448,128,0.7483412623405457,128,1.0,128,1.0,128,0.0,128,18.0,128,0.5466308444738388,128,-1.8114374279975891,128,-0.7455455958843231,128
noisy,42,23,6,0.30052533000707626,128,3.6570931673049927,128,0.20317184180021286,128,0.7612148374319077,128,0.23878517374396324,128,0.0422276733443141,128,-0.538992628455162,128,0.6346790194511414,128,1.0,128,1.0,128,0.0,128,18.0,128,0.554761990904808,128,-1.6832088828086853,128,-0.7466803193092346,128
noisy,42,23,7,0.3163127452135086,128,7.975781202316284,128,0.4430989548563957,128,0.43574676662683487,128,0.5642532110214233,128,0.3004307299852371,128,-0.21352458000183105,128,0.7718277424573898,128,1.0,128,1.0,128,0.0,128,6.0,128,0.5198642611503601,128,-0.9783096611499786,128,-0.1810934655368328,128
noisy,42,23,8,0.184058029204607,128,3.9522958397865295,128,0.21957199275493622,128,0.6859292089939117,128,0.31407079845666885,128,0.0357260387390852,128,-0.46370699256658554,128,0.716842457652092,128,1.0,128,1.0,128,0.0,128,18.0,128,0.49194782972335815,128,-1.6298590004444122,128,-0.8735663443803787,128
noisy,42,23,9,0.7551544606685638,128,4.413378834724426,128,0.24518771469593048,128,0.6948656886816025,128,0.3051343113183975,128,0.09248166158795357,128,-0.4726434797048569,128,0.6957849115133286,128,1.0,128,1.0,128,0.0,128,18.0,128,0.5999439060688019,128,-1.7046636044979095,128,-0.6383023113012314,128
noisy,42,23,10,0.4053020551800728,128,10.7478506565094,128,0.5971028059720993,128,0.15448248013854027,128,0.8455175161361694,128,0.3734012022614479,128,0.06773972511291504,128,0.6600288301706314,128,18.0,128,0.0555555559694767,128,0.05882352963089943,128,6.0,128,0.7478236705064774,128,-0.2549689747393131,128,-0.06990733928978443,128
noisy,42,23,11,0.7935501933097839,128,4.461491942405701,128,0.24786066636443138,128,0.6918146163225174,128,0.308185376226902,128,0.0763194914907217,128,-0.469592422246933,128,0.6614582985639572,128,1.0,128,1.0,128,0.0,128,18.0,128,0.5132147669792175,128,-1.6546137928962708,128,-0.670737236738205,128
noisy,42,24,0,0.37996481359004974,128,3.038611114025116,128,0.16881172731518745,128,0.8401871919631958,128,0.1598128192126751,128,0.024601322133094072,128,-0.617964968085289,128,0.5871711373329163,128,1.0,128,1.0,128,0.0,128,18.0,128,0.5396533757448196,128,-1.8462267220020294,128,-0.8170717805624008,128
noisy,42,24,1,0.41740330308675766,128,3.286601424217224,128,0.18258896470069885,128,0.7933179289102554,128,0.20668204873800278,128,0.04807032085955143,128,-0.571095734834671,128,0.6185514777898788,128,1.0,128,1.0,128,0.0,128,18.0,128,0.42354749143123627,128,-1.8469355702400208,128,-0.8375997096300125,128
noisy,42,24,2,0.4871734380722046,128,12.725830554962158,128,0.706990584731102,128,0.024313961155712605,128,0.9756860285997391,128,0.47665727138519287,128,0.19790823757648468,128,0.6560840606689453,128,18.0,128,0.6111111044883728,128,0.3529411852359772,128,6.0,128,0.9190278202295303,128,0.6671992987394333,128,0.2050560712814331,128
noisy,42,24,3,0.31938402354717255,128,5.107079446315765,128,0.28372663632035255,128,0.5772634297609329,128,0.4227365404367447,128,0.1067464966326952,128,-0.3550412505865097,128,0.7941703200340271,128,1.0,128,1.0,128,0.0,128,18.0,128,0.5468910038471222,128,-1.6069321036338806,128,-0.7513615787029266,128
noisy,42,24,4,0.2924896329641342,128,7.043693542480469,128,0.3913163021206856,128,0.4283740743994713,128,0.5716259628534317,128,0.18817445635795593,128,-0.2061518281698227,128,0.9333605766296387,128,1.0,128,1.0,128,0.0,128,18.0,128,0.6009640395641327,128,-1.7365801930427551,128,-0.7923459857702255,128
noisy,42,24,5,0.2510419934988022,128,4.190537393093109,128,0.23280763253569603,128,0.6727419197559357,128,0.32725806534290314,128,0.057742660865187645,128,-0.45051972568035126,128,0.7515420466661453,128,1.0,128,1.0,128,0.0,128,18.0,128,0.4110692963004112,128,-1.7679382860660553,128,-0.8576992303133011,128
noisy,42,24,6,0.5079760700464249,128,4.861425161361694,128,0.2700791731476784,128,0.6682352125644684,128,0.331764779984951,128,0.12111696600914001,128,-0.4460130110383034,128,0.7076041102409363,128,1.0,128,1.0,128,0.0,128,18.0,128,0.6133266389369965,128,-1.7051076591014862,128,-0.5655521899461746,128
noisy,42,24,7,0.6183189451694489,128,3.881317436695099,128,0.2156287468969822,128,0.7297179996967316,128,0.27028200030326843,128,0.059255811385810375,128,-0.507495790719986,128,0.6578899770975113,128,1.0,128,1.0,128,0.0,128,18.0,128,0.5563022196292877,128,-1.650649219751358,128,-0.7319497466087341,128
noisy,42,24,8,0.6234540045261383,128,4.7601141929626465,128,0.2644507959485054,128,0.6262039542198181,128,0.3737960532307625,128,0.08837363682687283,128,-0.4039817377924919,128,0.7486930787563324,128,1.0,128,1.0,128,0.0,128,18.0,128,0.4508799687027931,128,-1.5691033899784088,128,-0.6980264186859131,128
noisy,42,24,9,0.4223974496126175,128,5.307215690612793,128,0.294845312833786,128,0.6013288348913193,128,0.39867115765810013,128,0.099540451541543,128,-0.37910663336515427,128,0.8009631186723709,128,1.0,128,1.0,128,0.0,128,18.0,128,0.6075375378131866,128,-1.70731720328331,128,-0.7646424770355225,128
noisy,42,24,10,0.7375345826148987,128,4.311444997787476,128,0.2395247220993042,128,0.6854844093322754,128,0.314515583217144,128,0.07370338588953018,128,-0.463262215256691,128,0.7098168432712555,128,1.0,128,1.0,128,0.0,128,18.0,128,0.5370126515626907,128,-1.7588781416416168,128,-0.7254383862018585,128
noisy,42,24,11,0.6308007389307022,128,4.97987425327301,128,0.27665967494249344,128,0.6258980333805084,128,0.37410199642181396,128,0.08674410730600357,128,-0.40367579460144043,128,0.739674523472786,128,1.0,128,1.0,128,0.0,128,18.0,128,0.5749949961900711,128,-1.5953477323055267,128,-0.699504017829895,128
noisy,42,25,0,0.2356652058660984,128,4.823793172836304,128,0.26798851042985916,128,0.6211019456386566,128,0.3788980767130852,128,0.08793899230659008,128,-0.3988797143101692,128,0.7742932587862015,128,1.0,128,1.0,128,0.0,128,18.0,128,0.47633033245801926,128,-1.6409858465194702,128,-0.7593871653079987,128
noisy,42,25,1,0.4336188808083534,128,4.2058409452438354,128,0.2336578294634819,128,0.7333466410636902,128,0.2666533552110195,128,0.06705649476498365,128,-0.5111244469881058,128,0.6402073949575424,128,1.0,128,1.0,128,0.0,128,18.0,128,0.5095489397644997,128,-1.6691878139972687,128,-0.6922449916601181,128
noisy,42,25,2,0.3823801502585411,128,3.8046407103538513,128,0.21136892586946487,128,0.753818541765213,128,0.24618148058652878,128,0.045543513260781765,128,-0.5315963178873062,128,0.6531751155853271,128,1.0,128,1.0,128,0.0,128,18.0,128,0.46234749257564545,128,-1.6765367984771729,128,-0.7671784609556198,128
noisy,42,25,3,0.2891215831041336,128,4.026891052722931,128,0.22371617332100868,128,0.7385518848896027,128,0.26144813001155853,128,0.06478507444262505,128,-0.5163296461105347,128,0.6706274449825287,128,1.0,128,1.0,128,0.0,128,18.0,128,0.4852531626820564,128,-1.6973452270030975,128,-0.7501454949378967,128
noisy,42,25,4,0.27942540496587753,128,4.96393895149231,128,0.27577438950538635,128,0.6219271570444107,128,0.3780728429555893,128,0.06022514123469591,128,-0.3997049480676651,128,0.712082639336586,128,1.0,128,1.0,128,0.0,128,18.0,128,0.4557226523756981,128,-1.5377791225910187,128,-0.6853648126125336,128
noisy,42,25,5,0.2777872756123543,128,7.12373411655426,128,0.39576300233602524,128,0.38804973661899567,128,0.6119503080844879,128,0.18159088119864464,128,-0.16582748293876648,128,0.9362613260746002,128,1.0,128,1.0,128,0.0,128,18.0,128,0.4473942369222641,128,-1.4247351288795471,128,-0.7211557179689407,128
noisy,42,25,6,0.4261307343840599,128,9.197181701660156,128,0.5109545439481735,128,0.10581514239311218,128,0.894184872508049,128,0.2515745162963867,128,0.11640708148479462,128,0.7475368976593018,128,6.0,128,0.8888888955116272,128,0.11764705926179886,128,6.0,128,0.7513206899166107,128,0.1430821232497692,128,-0.14378219470381737,128
noisy,42,25,7,0.8826675266027451,128,13.717931032180786,128,0.7621072828769684,128,0.005546957021579146,128,0.9944530874490738,128,0.49031738191843033,128,0.2166752964258194,128,0.5713857114315033,128,18.0,128,0.3333333432674408,128,0.29411765933036804,128,6.0,128,0.9442117065191269,128,0.8090936094522476,128,0.2743731364607811,128
noisy,42,25,8,0.26785624772310257,128,3.8863831758499146,128,0.2159101739525795,128,0.7393325120210648,128,0.26066750288009644,128,0.03786788694560528,128,-0.5171103030443192,128,0.6537607461214066,128,1.0,128,1.0,128,0.0,128,18.0,128,0.5307847708463669,128,-1.6670597195625305,128,-0.7928747683763504,128
noisy,42,25,9,0.40293072164058685,128,10.99700140953064,128,0.6109445244073868,128,0.05319431237876415,128,0.9468056857585907,128,0.32215694338083267,128,0.1690278947353363,128,0.7313475161790848,128,17.75,128,0.6944444477558136,128,0.3529411852359772,128,6.0,128,0.912358969449997,128,0.5480687618255615,128,0.07491819374263287,128
noisy,42,25,10,0.2607412189245224,128,5.820830464363098,128,0.3233794718980789,128,0.5488253980875015,128,0.45117460936307907,128,0.16513829678297043,128,-0.3266031816601753,128,0.8490267246961594,128,1.0,128,1.0,128,0.0,128,18.0,128,0.6714472472667694,128,-1.8141718208789825,128,-0.7056352347135544,128
noisy,42,25,11,0.24476436525583267,128,4.493958353996277,128,0.24966435134410858,128,0.6621053367853165,128,0.33789466321468353,128,0.07244650647044182,128,-0.43988312780857086,128,0.7223869860172272,128,1.0,128,1.0,128,0.0,128,18.0,128,0.4618019685149193,128,-1.5468647181987762,128,-0.75405153632164,128
noisy,42,26,0,0.33517204970121384,128,7.890591025352478,128,0.438366174697876,128,0.3448990285396576,128,0.6551009714603424,128,0.24305753037333488,128,-0.12267681956291199,128,0.9558402895927429,128,1.0,128,1.0,128,0.0,128,18.0,128,0.4629080891609192,128,-1.3464247584342957,128,-0.6162592023611069,128
noisy,42,26,1,0.3418310359120369,128,9.213409900665283,128,0.5118561089038849,128,0.22484972700476646,128,0.7751502990722656,128,0.24991603940725327,128,-0.0026274919509887695,128,0.9100627601146698,128,9.5,128,1.0,128,0.0,128,6.0,128,0.44228629022836685,128,-0.23689309135079384,128,-0.20086519792675972,128
noisy,42,26,2,0.19161131232976913,128,3.2119155526161194,128,0.17843975126743317,128,0.7658442109823227,128,0.23415577039122581,128,0.026400134433060884,128,-0.5436220318078995,128,0.6120612323284149,128,1.0,128,1.0,128,0.0,128,18.0,128,0.4689400792121887,128,-1.6458509862422943,128,-0.8579033315181732,128
noisy,42,26,3,0.2257131077349186,128,7.395594477653503,128,0.4108663573861122,128,0.380614310503006,128,0.6193856745958328,128,0.20984642952680588,128,-0.15839211642742157,128,0.9493656158447266,128,1.0,128,1.0,128,0.0,128,18.0,128,0.6009326577186584,128,-1.5829331576824188,128,-0.7668934315443039,128
noisy,42,26,4,0.43474140018224716,128,10.649015426635742,128,0.5916119813919067,128,0.1322133783251047,128,0.8677866160869598,128,0.3690781965851784,128,0.09000882506370544,128,0.7900511473417282,128,18.0,128,1.0,128,0.0,128,6.0,128,0.8329382538795471,128,0.1462693102657795,128,-0.045282287523150444,128
noisy,42,26,5,0.3078666105866432,128,7.756410241127014,128,0.43091168254613876,128,0.3547396659851074,128,0.6452603489160538,128,0.22769564762711525,128,-0.13251744210720062,128,0.7975957691669464,128,1.0,128,1.0,128,0.0,128,6.0,128,0.5632812082767487,128,-0.585102379322052,128,-0.2963096424937248,128
noisy,42,26,6,0.20835062116384506,128,3.9853119254112244,128,0.2214062176644802,128,0.709055170416832,128,0.2909448519349098,128,0.07166460901498795,128,-0.4868329390883446,128,0.6904407292604446,128,1.0,128,1.0,128,0.0,128,18.0,128,0.6013188660144806,128,-1.7827047109603882,128,-0.7446679174900055,128
noisy,42,26,7,0.3431532382965088,128,8.981282234191895,128,0.49896012991666794,128,0.2708117887377739,128,0.7291882187128067,128,0.2702970653772354,128,-0.04858957231044769,128,0.8256860673427582,128,5.0,128,1.0,128,0.0,128,6.0,128,0.6900679767131805,128,-0.4163294658064842,128,-0.19559289515018463,128
noisy,42,26,8,0.2622518315911293,128,3.162051796913147,128,0.17566954344511032,128,0.7924592196941376,128,0.20754077285528183,128,0.02125939493998885,128,-0.570237010717392,128,0.5958706438541412,128,1.0,128,1.0,128,0.0,128,18.0,128,0.47230611741542816,128,-1.5578929781913757,128,-0.7983931452035904,128
noisy,42,26,9,0.2233332209289074,128,4.99436891078949,128,0.27746494114398956,128,0.6143414825201035,128,0.38565855473279953,128,0.07870485261082649,128,-0.39211923629045486,128,0.7478038668632507,128,1.0,128,1.0,128,0.0,128,18.0,128,0.5035385414958,128,-1.4869531691074371,128,-0.6700816005468369,128
noisy,42,26,10,0.6119793206453323,128,11.153542041778564,128,0.6196412295103073,128,0.2056124024093151,128,0.7943875789642334,128,0.4617719203233719,128,0.016609787940979004,128,0.7508526295423508,128,18.0,128,1.0,128,0.0,128,6.0,128,0.5894099920988083,128,-0.1705636903643608,128,-0.05990475416183472,128
noisy,42,26,11,0.21435867249965668,128,4.843026161193848,128,0.2690570130944252,128,0.5818846225738525,128,0.41811539977788925,128,0.07073605433106422,128,-0.35966239124536514,128,0.7223349362611771,128,1.5,128,1.0,128,0.0,128,18.0,128,0.44833748787641525,128,-1.353729099035263,128,-0.6922251582145691,128
noisy,42,27,0,0.26385902613401413,128,7.199288368225098,128,0.399960458278656,128,0.4125734642148018,128,0.5874265283346176,128,0.19811248779296875,128,-0.19035126268863678,128,0.9245460778474808,128,1.0,128,1.0,128,0.0,128,18.0,128,0.5976277440786362,128,-1.6198251843452454,128,-0.7118136584758759,128
noisy,42,27,1,0.1995566450059414,128,7.324724316596985,128,0.4069291278719902,128,0.4808613732457161,128,0.5191386342048645,128,0.277350977063179,128,-0.2586391568183899,128,0.9100547432899475,128,1.0,128,1.0,128,0.0,128,18.0,128,0.8442726582288742,128,-1.8042473495006561,128,-0.4148622825741768,128
noisy,42,27,2,0.15867874398827553,128,1.8057820498943329,128,0.10032122395932674,128,0.9443883895874023,128,0.05561162903904915,128,0.007230336661450565,128,-0.7221661657094955,128,0.3907497152686119,128,1.0,128,1.0,128,0.0,128,18.0,128,0.5301312059164047,128,-1.8811672925949097,128,-0.8313608467578888,128
noisy,42,27,3,0.2115180380642414,128,4.988970160484314,128,0.2771650105714798,128,0.6253885924816132,128,0.37461140006780624,128,0.13193295896053314,128,-0.40316639095544815,128,0.7394325435161591,128,1.0,128,1.0,128,0.0,128,18.0,128,0.7068577408790588,128,-1.5804317891597748,128,-0.645810917019844,128
noisy,42,27,4,0.17291542887687683,128,8.019265174865723,128,0.4455147311091423,128,0.354915015399456,128,0.6450850069522858,128,0.2616114616394043,128,-0.13269278407096863,128,0.9756924510002136,128,1.0,128,1.0,128,0.0,128,18.0,128,0.4986540377140045,128,-1.9319223165512085,128,-0.7367700934410095,128
noisy,42,27,5,0.21202702820301056,128,8.120553731918335,128,0.4511418789625168,128,0.3602910339832306,128,0.6397089660167694,128,0.26377425342798233,128,-0.13806882500648499,128,0.9697007983922958,128,1.0,128,1.0,128,0.0,128,18.0,128,0.5451140403747559,128,-1.7808005213737488,128,-0.6553027480840683,128
noisy,42,27,6,0.5673341006040573,128,12.938788890838623,128,0.7188216000795364,128,0.02085726149380207,128,0.9791427701711655,128,0.5084968656301498,128,0.20136497914791107,128,0.604297935962677,128,18.0,128,1.0,128,0.0,128,6.0,128,0.8534207195043564,128,0.46264617145061493,128,0.03961974149569869,128
noisy,42,27,7,0.5907865464687347,128,13.176261186599731,128,0.7320145219564438,128,0.03045244002714753,128,0.9695475697517395,128,0.5605977475643158,128,0.1917697787284851,128,0.6126268357038498,128,18.0,128,1.0,128,0.0,128,6.0,128,0.8197036534547806,128,0.6323326826095581,128,0.08693980984389782,128
noisy,42,27,8,0.15915480256080627,128,4.301331639289856,128,0.23896286636590958,128,0.6830829232931137,128,0.3169170543551445,128,0.035831356421113014,128,-0.4608607366681099,128,0.7393494248390198,128,1.0,128,1.0,128,0.0,128,18.0,128,0.5093984007835388,128,-1.6288523375988007,128,-0.8634859472513199,128
noisy,42,27,9,0.42910171300172806,128,6.71889865398407,128,0.373272143304348,128,0.39996739476919174,128,0.6000326126813889,128,0.14314236864447594,128,-0.17774517834186554,128,0.7787294387817383,128,1.0,128,1.0,128,0.0,128,6.0,128,0.49272047728300095,128,-0.5920220613479614,128,-0.4457260072231293,128
noisy,42,27,10,0.33115318417549133,128,9.293330669403076,128,0.5162961557507515,128,0.12013100646436214,128,0.8798689842224121,128,0.22596313431859016,128,0.10209119319915771,128,0.7539499998092651,128,5.25,128,1.0,128,0.0,128,6.0,128,0.8446347564458847,128,0.1383193749934435,128,-0.07918394915759563,128
noisy,42,27,11,0.4090835005044937,128,4.616510033607483,128,0.25647277384996414,128,0.49995365738868713,128,0.5000463202595711,128,0.020611568354070187,128,-0.2777314707636833,128,0.5524764209985733,128,1.0,128,1.0,128,0.0,128,18.0,128,0.5105225592851639,128,-1.0114123672246933,128,-0.6445649862289429,128
noisy,42,28,0,0.049302924424409866,128,1.0425185561180115,128,0.05791769828647375,128,0.9992230534553528,128,0.0007769479125272483,128,0.0001260893823200604,128,-0.7770008444786072,128,0.05511982645839453,128,1.0,128,1.0,128,0.0,128,6.0,128,0.47323887050151825,128,-1.5483744442462921,128,-0.7935087829828262,128
noisy,42,28,1,0.20968081057071686,128,1.6380282640457153,128,0.09100157022476196,128,0.9330221563577652,128,0.0669778399169445,128,0.013510528719052672,128,-0.7107999473810196,128,0.24029551818966866,128,1.0,128,1.0,128,0.0,128,6.0,128,0.4272914081811905,128,-1.3943447768688202,128,-0.6479258686304092,128
noisy,42,28,2,0.11760731786489487,128,4.196589708328247,128,0.2331438735127449,128,0.7017307430505753,128,0.29826925694942474,128,0.06984802521765232,128,-0.47950853407382965,128,0.7677612006664276,128,1.0,128,1.0,128,0.0,128,18.0,128,0.41385624557733536,128,-1.9534058272838593,128,-0.9082550704479218,128
noisy,42,28,3,0.15178242325782776,128,6.595276951789856,128,0.3664042726159096,128,0.4431941360235214,128,0.5568058788776398,128,0.15188201516866684,128,-0.22097191214561462,128,0.9308030158281326,128,1.0,128,1.0,128,0.0,128,18.0,128,0.5099555850028992,128,-1.7811207175254822,128,-0.8757618218660355,128
noisy,42,28,4,0.17273705825209618,128,7.58243989944458,128,0.4212466701865196,128,0.36272334307432175,128,0.6372766494750977,128,0.20688587799668312,128,-0.14050114154815674,128,0.9638162553310394,128,4.0,128,1.0,128,0.0,128,18.0,128,0.6681899428367615,128,-1.6772025525569916,128,-0.799015685915947,128
noisy,42,28,5,0.3092897906899452,128,11.135724067687988,128,0.6186513453722,128,0.15137330070137978,128,0.8486267328262329,128,0.41909898817539215,128,0.07084894180297852,128,0.8325470238924026,128,18.0,128,1.0,128,0.0,128,6.0,128,0.83086296916008,128,0.41064419597387314,128,0.10734091140329838,128
noisy,42,28,6,0.5556183457374573,128,12.673441171646118,128,0.7040800601243973,128,0.06732889078557491,128,0.9326710999011993,128,0.513656958937645,128,0.15489330887794495,128,0.6672951728105545,128,18.0,128,1.0,128,0.0,128,6.0,128,0.7719942629337311,128,0.14407886564731598,128,-0.044083892833441496,128
noisy,42,28,7,0.1634538620710373,128,8.739921569824219,128,0.4855512008070946,128,0.3561943769454956,128,0.6438056230545044,128,0.3393794670701027,128,-0.13397216796875,128,0.970127522945404,128,1.0,128,1.0,128,0.0,128,18.0,128,0.7562840431928635,128,-1.754558950662613,128,-0.24172088876366615,128
noisy,42,28,8,0.7993002682924271,128,16.350475311279297,128,0.9083597362041473,128,2.9795055311865326e-08,128,0.9999999701976776,128,0.7610499560832977,128,0.22222217917442322,128,0.3067135587334633,128,18.0,128,1.0,128,0.0,128,6.0,128,0.8642092496156693,128,0.9788433760404587,128,0.45887771248817444,128
noisy,42,28,9,0.2608678601682186,128,4.84771192073822,128,0.2693173289299011,128,0.6335829645395279,128,0.3664170056581497,128,0.09628401137888432,128,-0.4113607853651047,128,0.7384398430585861,128,1.0,128,1.0,128,0.0,128,18.0,128,0.5767975300550461,128,-1.5167019367218018,128,-0.6802997589111328,128
noisy,42,28,10,0.362975649535656,128,13.091273546218872,128,0.7272929847240448,128,0.023134611546993256,128,0.976865366101265,128,0.4737906977534294,128,0.19908757507801056,128,0.6425255388021469,128,18.0,128,0.9444444179534912,128,0.11764705926179886,128,6.0,128,0.9509950131177902,128,0.5530690997838974,128,0.18745309114456177,128
noisy,42,28,11,0.8855478167533875,128,17.89204978942871,128,0.9940027743577957,128,0.0,128,1.0,128,0.9859785884618759,128,0.2222222089767456,128,0.04808412492275238,128,18.0,128,1.0,128,0.0,128,6.0,128,0.8812275528907776,128,1.0252665579319,128,0.42041124403476715,128
noisy,42,29,0,0.7148199677467346,128,11.431190490722656,128,0.6350661367177963,128,0.1333056464791298,128,0.8666943609714508,128,0.4389859735965729,128,0.08891656994819641,128,0.7756947576999664,128,18.0,128,1.0,128,0.0,128,6.0,128,0.7138448804616928,128,0.04763502907007933,128,-0.06508959084749222,128
noisy,42,29,1,0.1757846400141716,128,7.78887939453125,128,0.4327155202627182,128,0.393605001270771,128,0.606395035982132,128,0.25581664592027664,128,-0.17138275504112244,128,0.9511147439479828,128,1.0,128,1.0,128,0.0,128,18.0,128,0.5660319775342941,128,-1.820458173751831,128,-0.624530091881752,128
noisy,42,29,2,0.7579716295003891,128,16.550509452819824,128,0.9194727540016174,128,0.00417969049885869,128,0.9958203136920929,128,0.8567897975444794,128,0.2180425226688385,128,0.37185046076774597,128,18.0,128,1.0,128,0.0,128,6.0,128,0.6989781707525253,128,0.855766236782074,128,0.22652264311909676,128
noisy,42,29,3,0.1473456434905529,128,3.6899096965789795,128,0.20499498024582863,128,0.7351568341255188,128,0.2648431733250618,128,0.04492975492030382,128,-0.512934610247612,128,0.7102812379598618,128,1.0,128,1.0,128,0.0,128,18.0,128,0.5002828761935234,128,-1.9405439794063568,128,-0.9184142053127289,128
noisy,42,29,4,0.2648276314139366,128,6.881836771965027,128,0.3823242709040642,128,0.5114350020885468,128,0.48856499791145325,128,0.2264203242957592,128,-0.28921279311180115,128,0.846495196223259,128,1.0,128,1.0,128,0.0,128,18.0,128,0.5160669386386871,128,-1.516684651374817,128,-0.416032575070858,128
noisy,42,29,5,0.2452223151922226,128,7.281018495559692,128,0.4045010283589363,128,0.507627047598362,128,0.49237295985221863,128,0.2760482206940651,128,-0.28540483117103577,128,0.8592897653579712,128,1.0,128,1.0,128,0.0,128,18.0,128,0.6857725232839584,128,-1.5159898400306702,128,-0.3676922172307968,128
noisy,42,29,6,0.12109316140413284,128,7.730075120925903,128,0.42944861948490143,128,0.3631536066532135,128,0.6368463486433029,128,0.2308802418410778,128,-0.14093144237995148,128,0.9729116559028625,128,1.0,128,1.0,128,0.0,128,18.0,128,0.6317799687385559,128,-1.9147730767726898,128,-0.8867406994104385,128
noisy,42,29,7,0.24446062371134758,128,10.785488605499268,128,0.599193811416626,128,0.14632437005639076,128,0.8536755740642548,128,0.41117891669273376,128,0.07589778304100037,128,0.8472753316164017,128,18.0,128,1.0,128,0.0,128,6.0,128,0.7421258985996246,128,0.19869857281446457,128,0.027011106722056866,128
noisy,42,29,8,0.11994975991547108,128,4.510673642158508,128,0.25059298425912857,128,0.6737561821937561,128,0.3262437954545021,128,0.07684658095240593,128,-0.4515339955687523,128,0.7809869796037674,128,1.0,128,1.0,128,0.0,128,18.0,128,0.6647139936685562,128,-1.972770094871521,128,-0.8630752563476562,128
noisy,42,29,9,0.6868302077054977,128,3.6813496351242065,128,0.20451942458748817,128,0.8417835682630539,128,0.1582164354622364,128,0.15693463059142232,128,-0.6195613592863083,128,0.11218199320137501,128,1.0,128,1.0,128,0.0,128,6.0,128,0.8028775602579117,128,0.4466097205877304,128,0.007168698939494789,128
noisy,42,29,10,0.1715960055589676,128,10.139674663543701,128,0.5633152425289154,128,0.21476435288786888,128,0.7852356433868408,128,0.3785523772239685,128,0.007457852363586426,128,0.9297704100608826,128,18.0,128,1.0,128,0.0,128,6.0,128,0.6298529803752899,128,-0.15813091956079006,128,0.022520533297210932,128
noisy,42,29,11,0.5241198688745499,128,10.75578784942627,128,0.5975437611341476,128,0.3198387622833252,128,0.68016117811203,128,0.46149392426013947,128,-0.09761661291122437,128,0.7836079746484756,128,17.0,128,1.0,128,0.0,128,7.5,128,0.5338458567857742,128,-0.940733015537262,128,-0.11352171190083027,128
noisy,63,0,0,0.16469688341021538,128,6.400450587272644,128,0.3555805832147598,128,0.422893226146698,128,0.5771067589521408,128,0.11608016677200794,128,-0.2006710320711136,128,0.9251856058835983,128,1.0,128,0.7777777910232544,128,0.11764705926179886,128,18.0,128,0.7740449905395508,128,-1.4858985543251038,128,-0.8842208236455917,128
noisy,63,0,1,0.14949725568294525,128,3.652499735355377,128,0.20291664823889732,128,0.7860579043626785,128,0.21394211798906326,128,0.10350147262215614,128,-0.5638356655836105,128,0.6241111010313034,128,1.0,128,1.0,128,0.0,128,18.0,128,0.7131702750921249,128,-1.9153318405151367,128,-0.5784663408994675,128
noisy,63,0,2,0.198089100420475,128,9.688597202301025,128,0.5382553935050964,128,0.2197740040719509,128,0.7802259773015976,128,0.3518703803420067,128,0.0024481862783432007,128,0.9972171485424042,128,18.0,128,1.0,128,0.0,128,18.0,128,0.48135342448949814,128,0.06638656929135323,128,0.31164899468421936,128
noisy,63,0,3,0.167624082416296,128,9.436038494110107,128,0.5242243707180023,128,0.22394311800599098,128,0.7760568559169769,128,0.3261922597885132,128,-0.0017209351062774658,128,0.9992264956235886,128,8.0,128,1.0,128,0.0,128,18.0,128,0.4118683934211731,128,-0.21191243082284927,128,-0.21298236772418022,128
noisy,63,0,4,0.4232036769390106,128,13.461893558502197,128,0.7478829920291901,128,0.07071565091609955,128,0.9292843490839005,128,0.5939292013645172,128,0.15150655806064606,128,0.6580221503973007,128,18.0,128,1.0,128,0.0,128,6.0,128,0.8352229744195938,128,0.3107355311512947,128,0.0889695081859827,128
noisy,63,0,5,0.5015632286667824,128,14.65378212928772,128,0.814098984003067,128,0.03061711648479104,128,0.9693828970193863,128,0.6285430639982224,128,0.1916051059961319,128,0.6081104427576065,128,18.0,128,1.0,128,0.0,128,6.0,128,0.7537319958209991,128,0.8603897988796234,128,0.48031696677207947,128
noisy,63,0,6,0.4898344725370407,128,10.34891128540039,128,0.5749395042657852,128,0.19157345220446587,128,0.8084265291690826,128,0.4082194119691849,128,0.030648738145828247,128,0.6939870268106461,128,18.0,128,1.0,128,0.0,128,6.0,128,0.6429451406002045,128,-0.11859097704291344,128,-0.20286865159869194,128
noisy,63,0,7,0.3864019885659218,128,9.125699281692505,128,0.5069832801818848,128,0.2612464651465416,128,0.7387535274028778,128,0.29218391329050064,128,-0.03902426362037659,128,0.9549217820167542,128,5.0,128,1.0,128,0.0,128,6.0,128,0.6840971857309341,128,-0.5592198148369789,128,-0.1724027469754219,128
noisy,63,0,8,0.18544482812285423,128,9.462753295898438,128,0.5257085114717484,128,0.22574787959456444,128,0.7742521166801453,128,0.3311055675148964,128,-0.003525674343109131,128,0.9995118081569672,128,8.0,128,1.0,128,0.0,128,18.0,128,0.4506822004914284,128,-0.4559730440378189,128,-0.1623958684504032,128
noisy,63,0,9,0.2905533164739609,128,10.36125636100769,128,0.5756253600120544,128,0.2272796556353569,128,0.7727203667163849,128,0.42780958861112595,128,-0.005057424306869507,128,0.9763844013214111,128,18.0,128,0.5833333432674408,128,0.11764705926179886,128,18.0,128,0.6194358766078949,128,-0.22288502380251884,128,0.35088373720645905,128
noisy,63,0,10,0.3013508692383766,128,15.149094343185425,128,0.8416163623332977,128,0.004176052403636277,128,0.995823934674263,128,0.8380181193351746,128,0.2180461436510086,128,0.7516230642795563,128,18.0,128,1.0,128,0.0,128,18.0,128,0.5662194937467575,128,1.9157655239105225,128,0.9809974431991577,128
noisy,63,0,11,0.4242408350110054,128,12.054436206817627,128,0.6696908921003342,128,0.21726550161838531,128,0.7827344834804535,128,0.5158152878284454,128,0.004956692457199097,128,0.7045241892337799,128,18.0,128,1.0,128,0.0,128,6.0,128,0.4529772326350212,128,-0.1327179055660963,128,0.3253254070878029,128
noisy,63,1,0,0.18052837625145912,128,5.934547185897827,128,0.32969706505537033,128,0.5614582151174545,128,0.43854179233312607,128,0.17724915966391563,128,-0.3392359986901283,128,0.847878485918045,128,1.0,128,1.0,128,0.0,128,18.0,128,0.49763819575309753,128,-1.9469435214996338,128,-0.6325844377279282,128
noisy,63,1,1,0.26745400205254555,128,12.282950162887573,128,0.682386115193367,128,0.009857869008556008,128,0.9901421666145325,128,0.4256444200873375,128,0.21236437559127808,128,0.5797454416751862,128,14.5,128,0.6666666865348816,128,0.3529411852359772,128,6.0,128,0.9395337104797363,128,0.6102525144815445,128,0.18465836346149445,128
noisy,63,1,2,0.2654708996415138,128,6.125292658805847,128,0.3402940258383751,128,0.6087652742862701,128,0.39123473316431046,128,0.22778742387890816,128,-0.38654305785894394,128,0.7838641256093979,128,1.0,128,1.0,128,0.0,128,18.0,128,0.6055073291063309,128,-1.5231075584888458,128,-0.242754478007555,128
noisy,63,1,3,0.2690690904855728,128,8.537898540496826,128,0.4743276983499527,128,0.42833826690912247,128,0.5716617107391357,128,0.37960078567266464,128,-0.20611608028411865,128,0.8549354523420334,128,1.0,128,1.0,128,0.0,128,18.0,128,0.822125181555748,128,-1.22197225689888,128,-0.11710622161626816,128
noisy,63,1,4,0.2603396028280258,128,4.173886299133301,128,0.23188257589936256,128,0.725094273686409,128,0.274905726313591,128,0.10947800800204277,128,-0.5028720647096634,128,0.5962675511837006,128,1.0,128,1.0,128,0.0,128,9.0,128,0.3873736560344696,128,-1.3933564722537994,128,-0.5423727035522461,128
noisy,63,1,5,0.12438995391130447,128,9.605143070220947,128,0.5336190611124039,128,0.2198767326772213,128,0.7801232784986496,128,0.33358775824308395,128,0.0023454874753952026,128,0.988458976149559,128,18.0,128,1.0,128,0.0,128,9.0,128,0.7078674137592316,128,-0.0701619703322649,128,0.01091723283752799,128
noisy,63,1,6,0.18867191299796104,128,13.810502290725708,128,0.767250120639801,128,0.06278105638921261,128,0.9372189342975616,128,0.7044940739870071,128,0.15944114327430725,128,0.8051270246505737,128,16.0,128,0.7222222089767456,128,0.1764705926179886,128,12.0,128,0.4898908734321594,128,0.9033902734518051,128,0.7904160916805267,128
noisy,63,1,7,0.1726008802652359,128,6.664144039154053,128,0.37023022770881653,128,0.3292821943759918,128,0.6707177758216858,128,0.10966204479336739,128,-0.1070600152015686,128,0.9062425047159195,128,5.5,128,1.0,128,0.0,128,18.0,128,0.9104441255331039,128,-0.9973006844520569,128,-0.7956157326698303,128
noisy,63,1,8,0.32579972594976425,128,13.131182193756104,128,0.7295101135969162,128,0.03254997218027711,128,0.9674500375986099,128,0.5560377687215805,128,0.18967224657535553,128,0.6016234755516052,128,18.0,128,1.0,128,0.0,128,6.0,128,0.9158358424901962,128,0.3333641439676285,128,0.1164690013974905,128
noisy,63,1,9,0.33525823056697845,128,10.587996244430542,128,0.58822201192379,128,0.25913507491350174,128,0.74086494743824,128,0.4486524239182472,128,-0.03691284358501434,128,0.9013095200061798,128,16.0,128,1.0,128,0.0,128,6.0,128,0.6147252023220062,128,-0.6868461072444916,128,0.08538360521197319,128
noisy,63,1,10,0.16223075985908508,128,8.929136276245117,128,0.49606312811374664,128,0.3058442696928978,128,0.6941557079553604,128,0.31290004402399063,128,-0.08362208306789398,128,0.967754676938057,128,1.0,128,1.0,128,0.0,128,18.0,128,0.5656741484999657,128,-1.0795343965291977,128,-0.32505905628204346,128
noisy,63,1,11,0.15015214309096336,128,6.550015449523926,128,0.36388974636793137,128,0.45766180008649826,128,0.5423381924629211,128,0.15061384811997414,128,-0.23543959856033325,128,0.9071727097034454,128,1.0,128,1.0,128,0.0,128,18.0,128,0.47578345239162445,128,-1.5957480669021606,128,-0.7866481989622116,128
noisy,63,2,0,0.18411720916628838,128,7.808981418609619,128,0.4338323026895523,128,0.3998522311449051,128,0.6001477688550949,128,0.24691874906420708,128,-0.17763002216815948,128,0.955887496471405,128,1.0,128,1.0,128,0.0,128,18.0,128,0.509534165263176,128,-1.9479597508907318,128,-0.677913025021553,128
noisy,63,2,1,0.1561485193669796,128,7.770172595977783,128,0.4316762611269951,128,0.40916111320257187,128,0.5908388644456863,128,0.2734382525086403,128,-0.18693892657756805,128,0.9481046944856644,128,1.0,128,1.0,128,0.0,128,18.0,128,0.5282890498638153,128,-1.8612497746944427,128,-0.519013799726963,128
noisy,63,2,2,0.18958713486790657,128,6.117734789848328,128,0.33987415581941605,128,0.5142930448055267,128,0.48570700734853745,128,0.1507885903120041,128,-0.29207078367471695,128,0.9024702906608582,128,3.0,128,1.0,128,0.0,128,18.0,128,0.814227819442749,128,-1.9268862903118134,128,-0.8429412841796875,128
noisy,63,2,3,0.5867707431316376,128,13.08981704711914,128,0.727212056517601,128,0.07066493853926659,128,0.9293350875377655,128,0.5498397797346115,128,0.1515572965145111,128,0.6674292087554932,128,18.0,128,1.0,128,0.0,128,6.0,128,0.9120112061500549,128,0.36213652789592743,128,0.15718242898583412,128
noisy,63,2,4,0.6397763192653656,128,14.459182262420654,128,0.8032879084348679,128,0.047646522521972656,128,0.9523534774780273,128,0.7310494184494019,128,0.17457568645477295,128,0.5394565612077713,128,17.0,128,1.0,128,0.0,128,6.0,128,0.8622321933507919,128,0.5136920884251595,128,0.31320274621248245,128
noisy,63,2,5,0.1321749910712242,128,7.122472167015076,128,0.3956928998231888,128,0.35848483443260193,128,0.6415151506662369,128,0.18629537895321846,128,-0.13626264035701752,128,0.8043032586574554,128,8.0,128,0.8055555522441864,128,0.23529412597417831,128,6.0,128,0.8834229856729507,128,-0.8005124479532242,128,-0.43974871188402176,128
noisy,63,2,6,0.205389104783535,128,9.358829021453857,128,0.5199349522590637,128,0.25218386575579643,128,0.7478161305189133,128,0.32705917209386826,128,-0.029961660504341125,128,0.983826071023941,128,1.0,128,1.0,128,0.0,128,9.0,128,0.4995231181383133,128,-0.43458181619644165,128,0.023053103126585484,128
noisy,63,2,7,0.5110455751419067,128,12.65938115119934,128,0.703298956155777,128,0.1647489033639431,128,0.8352510780096054,128,0.620995357632637,128,0.05747328698635101,128,0.6807001084089279,128,18.0,128,1.0,128,0.0,128,6.0,128,0.5627773404121399,128,-0.15175231732428074,128,0.060226084664464,128
noisy,63,2,8,0.3669148162007332,128,9.589014530181885,128,0.5327230244874954,128,0.2714536339044571,128,0.7285463213920593,128,0.3798527792096138,128,-0.04923146963119507,128,0.7737721502780914,128,18.0,128,1.0,128,0.0,128,6.0,128,0.51931943744421,128,-0.2814647275954485,128,-0.2035427987575531,128
noisy,63,2,9,0.13224269449710846,128,8.372164011001587,128,0.46512022614479065,128,0.31546323001384735,128,0.684536799788475,128,0.25888581573963165,128,-0.09324099123477936,128,0.9478561580181122,128,3.0,128,1.0,128,0.0,128,6.0,128,0.5696818679571152,128,-0.9305307865142822,128,-0.3734387680888176,128
noisy,63,2,10,0.26127270609140396,128,9.447698831558228,128,0.5248721539974213,128,0.1254506129771471,128,0.8745493590831757,128,0.24469076469540596,128,0.09677156805992126,128,0.8030450940132141,128,6.0,128,1.0,128,0.0,128,6.0,128,0.8195446729660034,128,0.2855931185185909,128,-0.10198436677455902,128
noisy,63,2,11,0.5115281566977501,128,8.369866847991943,128,0.46499260514974594,128,0.32682716101408005,128,0.6731728464365005,128,0.28477662801742554,128,-0.10460494458675385,128,0.8560352921485901,128,1.0,128,1.0,128,0.0,128,6.0,128,0.584770530462265,128,-0.7046866863965988,128,-0.21246512234210968,128
noisy,63,3,0,0.6414291858673096,128,14.558059453964233,128,0.808781087398529,128,0.029773050919175148,128,0.9702269434928894,128,0.6350365877151489,128,0.192449152469635,128,0.5962444096803665,128,18.0,128,1.0,128,0.0,128,6.0,128,0.7337692826986313,128,1.0071406662464142,128,0.4947815537452698,128
noisy,63,3,1,0.2150558903813362,128,8.332393169403076,128,0.4629107266664505,128,0.3295513316988945,128,0.6704486310482025,128,0.24488594755530357,128,-0.10732915997505188,128,0.9455473572015762,128,1.0,128,0.9722222089767456,128,0.05882352963089943,128,7.5,128,0.44657864421606064,128,-1.0294914096593857,128,-0.3487842157483101,128
noisy,63,3,2,0.3037893623113632,128,8.110483884811401,128,0.45058243721723557,128,0.09442644938826561,128,0.9055735170841217,128,0.17268209159374237,128,0.1277957260608673,128,0.6517625749111176,128,5.0,128,0.8611111044883728,128,0.205882353708148,128,6.0,128,0.7876353710889816,128,-0.1816358007490635,128,-0.11798966489732265,128
noisy,63,3,3,0.2072456069290638,128,8.673540115356445,128,0.4818633422255516,128,0.27262169122695923,128,0.7273783087730408,128,0.211896862834692,128,-0.05039948225021362,128,0.9558682590723038,128,10.0,128,1.0,128,0.0,128,9.0,128,0.531618595123291,128,-0.7487188577651978,128,-0.3929041624069214,128
noisy,63,3,4,0.4082639291882515,128,13.536709070205688,128,0.7520394027233124,128,0.007167868549004197,128,0.992832139134407,128,0.5531927347183228,128,0.21505434811115265,128,0.5434621721506119,128,18.0,128,0.763888880610466,128,0.29411765187978745,128,6.0,128,0.9365624785423279,128,0.6472186893224716,128,0.1423838958144188,128
noisy,63,3,5,0.180559441447258,128,5.294768571853638,128,0.2941538095474243,128,0.6154516786336899,128,0.3845483213663101,128,0.12816227227449417,128,-0.3932294696569443,128,0.844459742307663,128,1.5,128,1.0,128,0.0,128,18.0,128,0.6169212460517883,128,-2.0703741312026978,128,-0.8119280189275742,128
noisy,63,3,6,0.22360169515013695,128,6.671783804893494,128,0.3706546574831009,128,0.4259309023618698,128,0.5740690976381302,128,0.13676497712731361,128,-0.2037086933851242,128,0.9259981960058212,128,2.0,128,1.0,128,0.0,128,18.0,128,0.637903243303299,128,-1.5271251201629639,128,-0.8890439718961716,128
noisy,63,3,7,0.6545075923204422,128,17.359534740447998,128,0.9644186049699783,128,0.0008421876773354597,128,0.9991577863693237,128,0.9451702386140823,128,0.22137999534606934,128,0.19405237212777138,128,18.0,128,1.0,128,0.0,128,6.0,128,0.7983332276344299,128,0.9710664302110672,128,0.2743457406759262,128
noisy,63,3,8,0.2664484642446041,128,7.469694137573242,128,0.41498301178216934,128,0.39201123267412186,128,0.6079887449741364,128,0.2017502300441265,128,-0.16978904604911804,128,0.9432904273271561,128,1.0,128,1.0,128,0.0,128,18.0,128,0.49583906680345535,128,-1.749022752046585,128,-0.6844229996204376,128
noisy,63,3,9,0.358914852142334,128,9.712157964706421,128,0.5395643264055252,128,0.253730833530426,128,0.746269166469574,128,0.3841036930680275,128,-0.03150862455368042,128,0.9694768339395523,128,10.5,128,1.0,128,0.0,128,18.0,128,0.6119083017110825,128,-0.5418338626623154,128,0.13692831620573997,128
noisy,63,3,10,0.23197780922055244,128,7.844512939453125,128,0.4358062669634819,128,0.3832889720797539,128,0.6167110353708267,128,0.24311468750238419,128,-0.16106675565242767,128,0.9565441757440567,128,1.0,128,1.0,128,0.0,128,18.0,128,0.5123516470193863,128,-1.8591367304325104,128,-0.634521484375,128
noisy,63,3,11,0.32901572436094284,128,7.832745790481567,128,0.4351525530219078,128,0.36688995361328125,128,0.6331100314855576,128,0.2269209623336792,128,-0.14466775953769684,128,0.9542497098445892,128,1.0,128,1.0,128,0.0,128,9.0,128,0.45562127977609634,128,-1.4446620345115662,128,-0.5419640764594078,128
noisy,63,4,0,0.43641994148492813,128,11.670470952987671,128,0.6483595073223114,128,0.17559656873345375,128,0.8244034498929977,128,0.5585064440965652,128,0.04662565886974335,128,0.9056535214185715,128,17.0,128,1.0,128,0.0,128,18.0,128,0.6026406735181808,128,0.3783991262316704,128,0.5141918808221817,128
noisy,63,4,1,0.20560353249311447,128,5.896890640258789,128,0.3276050388813019,128,0.4920933395624161,128,0.5079066455364227,128,0.10677574388682842,128,-0.26987114548683167,128,0.8900072425603867,128,2.0,128,1.0,128,0.0,128,18.0,128,0.6136145740747452,128,-1.7169422209262848,128,-0.9200998544692993,128
noisy,63,4,2,0.3123401254415512,128,6.720757007598877,128,0.37337538599967957,128,0.5054078698158264,128,0.4945921003818512,128,0.19832905754446983,128,-0.2831856906414032,128,0.7913284450769424,128,1.0,128,1.0,128,0.0,128,12.0,128,0.5087142959237099,128,-1.2394665777683258,128,-0.3782663941383362,128
noisy,63,4,3,0.6148228645324707,128,6.37856125831604,128,0.3543645143508911,128,0.6275579035282135,128,0.3724421188235283,128,0.2649194672703743,128,-0.4053356721997261,128,0.36366115510463715,128,1.0,128,1.0,128,0.0,128,6.0,128,0.7722351551055908,128,-0.06874490063637495,128,-0.19849680364131927,128
noisy,63,4,4,0.36719100922346115,128,11.048903465270996,128,0.6138279736042023,128,0.142002297565341,128,0.8579977005720139,128,0.37743453681468964,128,0.08021990954875946,128,0.8274933099746704,128,18.0,128,1.0,128,0.0,128,6.0,128,0.7595658451318741,128,-0.04826527275145054,128,0.0945549476891756,128
noisy,63,4,5,0.6513893157243729,128,14.132283449172974,128,0.7851268649101257,128,0.10271712951362133,128,0.8972828984260559,128,0.6856671124696732,128,0.11950510740280151,128,0.5865757316350937,128,18.0,128,1.0,128,0.0,128,6.0,128,0.808258131146431,128,0.23287775740027428,128,0.1880113184452057,128
noisy,63,4,6,0.23418857157230377,128,8.00342309474945,128,0.4446346163749695,128,0.36745455861091614,128,0.6325454562902451,128,0.2648923695087433,128,-0.14523233473300934,128,0.9761460870504379,128,1.0,128,1.0,128,0.0,128,18.0,128,0.5165152624249458,128,-2.0681960582733154,128,-0.7540631741285324,128
noisy,63,4,7,0.27346673607826233,128,7.5460364818573,128,0.41922425478696823,128,0.39768756926059723,128,0.6023124307394028,128,0.22219138965010643,128,-0.17546536028385162,128,0.9438550919294357,128,1.0,128,1.0,128,0.0,128,18.0,128,0.5057094320654869,128,-1.6241918504238129,128,-0.6461930871009827,128
noisy,63,4,8,0.3403584435582161,128,10.85042929649353,128,0.6028016358613968,128,0.17640453577041626,128,0.8235954493284225,128,0.4727502837777138,128,0.04581765830516815,128,0.9658922106027603,128,16.5,128,1.0,128,0.0,128,18.0,128,0.595718577504158,128,0.3994954004883766,128,0.5724107921123505,128
noisy,63,4,9,0.23429164290428162,128,9.26481819152832,128,0.5147121399641037,128,0.24089813604950905,128,0.7591018825769424,128,0.2814537435770035,128,-0.01867590844631195,128,0.9720503091812134,128,10.0,128,0.9166666567325592,128,0.0882352963089943,128,6.0,128,0.6677720993757248,128,-0.36231502145528793,128,-0.11811141856014729,128
noisy,63,4,10,0.2762424424290657,128,6.903087377548218,128,0.38350486010313034,128,0.4970226064324379,128,0.5029773786664009,128,0.22011297941207886,128,-0.2748004123568535,128,0.9146954417228699,128,1.0,128,1.0,128,0.0,128,18.0,128,0.5816216766834259,128,-1.942223995923996,128,-0.5969243347644806,128
noisy,63,4,11,0.31820039451122284,128,9.301243305206299,128,0.5167357325553894,128,0.2873028516769409,128,0.7126971632242203,128,0.3605966866016388,128,-0.06508062779903412,128,0.9476943761110306,128,9.0,128,1.0,128,0.0,128,18.0,128,0.5596239268779755,128,-0.8731043636798859,128,-0.11921494640409946,128
noisy,63,5,0,0.22018305957317352,128,3.6785892844200134,128,0.204366073012352,128,0.7380190342664719,128,0.26198096573352814,128,0.07102905213832855,128,-0.5157968327403069,128,0.6756519824266434,128,1.0,128,1.0,128,0.0,128,18.0,128,0.5689845234155655,128,-1.6715973913669586,128,-0.6287395805120468,128
noisy,63,5,1,0.528260663151741,128,10.120482683181763,128,0.5622490346431732,128,0.26749254390597343,128,0.7325074672698975,128,0.4271731451153755,128,-0.045270323753356934,128,0.6924139261245728,128,18.0,128,1.0,128,0.0,128,6.0,128,0.7847068905830383,128,-0.07896321825683117,128,-0.07319559901952744,128
noisy,63,5,2,0.6099755316972733,128,16.850409984588623,128,0.9361338913440704,128,0.008824510732665658,128,0.9911755174398422,128,0.873394638299942,128,0.21339772641658783,128,0.2663358710706234,128,18.0,128,0.7777777761220932,128,0.23529411852359772,128,6.0,128,0.8381534516811371,128,0.6798463463783264,128,0.1726491041481495,128
noisy,63,5,3,0.24072924256324768,128,10.183364629745483,128,0.5657424777746201,128,0.19727757573127747,128,0.8027223944664001,128,0.3870362415909767,128,0.024944603443145752,128,0.9901193678379059,128,17.0,128,1.0,128,0.0,128,13.5,128,0.44918448477983475,128,0.6659189313650131,128,0.5560860931873322,128
noisy,63,5,4,0.3976242393255234,128,14.932087182998657,128,0.8295604139566422,128,0.0363392336294055,128,0.963660791516304,128,0.6774431318044662,128,0.18588300049304962,128,0.5639762580394745,128,18.0,128,0.8055555522441864,128,0.23529411852359772,128,6.0,128,0.7353755831718445,128,0.898565486073494,128,0.3683307245373726,128
noisy,63,5,5,0.1765749417245388,128,6.569922924041748,128,0.36499572545289993,128,0.5608166605234146,128,0.4391833543777466,128,0.23850537091493607,128,-0.3385944366455078,128,0.8696183860301971,128,1.0,128,1.0,128,0.0,128,18.0,128,0.7539064288139343,128,-1.9305884838104248,128,-0.45006613433361053,128
noisy,63,5,6,0.4917624369263649,128,13.364347696304321,128,0.7424637675285339,128,0.16244018077850342,128,0.8375598341226578,128,0.6676507592201233,128,0.05978204309940338,128,0.6562163382768631,128,18.0,128,1.0,128,0.0,128,6.0,128,0.5059954896569252,128,-0.290627870708704,128,0.04633288469631225,128
noisy,63,5,7,0.2506009228527546,128,2.460080325603485,128,0.13667113333940506,128,0.8659353405237198,128,0.134064681828022,128,0.035833558067679405,128,-0.6437131017446518,128,0.47347328811883926,128,1.0,128,1.0,128,0.0,128,18.0,128,0.6301298886537552,128,-1.7366268336772919,128,-0.6948967128992081,128
noisy,63,5,8,0.2560718022286892,128,9.365039825439453,128,0.5202799886465073,128,0.22763899713754654,128,0.7723609954118729,128,0.30381451547145844,128,-0.005416795611381531,128,0.9758038520812988,128,7.75,128,1.0,128,0.0,128,9.0,128,0.46956872195005417,128,-0.07057969272136688,128,-0.10976948030292988,128
noisy,63,5,9,0.716651126742363,128,12.747888565063477,128,0.7082160413265228,128,0.055608004331588745,128,0.9443919956684113,128,0.5011105686426163,128,0.16661420464515686,128,0.7222947329282761,128,17.0,128,1.0,128,0.0,128,6.0,128,0.8499298691749573,128,0.907879114151001,128,0.39107633382081985,128
noisy,63,5,10,0.3043048530817032,128,3.076673686504364,128,0.1709263138473034,128,0.7931448668241501,128,0.20685511082410812,128,0.07423157058656216,128,-0.5709226876497269,128,0.4765610098838806,128,1.0,128,1.0,128,0.0,128,6.0,128,0.759053573012352,128,-1.0180970579385757,128,-0.481122650206089,128
noisy,63,5,11,0.469646655023098,128,12.18022608757019,128,0.6766792386770248,128,0.1570528708398342,128,0.8429471552371979,128,0.5081250667572021,128,0.06516936421394348,128,0.7732920199632645,128,18.0,128,1.0,128,0.0,128,6.0,128,0.7622188776731491,128,0.038997077848762274,128,0.13729240372776985,128
noisy,63,6,0,0.32163410633802414,128,8.40062165260315,128,0.4667012095451355,128,0.362152561545372,128,0.6378474533557892,128,0.3046293184161186,128,-0.1399303376674652,128,0.9151172190904617,128,1.0,128,1.0,128,0.0,128,18.0,128,0.4819517731666565,128,-1.0993872731924057,128,-0.20876791700720787,128
noisy,63,6,1,0.2747223228216171,128,8.215051889419556,128,0.4563917741179466,128,0.33482489734888077,128,0.6651751399040222,128,0.2594413012266159,128,-0.11260265111923218,128,0.9781243354082108,128,2.0,128,1.0,128,0.0,128,18.0,128,0.5221525728702545,128,-1.6355726718902588,128,-0.7135910540819168,128
noisy,63,6,2,0.3020096644759178,128,7.657164573669434,128,0.4253980293869972,128,0.47075601667165756,128,0.529243990778923,128,0.287224218249321,128,-0.24853380024433136,128,0.8821810036897659,128,1.0,128,1.0,128,0.0,128,18.0,128,0.5776556134223938,128,-1.5458674728870392,128,-0.2670682594180107,128
noisy,63,6,3,0.2856292128562927,128,7.953589677810669,128,0.44186609238386154,128,0.3084455877542496,128,0.6915544122457504,128,0.22137506678700447,128,-0.08622337877750397,128,0.9572627544403076,128,3.25,128,1.0,128,0.0,128,18.0,128,0.5178802162408829,128,-1.1590634882450104,128,-0.7100919783115387,128
noisy,63,6,4,0.261029914021492,128,5.660332560539246,128,0.31446292251348495,128,0.49679701030254364,128,0.5032029673457146,128,0.09527753293514252,128,-0.2745748236775398,128,0.8721418976783752,128,2.0,128,1.0,128,0.0,128,18.0,128,0.6242102086544037,128,-1.6337599456310272,128,-0.9155770093202591,128
noisy,63,6,5,0.2570371851325035,128,8.746006727218628,128,0.4858892634510994,128,0.30373910814523697,128,0.696260929107666,128,0.308796226978302,128,-0.08151686191558838,128,0.978597030043602,128,1.0,128,1.0,128,0.0,128,18.0,128,0.6726950854063034,128,-1.3658026456832886,128,-0.42384079843759537,128
noisy,63,6,6,0.247098907828331,128,9.758812189102173,128,0.5421562492847443,128,0.210130225867033,128,0.7898698151111603,128,0.34155993163585663,128,0.012092024087905884,128,0.9864022731781006,128,15.0,128,1.0,128,0.0,128,9.0,128,0.49415173381567,128,0.19330153241753578,128,0.14086598716676235,128
noisy,63,6,7,0.31035199016332626,128,8.615171909332275,128,0.47862065583467484,128,0.36527105420827866,128,0.6347289085388184,128,0.33160120993852615,128,-0.14304888248443604,128,0.908139780163765,128,1.0,128,1.0,128,0.0,128,18.0,128,0.49571163207292557,128,-0.988602802157402,128,-0.2122885137796402,128
noisy,63,6,8,0.27270685136318207,128,7.278727293014526,128,0.40437374264001846,128,0.42540786415338516,128,0.574592113494873,128,0.22156507149338722,128,-0.20318567752838135,128,0.9249542355537415,128,1.0,128,1.0,128,0.0,128,18.0,128,0.4632681608200073,128,-1.476342797279358,128,-0.612170860171318,128
noisy,63,6,9,0.3354584723711014,128,8.543802738189697,128,0.47465571016073227,128,0.3675106540322304,128,0.6324893534183502,128,0.3063720315694809,128,-0.14528843760490417,128,0.8741420060396194,128,1.0,128,1.0,128,0.0,128,12.0,128,0.4976491704583168,128,-0.9429613649845123,128,-0.23599869012832642,128
noisy,63,6,10,0.3602571338415146,128,9.086239576339722,128,0.5047910958528519,128,0.26792988926172256,128,0.7320701330900192,128,0.3246782273054123,128,-0.04570765793323517,128,0.9679971784353256,128,8.25,128,1.0,128,0.0,128,18.0,128,0.46989262104034424,128,-0.7194418162107468,128,-0.16340258158743382,128
noisy,63,6,11,0.5149966031312943,128,12.306446552276611,128,0.6836914718151093,128,0.11046673357486725,128,0.8895332366228104,128,0.5225233510136604,128,0.11175544559955597,128,0.721172496676445,128,18.0,128,0.0,128,0.0,128,6.0,128,0.8714343011379242,128,0.21376846730709076,128,0.12625802308321,128
noisy,63,7,0,0.49528253078460693,128,11.949142932891846,128,0.6638412773609161,128,0.17769506946206093,128,0.8223049640655518,128,0.5018714368343353,128,0.04452717304229736,128,0.6900586485862732,128,18.0,128,1.0,128,0.0,128,6.0,128,0.7062433809041977,128,0.018602279480546713,128,0.05778302066028118,128
noisy,63,7,1,0.17039288952946663,128,4.041034400463104,128,0.22450191155076027,128,0.6802521646022797,128,0.31974782794713974,128,0.03468879871070385,128,-0.45802996307611465,128,0.7687420099973679,128,1.0,128,1.0,128,0.0,128,18.0,128,0.6156903654336929,128,-1.7536690533161163,128,-0.9507177621126175,128
noisy,63,7,2,0.3581007421016693,128,9.376313924789429,128,0.5209063291549683,128,0.2969743385910988,128,0.7030256539583206,128,0.35183728486299515,128,-0.07475213706493378,128,0.9472575485706329,128,1.0,128,1.0,128,0.0,128,12.0,128,0.45055200159549713,128,-0.5539067462086678,128,0.10624252166599035,128
noisy,63,7,3,0.5139259546995163,128,8.477018356323242,128,0.47094546258449554,128,0.3839176297187805,128,0.6160823404788971,128,0.2991688549518585,128,-0.1616954505443573,128,0.714447021484375,128,1.0,128,0.5277777910232544,128,0.3088235408067703,128,6.0,128,0.6291088610887527,128,-0.577568843960762,128,-0.17899629846215248,128
noisy,63,7,4,0.3170078918337822,128,6.846894383430481,128,0.3803830221295357,128,0.5179327800869942,128,0.48206721246242523,128,0.2385021559894085,128,-0.29571057856082916,128,0.8061110973358154,128,1.0,128,1.0,128,0.0,128,18.0,128,0.44603443890810013,128,-1.2534317672252655,128,-0.27093907445669174,128
noisy,63,7,5,0.29416198283433914,128,7.739545464515686,128,0.4299747496843338,128,0.30621642619371414,128,0.6937835812568665,128,0.1905422806739807,128,-0.08399420976638794,128,0.9434850364923477,128,5.25,128,1.0,128,0.0,128,18.0,128,0.5114869475364685,128,-0.9665642380714417,128,-0.6292317062616348,128
noisy,63,7,6,0.2570231966674328,128,7.390924334526062,128,0.41060690581798553,128,0.4002014994621277,128,0.5997985005378723,128,0.2028881050646305,128,-0.17797929048538208,128,0.9357262700796127,128,1.0,128,1.0,128,0.0,128,12.0,128,0.3998008519411087,128,-1.4092514514923096,128,-0.6327778697013855,128
noisy,63,7,7,0.1842978335916996,128,3.8092949390411377,128,0.21162749826908112,128,0.7359323054552078,128,0.2640676870942116,128,0.06752454303205013,128,-0.5137100964784622,128,0.6988108605146408,128,1.0,128,1.0,128,0.0,128,18.0,128,0.5473090559244156,128,-1.9304569363594055,128,-0.8061887621879578,128
noisy,63,7,8,0.7144445031881332,128,12.033661127090454,128,0.6685367226600647,128,0.030396913178265095,128,0.9696030914783478,128,0.42238885909318924,128,0.19182530045509338,128,0.8061964809894562,128,17.0,128,1.0,128,0.0,128,6.0,128,0.6934492439031601,128,1.621454805135727,128,0.5555370599031448,128
noisy,63,7,9,0.3196364492177963,128,8.519568920135498,128,0.47330939024686813,128,0.3070078268647194,128,0.6929921954870224,128,0.2616377882659435,128,-0.084785595536232,128,0.9667897671461105,128,4.0,128,1.0,128,0.0,128,9.0,128,0.41881154477596283,128,-0.984619751572609,128,-0.50030068308115,128
noisy,63,7,10,0.25424183905124664,128,8.921821355819702,128,0.49565673619508743,128,0.2709323689341545,128,0.7290676832199097,128,0.3048607185482979,128,-0.04871010780334473,128,0.9887233972549438,128,2.0,128,1.0,128,0.0,128,12.150000035762787,128,0.42067713290452957,128,-1.1061919033527374,128,-0.4221121110022068,128
noisy,63,7,11,0.27581795305013657,128,7.4491660594940186,128,0.4138425514101982,128,0.3971273899078369,128,0.6028726249933243,128,0.22565047815442085,128,-0.17490516602993011,128,0.953665629029274,128,1.0,128,1.0,128,0.0,128,18.0,128,0.4577450081706047,128,-1.8031578063964844,128,-0.7500309944152832,128
noisy,63,8,0,0.3523702621459961,128,6.104854464530945,128,0.3391585797071457,128,0.553261935710907,128,0.446738064289093,128,0.2017807438969612,128,-0.3310397267341614,128,0.7620090991258621,128,1.0,128,1.0,128,0.0,128,18.0,128,0.6053612530231476,128,-1.3044436872005463,128,-0.43312712013721466,128
noisy,63,8,1,0.18717056885361671,128,4.612738132476807,128,0.25626322999596596,128,0.6977112740278244,128,0.3022887408733368,128,0.12643609754741192,128,-0.4754890501499176,128,0.7145620286464691,128,1.0,128,1.0,128,0.0,128,18.0,128,0.5047242864966393,128,-1.7741029858589172,128,-0.5299896448850632,128
noisy,63,8,2,0.34324297308921814,128,10.427522420883179,128,0.5793067961931229,128,0.21694178134202957,128,0.7830582112073898,128,0.4016326665878296,128,0.005280420184135437,128,0.9263610690832138,128,1.0,128,1.0,128,0.0,128,18.0,128,0.45699259638786316,128,0.21298283524811268,128,0.4006679803133011,128
noisy,63,8,3,0.35304106026887894,128,5.346033453941345,128,0.2970018535852432,128,0.6658639311790466,128,0.33413606882095337,128,0.1905546374619007,128,-0.443641722202301,128,0.6293385028839111,128,1.0,128,1.0,128,0.0,128,18.0,128,0.49244755506515503,128,-1.2645810544490814,128,-0.24950746819376945,128
noisy,63,8,4,0.39839787781238556,128,7.746398091316223,128,0.4303554445505142,128,0.5176029652357101,128,0.48239701986312866,128,0.3309784084558487,128,-0.29538077116012573,128,0.7125788629055023,128,1.0,128,1.0,128,0.0,128,18.0,128,0.6586471498012543,128,-1.1647121012210846,128,-0.10188947804272175,128
noisy,63,8,5,0.3626241758465767,128,9.742701768875122,128,0.5412612110376358,128,0.2892312966287136,128,0.7107686996459961,128,0.3885350972414017,128,-0.0670090913772583,128,0.6938357204198837,128,9.5,128,0.9444444179534912,128,0.11764705926179886,128,6.0,128,0.6753634810447693,128,-0.18243359262123704,128,-0.09696497023105621,128
noisy,63,8,6,0.4013935327529907,128,10.632349252700806,128,0.5906860679388046,128,0.15404503419995308,128,0.8459549397230148,128,0.4039823040366173,128,0.06817714869976044,128,0.9761677980422974,128,13.0,128,1.0,128,0.0,128,18.0,128,0.45287224650382996,128,1.2225352823734283,128,0.633390873670578,128
noisy,63,8,7,0.17959194630384445,128,4.793871164321899,128,0.2663261741399765,128,0.702684298157692,128,0.29731569439172745,128,0.13820713944733143,128,-0.48046209663152695,128,0.7636060863733292,128,1.0,128,1.0,128,0.0,128,18.0,128,0.6321138292551041,128,-2.070936858654022,128,-0.5949112325906754,128
noisy,63,8,8,0.18426227197051048,128,6.578558683395386,128,0.36547547578811646,128,0.45822255313396454,128,0.5417774617671967,128,0.17257831618189812,128,-0.23600032925605774,128,0.924641951918602,128,1.0,128,1.0,128,0.0,128,18.0,128,0.5975789874792099,128,-1.890280157327652,128,-0.8328514248132706,128
noisy,63,8,9,0.2547055035829544,128,7.483133912086487,128,0.41572966426610947,128,0.40353696048259735,128,0.5964630544185638,128,0.2339380979537964,128,-0.18131473660469055,128,0.9352065175771713,128,1.0,128,1.0,128,0.0,128,18.0,128,0.5815131515264511,128,-1.5751347541809082,128,-0.5865059942007065,128
noisy,63,8,10,0.38737884163856506,128,7.1586527824401855,128,0.3977029323577881,128,0.5481631755828857,128,0.45183682441711426,128,0.30824389308691025,128,-0.32594096660614014,128,0.6984388381242752,128,1.0,128,1.0,128,0.0,128,18.0,128,0.6092735826969147,128,-1.1211208701133728,128,-0.15180452913045883,128
noisy,63,8,11,0.3109181821346283,128,3.8475741147994995,128,0.21375411748886108,128,0.6926571428775787,128,0.30734287202358246,128,0.060658784583210945,128,-0.47043492645025253,128,0.5763749778270721,128,1.0,128,1.0,128,0.0,128,7.5,128,0.3816719129681587,128,-1.2483283877372742,128,-0.5616038143634796,128
noisy,63,9,0,0.3478194996714592,128,7.067532896995544,128,0.39264070987701416,128,0.49963904917240143,128,0.500360943377018,128,0.2544303201138973,128,-0.2774168476462364,128,0.8477286547422409,128,1.0,128,1.0,128,0.0,128,18.0,128,0.5785348862409592,128,-1.3624144196510315,128,-0.25804197788238525,128
noisy,63,9,1,0.35925907641649246,128,9.032743215560913,128,0.5018190816044807,128,0.28475262224674225,128,0.715247392654419,128,0.3056207224726677,128,-0.06253039836883545,128,0.9491826295852661,128,1.5,128,1.0,128,0.0,128,9.0,128,0.4069294035434723,128,-0.6686339527368546,128,-0.15745597332715988,128
noisy,63,9,2,0.33052119612693787,128,8.976109504699707,128,0.4986727461218834,128,0.29879384487867355,128,0.7012061923742294,128,0.31315115094184875,128,-0.07657159864902496,128,0.9714382439851761,128,3.0,128,1.0,128,0.0,128,18.0,128,0.4607607051730156,128,-1.060135379433632,128,-0.2803010046482086,128
noisy,63,9,3,0.5047629177570343,128,7.306830644607544,128,0.40593502670526505,128,0.4156615734100342,128,0.584338441491127,128,0.22657282277941704,128,-0.19343934953212738,128,0.8550187349319458,128,1.75,128,1.0,128,0.0,128,18.0,128,0.5492039769887924,128,-1.1614232659339905,128,-0.3573133945465088,128
noisy,63,9,4,0.43167855590581894,128,11.923811912536621,128,0.662433996796608,128,0.2131890319287777,128,0.7868109345436096,128,0.5441742092370987,128,0.009033143520355225,128,0.6603790074586868,128,18.0,128,0.8333333283662796,128,0.205882353708148,128,6.0,128,0.6740017831325531,128,-0.11381672322750092,128,0.020015167072415352,128
noisy,63,9,5,0.30113745480775833,128,8.590662717819214,128,0.4772590473294258,128,0.28129029273986816,128,0.7187097072601318,128,0.24906540662050247,128,-0.05906808376312256,128,0.9851477146148682,128,1.0,128,1.0,128,0.0,128,9.0,128,0.43891314417123795,128,-1.1130744814872742,128,-0.6648633480072021,128
noisy,63,9,6,0.4920700639486313,128,7.912793159484863,128,0.4395996183156967,128,0.3903077244758606,128,0.6096922606229782,128,0.27995703741908073,128,-0.16808553040027618,128,0.9083817899227142,128,2.0,128,1.0,128,0.0,128,18.0,128,0.5374176502227783,128,-1.126808688044548,128,-0.30900296941399574,128
noisy,63,9,7,0.23242466524243355,128,6.279273867607117,128,0.34884854406118393,128,0.5236258208751678,128,0.47637418657541275,128,0.1821444071829319,128,-0.30140360444784164,128,0.8973553031682968,128,1.0,128,1.0,128,0.0,128,18.0,128,0.612988293170929,128,-2.006973445415497,128,-0.7467212378978729,128
noisy,63,9,8,0.33387773483991623,128,8.31185519695282,128,0.461769737303257,128,0.282683327794075,128,0.7173167020082474,128,0.23282044753432274,128,-0.06046108901500702,128,0.812726616859436,128,1.0,128,1.0,128,0.0,128,6.0,128,0.513754166662693,128,0.06322351843118668,128,-0.1948374453932047,128
noisy,63,9,9,0.3979204446077347,128,6.560245156288147,128,0.3644580617547035,128,0.5117115080356598,128,0.4882884845137596,128,0.19948242232203484,128,-0.2894893065094948,128,0.7984653115272522,128,1.0,128,1.0,128,0.0,128,9.0,128,0.3935419097542763,128,-1.0871762931346893,128,-0.3063581883907318,128
noisy,63,9,10,0.29142169654369354,128,7.187031626701355,128,0.39927954226732254,128,0.47896216064691544,128,0.5210378468036652,128,0.25278498977422714,128,-0.25673994421958923,128,0.9027979820966721,128,1.0,128,1.0,128,0.0,128,18.0,128,0.5751492083072662,128,-1.72786745429039,128,-0.43042218685150146,128
noisy,63,9,11,0.33311135321855545,128,9.224002122879028,128,0.5124445483088493,128,0.207687396556139,128,0.7923125624656677,128,0.30465682595968246,128,0.01453477144241333,128,0.9768934547901154,128,7.5,128,1.0,128,0.0,128,13.5,128,0.48300793766975403,128,0.1689910776913166,128,-0.16729181492701173,128
noisy,63,10,0,0.31642232835292816,128,6.5672831535339355,128,0.3648490682244301,128,0.49168435484170914,128,0.5083156377077103,128,0.16807490587234497,128,-0.26946215331554413,128,0.863824725151062,128,1.0,128,1.0,128,0.0,128,9.0,128,0.43640751391649246,128,-1.4237911105155945,128,-0.4939558655023575,128
noisy,63,10,1,0.3824576959013939,128,7.112436890602112,128,0.39513538777828217,128,0.39299122989177704,128,0.607008770108223,128,0.19512052461504936,128,-0.17076902091503143,128,0.9039566367864609,128,2.0,128,1.0,128,0.0,128,18.0,128,0.43170101195573807,128,-1.2992840111255646,128,-0.5604158788919449,128
noisy,63,10,2,0.24290678277611732,128,7.742605447769165,128,0.4301447421312332,128,0.3727990537881851,128,0.6272009313106537,128,0.2383815161883831,128,-0.1505768597126007,128,0.9358892291784286,128,1.5,128,1.0,128,0.0,128,13.5,128,0.3906271308660507,128,-1.3178455233573914,128,-0.5154044330120087,128
noisy,63,10,3,0.2840704843401909,128,6.506863117218018,128,0.361492395401001,128,0.537351056933403,128,0.4626489356160164,128,0.22185533866286278,128,-0.315128855407238,128,0.8420846611261368,128,1.0,128,1.0,128,0.0,128,18.0,128,0.6017174571752548,128,-1.5584748089313507,128,-0.3639444187283516,128
noisy,63,10,4,0.31401191651821136,128,8.434929847717285,128,0.46860721707344055,128,0.28649459034204483,128,0.7135054022073746,128,0.27082037925720215,128,-0.06427238881587982,128,0.9718798398971558,128,4.25,128,1.0,128,0.0,128,18.0,128,0.43610601872205734,128,-0.9550489187240601,128,-0.49409330636262894,128
noisy,63,10,5,0.3264041319489479,128,8.271111726760864,128,0.45950620621442795,128,0.2790638245642185,128,0.720936194062233,128,0.2233041115105152,128,-0.05684159696102142,128,0.9354272782802582,128,5.25,128,1.0,128,0.0,128,18.0,128,0.44333096593618393,128,-0.6267973780632019,128,-0.4633772149682045,128
noisy,63,10,6,0.27664342522621155,128,7.631144046783447,128,0.42395244538784027,128,0.4573313444852829,128,0.5426686629652977,128,0.2982085719704628,128,-0.2351091280579567,128,0.8828586637973785,128,1.0,128,1.0,128,0.0,128,18.0,128,0.7766404151916504,128,-1.425980567932129,128,-0.2698618024587631,128
noisy,63,10,7,0.29637055844068527,128,8.705804586410522,128,0.48365581035614014,128,0.3291955590248108,128,0.6708044409751892,128,0.33335747569799423,128,-0.10697335004806519,128,0.9677166789770126,128,1.0,128,1.0,128,0.0,128,18.0,128,0.6192045360803604,128,-1.378395438194275,128,-0.24001125618815422,128
noisy,63,10,8,0.4021202400326729,128,11.152714252471924,128,0.6195952296257019,128,0.22766302153468132,128,0.7723369747400284,128,0.5142864435911179,128,-0.005440816283226013,128,0.910587340593338,128,17.0,128,1.0,128,0.0,128,18.0,128,0.6722153574228287,128,-0.1182861402630806,128,0.4596441760659218,128
noisy,63,10,9,0.3666941151022911,128,11.349547624588013,128,0.6305304318666458,128,0.2623065933585167,128,0.7376933991909027,128,0.5315652191638947,128,-0.040084391832351685,128,0.785210520029068,128,17.0,128,1.0,128,0.0,128,18.0,128,0.5806240737438202,128,-0.4906429871916771,128,0.20963207632303238,128
noisy,63,10,10,0.36730725318193436,128,7.48452091217041,128,0.41580671817064285,128,0.41130343079566956,128,0.5886965692043304,128,0.2337920293211937,128,-0.18908122181892395,128,0.8771357834339142,128,2.0,128,1.0,128,0.0,128,18.0,128,0.46330903470516205,128,-1.2065459489822388,128,-0.29634399712085724,128
noisy,63,10,11,0.2320355363190174,128,5.754096627235413,128,0.31967203319072723,128,0.5773949325084686,128,0.4226050451397896,128,0.1680830791592598,128,-0.3551727458834648,128,0.8524503856897354,128,1.0,128,1.0,128,0.0,128,18.0,128,0.49733109772205353,128,-1.9655831456184387,128,-0.6759831309318542,128
noisy,63,11,0,0.4274013563990593,128,8.228678226470947,128,0.4571487829089165,128,0.27768639475107193,128,0.7223136276006699,128,0.23135633021593094,128,-0.055464163422584534,128,0.936506450176239,128,6.0,128,1.0,128,0.0,128,18.0,128,0.4240839406847954,128,-0.6053728014230728,128,-0.43148909509181976,128
noisy,63,11,1,0.40252359211444855,128,7.033998727798462,128,0.39077769964933395,128,0.3630124628543854,128,0.6369875371456146,128,0.15011322125792503,128,-0.14079025387763977,128,0.9249325096607208,128,4.0,128,1.0,128,0.0,128,18.0,128,0.45205507427453995,128,-1.0908753275871277,128,-0.7318809330463409,128
noisy,63,11,2,0.28946255147457123,128,6.511274456977844,128,0.3617374747991562,128,0.5404510200023651,128,0.4595489874482155,128,0.23208879306912422,128,-0.3182288035750389,128,0.8409387320280075,128,1.0,128,1.0,128,0.0,128,18.0,128,0.5719886720180511,128,-1.6002970933914185,128,-0.4598413035273552,128
noisy,63,11,3,0.3026265874505043,128,6.276359915733337,128,0.34868666529655457,128,0.5408356189727783,128,0.4591643884778023,128,0.18595631420612335,128,-0.3186134025454521,128,0.7867213785648346,128,1.0,128,1.0,128,0.0,128,9.0,128,0.3685745447874069,128,-1.2326849699020386,128,-0.36270853877067566,128
noisy,63,11,4,0.2529635727405548,128,7.054370403289795,128,0.3919094651937485,128,0.5107731968164444,128,0.4892268031835556,128,0.24972549453377724,128,-0.2885509878396988,128,0.8302285820245743,128,1.0,128,1.0,128,0.0,128,18.0,128,0.580922394990921,128,-1.4355514645576477,128,-0.34589454531669617,128
noisy,63,11,5,0.27902114391326904,128,6.743082761764526,128,0.37461571395397186,128,0.46235794574022293,128,0.5376420617103577,128,0.19961323961615562,128,-0.24013572931289673,128,0.9076737016439438,128,1.0,128,1.0,128,0.0,128,18.0,128,0.534648060798645,128,-1.6376120746135712,128,-0.6565492004156113,128
noisy,63,11,6,0.3332619369029999,128,7.896686315536499,128,0.43870479613542557,128,0.30678699165582657,128,0.6932129859924316,128,0.2220965400338173,128,-0.08456480503082275,128,0.930097907781601,128,4.0,128,1.0,128,0.0,128,12.0,128,0.37586434930562973,128,-0.9256813526153564,128,-0.46369244158267975,128
noisy,63,11,7,0.3604370877146721,128,7.92970085144043,128,0.4405389353632927,128,0.33355334401130676,128,0.6664466857910156,128,0.22811995074152946,128,-0.11133110523223877,128,0.968824177980423,128,2.0,128,1.0,128,0.0,128,9.0,128,0.377472922205925,128,-1.3014000952243805,128,-0.6826851069927216,128
noisy,63,11,8,0.29753127694129944,128,8.022258281707764,128,0.44568101316690445,128,0.38312868028879166,128,0.6168713271617889,128,0.26110877096652985,128,-0.16090646386146545,128,0.9255400449037552,128,1.0,128,1.0,128,0.0,128,13.5,128,0.40227771550416946,128,-1.2114761769771576,128,-0.335948146879673,128
noisy,63,11,9,0.507629930973053,128,7.243847608566284,128,0.4024359807372093,128,0.45105210691690445,128,0.5489479154348373,128,0.23407124355435371,128,-0.22882987558841705,128,0.8187955319881439,128,1.0,128,0.8611111044883728,128,0.11764706019312143,128,6.0,128,0.44955282658338547,128,-0.8455044478178024,128,-0.290919978171587,128
noisy,63,11,10,0.3409959524869919,128,9.339590311050415,128,0.5188661366701126,128,0.2667929008603096,128,0.7332071363925934,128,0.349819079041481,128,-0.04457065463066101,128,0.9718419313430786,128,5.25,128,1.0,128,0.0,128,18.0,128,0.43140972405672073,128,-0.68651182949543,128,-0.07840742403641343,128
noisy,63,11,11,0.3078029900789261,128,8.248551368713379,128,0.45825285464525223,128,0.3011748790740967,128,0.6988251060247421,128,0.22941318526864052,128,-0.07895268499851227,128,0.9539562463760376,128,3.5,128,1.0,128,0.0,128,13.5,128,0.3661685809493065,128,-0.9107694327831268,128,-0.5211928114295006,128
noisy,63,12,0,0.22175534442067146,128,5.243804216384888,128,0.2913224548101425,128,0.6524217277765274,128,0.3475782796740532,128,0.16240641847252846,128,-0.4301995113492012,128,0.7758365273475647,128,1.0,128,1.0,128,0.0,128,18.0,128,0.5837335735559464,128,-1.8910895884037018,128,-0.5622678995132446,128
noisy,63,12,1,0.24960556998848915,128,7.00191605091095,128,0.38899534195661545,128,0.4023177921772003,128,0.5976822227239609,128,0.17174308374524117,128,-0.18009556829929352,128,0.9122662991285324,128,2.0,128,1.0,128,0.0,128,18.0,128,0.3811895623803139,128,-1.3260770440101624,128,-0.653717041015625,128
noisy,63,12,2,0.39663074165582657,128,5.764345169067383,128,0.32024139910936356,128,0.6200625449419022,128,0.37993747740983963,128,0.19613495841622353,128,-0.39784031361341476,128,0.7312249541282654,128,1.0,128,0.6944444477558136,128,0.1764705888926983,128,18.0,128,0.6774515956640244,128,-1.5503791272640228,128,-0.39472755789756775,128
noisy,63,12,3,0.40614446997642517,128,9.48639178276062,128,0.5270217508077621,128,0.30208027362823486,128,0.6979197263717651,128,0.36788108944892883,128,-0.07985806465148926,128,0.8226509839296341,128,7.0,128,1.0,128,0.0,128,6.0,128,0.5247787907719612,128,-0.3917132019996643,128,-0.06979771330952644,128
noisy,63,12,4,0.2648596316576004,128,7.759606719017029,128,0.43108926713466644,128,0.3624797612428665,128,0.6375202536582947,128,0.23423178866505623,128,-0.14025753736495972,128,0.9473364651203156,128,2.0,128,1.0,128,0.0,128,18.0,128,0.42411158233880997,128,-1.3935897648334503,128,-0.6139959245920181,128
noisy,63,12,5,0.29615985602140427,128,8.82400393486023,128,0.49022243916988373,128,0.28041935712099075,128,0.7195806354284286,128,0.291078120470047,128,-0.058197155594825745,128,0.9817709475755692,128,1.0,128,1.0,128,0.0,128,9.0,128,0.375847689807415,128,-0.9265591949224472,128,-0.361368328332901,128
noisy,63,12,6,0.20397426187992096,128,4.058148741722107,128,0.2254527062177658,128,0.7100464552640915,128,0.28995349258184433,128,0.08252826519310474,128,-0.48782429844141006,128,0.7070896774530411,128,1.0,128,1.0,128,0.0,128,18.0,128,0.5489406734704971,128,-1.843572050333023,128,-0.7247434258460999,128
noisy,63,12,7,0.1452597714960575,128,3.064195454120636,128,0.1702330820262432,128,0.8210913240909576,128,0.17890868708491325,128,0.05866974778473377,128,-0.598869115114212,128,0.5709834545850754,128,1.0,128,1.0,128,0.0,128,18.0,128,0.5283909440040588,128,-1.8446931838989258,128,-0.633984163403511,128
noisy,63,12,8,0.2778363525867462,128,3.3709511160850525,128,0.18727505952119827,128,0.7752736508846283,128,0.2247263416647911,128,0.05055819731205702,128,-0.5530514568090439,128,0.5963222980499268,128,1.0,128,1.0,128,0.0,128,13.5,128,0.4172428324818611,128,-1.6903557479381561,128,-0.6911277621984482,128
noisy,63,12,9,0.3003343194723129,128,5.801568150520325,128,0.32230933755636215,128,0.5644015371799469,128,0.4355984553694725,128,0.15922103449702263,128,-0.3421793356537819,128,0.8612864762544632,128,1.0,128,1.0,128,0.0,128,18.0,128,0.4347434639930725,128,-1.9412322044372559,128,-0.747488871216774,128
noisy,63,12,10,0.38980208337306976,128,7.522680878639221,128,0.41792671382427216,128,0.4512251242995262,128,0.5487748980522156,128,0.26006850972771645,128,-0.22900289297103882,128,0.7427309304475784,128,1.0,128,1.0,128,0.0,128,6.0,128,0.5041587650775909,128,-0.6036296784877777,128,-0.1837509572505951,128
noisy,63,12,11,0.20453275740146637,128,4.8073272705078125,128,0.26707373559474945,128,0.6626066416501999,128,0.3373933508992195,128,0.11520320922136307,128,-0.4403844401240349,128,0.7560735046863556,128,1.0,128,1.0,128,0.0,128,18.0,128,0.563732922077179,128,-1.7999587953090668,128,-0.6246949285268784,128
noisy,63,13,0,0.34458721429109573,128,7.487620234489441,128,0.41597890108823776,128,0.406829796731472,128,0.5931701734662056,128,0.237765334546566,128,-0.1846076175570488,128,0.8892133384943008,128,2.0,128,1.0,128,0.0,128,18.0,128,0.4974100962281227,128,-1.2502716183662415,128,-0.4098556861281395,128
noisy,63,13,1,0.3615032732486725,128,7.284900784492493,128,0.40471671521663666,128,0.43456876277923584,128,0.565431222319603,128,0.2569168582558632,128,-0.21234656870365143,128,0.8649212867021561,128,2.0,128,1.0,128,0.0,128,18.0,128,0.4275885820388794,128,-1.2429831326007843,128,-0.3395290896296501,128
noisy,63,13,2,0.23082518205046654,128,6.820307970046997,128,0.3789060041308403,128,0.47099635004997253,128,0.5290036648511887,128,0.20353880524635315,128,-0.24877412617206573,128,0.8957946002483368,128,1.0,128,1.0,128,0.0,128,18.0,128,0.4510410875082016,128,-1.5449602901935577,128,-0.5589308589696884,128
noisy,63,13,3,0.30748918652534485,128,7.557174444198608,128,0.41984303295612335,128,0.3929108753800392,128,0.6070891320705414,128,0.23916003480553627,128,-0.170688658952713,128,0.9510619193315506,128,1.0,128,1.0,128,0.0,128,18.0,128,0.4138192906975746,128,-1.6515337228775024,128,-0.5900576412677765,128
noisy,63,13,4,0.3005026578903198,128,7.784400463104248,128,0.43246669322252274,128,0.3655668646097183,128,0.6344331502914429,128,0.2305259145796299,128,-0.14334464073181152,128,0.9546577632427216,128,1.0,128,1.0,128,0.0,128,15.75,128,0.35486163944005966,128,-1.4608177840709686,128,-0.6553841531276703,128
noisy,63,13,5,0.3582285940647125,128,6.9701210260391235,128,0.38722894340753555,128,0.38777127116918564,128,0.6122287511825562,128,0.15361883491277695,128,-0.16554903984069824,128,0.9062886238098145,128,3.5,128,1.0,128,0.0,128,18.0,128,0.4228573814034462,128,-1.1990804970264435,128,-0.6558923274278641,128
noisy,63,13,6,0.31461454182863235,128,7.673509001731873,128,0.4263060539960861,128,0.3729664534330368,128,0.627033531665802,128,0.24387548491358757,128,-0.1507442593574524,128,0.9540555328130722,128,1.0,128,1.0,128,0.0,128,18.0,128,0.3852808550000191,128,-1.594723403453827,128,-0.6138155162334442,128
noisy,63,13,7,0.3261583149433136,128,6.605131506919861,128,0.36695174872875214,128,0.43533214926719666,128,0.5646678507328033,128,0.15772424265742302,128,-0.21310994029045105,128,0.8693762719631195,128,2.0,128,1.0,128,0.0,128,13.5,128,0.3947376385331154,128,-1.1990294456481934,128,-0.6471033543348312,128
noisy,63,13,8,0.23261065036058426,128,5.8068259954452515,128,0.32260145246982574,128,0.5318007469177246,128,0.4681992456316948,128,0.12594541534781456,128,-0.3095785453915596,128,0.8862118870019913,128,1.0,128,1.0,128,0.0,128,18.0,128,0.5162613242864609,128,-1.8505749106407166,128,-0.8307614922523499,128
noisy,63,13,9,0.34570278227329254,128,6.244731307029724,128,0.34692952036857605,128,0.5363445430994034,128,0.4636554718017578,128,0.170966736972332,128,-0.3141223192214966,128,0.8156041949987411,128,1.25,128,1.0,128,0.0,128,18.0,128,0.4947546720504761,128,-1.4500662684440613,128,-0.49697020649909973,128
noisy,63,13,10,0.2451774701476097,128,8.368224382400513,128,0.4649013578891754,128,0.295137919485569,128,0.7048620879650116,128,0.2542998343706131,128,-0.0729157030582428,128,0.964264452457428,128,4.0,128,1.0,128,0.0,128,10.800000071525574,128,0.3547090142965317,128,-0.8637373000383377,128,-0.4853712320327759,128
noisy,63,13,11,0.253036268055439,128,7.600798010826111,128,0.42226655781269073,128,0.4994311109185219,128,0.5005689188838005,128,0.32056649029254913,128,-0.2772088721394539,128,0.8439249694347382,128,1.0,128,1.0,128,0.0,128,18.0,128,0.6361334919929504,128,-1.2863414585590363,128,-0.11299644224345684,128
noisy,63,14,0,0.34220119565725327,128,5.405441761016846,128,0.30030231177806854,128,0.6621313840150833,128,0.3378685936331749,128,0.18718618899583817,128,-0.4399091973900795,128,0.743915855884552,128,1.0,128,1.0,128,0.0,128,18.0,128,0.5498760640621185,128,-1.648903101682663,128,-0.4129718542098999,128
noisy,63,14,1,0.2782851383090019,128,7.1757402420043945,128,0.39865224063396454,128,0.3886968269944191,128,0.6113031804561615,128,0.18602364510297775,128,-0.1664746105670929,128,0.9092941731214523,128,3.0,128,1.0,128,0.0,128,18.0,128,0.3894122317433357,128,-1.2495932877063751,128,-0.6268832236528397,128
noisy,63,14,2,0.4124188870191574,128,6.948460936546326,128,0.386025607585907,128,0.41016653180122375,128,0.5898334681987762,128,0.19411678984761238,128,-0.18794432282447815,128,0.914725199341774,128,1.75,128,1.0,128,0.0,128,18.0,128,0.4392901137471199,128,-1.437261015176773,128,-0.6701264679431915,128
noisy,63,14,3,0.23651222884655,128,4.874863624572754,128,0.27082575112581253,128,0.6292171031236649,128,0.37078288942575455,128,0.12046230770647526,128,-0.40699490159749985,128,0.7761953175067902,128,1.0,128,1.0,128,0.0,128,18.0,128,0.3963155299425125,128,-1.7450149655342102,128,-0.6707190871238708,128
noisy,63,14,4,0.44653528928756714,128,6.195272922515869,128,0.3441818282008171,128,0.6223067194223404,128,0.3776932954788208,128,0.2562428079545498,128,-0.4000844955444336,128,0.6723602414131165,128,1.0,128,1.0,128,0.0,128,18.0,128,0.6203535944223404,128,-1.2177979052066803,128,-0.1317250020802021,128
noisy,63,14,5,0.3635179325938225,128,6.359684228897095,128,0.3533157929778099,128,0.506953090429306,128,0.49304692447185516,128,0.17757297307252884,128,-0.28473086655139923,128,0.73891282081604,128,1.0,128,1.0,128,0.0,128,6.0,128,0.5067863613367081,128,-0.853986993432045,128,-0.29363248124718666,128
noisy,63,14,6,0.2957870289683342,128,7.5171825885772705,128,0.4176212549209595,128,0.3974281847476959,128,0.6025718301534653,128,0.23391668125987053,128,-0.17520596086978912,128,0.9474349319934845,128,1.0,128,1.0,128,0.0,128,18.0,128,0.4324202239513397,128,-1.567310482263565,128,-0.5703280717134476,128
noisy,63,14,7,0.2664659842848778,128,6.3836448192596436,128,0.3546469360589981,128,0.48538027703762054,128,0.5146197229623795,128,0.17164338380098343,128,-0.26315806806087494,128,0.9029353260993958,128,1.0,128,1.0,128,0.0,128,18.0,128,0.3853593096137047,128,-1.7880918979644775,128,-0.7629174143075943,128
noisy,63,14,8,0.25004273653030396,128,5.028923511505127,128,0.27938464283943176,128,0.6410758197307587,128,0.35892415046691895,128,0.13719690218567848,128,-0.41885364055633545,128,0.7069059759378433,128,1.0,128,1.0,128,0.0,128,18.0,128,0.4539005905389786,128,-1.3921474814414978,128,-0.49327217042446136,128
noisy,63,14,9,0.29115090519189835,128,8.189324617385864,128,0.45496246963739395,128,0.35062141716480255,128,0.6493785530328751,128,0.2687235698103905,128,-0.12839923799037933,128,0.9565840661525726,128,1.0,128,1.0,128,0.0,128,18.0,128,0.5140618905425072,128,-1.4190437197685242,128,-0.4781918153166771,128
noisy,63,14,10,0.23480160534381866,128,5.969953179359436,128,0.3316640704870224,128,0.5491396486759186,128,0.450860358774662,128,0.1496114358305931,128,-0.3269174322485924,128,0.8402309864759445,128,1.0,128,1.0,128,0.0,128,9.0,128,0.4184316247701645,128,-1.5863792896270752,128,-0.5623520314693451,128
noisy,63,14,11,0.3586752489209175,128,8.470689535140991,128,0.4705938622355461,128,0.310228630900383,128,0.6897713840007782,128,0.2706395909190178,128,-0.0880064070224762,128,0.9582909345626831,128,4.0,128,1.0,128,0.0,128,18.0,128,0.4144095927476883,128,-1.0071961730718613,128,-0.40450212359428406,128
noisy,63,15,0,0.30803409218788147,128,7.714518070220947,128,0.42858433723449707,128,0.3545718416571617,128,0.6454281955957413,128,0.21765803545713425,128,-0.13234959542751312,128,0.9587595164775848,128,1.0,128,1.0,128,0.0,128,18.0,128,0.3778582736849785,128,-1.4214827120304108,128,-0.6996806412935257,128
noisy,63,15,1,0.4066530540585518,128,7.133838891983032,128,0.39632438123226166,128,0.35647185891866684,128,0.643528163433075,128,0.1657979153096676,128,-0.13424962759017944,128,0.9068553000688553,128,3.5,128,1.0,128,0.0,128,18.0,128,0.4155806750059128,128,-1.0740190744400024,128,-0.6574546247720718,128
noisy,63,15,2,0.40507103502750397,128,7.019265532493591,128,0.3899591937661171,128,0.41867484897375107,128,0.5813251733779907,128,0.1804390549659729,128,-0.19645261764526367,128,0.8914957791566849,128,2.75,128,1.0,128,0.0,128,18.0,128,0.41395479440689087,128,-1.2147766947746277,128,-0.5860256552696228,128
noisy,63,15,3,0.3073006048798561,128,7.517484545707703,128,0.41763803362846375,128,0.3987717628479004,128,0.6012282222509384,128,0.23390033096075058,128,-0.17654956877231598,128,0.9362752735614777,128,1.0,128,1.0,128,0.0,128,18.0,128,0.4270477667450905,128,-1.4530532956123352,128,-0.5690309032797813,128
noisy,63,15,4,0.4653536453843117,128,7.639265179634094,128,0.424403615295887,128,0.3573405295610428,128,0.6426594406366348,128,0.21892450749874115,128,-0.13511835038661957,128,0.913863867521286,128,4.0,128,1.0,128,0.0,128,18.0,128,0.4022180959582329,128,-1.1455026865005493,128,-0.49587784707546234,128
noisy,63,15,5,0.3150474429130554,128,6.580361604690552,128,0.3655756488442421,128,0.45722315460443497,128,0.5427768677473068,128,0.17757656052708626,128,-0.23500092327594757,128,0.9166948050260544,128,1.0,128,1.0,128,0.0,128,18.0,128,0.4338229224085808,128,-1.6395840644836426,128,-0.7539653331041336,128
noisy,63,15,6,0.36099884659051895,128,7.922998428344727,128,0.44016657769680023,128,0.3599971979856491,128,0.6400028765201569,128,0.23224861174821854,128,-0.13777491450309753,128,0.9540730118751526,128,1.75,128,1.0,128,0.0,128,12.0,128,0.3732490763068199,128,-1.3933971524238586,128,-0.6079688221216202,128
noisy,63,15,7,0.3058684319257736,128,7.33713686466217,128,0.4076187089085579,128,0.35401397943496704,128,0.6459860056638718,128,0.19538640603423119,128,-0.13179178535938263,128,0.924471989274025,128,2.25,128,1.0,128,0.0,128,18.0,128,0.4115920588374138,128,-1.0724615454673767,128,-0.5398743376135826,128
noisy,63,15,8,0.34155134856700897,128,7.781434655189514,128,0.43230193108320236,128,0.4410305395722389,128,0.5589694827795029,128,0.2837691158056259,128,-0.21880830824375153,128,0.8402311950922012,128,1.0,128,1.0,128,0.0,128,18.0,128,0.482305109500885,128,-1.0189872086048126,128,-0.24796012416481972,128
noisy,63,15,9,0.5381377041339874,128,8.823393821716309,128,0.4901885390281677,128,0.2882745563983917,128,0.7117254585027695,128,0.29965443909168243,128,-0.06605233252048492,128,0.9599528014659882,128,6.0,128,1.0,128,0.0,128,18.0,128,0.4062354788184166,128,-0.8925618082284927,128,-0.2707555666565895,128
noisy,63,15,10,0.3188464567065239,128,7.414812326431274,128,0.4119340106844902,128,0.38312629610300064,128,0.61687371134758,128,0.20946013927459717,128,-0.16090407967567444,128,0.9546344131231308,128,1.0,128,1.0,128,0.0,128,18.0,128,0.4751768186688423,128,-1.6754103899002075,128,-0.7552658468484879,128
noisy,63,15,11,0.3020322546362877,128,5.133847594261169,128,0.28521375358104706,128,0.651475727558136,128,0.3485242947936058,128,0.1496388167142868,128,-0.4292534962296486,128,0.797931507229805,128,1.0,128,1.0,128,0.0,128,18.0,128,0.49029678106307983,128,-1.9371457397937775,128,-0.6430208534002304,128
noisy,63,16,0,0.3014213740825653,128,5.4999847412109375,128,0.30555470287799835,128,0.5953328162431717,128,0.4046671912074089,128,0.11843516491353512,128,-0.3731105998158455,128,0.7902633398771286,128,1.0,128,1.0,128,0.0,128,18.0,128,0.49704912304878235,128,-1.650968074798584,128,-0.6441171020269394,128
noisy,63,16,1,0.3191303461790085,128,7.21286928653717,128,0.4007149562239647,128,0.3899456709623337,128,0.6100543290376663,128,0.1915978603065014,128,-0.16772346198558807,128,0.9384739547967911,128,1.5,128,1.0,128,0.0,128,18.0,128,0.39789120107889175,128,-1.5303993821144104,128,-0.6904180645942688,128
noisy,63,16,2,0.1914256177842617,128,2.468827962875366,128,0.1371571086347103,128,0.8987602144479752,128,0.10123978182673454,128,0.04771890211850405,128,-0.6765380054712296,128,0.43378322571516037,128,1.0,128,1.0,128,0.0,128,18.0,128,0.5481780916452408,128,-1.7784878313541412,128,-0.46130961179733276,128
noisy,63,16,3,0.35574768483638763,128,8.48143482208252,128,0.47119083255529404,128,0.3064325600862503,128,0.6935674548149109,128,0.27784939110279083,128,-0.0842103362083435,128,0.9680797755718231,128,2.0,128,1.0,128,0.0,128,9.75,128,0.3642998933792114,128,-1.0064397007226944,128,-0.4160269722342491,128
noisy,63,16,4,0.29585909843444824,128,6.473585247993469,128,0.3596436157822609,128,0.49498816579580307,128,0.5050118491053581,128,0.1888207085430622,128,-0.27276594191789627,128,0.8997529596090317,128,1.0,128,1.0,128,0.0,128,18.0,128,0.5503803193569183,128,-1.8501166701316833,128,-0.7162383198738098,128
noisy,63,16,5,0.23626669123768806,128,5.604082226753235,128,0.3113379031419754,128,0.6062914431095123,128,0.3937085494399071,128,0.1590035744011402,128,-0.3840692415833473,128,0.8326469361782074,128,1.0,128,1.0,128,0.0,128,18.0,128,0.6270566582679749,128,-1.931562215089798,128,-0.6207555830478668,128
noisy,63,16,6,0.2658516839146614,128,5.696716547012329,128,0.3164842575788498,128,0.6139824986457825,128,0.3860175162553787,128,0.1866265945136547,128,-0.39176027476787567,128,0.7484609931707382,128,1.0,128,1.0,128,0.0,128,18.0,128,0.5072439536452293,128,-1.4849817156791687,128,-0.3957163244485855,128
noisy,63,16,7,0.3678898438811302,128,8.49727201461792,128,0.47207067161798477,128,0.30752304941415787,128,0.6924769580364227,128,0.27540724724531174,128,-0.08530083298683167,128,0.9586262702941895,128,4.0,128,1.0,128,0.0,128,13.5,128,0.37721288949251175,128,-1.081711769104004,128,-0.4390416294336319,128
noisy,63,16,8,0.2454923279583454,128,5.381171464920044,128,0.29895398020744324,128,0.5942329913377762,128,0.405767023563385,128,0.14510314539074898,128,-0.3720107674598694,128,0.8372049033641815,128,1.0,128,1.0,128,0.0,128,18.0,128,0.5473393946886063,128,-1.9166988134384155,128,-0.7269207835197449,128
noisy,63,16,9,0.20864097028970718,128,2.7462852597236633,128,0.1525713987648487,128,0.8633844554424286,128,0.136615552008152,128,0.0468349102884531,128,-0.641162246465683,128,0.5068734213709831,128,1.0,128,1.0,128,0.0,128,18.0,128,0.44709451496601105,128,-1.935537040233612,128,-0.6378520429134369,128
noisy,63,16,10,0.3372521847486496,128,7.289334654808044,128,0.40496303886175156,128,0.3797849491238594,128,0.62021504342556,128,0.19957514852285385,128,-0.1575627475976944,128,0.9278849214315414,128,2.5,128,1.0,128,0.0,128,18.0,128,0.41396791487932205,128,-1.23689004778862,128,-0.6579415649175644,128
noisy,63,16,11,0.46790824830532074,128,7.841944098472595,128,0.4356635585427284,128,0.3502521738409996,128,0.6497478038072586,128,0.21716048941016197,128,-0.1280299872159958,128,0.941327378153801,128,1.0,128,1.0,128,0.0,128,9.0,128,0.3586512729525566,128,-1.064505934715271,128,-0.547659233212471,128
noisy,63,17,0,0.5205521285533905,128,5.932217597961426,128,0.32956764101982117,128,0.49792442470788956,128,0.502075582742691,128,0.13330991938710213,128,-0.27570220828056335,128,0.830494835972786,128,1.0,128,1.0,128,0.0,128,18.0,128,0.4303009659051895,128,-1.4182253777980804,128,-0.689189538359642,128
noisy,63,17,1,0.32778144627809525,128,7.696936726570129,128,0.42760759592056274,128,0.40876296162605286,128,0.591237023472786,128,0.245889063924551,128,-0.18654076755046844,128,0.8426646441221237,128,1.0,128,1.0,128,0.0,128,6.0,128,0.45946815609931946,128,-0.8822793364524841,128,-0.23535502329468727,128
noisy,63,17,2,0.33468975871801376,128,4.8066792488098145,128,0.2670377343893051,128,0.6870548874139786,128,0.3129451051354408,128,0.13202210888266563,128,-0.46483268588781357,128,0.6850265115499496,128,1.0,128,1.0,128,0.0,128,18.0,128,0.5416122674942017,128,-1.5842600166797638,128,-0.4880683049559593,128
noisy,63,17,3,0.21955905482172966,128,3.8545450568199158,128,0.2141413912177086,128,0.7535841912031174,128,0.24641583114862442,128,0.07001755572855473,128,-0.53136195987463,128,0.6721165925264359,128,1.0,128,1.0,128,0.0,128,18.0,128,0.5492582470178604,128,-1.9126885831356049,128,-0.6890960931777954,128
noisy,63,17,4,0.3844127058982849,128,7.330947399139404,128,0.40727484971284866,128,0.47089339792728424,128,0.529106616973877,128,0.2572288513183594,128,-0.24867117404937744,128,0.8719453513622284,128,1.0,128,1.0,128,0.0,128,18.0,128,0.5558656007051468,128,-1.4410690665245056,128,-0.3098508045077324,128
noisy,63,17,5,0.2833663299679756,128,4.60069477558136,128,0.255594152957201,128,0.7101708203554153,128,0.28982920199632645,128,0.12789972312748432,128,-0.48794859647750854,128,0.6785435080528259,128,1.0,128,1.0,128,0.0,128,18.0,128,0.4776389002799988,128,-1.67776358127594,128,-0.4388040825724602,128
noisy,63,17,6,0.5032864958047867,128,6.355175733566284,128,0.3530653193593025,128,0.4543784633278847,128,0.5456215739250183,128,0.17308950796723366,128,-0.23215621709823608,128,0.9034114331007004,128,1.0,128,1.0,128,0.0,128,18.0,128,0.46427085250616074,128,-1.6730840802192688,128,-0.7055275440216064,128
noisy,63,17,7,0.31058741360902786,128,5.982997894287109,128,0.3323887661099434,128,0.5870873332023621,128,0.41291266679763794,128,0.16588552296161652,128,-0.36486512422561646,128,0.7739699333906174,128,1.0,128,1.0,128,0.0,128,18.0,128,0.4508308991789818,128,-1.7568800449371338,128,-0.5649745762348175,128
noisy,63,17,8,0.19781313464045525,128,3.8780919313430786,128,0.21544955298304558,128,0.7518772184848785,128,0.24812275543808937,128,0.08345493488013744,128,-0.5296550318598747,128,0.6603323221206665,128,1.0,128,1.0,128,0.0,128,18.0,128,0.6031656861305237,128,-1.8812617063522339,128,-0.682217612862587,128
noisy,63,17,9,0.3228987231850624,128,5.917717218399048,128,0.32876206934452057,128,0.5697248727083206,128,0.430275097489357,128,0.17838802933692932,128,-0.3475026935338974,128,0.8040967732667923,128,1.0,128,1.0,128,0.0,128,18.0,128,0.548574335873127,128,-1.5102944374084473,128,-0.4713066443800926,128
noisy,63,17,10,0.2517492473125458,128,4.712718725204468,128,0.26181771606206894,128,0.6906191557645798,128,0.309380866587162,128,0.12740729190409184,128,-0.4683969244360924,128,0.7335795760154724,128,1.0,128,1.0,128,0.0,128,18.0,128,0.528116911649704,128,-1.8275432288646698,128,-0.5629143416881561,128
noisy,63,17,11,0.32624704390764236,128,6.29106879234314,128,0.3495038226246834,128,0.5105779469013214,128,0.4894220605492592,128,0.16893358901143074,128,-0.2883557304739952,128,0.8827997595071793,128,1.0,128,1.0,128,0.0,128,18.0,128,0.4885109066963196,128,-1.7450275719165802,128,-0.6135784834623337,128
noisy,63,18,0,0.41328196972608566,128,6.927147150039673,128,0.38484150916337967,128,0.44563353061676025,128,0.5543664842844009,128,0.20521925762295723,128,-0.22341130673885345,128,0.8950680196285248,128,1.0,128,1.0,128,0.0,128,18.0,128,0.49973953515291214,128,-1.462160438299179,128,-0.5604860186576843,128
noisy,63,18,1,0.47733616828918457,128,4.751180171966553,128,0.26395445317029953,128,0.6382359117269516,128,0.3617640882730484,128,0.0820547454059124,128,-0.416013702750206,128,0.7423965185880661,128,1.0,128,1.0,128,0.0,128,18.0,128,0.5549984723329544,128,-1.626374512910843,128,-0.743791937828064,128
noisy,63,18,2,0.4667632281780243,128,4.799404740333557,128,0.2666335925459862,128,0.6621318459510803,128,0.3378681540489197,128,0.10244293324649334,128,-0.4399096369743347,128,0.7464911341667175,128,1.0,128,1.0,128,0.0,128,18.0,128,0.5450858771800995,128,-1.5573055148124695,128,-0.6514891684055328,128
noisy,63,18,3,0.5641026347875595,128,4.796148300170898,128,0.26645268499851227,128,0.643652081489563,128,0.356347918510437,128,0.08324741013348103,128,-0.4214298725128174,128,0.7321180701255798,128,1.0,128,1.0,128,0.0,128,18.0,128,0.5171789079904556,128,-1.538533866405487,128,-0.6692389845848083,128
noisy,63,18,4,0.3017330691218376,128,5.041214108467102,128,0.28006745129823685,128,0.6304743885993958,128,0.36952560395002365,128,0.10663057677447796,128,-0.40825218707323074,128,0.7685229778289795,128,1.0,128,1.0,128,0.0,128,18.0,128,0.43608542531728745,128,-1.602854609489441,128,-0.6202812343835831,128
noisy,63,18,5,0.530511349439621,128,5.464450001716614,128,0.30358055979013443,128,0.5999798625707626,128,0.40002013742923737,128,0.13586657121777534,128,-0.37775765359401703,128,0.7810134738683701,128,1.0,128,1.0,128,0.0,128,18.0,128,0.5382726639509201,128,-1.5770305693149567,128,-0.610148474574089,128
noisy,63,18,6,0.6593083441257477,128,5.866702198982239,128,0.32592789828777313,128,0.5419666543602943,128,0.45803335309028625,128,0.1750275269150734,128,-0.31974443793296814,128,0.7908908724784851,128,2.0,128,1.0,128,0.0,128,18.0,128,0.5536363273859024,128,-1.3760599195957184,128,-0.4373297467827797,128
noisy,63,18,7,0.6400540769100189,128,5.310664534568787,128,0.2950369268655777,128,0.5652162581682205,128,0.43478376418352127,128,0.08951801992952824,128,-0.3429940268397331,128,0.7675359696149826,128,1.0,128,1.0,128,0.0,128,18.0,128,0.5671357363462448,128,-1.4808429777622223,128,-0.68866166472435,128
noisy,63,18,8,0.47173384577035904,128,5.269431948661804,128,0.2927462160587311,128,0.6083198338747025,128,0.39168014377355576,128,0.12654924392700195,128,-0.38609764724969864,128,0.7651384621858597,128,1.0,128,1.0,128,0.0,128,18.0,128,0.5312818437814713,128,-1.5608609020709991,128,-0.574999213218689,128
noisy,63,18,9,0.3340741991996765,128,8.106782913208008,128,0.45037683099508286,128,0.3659486770629883,128,0.6340513527393341,128,0.2819822058081627,128,-0.1437264382839203,128,0.9613635390996933,128,1.0,128,1.0,128,0.0,128,18.0,128,0.4898995906114578,128,-1.58955317735672,128,-0.45266536623239517,128
noisy,63,18,10,0.40447724610567093,128,5.886368632316589,128,0.32702048122882843,128,0.5340787768363953,128,0.46592123061418533,128,0.18100057169795036,128,-0.31185656040906906,128,0.7477636635303497,128,1.0,128,1.0,128,0.0,128,18.0,128,0.5660043507814407,128,-1.3665228486061096,128,-0.4561872333288193,128
noisy,63,18,11,0.46491168439388275,128,5.518858551979065,128,0.30660325288772583,128,0.5971604734659195,128,0.4028395339846611,128,0.13340618088841438,128,-0.3749382570385933,128,0.7739665508270264,128,1.0,128,1.0,128,0.0,128,18.0,128,0.49637772142887115,128,-1.5529709458351135,128,-0.6007546633481979,128
noisy,63,19,0,0.3999927416443825,128,8.58874249458313,128,0.47715236246585846,128,0.3345172256231308,128,0.6654827892780304,128,0.3009042963385582,128,-0.112295001745224,128,0.9423379153013229,128,1.0,128,1.0,128,0.0,128,18.0,128,0.4450516924262047,128,-1.1297366917133331,128,-0.22666805610060692,128
noisy,63,19,1,0.2507917061448097,128,5.523320436477661,128,0.3068511337041855,128,0.5826075077056885,128,0.41739247739315033,128,0.13896308839321136,128,-0.36038531363010406,128,0.7907041162252426,128,1.0,128,1.0,128,0.0,128,18.0,128,0.39259761571884155,128,-1.44471475481987,128,-0.5147790759801865,128
noisy,63,19,2,0.3255130723118782,128,5.621819853782654,128,0.31232332438230515,128,0.5874928683042526,128,0.412507139146328,128,0.15914782136678696,128,-0.3652706518769264,128,0.7440836429595947,128,1.0,128,0.3888888955116272,128,0.1764705926179886,128,18.0,128,0.5626424700021744,128,-1.49264395236969,128,-0.4691968858242035,128
noisy,63,19,3,0.414400614798069,128,6.1402716636657715,128,0.3411262035369873,128,0.5379693061113358,128,0.46203067898750305,128,0.15595992282032967,128,-0.31574711203575134,128,0.7887780070304871,128,1.0,128,1.0,128,0.0,128,18.0,128,0.47530119866132736,128,-1.4389183819293976,128,-0.45821839570999146,128
noisy,63,19,4,0.2709896042943001,128,4.550978302955627,128,0.2528321295976639,128,0.728522777557373,128,0.27147719636559486,128,0.14583596214652061,128,-0.5063005983829498,128,0.6860355734825134,128,1.0,128,1.0,128,0.0,128,18.0,128,0.7828845977783203,128,-1.8599658608436584,128,-0.472593329846859,128
noisy,63,19,5,0.17695549130439758,128,4.56909704208374,128,0.2538387179374695,128,0.6688766032457352,128,0.33112340420484543,128,0.08973913453519344,128,-0.44665438681840897,128,0.7780466675758362,128,1.0,128,1.0,128,0.0,128,18.0,128,0.5546620041131973,128,-1.939170092344284,128,-0.8423820734024048,128
noisy,63,19,6,0.3127169758081436,128,6.122094631195068,128,0.34011636674404144,128,0.5119187384843826,128,0.48808129876852036,128,0.15310292318463326,128,-0.28969649225473404,128,0.9016920179128647,128,1.0,128,1.0,128,0.0,128,18.0,128,0.5258602425456047,128,-1.9702686071395874,128,-0.8281130641698837,128
noisy,63,19,7,0.3623749688267708,128,5.954500079154968,128,0.33080555498600006,128,0.5896893292665482,128,0.41031067073345184,128,0.19062625616788864,128,-0.36746712028980255,128,0.8099498301744461,128,1.0,128,1.0,128,0.0,128,18.0,128,0.5657857060432434,128,-1.6617662608623505,128,-0.4486285299062729,128
noisy,63,19,8,0.28786275535821915,128,8.230531215667725,128,0.45725173503160477,128,0.31043822318315506,128,0.6895617842674255,128,0.2602730467915535,128,-0.08821600675582886,128,0.9846171885728836,128,1.0,128,1.0,128,0.0,128,18.0,128,0.4239189848303795,128,-1.56666761636734,128,-0.7702962309122086,128
noisy,63,19,9,0.2835148721933365,128,5.47430157661438,128,0.30412785708904266,128,0.5825687050819397,128,0.4174312949180603,128,0.11756227351725101,128,-0.3603464961051941,128,0.8410698175430298,128,1.0,128,1.0,128,0.0,128,18.0,128,0.5330630391836166,128,-1.8281412720680237,128,-0.799390509724617,128
noisy,63,19,10,0.40861421078443527,128,9.719222068786621,128,0.5399567782878876,128,0.2546417862176895,128,0.7453582584857941,128,0.32014016062021255,128,-0.03241953253746033,128,0.7994371056556702,128,9.5,128,0.9166666567325592,128,0.11764705926179886,128,6.0,128,0.653580904006958,128,-0.3737679272890091,128,-0.07377588655799627,128
noisy,63,19,11,0.2615370601415634,128,3.7443947792053223,128,0.20802193135023117,128,0.7679328769445419,128,0.23206710815429688,128,0.07626141980290413,128,-0.5457106679677963,128,0.6343116760253906,128,1.0,128,1.0,128,0.0,128,18.0,128,0.456041544675827,128,-1.773751825094223,128,-0.5820990055799484,128
noisy,63,20,0,0.2893446758389473,128,5.26509428024292,128,0.2925052270293236,128,0.6045515239238739,128,0.3954484462738037,128,0.12038491107523441,128,-0.3823293447494507,128,0.8253268450498581,128,1.0,128,1.0,128,0.0,128,18.0,128,0.4962316006422043,128,-1.9144130051136017,128,-0.7700680941343307,128
noisy,63,20,1,0.41652001440525055,128,8.40664792060852,128,0.4670359939336777,128,0.33225344121456146,128,0.6677465736865997,128,0.269252210855484,128,-0.11003121733665466,128,0.767935037612915,128,1.0,128,1.0,128,0.0,128,6.0,128,0.6780583411455154,128,-0.552766852080822,128,-0.16312328726053238,128
noisy,63,20,2,0.4774033948779106,128,12.193817377090454,128,0.6774342954158783,128,0.07391275931149721,128,0.9260872602462769,128,0.4777897596359253,128,0.14830946922302246,128,0.6319305002689362,128,18.0,128,1.0,128,0.0,128,6.0,128,0.8746596872806549,128,0.13905945234000683,128,-0.008471176726743579,128
noisy,63,20,3,0.5294259488582611,128,9.957383871078491,128,0.5531879961490631,128,0.280505433678627,128,0.7194945216178894,128,0.38571440428495407,128,-0.05828326940536499,128,0.6370638012886047,128,9.5,128,1.0,128,0.0,128,6.0,128,0.7518330067396164,128,-0.27903278917074203,128,-0.05077544320374727,128
noisy,63,20,4,0.3145783618092537,128,4.794195294380188,128,0.26634418219327927,128,0.6615860164165497,128,0.3384139835834503,128,0.12782405875623226,128,-0.4393638074398041,128,0.6950321644544601,128,1.0,128,1.0,128,0.0,128,18.0,128,0.49412335455417633,128,-1.6618367731571198,128,-0.49469834566116333,128
noisy,63,20,5,0.49104492366313934,128,9.65693998336792,128,0.5364966839551926,128,0.27077265828847885,128,0.7292273789644241,128,0.35965950042009354,128,-0.04855041205883026,128,0.6679672300815582,128,9.5,128,1.0,128,0.0,128,6.0,128,0.7452197670936584,128,-0.3155481368303299,128,-0.07281811535358429,128
noisy,63,20,6,0.22703949734568596,128,5.316988110542297,128,0.29538822174072266,128,0.5800173580646515,128,0.4199826419353485,128,0.10507304780185223,128,-0.3577951490879059,128,0.8201676309108734,128,1.0,128,1.0,128,0.0,128,18.0,128,0.6042231172323227,128,-1.6187590062618256,128,-0.7901782691478729,128
noisy,63,20,7,0.6854386031627655,128,16.02527403831482,128,0.8902930021286011,128,0.004436387214809656,128,0.9955636113882065,128,0.7944303005933762,128,0.2177858203649521,128,0.4648278281092644,128,17.0,128,1.0,128,0.0,128,6.0,128,0.5634377896785736,128,1.3597245812416077,128,0.6555025279521942,128
noisy,63,20,8,0.30196185410022736,128,4.402712345123291,128,0.24459513276815414,128,0.7600081115961075,128,0.2399919033050537,128,0.173198901116848,128,-0.5377858728170395,128,0.5043513551354408,128,1.0,128,1.0,128,0.0,128,18.0,128,0.5500348061323166,128,-1.3601966798305511,128,-0.24534890055656433,128
noisy,63,20,9,0.3280268609523773,128,8.970876455307007,128,0.4983820170164108,128,0.30949538946151733,128,0.6905045807361603,128,0.30432800203561783,128,-0.08727321028709412,128,0.8653945773839951,128,1.0,128,1.0,128,0.0,128,6.0,128,0.6182525157928467,128,-0.5599891245365143,128,-0.15083114057779312,128
noisy,63,20,10,0.267233207821846,128,6.1839762926101685,128,0.3435542359948158,128,0.5467547178268433,128,0.4532453119754791,128,0.18376848846673965,128,-0.32453247904777527,128,0.853319525718689,128,1.0,128,1.0,128,0.0,128,18.0,128,0.6783387064933777,128,-1.784912109375,128,-0.6054535359144211,128
noisy,63,20,11,0.3146190270781517,128,3.855204939842224,128,0.21417805179953575,128,0.772738441824913,128,0.22726154699921608,128,0.10117784142494202,128,-0.5505162328481674,128,0.595840334892273,128,1.0,128,1.0,128,0.0,128,18.0,128,0.5685414522886276,128,-1.531823068857193,128,-0.4472859501838684,128
noisy,63,21,0,0.34507592022418976,128,5.306516885757446,128,0.29480649530887604,128,0.5290248692035675,128,0.4709751158952713,128,0.11674020253121853,128,-0.3068026751279831,128,0.6615152806043625,128,1.0,128,1.0,128,0.0,128,6.0,128,0.4996226578950882,128,-0.9610482901334763,128,-0.3726905435323715,128
noisy,63,21,1,0.36391452699899673,128,4.5338252782821655,128,0.25187918171286583,128,0.6888608932495117,128,0.3111391067504883,128,0.10590407997369766,128,-0.4666386842727661,128,0.7228200435638428,128,1.0,128,1.0,128,0.0,128,18.0,128,0.48662688583135605,128,-1.919817328453064,128,-0.7285871356725693,128
noisy,63,21,2,0.29397426545619965,128,4.489498496055603,128,0.24941658601164818,128,0.7149006873369217,128,0.2850993275642395,128,0.12646601721644402,128,-0.4926784634590149,128,0.6925645917654037,128,1.0,128,1.0,128,0.0,128,18.0,128,0.6627993881702423,128,-1.7792746722698212,128,-0.6178282797336578,128
noisy,63,21,3,0.48315412551164627,128,9.247586250305176,128,0.5137547925114632,128,0.3052009418606758,128,0.6947990506887436,128,0.3556610122323036,128,-0.0829787403345108,128,0.5965256243944168,128,7.25,128,1.0,128,0.0,128,6.0,128,0.7024798840284348,128,-0.4741271585226059,128,-0.15676695853471756,128
noisy,63,21,4,0.46816933155059814,128,5.488758444786072,128,0.30493102967739105,128,0.5930572897195816,128,0.4069427475333214,128,0.14903629571199417,128,-0.370835043489933,128,0.7977468818426132,128,1.0,128,1.0,128,0.0,128,18.0,128,0.5348793417215347,128,-1.7474024593830109,128,-0.6397940516471863,128
noisy,63,21,5,0.34510181844234467,128,8.715649366378784,128,0.4842027425765991,128,0.3075811564922333,128,0.6924188435077667,128,0.29868172109127045,128,-0.08535894751548767,128,0.928597941994667,128,1.0,128,1.0,128,0.0,128,6.0,128,0.4704776406288147,128,-0.7505798935890198,128,-0.24807512015104294,128
noisy,63,21,6,0.29694243520498276,128,5.357330799102783,128,0.2976294979453087,128,0.5959223210811615,128,0.4040777087211609,128,0.13043133355677128,128,-0.3737000823020935,128,0.8243894279003143,128,1.0,128,1.0,128,0.0,128,18.0,128,0.567899689078331,128,-1.7742746472358704,128,-0.6869257837533951,128
noisy,63,21,7,0.3069980815052986,128,4.926409006118774,128,0.2736893892288208,128,0.6045954376459122,128,0.3954045847058296,128,0.09098515659570694,128,-0.3823732063174248,128,0.7965293228626251,128,1.0,128,1.0,128,0.0,128,18.0,128,0.46496184170246124,128,-1.7611026763916016,128,-0.7541588395833969,128
noisy,63,21,8,0.23523443937301636,128,2.235827684402466,128,0.12421264871954918,128,0.9001235961914062,128,0.0998764168471098,128,0.025368811562657356,128,-0.6779013723134995,128,0.4405212923884392,128,1.0,128,1.0,128,0.0,128,18.0,128,0.617042288184166,128,-1.7280295491218567,128,-0.5867303758859634,128
noisy,63,21,9,0.5720824003219604,128,13.767049312591553,128,0.7648360580205917,128,0.09130331687629223,128,0.9086966216564178,128,0.6690564304590225,128,0.13091883063316345,128,0.7612527161836624,128,17.0,128,1.0,128,0.0,128,6.0,128,0.611478641629219,128,0.303831297904253,128,0.5028548464179039,128
noisy,63,21,10,0.47497354447841644,128,7.685786843299866,128,0.4269881621003151,128,0.429156057536602,128,0.5708439201116562,128,0.26688697189092636,128,-0.2069338709115982,128,0.6786730587482452,128,1.0,128,1.0,128,0.0,128,6.0,128,0.5790578126907349,128,-0.5375260561704636,128,-0.17366452887654305,128
noisy,63,21,11,0.5120110735297203,128,14.521602392196655,128,0.8067557066679001,128,0.005195136065594852,128,0.9948048293590546,128,0.6682249307632446,128,0.21702703833580017,128,0.46983468532562256,128,18.0,128,0.9444444179534912,128,0.11764705926179886,128,6.0,128,0.9261671751737595,128,0.6106600016355515,128,0.1173612680286169,128
noisy,63,22,0,0.27588561177253723,128,4.790643572807312,128,0.26614686846733093,128,0.634226843714714,128,0.36577316373586655,128,0.09724868461489677,128,-0.41200462728738785,128,0.7836942672729492,128,1.0,128,1.0,128,0.0,128,18.0,128,0.5277069956064224,128,-1.7075400054454803,128,-0.6954376995563507,128
noisy,63,22,1,0.3332894369959831,128,5.111210942268372,128,0.2839561626315117,128,0.6441190838813782,128,0.3558809235692024,128,0.14185355603694916,128,-0.42189686745405197,128,0.7273031771183014,128,1.0,128,1.0,128,0.0,128,18.0,128,0.5839099436998367,128,-1.6181490421295166,128,-0.5778525620698929,128
noisy,63,22,2,0.24414297193288803,128,4.964934587478638,128,0.2758297026157379,128,0.6160566359758377,128,0.3839433640241623,128,0.09201339446008205,128,-0.3938344269990921,128,0.8303676247596741,128,1.0,128,1.0,128,0.0,128,18.0,128,0.5634943842887878,128,-1.915785312652588,128,-0.8992228358983994,128
noisy,63,22,3,0.40127361565828323,128,4.04031765460968,128,0.22446209192276,128,0.7436424046754837,128,0.2563575990498066,128,0.08342503570020199,128,-0.5214201956987381,128,0.6898524910211563,128,1.0,128,1.0,128,0.0,128,18.0,128,0.605101153254509,128,-1.8614406883716583,128,-0.7020580321550369,128
noisy,63,22,4,0.3500107005238533,128,5.70264995098114,128,0.3168138861656189,128,0.5943254828453064,128,0.4056745320558548,128,0.16282012313604355,128,-0.3721032589673996,128,0.7586993724107742,128,1.5,128,1.0,128,0.0,128,18.0,128,0.5779685378074646,128,-1.5803589820861816,128,-0.4539821073412895,128
noisy,63,22,5,0.47598496079444885,128,5.105154633522034,128,0.2836196944117546,128,0.6292579025030136,128,0.3707420825958252,128,0.12566188350319862,128,-0.4070357084274292,128,0.7675745487213135,128,1.0,128,1.0,128,0.0,128,18.0,128,0.6545120477676392,128,-1.683055579662323,128,-0.6410321146249771,128
noisy,63,22,6,0.44627736508846283,128,7.416980147361755,128,0.4120544493198395,128,0.4869091734290123,128,0.5130908563733101,128,0.28584232553839684,128,-0.2646869346499443,128,0.8116162419319153,128,1.0,128,1.0,128,0.0,128,18.0,128,0.7414019703865051,128,-1.4363514184951782,128,-0.28070658445358276,128
noisy,63,22,7,0.3704293742775917,128,8.449960470199585,128,0.4694422408938408,128,0.31726307421922684,128,0.6827369183301926,128,0.2571570426225662,128,-0.09504087269306183,128,0.8944298774003983,128,1.0,128,1.0,128,0.0,128,6.0,128,0.5186287984251976,128,-0.7093541473150253,128,-0.28818053752183914,128
noisy,63,22,8,0.4603262171149254,128,3.5798405408859253,128,0.19888002797961235,128,0.7700059115886688,128,0.22999411076307297,128,0.054034062661230564,128,-0.547783687710762,128,0.6581140458583832,128,1.0,128,1.0,128,0.0,128,18.0,128,0.4306439384818077,128,-1.8549796342849731,128,-0.7884611040353775,128
noisy,63,22,9,0.31505608558654785,128,6.962931752204895,128,0.38682954013347626,128,0.41789560765028,128,0.5821043998003006,128,0.19247373566031456,128,-0.1956733912229538,128,0.933548092842102,128,1.0,128,1.0,128,0.0,128,18.0,128,0.5216334462165833,128,-1.6487750113010406,128,-0.7561585605144501,128
noisy,63,22,10,0.3553333356976509,128,5.487016201019287,128,0.3048342317342758,128,0.5838120579719543,128,0.41618794202804565,128,0.11369245499372482,128,-0.36158984899520874,128,0.7415689677000046,128,1.0,128,1.0,128,0.0,128,18.0,128,0.5273974165320396,128,-1.5870954096317291,128,-0.6205276399850845,128
noisy,63,22,11,0.38422841578722,128,11.235586404800415,128,0.6241992264986038,128,0.0998260285705328,128,0.9001739621162415,128,0.39269205927848816,128,0.12239617109298706,128,0.7196374386548996,128,18.0,128,0.3888888955116272,128,0.3529411852359772,128,6.0,128,0.8470925390720367,128,0.1728433407843113,128,-0.01973660639487207,128
noisy,63,23,0,0.24737222492694855,128,5.033769726753235,128,0.2796538770198822,128,0.6431916058063507,128,0.3568084239959717,128,0.12466482073068619,128,-0.4209693670272827,128,0.7987798005342484,128,1.0,128,1.0,128,0.0,128,18.0,128,0.3693707808852196,128,-1.97322615981102,128,-0.744757816195488,128
noisy,63,23,1,0.2507098875939846,128,5.61233913898468,128,0.3117966130375862,128,0.587177187204361,128,0.41282283514738083,128,0.15378960967063904,128,-0.36495495587587357,128,0.7406708151102066,128,1.0,128,0.8055555522441864,128,0.1764705888926983,128,9.0,128,0.4861343502998352,128,-1.411549150943756,128,-0.4754687622189522,128
noisy,63,23,2,0.32342416793107986,128,8.042611837387085,128,0.4468117728829384,128,0.2987734079360962,128,0.701226606965065,128,0.2287990190088749,128,-0.07655118405818939,128,0.9709268808364868,128,4.0,128,1.0,128,0.0,128,18.0,128,0.4991965740919113,128,-1.0999293327331543,128,-0.7336243689060211,128
noisy,63,23,3,0.4824292063713074,128,3.893683075904846,128,0.21631572768092155,128,0.7435262352228165,128,0.2564738020300865,128,0.08046266436576843,128,-0.5213039964437485,128,0.6887887269258499,128,1.0,128,1.0,128,0.0,128,18.0,128,0.48147885501384735,128,-1.9074740707874298,128,-0.743020698428154,128
noisy,63,23,4,0.2898179441690445,128,4.947611570358276,128,0.27486730366945267,128,0.6387631297111511,128,0.3612368479371071,128,0.09661533124744892,128,-0.4165409430861473,128,0.7310946732759476,128,1.0,128,1.0,128,0.0,128,18.0,128,0.43401916325092316,128,-1.5753406286239624,128,-0.7081331312656403,128
noisy,63,23,5,0.5163059681653976,128,5.0306830406188965,128,0.2794823944568634,128,0.627756878733635,128,0.37224314361810684,128,0.10100148059427738,128,-0.40553464740514755,128,0.7801433801651001,128,1.0,128,1.0,128,0.0,128,18.0,128,0.5842743813991547,128,-1.7031553387641907,128,-0.7173646837472916,128
noisy,63,23,6,0.29371079057455063,128,3.6512301564216614,128,0.20284612104296684,128,0.7734332084655762,128,0.22656680643558502,128,0.05457812547683716,128,-0.5512109845876694,128,0.6182606667280197,128,1.0,128,1.0,128,0.0,128,18.0,128,0.5637910813093185,128,-1.722935289144516,128,-0.6984870433807373,128
noisy,63,23,7,0.2861775904893875,128,7.687425017356873,128,0.4270791634917259,128,0.47235262393951416,128,0.5276473760604858,128,0.28764360398054123,128,-0.25013041496276855,128,0.7675488889217377,128,1.0,128,1.0,128,0.0,128,18.0,128,0.5244230479001999,128,-1.0776144564151764,128,-0.18935921415686607,128
noisy,63,23,8,0.1982359141111374,128,4.049571752548218,128,0.22497621178627014,128,0.6693551540374756,128,0.330644853413105,128,0.043687169440090656,128,-0.4471329376101494,128,0.7360259890556335,128,1.0,128,1.0,128,0.0,128,18.0,128,0.4933089539408684,128,-1.6612218618392944,128,-0.8835003525018692,128
noisy,63,23,9,0.5951852053403854,128,4.8824779987335205,128,0.27124878019094467,128,0.6497839838266373,128,0.3502160310745239,128,0.10346218384802341,128,-0.42756175994873047,128,0.7290675789117813,128,1.0,128,1.0,128,0.0,128,18.0,128,0.6489719450473785,128,-1.6112900078296661,128,-0.5934315621852875,128
noisy,63,23,10,0.3377951830625534,128,8.693609952926636,128,0.48297832906246185,128,0.2982371374964714,128,0.7017628997564316,128,0.2786625102162361,128,-0.07601489126682281,128,0.6616430580615997,128,5.0,128,0.08333333395421505,128,0.07352941203862429,128,6.0,128,0.6490249186754227,128,-0.5768531411886215,128,-0.18370039388537407,128
noisy,63,23,11,0.6332213878631592,128,4.383397221565247,128,0.2435220703482628,128,0.7031788975000381,128,0.29682110249996185,128,0.1015720721334219,128,-0.48095668852329254,128,0.697157472372055,128,1.0,128,1.0,128,0.0,128,18.0,128,0.5749892443418503,128,-1.7134043276309967,128,-0.5462992787361145,128
noisy,63,24,0,0.3343309089541435,128,2.9388004541397095,128,0.16326669231057167,128,0.8294489830732346,128,0.17055103927850723,128,0.03169470839202404,128,-0.6072267442941666,128,0.5709958523511887,128,1.0,128,1.0,128,0.0,128,18.0,128,0.5910535007715225,128,-1.852588415145874,128,-0.7951210737228394,128
noisy,63,24,1,0.34100324660539627,128,3.391920328140259,128,0.1884400211274624,128,0.7892073392868042,128,0.2107926532626152,128,0.057378643192350864,128,-0.5669851303100586,128,0.6424583345651627,128,1.0,128,1.0,128,0.0,128,18.0,128,0.45922208577394485,128,-1.9224952161312103,128,-0.8181633353233337,128
noisy,63,24,2,0.42036353796720505,128,11.263317584991455,128,0.6257398575544357,128,0.03544408082962036,128,0.9645559787750244,128,0.3629525601863861,128,0.18677818775177002,128,0.686704158782959,128,18.0,128,0.6666666865348816,128,0.29411765933036804,128,6.0,128,0.8899817615747452,128,0.5962291359901428,128,0.09630641154944897,128
noisy,63,24,3,0.32031775265932083,128,5.5007007122039795,128,0.30559448152780533,128,0.5631675273180008,128,0.436832457780838,128,0.12199531868100166,128,-0.3409453332424164,128,0.8276262879371643,128,1.0,128,1.0,128,0.0,128,18.0,128,0.5759756416082382,128,-1.6525947153568268,128,-0.7633876651525497,128
noisy,63,24,4,0.2899336665868759,128,6.911606669425964,128,0.3839781582355499,128,0.4341539368033409,128,0.5658460706472397,128,0.18459169194102287,128,-0.2119317203760147,128,0.9370581954717636,128,1.0,128,1.0,128,0.0,128,18.0,128,0.6043006777763367,128,-1.810063660144806,128,-0.8380339592695236,128
noisy,63,24,5,0.23529761657118797,128,4.46425461769104,128,0.24801414087414742,128,0.67172771692276,128,0.3282722905278206,128,0.07217373512685299,128,-0.4495055004954338,128,0.7433470636606216,128,1.0,128,1.0,128,0.0,128,18.0,128,0.43982579559087753,128,-1.8506071865558624,128,-0.8291048258543015,128
noisy,63,24,6,0.4509505107998848,128,5.37007212638855,128,0.29833734035491943,128,0.6196208596229553,128,0.3803790956735611,128,0.12488902360200882,128,-0.3973986953496933,128,0.7416706830263138,128,1.0,128,1.0,128,0.0,128,18.0,128,0.5993059277534485,128,-1.668185979127884,128,-0.5481904000043869,128
noisy,63,24,7,0.5649415552616119,128,4.457998991012573,128,0.2476666122674942,128,0.7146098017692566,128,0.2853901833295822,128,0.08375246450304985,128,-0.4923876076936722,128,0.7051192075014114,128,1.0,128,1.0,128,0.0,128,18.0,128,0.6080323755741119,128,-1.7211321294307709,128,-0.6430228799581528,128
noisy,63,24,8,0.49810491502285004,128,5.042521834373474,128,0.28014009445905685,128,0.6019795686006546,128,0.3980204164981842,128,0.11127785034477711,128,-0.3797573745250702,128,0.7797108292579651,128,1.0,128,1.0,128,0.0,128,18.0,128,0.49393510073423386,128,-1.6452221870422363,128,-0.6945222765207291,128
noisy,63,24,9,0.4267223924398422,128,5.6895750761032104,128,0.3160874992609024,128,0.5557733625173569,128,0.4442266747355461,128,0.11556423269212246,128,-0.3335511162877083,128,0.829210638999939,128,1.0,128,1.0,128,0.0,128,18.0,128,0.6679026186466217,128,-1.647853672504425,128,-0.7227425575256348,128
noisy,63,24,10,0.5957508832216263,128,4.476786494255066,128,0.24871036037802696,128,0.6538634300231934,128,0.34613657742738724,128,0.09441492706537247,128,-0.43164121359586716,128,0.7368340194225311,128,1.0,128,1.0,128,0.0,128,18.0,128,0.5729469209909439,128,-1.7527179419994354,128,-0.7113083004951477,128
noisy,63,24,11,0.582914263010025,128,5.591202020645142,128,0.31062233448028564,128,0.5967256724834442,128,0.4032743349671364,128,0.14679672941565514,128,-0.374503456056118,128,0.7647179961204529,128,1.0,128,1.0,128,0.0,128,18.0,128,0.6312664896249771,128,-1.6044564843177795,128,-0.5714256465435028,128
noisy,63,25,0,0.25275949388742447,128,5.352352261543274,128,0.2973529025912285,128,0.5713523477315903,128,0.4286476746201515,128,0.11903556436300278,128,-0.3491301164031029,128,0.8234831839799881,128,1.0,128,1.0,128,0.0,128,18.0,128,0.518080584704876,128,-1.6736855804920197,128,-0.7148847877979279,128
noisy,63,25,1,0.3840879499912262,128,4.615083813667297,128,0.25639354437589645,128,0.6777560859918594,128,0.3222438916563988,128,0.10982275567948818,128,-0.4555338993668556,128,0.7041326016187668,128,1.0,128,1.0,128,0.0,128,18.0,128,0.5780946165323257,128,-1.6877327263355255,128,-0.6332963109016418,128
noisy,63,25,2,0.32131268084049225,128,3.7653136253356934,128,0.20918409153819084,128,0.7750635892152786,128,0.22493641078472137,128,0.0716718565672636,128,-0.5528413951396942,128,0.6309478282928467,128,1.0,128,1.0,128,0.0,128,18.0,128,0.4817308411002159,128,-1.7673373520374298,128,-0.6964172273874283,128
noisy,63,25,3,0.28997424244880676,128,4.299264550209045,128,0.2388480268418789,128,0.7066428959369659,128,0.29335711896419525,128,0.08226821944117546,128,-0.48442067205905914,128,0.6926315724849701,128,1.0,128,1.0,128,0.0,128,18.0,128,0.4909772351384163,128,-1.6123003363609314,128,-0.6899589598178864,128
noisy,63,25,4,0.2889016941189766,128,5.735922574996948,128,0.3186623752117157,128,0.5535974651575089,128,0.44640253484249115,128,0.09881489165127277,128,-0.33137525618076324,128,0.7558418214321136,128,2.0,128,1.0,128,0.0,128,18.0,128,0.4214291498064995,128,-1.3849327266216278,128,-0.6899549216032028,128
noisy,63,25,5,0.2642403468489647,128,7.264109015464783,128,0.40356161445379257,128,0.3749341368675232,128,0.625065878033638,128,0.19617321714758873,128,-0.1527119129896164,128,0.9436139762401581,128,1.0,128,1.0,128,0.0,128,18.0,128,0.4301265701651573,128,-1.4053161144256592,128,-0.7608717828989029,128
noisy,63,25,6,0.4007810652256012,128,8.748979568481445,128,0.4860544204711914,128,0.10352467745542526,128,0.8964753597974777,128,0.21862876787781715,128,0.11869756877422333,128,0.7361786514520645,128,5.5,128,0.8888888955116272,128,0.11764705926179886,128,6.0,128,0.7453633397817612,128,0.09021991025656462,128,-0.17843571305274963,128
noisy,63,25,7,0.9053256809711456,128,13.203382968902588,128,0.7335212677717209,128,0.007109550293534994,128,0.9928904622793198,128,0.4484296888113022,128,0.21511267125606537,128,0.5861117392778397,128,18.0,128,0.3333333432674408,128,0.29411765933036804,128,6.0,128,0.9460884034633636,128,0.7399447858333588,128,0.24678418040275574,128
noisy,63,25,8,0.2915762662887573,128,5.00707733631134,128,0.27817096561193466,128,0.6347533315420151,128,0.3652466908097267,128,0.05651718005537987,128,-0.4125311002135277,128,0.7179725468158722,128,1.0,128,1.0,128,0.0,128,18.0,128,0.4930841699242592,128,-1.5084290206432343,128,-0.7454479038715363,128
noisy,63,25,9,0.36024028062820435,128,10.52326226234436,128,0.5846256762742996,128,0.06510770879685879,128,0.9348922669887543,128,0.27922745048999786,128,0.15711447596549988,128,0.7345660626888275,128,11.0,128,0.7777777910232544,128,0.23529411852359772,128,6.0,128,0.8839264363050461,128,0.43844591081142426,128,0.019314518198370934,128
noisy,63,25,10,0.27193571627140045,128,6.42108428478241,128,0.35672690719366074,128,0.5269884318113327,128,0.4730115532875061,128,0.18661440163850784,128,-0.3047662377357483,128,0.8805949240922928,128,1.0,128,1.0,128,0.0,128,18.0,128,0.712041825056076,128,-1.7840953469276428,128,-0.6498455703258514,128
noisy,63,25,11,0.2530493512749672,128,4.8270357847213745,128,0.2681686505675316,128,0.6256980746984482,128,0.37430190294981003,128,0.09600362367928028,128,-0.40347588807344437,128,0.7547459155321121,128,1.0,128,1.0,128,0.0,128,18.0,128,0.4662843495607376,128,-1.606637418270111,128,-0.7605159133672714,128
noisy,63,26,0,0.3398277685046196,128,7.822489619255066,128,0.43458275496959686,128,0.3638986423611641,128,0.6361013799905777,128,0.24255286902189255,128,-0.1416764110326767,128,0.9567157179117203,128,1.0,128,1.0,128,0.0,128,18.0,128,0.4775792881846428,128,-1.4579222798347473,128,-0.5626842230558395,128
noisy,63,26,1,0.33654285222291946,128,9.127153396606445,128,0.5070640817284584,128,0.2285519279539585,128,0.7714481204748154,128,0.2434103526175022,128,-0.006329670548439026,128,0.9200638830661774,128,10.0,128,1.0,128,0.0,128,6.0,128,0.49688007682561874,128,-0.22273296117782593,128,-0.16179675608873367,128
noisy,63,26,2,0.18634140864014626,128,3.5168213844299316,128,0.19537896290421486,128,0.7326719462871552,128,0.26732806861400604,128,0.03855591267347336,128,-0.5104497224092484,128,0.671280562877655,128,1.0,128,1.0,128,0.0,128,18.0,128,0.46826300770044327,128,-1.788769781589508,128,-0.863427922129631,128
noisy,63,26,3,0.21880066022276878,128,7.328428387641907,128,0.40713491290807724,128,0.380680575966835,128,0.619319424033165,128,0.208881925791502,128,-0.15845836699008942,128,0.9527378231287003,128,1.0,128,1.0,128,0.0,128,18.0,128,0.5940550118684769,128,-1.5573344826698303,128,-0.7496395856142044,128
noisy,63,26,4,0.3861517906188965,128,10.11609673500061,128,0.5620053708553314,128,0.15239731967449188,128,0.8476026952266693,128,0.3570001572370529,128,0.06982490420341492,128,0.8005475252866745,128,18.0,128,1.0,128,0.0,128,6.0,128,0.8254881054162979,128,0.11941557191312313,128,-0.05658118333667517,128
noisy,63,26,5,0.2535124234855175,128,7.206533193588257,128,0.400362953543663,128,0.3814697563648224,128,0.6185302734375,128,0.20607171580195427,128,-0.1592475175857544,128,0.7964132577180862,128,1.0,128,1.0,128,0.0,128,6.0,128,0.5334817320108414,128,-0.7874077707529068,128,-0.36369917541742325,128
noisy,63,26,6,0.21198570728302002,128,3.976637065410614,128,0.2209242843091488,128,0.7374383360147476,128,0.26256170123815536,128,0.07237960211932659,128,-0.5152160748839378,128,0.6760219931602478,128,1.0,128,1.0,128,0.0,128,18.0,128,0.6189765930175781,128,-1.7912507951259613,128,-0.7582526504993439,128
noisy,63,26,7,0.29934462904930115,128,8.537453413009644,128,0.4743029624223709,128,0.2943580225110054,128,0.7056419849395752,128,0.24238193035125732,128,-0.0721358060836792,128,0.8282688856124878,128,1.0,128,1.0,128,0.0,128,6.0,128,0.6521807760000229,128,-0.5243301317095757,128,-0.2322612851858139,128
noisy,63,26,8,0.23162731155753136,128,3.131928861141205,128,0.17399604991078377,128,0.8117595762014389,128,0.1882404424250126,128,0.03339752182364464,128,-0.5895373523235321,128,0.5693164467811584,128,1.0,128,1.0,128,0.0,128,18.0,128,0.5362555682659149,128,-1.6981037855148315,128,-0.7856560498476028,128
noisy,63,26,9,0.22631816938519478,128,5.2789894342422485,128,0.29327719658613205,128,0.6039428859949112,128,0.3960571214556694,128,0.10987080819904804,128,-0.381720669567585,128,0.7569249719381332,128,1.0,128,1.0,128,0.0,128,18.0,128,0.5333183705806732,128,-1.5169897973537445,128,-0.6195004433393478,128
noisy,63,26,10,0.5085485428571701,128,10.62053108215332,128,0.5900295078754425,128,0.23609880357980728,128,0.7639012336730957,128,0.43943920731544495,128,-0.013876557350158691,128,0.7556272149085999,128,18.0,128,1.0,128,0.0,128,6.0,128,0.5536172837018967,128,-0.19007476046681404,128,-0.040547202341258526,128
noisy,63,26,11,0.2132042832672596,128,5.040378212928772,128,0.2800210118293762,128,0.6316114366054535,128,0.3683885633945465,128,0.0676644928753376,128,-0.4093892276287079,128,0.7070816308259964,128,1.0,128,1.0,128,0.0,128,18.0,128,0.47693534940481186,128,-1.532045155763626,128,-0.6904642730951309,128
noisy,63,27,0,0.25312869995832443,128,7.57112729549408,128,0.4206181913614273,128,0.3775319755077362,128,0.6224680244922638,128,0.22059009596705437,128,-0.1553097665309906,128,0.9453080743551254,128,1.0,128,1.0,128,0.0,128,18.0,128,0.6067814528942108,128,-1.6363067626953125,128,-0.7232093811035156,128
noisy,63,27,1,0.17995698377490044,128,7.512222409248352,128,0.41734568774700165,128,0.4663281813263893,128,0.5336718410253525,128,0.2829241082072258,128,-0.24410594999790192,128,0.9129726588726044,128,1.0,128,1.0,128,0.0,128,18.0,128,0.8380439281463623,128,-1.7824982702732086,128,-0.39316417276859283,128
noisy,63,27,2,0.14067518711090088,128,1.8989895284175873,128,0.10549941845238209,128,0.934081181883812,128,0.06591887306421995,128,0.009717049077153206,128,-0.7118589133024216,128,0.4261641576886177,128,1.0,128,1.0,128,0.0,128,18.0,128,0.5436210185289383,128,-1.9200204908847809,128,-0.8363998681306839,128
noisy,63,27,3,0.20812293514609337,128,4.684166669845581,128,0.26023148000240326,128,0.6657029539346695,128,0.3342970237135887,128,0.1287610623985529,128,-0.4434807673096657,128,0.7311170101165771,128,1.0,128,1.0,128,0.0,128,18.0,128,0.7400602400302887,128,-1.6464590430259705,128,-0.6373655050992966,128
noisy,63,27,4,0.1571332924067974,128,8.250727415084839,128,0.4583737403154373,128,0.3408612981438637,128,0.6591387242078781,128,0.2750440090894699,128,-0.11863906681537628,128,0.9803743660449982,128,1.0,128,1.0,128,0.0,128,18.0,128,0.5758996307849884,128,-1.9123903214931488,128,-0.6636385470628738,128
noisy,63,27,5,0.19495266675949097,128,8.235390901565552,128,0.4575217142701149,128,0.34334881603717804,128,0.656651183962822,128,0.27705301344394684,128,-0.12112660706043243,128,0.9743633717298508,128,1.0,128,1.0,128,0.0,128,18.0,128,0.517635241150856,128,-1.7415222227573395,128,-0.5868779420852661,128
noisy,63,27,6,0.48719118535518646,128,12.686944961547852,128,0.7048302739858627,128,0.019928064197301865,128,0.9800719916820526,128,0.4953765869140625,128,0.20229420065879822,128,0.6053697764873505,128,18.0,128,1.0,128,0.0,128,6.0,128,0.8537544161081314,128,0.45987480878829956,128,0.028934177942574024,128
noisy,63,27,7,0.5139358341693878,128,13.064962387084961,128,0.7258312404155731,128,0.02884676167741418,128,0.9711532443761826,128,0.5458235591650009,128,0.19337545335292816,128,0.6222538203001022,128,18.0,128,1.0,128,0.0,128,6.0,128,0.8187386691570282,128,0.6538311839103699,128,0.08200601302087307,128
noisy,63,27,8,0.1765548214316368,128,4.733063340187073,128,0.2629479616880417,128,0.6213711202144623,128,0.3786288946866989,128,0.05193128250539303,128,-0.3991488963365555,128,0.7751517295837402,128,1.0,128,1.0,128,0.0,128,18.0,128,0.5051879584789276,128,-1.6147734820842743,128,-0.8397230952978134,128
noisy,63,27,9,0.35029418021440506,128,6.180559992790222,128,0.3433644399046898,128,0.4295807182788849,128,0.5704192668199539,128,0.11992578394711018,128,-0.20735852420330048,128,0.7808403670787811,128,1.0,128,1.0,128,0.0,128,6.0,128,0.4605412483215332,128,-0.7798670381307602,128,-0.5194302573800087,128
noisy,63,27,10,0.324338361620903,128,8.769532203674316,128,0.4871962368488312,128,0.1284554786980152,128,0.8715445399284363,128,0.1967480257153511,128,0.09376674890518188,128,0.7469728738069534,128,5.0,128,1.0,128,0.0,128,6.0,128,0.8077372610569,128,0.015791543060913682,128,-0.13765059038996696,128
noisy,63,27,11,0.3242020383477211,128,3.842072904109955,128,0.21344849467277527,128,0.6627904623746872,128,0.3372095078229904,128,0.021940935403108597,128,-0.440568283200264,128,0.5636899322271347,128,1.0,128,1.0,128,0.0,128,18.0,128,0.5042687132954597,128,-1.269281417131424,128,-0.698856994509697,128
noisy,63,28,0,0.0483418432995677,128,1.0493592023849487,128,0.05829773470759392,128,0.9990101158618927,128,0.0009898932476062328,128,0.00015561025429633446,128,-0.7767878919839859,128,0.06169190537184477,128,1.0,128,1.0,128,0.0,128,6.0,128,0.4780111461877823,128,-1.5422866344451904,128,-0.7925055772066116,128
noisy,63,28,1,0.17394190281629562,128,1.7460653185844421,128,0.09700362756848335,128,0.9228069633245468,128,0.07719304971396923,128,0.016239071497693658,128,-0.70058473944664,128,0.27957866340875626,128,1.0,128,1.0,128,0.0,128,6.0,128,0.41270699352025986,128,-1.46616792678833,128,-0.6600226312875748,128
noisy,63,28,2,0.12548799626529217,128,4.878133416175842,128,0.2710074111819267,128,0.6335618793964386,128,0.3664381355047226,128,0.09290448017418385,128,-0.4113396555185318,128,0.8288701474666595,128,1.0,128,1.0,128,0.0,128,18.0,128,0.40845465660095215,128,-2.0085496604442596,128,-0.8923293799161911,128
noisy,63,28,3,0.14475315064191818,128,6.653434634208679,128,0.3696352541446686,128,0.4455791413784027,128,0.5544208884239197,128,0.15623030439019203,128,-0.22335690259933472,128,0.9279728084802628,128,1.0,128,1.0,128,0.0,128,18.0,128,0.49823370575904846,128,-1.7967144846916199,128,-0.8684280663728714,128
noisy,63,28,4,0.15214157849550247,128,7.844359397888184,128,0.435797743499279,128,0.3423464149236679,128,0.6576535850763321,128,0.22014287486672401,128,-0.1201242059469223,128,0.9711932092905045,128,4.0,128,1.0,128,0.0,128,18.0,128,0.6872424334287643,128,-1.6023686230182648,128,-0.7859933376312256,128
noisy,63,28,5,0.28799743950366974,128,10.957417249679565,128,0.6087453961372375,128,0.16199477761983871,128,0.8380052149295807,128,0.41797878593206406,128,0.060227423906326294,128,0.8384547978639603,128,18.0,128,1.0,128,0.0,128,6.0,128,0.8280485421419144,128,0.4226033166050911,128,0.10952820628881454,128
noisy,63,28,6,0.48874853551387787,128,12.33999514579773,128,0.6855552792549133,128,0.08041904680430889,128,0.9195809662342072,128,0.5116414129734039,128,0.14180317521095276,128,0.6803751587867737,128,18.0,128,1.0,128,0.0,128,6.0,128,0.7734391987323761,128,0.1517815999686718,128,-0.03673350717872381,128
noisy,63,28,7,0.14558235555887222,128,8.765658140182495,128,0.48698101192712784,128,0.3475089967250824,128,0.65249103307724,128,0.337305910885334,128,-0.1252867579460144,128,0.9726144969463348,128,1.0,128,1.0,128,0.0,128,18.0,128,0.7734207510948181,128,-1.7843946516513824,128,-0.2754554897546768,128
noisy,63,28,8,0.730724424123764,128,16.756123542785645,128,0.9308957606554031,128,0.0,128,0.9999999701976776,128,0.8194968998432159,128,0.22222217917442322,128,0.27303222566843033,128,18.0,128,1.0,128,0.0,128,6.0,128,0.8488807529211044,128,0.9608421474695206,128,0.46355555206537247,128
noisy,63,28,9,0.24899794906377792,128,4.468384504318237,128,0.24824358150362968,128,0.6706645488739014,128,0.32933542132377625,128,0.07572132162749767,128,-0.44844236969947815,128,0.7264177650213242,128,1.0,128,1.0,128,0.0,128,18.0,128,0.6174114793539047,128,-1.6298793256282806,128,-0.7482513636350632,128
noisy,63,28,10,0.3133633956313133,128,12.682658910751343,128,0.7045921683311462,128,0.029572375118732452,128,0.9704276323318481,128,0.46387532353401184,128,0.19264984130859375,128,0.6522562056779861,128,18.0,128,0.9861111044883728,128,0.029411764815449715,128,6.0,128,0.9477076530456543,128,0.48798635601997375,128,0.17131583020091057,128
noisy,63,28,11,0.7942094504833221,128,17.908283710479736,128,0.9949046522378922,128,0.0,128,1.0,128,0.9885642975568771,128,0.2222222089767456,128,0.03588343225419521,128,18.0,128,1.0,128,0.0,128,6.0,128,0.8791546076536179,128,0.9915253072977066,128,0.41756610572338104,128
noisy,63,29,0,0.6247650235891342,128,11.535104751586914,128,0.640839159488678,128,0.12318572215735912,128,0.8768142908811569,128,0.46309780329465866,128,0.09903649985790253,128,0.7788665592670441,128,18.0,128,1.0,128,0.0,128,6.0,128,0.7100429087877274,128,0.08640152402222157,128,-0.012600020039826632,128
noisy,63,29,1,0.17885706573724747,128,7.965701580047607,128,0.4425389766693115,128,0.3970886096358299,128,0.6029113680124283,128,0.28323040157556534,128,-0.1748664230108261,128,0.9543124139308929,128,1.0,128,1.0,128,0.0,128,18.0,128,0.6381723880767822,128,-1.8273386657238007,128,-0.5263253822922707,128
noisy,63,29,2,0.6797341704368591,128,16.621243000030518,128,0.9234023988246918,128,0.004564859671518207,128,0.9954351633787155,128,0.8661102056503296,128,0.21765737235546112,128,0.3685743361711502,128,18.0,128,1.0,128,0.0,128,6.0,128,0.6823089718818665,128,0.8386516869068146,128,0.23634791746735573,128
noisy,63,29,3,0.14324280992150307,128,3.555273115634918,128,0.19751517474651337,128,0.7544147968292236,128,0.24558522179722786,128,0.04627617169171572,128,-0.532192587852478,128,0.7016900330781937,128,1.0,128,1.0,128,0.0,128,18.0,128,0.530113086104393,128,-1.9687735438346863,128,-0.9097676575183868,128
noisy,63,29,4,0.2183236926794052,128,6.824270844459534,128,0.3791261687874794,128,0.5119073390960693,128,0.48809266090393066,128,0.23001087084412575,128,-0.28968513011932373,128,0.8504157811403275,128,1.0,128,1.0,128,0.0,128,18.0,128,0.5449385344982147,128,-1.5796427726745605,128,-0.41782358288764954,128
noisy,63,29,5,0.23658594489097595,128,7.547466158866882,128,0.41930367797613144,128,0.4893675968050957,128,0.5106323882937431,128,0.2855617552995682,128,-0.26714540272951126,128,0.8654321432113647,128,1.0,128,1.0,128,0.0,128,18.0,128,0.6932612508535385,128,-1.5144715905189514,128,-0.35093264281749725,128
noisy,63,29,6,0.11661682091653347,128,7.836777210235596,128,0.43537651747465134,128,0.3603139594197273,128,0.6396860182285309,128,0.24495531246066093,128,-0.1380917727947235,128,0.9723382741212845,128,1.0,128,1.0,128,0.0,128,18.0,128,0.6535095125436783,128,-1.9804807007312775,128,-0.8517699986696243,128
noisy,63,29,7,0.24308208376169205,128,10.722454071044922,128,0.5956918895244598,128,0.14582247659564018,128,0.8541775196790695,128,0.4047926738858223,128,0.07639972865581512,128,0.8554937541484833,128,18.0,128,1.0,128,0.0,128,6.0,128,0.738360121846199,128,0.21730490028858185,128,0.0189756149193272,128
noisy,63,29,8,0.12064994126558304,128,4.692575454711914,128,0.260698638856411,128,0.6404878497123718,128,0.35951215773820877,128,0.09044106863439083,128,-0.4182656332850456,128,0.8032238781452179,128,1.0,128,1.0,128,0.0,128,18.0,128,0.685373455286026,128,-2.0222752690315247,128,-0.8489724844694138,128
noisy,63,29,9,0.6064995974302292,128,5.1107975244522095,128,0.28393319621682167,128,0.7581339478492737,128,0.2418660819530487,128,0.24174924567341805,128,-0.5359117090702057,128,0.14041193574666977,128,1.0,128,1.0,128,0.0,128,6.0,128,0.8093271702528,128,0.4474555477499962,128,0.006665859720669687,128
noisy,63,29,10,0.15557169169187546,128,10.323278188705444,128,0.573515459895134,128,0.21281900256872177,128,0.78718101978302,128,0.3912210837006569,128,0.009403228759765625,128,0.932335376739502,128,18.0,128,1.0,128,0.0,128,6.0,128,0.5916819870471954,128,-0.15850047953426838,128,0.04493480734527111,128
noisy,63,29,11,0.4580230936408043,128,9.876723051071167,128,0.5487068295478821,128,0.3545927256345749,128,0.6454072743654251,128,0.42303770780563354,128,-0.13237051665782928,128,0.799094632267952,128,17.0,128,1.0,128,0.0,128,18.0,128,0.5184830129146576,128,-1.0414270162582397,128,-0.12537449784576893,128
noisy,84,0,0,0.15031512081623077,128,6.336739897727966,128,0.3520411029458046,128,0.4280686154961586,128,0.5719314217567444,128,0.11526751704514027,128,-0.20584636926651,128,0.9227753579616547,128,1.0,128,0.7777777910232544,128,0.11764705926179886,128,18.0,128,0.7726619094610214,128,-1.5132485330104828,128,-0.8894432932138443,128
noisy,84,0,1,0.1469874046742916,128,3.649622082710266,128,0.20275678485631943,128,0.7857991456985474,128,0.21420083194971085,128,0.10457651503384113,128,-0.5635769367218018,128,0.6235512644052505,128,1.0,128,1.0,128,0.0,128,18.0,128,0.7129880338907242,128,-1.9152096211910248,128,-0.5758295357227325,128
noisy,84,0,2,0.19201191142201424,128,9.668739557266235,128,0.5371522009372711,128,0.22474079206585884,128,0.7752592116594315,128,0.3535941541194916,128,-0.002518579363822937,128,0.9975202083587646,128,18.0,128,1.0,128,0.0,128,18.0,128,0.5040028393268585,128,-0.19289546832442284,128,0.24129844456911087,128
noisy,84,0,3,0.16844536364078522,128,9.412935018539429,128,0.5229408144950867,128,0.22559011727571487,128,0.7744098752737045,128,0.3248621076345444,128,-0.0033679157495498657,128,0.9992886483669281,128,7.0,128,1.0,128,0.0,128,18.0,128,0.49648209661245346,128,-0.4910234212875366,128,-0.30028722435235977,128
noisy,84,0,4,0.42058342695236206,128,13.422366380691528,128,0.7456870228052139,128,0.07154843024909496,128,0.9284515976905823,128,0.5930872112512589,128,0.15067380666732788,128,0.6560729742050171,128,18.0,128,1.0,128,0.0,128,6.0,128,0.8347592502832413,128,0.3112128973007202,128,0.09286045655608177,128
noisy,84,0,5,0.5102262273430824,128,14.700902462005615,128,0.8167167901992798,128,0.030133746564388275,128,0.9698662757873535,128,0.6307373046875,128,0.19208848476409912,128,0.6063697934150696,128,18.0,128,1.0,128,0.0,128,6.0,128,0.7581542134284973,128,0.8706711679697037,128,0.4796857684850693,128
noisy,84,0,6,0.47700734436511993,128,10.265475273132324,128,0.570304200053215,128,0.1901114359498024,128,0.8098886162042618,128,0.40579262375831604,128,0.032110825181007385,128,0.6989403367042542,128,18.0,128,1.0,128,0.0,128,6.0,128,0.6377086788415909,128,-0.12619431130588055,128,-0.20368893072009087,128
noisy,84,0,7,0.39023634791374207,128,9.088951587677002,128,0.5049417540431023,128,0.2662442624568939,128,0.7337557226419449,128,0.2933889925479889,128,-0.04402206838130951,128,0.9546136409044266,128,5.0,128,1.0,128,0.0,128,6.0,128,0.67234867811203,128,-0.5935518145561218,128,-0.18215470388531685,128
noisy,84,0,8,0.1769632212817669,128,9.456640720367432,128,0.5253689289093018,128,0.22548675164580345,128,0.7745132744312286,128,0.331410750746727,128,-0.003264516592025757,128,0.9995424002408981,128,7.0,128,1.0,128,0.0,128,18.0,128,0.4537944495677948,128,-0.5187089294195175,128,-0.16869578510522842,128
noisy,84,0,9,0.30108742415905,128,10.232374429702759,128,0.5684652626514435,128,0.2337951958179474,128,0.7662047743797302,128,0.4166831448674202,128,-0.01157301664352417,128,0.9769147783517838,128,18.0,128,0.6111111044883728,128,0.11764705926179886,128,18.0,128,0.6259603649377823,128,-0.3519730940461159,128,0.31349264085292816,128
noisy,84,0,10,0.2956991121172905,128,15.168705463409424,128,0.8427058607339859,128,0.004008918709587306,128,0.9959910660982132,128,0.8423909246921539,128,0.2182132750749588,128,0.7532185316085815,128,18.0,128,1.0,128,0.0,128,18.0,128,0.5684134811162949,128,1.907523512840271,128,0.9820693880319595,128
noisy,84,0,11,0.4253028482198715,128,12.066866397857666,128,0.6703814715147018,128,0.21540337055921555,128,0.784596636891365,128,0.5174934715032578,128,0.006818845868110657,128,0.70284703373909,128,18.0,128,1.0,128,0.0,128,6.0,128,0.45494643598794937,128,-0.12441553547978401,128,0.32684891670942307,128
noisy,84,1,0,0.18893054127693176,128,6.07792341709137,128,0.3376624137163162,128,0.5611597150564194,128,0.4388402998447418,128,0.18841799348592758,128,-0.3389374911785126,128,0.8516176640987396,128,1.0,128,1.0,128,0.0,128,18.0,128,0.5064142569899559,128,-1.9664804637432098,128,-0.5936049520969391,128
noisy,84,1,1,0.2365570217370987,128,12.342468976974487,128,0.6856927126646042,128,0.009802500368095934,128,0.99019755423069,128,0.41995011270046234,128,0.2124197632074356,128,0.5771823674440384,128,14.5,128,0.6666666865348816,128,0.3529411852359772,128,6.0,128,0.9413880854845047,128,0.6096682846546173,128,0.17630408331751823,128
noisy,84,1,2,0.25874949619174004,128,6.078517556190491,128,0.3376954197883606,128,0.6192602515220642,128,0.3807397559285164,128,0.23369261249899864,128,-0.397038035094738,128,0.7815490067005157,128,1.0,128,1.0,128,0.0,128,18.0,128,0.6130689680576324,128,-1.533338040113449,128,-0.2294924259185791,128
noisy,84,1,3,0.2659783512353897,128,8.429670572280884,128,0.4683150351047516,128,0.43513982743024826,128,0.5648601353168488,128,0.3802252858877182,128,-0.21291765570640564,128,0.8537494540214539,128,1.0,128,1.0,128,0.0,128,18.0,128,0.8220788836479187,128,-1.2228359580039978,128,-0.12565913051366806,128
noisy,84,1,4,0.25626442953944206,128,4.30596399307251,128,0.23922022059559822,128,0.7151283770799637,128,0.2848716154694557,128,0.11464144289493561,128,-0.4929061755537987,128,0.6109799891710281,128,1.0,128,1.0,128,0.0,128,9.0,128,0.3956718221306801,128,-1.3987519443035126,128,-0.5363378077745438,128
noisy,84,1,5,0.1116445790976286,128,9.51205849647522,128,0.528447687625885,128,0.2312740758061409,128,0.7687259614467621,128,0.3322296366095543,128,-0.00905182957649231,128,0.9874434173107147,128,18.0,128,1.0,128,0.0,128,9.0,128,0.6837480962276459,128,-0.30956560745835304,128,-0.07199567463248968,128
noisy,84,1,6,0.17409294098615646,128,13.98938798904419,128,0.7771882116794586,128,0.06366868503391743,128,0.9363313168287277,128,0.7249645739793777,128,0.15855352580547333,128,0.7874540984630585,128,16.0,128,0.7222222089767456,128,0.1764705926179886,128,6.0,128,0.48479048907756805,128,0.886955738067627,128,0.7843528389930725,128
noisy,84,1,7,0.16880573704838753,128,6.652378439903259,128,0.3695765808224678,128,0.3376411646604538,128,0.662358820438385,128,0.11712626740336418,128,-0.11541897058486938,128,0.9089165329933167,128,5.5,128,1.0,128,0.0,128,18.0,128,0.9102571755647659,128,-1.0521095544099808,128,-0.7909158021211624,128
noisy,84,1,8,0.32743000984191895,128,13.192594051361084,128,0.7329218834638596,128,0.03129730327054858,128,0.9687026739120483,128,0.5629502981901169,128,0.19092488288879395,128,0.6053881347179413,128,18.0,128,1.0,128,0.0,128,6.0,128,0.9065124988555908,128,0.3266746699810028,128,0.11477542296051979,128
noisy,84,1,9,0.32352689653635025,128,10.620068311691284,128,0.5900038033723831,128,0.25607652217149734,128,0.7439234703779221,128,0.4585283026099205,128,-0.033854320645332336,128,0.9030806571245193,128,16.0,128,1.0,128,0.0,128,6.0,128,0.6092445701360703,128,-0.6612966954708099,128,0.09647270664572716,128
noisy,84,1,10,0.15732168778777122,128,9.035753011703491,128,0.5019862726330757,128,0.29491931200027466,128,0.7050807178020477,128,0.319336973130703,128,-0.07269707322120667,128,0.9687137305736542,128,9.5,128,1.0,128,0.0,128,18.0,128,0.5568040534853935,128,-1.0045317709445953,128,-0.2617419734597206,128
noisy,84,1,11,0.14707613736391068,128,6.475001096725464,128,0.3597222864627838,128,0.4646393805742264,128,0.5353606045246124,128,0.1504988968372345,128,-0.24241718649864197,128,0.9043227881193161,128,1.0,128,1.0,128,0.0,128,18.0,128,0.4704006537795067,128,-1.5866981744766235,128,-0.7576149106025696,128
noisy,84,2,0,0.19113635271787643,128,7.837524652481079,128,0.435418039560318,128,0.38982995599508286,128,0.6101700365543365,128,0.2568269297480583,128,-0.16760775446891785,128,0.9604616463184357,128,1.0,128,1.0,128,0.0,128,18.0,128,0.5074874088168144,128,-1.942844569683075,128,-0.601396307349205,128
noisy,84,2,1,0.15224675089120865,128,7.888177156448364,128,0.43823206424713135,128,0.3959517627954483,128,0.6040482223033905,128,0.28209250420331955,128,-0.1737295687198639,128,0.954493060708046,128,1.0,128,1.0,128,0.0,128,18.0,128,0.5300547480583191,128,-1.8580305874347687,128,-0.5107166692614555,128
noisy,84,2,2,0.1803111955523491,128,6.045332551002502,128,0.3358518108725548,128,0.518717996776104,128,0.481282003223896,128,0.14931365847587585,128,-0.29649578779935837,128,0.8945455253124237,128,3.0,128,1.0,128,0.0,128,18.0,128,0.8029089719057083,128,-1.9226112067699432,128,-0.8396600186824799,128
noisy,84,2,3,0.5686357170343399,128,13.14958143234253,128,0.7305323034524918,128,0.07001680880784988,128,0.9299831986427307,128,0.5608467608690262,128,0.15220540761947632,128,0.6522977501153946,128,18.0,128,1.0,128,0.0,128,6.0,128,0.9128735363483429,128,0.37738440930843353,128,0.1595209203660488,128
noisy,84,2,4,0.6066692471504211,128,14.646321773529053,128,0.8136845380067825,128,0.04718331154435873,128,0.9528166204690933,128,0.7481964379549026,128,0.17503882944583893,128,0.5222067981958389,128,17.0,128,1.0,128,0.0,128,6.0,128,0.8661085218191147,128,0.4861549362540245,128,0.30662689357995987,128
noisy,84,2,5,0.11369651556015015,128,7.106934905052185,128,0.39482972025871277,128,0.3574982210993767,128,0.6425017565488815,128,0.1877971850335598,128,-0.13527603447437286,128,0.7984081506729126,128,8.0,128,0.8055555522441864,128,0.23529412597417831,128,6.0,128,0.888038381934166,128,-0.7908818870782852,128,-0.4348514750599861,128
noisy,84,2,6,0.1993337906897068,128,9.42749571800232,128,0.5237497538328171,128,0.2497718408703804,128,0.7502281665802002,128,0.3339475616812706,128,-0.0275496244430542,128,0.9840797334909439,128,1.0,128,1.0,128,0.0,128,9.0,128,0.5199518650770187,128,-0.37990183383226395,128,0.10072154551744461,128
noisy,84,2,7,0.5093165412545204,128,12.68925929069519,128,0.7049588561058044,128,0.16044102981686592,128,0.8395589888095856,128,0.6079910397529602,128,0.06178119778633118,128,0.6873276084661484,128,18.0,128,1.0,128,0.0,128,6.0,128,0.5714218020439148,128,-0.14869069959968328,128,0.05628261622041464,128
noisy,84,2,8,0.38937171548604965,128,9.797423362731934,128,0.5443012863397598,128,0.26376786455512047,128,0.7362321615219116,128,0.3912956863641739,128,-0.04154562950134277,128,0.7721910774707794,128,18.0,128,1.0,128,0.0,128,6.0,128,0.5137799456715584,128,-0.22367635741829872,128,-0.18950097262859344,128
noisy,84,2,9,0.1152395736426115,128,8.37472915649414,128,0.465262733399868,128,0.3136415258049965,128,0.6863584965467453,128,0.2627909705042839,128,-0.0914192944765091,128,0.9488012045621872,128,3.0,128,1.0,128,0.0,128,6.0,128,0.5700700432062149,128,-0.9403848797082901,128,-0.3697085604071617,128
noisy,84,2,10,0.23025137558579445,128,9.537545204162598,128,0.529863640666008,128,0.11359259113669395,128,0.8864073753356934,128,0.24734468758106232,128,0.10862958431243896,128,0.7885166108608246,128,6.0,128,1.0,128,0.0,128,6.0,128,0.839206263422966,128,0.32296372950077057,128,-0.11111455410718918,128
noisy,84,2,11,0.4944334998726845,128,7.971883535385132,128,0.4428824186325073,128,0.3719370365142822,128,0.628062978386879,128,0.26779327914118767,128,-0.14971481263637543,128,0.8587746620178223,128,1.0,128,1.0,128,0.0,128,6.0,128,0.5969961285591125,128,-0.897463858127594,128,-0.2576211765408516,128
noisy,84,3,0,0.6288014501333237,128,14.442920446395874,128,0.8023844659328461,128,0.03316436056047678,128,0.9668356329202652,128,0.6442904025316238,128,0.1890578418970108,128,0.6173637509346008,128,18.0,128,1.0,128,0.0,128,6.0,128,0.7197519540786743,128,0.9840066730976105,128,0.48466956615448,128
noisy,84,3,1,0.1960546411573887,128,8.301319360733032,128,0.46118441224098206,128,0.3282302916049957,128,0.6717697232961655,128,0.23916903138160706,128,-0.10600806772708893,128,0.9448544681072235,128,1.0,128,1.0,128,0.0,128,7.5,128,0.45662254095077515,128,-1.0411691218614578,128,-0.3732268586754799,128
noisy,84,3,2,0.29353397339582443,128,8.248864889144897,128,0.45827027410268784,128,0.09375648573040962,128,0.9062435179948807,128,0.17163410037755966,128,0.12846572697162628,128,0.6363132447004318,128,5.0,128,0.8333333432674408,128,0.23529411852359772,128,6.0,128,0.8028711974620819,128,-0.13763408735394478,128,-0.10712745226919651,128
noisy,84,3,3,0.19547931849956512,128,8.399168729782104,128,0.46662048250436783,128,0.29260094463825226,128,0.7073990553617477,128,0.2036479488015175,128,-0.07037873566150665,128,0.958885669708252,128,10.0,128,1.0,128,0.0,128,9.0,128,0.5225608646869659,128,-0.9789992719888687,128,-0.5128715634346008,128
noisy,84,3,4,0.3984798267483711,128,13.64103889465332,128,0.7578354924917221,128,0.0057504980359226465,128,0.9942494779825211,128,0.5599657744169235,128,0.21647168695926666,128,0.5371330976486206,128,18.0,128,0.75,128,0.29411765187978745,128,6.0,128,0.9375834763050079,128,0.6765091121196747,128,0.14586197957396507,128
noisy,84,3,5,0.17915136739611626,128,5.344096541404724,128,0.29689424484968185,128,0.614993080496788,128,0.38500693440437317,128,0.12993930652737617,128,-0.3927708566188812,128,0.8509495854377747,128,2.0,128,1.0,128,0.0,128,18.0,128,0.6187388747930527,128,-2.073903501033783,128,-0.7954358607530594,128
noisy,84,3,6,0.22442049160599709,128,6.7437721490859985,128,0.37465400993824005,128,0.4167861342430115,128,0.5832138955593109,128,0.15050384402275085,128,-0.19456389546394348,128,0.9297700673341751,128,2.0,128,1.0,128,0.0,128,18.0,128,0.6171449720859528,128,-1.557206153869629,128,-0.8831729292869568,128
noisy,84,3,7,0.6549644321203232,128,17.335877418518066,128,0.9631042927503586,128,0.0008556749380659312,128,0.9991443306207657,128,0.9443774819374084,128,0.2213665395975113,128,0.1947142258286476,128,18.0,128,1.0,128,0.0,128,6.0,128,0.8032446503639221,128,0.976448729634285,128,0.2824086621403694,128
noisy,84,3,8,0.25197286158800125,128,7.378919839859009,128,0.4099399894475937,128,0.4015456661581993,128,0.5984543561935425,128,0.2083391547203064,128,-0.17932343482971191,128,0.948651522397995,128,1.0,128,1.0,128,0.0,128,18.0,128,0.5264323651790619,128,-1.7904379665851593,128,-0.7313664257526398,128
noisy,84,3,9,0.35000185668468475,128,9.76404857635498,128,0.5424471497535706,128,0.24895432218909264,128,0.7510456442832947,128,0.38432277739048004,128,-0.026732146739959717,128,0.9711690843105316,128,10.0,128,1.0,128,0.0,128,18.0,128,0.5973228961229324,128,-0.5118846083059907,128,0.07375829108059406,128
noisy,84,3,10,0.2279035896062851,128,7.9138792753219604,128,0.4396599605679512,128,0.3737153336405754,128,0.6262846738100052,128,0.25107187405228615,128,-0.1514931172132492,128,0.9608011096715927,128,1.0,128,1.0,128,0.0,128,18.0,128,0.5436353534460068,128,-1.8599431216716766,128,-0.6147305518388748,128
noisy,84,3,11,0.3223038837313652,128,8.093963861465454,128,0.4496646672487259,128,0.34157954901456833,128,0.6584204733371735,128,0.22865795344114304,128,-0.11935731768608093,128,0.959213137626648,128,1.0,128,1.0,128,0.0,128,9.0,128,0.43955785781145096,128,-1.3365667760372162,128,-0.5250567048788071,128
noisy,84,4,0,0.4373999610543251,128,11.807690382003784,128,0.6559828072786331,128,0.16187084093689919,128,0.8381292074918747,128,0.5534075647592545,128,0.0603514164686203,128,0.9079899936914444,128,17.0,128,1.0,128,0.0,128,18.0,128,0.6169556528329849,128,0.469522587954998,128,0.5547867864370346,128
noisy,84,4,1,0.19411300867795944,128,5.913649201393127,128,0.3285360634326935,128,0.5050594657659531,128,0.49494052678346634,128,0.1175511833280325,128,-0.28283726423978806,128,0.8923516869544983,128,2.0,128,1.0,128,0.0,128,18.0,128,0.6037162691354752,128,-1.7556427419185638,128,-0.9212824553251266,128
noisy,84,4,2,0.3092028945684433,128,6.930866360664368,128,0.38504812866449356,128,0.4845350459218025,128,0.5154649391770363,128,0.2110101319849491,128,-0.2623128518462181,128,0.8023873418569565,128,1.0,128,1.0,128,0.0,128,12.0,128,0.5000154376029968,128,-1.1804810613393784,128,-0.3513495475053787,128
noisy,84,4,3,0.5653117895126343,128,6.784496545791626,128,0.37691646814346313,128,0.6029714643955231,128,0.3970285579562187,128,0.29189763963222504,128,-0.3807492330670357,128,0.3786592110991478,128,1.0,128,1.0,128,0.0,128,6.0,128,0.7723174691200256,128,-0.027736553689464927,128,-0.19133801758289337,128
noisy,84,4,4,0.347778856754303,128,11.343073606491089,128,0.6301707625389099,128,0.1420980766415596,128,0.8579019010066986,128,0.39504534751176834,128,0.08012410998344421,128,0.8204436004161835,128,18.0,128,1.0,128,0.0,128,6.0,128,0.7881810814142227,128,-0.004775015753693879,128,0.10122781328391284,128
noisy,84,4,5,0.633398249745369,128,14.294373750686646,128,0.7941318601369858,128,0.09668005257844925,128,0.903319925069809,128,0.691102921962738,128,0.12554213404655457,128,0.578625276684761,128,18.0,128,1.0,128,0.0,128,6.0,128,0.8122047036886215,128,0.22645431011915207,128,0.1856348179280758,128
noisy,84,4,6,0.21556741371750832,128,8.066264748573303,128,0.44812581688165665,128,0.3608090877532959,128,0.6391909122467041,128,0.26840023696422577,128,-0.1385868787765503,128,0.9786120057106018,128,1.0,128,1.0,128,0.0,128,18.0,128,0.4998607486486435,128,-2.0647281408309937,128,-0.7475715726613998,128
noisy,84,4,7,0.2624187096953392,128,7.588725447654724,128,0.42159585654735565,128,0.38838982582092285,128,0.6116101741790771,128,0.22513703629374504,128,-0.16616761684417725,128,0.9484266638755798,128,1.0,128,1.0,128,0.0,128,18.0,128,0.4869278818368912,128,-1.6520774364471436,128,-0.634515255689621,128
noisy,84,4,8,0.3152558133006096,128,10.733901500701904,128,0.5963278561830521,128,0.1979447603225708,128,0.8020552545785904,128,0.4672856107354164,128,0.024277463555336,128,0.9645290821790695,128,16.0,128,1.0,128,0.0,128,18.0,128,0.6243550628423691,128,0.20647057332098484,128,0.4847880229353905,128
noisy,84,4,9,0.20333176478743553,128,9.212607860565186,128,0.5118115395307541,128,0.2443714626133442,128,0.7556285709142685,128,0.28211989998817444,128,-0.0221492201089859,128,0.9770367741584778,128,10.0,128,0.9444444477558136,128,0.05882352963089943,128,6.0,128,0.630726769566536,128,-0.3614439517259598,128,-0.16255376860499382,128
noisy,84,4,10,0.26673171669244766,128,6.989522814750671,128,0.3883068189024925,128,0.4746902137994766,128,0.5253097862005234,128,0.21978816762566566,128,-0.252468004822731,128,0.9236525744199753,128,1.0,128,1.0,128,0.0,128,18.0,128,0.5786180421710014,128,-1.9620268046855927,128,-0.5994115173816681,128
noisy,84,4,11,0.3139381483197212,128,9.661208152770996,128,0.5367337763309479,128,0.2717229090631008,128,0.7282771021127701,128,0.3717310056090355,128,-0.049500688910484314,128,0.9555383771657944,128,9.25,128,1.0,128,0.0,128,18.0,128,0.543986588716507,128,-0.6086136773228645,128,0.004054425284266472,128
noisy,84,5,0,0.21320446580648422,128,3.8523181080818176,128,0.21401767060160637,128,0.7180573344230652,128,0.2819426842033863,128,0.0790979415178299,128,-0.4958351105451584,128,0.6840025931596756,128,1.0,128,1.0,128,0.0,128,18.0,128,0.5804646611213684,128,-1.6603206992149353,128,-0.619279220700264,128
noisy,84,5,1,0.49912048131227493,128,10.220260381698608,128,0.5677922368049622,128,0.25080234557390213,128,0.7491976767778397,128,0.40304770320653915,128,-0.028580114245414734,128,0.7034043520689011,128,18.0,128,1.0,128,0.0,128,6.0,128,0.7989514172077179,128,-0.04426702308410313,128,-0.05549209006130695,128
noisy,84,5,2,0.5591814666986465,128,16.779501914978027,128,0.9321945607662201,128,0.009766939328983426,128,0.9902330636978149,128,0.8660734742879868,128,0.21245527267456055,128,0.2732446528971195,128,18.0,128,0.7777777910232544,128,0.23529411852359772,128,6.0,128,0.8420414179563522,128,0.6667500287294388,128,0.18290693685412407,128
noisy,84,5,3,0.2231171578168869,128,10.152490139007568,128,0.5640272349119186,128,0.19839640706777573,128,0.8016036003828049,128,0.3857090696692467,128,0.023825809359550476,128,0.9903959482908249,128,17.0,128,1.0,128,0.0,128,13.5,128,0.473174512386322,128,0.5931717902421951,128,0.5304115861654282,128
noisy,84,5,4,0.38851453363895416,128,15.02035117149353,128,0.8344639539718628,128,0.03435837011784315,128,0.9656416475772858,128,0.6850334852933884,128,0.18786385655403137,128,0.5709391683340073,128,18.0,128,0.8333333134651184,128,0.23529411852359772,128,6.0,128,0.745179295539856,128,0.9074699282646179,128,0.3656897246837616,128
noisy,84,5,5,0.1629098616540432,128,6.701439619064331,128,0.37230220437049866,128,0.5448046624660492,128,0.4551953598856926,128,0.24330201372504234,128,-0.3225824311375618,128,0.8783122152090073,128,1.0,128,1.0,128,0.0,128,18.0,128,0.7480194866657257,128,-1.9632254242897034,128,-0.44867611676454544,128
noisy,84,5,6,0.48250921815633774,128,13.160204648971558,128,0.7311224937438965,128,0.169207364320755,128,0.8307926058769226,128,0.6474269181489944,128,0.05301481485366821,128,0.6671010106801987,128,18.0,128,1.0,128,0.0,128,6.0,128,0.5276828855276108,128,-0.3047502189874649,128,0.03791378624737263,128
noisy,84,5,7,0.2414974868297577,128,2.551857054233551,128,0.14176983758807182,128,0.8535763919353485,128,0.1464236117899418,128,0.03832957521080971,128,-0.6313541829586029,128,0.4818549007177353,128,1.0,128,1.0,128,0.0,128,18.0,128,0.6293379664421082,128,-1.7254626154899597,128,-0.698806032538414,128
noisy,84,5,8,0.2577643133699894,128,9.149831533432007,128,0.5083239674568176,128,0.2375524342060089,128,0.7624475806951523,128,0.2983044609427452,128,-0.015330210328102112,128,0.9774103909730911,128,6.0,128,1.0,128,0.0,128,9.0,128,0.46321434527635574,128,-0.2487815897911787,128,-0.18129153468180448,128
noisy,84,5,9,0.6868206709623337,128,12.654860973358154,128,0.7030478417873383,128,0.05703108664602041,128,0.94296894967556,128,0.4893181324005127,128,0.1651911586523056,128,0.7254279255867004,128,17.0,128,1.0,128,0.0,128,6.0,128,0.8490081578493118,128,0.9293696582317352,128,0.3865934759378433,128
noisy,84,5,10,0.29741324484348297,128,3.1438732147216797,128,0.1746596246957779,128,0.7792794406414032,128,0.2207205630838871,128,0.07436376251280308,128,-0.5570572167634964,128,0.49192631244659424,128,1.0,128,1.0,128,0.0,128,6.0,128,0.7431935966014862,128,-1.0421847999095917,128,-0.49171870201826096,128
noisy,84,5,11,0.46219518035650253,128,12.350656270980835,128,0.6861475706100464,128,0.14982769638299942,128,0.8501722663640976,128,0.522970587015152,128,0.0723944753408432,128,0.7686330080032349,128,18.0,128,1.0,128,0.0,128,6.0,128,0.7715892791748047,128,0.06200380250811577,128,0.13298034109175205,128
noisy,84,6,0,0.31658023595809937,128,8.673681735992432,128,0.48187121003866196,128,0.3497094064950943,128,0.6502906233072281,128,0.3219005689024925,128,-0.1274871677160263,128,0.9279733598232269,128,1.0,128,1.0,128,0.0,128,18.0,128,0.4743046686053276,128,-1.067692220211029,128,-0.15363912656903267,128
noisy,84,6,1,0.2696838304400444,128,8.315488576889038,128,0.46197158843278885,128,0.32359981536865234,128,0.6764001995325089,128,0.2643868662416935,128,-0.10137759149074554,128,0.9810509532690048,128,2.0,128,1.0,128,0.0,128,18.0,128,0.5049600452184677,128,-1.6262171566486359,128,-0.6656707525253296,128
noisy,84,6,2,0.2947186902165413,128,7.727506637573242,128,0.42930592596530914,128,0.4626154750585556,128,0.5373844802379608,128,0.2802271470427513,128,-0.24039331078529358,128,0.882023960351944,128,1.0,128,1.0,128,0.0,128,18.0,128,0.574041098356247,128,-1.6176446974277496,128,-0.2984752766788006,128
noisy,84,6,3,0.2740171104669571,128,7.853820085525513,128,0.436323344707489,128,0.3294576406478882,128,0.6705423444509506,128,0.22326486557722092,128,-0.10723544657230377,128,0.9594520032405853,128,2.5,128,1.0,128,0.0,128,18.0,128,0.5581556335091591,128,-1.2630685865879059,128,-0.7165780663490295,128
noisy,84,6,4,0.2554924264550209,128,5.893368721008301,128,0.32740937173366547,128,0.48812385648489,128,0.51187614351511,128,0.1169053316116333,128,-0.2659016475081444,128,0.8955638855695724,128,2.0,128,1.0,128,0.0,128,18.0,128,0.6041908413171768,128,-1.6534234285354614,128,-0.8967172205448151,128
noisy,84,6,5,0.25236348807811737,128,8.768422365188599,128,0.48713456839323044,128,0.3033345192670822,128,0.6966655105352402,128,0.31463391333818436,128,-0.08111228048801422,128,0.9806202501058578,128,1.0,128,1.0,128,0.0,128,18.0,128,0.6907547563314438,128,-1.2908136546611786,128,-0.38424715399742126,128
noisy,84,6,6,0.23640120401978493,128,9.703277111053467,128,0.5390709489583969,128,0.21673035621643066,128,0.7832696437835693,128,0.3375549614429474,128,0.005491852760314941,128,0.9880670011043549,128,12.5,128,1.0,128,0.0,128,9.0,128,0.4851529523730278,128,0.07558609172701836,128,0.09321103990077972,128
noisy,84,6,7,0.2998124435544014,128,8.659751415252686,128,0.4810973107814789,128,0.3525497764348984,128,0.6474502384662628,128,0.33324651420116425,128,-0.13032755255699158,128,0.9150535017251968,128,1.0,128,1.0,128,0.0,128,18.0,128,0.5200902596116066,128,-0.9868102669715881,128,-0.19823162630200386,128
noisy,84,6,8,0.26752541959285736,128,7.498695135116577,128,0.41659417748451233,128,0.40203816443681717,128,0.5979618281126022,128,0.2251208797097206,128,-0.17981596291065216,128,0.934408500790596,128,1.0,128,1.0,128,0.0,128,18.0,128,0.456045001745224,128,-1.5624438226222992,128,-0.5902891978621483,128
noisy,84,6,9,0.33062807470560074,128,8.416326522827148,128,0.46757368743419647,128,0.360215961933136,128,0.6397840231657028,128,0.30609939247369766,128,-0.13799376785755157,128,0.8844533711671829,128,1.0,128,1.0,128,0.0,128,9.0,128,0.4946514070034027,128,-0.9377570152282715,128,-0.23781485483050346,128
noisy,84,6,10,0.3585365191102028,128,9.332955360412598,128,0.5184975191950798,128,0.2484189085662365,128,0.7515810579061508,128,0.33741262555122375,128,-0.026196733117103577,128,0.9713240563869476,128,9.0,128,1.0,128,0.0,128,18.0,128,0.4782900959253311,128,-0.3974422588944435,128,-0.07503003999590874,128
noisy,84,6,11,0.5035328567028046,128,12.175506591796875,128,0.6764170378446579,128,0.1240636482834816,128,0.875936359167099,128,0.5077996551990509,128,0.0981585681438446,128,0.7199973464012146,128,18.0,128,0.0,128,0.0,128,6.0,128,0.8682574331760406,128,0.21464643627405167,128,0.11307067424058914,128
noisy,84,7,0,0.47075827419757843,128,12.529348850250244,128,0.6960749477148056,128,0.15651394240558147,128,0.843486100435257,128,0.5333031862974167,128,0.06570830941200256,128,0.673881858587265,128,18.0,128,1.0,128,0.0,128,6.0,128,0.7042413800954819,128,0.06475954549387097,128,0.06469584722071886,128
noisy,84,7,1,0.16760718077421188,128,4.126704931259155,128,0.2292613834142685,128,0.6736215949058533,128,0.32637839019298553,128,0.034733476117253304,128,-0.45139940083026886,128,0.776668906211853,128,1.0,128,1.0,128,0.0,128,18.0,128,0.6153797656297684,128,-1.749646157026291,128,-0.9484258741140366,128
noisy,84,7,2,0.346075102686882,128,9.423925399780273,128,0.523551419377327,128,0.2966005206108093,128,0.7033994942903519,128,0.35418833047151566,128,-0.07437829673290253,128,0.95148004591465,128,1.0,128,1.0,128,0.0,128,9.0,128,0.45086732506752014,128,-0.576686404645443,128,0.10040736485098023,128
noisy,84,7,3,0.5141002237796783,128,8.32438349723816,128,0.4624657556414604,128,0.4030381590127945,128,0.5969618707895279,128,0.2966122031211853,128,-0.1808159202337265,128,0.7221024334430695,128,1.0,128,0.5277777910232544,128,0.29411765933036804,128,6.0,128,0.619438037276268,128,-0.5897141546010971,128,-0.17057868838310242,128
noisy,84,7,4,0.3002903088927269,128,7.117063045501709,128,0.39539240300655365,128,0.503436267375946,128,0.49656373262405396,128,0.25549982488155365,128,-0.28121405839920044,128,0.8157269358634949,128,1.0,128,1.0,128,0.0,128,18.0,128,0.44368255138397217,128,-1.192461371421814,128,-0.2277778498828411,128
noisy,84,7,5,0.28422585129737854,128,7.684634685516357,128,0.4269241616129875,128,0.314114972949028,128,0.6858849972486496,128,0.19770658761262894,128,-0.0918927937746048,128,0.9466598778963089,128,4.0,128,1.0,128,0.0,128,18.0,128,0.5335982888936996,128,-0.9888730496168137,128,-0.6432017236948013,128
noisy,84,7,6,0.25731126964092255,128,7.443042755126953,128,0.41350238025188446,128,0.3922327905893326,128,0.6077672243118286,128,0.20221949368715286,128,-0.17001056671142578,128,0.9382627010345459,128,1.0,128,1.0,128,0.0,128,12.0,128,0.3983076885342598,128,-1.5178913176059723,128,-0.6405447423458099,128
noisy,84,7,7,0.17767886072397232,128,4.0598708391189575,128,0.2255483791232109,128,0.7140732705593109,128,0.2859267368912697,128,0.07997978664934635,128,-0.4918510466814041,128,0.7162943780422211,128,1.0,128,1.0,128,0.0,128,18.0,128,0.5412921607494354,128,-1.904740184545517,128,-0.789268434047699,128
noisy,84,7,8,0.6958120167255402,128,11.9850914478302,128,0.6658384054899216,128,0.03234608005732298,128,0.967653900384903,128,0.4083564728498459,128,0.18987610936164856,128,0.8048589080572128,128,17.0,128,1.0,128,0.0,128,6.0,128,0.691631942987442,128,1.60622438788414,128,0.549538180232048,128
noisy,84,7,9,0.32213132083415985,128,8.593669652938843,128,0.47742608934640884,128,0.29253580421209335,128,0.7074642181396484,128,0.2668895460665226,128,-0.07031357288360596,128,0.9708132296800613,128,4.0,128,1.0,128,0.0,128,9.0,128,0.438062846660614,128,-1.1066303849220276,128,-0.43621421605348587,128
noisy,84,7,10,0.24571481347084045,128,8.92235255241394,128,0.49568625539541245,128,0.26814983040094376,128,0.7318501472473145,128,0.30298276990652084,128,-0.04592764377593994,128,0.9909084290266037,128,2.0,128,1.0,128,0.0,128,10.3125,128,0.4144614040851593,128,-1.2444069981575012,128,-0.45910730212926865,128
noisy,84,7,11,0.27027151733636856,128,7.385393023490906,128,0.410299614071846,128,0.39501527696847916,128,0.6049847453832626,128,0.2207428403198719,128,-0.17279304563999176,128,0.9549481272697449,128,1.0,128,1.0,128,0.0,128,18.0,128,0.46884457767009735,128,-1.8465725481510162,128,-0.77399742603302,128
noisy,84,8,0,0.3489634394645691,128,6.283616423606873,128,0.3490898013114929,128,0.5422343611717224,128,0.4577656388282776,128,0.2093408741056919,128,-0.3200121521949768,128,0.7637785375118256,128,1.0,128,1.0,128,0.0,128,18.0,128,0.6032727211713791,128,-1.312048614025116,128,-0.41785405576229095,128
noisy,84,8,1,0.18329079449176788,128,4.841149091720581,128,0.26895271986722946,128,0.6794209182262421,128,0.32057906687259674,128,0.1365606151521206,128,-0.45719872415065765,128,0.7417343556880951,128,1.0,128,1.0,128,0.0,128,18.0,128,0.5175798013806343,128,-1.7715540826320648,128,-0.5117069482803345,128
noisy,84,8,2,0.33358026295900345,128,10.75574254989624,128,0.5975412577390671,128,0.2077585756778717,128,0.7922414541244507,128,0.422076016664505,128,0.014463663101196289,128,0.9254803508520126,128,9.0,128,1.0,128,0.0,128,18.0,128,0.4658375531435013,128,0.298619844019413,128,0.4486584737896919,128
noisy,84,8,3,0.35830339044332504,128,5.465844988822937,128,0.30365805327892303,128,0.6514980792999268,128,0.34850192070007324,128,0.18923217058181763,128,-0.42927587032318115,128,0.6242877691984177,128,1.0,128,1.0,128,0.0,128,18.0,128,0.49609460681676865,128,-1.2320915162563324,128,-0.2646191492676735,128
noisy,84,8,4,0.40377307683229446,128,7.888793110847473,128,0.4382662773132324,128,0.5028703510761261,128,0.4971296340227127,128,0.34661874175071716,128,-0.2806481570005417,128,0.7154718637466431,128,1.0,128,1.0,128,0.0,128,18.0,128,0.625274658203125,128,-1.0573334097862244,128,-0.07205233443528414,128
noisy,84,8,5,0.34670309722423553,128,9.764404773712158,128,0.5424669235944748,128,0.2782749980688095,128,0.7217250019311905,128,0.36825327575206757,128,-0.056052789092063904,128,0.7034653276205063,128,9.5,128,0.9444444328546524,128,0.08823529444634914,128,6.0,128,0.6644086390733719,128,-0.18445629326743074,128,-0.09933030605316162,128
noisy,84,8,6,0.3862319737672806,128,10.74393916130066,128,0.5968855023384094,128,0.14487405866384506,128,0.8551259189844131,128,0.40758220851421356,128,0.07734812796115875,128,0.9745684117078781,128,16.0,128,1.0,128,0.0,128,18.0,128,0.4966964051127434,128,1.4586517810821533,128,0.6835494637489319,128
noisy,84,8,7,0.1698174960911274,128,4.904893159866333,128,0.2724940627813339,128,0.6912068724632263,128,0.3087931200861931,128,0.14642871916294098,128,-0.4689846709370613,128,0.7754994928836823,128,1.0,128,1.0,128,0.0,128,18.0,128,0.6261637657880783,128,-2.0595216751098633,128,-0.5861922055482864,128
noisy,84,8,8,0.18414751812815666,128,6.613601088523865,128,0.36742228269577026,128,0.45631518214941025,128,0.5436848253011703,128,0.178445715457201,128,-0.23409296572208405,128,0.9254374355077744,128,1.0,128,1.0,128,0.0,128,18.0,128,0.583516463637352,128,-1.9130900204181671,128,-0.8207471817731857,128
noisy,84,8,9,0.24282371625304222,128,7.442074775695801,128,0.41344859451055527,128,0.41223253309726715,128,0.587767481803894,128,0.23336460068821907,128,-0.19001030921936035,128,0.9365398585796356,128,1.0,128,1.0,128,0.0,128,18.0,128,0.6031479835510254,128,-1.6008434295654297,128,-0.5616203993558884,128
noisy,84,8,10,0.4013809487223625,128,7.1787800788879395,128,0.3988211154937744,128,0.5345202684402466,128,0.4654797688126564,128,0.29957670718431473,128,-0.312298022210598,128,0.7097214758396149,128,1.0,128,1.0,128,0.0,128,18.0,128,0.6327972412109375,128,-1.143241822719574,128,-0.1497686207294464,128
noisy,84,8,11,0.3047516196966171,128,4.037113010883331,128,0.22428405657410622,128,0.6836375296115875,128,0.3163624778389931,128,0.06004993058741093,128,-0.4614153131842613,128,0.6057771444320679,128,1.0,128,1.0,128,0.0,128,7.5,128,0.3937201648950577,128,-1.2163669168949127,128,-0.5592454969882965,128
noisy,84,9,0,0.35393767058849335,128,7.893453359603882,128,0.4385251924395561,128,0.4484691917896271,128,0.5515307784080505,128,0.2989245653152466,128,-0.22624701261520386,128,0.8668518662452698,128,1.0,128,1.0,128,0.0,128,18.0,128,0.5682224184274673,128,-1.324301302433014,128,-0.16943593695759773,128
noisy,84,9,1,0.3568340912461281,128,8.97955322265625,128,0.4988640770316124,128,0.2967870756983757,128,0.7032129466533661,128,0.3098296448588371,128,-0.0745648443698883,128,0.9426988661289215,128,1.0,128,1.0,128,0.0,128,9.0,128,0.41213008761405945,128,-0.621150866150856,128,-0.11932933609932661,128
noisy,84,9,2,0.34058868885040283,128,8.864984512329102,128,0.49249913543462753,128,0.3019537702202797,128,0.6980462521314621,128,0.3186332508921623,128,-0.0797315388917923,128,0.9712985903024673,128,3.25,128,1.0,128,0.0,128,18.0,128,0.48277389258146286,128,-1.0107782483100891,128,-0.29423750191926956,128
noisy,84,9,3,0.5101766586303711,128,8.323410749435425,128,0.46241170912981033,128,0.37708792090415955,128,0.6229121088981628,128,0.3072029575705528,128,-0.15486568212509155,128,0.8818643242120743,128,2.0,128,1.0,128,0.0,128,18.0,128,0.5233862698078156,128,-0.9306508898735046,128,-0.19679347798228264,128
noisy,84,9,4,0.4219902902841568,128,11.945826053619385,128,0.6636569947004318,128,0.1972963958978653,128,0.8027035892009735,128,0.5480517745018005,128,0.024925798177719116,128,0.6706722378730774,128,18.0,128,0.8611111044883728,128,0.1764705888926983,128,6.0,128,0.6784258931875229,128,-0.10543569549918175,128,0.030574495438486338,128
noisy,84,9,5,0.29676444828510284,128,8.504329919815063,128,0.4724627733230591,128,0.2813359871506691,128,0.7186640501022339,128,0.24251562356948853,128,-0.05911374092102051,128,0.9839607924222946,128,1.0,128,1.0,128,0.0,128,9.0,128,0.4482192173600197,128,-1.1132076233625412,128,-0.661352664232254,128
noisy,84,9,6,0.49283183366060257,128,8.52876353263855,128,0.47382019460201263,128,0.3456175923347473,128,0.6543824225664139,128,0.34231962263584137,128,-0.12339536845684052,128,0.9330776333808899,128,2.0,128,1.0,128,0.0,128,18.0,128,0.5123873129487038,128,-1.0444738417863846,128,-0.17219553887844086,128
noisy,84,9,7,0.22305503487586975,128,6.477419376373291,128,0.35985662788152695,128,0.5000217482447624,128,0.499978244304657,128,0.18362632393836975,128,-0.2777995467185974,128,0.9125285148620605,128,1.0,128,1.0,128,0.0,128,18.0,128,0.6179558038711548,128,-1.9935129880905151,128,-0.7329095005989075,128
noisy,84,9,8,0.32920220494270325,128,8.268075704574585,128,0.4593375325202942,128,0.25627337023615837,128,0.7437265962362289,128,0.22411392256617546,128,-0.03405119478702545,128,0.8299935460090637,128,3.5,128,1.0,128,0.0,128,6.0,128,0.5172892361879349,128,0.002480119466781616,128,-0.19481639191508293,128
noisy,84,9,9,0.39708609133958817,128,6.635326027870178,128,0.36862922459840775,128,0.5008578449487686,128,0.4991421774029732,128,0.19844043999910355,128,-0.2786356136202812,128,0.8023622930049896,128,1.0,128,1.0,128,0.0,128,9.0,128,0.39602892845869064,128,-1.023587852716446,128,-0.2895887866616249,128
noisy,84,9,10,0.2908138781785965,128,7.32163667678833,128,0.4067575931549072,128,0.46456025540828705,128,0.5354397296905518,128,0.2559608407318592,128,-0.24233806133270264,128,0.9149565547704697,128,1.0,128,1.0,128,0.0,128,18.0,128,0.5780834555625916,128,-1.7730555534362793,128,-0.45073190331459045,128
noisy,84,9,11,0.32299958169460297,128,9.188677310943604,128,0.5104820877313614,128,0.21060461178421974,128,0.7893953919410706,128,0.29814452677965164,128,0.011617600917816162,128,0.978252500295639,128,7.5,128,1.0,128,0.0,128,13.5,128,0.47519489377737045,128,0.11551172006875277,128,-0.1665385141968727,128
noisy,84,10,0,0.3141568824648857,128,6.650940179824829,128,0.3694966733455658,128,0.4878092035651207,128,0.5121908336877823,128,0.17911501601338387,128,-0.2655869573354721,128,0.8600540906190872,128,1.0,128,1.0,128,0.0,128,9.0,128,0.43909211456775665,128,-1.4630312621593475,128,-0.480679489672184,128
noisy,84,10,1,0.3798826113343239,128,7.598626255989075,128,0.42214591056108475,128,0.3826874867081642,128,0.617312490940094,128,0.24064572900533676,128,-0.1604653000831604,128,0.9154475927352905,128,2.0,128,1.0,128,0.0,128,18.0,128,0.459614560008049,128,-1.2313332259654999,128,-0.45001161098480225,128
noisy,84,10,2,0.2448619082570076,128,7.6779468059539795,128,0.4265526011586189,128,0.37285174429416656,128,0.6271482408046722,128,0.22927329689264297,128,-0.15062955021858215,128,0.9401722848415375,128,1.75,128,1.0,128,0.0,128,18.0,128,0.40289804339408875,128,-1.3296568989753723,128,-0.5362251400947571,128
noisy,84,10,3,0.2859245389699936,128,6.888507843017578,128,0.38269488513469696,128,0.5201006978750229,128,0.4798993095755577,128,0.25201039388775826,128,-0.2978784814476967,128,0.8510592728853226,128,1.0,128,1.0,128,0.0,128,18.0,128,0.6005435585975647,128,-1.4883768856525421,128,-0.3535240516066551,128
noisy,84,10,4,0.3214109539985657,128,8.64222002029419,128,0.480123333632946,128,0.2839309945702553,128,0.7160690426826477,128,0.2704637348651886,128,-0.06170874834060669,128,0.9790435135364532,128,4.0,128,1.0,128,0.0,128,18.0,128,0.43065495043992996,128,-0.9745030403137207,128,-0.4404904991388321,128
noisy,84,10,5,0.3284139186143875,128,8.556939840316772,128,0.47538554668426514,128,0.2726758271455765,128,0.7273242324590683,128,0.26558689773082733,128,-0.050453558564186096,128,0.9418419897556305,128,5.5,128,1.0,128,0.0,128,18.0,128,0.4005952849984169,128,-0.6053979694843292,128,-0.28293508291244507,128
noisy,84,10,6,0.26820897310972214,128,7.761111617088318,128,0.4311728700995445,128,0.45915163308382034,128,0.5408484041690826,128,0.31572021543979645,128,-0.23692938685417175,128,0.8775177896022797,128,1.0,128,1.0,128,0.0,128,18.0,128,0.7944601476192474,128,-1.4374008774757385,128,-0.2569028213620186,128
noisy,84,10,7,0.2919092923402786,128,8.859329462051392,128,0.49218496680259705,128,0.33149347454309464,128,0.6685065180063248,128,0.3425242379307747,128,-0.10927127301692963,128,0.9659898281097412,128,1.0,128,1.0,128,0.0,128,18.0,128,0.6153679341077805,128,-1.3264265358448029,128,-0.21438337862491608,128
noisy,84,10,8,0.38657281547784805,128,11.300853490829468,128,0.6278251856565475,128,0.22788157314062119,128,0.772118479013443,128,0.519869975745678,128,-0.005659312009811401,128,0.9120276868343353,128,17.0,128,1.0,128,0.0,128,18.0,128,0.6485058814287186,128,-0.16177558340132236,128,0.4414820894598961,128
noisy,84,10,9,0.371437706053257,128,11.829530477523804,128,0.6571961343288422,128,0.23871927708387375,128,0.7612807601690292,128,0.5667922794818878,128,-0.01649703085422516,128,0.7902491688728333,128,17.5,128,1.0,128,0.0,128,18.0,128,0.5962720215320587,128,-0.43727052956819534,128,0.2331678345799446,128
noisy,84,10,10,0.3755282610654831,128,8.146416425704956,128,0.45257868617773056,128,0.3941483348608017,128,0.6058516651391983,128,0.3051910996437073,128,-0.1719261258840561,128,0.8934416025876999,128,2.0,128,1.0,128,0.0,128,18.0,128,0.4560360014438629,128,-1.1008409559726715,128,-0.25096749886870384,128
noisy,84,10,11,0.23083436489105225,128,5.923652291297913,128,0.32909179478883743,128,0.5758116990327835,128,0.4241883009672165,128,0.16975798457860947,128,-0.3535894900560379,128,0.85115647315979,128,1.0,128,1.0,128,0.0,128,18.0,128,0.5468665957450867,128,-1.9487446546554565,128,-0.6502067893743515,128
noisy,84,11,0,0.42891155928373337,128,8.640344619750977,128,0.48001914471387863,128,0.2682497426867485,128,0.7317502945661545,128,0.2630230113863945,128,-0.046027496457099915,128,0.9425521194934845,128,6.0,128,1.0,128,0.0,128,18.0,128,0.4035222455859184,128,-0.49958228319883347,128,-0.33778737112879753,128
noisy,84,11,1,0.41135767847299576,128,7.539548397064209,128,0.41886379569768906,128,0.3385999798774719,128,0.6614000201225281,128,0.1697854846715927,128,-0.11637777090072632,128,0.9315878450870514,128,4.0,128,1.0,128,0.0,128,18.0,128,0.46464911103248596,128,-1.0497030913829803,128,-0.642650693655014,128
noisy,84,11,2,0.3022652864456177,128,7.081905841827393,128,0.3934392035007477,128,0.48995528370141983,128,0.5100447088479996,128,0.2576615959405899,128,-0.2677330821752548,128,0.8639626055955887,128,1.0,128,1.0,128,0.0,128,18.0,128,0.6070537120103836,128,-1.506951004266739,128,-0.395461343228817,128
noisy,84,11,3,0.3065161854028702,128,6.457286357879639,128,0.35873813182115555,128,0.5308391898870468,128,0.4691607877612114,128,0.18617814034223557,128,-0.308617003262043,128,0.799729973077774,128,1.0,128,1.0,128,0.0,128,9.0,128,0.3747993931174278,128,-1.204407662153244,128,-0.3623674511909485,128
noisy,84,11,4,0.2532421350479126,128,7.285584449768066,128,0.4047546982765198,128,0.49853304773569107,128,0.5014669969677925,128,0.2722945585846901,128,-0.2763107940554619,128,0.8307982087135315,128,1.0,128,1.0,128,0.0,128,18.0,128,0.5585788637399673,128,-1.3791590929031372,128,-0.2923075258731842,128
noisy,84,11,5,0.2877398505806923,128,6.842444539070129,128,0.38013581186532974,128,0.4599498137831688,128,0.5400501787662506,128,0.19891289621591568,128,-0.23772761225700378,128,0.9123714417219162,128,1.0,128,1.0,128,0.0,128,18.0,128,0.5102182403206825,128,-1.6844255924224854,128,-0.6429067105054855,128
noisy,84,11,6,0.3349749445915222,128,8.573870658874512,128,0.4763261452317238,128,0.2894667685031891,128,0.7105332612991333,128,0.27955668419599533,128,-0.0672445297241211,128,0.9444446414709091,128,4.0,128,1.0,128,0.0,128,9.0,128,0.35279855132102966,128,-0.8024011701345444,128,-0.3286520056426525,128
noisy,84,11,7,0.3636603578925133,128,8.254749536514282,128,0.45859719812870026,128,0.322897344827652,128,0.6771026253700256,128,0.25161368399858475,128,-0.10067516565322876,128,0.9710775762796402,128,2.0,128,1.0,128,0.0,128,9.0,128,0.36389997601509094,128,-1.2837134897708893,128,-0.5879288911819458,128
noisy,84,11,8,0.2909800559282303,128,8.222004652023315,128,0.45677803456783295,128,0.3623872250318527,128,0.6376127749681473,128,0.2722189500927925,128,-0.14016501605510712,128,0.9355110228061676,128,1.0,128,1.0,128,0.0,128,13.5,128,0.39861827343702316,128,-1.1203409433364868,128,-0.3412502743303776,128
noisy,84,11,9,0.49143000692129135,128,7.2745150327682495,128,0.4041397273540497,128,0.44750694930553436,128,0.5524930506944656,128,0.24248765036463737,128,-0.22528474032878876,128,0.8184417188167572,128,1.0,128,0.8611111044883728,128,0.11764705926179886,128,6.75,128,0.4462553709745407,128,-0.9820996671915054,128,-0.23917531222105026,128
noisy,84,11,10,0.33855756372213364,128,9.690897941589355,128,0.5383832156658173,128,0.24814889580011368,128,0.7518511116504669,128,0.37105895578861237,128,-0.025926679372787476,128,0.9710026830434799,128,13.0,128,1.0,128,0.0,128,18.0,128,0.4313637837767601,128,-0.42333757132291794,128,0.0835480447858572,128
noisy,84,11,11,0.3100684881210327,128,8.266773223876953,128,0.45926517993211746,128,0.31059882044792175,128,0.6894011944532394,128,0.2494412399828434,128,-0.08837659657001495,128,0.9571890980005264,128,3.0,128,1.0,128,0.0,128,9.0,128,0.3957801014184952,128,-0.9539003968238831,128,-0.4628847986459732,128
noisy,84,12,0,0.22570324689149857,128,5.387330889701843,128,0.29929614812135696,128,0.6421109735965729,128,0.3578890189528465,128,0.16918453574180603,128,-0.41988877207040787,128,0.7856068313121796,128,1.0,128,1.0,128,0.0,128,18.0,128,0.5940713584423065,128,-1.9121019542217255,128,-0.5472755581140518,128
noisy,84,12,1,0.24900396168231964,128,7.258631587028503,128,0.403257317841053,128,0.39039940387010574,128,0.6096005588769913,128,0.19125214219093323,128,-0.16817723214626312,128,0.9220108985900879,128,2.0,128,1.0,128,0.0,128,18.0,128,0.3794025853276253,128,-1.310286670923233,128,-0.6232297122478485,128
noisy,84,12,2,0.40479788929224014,128,5.6863484382629395,128,0.315908245742321,128,0.61461141705513,128,0.3853885605931282,128,0.19413719698786736,128,-0.3923892304301262,128,0.7324254214763641,128,1.0,128,0.6666666567325592,128,0.11764706112444401,128,18.0,128,0.6808419227600098,128,-1.5591483116149902,128,-0.4065556451678276,128
noisy,84,12,3,0.4027520716190338,128,9.589802742004395,128,0.5327668190002441,128,0.31369492411613464,128,0.6863051056861877,128,0.3700830936431885,128,-0.09147268533706665,128,0.8105011880397797,128,1.0,128,1.0,128,0.0,128,6.0,128,0.5229212492704391,128,-0.4106435105204582,128,-0.05677684675902128,128
noisy,84,12,4,0.2647833079099655,128,7.8201388120651245,128,0.4344521537423134,128,0.3913222849369049,128,0.6086777448654175,128,0.24773940071463585,128,-0.16910004615783691,128,0.9423125386238098,128,2.0,128,1.0,128,0.0,128,18.0,128,0.4405013620853424,128,-1.4331395030021667,128,-0.5221557393670082,128
noisy,84,12,5,0.300788477063179,128,8.791343688964844,128,0.48840799182653427,128,0.2854650393128395,128,0.7145349681377411,128,0.2939627692103386,128,-0.0632428228855133,128,0.9810394793748856,128,1.0,128,1.0,128,0.0,128,9.0,128,0.3713071495294571,128,-1.0470261573791504,128,-0.38379090279340744,128
noisy,84,12,6,0.2080085575580597,128,4.063379883766174,128,0.22574332728981972,128,0.7178818136453629,128,0.28211817145347595,128,0.08270237036049366,128,-0.49565961956977844,128,0.7035374492406845,128,1.0,128,1.0,128,0.0,128,18.0,128,0.5470560491085052,128,-1.8568908870220184,128,-0.7371112555265427,128
noisy,84,12,7,0.15021167322993279,128,3.2887725234031677,128,0.18270958587527275,128,0.814911276102066,128,0.18508868291974068,128,0.06609421037137508,128,-0.5926890969276428,128,0.5935107916593552,128,1.0,128,1.0,128,0.0,128,18.0,128,0.5415469855070114,128,-1.87457937002182,128,-0.6331137269735336,128
noisy,84,12,8,0.2673797607421875,128,3.264883518218994,128,0.1813824214041233,128,0.7931777238845825,128,0.20682229474186897,128,0.047778232023119926,128,-0.5709555000066757,128,0.5866708308458328,128,1.0,128,1.0,128,0.0,128,13.5,128,0.42157357186079025,128,-1.76504585146904,128,-0.6921241730451584,128
noisy,84,12,9,0.2973075807094574,128,5.777447938919067,128,0.3209693282842636,128,0.5824068933725357,128,0.4175931215286255,128,0.15951495245099068,128,-0.3601846694946289,128,0.8532575368881226,128,1.0,128,1.0,128,0.0,128,18.0,128,0.45902784168720245,128,-1.9598384201526642,128,-0.7311492562294006,128
noisy,84,12,10,0.3864438310265541,128,8.06067669391632,128,0.447815366089344,128,0.4074068069458008,128,0.5925932079553604,128,0.28367701172828674,128,-0.18518458306789398,128,0.7542153745889664,128,1.0,128,1.0,128,0.0,128,6.0,128,0.5255338996648788,128,-0.5387358590960503,128,-0.18061478063464165,128
noisy,84,12,11,0.20229068398475647,128,4.978218197822571,128,0.2765676826238632,128,0.66201251745224,128,0.3379874899983406,128,0.13002024218440056,128,-0.4397903010249138,128,0.7564454227685928,128,1.0,128,1.0,128,0.0,128,18.0,128,0.5546560883522034,128,-1.7617692947387695,128,-0.6005952507257462,128
noisy,84,13,0,0.3538021370768547,128,8.603628396987915,128,0.4779793545603752,128,0.34007812291383743,128,0.659921869635582,128,0.3041728734970093,128,-0.11785592138767242,128,0.9264316260814667,128,2.0,128,1.0,128,0.0,128,18.0,128,0.5304675400257111,128,-1.077908456325531,128,-0.2402162216603756,128
noisy,84,13,1,0.3577676936984062,128,7.817421913146973,128,0.4343012124300003,128,0.42088715732097626,128,0.5791128426790237,128,0.28635574877262115,128,-0.19866494834423065,128,0.8769121021032333,128,2.0,128,1.0,128,0.0,128,18.0,128,0.4141818732023239,128,-1.1787262856960297,128,-0.23840156942605972,128
noisy,84,13,2,0.2294929213821888,128,6.587713956832886,128,0.36598410457372665,128,0.49854726344347,128,0.5014527067542076,128,0.1939753144979477,128,-0.2763250842690468,128,0.8805873692035675,128,1.0,128,1.0,128,0.0,128,18.0,128,0.4323210194706917,128,-1.5902891159057617,128,-0.5756450891494751,128
noisy,84,13,3,0.3206639960408211,128,7.697756767272949,128,0.42765315622091293,128,0.3883623629808426,128,0.6116376519203186,128,0.2516022101044655,128,-0.1661401391029358,128,0.9521060436964035,128,1.0,128,1.0,128,0.0,128,18.0,128,0.4132916256785393,128,-1.610397607088089,128,-0.5299380421638489,128
noisy,84,13,4,0.3092098906636238,128,7.71773624420166,128,0.42876312881708145,128,0.37555763870477676,128,0.6244423687458038,128,0.23111975565552711,128,-0.15333542227745056,128,0.953792616724968,128,1.0,128,1.0,128,0.0,128,18.0,128,0.36919037997722626,128,-1.5109677016735077,128,-0.6779936999082565,128
noisy,84,13,5,0.36641255021095276,128,7.465557098388672,128,0.41475316882133484,128,0.32512006908655167,128,0.6748799085617065,128,0.19392455369234085,128,-0.10289788246154785,128,0.9313249886035919,128,3.5,128,1.0,128,0.0,128,18.0,128,0.43027450144290924,128,-1.0505312085151672,128,-0.5678202360868454,128
noisy,84,13,6,0.3273560553789139,128,7.869969487190247,128,0.4372205287218094,128,0.360999271273613,128,0.6390007436275482,128,0.24902822077274323,128,-0.13877704739570618,128,0.9589649140834808,128,1.0,128,1.0,128,0.0,128,18.0,128,0.38809825479984283,128,-1.5350063145160675,128,-0.5985522419214249,128
noisy,84,13,7,0.3296184092760086,128,6.9259113073349,128,0.384772852063179,128,0.4427782669663429,128,0.5572217404842377,128,0.18423037603497505,128,-0.22055605053901672,128,0.8679859191179276,128,2.0,128,1.0,128,0.0,128,10.650000035762787,128,0.37797775119543076,128,-1.1800854206085205,128,-0.5626925230026245,128
noisy,84,13,8,0.2357371598482132,128,5.9655550718307495,128,0.3314197212457657,128,0.533092737197876,128,0.4669072777032852,128,0.13845845311880112,128,-0.3108705133199692,128,0.8837667256593704,128,1.0,128,1.0,128,0.0,128,18.0,128,0.519440233707428,128,-1.8927729427814484,128,-0.8300508409738541,128
noisy,84,13,9,0.34377989172935486,128,6.537244915962219,128,0.3631802722811699,128,0.5164947360754013,128,0.4835052415728569,128,0.20739231258630753,128,-0.2942725494503975,128,0.8251096457242966,128,2.0,128,1.0,128,0.0,128,18.0,128,0.4823221117258072,128,-1.3864485025405884,128,-0.45155543833971024,128
noisy,84,13,10,0.24740338698029518,128,8.113470435142517,128,0.45074836164712906,128,0.3091853857040405,128,0.6908145844936371,128,0.23904261738061905,128,-0.08696320652961731,128,0.9608530402183533,128,3.75,128,1.0,128,0.0,128,10.5,128,0.37057311087846756,128,-1.0088572204113007,128,-0.5186804756522179,128
noisy,84,13,11,0.26014670729637146,128,8.089592337608337,128,0.44942180067300797,128,0.45881038904190063,128,0.541189581155777,128,0.34627847373485565,128,-0.23658820986747742,128,0.8515223413705826,128,1.0,128,1.0,128,0.0,128,18.0,128,0.6872481107711792,128,-1.1772345006465912,128,-0.04881305247545242,128
noisy,84,14,0,0.34972572326660156,128,5.621604800224304,128,0.3123113885521889,128,0.6285046935081482,128,0.371495321393013,128,0.2036200873553753,128,-0.4062824696302414,128,0.7539371848106384,128,1.0,128,1.0,128,0.0,128,18.0,128,0.5353901982307434,128,-1.6014841496944427,128,-0.37478791922330856,128
noisy,84,14,1,0.28257671743631363,128,7.218813180923462,128,0.40104518085718155,128,0.38938288390636444,128,0.6106171160936356,128,0.1960148848593235,128,-0.16716067492961884,128,0.9136307388544083,128,3.0,128,1.0,128,0.0,128,18.0,128,0.40095049887895584,128,-1.1936301290988922,128,-0.5468589812517166,128
noisy,84,14,2,0.41167668253183365,128,7.1669639348983765,128,0.39816466718912125,128,0.4067414104938507,128,0.5932586044073105,128,0.20374956354498863,128,-0.1845191866159439,128,0.924814835190773,128,1.5,128,1.0,128,0.0,128,18.0,128,0.4305644631385803,128,-1.429814487695694,128,-0.6384963989257812,128
noisy,84,14,3,0.2338787280023098,128,4.985810041427612,128,0.2769894525408745,128,0.6346802860498428,128,0.36531973630189896,128,0.11927423626184464,128,-0.41245805472135544,128,0.7766101211309433,128,1.0,128,1.0,128,0.0,128,18.0,128,0.398399293422699,128,-1.7618251144886017,128,-0.6661323010921478,128
noisy,84,14,4,0.4337395876646042,128,6.271823167800903,128,0.34843461215496063,128,0.6151191890239716,128,0.38488081097602844,128,0.2644924595952034,128,-0.39289698004722595,128,0.6763528436422348,128,1.0,128,1.0,128,0.0,128,18.0,128,0.6122375875711441,128,-1.230209767818451,128,-0.11630209907889366,128
noisy,84,14,5,0.3542424514889717,128,6.347881436347961,128,0.35266007483005524,128,0.5063831359148026,128,0.49361684918403625,128,0.17954931408166885,128,-0.28416094183921814,128,0.7234705686569214,128,1.0,128,1.0,128,0.0,128,6.0,128,0.5067784190177917,128,-0.842539370059967,128,-0.3059025704860687,128
noisy,84,14,6,0.30509185045957565,128,7.682735204696655,128,0.4268186241388321,128,0.3946302756667137,128,0.6053697019815445,128,0.23553263768553734,128,-0.1724080890417099,128,0.9457499384880066,128,1.0,128,1.0,128,0.0,128,18.0,128,0.42778877168893814,128,-1.5941125452518463,128,-0.5763909369707108,128
noisy,84,14,7,0.2672194093465805,128,6.198270320892334,128,0.34434834867715836,128,0.5239065736532211,128,0.47609345614910126,128,0.16543792188167572,128,-0.30168433487415314,128,0.8880381435155869,128,1.0,128,1.0,128,0.0,128,18.0,128,0.4005804657936096,128,-1.8372212648391724,128,-0.7627650648355484,128
noisy,84,14,8,0.24286574125289917,128,4.969947099685669,128,0.27610817551612854,128,0.6420831680297852,128,0.35791683942079544,128,0.13382447883486748,128,-0.41986095160245895,128,0.7256354242563248,128,1.0,128,1.0,128,0.0,128,18.0,128,0.4631148427724838,128,-1.4728785157203674,128,-0.5111367329955101,128
noisy,84,14,9,0.2987651750445366,128,8.377035140991211,128,0.4653908461332321,128,0.33965977281332016,128,0.6603402197360992,128,0.29069897532463074,128,-0.11743757128715515,128,0.9596659243106842,128,1.0,128,1.0,128,0.0,128,18.0,128,0.49274562299251556,128,-1.3554892241954803,128,-0.3893711045384407,128
noisy,84,14,10,0.24273158982396126,128,6.002725124359131,128,0.3334847241640091,128,0.5342773348093033,128,0.4657226651906967,128,0.149149801582098,128,-0.3120551258325577,128,0.8401456475257874,128,1.0,128,1.0,128,0.0,128,9.0,128,0.41433366388082504,128,-1.5691227912902832,128,-0.5572293251752853,128
noisy,84,14,11,0.3568299561738968,128,8.61792778968811,128,0.4787737652659416,128,0.28837746381759644,128,0.7116225361824036,128,0.29642225056886673,128,-0.06615525484085083,128,0.9669324457645416,128,4.0,128,1.0,128,0.0,128,18.0,128,0.4091360941529274,128,-0.9712179601192474,128,-0.36471956223249435,128
noisy,84,15,0,0.31254657357931137,128,7.881791949272156,128,0.4378773346543312,128,0.33545003831386566,128,0.6645499616861343,128,0.22461843490600586,128,-0.11322782933712006,128,0.9639866501092911,128,1.0,128,1.0,128,0.0,128,18.0,128,0.38201169669628143,128,-1.3733456432819366,128,-0.6851369291543961,128
noisy,84,15,1,0.4135744944214821,128,7.566567063331604,128,0.4203648343682289,128,0.336600586771965,128,0.6633993983268738,128,0.19099929928779602,128,-0.11437839269638062,128,0.9276203066110611,128,4.0,128,1.0,128,0.0,128,18.0,128,0.4090028703212738,128,-1.015855759382248,128,-0.581641174852848,128
noisy,84,15,2,0.4060497432947159,128,7.452245235443115,128,0.4140136241912842,128,0.35670124739408493,128,0.6432987451553345,128,0.21142905205488205,128,-0.13447904586791992,128,0.9038931578397751,128,4.0,128,1.0,128,0.0,128,18.0,128,0.4105801358819008,128,-0.9245365262031555,128,-0.5345418527722359,128
noisy,84,15,3,0.3057625740766525,128,7.366539001464844,128,0.4092521667480469,128,0.4057774692773819,128,0.5942225307226181,128,0.23052791878581047,128,-0.1835552603006363,128,0.9295090287923813,128,1.0,128,1.0,128,0.0,128,18.0,128,0.4555152729153633,128,-1.4465290009975433,128,-0.5610558837652206,128
noisy,84,15,4,0.46725547313690186,128,7.603118181228638,128,0.4223954603075981,128,0.3337365388870239,128,0.6662634909152985,128,0.21365013346076012,128,-0.11151430010795593,128,0.9231902360916138,128,4.0,128,1.0,128,0.0,128,18.0,128,0.40008383244276047,128,-0.9482048004865646,128,-0.452244833111763,128
noisy,84,15,5,0.3209652081131935,128,6.866424798965454,128,0.3814680501818657,128,0.4514787420630455,128,0.5485212802886963,128,0.1935679130256176,128,-0.2292565107345581,128,0.9202070236206055,128,1.0,128,1.0,128,0.0,128,18.0,128,0.4068194627761841,128,-1.692008525133133,128,-0.7177617102861404,128
noisy,84,15,6,0.36605795472860336,128,7.893883943557739,128,0.43854910880327225,128,0.35172006487846375,128,0.6482799053192139,128,0.23784073442220688,128,-0.12949788570404053,128,0.9508948922157288,128,1.5,128,1.0,128,0.0,128,13.5,128,0.39293719828128815,128,-1.479552447795868,128,-0.5942105427384377,128
noisy,84,15,7,0.30536532402038574,128,7.602506995201111,128,0.42236150056123734,128,0.3520810529589653,128,0.6479189246892929,128,0.19797058030962944,128,-0.1298588663339615,128,0.9144722074270248,128,3.0,128,1.0,128,0.0,128,13.5,128,0.3854842111468315,128,-1.0148231983184814,128,-0.5625846683979034,128
noisy,84,15,8,0.32096444070339203,128,7.60400128364563,128,0.42244451493024826,128,0.43950988352298737,128,0.5604901164770126,128,0.26072314381599426,128,-0.21728767454624176,128,0.8482196927070618,128,1.0,128,1.0,128,0.0,128,18.0,128,0.46610454469919205,128,-1.0579969584941864,128,-0.2907175272703171,128
noisy,84,15,9,0.5488067865371704,128,9.08402132987976,128,0.5046678483486176,128,0.26743417233228683,128,0.7325658351182938,128,0.31916552782058716,128,-0.04521195590496063,128,0.9609028995037079,128,6.5,128,1.0,128,0.0,128,18.0,128,0.4101291671395302,128,-0.6489306837320328,128,-0.1742226891219616,128
noisy,84,15,10,0.32465291023254395,128,7.153368949890137,128,0.3974093869328499,128,0.4179968759417534,128,0.5820031315088272,128,0.1985071711242199,128,-0.19577465951442719,128,0.9422426223754883,128,1.0,128,1.0,128,0.0,128,18.0,128,0.48636699467897415,128,-1.7391814887523651,128,-0.7643645107746124,128
noisy,84,15,11,0.2970365434885025,128,4.963461637496948,128,0.2757478728890419,128,0.6568596810102463,128,0.3431403115391731,128,0.1492963843047619,128,-0.43463747948408127,128,0.7802190184593201,128,1.0,128,1.0,128,0.0,128,18.0,128,0.4562673345208168,128,-1.94378200173378,128,-0.6360781490802765,128
noisy,84,16,0,0.3110598921775818,128,5.86154043674469,128,0.32564114034175873,128,0.550044909119606,128,0.4499550387263298,128,0.14547748491168022,128,-0.3278227522969246,128,0.8083341717720032,128,1.0,128,1.0,128,0.0,128,18.0,128,0.47122158855199814,128,-1.5539015233516693,128,-0.5882013291120529,128
noisy,84,16,1,0.32304953038692474,128,7.129488825798035,128,0.39608272165060043,128,0.4112507551908493,128,0.5887492299079895,128,0.1919444464147091,128,-0.1890285611152649,128,0.934527724981308,128,1.5,128,1.0,128,0.0,128,18.0,128,0.39068619161844254,128,-1.5316658914089203,128,-0.6850355714559555,128
noisy,84,16,2,0.1755257099866867,128,2.37289696931839,128,0.13182760775089264,128,0.904679536819458,128,0.0953204482793808,128,0.042990734335035086,128,-0.6824573576450348,128,0.4231518656015396,128,1.0,128,1.0,128,0.0,128,18.0,128,0.5664572715759277,128,-1.8398639559745789,128,-0.4808375611901283,128
noisy,84,16,3,0.36513809114694595,128,8.684173583984375,128,0.4824540838599205,128,0.2928205206990242,128,0.7071795016527176,128,0.28822359442710876,128,-0.0705982893705368,128,0.9718319773674011,128,2.0,128,1.0,128,0.0,128,9.0,128,0.3608190193772316,128,-0.9193160384893417,128,-0.3460483178496361,128
noisy,84,16,4,0.3099271059036255,128,6.6368712186813354,128,0.3687150701880455,128,0.4885264188051224,128,0.5114735886454582,128,0.20652120560407639,128,-0.2663042023777962,128,0.9044901132583618,128,1.0,128,1.0,128,0.0,128,18.0,128,0.6031783819198608,128,-1.8250266909599304,128,-0.6208197772502899,128
noisy,84,16,5,0.2377469688653946,128,5.8133121728897095,128,0.32296178489923477,128,0.5916149914264679,128,0.4083850160241127,128,0.18789809569716454,128,-0.3693927749991417,128,0.8433230817317963,128,1.0,128,1.0,128,0.0,128,18.0,128,0.5880692005157471,128,-1.9276224374771118,128,-0.6114232391119003,128
noisy,84,16,6,0.2609897255897522,128,5.6047303676605225,128,0.31137391179800034,128,0.617665484547615,128,0.38233451545238495,128,0.1818651705980301,128,-0.39544327557086945,128,0.7472213804721832,128,1.0,128,1.0,128,0.0,128,18.0,128,0.5171183049678802,128,-1.5296044051647186,128,-0.38605090230703354,128
noisy,84,16,7,0.3693332225084305,128,8.6025230884552,128,0.47791795432567596,128,0.28107472509145737,128,0.7189252376556396,128,0.2949414774775505,128,-0.058852553367614746,128,0.9638065099716187,128,4.0,128,1.0,128,0.0,128,13.5,128,0.3995644748210907,128,-0.8923875242471695,128,-0.3807171657681465,128
noisy,84,16,8,0.2495565339922905,128,5.423182129859924,128,0.3012878969311714,128,0.6028047353029251,128,0.3971952572464943,128,0.14571994543075562,128,-0.3805825337767601,128,0.8390283286571503,128,1.0,128,1.0,128,0.0,128,18.0,128,0.5576674342155457,128,-1.9567358493804932,128,-0.7496102005243301,128
noisy,84,16,9,0.20286515355110168,128,2.5727545619010925,128,0.142930805683136,128,0.8773000240325928,128,0.12269998528063297,128,0.04339739866554737,128,-0.6550778150558472,128,0.48646826297044754,128,1.0,128,1.0,128,0.0,128,18.0,128,0.4656302258372307,128,-1.964268833398819,128,-0.6523721814155579,128
noisy,84,16,10,0.3304716795682907,128,7.12051260471344,128,0.39558403193950653,128,0.38884520530700684,128,0.6111548244953156,128,0.1854223944246769,128,-0.16662296652793884,128,0.9250946491956711,128,2.5,128,1.0,128,0.0,128,18.0,128,0.46691378206014633,128,-1.239810436964035,128,-0.6591441333293915,128
noisy,84,16,11,0.4677116572856903,128,7.690333962440491,128,0.4272407814860344,128,0.3683779612183571,128,0.6316220462322235,128,0.19895265251398087,128,-0.14615574479103088,128,0.9344411343336105,128,1.0,128,1.0,128,0.0,128,9.0,128,0.38597699254751205,128,-1.1300082504749298,128,-0.5769038051366806,128
noisy,84,17,0,0.5133820176124573,128,6.289419889450073,128,0.3494122177362442,128,0.49937255680561066,128,0.5006274357438087,128,0.13649097457528114,128,-0.27715035527944565,128,0.8474921584129333,128,1.0,128,1.0,128,0.0,128,18.0,128,0.4265749007463455,128,-1.3488454520702362,128,-0.6669425815343857,128
noisy,84,17,1,0.32141629606485367,128,7.6048264503479,128,0.42249036580324173,128,0.42349784076213837,128,0.5765021592378616,128,0.2404843010008335,128,-0.20127563178539276,128,0.8439200222492218,128,1.0,128,1.0,128,0.0,128,6.0,128,0.44973018020391464,128,-0.9616069495677948,128,-0.25868187844753265,128
noisy,84,17,2,0.3566761016845703,128,4.398280620574951,128,0.2443489208817482,128,0.7259410470724106,128,0.2740589752793312,128,0.11011721380054951,128,-0.5037188157439232,128,0.6760061383247375,128,1.0,128,1.0,128,0.0,128,18.0,128,0.5356790274381638,128,-1.6820218563079834,128,-0.5246971398591995,128
noisy,84,17,3,0.21046878397464752,128,3.8283565640449524,128,0.212686475366354,128,0.7493430972099304,128,0.2506568916141987,128,0.07289617508649826,128,-0.527120903134346,128,0.6738643646240234,128,1.0,128,1.0,128,0.0,128,18.0,128,0.5570659935474396,128,-1.9282365143299103,128,-0.6911484748125076,128
noisy,84,17,4,0.3804647922515869,128,7.449294924736023,128,0.41384972631931305,128,0.4754118174314499,128,0.5245881676673889,128,0.27599433064460754,128,-0.2531896233558655,128,0.8745632320642471,128,1.0,128,1.0,128,0.0,128,18.0,128,0.5537575036287308,128,-1.4699458479881287,128,-0.3151704967021942,128
noisy,84,17,5,0.27657291293144226,128,4.619957327842712,128,0.25666430220007896,128,0.7150901556015015,128,0.28490982949733734,128,0.13151411153376102,128,-0.49286796152591705,128,0.6698156595230103,128,1.0,128,1.0,128,0.0,128,18.0,128,0.4566609337925911,128,-1.6692322790622711,128,-0.40851038694381714,128
noisy,84,17,6,0.4972793906927109,128,6.8510037660598755,128,0.380611315369606,128,0.4479871913790703,128,0.5520128160715103,128,0.18966605886816978,128,-0.22576497495174408,128,0.9210525453090668,128,1.0,128,1.0,128,0.0,128,18.0,128,0.4590393304824829,128,-1.6492607295513153,128,-0.6981719732284546,128
noisy,84,17,7,0.31091853976249695,128,6.119438171386719,128,0.3399687930941582,128,0.5605418533086777,128,0.4394581615924835,128,0.19112293049693108,128,-0.3383196294307709,128,0.7891582250595093,128,1.0,128,1.0,128,0.0,128,18.0,128,0.4260689467191696,128,-1.8067936599254608,128,-0.5330581218004227,128
noisy,84,17,8,0.1913677081465721,128,3.8862380385398865,128,0.21590211614966393,128,0.7593464702367783,128,0.24065352976322174,128,0.08613097667694092,128,-0.5371242463588715,128,0.6671217381954193,128,1.0,128,1.0,128,0.0,128,18.0,128,0.6135976314544678,128,-1.9381684362888336,128,-0.6751791834831238,128
noisy,84,17,9,0.3165203630924225,128,5.912039399147034,128,0.328446626663208,128,0.5426480621099472,128,0.457351915538311,128,0.19067196175456047,128,-0.3204258754849434,128,0.7877836972475052,128,1.0,128,1.0,128,0.0,128,18.0,128,0.591888889670372,128,-1.5055262744426727,128,-0.4515431150794029,128
noisy,84,17,10,0.25618088990449905,128,4.799232006072998,128,0.26662400364875793,128,0.6939112395048141,128,0.30608878284692764,128,0.12985137104988098,128,-0.47168900817632675,128,0.7354685962200165,128,1.0,128,1.0,128,0.0,128,18.0,128,0.5281914621591568,128,-1.8897826671600342,128,-0.5643347352743149,128
noisy,84,17,11,0.3293770104646683,128,6.279690384864807,128,0.34887169301509857,128,0.5399641245603561,128,0.46003586798906326,128,0.18060151860117912,128,-0.31774192303419113,128,0.8725771903991699,128,1.0,128,1.0,128,0.0,128,18.0,128,0.5072255656123161,128,-1.7773728668689728,128,-0.6396611332893372,128
noisy,84,18,0,0.4728112146258354,128,7.19260835647583,128,0.3995893597602844,128,0.4396539628505707,128,0.5603460371494293,128,0.23604007810354233,128,-0.21743175387382507,128,0.8999930620193481,128,1.0,128,1.0,128,0.0,128,18.0,128,0.5236559733748436,128,-1.4795075953006744,128,-0.48422715067863464,128
noisy,84,18,1,0.46617815643548965,128,5.638752222061157,128,0.31326401233673096,128,0.5502864122390747,128,0.4497135803103447,128,0.13455431535840034,128,-0.3280642107129097,128,0.8080843985080719,128,1.0,128,1.0,128,0.0,128,18.0,128,0.5393419712781906,128,-1.5569764971733093,128,-0.6403931826353073,128
noisy,84,18,2,0.4716873988509178,128,5.636667490005493,128,0.3131481856107712,128,0.5687453150749207,128,0.43125472217798233,128,0.17275522649288177,128,-0.34652306884527206,128,0.7872074693441391,128,1.0,128,1.0,128,0.0,128,18.0,128,0.5473489463329315,128,-1.5523222982883453,128,-0.5373969301581383,128
noisy,84,18,3,0.5809786915779114,128,5.679738521575928,128,0.315541036427021,128,0.5685727149248123,128,0.4314272999763489,128,0.13155005872249603,128,-0.3463504910469055,128,0.7952426671981812,128,1.0,128,1.0,128,0.0,128,18.0,128,0.5289478451013565,128,-1.4149446785449982,128,-0.5581720024347305,128
noisy,84,18,4,0.2946233004331589,128,5.25442636013031,128,0.29191257804632187,128,0.6125987768173218,128,0.38740120828151703,128,0.13102500326931477,128,-0.39037658274173737,128,0.7753162980079651,128,1.0,128,1.0,128,0.0,128,18.0,128,0.4544459283351898,128,-1.5839202105998993,128,-0.5768303275108337,128
noisy,84,18,5,0.5254923850297928,128,6.011837959289551,128,0.33399099856615067,128,0.5482676327228546,128,0.4517323523759842,128,0.186713807284832,128,-0.3260454386472702,128,0.8149955719709396,128,1.0,128,1.0,128,0.0,128,18.0,128,0.5649887248873711,128,-1.5400333404541016,128,-0.5399651601910591,128
noisy,84,18,6,0.6307851076126099,128,6.870025157928467,128,0.3816680610179901,128,0.480568490922451,128,0.5194315016269684,128,0.25783950090408325,128,-0.258346289396286,128,0.8173311948776245,128,2.0,128,1.0,128,0.0,128,18.0,128,0.5378087311983109,128,-1.2127636969089508,128,-0.3663306161761284,128
noisy,84,18,7,0.6326716542243958,128,6.3266589641571045,128,0.351481057703495,128,0.4699672758579254,128,0.5300327241420746,128,0.1670483499765396,128,-0.2477450668811798,128,0.8491606116294861,128,1.0,128,1.0,128,0.0,128,18.0,128,0.5084658414125443,128,-1.213711827993393,128,-0.5185140073299408,128
noisy,84,18,8,0.4664762318134308,128,5.929133296012878,128,0.3293962925672531,128,0.5538651496171951,128,0.44613485038280487,128,0.18286581337451935,128,-0.3316429406404495,128,0.800749346613884,128,1.0,128,1.0,128,0.0,128,18.0,128,0.5239583924412727,128,-1.4394334852695465,128,-0.5049466490745544,128
noisy,84,18,9,0.3185456544160843,128,7.926256060600281,128,0.4403475522994995,128,0.3891824260354042,128,0.6108175963163376,128,0.2697385922074318,128,-0.1669601947069168,128,0.9515234231948853,128,1.0,128,1.0,128,0.0,128,18.0,128,0.4972063824534416,128,-1.6448937356472015,128,-0.4942595437169075,128
noisy,84,18,10,0.4061795845627785,128,6.456766963005066,128,0.35870927572250366,128,0.5516382902860641,128,0.44836169481277466,128,0.20911189913749695,128,-0.32941609621047974,128,0.7589086294174194,128,1.0,128,1.0,128,0.0,128,18.0,128,0.5621966421604156,128,-1.3639346063137054,128,-0.4196478798985481,128
noisy,84,18,11,0.4644312933087349,128,5.739640235900879,128,0.31886889785528183,128,0.5606897324323654,128,0.439310260117054,128,0.17203832790255547,128,-0.3384675309062004,128,0.7907056510448456,128,1.0,128,1.0,128,0.0,128,18.0,128,0.4700567200779915,128,-1.5339122116565704,128,-0.5237303823232651,128
noisy,84,19,0,0.40217074751853943,128,8.579137802124023,128,0.47661877423524857,128,0.34864335507154465,128,0.651356652379036,128,0.306006982922554,128,-0.12642113864421844,128,0.9376897066831589,128,1.0,128,1.0,128,0.0,128,18.0,128,0.453470915555954,128,-1.0461049675941467,128,-0.23946070671081543,128
noisy,84,19,1,0.24327023327350616,128,5.396364331245422,128,0.29979801177978516,128,0.6122426241636276,128,0.3877573758363724,128,0.14456770569086075,128,-0.390020415186882,128,0.7794708162546158,128,1.0,128,1.0,128,0.0,128,18.0,128,0.3678211197257042,128,-1.5579649209976196,128,-0.5771894305944443,128
noisy,84,19,2,0.31486697494983673,128,5.4745190143585205,128,0.30413994938135147,128,0.6058311462402344,128,0.3941688612103462,128,0.15108944848179817,128,-0.3836089298129082,128,0.7385023236274719,128,1.0,128,0.4444444477558136,128,0.23529411852359772,128,18.0,128,0.5553118139505386,128,-1.5501224100589752,128,-0.48358946293592453,128
noisy,84,19,3,0.4142039716243744,128,6.407004475593567,128,0.3559446856379509,128,0.5215060859918594,128,0.47849392890930176,128,0.1883510909974575,128,-0.29928386211395264,128,0.8030754327774048,128,1.0,128,1.0,128,0.0,128,18.0,128,0.44667788594961166,128,-1.3151015043258667,128,-0.45595522969961166,128
noisy,84,19,4,0.2674598917365074,128,4.679263114929199,128,0.25995906442403793,128,0.7262421995401382,128,0.27375780791044235,128,0.14424265548586845,128,-0.504019983112812,128,0.6959972530603409,128,1.0,128,1.0,128,0.0,128,18.0,128,0.8050146549940109,128,-1.8160243332386017,128,-0.4616461843252182,128
noisy,84,19,5,0.1775950863957405,128,4.624512434005737,128,0.2569173648953438,128,0.6572536826133728,128,0.3427463173866272,128,0.086789445951581,128,-0.4350314736366272,128,0.7952373623847961,128,1.0,128,1.0,128,0.0,128,18.0,128,0.5236516818404198,128,-1.9443655610084534,128,-0.862530529499054,128
noisy,84,19,6,0.3140174448490143,128,6.293720126152039,128,0.34965112060308456,128,0.5134903490543365,128,0.48650963604450226,128,0.1607322320342064,128,-0.29126815497875214,128,0.9033205062150955,128,1.0,128,1.0,128,0.0,128,18.0,128,0.5378350913524628,128,-1.989082545042038,128,-0.8299384266138077,128
noisy,84,19,7,0.3642697110772133,128,6.4248411655426025,128,0.35693562030792236,128,0.5403379201889038,128,0.4596621096134186,128,0.22066715732216835,128,-0.3181156814098358,128,0.8182662278413773,128,1.0,128,1.0,128,0.0,128,18.0,128,0.5542608350515366,128,-1.6443129777908325,128,-0.4407920613884926,128
noisy,84,19,8,0.28004276752471924,128,8.145872831344604,128,0.45254848897457123,128,0.3205883800983429,128,0.6794116497039795,128,0.2497185729444027,128,-0.0983661413192749,128,0.9816614985466003,128,1.0,128,1.0,128,0.0,128,18.0,128,0.4681217074394226,128,-1.6094041168689728,128,-0.8075008988380432,128
noisy,84,19,9,0.2836516350507736,128,5.728252649307251,128,0.31823626160621643,128,0.5558297336101532,128,0.4441702663898468,128,0.13956383988261223,128,-0.3336075246334076,128,0.8573842942714691,128,1.0,128,1.0,128,0.0,128,18.0,128,0.5317830145359039,128,-1.839826375246048,128,-0.7870343178510666,128
noisy,84,19,10,0.38185902684926987,128,9.30684494972229,128,0.5170469507575035,128,0.28925785422325134,128,0.7107421606779099,128,0.31360241770744324,128,-0.06703563034534454,128,0.8146674484014511,128,7.25,128,1.0,128,0.0,128,6.0,128,0.6070193201303482,128,-0.5211905241012573,128,-0.11377309635281563,128
noisy,84,19,11,0.25606783106923103,128,4.10763418674469,128,0.22820189967751503,128,0.7450950741767883,128,0.25490492954850197,128,0.09749716334044933,128,-0.5228728652000427,128,0.6438422501087189,128,1.0,128,1.0,128,0.0,128,18.0,128,0.4454282149672508,128,-1.8185140788555145,128,-0.6348192542791367,128
noisy,84,20,0,0.27121463418006897,128,5.675559163093567,128,0.3153088390827179,128,0.5802625715732574,128,0.41973742097616196,128,0.1457930989563465,128,-0.35804037004709244,128,0.84925976395607,128,1.0,128,1.0,128,0.0,128,18.0,128,0.4971145838499069,128,-1.8845809698104858,128,-0.7508937865495682,128
noisy,84,20,1,0.40296366810798645,128,8.382962226867676,128,0.46572012454271317,128,0.33195634186267853,128,0.6680436581373215,128,0.275899700820446,128,-0.10973413288593292,128,0.7600670903921127,128,1.0,128,1.0,128,0.0,128,6.0,128,0.7090599238872528,128,-0.46887730807065964,128,-0.15895996242761612,128
noisy,84,20,2,0.4419556111097336,128,12.279464483261108,128,0.682192474603653,128,0.06847361661493778,128,0.9315263777971268,128,0.49193866550922394,128,0.15374858677387238,128,0.6363881379365921,128,18.0,128,1.0,128,0.0,128,6.0,128,0.8819388300180435,128,0.15981028974056244,128,-0.00810586882289499,128
noisy,84,20,3,0.5300759971141815,128,9.739168405532837,128,0.541064903140068,128,0.2934667021036148,128,0.7065332978963852,128,0.3739376664161682,128,-0.0712444931268692,128,0.630274623632431,128,13.75,128,1.0,128,0.0,128,6.0,128,0.7424013912677765,128,-0.2702968195080757,128,-0.05763299763202667,128
noisy,84,20,4,0.3023976534605026,128,4.944341540336609,128,0.27468564361333847,128,0.6750223487615585,128,0.3249776363372803,128,0.1535864695906639,128,-0.4528001546859741,128,0.6948146373033524,128,1.0,128,1.0,128,0.0,128,18.0,128,0.5085781067609787,128,-1.574554592370987,128,-0.4658355265855789,128
noisy,84,20,5,0.48951032012701035,128,9.782347202301025,128,0.5434637367725372,128,0.2574753314256668,128,0.7425246834754944,128,0.3488515093922615,128,-0.03525310754776001,128,0.6777447313070297,128,9.5,128,1.0,128,0.0,128,6.0,128,0.766345426440239,128,-0.29653511196374893,128,-0.06233564205467701,128
noisy,84,20,6,0.22169369459152222,128,5.699290871620178,128,0.31662727147340775,128,0.5484223812818527,128,0.4515775963664055,128,0.12729664146900177,128,-0.3262001946568489,128,0.8436740636825562,128,1.0,128,1.0,128,0.0,128,18.0,128,0.6304569691419601,128,-1.6600235104560852,128,-0.7662410736083984,128
noisy,84,20,7,0.6671160161495209,128,16.10412096977234,128,0.8946733921766281,128,0.00416220270562917,128,0.9958377927541733,128,0.8047406673431396,128,0.21806000173091888,128,0.45761194080114365,128,17.0,128,1.0,128,0.0,128,6.0,128,0.5551354736089706,128,1.3546279668807983,128,0.6586861908435822,128
noisy,84,20,8,0.30494581162929535,128,4.972478866577148,128,0.27624882757663727,128,0.7241638749837875,128,0.27583612501621246,128,0.19121119379997253,128,-0.5019416734576225,128,0.5147531032562256,128,1.0,128,1.0,128,0.0,128,18.0,128,0.5314247161149979,128,-1.2860944271087646,128,-0.21427151188254356,128
noisy,84,20,9,0.3227141350507736,128,9.018403768539429,128,0.5010224282741547,128,0.30236468464136124,128,0.6976353526115417,128,0.31327637284994125,128,-0.08014243841171265,128,0.8675193041563034,128,1.0,128,1.0,128,0.0,128,6.0,128,0.6335691660642624,128,-0.5564892441034317,128,-0.15867900475859642,128
noisy,84,20,10,0.2583945766091347,128,6.725244641304016,128,0.3736247047781944,128,0.5108114928007126,128,0.489188514649868,128,0.2307288497686386,128,-0.2885892763733864,128,0.8763463795185089,128,1.0,128,1.0,128,0.0,128,18.0,128,0.72493676841259,128,-1.7305797636508942,128,-0.5386412888765335,128
noisy,84,20,11,0.3168724328279495,128,3.748086988925934,128,0.20822705328464508,128,0.7797877192497253,128,0.22021226584911346,128,0.10107570327818394,128,-0.5575655102729797,128,0.5792626291513443,128,1.0,128,1.0,128,0.0,128,18.0,128,0.5743923783302307,128,-1.5888826549053192,128,-0.4375866428017616,128
noisy,84,21,0,0.3042176142334938,128,5.043579578399658,128,0.280198872089386,128,0.5684717744588852,128,0.4315282180905342,128,0.10057996213436127,128,-0.3462495729327202,128,0.6489395797252655,128,1.0,128,1.0,128,0.0,128,6.0,128,0.47879069298505783,128,-1.0518368780612946,128,-0.42139796167612076,128
noisy,84,21,1,0.3620413988828659,128,4.523992419242859,128,0.25133291259407997,128,0.6727356016635895,128,0.3272644132375717,128,0.10839184559881687,128,-0.4505133777856827,128,0.7680492699146271,128,1.0,128,1.0,128,0.0,128,18.0,128,0.48482920974493027,128,-1.9027768969535828,128,-0.7002591639757156,128
noisy,84,21,2,0.2868226021528244,128,4.650273084640503,128,0.2583485096693039,128,0.7039487361907959,128,0.2960512563586235,128,0.13209353387355804,128,-0.4817265421152115,128,0.6982357054948807,128,1.0,128,1.0,128,0.0,128,18.0,128,0.6294053941965103,128,-1.7731287479400635,128,-0.5826772451400757,128
noisy,84,21,3,0.4753120616078377,128,9.358900547027588,128,0.5199389159679413,128,0.28711412101984024,128,0.7128858715295792,128,0.37224042415618896,128,-0.06489191949367523,128,0.5974997729063034,128,13.75,128,1.0,128,0.0,128,6.0,128,0.6980057954788208,128,-0.4730607643723488,128,-0.13325791992247105,128
noisy,84,21,4,0.47110508382320404,128,5.588663578033447,128,0.31048130989074707,128,0.5832092612981796,128,0.4167907312512398,128,0.15556078776717186,128,-0.3609870597720146,128,0.8265819102525711,128,1.0,128,1.0,128,0.0,128,18.0,128,0.56534343957901,128,-1.7175181210041046,128,-0.6006596088409424,128
noisy,84,21,5,0.33226505666971207,128,8.815441608428955,128,0.4897467568516731,128,0.2976095378398895,128,0.7023904770612717,128,0.30090658366680145,128,-0.07538731396198273,128,0.9338107407093048,128,1.0,128,1.0,128,0.0,128,6.0,128,0.47836559265851974,128,-0.6966915279626846,128,-0.23529182374477386,128
noisy,84,21,6,0.2928798794746399,128,5.8329490423202515,128,0.32405272126197815,128,0.592587411403656,128,0.4074125736951828,128,0.17118190973997116,128,-0.3703652173280716,128,0.8289433419704437,128,1.0,128,1.0,128,0.0,128,18.0,128,0.60323466360569,128,-1.854940950870514,128,-0.6677709668874741,128
noisy,84,21,7,0.30827687680721283,128,4.832307457923889,128,0.26846151798963547,128,0.6310693621635437,128,0.3689306452870369,128,0.09536454267799854,128,-0.4088471457362175,128,0.7851336598396301,128,1.0,128,1.0,128,0.0,128,18.0,128,0.4701330438256264,128,-1.7748903930187225,128,-0.759355440735817,128
noisy,84,21,8,0.21547237411141396,128,2.2184857726097107,128,0.12324921041727066,128,0.90638168156147,128,0.09361832775175571,128,0.02374767977744341,128,-0.6841594576835632,128,0.44325780868530273,128,1.0,128,1.0,128,0.0,128,18.0,128,0.6325819939374924,128,-1.7296537458896637,128,-0.5863145887851715,128
noisy,84,21,9,0.5777942687273026,128,13.791542053222656,128,0.7661967873573303,128,0.09267368726432323,128,0.9073263257741928,128,0.6787660866975784,128,0.12954853475093842,128,0.7565551400184631,128,17.0,128,1.0,128,0.0,128,6.0,128,0.6019148379564285,128,0.33258508145809174,128,0.517388142645359,128
noisy,84,21,10,0.46848367899656296,128,8.313307523727417,128,0.4618504196405411,128,0.39535338431596756,128,0.604646623134613,128,0.2966132089495659,128,-0.17313116788864136,128,0.7083369493484497,128,1.0,128,1.0,128,0.0,128,6.0,128,0.5658347010612488,128,-0.5231471508741379,128,-0.13531093299388885,128
noisy,84,21,11,0.504994161427021,128,14.518305778503418,128,0.8065725415945053,128,0.004902318934909999,128,0.9950976818799973,128,0.6619382053613663,128,0.21731989085674286,128,0.46468356996774673,128,18.0,128,0.9444444179534912,128,0.11764705926179886,128,6.0,128,0.9245297312736511,128,0.6092602163553238,128,0.11244351230561733,128
noisy,84,22,0,0.269793801009655,128,4.81525444984436,128,0.267514131963253,128,0.6587789356708527,128,0.34122107177972794,128,0.08530764281749725,128,-0.43655671924352646,128,0.753351628780365,128,1.0,128,1.0,128,0.0,128,18.0,128,0.5530221611261368,128,-1.738361895084381,128,-0.774140253663063,128
noisy,84,22,1,0.3360609710216522,128,6.090248107910156,128,0.3383471146225929,128,0.585841953754425,128,0.41415803134441376,128,0.19192064553499222,128,-0.36361975967884064,128,0.7836624681949615,128,1.0,128,1.0,128,0.0,128,18.0,128,0.6219844371080399,128,-1.5343235433101654,128,-0.4442886635661125,128
noisy,84,22,2,0.22889942675828934,128,4.714727997779846,128,0.26192932575941086,128,0.6468716412782669,128,0.3531283661723137,128,0.08899418823421001,128,-0.4246494248509407,128,0.8160666227340698,128,1.0,128,1.0,128,0.0,128,18.0,128,0.5632109194993973,128,-1.9432454407215118,128,-0.9099317789077759,128
noisy,84,22,3,0.397539921104908,128,4.534941077232361,128,0.25194117426872253,128,0.7239315658807755,128,0.27606842666864395,128,0.11566425301134586,128,-0.5017093494534492,128,0.7157052755355835,128,1.0,128,1.0,128,0.0,128,18.0,128,0.6663635671138763,128,-1.815478503704071,128,-0.6251860111951828,128
noisy,84,22,4,0.34248853474855423,128,6.181043744087219,128,0.3433913215994835,128,0.5626149326562881,128,0.43738512694835663,128,0.21042142808437347,128,-0.34039266407489777,128,0.7982612550258636,128,1.25,128,1.0,128,0.0,128,18.0,128,0.5993535816669464,128,-1.427719533443451,128,-0.4065883904695511,128
noisy,84,22,5,0.44636406749486923,128,5.177949070930481,128,0.2876638323068619,128,0.6212697327136993,128,0.37873024493455887,128,0.14556101337075233,128,-0.3990475460886955,128,0.7670653015375137,128,1.0,128,1.0,128,0.0,128,18.0,128,0.6543485969305038,128,-1.7656320929527283,128,-0.576446071267128,128
noisy,84,22,6,0.44923561066389084,128,7.595506310462952,128,0.4219725802540779,128,0.4827573671936989,128,0.5172426477074623,128,0.3187938928604126,128,-0.2605351433157921,128,0.831513836979866,128,1.0,128,1.0,128,0.0,128,18.0,128,0.7670529186725616,128,-1.3516334891319275,128,-0.17511237040162086,128
noisy,84,22,7,0.3629179373383522,128,8.455466270446777,128,0.4697481244802475,128,0.3181406408548355,128,0.6818593740463257,128,0.2567177712917328,128,-0.09591841697692871,128,0.8953284472227097,128,1.0,128,1.0,128,0.0,128,6.0,128,0.49695923924446106,128,-0.70450259745121,128,-0.27774328738451004,128
noisy,84,22,8,0.47794173657894135,128,3.920110762119293,128,0.21778393164277077,128,0.745450958609581,128,0.2545490339398384,128,0.08144457638263702,128,-0.5232287496328354,128,0.6873159408569336,128,1.0,128,1.0,128,0.0,128,18.0,128,0.446426622569561,128,-1.8303147554397583,128,-0.6917136162519455,128
noisy,84,22,9,0.33103834092617035,128,6.601580619812012,128,0.366754487156868,128,0.4578147232532501,128,0.5421852469444275,128,0.16302991285920143,128,-0.2355925440788269,128,0.9206598550081253,128,1.0,128,1.0,128,0.0,128,18.0,128,0.5652180016040802,128,-1.7001555562019348,128,-0.8111624270677567,128
noisy,84,22,10,0.34242886304855347,128,5.604816555976868,128,0.31137869507074356,128,0.6233085840940475,128,0.37669143080711365,128,0.14644944667816162,128,-0.40108636021614075,128,0.7459524720907211,128,1.0,128,1.0,128,0.0,128,18.0,128,0.5100783258676529,128,-1.6592071056365967,128,-0.5682221949100494,128
noisy,84,22,11,0.3663107231259346,128,11.218564748764038,128,0.623253583908081,128,0.10589109547436237,128,0.8941088914871216,128,0.3857828304171562,128,0.11633110046386719,128,0.7276056110858917,128,18.0,128,0.4444444477558136,128,0.3529411852359772,128,6.0,128,0.8471189886331558,128,0.15427302569150925,128,-0.028569755551870912,128
noisy,84,23,0,0.24300337582826614,128,5.0416553020477295,128,0.2800919637084007,128,0.6533116400241852,128,0.3466883972287178,128,0.13422350957989693,128,-0.4310893937945366,128,0.8105995804071426,128,1.0,128,1.0,128,0.0,128,13.5,128,0.3821706399321556,128,-1.9497805833816528,128,-0.7461284399032593,128
noisy,84,23,1,0.26861048489809036,128,5.5748186111450195,128,0.30971214175224304,128,0.586880698800087,128,0.4131193310022354,128,0.14082497358322144,128,-0.364658460021019,128,0.7467423975467682,128,1.0,128,0.7777777910232544,128,0.22058823704719543,128,9.0,128,0.4589387997984886,128,-1.4579145014286041,128,-0.49474242329597473,128
noisy,84,23,2,0.3034127429127693,128,7.7844966650009155,128,0.43247202783823013,128,0.3238242492079735,128,0.6761757284402847,128,0.21733414381742477,128,-0.10160206258296967,128,0.9664357602596283,128,1.5,128,1.0,128,0.0,128,18.0,128,0.4938371181488037,128,-1.2573856115341187,128,-0.7577921599149704,128
noisy,84,23,3,0.49623727798461914,128,4.342487931251526,128,0.24124933034181595,128,0.7162679582834244,128,0.2837320417165756,128,0.09994062222540379,128,-0.49404574930667877,128,0.7154485434293747,128,1.0,128,1.0,128,0.0,128,18.0,128,0.4765470549464226,128,-1.8483159840106964,128,-0.6877088099718094,128
noisy,84,23,4,0.2862817943096161,128,5.025895595550537,128,0.2792164236307144,128,0.6257929801940918,128,0.3742070347070694,128,0.10790403187274933,128,-0.403570756316185,128,0.7495508790016174,128,1.0,128,1.0,128,0.0,128,18.0,128,0.4285147190093994,128,-1.6406200528144836,128,-0.6590381860733032,128
noisy,84,23,5,0.5654619783163071,128,5.3704445362091064,128,0.2983580231666565,128,0.6244475990533829,128,0.3755524158477783,128,0.12421468272805214,128,-0.4022253751754761,128,0.7907668799161911,128,1.0,128,1.0,128,0.0,128,18.0,128,0.5696660280227661,128,-1.7311963737010956,128,-0.6431224793195724,128
noisy,84,23,6,0.2814411446452141,128,3.8291757702827454,128,0.21273198351264,128,0.7533070892095566,128,0.24669292196631432,128,0.07208455819636583,128,-0.531084880232811,128,0.6532181203365326,128,1.0,128,1.0,128,0.0,128,18.0,128,0.5542597323656082,128,-1.6728063821792603,128,-0.6584878861904144,128
noisy,84,23,7,0.2867409959435463,128,7.915995478630066,128,0.43977753072977066,128,0.454689122736454,128,0.5453108996152878,128,0.29701047390699387,128,-0.2324668914079666,128,0.785087376832962,128,1.0,128,1.0,128,0.0,128,15.0,128,0.5474832653999329,128,-1.03546741604805,128,-0.18374650180339813,128
noisy,84,23,8,0.18436382710933685,128,3.7280750274658203,128,0.2071152813732624,128,0.7230110764503479,128,0.2769889384508133,128,0.042751056142151356,128,-0.5007888600230217,128,0.6970147639513016,128,1.0,128,1.0,128,0.0,128,18.0,128,0.48992840200662613,128,-1.7084775567054749,128,-0.8896421790122986,128
noisy,84,23,9,0.6289138346910477,128,6.1111016273498535,128,0.3395056426525116,128,0.5806473791599274,128,0.41935260593891144,128,0.18181146308779716,128,-0.35842518508434296,128,0.764479011297226,128,1.0,128,1.0,128,0.0,128,18.0,128,0.6672011464834213,128,-1.5254914164543152,128,-0.429110087454319,128
noisy,84,23,10,0.3098682463169098,128,8.580076217651367,128,0.47667089104652405,128,0.30749624967575073,128,0.6925037354230881,128,0.27814172208309174,128,-0.08527405560016632,128,0.6606865376234055,128,5.0,128,0.08333333395421505,128,0.11764706112444401,128,6.0,128,0.660094752907753,128,-0.5259233266115189,128,-0.16408268362283707,128
noisy,84,23,11,0.6814073771238327,128,4.581331849098206,128,0.25451843068003654,128,0.6876883953809738,128,0.3123116046190262,128,0.12437509372830391,128,-0.4654661864042282,128,0.7033653855323792,128,1.0,128,1.0,128,0.0,128,18.0,128,0.575023740530014,128,-1.6824109256267548,128,-0.5561375766992569,128
noisy,84,24,0,0.3275660127401352,128,3.2583285570144653,128,0.18101825565099716,128,0.8029212206602097,128,0.19707876816391945,128,0.04687444120645523,128,-0.580699011683464,128,0.6005923748016357,128,1.0,128,1.0,128,0.0,128,18.0,128,0.594834178686142,128,-1.7919149696826935,128,-0.7610419988632202,128
noisy,84,24,1,0.33712200075387955,128,3.6235050559043884,128,0.201305840164423,128,0.7655771672725677,128,0.23442283645272255,128,0.0657903254032135,128,-0.543354943394661,128,0.6618228703737259,128,1.0,128,1.0,128,0.0,128,18.0,128,0.4665655642747879,128,-1.9135399460792542,128,-0.7920918613672256,128
noisy,84,24,2,0.4062383249402046,128,11.724230766296387,128,0.6513461619615555,128,0.03330257488414645,128,0.9666974097490311,128,0.4119437634944916,128,0.18891961872577667,128,0.6828144788742065,128,18.0,128,0.6666666865348816,128,0.29411765933036804,128,6.0,128,0.9117353856563568,128,0.5999248325824738,128,0.140053141862154,128
noisy,84,24,3,0.31822381913661957,128,5.607329487800598,128,0.3115183115005493,128,0.5656404793262482,128,0.43435949087142944,128,0.13703962415456772,128,-0.34341830015182495,128,0.8356796950101852,128,1.0,128,1.0,128,0.0,128,18.0,128,0.5547134876251221,128,-1.6966476440429688,128,-0.7192421555519104,128
noisy,84,24,4,0.27700701355934143,128,6.932231783866882,128,0.38512399792671204,128,0.4317562058568001,128,0.5682438015937805,128,0.19452330842614174,128,-0.20953398942947388,128,0.937720388174057,128,1.0,128,1.0,128,0.0,128,18.0,128,0.6205589771270752,128,-1.845917820930481,128,-0.7854868620634079,128
noisy,84,24,5,0.21147263050079346,128,4.2976104617118835,128,0.23875613883137703,128,0.6745912283658981,128,0.32540877908468246,128,0.07959753647446632,128,-0.45236901193857193,128,0.7504070401191711,128,1.0,128,1.0,128,0.0,128,18.0,128,0.43842146545648575,128,-1.864492267370224,128,-0.8442026972770691,128
noisy,84,24,6,0.49306923896074295,128,5.840366244316101,128,0.3244647905230522,128,0.582323431968689,128,0.4176765978336334,128,0.17088176310062408,128,-0.36010119318962097,128,0.7879208624362946,128,1.0,128,1.0,128,0.0,128,18.0,128,0.5800401866436005,128,-1.6191169321537018,128,-0.44289475679397583,128
noisy,84,24,7,0.5836735665798187,128,4.661152362823486,128,0.25895290821790695,128,0.6832636743783951,128,0.3167363330721855,128,0.1042743418365717,128,-0.4610414579510689,128,0.7218437492847443,128,1.0,128,1.0,128,0.0,128,18.0,128,0.5882697850465775,128,-1.721475899219513,128,-0.6271262764930725,128
noisy,84,24,8,0.5504884570837021,128,5.336936354637146,128,0.2964964583516121,128,0.6019901782274246,128,0.3980098068714142,128,0.13866426795721054,128,-0.3797679841518402,128,0.7976199835538864,128,1.0,128,1.0,128,0.0,128,18.0,128,0.4738354980945587,128,-1.638313889503479,128,-0.5818445682525635,128
noisy,84,24,9,0.43103833496570587,128,6.276031494140625,128,0.3486684262752533,128,0.5145147368311882,128,0.4854852557182312,128,0.17816247045993805,128,-0.2922925353050232,128,0.8626374006271362,128,1.0,128,1.0,128,0.0,128,18.0,128,0.6462210565805435,128,-1.5913583934307098,128,-0.624529093503952,128
noisy,84,24,10,0.6243698745965958,128,5.145844459533691,128,0.2858802452683449,128,0.6377935707569122,128,0.36220642924308777,128,0.1368846371769905,128,-0.4155713617801666,128,0.767368882894516,128,1.0,128,1.0,128,0.0,128,18.0,128,0.5644455552101135,128,-1.704437792301178,128,-0.6148165017366409,128
noisy,84,24,11,0.6293531507253647,128,5.837048411369324,128,0.3242804706096649,128,0.5819680839776993,128,0.4180319309234619,128,0.14541061222553253,128,-0.3597458600997925,128,0.7892900258302689,128,1.0,128,1.0,128,0.0,128,18.0,128,0.6233083456754684,128,-1.6728765368461609,128,-0.5674035251140594,128
noisy,84,25,0,0.2459281012415886,128,5.798839807510376,128,0.32215777039527893,128,0.5548174828290939,128,0.4451824799180031,128,0.15497319027781487,128,-0.3325953111052513,128,0.8335494697093964,128,1.0,128,1.0,128,0.0,128,18.0,128,0.5091994553804398,128,-1.6642328202724457,128,-0.711550310254097,128
noisy,84,25,1,0.37628209590911865,128,5.163195610046387,128,0.2868442013859749,128,0.6372474581003189,128,0.3627525195479393,128,0.12137539871037006,128,-0.4150252714753151,128,0.739750862121582,128,1.0,128,1.0,128,0.0,128,18.0,128,0.5859248042106628,128,-1.614152729511261,128,-0.5858470499515533,128
noisy,84,25,2,0.3223690241575241,128,3.923226058483124,128,0.217957004904747,128,0.7503304481506348,128,0.24966953694820404,128,0.07311869412660599,128,-0.5281082391738892,128,0.6383179426193237,128,1.0,128,1.0,128,0.0,128,18.0,128,0.4527594894170761,128,-1.69343701004982,128,-0.6597252190113068,128
noisy,84,25,3,0.2847158908843994,128,4.954953551292419,128,0.27527520805597305,128,0.6311410367488861,128,0.3688589334487915,128,0.10870908200740814,128,-0.4089188575744629,128,0.7485439330339432,128,1.0,128,1.0,128,0.0,128,18.0,128,0.4976964071393013,128,-1.5360044836997986,128,-0.6009006649255753,128
noisy,84,25,4,0.27235864102840424,128,6.010230541229248,128,0.33390169590711594,128,0.5039199441671371,128,0.49608002603054047,128,0.11109304428100586,128,-0.28169776499271393,128,0.7981385290622711,128,1.25,128,1.0,128,0.0,128,18.0,128,0.43445149809122086,128,-1.3382221162319183,128,-0.6224136650562286,128
noisy,84,25,5,0.2552536800503731,128,7.657194375991821,128,0.42539968341588974,128,0.3560483455657959,128,0.6439516842365265,128,0.21548006311058998,128,-0.1338261067867279,128,0.9567913115024567,128,1.0,128,1.0,128,0.0,128,18.0,128,0.3804033175110817,128,-1.3826276659965515,128,-0.7421000748872757,128
noisy,84,25,6,0.40385083109140396,128,8.868353605270386,128,0.49268631637096405,128,0.10078915394842625,128,0.8992107957601547,128,0.23261813446879387,128,0.12143300473690033,128,0.7451788187026978,128,5.25,128,0.9444444179534912,128,0.11764705926179886,128,6.0,128,0.7396497577428818,128,0.0973048210144043,128,-0.1659163199365139,128
noisy,84,25,7,0.9173382222652435,128,13.496715545654297,128,0.7498175352811813,128,0.006449523032642901,128,0.99355049431324,128,0.46381232142448425,128,0.21577270328998566,128,0.5836865156888962,128,18.0,128,0.3333333432674408,128,0.29411765933036804,128,6.0,128,0.9481671899557114,128,0.766756996512413,128,0.24906687811017036,128
noisy,84,25,8,0.27865782380104065,128,5.037923336029053,128,0.27988462895154953,128,0.6222489476203918,128,0.37775104492902756,128,0.0936640277504921,128,-0.40002674609422684,128,0.7476125061511993,128,1.0,128,1.0,128,0.0,128,18.0,128,0.48322687298059464,128,-1.5300755500793457,128,-0.700463280081749,128
noisy,84,25,9,0.3385777547955513,128,10.292008876800537,128,0.571778267621994,128,0.06737616285681725,128,0.9326238632202148,128,0.27693481743335724,128,0.15484607219696045,128,0.7463981211185455,128,11.0,128,0.8611111044883728,128,0.1764705888926983,128,6.0,128,0.882083535194397,128,0.4246256574988365,128,-0.002954004448838532,128
noisy,84,25,10,0.27192988991737366,128,6.695631504058838,128,0.3719795271754265,128,0.4981428012251854,128,0.501857228577137,128,0.204040739685297,128,-0.2759205624461174,128,0.8955191671848297,128,1.0,128,1.0,128,0.0,128,18.0,128,0.7508979737758636,128,-1.7781212329864502,128,-0.5918262004852295,128
noisy,84,25,11,0.25866926461458206,128,5.186918616294861,128,0.28816214203834534,128,0.5947193652391434,128,0.40528061985969543,128,0.10883434303104877,128,-0.37249717116355896,128,0.787367582321167,128,1.0,128,1.0,128,0.0,128,18.0,128,0.45900681614875793,128,-1.589678555727005,128,-0.7424367368221283,128
noisy,84,26,0,0.3386230915784836,128,8.369474172592163,128,0.46497078984975815,128,0.32578518986701965,128,0.6742148101329803,128,0.2731003612279892,128,-0.10356298089027405,128,0.967208057641983,128,1.0,128,1.0,128,0.0,128,18.0,128,0.4584926813840866,128,-1.3585975766181946,128,-0.45227086544036865,128
noisy,84,26,1,0.3214646875858307,128,9.2099289894104,128,0.5116627216339111,128,0.22774691134691238,128,0.7722531259059906,128,0.2638128697872162,128,-0.005524665117263794,128,0.9294993579387665,128,8.5,128,1.0,128,0.0,128,6.0,128,0.44565365463495255,128,-0.1693253330886364,128,-0.1577613167464733,128
noisy,84,26,2,0.18710385262966156,128,3.604421555995941,128,0.20024564117193222,128,0.7467430084943771,128,0.25325699523091316,128,0.04979096166789532,128,-0.5245208144187927,128,0.681711733341217,128,1.0,128,1.0,128,0.0,128,18.0,128,0.45627934485673904,128,-1.7981433868408203,128,-0.8506722003221512,128
noisy,84,26,3,0.2165292724967003,128,7.459289312362671,128,0.414404958486557,128,0.3817853257060051,128,0.6182146519422531,128,0.21715964004397392,128,-0.15956313908100128,128,0.9551390111446381,128,1.0,128,1.0,128,0.0,128,18.0,128,0.60642871260643,128,-1.619383454322815,128,-0.7533917427062988,128
noisy,84,26,4,0.3814604878425598,128,10.347359657287598,128,0.5748533010482788,128,0.13893430680036545,128,0.861065685749054,128,0.36240962892770767,128,0.08328789472579956,128,0.7879068106412888,128,18.0,128,1.0,128,0.0,128,6.0,128,0.8360308855772018,128,0.15180059522390366,128,-0.035126951057463884,128
noisy,84,26,5,0.24820257723331451,128,7.143625020980835,128,0.3968680575489998,128,0.407820001244545,128,0.5921799838542938,128,0.18987324833869934,128,-0.18559780716896057,128,0.791403517127037,128,1.0,128,1.0,128,0.0,128,6.0,128,0.5363431870937347,128,-0.8397025316953659,128,-0.37469905614852905,128
noisy,84,26,6,0.1967819295823574,128,4.3234745264053345,128,0.24019302800297737,128,0.7081613391637802,128,0.2918386533856392,128,0.09700461104512215,128,-0.4859391376376152,128,0.7121042907238007,128,1.0,128,1.0,128,0.0,128,18.0,128,0.6303560882806778,128,-1.7456947267055511,128,-0.685560405254364,128
noisy,84,26,7,0.307721309363842,128,8.376418590545654,128,0.46535658091306686,128,0.3075419068336487,128,0.6924580931663513,128,0.23881874978542328,128,-0.08531969785690308,128,0.8344791680574417,128,1.0,128,1.0,128,0.0,128,6.0,128,0.6648284643888474,128,-0.5175412595272064,128,-0.24529693648219109,128
noisy,84,26,8,0.22239412739872932,128,3.317935347557068,128,0.18432974070310593,128,0.794521689414978,128,0.20547831803560257,128,0.039812853559851646,128,-0.5722994655370712,128,0.5987282544374466,128,1.0,128,1.0,128,0.0,128,18.0,128,0.5364731401205063,128,-1.691809982061386,128,-0.7564318180084229,128
noisy,84,26,9,0.21947086229920387,128,5.77713406085968,128,0.3209518939256668,128,0.5512605160474777,128,0.4487394914031029,128,0.13295670598745346,128,-0.3290382996201515,128,0.7909390032291412,128,1.25,128,1.0,128,0.0,128,18.0,128,0.5501813441514969,128,-1.4617115259170532,128,-0.5597379207611084,128
noisy,84,26,10,0.5215713530778885,128,10.587285280227661,128,0.5881825238466263,128,0.24339387193322182,128,0.7566061168909073,128,0.42999065667390823,128,-0.021171674132347107,128,0.7581080943346024,128,18.0,128,1.0,128,0.0,128,6.0,128,0.575503334403038,128,-0.25328977033495903,128,-0.040587366092950106,128
noisy,84,26,11,0.20284944027662277,128,5.135121822357178,128,0.28528454899787903,128,0.6210115700960159,128,0.3789884224534035,128,0.09984731115400791,128,-0.3987893685698509,128,0.7225840240716934,128,1.0,128,1.0,128,0.0,128,18.0,128,0.4775785878300667,128,-1.4418130218982697,128,-0.6130000352859497,128
noisy,84,27,0,0.25542447343468666,128,7.963787198066711,128,0.44243261963129044,128,0.3618697449564934,128,0.6381302326917648,128,0.24959460645914078,128,-0.13964755833148956,128,0.9590609073638916,128,1.0,128,1.0,128,0.0,128,18.0,128,0.5740369111299515,128,-1.586584359407425,128,-0.6853381544351578,128
noisy,84,27,1,0.1666886806488037,128,7.56187903881073,128,0.42010439187288284,128,0.46279143542051315,128,0.5372085422277451,128,0.28598082065582275,128,-0.24056924879550934,128,0.9164798408746719,128,1.0,128,1.0,128,0.0,128,18.0,128,0.8443357050418854,128,-1.8004271686077118,128,-0.4000707343220711,128
noisy,84,27,2,0.14525749906897545,128,1.9816792607307434,128,0.11009329184889793,128,0.9254042059183121,128,0.07459577359259129,128,0.01201744214631617,128,-0.7031820267438889,128,0.40794920921325684,128,1.0,128,1.0,128,0.0,128,18.0,128,0.5600632131099701,128,-1.8858568370342255,128,-0.8083832263946533,128
noisy,84,27,3,0.2137886993587017,128,4.85106086730957,128,0.2695033848285675,128,0.6558983325958252,128,0.3441016525030136,128,0.1305805705487728,128,-0.4336761385202408,128,0.7239872962236404,128,1.0,128,1.0,128,0.0,128,18.0,128,0.7497826814651489,128,-1.6173655092716217,128,-0.6172143369913101,128
noisy,84,27,4,0.1476861760020256,128,8.17728042602539,128,0.4542933627963066,128,0.34573885798454285,128,0.6542611420154572,128,0.276109978556633,128,-0.12351664900779724,128,0.9782670140266418,128,1.0,128,1.0,128,0.0,128,18.0,128,0.5744759887456894,128,-1.9653103053569794,128,-0.670441597700119,128
noisy,84,27,5,0.18762032315135002,128,8.426236629486084,128,0.46812425553798676,128,0.33936288952827454,128,0.6606370955705643,128,0.28631261736154556,128,-0.11714069545269012,128,0.9758276641368866,128,1.0,128,1.0,128,0.0,128,18.0,128,0.5489751845598221,128,-1.7165807485580444,128,-0.5794125646352768,128
noisy,84,27,6,0.46921877562999725,128,12.709993839263916,128,0.7061107754707336,128,0.02038390189409256,128,0.9796161353588104,128,0.49021419882774353,128,0.20183834433555603,128,0.6111613512039185,128,18.0,128,1.0,128,0.0,128,6.0,128,0.8543453961610794,128,0.454862579703331,128,0.03282306483015418,128
noisy,84,27,7,0.48976363241672516,128,12.493961334228516,128,0.6941089630126953,128,0.03593358211219311,128,0.9640664458274841,128,0.5108046382665634,128,0.18628865480422974,128,0.644605815410614,128,18.0,128,1.0,128,0.0,128,6.0,128,0.8189165443181992,128,0.6469576358795166,128,0.0705924741923809,128
noisy,84,27,8,0.16970115527510643,128,4.8663002252578735,128,0.27035000920295715,128,0.6110605001449585,128,0.3889394849538803,128,0.07403522171080112,128,-0.3888383060693741,128,0.8029692023992538,128,1.0,128,1.0,128,0.0,128,18.0,128,0.49434758722782135,128,-1.631808191537857,128,-0.8431937843561172,128
noisy,84,27,9,0.34170641750097275,128,6.128032445907593,128,0.34044624865055084,128,0.43551089614629745,128,0.5644891262054443,128,0.11187653057277203,128,-0.21328866481781006,128,0.7832798063755035,128,1.0,128,1.0,128,0.0,128,6.0,128,0.4859837517142296,128,-0.7436506152153015,128,-0.5174877494573593,128
noisy,84,27,10,0.28930220007896423,128,8.797039270401001,128,0.48872439563274384,128,0.13698017597198486,128,0.8630198687314987,128,0.20814432576298714,128,0.08524207770824432,128,0.7564320415258408,128,5.0,128,1.0,128,0.0,128,6.0,128,0.8074193745851517,128,0.003956312546506524,128,-0.141438540071249,128
noisy,84,27,11,0.3130106255412102,128,3.6692545413970947,128,0.2038474753499031,128,0.6653646230697632,128,0.3346353992819786,128,0.021272288169711828,128,-0.4431423917412758,128,0.5718868523836136,128,1.0,128,1.0,128,0.0,128,18.0,128,0.49890026450157166,128,-1.2192595601081848,128,-0.709439292550087,128
noisy,84,28,0,0.04355679824948311,128,1.0511032342910767,128,0.058394623920321465,128,0.9988309741020203,128,0.0011690200917655602,128,0.00021810067119076848,128,-0.7766087651252747,128,0.06049979664385319,128,1.0,128,1.0,128,0.0,128,6.0,128,0.4800609424710274,128,-1.5375999808311462,128,-0.7910380512475967,128
noisy,84,28,1,0.16480252146720886,128,1.8538462817668915,128,0.10299145989120007,128,0.9089918434619904,128,0.0910081546753645,128,0.019999373704195023,128,-0.6867696344852448,128,0.30014127492904663,128,1.0,128,1.0,128,0.0,128,6.0,128,0.407626248896122,128,-1.4632691442966461,128,-0.6592890620231628,128
noisy,84,28,2,0.1271246112883091,128,4.965120315551758,128,0.27584002166986465,128,0.6385528445243835,128,0.36144717037677765,128,0.10399429500102997,128,-0.41633062064647675,128,0.8312814235687256,128,1.0,128,1.0,128,0.0,128,18.0,128,0.4049224928021431,128,-2.0190420746803284,128,-0.8863198012113571,128
noisy,84,28,3,0.14370561763644218,128,6.620486736297607,128,0.3678048178553581,128,0.4439782500267029,128,0.5560217350721359,128,0.15417208522558212,128,-0.22175605595111847,128,0.927523747086525,128,1.0,128,1.0,128,0.0,128,18.0,128,0.5024599954485893,128,-1.7334079146385193,128,-0.852544754743576,128
noisy,84,28,4,0.13332030549645424,128,7.925406098365784,128,0.4403003454208374,128,0.3377852365374565,128,0.6622147411108017,128,0.22693517431616783,128,-0.1155630499124527,128,0.9734036475419998,128,4.0,128,1.0,128,0.0,128,18.0,128,0.697600319981575,128,-1.591464102268219,128,-0.7689030021429062,128
noisy,84,28,5,0.26870857924222946,128,10.776699304580688,128,0.598705530166626,128,0.16516151651740074,128,0.8348384946584702,128,0.3969929367303848,128,0.05706070363521576,128,0.8441074639558792,128,18.0,128,1.0,128,0.0,128,6.0,128,0.8284648805856705,128,0.400691457092762,128,0.0959588261321187,128
noisy,84,28,6,0.47398069500923157,128,12.40145230293274,128,0.6889695823192596,128,0.0769769549369812,128,0.92302305996418,128,0.5112885609269142,128,0.1452452689409256,128,0.6828911006450653,128,18.0,128,1.0,128,0.0,128,6.0,128,0.7740022987127304,128,0.1714838333427906,128,-0.027716731186956167,128
noisy,84,28,7,0.1299973577260971,128,8.832483053207397,128,0.49069350212812424,128,0.3373844623565674,128,0.6626155376434326,128,0.33503229171037674,128,-0.11516225337982178,128,0.9775620996952057,128,1.0,128,1.0,128,0.0,128,18.0,128,0.7753686755895615,128,-1.7541199326515198,128,-0.27059367299079895,128
noisy,84,28,8,0.7046899944543839,128,16.723700046539307,128,0.9290944635868073,128,0.0,128,0.9999999701976776,128,0.8240319490432739,128,0.22222217917442322,128,0.2752929553389549,128,18.0,128,1.0,128,0.0,128,6.0,128,0.8477347791194916,128,0.9616635888814926,128,0.4675012156367302,128
noisy,84,28,9,0.24568303674459457,128,4.22664487361908,128,0.2348135970532894,128,0.6935496926307678,128,0.3064502999186516,128,0.07627365365624428,128,-0.4713274836540222,128,0.7206156998872757,128,1.0,128,1.0,128,0.0,128,18.0,128,0.6090289503335953,128,-1.6549639701843262,128,-0.737358957529068,128
noisy,84,28,10,0.2929549813270569,128,12.601299524307251,128,0.7000721991062164,128,0.035856474190950394,128,0.9641435444355011,128,0.4431385397911072,128,0.1863657534122467,128,0.6738229244947433,128,18.0,128,1.0,128,0.0,128,6.0,128,0.9465657770633698,128,0.47402800619602203,128,0.18271931633353233,128
noisy,84,28,11,0.7634745687246323,128,17.927717685699463,128,0.9959843158721924,128,0.0,128,1.0,128,0.9909508526325226,128,0.2222222089767456,128,0.03214174695312977,128,18.0,128,1.0,128,0.0,128,6.0,128,0.8715014308691025,128,1.0012683719396591,128,0.4306558519601822,128
noisy,84,29,0,0.6045510470867157,128,11.794406175613403,128,0.6552447825670242,128,0.1214318759739399,128,0.8785681128501892,128,0.4643299952149391,128,0.10079032182693481,128,0.7702787816524506,128,18.0,128,1.0,128,0.0,128,6.0,128,0.741777703166008,128,0.13755495846271515,128,0.012128314236178994,128
noisy,84,29,1,0.18209977447986603,128,8.197101593017578,128,0.45539453625679016,128,0.3672192320227623,128,0.6327807754278183,128,0.2994033396244049,128,-0.1449970155954361,128,0.9645042717456818,128,1.0,128,1.0,128,0.0,128,18.0,128,0.6252275705337524,128,-1.7680764198303223,128,-0.4588746502995491,128
noisy,84,29,2,0.6603788733482361,128,16.601104736328125,128,0.9222836047410965,128,0.0047168267192319036,128,0.9952832609415054,128,0.8620456010103226,128,0.21750546991825104,128,0.3756539821624756,128,18.0,128,1.0,128,0.0,128,6.0,128,0.6934904605150223,128,0.8471704870462418,128,0.2410409115254879,128
noisy,84,29,3,0.14326700195670128,128,3.7160112857818604,128,0.20644507184624672,128,0.7434172332286835,128,0.2565828040242195,128,0.05131519306451082,128,-0.5211949944496155,128,0.7111496180295944,128,1.0,128,1.0,128,0.0,128,18.0,128,0.5257772654294968,128,-1.9872717261314392,128,-0.9057796746492386,128
noisy,84,29,4,0.2194037102162838,128,6.973972797393799,128,0.3874429315328598,128,0.5009698867797852,128,0.49903012812137604,128,0.2304774858057499,128,-0.27874766290187836,128,0.86077581346035,128,1.0,128,1.0,128,0.0,128,18.0,128,0.5521318167448044,128,-1.538596898317337,128,-0.4252152293920517,128
noisy,84,29,5,0.22694671899080276,128,7.588147282600403,128,0.4215637445449829,128,0.4855109006166458,128,0.514489084482193,128,0.2966110482811928,128,-0.2632887065410614,128,0.8780563175678253,128,1.0,128,1.0,128,0.0,128,18.0,128,0.703474685549736,128,-1.4858360588550568,128,-0.3233795464038849,128
noisy,84,29,6,0.11670785211026669,128,7.890156388282776,128,0.43834201991558075,128,0.35464048385620117,128,0.64535953104496,128,0.24406041577458382,128,-0.13241825997829437,128,0.9754283428192139,128,1.0,128,1.0,128,0.0,128,18.0,128,0.6681186407804489,128,-1.9792826175689697,128,-0.8247704207897186,128
noisy,84,29,7,0.21688631549477577,128,10.971820831298828,128,0.6095456033945084,128,0.13298756256699562,128,0.8670124709606171,128,0.4260212555527687,128,0.08923467993736267,128,0.8501831144094467,128,18.0,128,1.0,128,0.0,128,6.0,128,0.7188728153705597,128,0.2349705584347248,128,0.04180493438616395,128
noisy,84,29,8,0.11414376832544804,128,4.607127904891968,128,0.25595154613256454,128,0.6639012545347214,128,0.3360987529158592,128,0.09653531387448311,128,-0.44167903810739517,128,0.799579381942749,128,1.0,128,1.0,128,0.0,128,18.0,128,0.6911800503730774,128,-2.0282472372055054,128,-0.8422734141349792,128
noisy,84,29,9,0.5823269337415695,128,8.24336051940918,128,0.4579644724726677,128,0.5738787204027176,128,0.42612124979496,128,0.42605239152908325,128,-0.3516565412282944,128,0.1624915711581707,128,1.0,128,1.0,128,0.0,128,6.0,128,0.8114084154367447,128,0.45574621856212616,128,0.0239438284188509,128
noisy,84,29,10,0.1414692923426628,128,10.313925743103027,128,0.5729958713054657,128,0.2126588113605976,128,0.7873412072658539,128,0.39804840087890625,128,0.009563416242599487,128,0.935321718454361,128,18.0,128,1.0,128,0.0,128,6.0,128,0.5896575450897217,128,-0.13261714950203896,128,0.051796277053654194,128
noisy,84,29,11,0.42973850667476654,128,10.072202444076538,128,0.5595668107271194,128,0.3447020798921585,128,0.6552979499101639,128,0.4187677428126335,128,-0.12247984111309052,128,0.8002406507730484,128,17.0,128,1.0,128,0.0,128,18.0,128,0.5333323925733566,128,-0.9883928447961807,128,-0.1059425063431263,128
noisy,117,0,0,0.14108965918421745,128,6.303735375404358,128,0.35020752251148224,128,0.4227543920278549,128,0.5772456228733063,128,0.11213693395256996,128,-0.20053216814994812,128,0.9228665381669998,128,1.0,128,0.7777777910232544,128,0.11764705926179886,128,18.0,128,0.7713655978441238,128,-1.4838236570358276,128,-0.8951693922281265,128
noisy,117,0,1,0.1467813216149807,128,3.6548613905906677,128,0.20304785296320915,128,0.7865734696388245,128,0.21342653036117554,128,0.10452517308294773,128,-0.5643512606620789,128,0.6215039491653442,128,1.0,128,1.0,128,0.0,128,18.0,128,0.7100163400173187,128,-1.9134607017040253,128,-0.5755515247583389,128
noisy,117,0,2,0.17101580277085304,128,9.67243480682373,128,0.5373574793338776,128,0.2232377640902996,128,0.7767622470855713,128,0.35416142642498016,128,-0.0010155439376831055,128,0.9974416494369507,128,18.0,128,1.0,128,0.0,128,18.0,128,0.5192155092954636,128,-0.11544486694037914,128,0.3088085874915123,128
noisy,117,0,3,0.1397721916437149,128,9.404033422470093,128,0.5224463045597076,128,0.22743572667241096,128,0.7725642770528793,128,0.3268100991845131,128,-0.005213513970375061,128,0.9994528591632843,128,8.0,128,1.0,128,0.0,128,18.0,128,0.44066107273101807,128,-0.5780756324529648,128,-0.4083244800567627,128
noisy,117,0,4,0.400909461081028,128,13.423726558685303,128,0.7457625865936279,128,0.07284444384276867,128,0.9271555989980698,128,0.5919661521911621,128,0.14937780797481537,128,0.6573603600263596,128,18.0,128,1.0,128,0.0,128,6.0,128,0.8342599719762802,128,0.30940116941928864,128,0.09058232791721821,128
noisy,117,0,5,0.47501110285520554,128,14.739944696426392,128,0.8188858181238174,128,0.029116089921444654,128,0.9708838909864426,128,0.6381518840789795,128,0.19310609996318817,128,0.6012100428342819,128,18.0,128,1.0,128,0.0,128,6.0,128,0.7571199983358383,128,0.8701360821723938,128,0.48407163470983505,128
noisy,117,0,6,0.427363820374012,128,10.027943849563599,128,0.5571079850196838,128,0.19062567129731178,128,0.8093743622303009,128,0.3845173940062523,128,0.03159657120704651,128,0.7040366232395172,128,18.0,128,1.0,128,0.0,128,6.0,128,0.6399517208337784,128,-0.10662117786705494,128,-0.21420534327626228,128
noisy,117,0,7,0.3361690267920494,128,9.027750492095947,128,0.5015416964888573,128,0.2734697535634041,128,0.7265302985906601,128,0.29243719577789307,128,-0.0512474924325943,128,0.9533991664648056,128,5.0,128,1.0,128,0.0,128,6.0,128,0.6409241557121277,128,-0.6793586984276772,128,-0.19746772199869156,128
noisy,117,0,8,0.15997514873743057,128,9.459868907928467,128,0.5255482643842697,128,0.22646332159638405,128,0.7735367119312286,128,0.33134713768959045,128,-0.004241079092025757,128,0.9996166974306107,128,7.5,128,1.0,128,0.0,128,18.0,128,0.4729052037000656,128,-0.6392985582351685,128,-0.23850947618484497,128
noisy,117,0,9,0.281816303730011,128,10.269607782363892,128,0.5705337673425674,128,0.23382161185145378,128,0.7661783844232559,128,0.4239252209663391,128,-0.011599406599998474,128,0.9762245416641235,128,18.0,128,0.5833333432674408,128,0.11764705926179886,128,18.0,128,0.62160724401474,128,-0.3257495015859604,128,0.30841924995183945,128
noisy,117,0,10,0.3008676692843437,128,15.204715490341187,128,0.8447064161300659,128,0.004131577850785106,128,0.9958684295415878,128,0.8453279882669449,128,0.21809063851833344,128,0.7492182552814484,128,18.0,128,1.0,128,0.0,128,18.0,128,0.5682367831468582,128,1.9069552719593048,128,0.9839232414960861,128
noisy,117,0,11,0.4090389311313629,128,12.105245590209961,128,0.6725136339664459,128,0.20981914177536964,128,0.7901808619499207,128,0.5137748867273331,128,0.01240307092666626,128,0.705091193318367,128,18.0,128,1.0,128,0.0,128,6.0,128,0.4552697688341141,128,-0.11862226761877537,128,0.3270215541124344,128
noisy,117,1,0,0.1822531819343567,128,6.3086161613464355,128,0.3504786789417267,128,0.5463522225618362,128,0.45364777743816376,128,0.19809217005968094,128,-0.32413001358509064,128,0.8604423999786377,128,1.0,128,1.0,128,0.0,128,18.0,128,0.5067623555660248,128,-1.948367863893509,128,-0.5738869085907936,128
noisy,117,1,1,0.2232494056224823,128,12.368326187133789,128,0.6871292293071747,128,0.0103564343880862,128,0.9896435588598251,128,0.43585122376680374,128,0.21186576783657074,128,0.5752585679292679,128,14.5,128,0.6666666865348816,128,0.3529411852359772,128,6.0,128,0.9419242888689041,128,0.602985218167305,128,0.18267197906970978,128
noisy,117,1,2,0.23876194283366203,128,6.130603790283203,128,0.34058909118175507,128,0.6140849441289902,128,0.38591502606868744,128,0.23709294199943542,128,-0.39186276495456696,128,0.7790734320878983,128,1.0,128,1.0,128,0.0,128,18.0,128,0.6227614134550095,128,-1.511970728635788,128,-0.21353015303611755,128
noisy,117,1,3,0.24825305491685867,128,8.40494966506958,128,0.4669416546821594,128,0.44561178982257843,128,0.5543882250785828,128,0.36673445999622345,128,-0.22338956594467163,128,0.8589143604040146,128,1.0,128,1.0,128,0.0,128,18.0,128,0.8255206942558289,128,-1.2921368479728699,128,-0.15581320971250534,128
noisy,117,1,4,0.2507479637861252,128,4.238487243652344,128,0.23547151684761047,128,0.7270858883857727,128,0.2729141041636467,128,0.11485194228589535,128,-0.5048636943101883,128,0.5804088562726974,128,1.0,128,1.0,128,0.0,128,10.5,128,0.387367844581604,128,-1.3834916651248932,128,-0.5255873799324036,128
noisy,117,1,5,0.09432743117213249,128,9.536858797073364,128,0.5298254787921906,128,0.23025934025645256,128,0.7697406858205795,128,0.33333587646484375,128,-0.008037105202674866,128,0.9887854307889938,128,18.0,128,1.0,128,0.0,128,9.0,128,0.7024802714586258,128,-0.26081907376646996,128,-0.028415751177817583,128
noisy,117,1,6,0.16098377481102943,128,14.130623579025269,128,0.785034641623497,128,0.06008082069456577,128,0.9399192333221436,128,0.7354049831628799,128,0.16214144229888916,128,0.777184471487999,128,16.0,128,0.6944444477558136,128,0.1764705926179886,128,6.0,128,0.4776689484715462,128,0.8978005945682526,128,0.7888264209032059,128
noisy,117,1,7,0.16249145567417145,128,6.963555812835693,128,0.38686420768499374,128,0.33025137335062027,128,0.6697486340999603,128,0.12711634300649166,128,-0.10802915692329407,128,0.9172595739364624,128,5.5,128,1.0,128,0.0,128,18.0,128,0.9127910882234573,128,-1.0570672750473022,128,-0.7732017040252686,128
noisy,117,1,8,0.2999720275402069,128,12.989108562469482,128,0.7216171324253082,128,0.03299347124993801,128,0.9670065194368362,128,0.5400896072387695,128,0.18922872841358185,128,0.6134077459573746,128,18.0,128,1.0,128,0.0,128,6.0,128,0.916457861661911,128,0.34418757259845734,128,0.11279511451721191,128
noisy,117,1,9,0.307924747467041,128,10.469929456710815,128,0.5816627442836761,128,0.26092104613780975,128,0.7390789985656738,128,0.43788816779851913,128,-0.038698792457580566,128,0.9076130539178848,128,16.0,128,1.0,128,0.0,128,6.0,128,0.5923639684915543,128,-0.6797906160354614,128,0.07329304050654173,128
noisy,117,1,10,0.15297286584973335,128,8.984442234039307,128,0.49913568049669266,128,0.2991340905427933,128,0.7008659690618515,128,0.3200427442789078,128,-0.0769118219614029,128,0.9669515043497086,128,9.5,128,1.0,128,0.0,128,18.0,128,0.5473580360412598,128,-1.0422253459692001,128,-0.28089893981814384,128
noisy,117,1,11,0.13642177917063236,128,6.529922962188721,128,0.36277350038290024,128,0.4680691659450531,128,0.5319308340549469,128,0.1548410728573799,128,-0.2458469569683075,128,0.9099507629871368,128,1.0,128,1.0,128,0.0,128,18.0,128,0.49050334095954895,128,-1.6294777691364288,128,-0.7635011076927185,128
noisy,117,2,0,0.18099208921194077,128,7.8314889669418335,128,0.43508271872997284,128,0.39101747423410416,128,0.6089825332164764,128,0.2566281259059906,128,-0.16879525780677795,128,0.9621473252773285,128,1.0,128,1.0,128,0.0,128,18.0,128,0.49079181253910065,128,-1.9338210821151733,128,-0.608905017375946,128
noisy,117,2,1,0.14976154640316963,128,8.097542762756348,128,0.4498634859919548,128,0.3885396346449852,128,0.6114603728055954,128,0.29113321751356125,128,-0.166317418217659,128,0.9575121402740479,128,1.0,128,1.0,128,0.0,128,18.0,128,0.5437417179346085,128,-1.804487258195877,128,-0.4465417116880417,128
noisy,117,2,2,0.16406317427754402,128,5.970383167266846,128,0.33168795704841614,128,0.5251597762107849,128,0.4748402088880539,128,0.14158563315868378,128,-0.3029375821352005,128,0.8922634720802307,128,3.0,128,1.0,128,0.0,128,18.0,128,0.8041368275880814,128,-1.90957510471344,128,-0.8478982150554657,128
noisy,117,2,3,0.5721656531095505,128,13.305782794952393,128,0.7392101585865021,128,0.0649815360084176,128,0.9350184500217438,128,0.5757695436477661,128,0.15724065899848938,128,0.6377518624067307,128,18.0,128,1.0,128,0.0,128,6.0,128,0.9164726436138153,128,0.3962268829345703,128,0.15483536943793297,128
noisy,117,2,4,0.5884287506341934,128,14.894606590270996,128,0.8274781554937363,128,0.0418512336909771,128,0.9581487625837326,128,0.7767779231071472,128,0.1803709715604782,128,0.48770924657583237,128,17.0,128,1.0,128,0.0,128,6.0,128,0.8734899610280991,128,0.5295506864786148,128,0.3169006034731865,128
noisy,117,2,5,0.10905439034104347,128,7.069736957550049,128,0.3927631601691246,128,0.37066319584846497,128,0.629336804151535,128,0.19503801688551903,128,-0.14844098687171936,128,0.7926977872848511,128,8.0,128,0.8055555522441864,128,0.23529412597417831,128,6.0,128,0.9001619070768356,128,-0.8112852275371552,128,-0.4226621687412262,128
noisy,117,2,6,0.2014269344508648,128,9.630756616592407,128,0.5350420325994492,128,0.2368483543395996,128,0.7631516456604004,128,0.3464985340833664,128,-0.014626145362854004,128,0.9874977469444275,128,1.0,128,1.0,128,0.0,128,13.5,128,0.5342886447906494,128,-0.1663307622075081,128,0.18614615872502327,128
noisy,117,2,7,0.48811404407024384,128,12.78278398513794,128,0.7101546823978424,128,0.16961141303181648,128,0.8303885608911514,128,0.6292042285203934,128,0.052610769867897034,128,0.6759342402219772,128,18.0,128,1.0,128,0.0,128,6.0,128,0.5676532983779907,128,-0.15634462609887123,128,0.057107731234282255,128
noisy,117,2,8,0.35728669911623,128,9.897801399230957,128,0.5498778522014618,128,0.2511807978153229,128,0.7488192021846771,128,0.38908275216817856,128,-0.02895858883857727,128,0.7677234262228012,128,18.0,128,1.0,128,0.0,128,6.0,128,0.5285226181149483,128,-0.19506080821156502,128,-0.1762213259935379,128
noisy,117,2,9,0.11007292754948139,128,8.49186372756958,128,0.4717702120542526,128,0.30882494896650314,128,0.6911750584840775,128,0.27194659411907196,128,-0.08660273253917694,128,0.95096355676651,128,3.0,128,1.0,128,0.0,128,6.0,128,0.5957316905260086,128,-0.8822495639324188,128,-0.3566678613424301,128
noisy,117,2,10,0.21719186753034592,128,9.835600137710571,128,0.5464222282171249,128,0.09924835711717606,128,0.9007516801357269,128,0.2747823968529701,128,0.12297388911247253,128,0.7669888138771057,128,6.0,128,1.0,128,0.0,128,6.0,128,0.8930239528417587,128,0.4550897032022476,128,-0.04614922124892473,128
noisy,117,2,11,0.5048694014549255,128,8.172027707099915,128,0.4540015459060669,128,0.3612530678510666,128,0.6387469172477722,128,0.2824447378516197,128,-0.13903087377548218,128,0.8530262410640717,128,1.0,128,1.0,128,0.0,128,6.0,128,0.5699906200170517,128,-0.871920645236969,128,-0.23496180400252342,128
noisy,117,3,0,0.5922133326530457,128,14.343435525894165,128,0.7968575209379196,128,0.04482007725164294,128,0.9551799148321152,128,0.6392883807420731,128,0.17740212380886078,128,0.6600604206323624,128,18.0,128,1.0,128,0.0,128,6.0,128,0.7269078493118286,128,0.9670715183019638,128,0.47616293281316757,128
noisy,117,3,1,0.17808006703853607,128,8.313412189483643,128,0.4618562310934067,128,0.3168748542666435,128,0.6831251680850983,128,0.24135825410485268,128,-0.09465262293815613,128,0.9471140652894974,128,1.0,128,0.9722222089767456,128,0.05882352963089943,128,7.5,128,0.44911989569664,128,-1.0444248765707016,128,-0.407490998506546,128
noisy,117,3,2,0.2724805101752281,128,8.306231260299683,128,0.4614572897553444,128,0.07529636286199093,128,0.9247036576271057,128,0.18123925849795341,128,0.14692586660385132,128,0.6212745755910873,128,5.0,128,0.8194444328546524,128,0.23529411852359772,128,6.0,128,0.8229408115148544,128,-0.0813291184604168,128,-0.0788104198873043,128
noisy,117,3,3,0.1820184476673603,128,8.334291696548462,128,0.46301619708538055,128,0.30998213589191437,128,0.6900178641080856,128,0.19967947900295258,128,-0.08775992691516876,128,0.9593929052352905,128,7.75,128,1.0,128,0.0,128,9.0,128,0.5558677166700363,128,-1.0897153317928314,128,-0.5133592113852501,128
noisy,117,3,4,0.3548643887042999,128,13.594496726989746,128,0.7552498281002045,128,0.004823149181902409,128,0.9951769113540649,128,0.5477554053068161,128,0.21739912033081055,128,0.536481037735939,128,18.0,128,0.722222238779068,128,0.3529411852359772,128,6.0,128,0.9434288144111633,128,0.6906775832176208,128,0.167812030762434,128
noisy,117,3,5,0.17085357010364532,128,5.519163489341736,128,0.30662019550800323,128,0.5880124419927597,128,0.4119875431060791,128,0.13680443912744522,128,-0.3657902479171753,128,0.8614098280668259,128,2.0,128,1.0,128,0.0,128,18.0,128,0.6604858636856079,128,-2.0648286938667297,128,-0.818125531077385,128
noisy,117,3,6,0.21862482279539108,128,6.619472026824951,128,0.3677484393119812,128,0.4408934563398361,128,0.5591065734624863,128,0.15327077731490135,128,-0.21867121756076813,128,0.9258817285299301,128,2.0,128,1.0,128,0.0,128,18.0,128,0.6397290974855423,128,-1.6659837365150452,128,-0.8939094841480255,128
noisy,117,3,7,0.6191631555557251,128,17.219984531402588,128,0.9566658139228821,128,0.001133645957452245,128,0.9988663792610168,128,0.9336537718772888,128,0.22108858823776245,128,0.22175055742263794,128,18.0,128,1.0,128,0.0,128,6.0,128,0.8134719282388687,128,0.95948825776577,128,0.27179864048957825,128
noisy,117,3,8,0.24026942998170853,128,7.42870557308197,128,0.4127058610320091,128,0.3932109698653221,128,0.6067890077829361,128,0.20482191443443298,128,-0.1709887832403183,128,0.9490663707256317,128,1.0,128,1.0,128,0.0,128,18.0,128,0.5418992191553116,128,-1.827979952096939,128,-0.7477940171957016,128
noisy,117,3,9,0.33856748044490814,128,9.550138235092163,128,0.530563235282898,128,0.2758367657661438,128,0.724163219332695,128,0.3692212253808975,128,-0.05361457169055939,128,0.9756788909435272,128,9.0,128,1.0,128,0.0,128,18.0,128,0.6532955914735794,128,-0.8586824983358383,128,0.019221249967813492,128
noisy,117,3,10,0.21886232495307922,128,7.829814076423645,128,0.43498967587947845,128,0.3874520882964134,128,0.612547904253006,128,0.2555595710873604,128,-0.1652298867702484,128,0.961381733417511,128,1.0,128,1.0,128,0.0,128,18.0,128,0.571422204375267,128,-1.966463714838028,128,-0.6718482226133347,128
noisy,117,3,11,0.3174985572695732,128,8.267404794692993,128,0.4593002647161484,128,0.32092656940221786,128,0.6790734231472015,128,0.23096256703138351,128,-0.09870436787605286,128,0.9672560095787048,128,1.0,128,1.0,128,0.0,128,9.0,128,0.44404393434524536,128,-1.203367292881012,128,-0.46007850021123886,128
noisy,117,4,0,0.42125551402568817,128,11.58968997001648,128,0.6438716650009155,128,0.15792308002710342,128,0.842076912522316,128,0.5342516899108887,128,0.06429912149906158,128,0.92426498234272,128,17.0,128,1.0,128,0.0,128,18.0,128,0.5734521597623825,128,0.6649799644947052,128,0.5662185400724411,128
noisy,117,4,1,0.17962435632944107,128,5.86506724357605,128,0.32583706080913544,128,0.5011908710002899,128,0.4988091289997101,128,0.10769019834697247,128,-0.2789686620235443,128,0.8945340663194656,128,2.0,128,1.0,128,0.0,128,18.0,128,0.6324320733547211,128,-1.7462095618247986,128,-0.9378297179937363,128
noisy,117,4,2,0.2884645238518715,128,7.256798624992371,128,0.40315547585487366,128,0.46766526252031326,128,0.5323347449302673,128,0.2108275406062603,128,-0.24544304609298706,128,0.8155186325311661,128,1.0,128,1.0,128,0.0,128,12.0,128,0.5003165155649185,128,-1.1911848783493042,128,-0.3403552696108818,128
noisy,117,4,3,0.533977136015892,128,7.115936636924744,128,0.3953298106789589,128,0.5778162628412247,128,0.4221837595105171,128,0.31023693829774857,128,-0.3555940315127373,128,0.3878341540694237,128,1.0,128,1.0,128,0.0,128,6.0,128,0.7863782793283463,128,-0.0433324312325567,128,-0.18514325469732285,128
noisy,117,4,4,0.3250722512602806,128,11.457121849060059,128,0.6365067511796951,128,0.13247214443981647,128,0.8675278276205063,128,0.4030454158782959,128,0.08975003659725189,128,0.8245947659015656,128,18.0,128,1.0,128,0.0,128,6.0,128,0.7999419271945953,128,0.08120362088084221,128,0.1329686250537634,128
noisy,117,4,5,0.5890965163707733,128,14.203287601470947,128,0.7890715152025223,128,0.085993817076087,128,0.9140061289072037,128,0.6825366318225861,128,0.13622833788394928,128,0.5814434438943863,128,18.0,128,1.0,128,0.0,128,6.0,128,0.8361018598079681,128,0.28494803234934807,128,0.19027500227093697,128
noisy,117,4,6,0.21146266534924507,128,8.059972763061523,128,0.44777627289295197,128,0.35501278191804886,128,0.6449871957302094,128,0.2687886357307434,128,-0.13279059529304504,128,0.9790745228528976,128,1.0,128,1.0,128,0.0,128,18.0,128,0.5149392485618591,128,-2.091589093208313,128,-0.7488462030887604,128
noisy,117,4,7,0.24593036249279976,128,7.559638142585754,128,0.41997989267110825,128,0.3965298607945442,128,0.6034701317548752,128,0.22036705911159515,128,-0.1743076592683792,128,0.9504726976156235,128,1.0,128,1.0,128,0.0,128,18.0,128,0.48798397928476334,128,-1.7328469157218933,128,-0.6835396587848663,128
noisy,117,4,8,0.2831437587738037,128,10.71639895439148,128,0.5953554958105087,128,0.19742467626929283,128,0.8025752753019333,128,0.46968524158000946,128,0.024797484278678894,128,0.9670908004045486,128,16.5,128,1.0,128,0.0,128,18.0,128,0.6553097069263458,128,0.1074334955192171,128,0.480137437582016,128
noisy,117,4,9,0.19609620049595833,128,9.269537687301636,128,0.5149742960929871,128,0.23726080358028412,128,0.7627391815185547,128,0.28999002277851105,128,-0.015038609504699707,128,0.9764460474252701,128,10.0,128,1.0,128,0.0,128,6.0,128,0.6824009418487549,128,-0.2877049818634987,128,-0.13179490715265274,128
noisy,117,4,10,0.2573707327246666,128,7.2174025774002075,128,0.4009668081998825,128,0.4583788365125656,128,0.5416211634874344,128,0.23524007573723793,128,-0.23615662753582,128,0.9314235597848892,128,1.0,128,1.0,128,0.0,128,18.0,128,0.6133392751216888,128,-1.929811179637909,128,-0.5585542470216751,128
noisy,117,4,11,0.31014419347047806,128,9.617169618606567,128,0.5342871844768524,128,0.264242198318243,128,0.7357577830553055,128,0.3794279098510742,128,-0.042020007967948914,128,0.9538943469524384,128,9.0,128,1.0,128,0.0,128,18.0,128,0.5510019138455391,128,-0.6494153738021851,128,-0.01160417590290308,128
noisy,117,5,0,0.2121092565357685,128,3.969595730304718,128,0.2205330990254879,128,0.7056504487991333,128,0.294349554926157,128,0.08618197031319141,128,-0.4834282398223877,128,0.6923183649778366,128,1.0,128,1.0,128,0.0,128,18.0,128,0.5547958612442017,128,-1.5709305703639984,128,-0.6086294800043106,128
noisy,117,5,1,0.46868981420993805,128,10.275015354156494,128,0.5708341747522354,128,0.22072109952569008,128,0.7792789041996002,128,0.4164368063211441,128,0.0015011131763458252,128,0.7045332491397858,128,18.0,128,1.0,128,0.0,128,6.0,128,0.8122298866510391,128,0.00714452937245369,128,-0.054259514436125755,128
noisy,117,5,2,0.47999145090579987,128,16.571622848510742,128,0.9206456989049911,128,0.011750724050216377,128,0.9882492572069168,128,0.8465647399425507,128,0.21047146618366241,128,0.29683420434594154,128,18.0,128,0.7777777910232544,128,0.23529411852359772,128,6.0,128,0.8490549027919769,128,0.6819727867841721,128,0.19155903533101082,128
noisy,117,5,3,0.21478524431586266,128,10.153765439987183,128,0.5640980750322342,128,0.20339348167181015,128,0.7966065406799316,128,0.3887055963277817,128,0.018828749656677246,128,0.9904384166002274,128,17.0,128,1.0,128,0.0,128,18.0,128,0.48592864722013474,128,0.475884772837162,128,0.5355444028973579,128
noisy,117,5,4,0.3442608192563057,128,15.02316403388977,128,0.8346202224493027,128,0.031045025680214167,128,0.9689549803733826,128,0.6823752522468567,128,0.19117718935012817,128,0.5692412704229355,128,18.0,128,0.8611111044883728,128,0.1764705888926983,128,6.0,128,0.7729369848966599,128,0.9078171253204346,128,0.38095540553331375,128
noisy,117,5,5,0.1559496521949768,128,6.783401966094971,128,0.37685566395521164,128,0.5316392332315445,128,0.4683607742190361,128,0.2454165630042553,128,-0.3094170168042183,128,0.8940885961055756,128,1.0,128,1.0,128,0.0,128,18.0,128,0.7563370168209076,128,-1.9973718523979187,128,-0.4755728542804718,128
noisy,117,5,6,0.4370391294360161,128,13.06740140914917,128,0.7259667366743088,128,0.16786817461252213,128,0.8321318030357361,128,0.6387906223535538,128,0.05435401201248169,128,0.6697165369987488,128,18.0,128,1.0,128,0.0,128,6.0,128,0.5117071717977524,128,-0.3506426215171814,128,0.014074516482651234,128
noisy,117,5,7,0.23709704354405403,128,2.5473758578300476,128,0.1415208801627159,128,0.8532967418432236,128,0.14670326188206673,128,0.041313083842396736,128,-0.6310745179653168,128,0.48692814260721207,128,1.0,128,1.0,128,0.0,128,18.0,128,0.5946997404098511,128,-1.6678729057312012,128,-0.6944832056760788,128
noisy,117,5,8,0.24877692759037018,128,9.287346601486206,128,0.5159637033939362,128,0.24009337276220322,128,0.759906679391861,128,0.2987811379134655,128,-0.017871111631393433,128,0.9766786694526672,128,5.75,128,1.0,128,0.0,128,9.0,128,0.47068657726049423,128,-0.2502607870846987,128,-0.13883144408464432,128
noisy,117,5,9,0.6308764964342117,128,12.562984228134155,128,0.6979435831308365,128,0.05758180655539036,128,0.9424181878566742,128,0.4686652198433876,128,0.1646403968334198,128,0.7215391993522644,128,17.0,128,1.0,128,0.0,128,6.0,128,0.849116176366806,128,0.9388881325721741,128,0.38995783030986786,128
noisy,117,5,10,0.2784816548228264,128,3.138426899909973,128,0.17435704916715622,128,0.7757876664400101,128,0.22421234846115112,128,0.07122291065752506,128,-0.5535654425621033,128,0.49423402547836304,128,1.0,128,1.0,128,0.0,128,6.0,128,0.761129155755043,128,-0.9973503202199936,128,-0.5183777213096619,128
noisy,117,5,11,0.4287622198462486,128,12.265596628189087,128,0.6814220249652863,128,0.14614403992891312,128,0.8538559377193451,128,0.5262024253606796,128,0.0760781466960907,128,0.7675882130861282,128,18.0,128,1.0,128,0.0,128,6.0,128,0.7604652643203735,128,0.08403342217206955,128,0.13414722122251987,128
noisy,117,6,0,0.30947259068489075,128,8.733962774276733,128,0.48522015661001205,128,0.3451209217309952,128,0.6548790782690048,128,0.33731570839881897,128,-0.12289871275424957,128,0.9313272386789322,128,1.0,128,1.0,128,0.0,128,18.0,128,0.4753999337553978,128,-1.0700809955596924,128,-0.1256951754912734,128
noisy,117,6,1,0.24774159491062164,128,8.316338062286377,128,0.46201878786087036,128,0.32321886718273163,128,0.6767811328172684,128,0.26328476518392563,128,-0.10099665820598602,128,0.983032763004303,128,2.0,128,1.0,128,0.0,128,18.0,128,0.5012895837426186,128,-1.737059324979782,128,-0.6828563511371613,128
noisy,117,6,2,0.2778514623641968,128,7.501541018486023,128,0.41675227880477905,128,0.45878227055072784,128,0.541217714548111,128,0.2733127996325493,128,-0.23656007647514343,128,0.9015199393033981,128,1.0,128,1.0,128,0.0,128,18.0,128,0.5637070834636688,128,-1.7185747623443604,128,-0.3544384613633156,128
noisy,117,6,3,0.2616124376654625,128,7.932354211807251,128,0.44068634510040283,128,0.32467634230852127,128,0.6753236353397369,128,0.23087546229362488,128,-0.10245415568351746,128,0.9626024067401886,128,2.0,128,1.0,128,0.0,128,18.0,128,0.5721075385808945,128,-1.2593766450881958,128,-0.7001030296087265,128
noisy,117,6,4,0.24330496415495872,128,5.999179482460022,128,0.3332877457141876,128,0.4967682361602783,128,0.5032317936420441,128,0.1223027091473341,128,-0.2745459973812103,128,0.8916322886943817,128,2.0,128,1.0,128,0.0,128,18.0,128,0.6247191429138184,128,-1.6978758871555328,128,-0.8906914740800858,128
noisy,117,6,5,0.24038328975439072,128,8.738657236099243,128,0.4854809567332268,128,0.30476099997758865,128,0.6952389776706696,128,0.31046056002378464,128,-0.08253881335258484,128,0.9799446165561676,128,1.0,128,1.0,128,0.0,128,18.0,128,0.6948722004890442,128,-1.3617148995399475,128,-0.4320233315229416,128
noisy,117,6,6,0.2107607163488865,128,9.806530714035034,128,0.5448072701692581,128,0.21186935529112816,128,0.7881306260824203,128,0.3480711877346039,128,0.010352835059165955,128,0.9888636618852615,128,17.0,128,1.0,128,0.0,128,9.0,128,0.535162016749382,128,0.1698727272450924,128,0.18150806054472923,128
noisy,117,6,7,0.2934046909213066,128,8.810005187988281,128,0.4894447401165962,128,0.3374781087040901,128,0.6625218987464905,128,0.34087929129600525,128,-0.11525589227676392,128,0.9260467439889908,128,1.0,128,1.0,128,0.0,128,18.0,128,0.5483453422784805,128,-0.9786184132099152,128,-0.16678723134100437,128
noisy,117,6,8,0.265122726559639,128,7.247578740119934,128,0.40264326333999634,128,0.42018771916627884,128,0.5798122882843018,128,0.20992020890116692,128,-0.19796550273895264,128,0.9340588003396988,128,1.0,128,1.0,128,0.0,128,18.0,128,0.505187451839447,128,-1.6100018620491028,128,-0.6814627200365067,128
noisy,117,6,9,0.30873972177505493,128,8.713051080703735,128,0.4840583950281143,128,0.34692223370075226,128,0.6530777812004089,128,0.3074553534388542,128,-0.12470000982284546,128,0.9037538021802902,128,1.0,128,1.0,128,0.0,128,12.0,128,0.4821818321943283,128,-0.9976150542497635,128,-0.2573336884379387,128
noisy,117,6,10,0.3312387019395828,128,9.03278374671936,128,0.5018213167786598,128,0.2716485895216465,128,0.7283513993024826,128,0.3183877021074295,128,-0.04942639172077179,128,0.9729613661766052,128,6.0,128,1.0,128,0.0,128,18.0,128,0.5199315398931503,128,-0.8195788711309433,128,-0.24573110428173095,128
noisy,117,6,11,0.4583302363753319,128,12.263925552368164,128,0.6813291907310486,128,0.12408410757780075,128,0.8759159296751022,128,0.5249096974730492,128,0.09813813865184784,128,0.7306069731712341,128,18.0,128,0.0,128,0.0,128,6.0,128,0.8787023574113846,128,0.21614382043480873,128,0.13098479993641376,128
noisy,117,7,0,0.45825351029634476,128,12.19666314125061,128,0.677592396736145,128,0.16242384538054466,128,0.8375761061906815,128,0.5334627330303192,128,0.05979831516742706,128,0.6770295649766922,128,18.0,128,1.0,128,0.0,128,6.0,128,0.718064695596695,128,0.07636010320857167,128,0.06696708779782057,128
noisy,117,7,1,0.15785600990056992,128,4.236908555030823,128,0.2353838086128235,128,0.6633273214101791,128,0.33667270839214325,128,0.04394806828349829,128,-0.44110508263111115,128,0.7829406559467316,128,1.0,128,1.0,128,0.0,128,18.0,128,0.614642471075058,128,-1.7697511911392212,128,-0.941893145442009,128
noisy,117,7,2,0.337234266102314,128,9.435754537582397,128,0.524208590388298,128,0.28872789442539215,128,0.7112720757722855,128,0.3518698066473007,128,-0.06650571525096893,128,0.9543236941099167,128,1.0,128,1.0,128,0.0,128,12.0,128,0.43328288942575455,128,-0.5009016841650009,128,0.09988319128751755,128
noisy,117,7,3,0.4741256758570671,128,8.35657286643982,128,0.4642540439963341,128,0.37483010441064835,128,0.6251699179410934,128,0.2830505669116974,128,-0.15260787308216095,128,0.7253860086202621,128,1.0,128,0.5833333432674408,128,0.29411765187978745,128,6.0,128,0.620993435382843,128,-0.6239414364099503,128,-0.19262035563588142,128
noisy,117,7,4,0.2879292666912079,128,7.3069010972976685,128,0.405938945710659,128,0.47657184302806854,128,0.5234281420707703,128,0.26205696910619736,128,-0.25434964895248413,128,0.8346989005804062,128,1.0,128,1.0,128,0.0,128,18.0,128,0.43798304349184036,128,-1.1548020839691162,128,-0.229169312864542,128
noisy,117,7,5,0.27840153127908707,128,7.833396553993225,128,0.4351886957883835,128,0.2990778163075447,128,0.7009221613407135,128,0.19016336649656296,128,-0.0768556296825409,128,0.9506183862686157,128,5.0,128,1.0,128,0.0,128,18.0,128,0.5940697342157364,128,-0.9399567693471909,128,-0.7072397768497467,128
noisy,117,7,6,0.23785141110420227,128,7.525686144828796,128,0.418093666434288,128,0.3931678310036659,128,0.6068322062492371,128,0.22664231061935425,128,-0.17094558477401733,128,0.9426921159029007,128,1.0,128,1.0,128,0.0,128,13.5,128,0.39239223301410675,128,-1.4992680549621582,128,-0.6089570671319962,128
noisy,117,7,7,0.17562568560242653,128,4.137775778770447,128,0.22987643629312515,128,0.7140671759843826,128,0.2859328091144562,128,0.08298118598759174,128,-0.4918449819087982,128,0.728147029876709,128,1.0,128,1.0,128,0.0,128,18.0,128,0.546155110001564,128,-1.9170132875442505,128,-0.7789448648691177,128
noisy,117,7,8,0.6620881110429764,128,11.729462146759033,128,0.6516367644071579,128,0.036232829093933105,128,0.9637672007083893,128,0.39287353307008743,128,0.1859894096851349,128,0.8186868876218796,128,17.0,128,1.0,128,0.0,128,6.0,128,0.6798146218061447,128,1.6354756355285645,128,0.5264871567487717,128
noisy,117,7,9,0.307557076215744,128,8.679024696350098,128,0.4821680337190628,128,0.2997698336839676,128,0.7002301812171936,128,0.2767665684223175,128,-0.07754760980606079,128,0.971280500292778,128,4.0,128,1.0,128,0.0,128,9.0,128,0.424391008913517,128,-1.019495502114296,128,-0.4359884336590767,128
noisy,117,7,10,0.23515000194311142,128,8.9749174118042,128,0.49860651791095734,128,0.2741300240159035,128,0.7258699834346771,128,0.30980048328638077,128,-0.05190780758857727,128,0.991404801607132,128,1.5,128,1.0,128,0.0,128,13.5,128,0.44339919835329056,128,-1.3106530010700226,128,-0.4650442376732826,128
noisy,117,7,11,0.26623523235321045,128,7.601399779319763,128,0.42229998856782913,128,0.3764539361000061,128,0.6235460638999939,128,0.22630436718463898,128,-0.1542317271232605,128,0.9624033570289612,128,1.0,128,1.0,128,0.0,128,18.0,128,0.5085508748888969,128,-1.8487212359905243,128,-0.801243245601654,128
noisy,117,8,0,0.3526933118700981,128,6.817929983139038,128,0.37877389043569565,128,0.491909883916378,128,0.5080901086330414,128,0.22863738611340523,128,-0.269687682390213,128,0.7904895395040512,128,1.0,128,1.0,128,0.0,128,18.0,128,0.5752761512994766,128,-1.219169944524765,128,-0.400015227496624,128
noisy,117,8,1,0.19351395592093468,128,5.290860414505005,128,0.29393668472766876,128,0.6342782229185104,128,0.36572176218032837,128,0.15572890639305115,128,-0.412056028842926,128,0.7740176022052765,128,1.0,128,1.0,128,0.0,128,18.0,128,0.47922126203775406,128,-1.7045470774173737,128,-0.5026270896196365,128
noisy,117,8,2,0.31731270253658295,128,10.915358781814575,128,0.6064088046550751,128,0.19338316470384598,128,0.8066168427467346,128,0.43036769330501556,128,0.028839051723480225,128,0.9290143102407455,128,11.25,128,1.0,128,0.0,128,18.0,128,0.4781653434038162,128,0.383662611246109,128,0.4698140174150467,128
noisy,117,8,3,0.35968034714460373,128,5.680215954780579,128,0.3155675604939461,128,0.6327286213636398,128,0.36727137863636017,128,0.2034098096191883,128,-0.4105064123868942,128,0.632481724023819,128,1.0,128,1.0,128,0.0,128,12.75,128,0.484817311167717,128,-1.2031287550926208,128,-0.24512336403131485,128
noisy,117,8,4,0.39739319682121277,128,8.00253176689148,128,0.4445850998163223,128,0.506312370300293,128,0.49368761479854584,128,0.35844338685274124,128,-0.28409017622470856,128,0.6996123194694519,128,1.0,128,1.0,128,0.0,128,18.0,128,0.6301124542951584,128,-1.0544606447219849,128,-0.04604964517056942,128
noisy,117,8,5,0.3052561357617378,128,9.371232748031616,128,0.520624041557312,128,0.30536413192749023,128,0.6946358531713486,128,0.35720766335725784,128,-0.08314193785190582,128,0.7161742448806763,128,9.5,128,1.0,128,0.0,128,6.0,128,0.6481865644454956,128,-0.2672651633620262,128,-0.14601999521255493,128
noisy,117,8,6,0.36903486400842667,128,10.86995530128479,128,0.6038863956928253,128,0.13699590042233467,128,0.8630041182041168,128,0.41849657893180847,128,0.08522632718086243,128,0.973614513874054,128,17.0,128,1.0,128,0.0,128,18.0,128,0.4885520711541176,128,1.4494767487049103,128,0.7348088771104813,128
noisy,117,8,7,0.18140771612524986,128,5.353833198547363,128,0.2974351868033409,128,0.6556138098239899,128,0.3443862125277519,128,0.16916561126708984,128,-0.43339157849550247,128,0.810344398021698,128,1.0,128,1.0,128,0.0,128,18.0,128,0.6249947547912598,128,-2.052258312702179,128,-0.5637866854667664,128
noisy,117,8,8,0.1801740936934948,128,7.019686818122864,128,0.38998260349035263,128,0.4287400469183922,128,0.571259930729866,128,0.20031579583883286,128,-0.20651786029338837,128,0.944200411438942,128,1.25,128,1.0,128,0.0,128,18.0,128,0.5799251198768616,128,-1.8533285856246948,128,-0.8271897733211517,128
noisy,117,8,9,0.23016933351755142,128,7.846227049827576,128,0.4359015002846718,128,0.3763341158628464,128,0.6236658841371536,128,0.25999388098716736,128,-0.15411190688610077,128,0.9490606337785721,128,1.0,128,1.0,128,0.0,128,18.0,128,0.5641474425792694,128,-1.4915222823619843,128,-0.4806204289197922,128
noisy,117,8,10,0.3878348097205162,128,7.667182683944702,128,0.42595458775758743,128,0.5100831687450409,128,0.4899168536067009,128,0.3164399713277817,128,-0.2878609374165535,128,0.716421514749527,128,1.0,128,1.0,128,0.0,128,18.0,128,0.6035581082105637,128,-1.0871278643608093,128,-0.13986216112971306,128
noisy,117,8,11,0.2921527996659279,128,4.224394798278809,128,0.23468859866261482,128,0.657387763261795,128,0.34261225908994675,128,0.060719423927366734,128,-0.43516553193330765,128,0.6230330318212509,128,1.0,128,1.0,128,0.0,128,7.5,128,0.384046345949173,128,-1.2083675563335419,128,-0.5828184634447098,128
noisy,117,9,0,0.35580936819314957,128,7.746618747711182,128,0.43036771565675735,128,0.45827627927064896,128,0.5417237281799316,128,0.292470745742321,128,-0.23605406284332275,128,0.8796920925378799,128,1.0,128,1.0,128,0.0,128,18.0,128,0.5837904363870621,128,-1.3506125211715698,128,-0.22344841063022614,128
noisy,117,9,1,0.34659580141305923,128,9.236641883850098,128,0.51314677298069,128,0.2872766777873039,128,0.7127233296632767,128,0.3211808428168297,128,-0.06505446135997772,128,0.9442517310380936,128,1.0,128,1.0,128,0.0,128,6.0,128,0.431606724858284,128,-0.5604031085968018,128,-0.06302580772899091,128
noisy,117,9,2,0.3419874683022499,128,9.309837579727173,128,0.5172131881117821,128,0.24964075908064842,128,0.7503592520952225,128,0.35757091641426086,128,-0.02741853892803192,128,0.9740464240312576,128,7.5,128,1.0,128,0.0,128,18.0,128,0.4872656539082527,128,-0.47731994558125734,128,-0.07076928485184908,128
noisy,117,9,3,0.49972715973854065,128,8.84616470336914,128,0.4914535954594612,128,0.35341425985097885,128,0.6465857326984406,128,0.33456727117300034,128,-0.13119205832481384,128,0.888690710067749,128,2.0,128,1.0,128,0.0,128,18.0,128,0.5911022126674652,128,-0.9842728227376938,128,-0.1341784168034792,128
noisy,117,9,4,0.3825558051466942,128,12.325603485107422,128,0.6847557425498962,128,0.18241848796606064,128,0.8175814598798752,128,0.5788569748401642,128,0.03980366885662079,128,0.6657633185386658,128,18.0,128,0.8888888955116272,128,0.11764705926179886,128,6.0,128,0.6855322569608688,128,-0.10619715228676796,128,0.036585574969649315,128
noisy,117,9,5,0.30411578714847565,128,8.571582794189453,128,0.47619904577732086,128,0.2827300354838371,128,0.7172699272632599,128,0.2496386021375656,128,-0.06050786375999451,128,0.9864982813596725,128,1.0,128,1.0,128,0.0,128,9.0,128,0.4658820703625679,128,-1.180557906627655,128,-0.6549225747585297,128
noisy,117,9,6,0.4709349721670151,128,8.763851642608643,128,0.4868806451559067,128,0.3343600630760193,128,0.6656399518251419,128,0.3334982171654701,128,-0.11213783919811249,128,0.9436507523059845,128,2.0,128,1.0,128,0.0,128,18.0,128,0.5823566392064095,128,-1.1105740070343018,128,-0.2246888168156147,128
noisy,117,9,7,0.22444604337215424,128,6.6746437549591064,128,0.3708135411143303,128,0.4842229560017586,128,0.515777051448822,128,0.19659055024385452,128,-0.2620007395744324,128,0.9212474972009659,128,1.0,128,1.0,128,0.0,128,18.0,128,0.6032419353723526,128,-1.9909588098526,128,-0.749797597527504,128
noisy,117,9,8,0.32440271973609924,128,8.549078226089478,128,0.47494879364967346,128,0.26724742352962494,128,0.7327525466680527,128,0.2418692521750927,128,-0.04502524435520172,128,0.8409097790718079,128,2.0,128,1.0,128,0.0,128,6.0,128,0.5340799689292908,128,0.03685951232910156,128,-0.17489940486848354,128
noisy,117,9,9,0.40329480916261673,128,6.602038145065308,128,0.3667799010872841,128,0.5089029595255852,128,0.4910970479249954,128,0.20325760915875435,128,-0.28668074309825897,128,0.8027628511190414,128,1.0,128,1.0,128,0.0,128,7.5,128,0.3888707458972931,128,-1.0613244026899338,128,-0.29521001875400543,128
noisy,117,9,10,0.2880236580967903,128,7.2187535762786865,128,0.4010418653488159,128,0.4747503250837326,128,0.5252496749162674,128,0.2574923373758793,128,-0.252528116106987,128,0.9164988398551941,128,1.0,128,1.0,128,0.0,128,18.0,128,0.5808532983064651,128,-1.842609852552414,128,-0.5052476301789284,128
noisy,117,9,11,0.311800092458725,128,9.203349828720093,128,0.5112972110509872,128,0.21480964869260788,128,0.7851903736591339,128,0.30215025693178177,128,0.007412582635879517,128,0.9794133752584457,128,7.0,128,1.0,128,0.0,128,13.5,128,0.4643417000770569,128,0.08348115719854832,128,-0.1689627692103386,128
noisy,117,10,0,0.3153132274746895,128,7.063584089279175,128,0.39242133498191833,128,0.4597008600831032,128,0.5402991324663162,128,0.21354177221655846,128,-0.23747865855693817,128,0.8890877664089203,128,1.0,128,1.0,128,0.0,128,9.0,128,0.42422014474868774,128,-1.4254215061664581,128,-0.473140612244606,128
noisy,117,10,1,0.3785785734653473,128,7.8980700969696045,128,0.4387816712260246,128,0.37899797409772873,128,0.6210020482540131,128,0.2797154635190964,128,-0.15677574276924133,128,0.9172206223011017,128,1.5,128,1.0,128,0.0,128,18.0,128,0.4902258664369583,128,-1.2885483503341675,128,-0.37924381345510483,128
noisy,117,10,2,0.2477644830942154,128,7.858032584190369,128,0.4365573674440384,128,0.3741794377565384,128,0.6258205473423004,128,0.25854529440402985,128,-0.15195724368095398,128,0.9352774173021317,128,2.0,128,1.0,128,0.0,128,13.5,128,0.42659061402082443,128,-1.3353107273578644,128,-0.4668847322463989,128
noisy,117,10,3,0.28043120354413986,128,6.823734283447266,128,0.3790963441133499,128,0.4963238686323166,128,0.5036761164665222,128,0.252413596957922,128,-0.2741016745567322,128,0.8582486212253571,128,1.0,128,1.0,128,0.0,128,18.0,128,0.6229932755231857,128,-1.5408462285995483,128,-0.3822643309831619,128
noisy,117,10,4,0.31848710775375366,128,8.802671194076538,128,0.48903729021549225,128,0.277204267680645,128,0.7227957099676132,128,0.2976359874010086,128,-0.054982081055641174,128,0.9802177250385284,128,4.0,128,1.0,128,0.0,128,18.0,128,0.47093940526247025,128,-1.0699397772550583,128,-0.4551049694418907,128
noisy,117,10,5,0.3296593502163887,128,8.730147123336792,128,0.485008180141449,128,0.2673100009560585,128,0.7326899766921997,128,0.2775689512491226,128,-0.04508781433105469,128,0.9461405277252197,128,7.0,128,1.0,128,0.0,128,18.0,128,0.44249657541513443,128,-0.6406316757202148,128,-0.3092757537961006,128
noisy,117,10,6,0.26701656728982925,128,7.930563807487488,128,0.4405868798494339,128,0.4528004676103592,128,0.5471995323896408,128,0.3119334951043129,128,-0.2305782586336136,128,0.8934849351644516,128,1.0,128,1.0,128,0.0,128,18.0,128,0.7891373634338379,128,-1.449579805135727,128,-0.276735320687294,128
noisy,117,10,7,0.2974739298224449,128,9.052638053894043,128,0.5029243305325508,128,0.30854716897010803,128,0.6914528161287308,128,0.35541222989559174,128,-0.08632497489452362,128,0.9707061797380447,128,1.0,128,1.0,128,0.0,128,18.0,128,0.6394305527210236,128,-1.1670938730239868,128,-0.14668215811252594,128
noisy,117,10,8,0.38459693640470505,128,11.486849784851074,128,0.6381583362817764,128,0.20957841351628304,128,0.7904215753078461,128,0.5361298769712448,128,0.012643784284591675,128,0.9116387218236923,128,17.0,128,1.0,128,0.0,128,18.0,128,0.6823456734418869,128,-0.06095760129392147,128,0.48272985965013504,128
noisy,117,10,9,0.3633033186197281,128,11.921363115310669,128,0.6622979491949081,128,0.22742798924446106,128,0.7725720107555389,128,0.5662513673305511,128,-0.005205780267715454,128,0.7893585711717606,128,17.5,128,1.0,128,0.0,128,18.0,128,0.5696811974048615,128,-0.39224477857351303,128,0.25587473437190056,128
noisy,117,10,10,0.36263736337423325,128,8.261546730995178,128,0.45897482335567474,128,0.37418659031391144,128,0.6258134096860886,128,0.30042028427124023,128,-0.15196438133716583,128,0.9159264266490936,128,2.0,128,1.0,128,0.0,128,18.0,128,0.448877178132534,128,-1.1544017493724823,128,-0.24761737883090973,128
noisy,117,10,11,0.23072725906968117,128,5.972899913787842,128,0.331827774643898,128,0.5662117749452591,128,0.4337882399559021,128,0.17454493045806885,128,-0.3439895510673523,128,0.8609853088855743,128,1.0,128,1.0,128,0.0,128,18.0,128,0.5216418504714966,128,-1.9588418006896973,128,-0.6905723363161087,128
noisy,117,11,0,0.42423494905233383,128,8.442785501480103,128,0.46904364228248596,128,0.26837100833654404,128,0.731628954410553,128,0.25406523048877716,128,-0.046148836612701416,128,0.9509344547986984,128,5.75,128,1.0,128,0.0,128,18.0,128,0.4156651049852371,128,-0.5850690975785255,128,-0.4319457709789276,128
noisy,117,11,1,0.4066421240568161,128,7.831078052520752,128,0.43505989015102386,128,0.3074796721339226,128,0.6925203204154968,128,0.19554680958390236,128,-0.08525747060775757,128,0.9376774728298187,128,4.0,128,1.0,128,0.0,128,18.0,128,0.4247022420167923,128,-0.9093004167079926,128,-0.6045969724655151,128
noisy,117,11,2,0.31355126947164536,128,7.2824296951293945,128,0.40457942336797714,128,0.4790838956832886,128,0.5209161192178726,128,0.26355696842074394,128,-0.2568616718053818,128,0.8704741299152374,128,1.0,128,1.0,128,0.0,128,18.0,128,0.5966481417417526,128,-1.5566807687282562,128,-0.39092595130205154,128
noisy,117,11,3,0.30831968784332275,128,6.527778387069702,128,0.36265435069799423,128,0.5279878824949265,128,0.47201210260391235,128,0.20322175323963165,128,-0.30576568841934204,128,0.7972407042980194,128,1.0,128,1.0,128,0.0,128,9.0,128,0.3774412199854851,128,-1.1636777818202972,128,-0.30030911415815353,128
noisy,117,11,4,0.2558623030781746,128,7.370730638504028,128,0.40948503464460373,128,0.49901409447193146,128,0.5009859427809715,128,0.29022154957056046,128,-0.27679184824228287,128,0.8372636437416077,128,1.0,128,1.0,128,0.0,128,18.0,128,0.5847867429256439,128,-1.369229406118393,128,-0.288620937615633,128
noisy,117,11,5,0.28630438446998596,128,7.173735022544861,128,0.39854083955287933,128,0.4185974895954132,128,0.5814024955034256,128,0.21163352206349373,128,-0.1963752955198288,128,0.9276683479547501,128,1.0,128,1.0,128,0.0,128,18.0,128,0.49872688949108124,128,-1.602442055940628,128,-0.6495114415884018,128
noisy,117,11,6,0.3389032110571861,128,8.381674766540527,128,0.4656486064195633,128,0.3039812967181206,128,0.6960187256336212,128,0.260368712246418,128,-0.08175906538963318,128,0.9551983773708344,128,4.0,128,1.0,128,0.0,128,9.0,128,0.3907144144177437,128,-0.9924251437187195,128,-0.4227582588791847,128
noisy,117,11,7,0.36992304027080536,128,8.409398555755615,128,0.4671888127923012,128,0.29624831676483154,128,0.7037516832351685,128,0.26319248229265213,128,-0.07402610778808594,128,0.9779706448316574,128,3.0,128,1.0,128,0.0,128,9.0,128,0.38001470267772675,128,-1.2609970271587372,128,-0.5884255766868591,128
noisy,117,11,8,0.2891872823238373,128,8.185903072357178,128,0.45477239042520523,128,0.3599724695086479,128,0.6400275826454163,128,0.2860921621322632,128,-0.13775020837783813,128,0.9369200766086578,128,1.0,128,1.0,128,0.0,128,11.625,128,0.3906722143292427,128,-1.1263303756713867,128,-0.2995920777320862,128
noisy,117,11,9,0.465256042778492,128,7.763082027435303,128,0.43128233402967453,128,0.3998940587043762,128,0.6001059263944626,128,0.2565736845135689,128,-0.1776718646287918,128,0.839080736041069,128,1.0,128,0.9444444328546524,128,0.05882352963089943,128,6.0,128,0.44845178723335266,128,-0.8486828058958054,128,-0.25159383565187454,128
noisy,117,11,10,0.33733172714710236,128,9.86920166015625,128,0.5482889860868454,128,0.23645446076989174,128,0.7635455578565598,128,0.38172727823257446,128,-0.014232233166694641,128,0.974168598651886,128,17.0,128,1.0,128,0.0,128,18.0,128,0.4604366645216942,128,-0.37153013050556183,128,0.15449371933937073,128
noisy,117,11,11,0.31407932937145233,128,8.295797109603882,128,0.4608776271343231,128,0.32103025913238525,128,0.6789697259664536,128,0.25592629238963127,128,-0.09880806505680084,128,0.9598924219608307,128,2.5,128,1.0,128,0.0,128,9.0,128,0.4059630259871483,128,-1.1095616221427917,128,-0.48833491653203964,128
noisy,117,12,0,0.22275854274630547,128,5.535272121429443,128,0.30751511454582214,128,0.6277962774038315,128,0.3722037002444267,128,0.17403192073106766,128,-0.40557409077882767,128,0.7954926490783691,128,1.0,128,1.0,128,0.0,128,18.0,128,0.609202042222023,128,-1.9166750609874725,128,-0.5774878561496735,128
noisy,117,12,1,0.25484897196292877,128,7.20634126663208,128,0.4003522992134094,128,0.41806674748659134,128,0.5819332450628281,128,0.19449341669678688,128,-0.19584454596042633,128,0.9190221279859543,128,2.0,128,1.0,128,0.0,128,18.0,128,0.40853340178728104,128,-1.5359224379062653,128,-0.6626016050577164,128
noisy,117,12,2,0.3750135973095894,128,6.0715110301971436,128,0.3373061642050743,128,0.5768900215625763,128,0.4231099709868431,128,0.21575234830379486,128,-0.3546678200364113,128,0.7343143671751022,128,1.0,128,0.8333333134651184,128,0.11764705926179886,128,18.0,128,0.6926759332418442,128,-1.5718519687652588,128,-0.3951880633831024,128
noisy,117,12,3,0.4149651452898979,128,9.821922540664673,128,0.5456623584032059,128,0.2892487198114395,128,0.7107513099908829,128,0.3995692580938339,128,-0.06702648103237152,128,0.8109636306762695,128,17.0,128,1.0,128,0.0,128,6.0,128,0.5438899844884872,128,-0.3627128377556801,128,-0.02211333264131099,128
noisy,117,12,4,0.2633358761668205,128,7.579251766204834,128,0.42106954008340836,128,0.40719787776470184,128,0.5928021371364594,128,0.23923905938863754,128,-0.18497565388679504,128,0.9383055865764618,128,2.0,128,1.0,128,0.0,128,18.0,128,0.5055676624178886,128,-1.58260977268219,128,-0.5410323366522789,128
noisy,117,12,5,0.3034955784678459,128,8.732056617736816,128,0.485114261507988,128,0.2928093448281288,128,0.7071906477212906,128,0.29386006295681,128,-0.0705871433019638,128,0.9814999252557755,128,1.0,128,1.0,128,0.0,128,13.5,128,0.3887926712632179,128,-1.0918004214763641,128,-0.3691251501441002,128
noisy,117,12,6,0.20681319013237953,128,3.972014844417572,128,0.2206674888730049,128,0.7335852235555649,128,0.2664147764444351,128,0.09002664498984814,128,-0.5113630145788193,128,0.6931876093149185,128,1.0,128,1.0,128,0.0,128,18.0,128,0.5583306849002838,128,-1.940344661474228,128,-0.7059326767921448,128
noisy,117,12,7,0.15653720125555992,128,3.484761953353882,128,0.19359788671135902,128,0.7872736304998398,128,0.21272634714841843,128,0.06889099255204201,128,-0.5650514513254166,128,0.6220606416463852,128,1.0,128,1.0,128,0.0,128,18.0,128,0.5350752919912338,128,-1.843316227197647,128,-0.6375170201063156,128
noisy,117,12,8,0.26238207519054413,128,3.400848865509033,128,0.1889360435307026,128,0.7643203735351562,128,0.23567962646484375,128,0.05438196565955877,128,-0.5420981645584106,128,0.5926744341850281,128,1.0,128,1.0,128,0.0,128,9.0,128,0.414012610912323,128,-1.738783597946167,128,-0.7167698740959167,128
noisy,117,12,9,0.2907814607024193,128,5.530847907066345,128,0.3072693273425102,128,0.6013207733631134,128,0.398679181933403,128,0.14897190779447556,128,-0.3790986090898514,128,0.8402343541383743,128,1.0,128,1.0,128,0.0,128,18.0,128,0.5191174000501633,128,-2.0308227241039276,128,-0.7132436335086823,128
noisy,117,12,10,0.38412611931562424,128,8.545890808105469,128,0.4747717157006264,128,0.36780741810798645,128,0.6321925818920135,128,0.30756676197052,128,-0.14558520913124084,128,0.7635211497545242,128,1.0,128,1.0,128,0.0,128,6.0,128,0.5640344172716141,128,-0.4708724766969681,128,-0.13655933737754822,128
noisy,117,12,11,0.20341335237026215,128,5.124750137329102,128,0.28470834344625473,128,0.6332174986600876,128,0.3667825013399124,128,0.14011885598301888,128,-0.410995289683342,128,0.7790481150150299,128,1.0,128,1.0,128,0.0,128,18.0,128,0.5576573461294174,128,-1.7690344154834747,128,-0.5841884464025497,128
noisy,117,13,0,0.3642488345503807,128,8.957216024398804,128,0.49762311577796936,128,0.3180591091513634,128,0.6819408982992172,128,0.34709880501031876,128,-0.09583689272403717,128,0.9391257762908936,128,3.25,128,1.0,128,0.0,128,18.0,128,0.5393448024988174,128,-0.9778130501508713,128,-0.1860576756298542,128
noisy,117,13,1,0.3637789487838745,128,7.7313551902771,128,0.42951973527669907,128,0.4149569496512413,128,0.5850430279970169,128,0.2830839678645134,128,-0.1927347630262375,128,0.8877343982458115,128,2.0,128,1.0,128,0.0,128,18.0,128,0.4702773615717888,128,-1.2356043457984924,128,-0.3104630187153816,128
noisy,117,13,2,0.23812884837388992,128,7.126529097557068,128,0.3959182873368263,128,0.47184140235185623,128,0.5281585901975632,128,0.23154927790164948,128,-0.24961920082569122,128,0.8947451561689377,128,1.0,128,1.0,128,0.0,128,18.0,128,0.46801523119211197,128,-1.672933042049408,128,-0.5244284421205521,128
noisy,117,13,3,0.32345397025346756,128,7.939569473266602,128,0.44108720123767853,128,0.36488208174705505,128,0.6351179331541061,128,0.26689231768250465,128,-0.14265985786914825,128,0.9604720324277878,128,1.0,128,1.0,128,0.0,128,18.0,128,0.4166484773159027,128,-1.6028076112270355,128,-0.5214162170886993,128
noisy,117,13,4,0.3164096549153328,128,7.783356666564941,128,0.4324086979031563,128,0.3647933453321457,128,0.6352066397666931,128,0.2425747737288475,128,-0.14257115125656128,128,0.9582920968532562,128,1.0,128,1.0,128,0.0,128,18.0,128,0.42720988392829895,128,-1.6430793106555939,128,-0.6988879442214966,128
noisy,117,13,5,0.37533199042081833,128,7.617452025413513,128,0.42319177836179733,128,0.33600814640522003,128,0.66399185359478,128,0.20314393192529678,128,-0.11378593742847443,128,0.9437540769577026,128,3.25,128,1.0,128,0.0,128,18.0,128,0.4114363417029381,128,-1.177761286497116,128,-0.5819539427757263,128
noisy,117,13,6,0.33824213594198227,128,7.925758957862854,128,0.4403199404478073,128,0.3756752461194992,128,0.6243247836828232,128,0.24626343697309494,128,-0.1534530073404312,128,0.9545221328735352,128,1.0,128,1.0,128,0.0,128,18.0,128,0.4241976961493492,128,-1.6369546353816986,128,-0.5749551355838776,128
noisy,117,13,7,0.3330964371562004,128,7.12237012386322,128,0.3956872224807739,128,0.38854561001062393,128,0.6114543676376343,128,0.19559729099273682,128,-0.16632342338562012,128,0.8796015679836273,128,2.0,128,1.0,128,0.0,128,7.650000035762787,128,0.4268941432237625,128,-1.1612180471420288,128,-0.5499283969402313,128
noisy,117,13,8,0.23198208957910538,128,6.064947724342346,128,0.33694154024124146,128,0.5198153406381607,128,0.4801846519112587,128,0.14803116768598557,128,-0.2975931391119957,128,0.8939231932163239,128,1.0,128,1.0,128,0.0,128,18.0,128,0.5157883018255234,128,-1.9164525866508484,128,-0.8220852166414261,128
noisy,117,13,9,0.34502699971199036,128,6.591759085655212,128,0.36620883643627167,128,0.5003299489617348,128,0.49967005103826523,128,0.19945114105939865,128,-0.27810773998498917,128,0.8626857250928879,128,2.0,128,1.0,128,0.0,128,18.0,128,0.47513140738010406,128,-1.5201115608215332,128,-0.49653351306915283,128
noisy,117,13,10,0.25459710508584976,128,8.4474778175354,128,0.46930432319641113,128,0.3082263693213463,128,0.6917736381292343,128,0.2631278745830059,128,-0.08600415289402008,128,0.9662972092628479,128,4.0,128,1.0,128,0.0,128,9.0,128,0.3800051659345627,128,-0.9830491542816162,128,-0.4896932914853096,128
noisy,117,13,11,0.2683824524283409,128,8.140794515609741,128,0.4522663578391075,128,0.4623488485813141,128,0.5376511514186859,128,0.348481185734272,128,-0.24012663960456848,128,0.8482982367277145,128,1.0,128,1.0,128,0.0,128,18.0,128,0.6873094588518143,128,-1.1571536660194397,128,-0.029882836155593395,128
noisy,117,14,0,0.3364304378628731,128,5.697764754295349,128,0.31654248386621475,128,0.6336377859115601,128,0.36636222898960114,128,0.20991212502121925,128,-0.41141556203365326,128,0.7565496265888214,128,1.0,128,1.0,128,0.0,128,18.0,128,0.5656785070896149,128,-1.6472422778606415,128,-0.3180362805724144,128
noisy,117,14,1,0.29156970977783203,128,7.171802639961243,128,0.39843347668647766,128,0.420913465321064,128,0.5790865272283554,128,0.202744472771883,128,-0.198691263794899,128,0.9121309071779251,128,2.5,128,1.0,128,0.0,128,18.0,128,0.43384458124637604,128,-1.4302063882350922,128,-0.6111359521746635,128
noisy,117,14,2,0.40565481036901474,128,7.423683762550354,128,0.4124268740415573,128,0.3812312185764313,128,0.6187687665224075,128,0.22432249039411545,128,-0.15900902450084686,128,0.9313388764858246,128,2.0,128,1.0,128,0.0,128,18.0,128,0.4409526586532593,128,-1.4169560372829437,128,-0.5736211389303207,128
noisy,117,14,3,0.2469044327735901,128,5.140332579612732,128,0.2855740264058113,128,0.617348849773407,128,0.3826511800289154,128,0.121173907071352,128,-0.395126610994339,128,0.7812224477529526,128,1.0,128,1.0,128,0.0,128,18.0,128,0.40198570489883423,128,-1.7584819793701172,128,-0.6880964189767838,128
noisy,117,14,4,0.4170297384262085,128,6.613950133323669,128,0.36744167655706406,128,0.5955875962972641,128,0.4044123739004135,128,0.2867324501276016,128,-0.3733654171228409,128,0.6910659074783325,128,1.0,128,1.0,128,0.0,128,18.0,128,0.6139754056930542,128,-1.1385090947151184,128,-0.08358386717736721,128
noisy,117,14,5,0.3601086288690567,128,6.531638264656067,128,0.3628687933087349,128,0.4913392663002014,128,0.5086607336997986,128,0.17734471708536148,128,-0.2691170573234558,128,0.7431398779153824,128,1.0,128,1.0,128,0.0,128,6.0,128,0.5090545862913132,128,-0.8574285209178925,128,-0.3200194761157036,128
noisy,117,14,6,0.31015437096357346,128,7.7804423570632935,128,0.43224678933620453,128,0.3903597369790077,128,0.6096402853727341,128,0.2538253553211689,128,-0.16813750565052032,128,0.9446784555912018,128,1.0,128,1.0,128,0.0,128,18.0,128,0.4583063945174217,128,-1.5548278093338013,128,-0.5080345571041107,128
noisy,117,14,7,0.2674630731344223,128,6.310846209526062,128,0.35060257464647293,128,0.5126564055681229,128,0.4873436167836189,128,0.15949264913797379,128,-0.29043417423963547,128,0.8899627923965454,128,1.0,128,1.0,128,0.0,128,18.0,128,0.415578231215477,128,-1.873803287744522,128,-0.7453398108482361,128
noisy,117,14,8,0.24078718945384026,128,5.321465849876404,128,0.29563699662685394,128,0.6150864958763123,128,0.38491349667310715,128,0.1471467949450016,128,-0.39286429435014725,128,0.7437033802270889,128,1.0,128,1.0,128,0.0,128,18.0,128,0.4512297436594963,128,-1.4413030445575714,128,-0.5000832304358482,128
noisy,117,14,9,0.3025166764855385,128,8.498432159423828,128,0.47213512659072876,128,0.33731575310230255,128,0.6626842170953751,128,0.3007834106683731,128,-0.11509357392787933,128,0.9648009091615677,128,1.0,128,1.0,128,0.0,128,18.0,128,0.5364818274974823,128,-1.4397653341293335,128,-0.3545231744647026,128
noisy,117,14,10,0.23411403223872185,128,6.147053241729736,128,0.34150295704603195,128,0.5440807938575745,128,0.45591922104358673,128,0.1510930396616459,128,-0.32185856997966766,128,0.8522075414657593,128,1.0,128,1.0,128,0.0,128,9.0,128,0.42339758574962616,128,-1.5922828912734985,128,-0.5763118863105774,128
noisy,117,14,11,0.38193878531455994,128,8.87917160987854,128,0.4932873100042343,128,0.29206955432891846,128,0.7079304754734039,128,0.3168944641947746,128,-0.06984731554985046,128,0.9687861055135727,128,4.0,128,1.0,128,0.0,128,18.0,128,0.4370570033788681,128,-0.9489617198705673,128,-0.29720716178417206,128
noisy,117,15,0,0.3104426860809326,128,8.059277415275574,128,0.4477376341819763,128,0.33198925107717514,128,0.6680107265710831,128,0.2488108165562153,128,-0.10976706445217133,128,0.9683400839567184,128,1.0,128,1.0,128,0.0,128,18.0,128,0.3781275972723961,128,-1.3945125937461853,128,-0.6726730018854141,128
noisy,117,15,1,0.4159079045057297,128,7.76651656627655,128,0.43147315084934235,128,0.3210690766572952,128,0.6789309680461884,128,0.21367774531245232,128,-0.09884682297706604,128,0.943534716963768,128,4.0,128,1.0,128,0.0,128,18.0,128,0.430062010884285,128,-1.0724652707576752,128,-0.5947011411190033,128
noisy,117,15,2,0.4061371833086014,128,7.725846886634827,128,0.4292137175798416,128,0.3694719970226288,128,0.6305280327796936,128,0.2222089171409607,128,-0.1472497582435608,128,0.9125155955553055,128,3.0,128,1.0,128,0.0,128,18.0,128,0.41723714768886566,128,-1.0582021325826645,128,-0.4777927100658417,128
noisy,117,15,3,0.29530810564756393,128,7.574539303779602,128,0.42080774158239365,128,0.40483129024505615,128,0.5951686948537827,128,0.23953989148139954,128,-0.18260909616947174,128,0.9325766563415527,128,1.0,128,1.0,128,0.0,128,18.0,128,0.502961203455925,128,-1.5649409890174866,128,-0.5495163649320602,128
noisy,117,15,4,0.47197674214839935,128,7.86724853515625,128,0.4370693638920784,128,0.3401302844285965,128,0.6598697304725647,128,0.23225081712007523,128,-0.1179080605506897,128,0.9422094970941544,128,3.25,128,1.0,128,0.0,128,18.0,128,0.44420111924409866,128,-1.0950192511081696,128,-0.4983782470226288,128
noisy,117,15,5,0.32784561812877655,128,7.1061320304870605,128,0.394785113632679,128,0.43300512433052063,128,0.566994920372963,128,0.2089751437306404,128,-0.21078287065029144,128,0.9324914515018463,128,1.0,128,1.0,128,0.0,128,18.0,128,0.40101058781147003,128,-1.7204883396625519,128,-0.6959236562252045,128
noisy,117,15,6,0.3591219186782837,128,7.8321545124053955,128,0.4351196959614754,128,0.3708360195159912,128,0.6291639655828476,128,0.24046094715595245,128,-0.1486138254404068,128,0.95094895362854,128,1.5,128,1.0,128,0.0,128,18.0,128,0.4111816957592964,128,-1.515223890542984,128,-0.589538037776947,128
noisy,117,15,7,0.30869416892528534,128,7.644639611244202,128,0.4247022047638893,128,0.3583519160747528,128,0.6416480988264084,128,0.23082246631383896,128,-0.136129692196846,128,0.922686830163002,128,3.0,128,1.0,128,0.0,128,10.650000035762787,128,0.4154535308480263,128,-1.0163840651512146,128,-0.4811151996254921,128
noisy,117,15,8,0.31232546269893646,128,7.904570937156677,128,0.4391428381204605,128,0.4122091233730316,128,0.5877909064292908,128,0.29223762452602386,128,-0.18998688459396362,128,0.8643155544996262,128,1.0,128,1.0,128,0.0,128,18.0,128,0.48153530806303024,128,-1.0339335054159164,128,-0.24852031469345093,128
noisy,117,15,9,0.5640814453363419,128,9.41342806816101,128,0.5229682326316833,128,0.23740585520863533,128,0.7625941634178162,128,0.342117115855217,128,-0.015183627605438232,128,0.9717451333999634,128,9.0,128,1.0,128,0.0,128,18.0,128,0.37739280611276627,128,-0.3668777048587799,128,-0.0722201312892139,128
noisy,117,15,10,0.3292521983385086,128,7.148793339729309,128,0.39715518802404404,128,0.41651175171136856,128,0.583488255739212,128,0.20256712660193443,128,-0.19428953528404236,128,0.9474528878927231,128,1.0,128,1.0,128,0.0,128,18.0,128,0.5073311626911163,128,-1.7990566492080688,128,-0.7728026956319809,128
noisy,117,15,11,0.2963518872857094,128,5.281143307685852,128,0.29339685291051865,128,0.6380625516176224,128,0.3619374707341194,128,0.1582467257976532,128,-0.415840320289135,128,0.8107418119907379,128,1.0,128,1.0,128,0.0,128,18.0,128,0.4740217626094818,128,-1.967433899641037,128,-0.6235372126102448,128
noisy,117,16,0,0.31597697734832764,128,5.603412508964539,128,0.31130069494247437,128,0.5903399884700775,128,0.4096600115299225,128,0.16343949362635612,128,-0.3681177794933319,128,0.7991596162319183,128,1.0,128,1.0,128,0.0,128,18.0,128,0.48835834115743637,128,-1.7119851112365723,128,-0.582950085401535,128
noisy,117,16,1,0.32325223833322525,128,7.204478025436401,128,0.40024878084659576,128,0.4076048210263252,128,0.5923951864242554,128,0.20802413672208786,128,-0.18538260459899902,128,0.9362567812204361,128,2.0,128,1.0,128,0.0,128,18.0,128,0.3960716649889946,128,-1.628793865442276,128,-0.6863696128129959,128
noisy,117,16,2,0.16525078192353249,128,2.4382620453834534,128,0.13545899838209152,128,0.9022693485021591,128,0.09773064404726028,128,0.044324313290417194,128,-0.6800471544265747,128,0.4548253193497658,128,1.0,128,1.0,128,0.0,128,18.0,128,0.5717890113592148,128,-1.8678905367851257,128,-0.5071132332086563,128
noisy,117,16,3,0.3733569383621216,128,8.694037199020386,128,0.48300206661224365,128,0.3020283207297325,128,0.6979717016220093,128,0.30308645963668823,128,-0.07980608940124512,128,0.9713204801082611,128,2.0,128,1.0,128,0.0,128,11.400000035762787,128,0.38107694685459137,128,-1.1374469697475433,128,-0.33629411831498146,128
noisy,117,16,4,0.3119988441467285,128,6.768944978713989,128,0.37605249881744385,128,0.5032192170619965,128,0.49678076803684235,128,0.2085927501320839,128,-0.28099702298641205,128,0.9098349958658218,128,1.0,128,1.0,128,0.0,128,18.0,128,0.608229324221611,128,-1.8471084237098694,128,-0.6086947619915009,128
noisy,117,16,5,0.2335866130888462,128,6.126076579093933,128,0.3403375893831253,128,0.56972935795784,128,0.43027063459157944,128,0.20319421961903572,128,-0.34750715643167496,128,0.8657420575618744,128,1.0,128,1.0,128,0.0,128,18.0,128,0.6295372098684311,128,-1.9381373524665833,128,-0.5786469727754593,128
noisy,117,16,6,0.26745671033859253,128,5.782034873962402,128,0.3212241604924202,128,0.6135740876197815,128,0.3864258974790573,128,0.188575379550457,128,-0.3913518935441971,128,0.7464632540941238,128,1.0,128,1.0,128,0.0,128,18.0,128,0.49990352988243103,128,-1.5438352227210999,128,-0.39112601429224014,128
noisy,117,16,7,0.3654172196984291,128,8.709003448486328,128,0.48383352905511856,128,0.29311613738536835,128,0.706883892416954,128,0.30939269810914993,128,-0.07089389860630035,128,0.9692285656929016,128,4.5,128,1.0,128,0.0,128,18.0,128,0.39861563593149185,128,-0.9239090830087662,128,-0.34358059614896774,128
noisy,117,16,8,0.23966028541326523,128,5.6593616008758545,128,0.31440897285938263,128,0.5753743946552277,128,0.4246256425976753,128,0.15140220150351524,128,-0.35315214842557907,128,0.8560936450958252,128,1.0,128,1.0,128,0.0,128,18.0,128,0.5331390053033829,128,-1.9713178873062134,128,-0.7497603744268417,128
noisy,117,16,9,0.19354715943336487,128,2.6455346941947937,128,0.14697415009140968,128,0.8733347058296204,128,0.12666533142328262,128,0.04701010603457689,128,-0.6511124521493912,128,0.5008749589323997,128,1.0,128,1.0,128,0.0,128,18.0,128,0.4438970535993576,128,-1.9879617393016815,128,-0.6620055586099625,128
noisy,117,16,10,0.33198846131563187,128,7.199338912963867,128,0.39996327459812164,128,0.41555187851190567,128,0.5844481587409973,128,0.19241856411099434,128,-0.19332963228225708,128,0.9201632142066956,128,2.5,128,1.0,128,0.0,128,18.0,128,0.47737227380275726,128,-1.4574220478534698,128,-0.6602824032306671,128
noisy,117,16,11,0.4639437347650528,128,7.768087148666382,128,0.4315603971481323,128,0.3577375113964081,128,0.6422625035047531,128,0.22413641586899757,128,-0.13551528751850128,128,0.9398257285356522,128,1.0,128,1.0,128,0.0,128,9.0,128,0.35673022270202637,128,-1.1305991411209106,128,-0.5282279551029205,128
noisy,117,17,0,0.48316577076911926,128,6.65539288520813,128,0.36974404752254486,128,0.4523959308862686,128,0.5476040691137314,128,0.1798858791589737,128,-0.230173721909523,128,0.8807567209005356,128,1.0,128,1.0,128,0.0,128,18.0,128,0.4655841514468193,128,-1.3414378464221954,128,-0.6365860998630524,128
noisy,117,17,1,0.3269674852490425,128,7.8013328313827515,128,0.43340738117694855,128,0.3978760689496994,128,0.6021239459514618,128,0.2522819899022579,128,-0.1756538450717926,128,0.860610231757164,128,1.0,128,1.0,128,0.0,128,6.0,128,0.4835306704044342,128,-0.8652803897857666,128,-0.24731949716806412,128
noisy,117,17,2,0.34366774559020996,128,4.1677405834198,128,0.23154114559292793,128,0.7400846034288406,128,0.25991538166999817,128,0.10919610410928726,128,-0.5178624093532562,128,0.6506156921386719,128,1.0,128,1.0,128,0.0,128,18.0,128,0.5543214231729507,128,-1.709071159362793,128,-0.5267018228769302,128
noisy,117,17,3,0.21626754477620125,128,3.7693132162094116,128,0.2094062939286232,128,0.759984016418457,128,0.24001597985625267,128,0.08109061978757381,128,-0.5377618074417114,128,0.6673375368118286,128,1.0,128,1.0,128,0.0,128,18.0,128,0.5479787439107895,128,-1.9639527201652527,128,-0.6919190883636475,128
noisy,117,17,4,0.38718875497579575,128,7.5935269594192505,128,0.4218626096844673,128,0.4624277204275131,128,0.5375722944736481,128,0.2758771926164627,128,-0.24020549654960632,128,0.8808879256248474,128,1.0,128,1.0,128,0.0,128,18.0,128,0.549347922205925,128,-1.4807053208351135,128,-0.28610851988196373,128
noisy,117,17,5,0.28187140822410583,128,4.553725361824036,128,0.25298474729061127,128,0.7063168287277222,128,0.29368316382169724,128,0.13143112510442734,128,-0.48409461975097656,128,0.6674180030822754,128,1.0,128,1.0,128,0.0,128,18.0,128,0.4824100136756897,128,-1.7433494627475739,128,-0.4214600995182991,128
noisy,117,17,6,0.48290273547172546,128,7.178273677825928,128,0.398792989552021,128,0.4268493056297302,128,0.5731507241725922,128,0.2058296538889408,128,-0.20462706685066223,128,0.928486093878746,128,1.0,128,1.0,128,0.0,128,18.0,128,0.48878592997789383,128,-1.7465758919715881,128,-0.6761373728513718,128
noisy,117,17,7,0.3252875804901123,128,6.377216219902039,128,0.35428978502750397,128,0.5224349796772003,128,0.4775650352239609,128,0.20071858912706375,128,-0.3002127557992935,128,0.8488397896289825,128,1.0,128,1.0,128,0.0,128,13.5,128,0.42579665780067444,128,-1.7864867150783539,128,-0.625051960349083,128
noisy,117,17,8,0.18430645018815994,128,3.768274247646332,128,0.20934857055544853,128,0.7552786767482758,128,0.24472135677933693,128,0.08054357953369617,128,-0.5330564230680466,128,0.6549206376075745,128,1.0,128,1.0,128,0.0,128,18.0,128,0.6016148775815964,128,-1.989687740802765,128,-0.7218447178602219,128
noisy,117,17,9,0.31781765818595886,128,6.218588948249817,128,0.3454771637916565,128,0.5617058128118515,128,0.4382941648364067,128,0.2219788283109665,128,-0.3394836261868477,128,0.7502982765436172,128,1.0,128,1.0,128,0.0,128,18.0,128,0.6065330356359482,128,-1.4129551351070404,128,-0.38744446635246277,128
noisy,117,17,10,0.24759289622306824,128,4.977924108505249,128,0.27655133605003357,128,0.6693112850189209,128,0.3306887224316597,128,0.13099010661244392,128,-0.4470890685915947,128,0.7462749481201172,128,1.0,128,1.0,128,0.0,128,18.0,128,0.5317151173949242,128,-1.9088317155838013,128,-0.5857130587100983,128
noisy,117,17,11,0.3260042890906334,128,6.370895147323608,128,0.35393862426280975,128,0.5270532816648483,128,0.47294672578573227,128,0.1791101135313511,128,-0.3048310652375221,128,0.8840310871601105,128,1.0,128,1.0,128,0.0,128,18.0,128,0.5153756141662598,128,-1.8270034790039062,128,-0.6535433530807495,128
noisy,117,18,0,0.44316188991069794,128,7.18010675907135,128,0.3988948240876198,128,0.46487094461917877,128,0.5351290553808212,128,0.2535444498062134,128,-0.24264873564243317,128,0.8942070007324219,128,1.0,128,1.0,128,0.0,128,18.0,128,0.5809873938560486,128,-1.5691305696964264,128,-0.46247393637895584,128
noisy,117,18,1,0.4615890309214592,128,5.524157166481018,128,0.3068976178765297,128,0.5895555913448334,128,0.41044440120458603,128,0.15184824541211128,128,-0.36733338981866837,128,0.7773126810789108,128,1.0,128,1.0,128,0.0,128,18.0,128,0.58196160197258,128,-1.7022475004196167,128,-0.537974126636982,128
noisy,117,18,2,0.448452390730381,128,5.527427911758423,128,0.30707933008670807,128,0.6049138158559799,128,0.3950861841440201,128,0.16106696240603924,128,-0.3826916068792343,128,0.7718324512243271,128,1.0,128,1.0,128,0.0,128,18.0,128,0.6769451051950455,128,-1.6251796782016754,128,-0.48483558744192123,128
noisy,117,18,3,0.5629650205373764,128,5.726551055908203,128,0.31814172863960266,128,0.5712245106697083,128,0.42877548187971115,128,0.17086665146052837,128,-0.34900230914354324,128,0.7582148313522339,128,1.0,128,1.0,128,0.0,128,18.0,128,0.6006211489439011,128,-1.5398507416248322,128,-0.4890083149075508,128
noisy,117,18,4,0.30067744106054306,128,5.263026475906372,128,0.2923903688788414,128,0.6369247287511826,128,0.36307524144649506,128,0.12979944981634617,128,-0.41470254957675934,128,0.7673346847295761,128,1.0,128,1.0,128,0.0,128,18.0,128,0.5185255333781242,128,-1.6396453380584717,128,-0.553135558962822,128
noisy,117,18,5,0.4963555708527565,128,6.1244285106658936,128,0.3402460291981697,128,0.5365741699934006,128,0.46342582255601883,128,0.1821506768465042,128,-0.31435196846723557,128,0.8429098129272461,128,1.0,128,1.0,128,0.0,128,18.0,128,0.6139626950025558,128,-1.647448480129242,128,-0.5689578652381897,128
noisy,117,18,6,0.6303107589483261,128,6.690155029296875,128,0.3716752752661705,128,0.49425090104341507,128,0.5057491138577461,128,0.21659230813384056,128,-0.27202867716550827,128,0.8396736979484558,128,2.0,128,1.0,128,0.0,128,18.0,128,0.596182182431221,128,-1.4202852249145508,128,-0.419962115585804,128
noisy,117,18,7,0.6271282434463501,128,6.701959848403931,128,0.3723311126232147,128,0.49792786687612534,128,0.5020721480250359,128,0.19967232644557953,128,-0.27570564299821854,128,0.837281346321106,128,1.0,128,1.0,128,0.0,128,18.0,128,0.5623505115509033,128,-1.4885295033454895,128,-0.45024219900369644,128
noisy,117,18,8,0.4354923442006111,128,5.7748929262161255,128,0.3208273872733116,128,0.5555697381496429,128,0.44443025439977646,128,0.1668865941464901,128,-0.33334753662347794,128,0.8242197334766388,128,2.0,128,1.0,128,0.0,128,18.0,128,0.5818440765142441,128,-1.5416228473186493,128,-0.5498046875,128
noisy,117,18,9,0.3186768367886543,128,7.6574050188064575,128,0.4254113957285881,128,0.40831074118614197,128,0.591689258813858,128,0.26801633834838867,128,-0.18608853220939636,128,0.9457989037036896,128,1.0,128,1.0,128,0.0,128,18.0,128,0.5304785221815109,128,-1.7588656842708588,128,-0.467795230448246,128
noisy,117,18,10,0.4056238606572151,128,6.529541850090027,128,0.3627523258328438,128,0.5245389342308044,128,0.47546106576919556,128,0.2152295708656311,128,-0.30231672525405884,128,0.8236026763916016,128,1.0,128,1.0,128,0.0,128,18.0,128,0.5499893426895142,128,-1.4199176132678986,128,-0.42969296872615814,128
noisy,117,18,11,0.45738813281059265,128,6.0489866733551025,128,0.33605481684207916,128,0.5627524703741074,128,0.43724749237298965,128,0.2047262229025364,128,-0.34053029865026474,128,0.7927091717720032,128,1.0,128,1.0,128,0.0,128,18.0,128,0.5176770836114883,128,-1.5030990242958069,128,-0.4493929222226143,128
noisy,117,19,0,0.3880928233265877,128,8.52371072769165,128,0.47353948652744293,128,0.3485956937074661,128,0.6514042913913727,128,0.31797894835472107,128,-0.1263734996318817,128,0.9416538923978806,128,1.0,128,1.0,128,0.0,128,18.0,128,0.4998171329498291,128,-1.0381736308336258,128,-0.16238063015043736,128
noisy,117,19,1,0.23438271135091782,128,5.667657494544983,128,0.31486985832452774,128,0.5829282999038696,128,0.41707170009613037,128,0.13747059553861618,128,-0.360706090927124,128,0.7969661056995392,128,1.0,128,1.0,128,0.0,128,18.0,128,0.36713866144418716,128,-1.6332442164421082,128,-0.6087442338466644,128
noisy,117,19,2,0.308387815952301,128,5.905653476715088,128,0.3280918672680855,128,0.5616200417280197,128,0.4383799731731415,128,0.16514406353235245,128,-0.3393978178501129,128,0.7616337537765503,128,1.0,128,0.486111119389534,128,0.23529411852359772,128,18.0,128,0.5173174440860748,128,-1.5111582279205322,128,-0.45162244886159897,128
noisy,117,19,3,0.39478621631860733,128,6.548619627952576,128,0.3638122007250786,128,0.504658080637455,128,0.4953419417142868,128,0.19180497899651527,128,-0.2824358493089676,128,0.8444007188081741,128,1.0,128,1.0,128,0.0,128,18.0,128,0.45984262973070145,128,-1.388806015253067,128,-0.4659917876124382,128
noisy,117,19,4,0.2500384747982025,128,4.796250343322754,128,0.26645834743976593,128,0.7173326462507248,128,0.282667376101017,128,0.1590884067118168,128,-0.4951104298233986,128,0.7155953198671341,128,1.0,128,1.0,128,0.0,128,18.0,128,0.8042512834072113,128,-1.801146149635315,128,-0.4225395992398262,128
noisy,117,19,5,0.17321163415908813,128,4.822576880455017,128,0.26792093366384506,128,0.638397291302681,128,0.36160268634557724,128,0.09475158154964447,128,-0.41617510467767715,128,0.8086775094270706,128,1.0,128,1.0,128,0.0,128,18.0,128,0.5321950763463974,128,-1.9405207931995392,128,-0.8582405298948288,128
noisy,117,19,6,0.3077443465590477,128,6.2764939069747925,128,0.3486941084265709,128,0.5056514889001846,128,0.49434851109981537,128,0.1693858988583088,128,-0.283429279923439,128,0.9054206162691116,128,1.0,128,1.0,128,0.0,128,18.0,128,0.5614271312952042,128,-2.0283621549606323,128,-0.8308141827583313,128
noisy,117,19,7,0.3720785677433014,128,6.882731318473816,128,0.38237396627664566,128,0.5161149948835373,128,0.4838849902153015,128,0.23503665626049042,128,-0.2938928008079529,128,0.8324193209409714,128,1.0,128,1.0,128,0.0,128,18.0,128,0.6071718037128448,128,-1.5654540657997131,128,-0.40524768084287643,128
noisy,117,19,8,0.26838063448667526,128,8.075637817382812,128,0.44864653795957565,128,0.3302830308675766,128,0.6697169989347458,128,0.24249821156263351,128,-0.1080607920885086,128,0.9805803447961807,128,1.0,128,1.0,128,0.0,128,18.0,128,0.44465503096580505,128,-1.7101842761039734,128,-0.8096172362565994,128
noisy,117,19,9,0.2846791446208954,128,5.749230146408081,128,0.31940166652202606,128,0.5463610887527466,128,0.4536388888955116,128,0.13959579542279243,128,-0.32413890212774277,128,0.8647889643907547,128,1.0,128,1.0,128,0.0,128,18.0,128,0.5949962288141251,128,-1.8966923952102661,128,-0.8077678233385086,128
noisy,117,19,10,0.35766374319791794,128,9.209937334060669,128,0.5116631835699081,128,0.29326803237199783,128,0.7067319452762604,128,0.30957189947366714,128,-0.07104584574699402,128,0.8347533941268921,128,1.0,128,1.0,128,0.0,128,6.0,128,0.5994439274072647,128,-0.5050162374973297,128,-0.11766511760652065,128
noisy,117,19,11,0.23741480708122253,128,4.196830451488495,128,0.23315724730491638,128,0.7158758193254471,128,0.2841242104768753,128,0.09674445725977421,128,-0.4936535805463791,128,0.6908237934112549,128,1.0,128,1.0,128,0.0,128,18.0,128,0.46604491770267487,128,-1.8410245776176453,128,-0.6560662537813187,128
noisy,117,20,0,0.26816633343696594,128,5.855974197387695,128,0.3253319039940834,128,0.5704521536827087,128,0.42954784631729126,128,0.1562509424984455,128,-0.34822994470596313,128,0.853706955909729,128,1.0,128,1.0,128,0.0,128,18.0,128,0.5009376332163811,128,-1.9698348641395569,128,-0.7424579709768295,128
noisy,117,20,1,0.3922552987933159,128,8.239890813827515,128,0.4577717110514641,128,0.32784730941057205,128,0.6721526682376862,128,0.2618481107056141,128,-0.10562512278556824,128,0.7688472867012024,128,1.0,128,1.0,128,0.0,128,6.0,128,0.7080125659704208,128,-0.4761735647916794,128,-0.17334827035665512,128
noisy,117,20,2,0.41921366751194,128,12.394472599029541,128,0.6885818094015121,128,0.07022101618349552,128,0.9297790080308914,128,0.4879741743206978,128,0.15200121700763702,128,0.6268579959869385,128,18.0,128,1.0,128,0.0,128,6.0,128,0.8802184909582138,128,0.15875801257789135,128,-0.0021022145519964397,128
noisy,117,20,3,0.4977562353014946,128,9.475539922714233,128,0.5264188945293427,128,0.31731894612312317,128,0.6826810389757156,128,0.35359662771224976,128,-0.09509675204753876,128,0.6556650847196579,128,1.0,128,1.0,128,0.0,128,6.0,128,0.7473555654287338,128,-0.31205201894044876,128,-0.07441164925694466,128
noisy,117,20,4,0.2876160368323326,128,5.382386207580566,128,0.2990214452147484,128,0.6506921201944351,128,0.34930790215730667,128,0.18530069291591644,128,-0.4284698888659477,128,0.7194975316524506,128,1.0,128,1.0,128,0.0,128,18.0,128,0.5451124310493469,128,-1.578133910894394,128,-0.40632909536361694,128
noisy,117,20,5,0.4673883765935898,128,9.925069332122803,128,0.5513927340507507,128,0.2804137244820595,128,0.7195862978696823,128,0.37142274528741837,128,-0.05819149315357208,128,0.6938821226358414,128,9.5,128,1.0,128,0.0,128,6.0,128,0.7657654732465744,128,-0.3160361126065254,128,-0.0540824169293046,128
noisy,117,20,6,0.21864714846014977,128,5.555924415588379,128,0.30866246670484543,128,0.5581445246934891,128,0.44185546040534973,128,0.12897352874279022,128,-0.33592233061790466,128,0.8279087096452713,128,1.0,128,1.0,128,0.0,128,18.0,128,0.7032328844070435,128,-1.707093596458435,128,-0.7457514703273773,128
noisy,117,20,7,0.6259853392839432,128,16.075928449630737,128,0.8931071311235428,128,0.00384885526727885,128,0.9961512088775635,128,0.8031128346920013,128,0.21837341785430908,128,0.4668777734041214,128,17.0,128,1.0,128,0.0,128,6.0,128,0.559740349650383,128,1.3747310042381287,128,0.659737303853035,128
noisy,117,20,8,0.2892630025744438,128,4.329202651977539,128,0.24051125720143318,128,0.7749385088682175,128,0.22506149485707283,128,0.16381607204675674,128,-0.5527162998914719,128,0.4895433038473129,128,1.0,128,1.0,128,0.0,128,18.0,128,0.5551104545593262,128,-1.341848999261856,128,-0.26788147166371346,128
noisy,117,20,9,0.32025016844272614,128,9.111186742782593,128,0.5061770379543304,128,0.2960824593901634,128,0.7039175480604172,128,0.31691670417785645,128,-0.07386024296283722,128,0.8695256859064102,128,1.0,128,1.0,128,0.0,128,6.0,128,0.6584725975990295,128,-0.5194825083017349,128,-0.14443214610219002,128
noisy,117,20,10,0.24829208850860596,128,6.589926362037659,128,0.3661070093512535,128,0.5210177004337311,128,0.4789822846651077,128,0.23785757273435593,128,-0.29879550635814667,128,0.8580283522605896,128,1.0,128,1.0,128,0.0,128,18.0,128,0.7659929245710373,128,-1.7478507161140442,128,-0.5049278289079666,128
noisy,117,20,11,0.29465895891189575,128,3.7969616055488586,128,0.21094230934977531,128,0.7777391523122787,128,0.22226083651185036,128,0.10481858067214489,128,-0.5555169582366943,128,0.5840919464826584,128,1.0,128,1.0,128,0.0,128,18.0,128,0.5802175253629684,128,-1.6462154388427734,128,-0.4511253982782364,128
noisy,117,21,0,0.30890241265296936,128,5.167807936668396,128,0.2871004417538643,128,0.5524662137031555,128,0.4475337564945221,128,0.10370808281004429,128,-0.3302440345287323,128,0.671716496348381,128,1.0,128,1.0,128,0.0,128,6.0,128,0.47262848913669586,128,-1.0175834000110626,128,-0.43433288484811783,128
noisy,117,21,1,0.3334275260567665,128,4.479748368263245,128,0.24887490645051003,128,0.694474920630455,128,0.3055250495672226,128,0.10425223223865032,128,-0.4722527414560318,128,0.754188597202301,128,1.0,128,1.0,128,0.0,128,18.0,128,0.5469474345445633,128,-1.9779945015907288,128,-0.742652490735054,128
noisy,117,21,2,0.27496182918548584,128,4.79682183265686,128,0.26649010181427,128,0.7013595402240753,128,0.2986404448747635,128,0.14336186833679676,128,-0.4791373461484909,128,0.7123827040195465,128,1.0,128,1.0,128,0.0,128,18.0,128,0.682140126824379,128,-1.7753940522670746,128,-0.5858893096446991,128
noisy,117,21,3,0.46804847568273544,128,9.243590354919434,128,0.5135328024625778,128,0.35776202380657196,128,0.6422379612922668,128,0.3848324194550514,128,-0.13553982973098755,128,0.6091751307249069,128,7.25,128,1.0,128,0.0,128,6.0,128,0.6799740046262741,128,-0.49048689752817154,128,-0.13118018954992294,128
noisy,117,21,4,0.4566738232970238,128,5.357008337974548,128,0.2976115718483925,128,0.6119620501995087,128,0.3880379796028137,128,0.14505046233534813,128,-0.3897398114204407,128,0.8080038130283356,128,1.0,128,1.0,128,0.0,128,18.0,128,0.620454877614975,128,-1.8144063353538513,128,-0.6442536860704422,128
noisy,117,21,5,0.30607224255800247,128,9.011904001235962,128,0.5006613358855247,128,0.29168079793453217,128,0.7083192020654678,128,0.3091641142964363,128,-0.06945858895778656,128,0.9355130344629288,128,1.0,128,1.0,128,0.0,128,6.0,128,0.5220338553190231,128,-0.6520072519779205,128,-0.203468170017004,128
noisy,117,21,6,0.2885032072663307,128,5.740702152252197,128,0.3189278915524483,128,0.5876247584819794,128,0.41237524151802063,128,0.16594525799155235,128,-0.36540254950523376,128,0.8343828171491623,128,1.0,128,1.0,128,0.0,128,18.0,128,0.6411372870206833,128,-1.9062267541885376,128,-0.6986462473869324,128
noisy,117,21,7,0.2955935299396515,128,4.971329569816589,128,0.27618497610092163,128,0.623285561800003,128,0.37671446055173874,128,0.11237127147614956,128,-0.40106333047151566,128,0.7888620346784592,128,1.0,128,1.0,128,0.0,128,18.0,128,0.4609353467822075,128,-1.7702322602272034,128,-0.7292979657649994,128
noisy,117,21,8,0.20755240693688393,128,2.2137919664382935,128,0.12298844195902348,128,0.9048005491495132,128,0.0951994527131319,128,0.023616028018295765,128,-0.6825783401727676,128,0.44562050700187683,128,1.0,128,1.0,128,0.0,128,18.0,128,0.6310663670301437,128,-1.7518152594566345,128,-0.5899442583322525,128
noisy,117,21,9,0.5694798529148102,128,14.005301237106323,128,0.7780722826719284,128,0.08931718021631241,128,0.9106828421354294,128,0.6954700201749802,128,0.132905051112175,128,0.7451033145189285,128,17.0,128,1.0,128,0.0,128,6.0,128,0.5769584476947784,128,0.30991745740175247,128,0.5260159894824028,128
noisy,117,21,10,0.4406203180551529,128,8.706088066101074,128,0.48367156088352203,128,0.3793956935405731,128,0.6206043064594269,128,0.313529834151268,128,-0.15717348456382751,128,0.7186913341283798,128,1.0,128,1.0,128,0.0,128,6.0,128,0.5892121642827988,128,-0.4367331862449646,128,-0.10037020035088062,128
noisy,117,21,11,0.4903918281197548,128,14.45311427116394,128,0.8029507845640182,128,0.004396559088490903,128,0.9956035017967224,128,0.6560112833976746,128,0.21782571077346802,128,0.4715416058897972,128,18.0,128,0.9444444179534912,128,0.11764705926179886,128,6.0,128,0.9309523105621338,128,0.6148763746023178,128,0.12885932996869087,128
noisy,117,22,0,0.25736597925424576,128,4.645000696182251,128,0.25805559754371643,128,0.6613658964633942,128,0.33863411098718643,128,0.0863486398011446,128,-0.43914368003606796,128,0.7655588984489441,128,1.0,128,1.0,128,0.0,128,18.0,128,0.6059536933898926,128,-1.823293000459671,128,-0.7779403328895569,128
noisy,117,22,1,0.31919728964567184,128,5.954260468482971,128,0.33079225569963455,128,0.5975838303565979,128,0.4024161696434021,128,0.1884937360882759,128,-0.3753616213798523,128,0.7701223343610764,128,1.0,128,1.0,128,0.0,128,18.0,128,0.6701987683773041,128,-1.548887699842453,128,-0.46742522716522217,128
noisy,117,22,2,0.22875938564538956,128,4.551016926765442,128,0.2528342753648758,128,0.6572625488042831,128,0.34273745864629745,128,0.08296211622655392,128,-0.43504033237695694,128,0.8055985271930695,128,1.0,128,1.0,128,0.0,128,18.0,128,0.5822839289903641,128,-1.9772280752658844,128,-0.9150533825159073,128
noisy,117,22,3,0.3587719798088074,128,4.503479838371277,128,0.2501933202147484,128,0.7332470268011093,128,0.2667529582977295,128,0.1164352260529995,128,-0.5110248178243637,128,0.7258665412664413,128,1.0,128,1.0,128,0.0,128,18.0,128,0.7226173281669617,128,-1.9842893481254578,128,-0.6503478288650513,128
noisy,117,22,4,0.3238944038748741,128,5.727986574172974,128,0.31822146475315094,128,0.5798835158348083,128,0.42011648416519165,128,0.18773461505770683,128,-0.35766130685806274,128,0.7983266264200211,128,2.0,128,1.0,128,0.0,128,18.0,128,0.574273481965065,128,-1.5447751879692078,128,-0.49019984155893326,128
noisy,117,22,5,0.41877850890159607,128,5.189045310020447,128,0.28828029334545135,128,0.6455334722995758,128,0.3544665053486824,128,0.1468772031366825,128,-0.423311285674572,128,0.7965267151594162,128,1.0,128,1.0,128,0.0,128,18.0,128,0.6836410462856293,128,-1.795267641544342,128,-0.6105211824178696,128
noisy,117,22,6,0.425404354929924,128,7.310231924057007,128,0.4061239957809448,128,0.4988032355904579,128,0.5011967644095421,128,0.29092153161764145,128,-0.2765810266137123,128,0.8092467486858368,128,1.0,128,1.0,128,0.0,128,18.0,128,0.8037070035934448,128,-1.45674329996109,128,-0.2882823422551155,128
noisy,117,22,7,0.3460003733634949,128,8.816945791244507,128,0.4898303225636482,128,0.28605664521455765,128,0.7139433175325394,128,0.2642655521631241,128,-0.06383447349071503,128,0.901477038860321,128,1.0,128,1.0,128,0.0,128,6.0,128,0.5559238642454147,128,-0.5860116481781006,128,-0.21294976770877838,128
noisy,117,22,8,0.48880182951688766,128,4.100234150886536,128,0.22779078409075737,128,0.7438809871673584,128,0.2561190016567707,128,0.08727306686341763,128,-0.521658793091774,128,0.6893738955259323,128,1.0,128,1.0,128,0.0,128,18.0,128,0.43643777817487717,128,-1.9806768000125885,128,-0.7174766808748245,128
noisy,117,22,9,0.32388218492269516,128,6.62555468082428,128,0.3680863678455353,128,0.46158479899168015,128,0.5384152084589005,128,0.17489144578576088,128,-0.23936258256435394,128,0.9129877984523773,128,1.0,128,1.0,128,0.0,128,18.0,128,0.6157294511795044,128,-1.7711879312992096,128,-0.7947797775268555,128
noisy,117,22,10,0.31436628848314285,128,5.350548267364502,128,0.29725268483161926,128,0.6063401252031326,128,0.39365988224744797,128,0.15738608688116074,128,-0.3841179087758064,128,0.7882355153560638,128,1.0,128,1.0,128,0.0,128,18.0,128,0.49611424654722214,128,-1.6648125350475311,128,-0.571398988366127,128
noisy,117,22,11,0.3542371392250061,128,10.72532320022583,128,0.5958512872457504,128,0.10970697738230228,128,0.8902930468320847,128,0.3533302918076515,128,0.11251525580883026,128,0.7441261559724808,128,18.0,128,0.5,128,0.3529411852359772,128,6.0,128,0.8336360901594162,128,0.12336978409439325,128,-0.05150590278208256,128
noisy,117,23,0,0.22900623083114624,128,5.114869832992554,128,0.28415943682193756,128,0.6516940295696259,128,0.34830597043037415,128,0.13000739365816116,128,-0.42947182059288025,128,0.7956788837909698,128,1.0,128,1.0,128,0.0,128,18.0,128,0.4225980341434479,128,-1.9975721836090088,128,-0.7088167071342468,128
noisy,117,23,1,0.2356439232826233,128,5.822124004364014,128,0.32345133274793625,128,0.5530356168746948,128,0.446964368224144,128,0.13914178684353828,128,-0.3308134227991104,128,0.7502037733793259,128,1.0,128,0.777777761220932,128,0.23529411852359772,128,9.0,128,0.4776066765189171,128,-1.379091054201126,128,-0.4980015382170677,128
noisy,117,23,2,0.2878098040819168,128,7.719043612480164,128,0.42883576452732086,128,0.3278432935476303,128,0.6721567064523697,128,0.21795450523495674,128,-0.1056210845708847,128,0.9658438712358475,128,1.25,128,1.0,128,0.0,128,18.0,128,0.5308554023504257,128,-1.2718443870544434,128,-0.7737561613321304,128
noisy,117,23,3,0.4650893360376358,128,4.712839484214783,128,0.26182442158460617,128,0.7051327079534531,128,0.29486728459596634,128,0.12230407632887363,128,-0.48291050642728806,128,0.7326708883047104,128,1.0,128,1.0,128,0.0,128,18.0,128,0.49559348821640015,128,-1.8996741473674774,128,-0.6336230039596558,128
noisy,117,23,4,0.2711280807852745,128,5.063145637512207,128,0.2812858745455742,128,0.6217775642871857,128,0.3782224506139755,128,0.1153397224843502,128,-0.39955534040927887,128,0.761290654540062,128,1.0,128,1.0,128,0.0,128,18.0,128,0.4266218990087509,128,-1.6467871367931366,128,-0.6735442727804184,128
noisy,117,23,5,0.5399927049875259,128,5.428646922111511,128,0.3015914857387543,128,0.6168548613786697,128,0.38314517587423325,128,0.15452496334910393,128,-0.39463261514902115,128,0.7857846617698669,128,1.0,128,1.0,128,0.0,128,18.0,128,0.5846672356128693,128,-1.7540835440158844,128,-0.5832004547119141,128
noisy,117,23,6,0.27414827793836594,128,3.9390361309051514,128,0.21883534267544746,128,0.7617700397968292,128,0.23822997137904167,128,0.08869589306414127,128,-0.5395478308200836,128,0.6326422840356827,128,1.0,128,1.0,128,0.0,128,18.0,128,0.6011913120746613,128,-1.7491559386253357,128,-0.5940756946802139,128
noisy,117,23,7,0.2683853879570961,128,8.001869440078735,128,0.4445483013987541,128,0.4478345960378647,128,0.5521653890609741,128,0.30556071549654007,128,-0.22561240196228027,128,0.790616899728775,128,1.0,128,1.0,128,0.0,128,18.0,128,0.5201552361249924,128,-1.1031326949596405,128,-0.18773838505148888,128
noisy,117,23,8,0.17435575649142265,128,3.6779125332832336,128,0.2043284736573696,128,0.7329214066267014,128,0.26707858592271805,128,0.028740462381392717,128,-0.5106992125511169,128,0.6828852593898773,128,1.0,128,1.0,128,0.0,128,18.0,128,0.5302453190088272,128,-1.7875744104385376,128,-0.8757492452859879,128
noisy,117,23,9,0.607762485742569,128,6.086437106132507,128,0.33813539147377014,128,0.5862382650375366,128,0.4137617349624634,128,0.21272772923111916,128,-0.364016056060791,128,0.7647224217653275,128,1.0,128,1.0,128,0.0,128,18.0,128,0.7019306570291519,128,-1.5858190953731537,128,-0.3860745057463646,128
noisy,117,23,10,0.2982734888792038,128,7.925516366958618,128,0.4403064623475075,128,0.3583581745624542,128,0.6416418105363846,128,0.24345046654343605,128,-0.1361359804868698,128,0.6572226583957672,128,1.0,128,0.1111111119389534,128,0.1764705926179886,128,6.0,128,0.6160983145236969,128,-0.6687549948692322,128,-0.21824490278959274,128
noisy,117,23,11,0.6231187582015991,128,5.001909255981445,128,0.277883842587471,128,0.6721012741327286,128,0.3278987631201744,128,0.140282541513443,128,-0.44987902790308,128,0.7354078143835068,128,1.0,128,1.0,128,0.0,128,18.0,128,0.5876128226518631,128,-1.7463463842868805,128,-0.5509948879480362,128
noisy,117,24,0,0.3225162401795387,128,3.5065084099769592,128,0.1948060244321823,128,0.779753565788269,128,0.22024644911289215,128,0.06010309234261513,128,-0.5575313419103622,128,0.6117498725652695,128,1.0,128,1.0,128,0.0,128,18.0,128,0.6397219002246857,128,-1.9020256102085114,128,-0.7364367246627808,128
noisy,117,24,1,0.300993375480175,128,3.683228015899658,128,0.204623781144619,128,0.7659745216369629,128,0.2340254820883274,128,0.07552586309611797,128,-0.5437523126602173,128,0.6916814893484116,128,1.0,128,1.0,128,0.0,128,18.0,128,0.5060113295912743,128,-2.003351330757141,128,-0.8127810806035995,128
noisy,117,24,2,0.40354789048433304,128,11.445712566375732,128,0.6358729153871536,128,0.04303057212382555,128,0.9569694399833679,128,0.38713478296995163,128,0.17919164896011353,128,0.7053639143705368,128,18.0,128,0.7222222089767456,128,0.29411765560507774,128,6.0,128,0.8985662013292313,128,0.5328672081232071,128,0.08592735789716244,128
noisy,117,24,3,0.30792558938264847,128,5.555806398391724,128,0.30865591019392014,128,0.5860747843980789,128,0.4139252007007599,128,0.14197059534490108,128,-0.3638525903224945,128,0.8264781534671783,128,1.0,128,1.0,128,0.0,128,18.0,128,0.6173389554023743,128,-1.7453035116195679,128,-0.6952214390039444,128
noisy,117,24,4,0.2690580412745476,128,6.908298969268799,128,0.3837943896651268,128,0.43641480803489685,128,0.5635852068662643,128,0.19621676579117775,128,-0.21419258415699005,128,0.9366372972726822,128,1.0,128,1.0,128,0.0,128,18.0,128,0.6472495198249817,128,-1.899197369813919,128,-0.7721586376428604,128
noisy,117,24,5,0.2000342197716236,128,4.412993550300598,128,0.24516631290316582,128,0.6722364276647568,128,0.32776355743408203,128,0.09016329236328602,128,-0.45001423358917236,128,0.7662306278944016,128,1.0,128,1.0,128,0.0,128,18.0,128,0.42671219259500504,128,-1.8735136091709137,128,-0.8228996396064758,128
noisy,117,24,6,0.46633122116327286,128,5.7356858253479,128,0.31864921003580093,128,0.613097071647644,128,0.38690294325351715,128,0.17926990613341331,128,-0.39087484776973724,128,0.7961094230413437,128,1.0,128,1.0,128,0.0,128,18.0,128,0.6128400415182114,128,-1.7398577332496643,128,-0.4729306772351265,128
noisy,117,24,7,0.5415825992822647,128,4.800352215766907,128,0.26668623834848404,128,0.670256957411766,128,0.32974306493997574,128,0.11010674014687538,128,-0.44803472608327866,128,0.7356264144182205,128,1.0,128,1.0,128,0.0,128,18.0,128,0.6113624423742294,128,-1.8423190116882324,128,-0.6939732879400253,128
noisy,117,24,8,0.5027351677417755,128,5.48640513420105,128,0.30480028688907623,128,0.6069202572107315,128,0.3930797353386879,128,0.12971830926835537,128,-0.3846980556845665,128,0.7978262156248093,128,1.0,128,1.0,128,0.0,128,18.0,128,0.5215964466333389,128,-1.7473471462726593,128,-0.6569525301456451,128
noisy,117,24,9,0.4116269201040268,128,6.436034679412842,128,0.3575574830174446,128,0.4920070841908455,128,0.5079929381608963,128,0.18520574644207954,128,-0.2697848528623581,128,0.8746223896741867,128,1.0,128,1.0,128,0.0,128,18.0,128,0.69203120470047,128,-1.631418526172638,128,-0.6117258965969086,128
noisy,117,24,10,0.6041518896818161,128,5.428143501281738,128,0.3015635311603546,128,0.6220609247684479,128,0.3779390752315521,128,0.16903017833828926,128,-0.39983871579170227,128,0.7856767326593399,128,1.0,128,1.0,128,0.0,128,18.0,128,0.6176367849111557,128,-1.74399796128273,128,-0.5280393064022064,128
noisy,117,24,11,0.6065720021724701,128,6.084447383880615,128,0.3380248546600342,128,0.5661008208990097,128,0.4338991716504097,128,0.1724008433520794,128,-0.3438786193728447,128,0.828509122133255,128,1.0,128,1.0,128,0.0,128,18.0,128,0.6316558122634888,128,-1.6960610449314117,128,-0.5852169990539551,128
noisy,117,25,0,0.23886413127183914,128,5.674563765525818,128,0.3152535483241081,128,0.5379465222358704,128,0.46205346286296844,128,0.13055830635130405,128,-0.31572432816028595,128,0.8344022929668427,128,1.0,128,1.0,128,0.0,128,18.0,128,0.5638976544141769,128,-1.7548371255397797,128,-0.7348751872777939,128
noisy,117,25,1,0.3457538112998009,128,5.058457016944885,128,0.28102538734674454,128,0.6639866977930069,128,0.3360133171081543,128,0.13244657777249813,128,-0.4417644739151001,128,0.7458428740501404,128,1.0,128,1.0,128,0.0,128,18.0,128,0.6411233395338058,128,-1.6735122501850128,128,-0.6159118562936783,128
noisy,117,25,2,0.2924112379550934,128,3.5402212142944336,128,0.19667895510792732,128,0.776861384510994,128,0.22313861921429634,128,0.07540432922542095,128,-0.5546391755342484,128,0.6498074233531952,128,1.0,128,1.0,128,0.0,128,18.0,128,0.4583587870001793,128,-1.8760357201099396,128,-0.6848851442337036,128
noisy,117,25,3,0.27509309351444244,128,5.082096338272095,128,0.2823386937379837,128,0.6092153489589691,128,0.3907846286892891,128,0.1245743315666914,128,-0.3869931623339653,128,0.7483143955469131,128,1.0,128,1.0,128,0.0,128,18.0,128,0.49375733733177185,128,-1.6054455041885376,128,-0.5847384929656982,128
noisy,117,25,4,0.26182980835437775,128,5.775241374969482,128,0.3208467364311218,128,0.5751206502318382,128,0.4248793423175812,128,0.11964189261198044,128,-0.3528984487056732,128,0.77545066177845,128,2.0,128,1.0,128,0.0,128,18.0,128,0.39312123507261276,128,-1.5104088187217712,128,-0.6609684377908707,128
noisy,117,25,5,0.2482592836022377,128,7.643102765083313,128,0.42461682111024857,128,0.3657906726002693,128,0.6342093050479889,128,0.2158440425992012,128,-0.1435684859752655,128,0.9556120783090591,128,1.0,128,1.0,128,0.0,128,18.0,128,0.42917339503765106,128,-1.5386118292808533,128,-0.7689116150140762,128
noisy,117,25,6,0.375470906496048,128,9.150582075119019,128,0.508365660905838,128,0.10427915304899216,128,0.8957208096981049,128,0.24904755502939224,128,0.11794301867485046,128,0.7674392014741898,128,6.0,128,0.9444444179534912,128,0.11764705926179886,128,6.0,128,0.7492183893918991,128,0.10353253223001957,128,-0.16526134684681892,128
noisy,117,25,7,0.8817668259143829,128,13.099483728408813,128,0.7277490794658661,128,0.007386220968328416,128,0.9926138073205948,128,0.43727274239063263,128,0.2148360162973404,128,0.5895891934633255,128,18.0,128,0.3333333432674408,128,0.29411765933036804,128,6.0,128,0.9463229477405548,128,0.7489723712205887,128,0.23990368470549583,128
noisy,117,25,8,0.2760833203792572,128,4.8436208963394165,128,0.26909005269408226,128,0.656045451760292,128,0.34395454078912735,128,0.10878167487680912,128,-0.43382325023412704,128,0.7216336578130722,128,1.0,128,1.0,128,0.0,128,18.0,128,0.4375161901116371,128,-1.6680787801742554,128,-0.633039653301239,128
noisy,117,25,9,0.32369278371334076,128,10.151982545852661,128,0.5639990419149399,128,0.06913774646818638,128,0.9308622777462006,128,0.2625417783856392,128,0.15308448672294617,128,0.7547871470451355,128,11.0,128,0.8888888955116272,128,0.11764705926179886,128,6.0,128,0.8693985939025879,128,0.4046265184879303,128,-0.0031518132309429348,128
noisy,117,25,10,0.27020954340696335,128,6.722680568695068,128,0.37348225712776184,128,0.508023738861084,128,0.491976261138916,128,0.21389836072921753,128,-0.2858015298843384,128,0.8832689374685287,128,1.0,128,1.0,128,0.0,128,18.0,128,0.7776128351688385,128,-1.8174758553504944,128,-0.6029250919818878,128
noisy,117,25,11,0.24739515036344528,128,5.130119681358337,128,0.28500664979219437,128,0.6002183258533478,128,0.3997817039489746,128,0.11069626174867153,128,-0.3779960870742798,128,0.7824789434671402,128,1.0,128,1.0,128,0.0,128,18.0,128,0.48114532977342606,128,-1.6236314177513123,128,-0.7419776171445847,128
noisy,117,26,0,0.3228222653269768,128,8.465176343917847,128,0.4702875688672066,128,0.31015126407146454,128,0.689848780632019,128,0.2826860472559929,128,-0.08792901039123535,128,0.9682977944612503,128,1.0,128,1.0,128,0.0,128,18.0,128,0.456434927880764,128,-1.3928466141223907,128,-0.4551622346043587,128
noisy,117,26,1,0.319270484149456,128,9.174216747283936,128,0.5096787065267563,128,0.21924758329987526,128,0.7807524353265762,128,0.26329362392425537,128,0.0029746443033218384,128,0.9405664205551147,128,8.75,128,1.0,128,0.0,128,6.0,128,0.4684967026114464,128,-0.14205131120979786,128,-0.19157015159726143,128
noisy,117,26,2,0.17484596371650696,128,3.679071307182312,128,0.20439285412430763,128,0.7222415655851364,128,0.277758426964283,128,0.04622941743582487,128,-0.5000193640589714,128,0.690113291144371,128,1.0,128,1.0,128,0.0,128,18.0,128,0.5174144133925438,128,-1.7903772294521332,128,-0.8867344856262207,128
noisy,117,26,3,0.20309527218341827,128,7.443865537643433,128,0.4135480895638466,128,0.3873632475733757,128,0.6126367449760437,128,0.2125740610063076,128,-0.1651410460472107,128,0.955193042755127,128,1.0,128,1.0,128,0.0,128,18.0,128,0.650093674659729,128,-1.6631190776824951,128,-0.7432314902544022,128
noisy,117,26,4,0.3638266697525978,128,10.78870439529419,128,0.599372461438179,128,0.12327627465128899,128,0.8767237216234207,128,0.40083014219999313,128,0.09894593060016632,128,0.7720865607261658,128,18.0,128,1.0,128,0.0,128,6.0,128,0.8674206435680389,128,0.21032828465104103,128,0.004438188421772793,128
noisy,117,26,5,0.21922412142157555,128,6.870415091514587,128,0.38168972730636597,128,0.43634018301963806,128,0.5636598020792007,128,0.19475029781460762,128,-0.21411798894405365,128,0.8104582130908966,128,1.0,128,1.0,128,0.0,128,6.0,128,0.5435246229171753,128,-1.025678813457489,128,-0.427055224776268,128
noisy,117,26,6,0.19689008221030235,128,4.318276882171631,128,0.239904273301363,128,0.7136911451816559,128,0.2863088548183441,128,0.10312852449715137,128,-0.4914689287543297,128,0.7027584612369537,128,1.0,128,1.0,128,0.0,128,18.0,128,0.6728798896074295,128,-1.8240061402320862,128,-0.6611517667770386,128
noisy,117,26,7,0.2719249129295349,128,8.37256145477295,128,0.46514230221509933,128,0.3013434186577797,128,0.6986565738916397,128,0.23516357317566872,128,-0.07912121713161469,128,0.8421942442655563,128,1.0,128,1.0,128,0.0,128,6.0,128,0.6445973664522171,128,-0.5551352649927139,128,-0.2683073729276657,128
noisy,117,26,8,0.20728512108325958,128,3.1663312911987305,128,0.17590729519724846,128,0.7957677841186523,128,0.20423221960663795,128,0.03918175771832466,128,-0.5735455751419067,128,0.6127586960792542,128,1.0,128,1.0,128,0.0,128,18.0,128,0.5537910461425781,128,-1.7535863518714905,128,-0.7866859138011932,128
noisy,117,26,9,0.20314671471714973,128,5.644979238510132,128,0.3136099502444267,128,0.5763007998466492,128,0.42369919270277023,128,0.13189634308218956,128,-0.35407859832048416,128,0.7845926433801651,128,2.0,128,1.0,128,0.0,128,18.0,128,0.5584806799888611,128,-1.5255878865718842,128,-0.621003195643425,128
noisy,117,26,10,0.46295540034770966,128,10.216336965560913,128,0.5675742626190186,128,0.2552521377801895,128,0.7447478920221329,128,0.41882719099521637,128,-0.03302989900112152,128,0.7596355378627777,128,18.0,128,1.0,128,0.0,128,6.0,128,0.5953127890825272,128,-0.24929236248135567,128,-0.056423612870275974,128
noisy,117,26,11,0.20042170211672783,128,5.080078363418579,128,0.2822265848517418,128,0.5979509651660919,128,0.4020490497350693,128,0.11736622080206871,128,-0.3757287412881851,128,0.7352560311555862,128,1.0,128,1.0,128,0.0,128,18.0,128,0.4523676782846451,128,-1.4964312314987183,128,-0.6082053184509277,128
noisy,117,27,0,0.245420940220356,128,8.212080001831055,128,0.4562266692519188,128,0.33978478610515594,128,0.6602152287960052,128,0.2585655227303505,128,-0.11756256222724915,128,0.9680791646242142,128,1.0,128,1.0,128,0.0,128,18.0,128,0.5948209315538406,128,-1.6696492433547974,128,-0.6138214245438576,128
noisy,117,27,1,0.1537192538380623,128,7.4941792488098145,128,0.4163432866334915,128,0.4679444134235382,128,0.532055601477623,128,0.28682219982147217,128,-0.2457221895456314,128,0.9161691665649414,128,1.0,128,1.0,128,0.0,128,18.0,128,0.859286904335022,128,-1.7994415163993835,128,-0.3851657435297966,128
noisy,117,27,2,0.13830215111374855,128,1.9701589345932007,128,0.10945327393710613,128,0.9289956539869308,128,0.0710043516010046,128,0.011450925841927528,128,-0.7067734450101852,128,0.42647600919008255,128,1.0,128,1.0,128,0.0,128,18.0,128,0.6219221651554108,128,-1.9538148939609528,128,-0.7896481156349182,128
noisy,117,27,3,0.20136841386556625,128,4.782179951667786,128,0.26567665860056877,128,0.657736599445343,128,0.342263400554657,128,0.12625066563487053,128,-0.4355143904685974,128,0.7508839815855026,128,1.0,128,1.0,128,0.0,128,18.0,128,0.7708331644535065,128,-1.663275808095932,128,-0.6490699946880341,128
noisy,117,27,4,0.14088020846247673,128,8.36910629272461,128,0.4649503454566002,128,0.33525849133729935,128,0.6647415310144424,128,0.29046110063791275,128,-0.11303626000881195,128,0.9821695238351822,128,1.0,128,1.0,128,0.0,128,18.0,128,0.60189288854599,128,-1.975423276424408,128,-0.6374583691358566,128
noisy,117,27,5,0.18426355347037315,128,8.593331098556519,128,0.4774072766304016,128,0.31728100776672363,128,0.682718962430954,128,0.2952097877860069,128,-0.09505882859230042,128,0.9804185777902603,128,1.0,128,1.0,128,0.0,128,18.0,128,0.5324099659919739,128,-1.7155853509902954,128,-0.5111207664012909,128
noisy,117,27,6,0.4243682101368904,128,12.439584255218506,128,0.691088005900383,128,0.020914618857204914,128,0.9790853708982468,128,0.4697837084531784,128,0.20130757987499237,128,0.6259583681821823,128,18.0,128,1.0,128,0.0,128,6.0,128,0.8602187782526016,128,0.4757195934653282,128,0.03486700635403395,128
noisy,117,27,7,0.44734684377908707,128,12.375552415847778,128,0.6875306814908981,128,0.03787402529269457,128,0.9621259719133377,128,0.5018139556050301,128,0.1843481808900833,128,0.6554907262325287,128,18.0,128,1.0,128,0.0,128,6.0,128,0.8084637820720673,128,0.6522956341505051,128,0.0664976667612791,128
noisy,117,27,8,0.16469791531562805,128,4.719494700431824,128,0.2621941491961479,128,0.6297154128551483,128,0.3702845945954323,128,0.08690565638244152,128,-0.4074931964278221,128,0.7639194428920746,128,1.0,128,1.0,128,0.0,128,18.0,128,0.47767308354377747,128,-1.726815789937973,128,-0.7945579886436462,128
noisy,117,27,9,0.3032078891992569,128,5.966373443603516,128,0.3314651921391487,128,0.4454796686768532,128,0.5545203238725662,128,0.10147124156355858,128,-0.22325746715068817,128,0.7864536345005035,128,1.0,128,1.0,128,0.0,128,18.0,128,0.4822382926940918,128,-0.8641279339790344,128,-0.5794067084789276,128
noisy,117,27,10,0.26015379279851913,128,8.418318033218384,128,0.4676843360066414,128,0.16120970994234085,128,0.8387902826070786,128,0.19836924597620964,128,0.06101249158382416,128,0.7680010050535202,128,5.0,128,1.0,128,0.0,128,6.0,128,0.7758651226758957,128,-0.08038836345076561,128,-0.18594824522733688,128
noisy,117,27,11,0.26973823457956314,128,3.2500557899475098,128,0.18055865541100502,128,0.717036560177803,128,0.28296347707509995,128,0.016752461437135935,128,-0.49481430649757385,128,0.5509249716997147,128,1.0,128,1.0,128,0.0,128,18.0,128,0.5088049173355103,128,-1.4655278027057648,128,-0.7486638277769089,128
noisy,117,28,0,0.0425700880587101,128,1.060795545578003,128,0.05893308576196432,128,0.9982943683862686,128,0.0017056339129339904,128,0.0002637235556903761,128,-0.776072159409523,128,0.07012544386088848,128,1.0,128,1.0,128,0.0,128,6.0,128,0.4824523255228996,128,-1.5153384506702423,128,-0.7950934320688248,128
noisy,117,28,1,0.14716478809714317,128,1.9681997299194336,128,0.10934443026781082,128,0.9057741761207581,128,0.09422579035162926,128,0.023806228302419186,128,-0.6835519969463348,128,0.3280337229371071,128,1.0,128,1.0,128,0.0,128,10.5,128,0.38915711641311646,128,-1.5719688832759857,128,-0.6590108275413513,128
noisy,117,28,2,0.12015777640044689,128,4.959535121917725,128,0.27552973479032516,128,0.6282502114772797,128,0.37174978852272034,128,0.10443163104355335,128,-0.40602800250053406,128,0.8282544165849686,128,1.0,128,1.0,128,0.0,128,18.0,128,0.40573780983686447,128,-2.0366095304489136,128,-0.882474809885025,128
noisy,117,28,3,0.14136305078864098,128,6.692676544189453,128,0.37181536853313446,128,0.4375208467245102,128,0.5624791532754898,128,0.15813347324728966,128,-0.2152986377477646,128,0.9292675107717514,128,1.0,128,1.0,128,0.0,128,18.0,128,0.5189903527498245,128,-1.7570994794368744,128,-0.8476110845804214,128
noisy,117,28,4,0.12542615458369255,128,8.06400442123413,128,0.4480002447962761,128,0.326778881251812,128,0.6732211261987686,128,0.2357238195836544,128,-0.10455666482448578,128,0.9766712635755539,128,4.0,128,1.0,128,0.0,128,18.0,128,0.7130935341119766,128,-1.6144644618034363,128,-0.7464442253112793,128
noisy,117,28,5,0.2448008731007576,128,10.607480764389038,128,0.5893044918775558,128,0.17415502667427063,128,0.825845018029213,128,0.39126676321029663,128,0.04806722700595856,128,0.8614458739757538,128,18.0,128,1.0,128,0.0,128,6.0,128,0.8255364745855331,128,0.37565797567367554,128,0.09939936734735966,128
noisy,117,28,6,0.4412764087319374,128,12.129198789596558,128,0.6738443821668625,128,0.08828260377049446,128,0.911717414855957,128,0.47855789959430695,128,0.13393962383270264,128,0.7075234204530716,128,18.0,128,1.0,128,0.0,128,6.0,128,0.7703031301498413,128,0.1713348738849163,128,-0.03200825164094567,128
noisy,117,28,7,0.12181548215448856,128,8.914270639419556,128,0.4952372610569,128,0.32685860991477966,128,0.6731413751840591,128,0.3431546464562416,128,-0.10463641583919525,128,0.9816553443670273,128,1.0,128,1.0,128,0.0,128,18.0,128,0.7889731228351593,128,-1.7708061039447784,128,-0.26036278530955315,128
noisy,117,28,8,0.6461479216814041,128,16.491136074066162,128,0.9161742329597473,128,0.0,128,1.0,128,0.7802853882312775,128,0.2222222089767456,128,0.2890290692448616,128,18.0,128,1.0,128,0.0,128,6.0,128,0.8506339192390442,128,0.9518743604421616,128,0.468852236866951,128
noisy,117,28,9,0.21957407519221306,128,4.051464557647705,128,0.22508136555552483,128,0.69251549243927,128,0.3074845150113106,128,0.07014338206499815,128,-0.4702932760119438,128,0.7156888246536255,128,1.0,128,1.0,128,0.0,128,18.0,128,0.6374841034412384,128,-1.7308982610702515,128,-0.760887548327446,128
noisy,117,28,10,0.2649961821734905,128,12.051501512527466,128,0.6695278584957123,128,0.04541147220879793,128,0.9545885473489761,128,0.4055112898349762,128,0.17681075632572174,128,0.7000549286603928,128,18.0,128,1.0,128,0.0,128,6.0,128,0.9474384188652039,128,0.4493028298020363,128,0.17517788335680962,128
noisy,117,28,11,0.699181392788887,128,17.917291164398193,128,0.9954050630331039,128,0.0,128,1.0,128,0.989464208483696,128,0.2222222089767456,128,0.03377384878695011,128,18.0,128,1.0,128,0.0,128,6.0,128,0.8851101994514465,128,0.9904399514198303,128,0.41822975873947144,128
noisy,117,29,0,0.5530506670475006,128,11.635477781295776,128,0.6464154273271561,128,0.13305509090423584,128,0.8669448792934418,128,0.463890977203846,128,0.08916708827018738,128,0.7806467413902283,128,18.0,128,1.0,128,0.0,128,6.0,128,0.7317361384630203,128,0.023430662928149104,128,-0.01941582467406988,128
noisy,117,29,1,0.18634957075119019,128,8.330418825149536,128,0.4628010466694832,128,0.3637862503528595,128,0.6362137943506241,128,0.30284783989191055,128,-0.1415639966726303,128,0.967585563659668,128,1.0,128,1.0,128,0.0,128,18.0,128,0.660483330488205,128,-1.8158795535564423,128,-0.4623783007264137,128
noisy,117,29,2,0.6089212000370026,128,16.451435089111328,128,0.9139686226844788,128,0.005416641011834145,128,0.9945833683013916,128,0.8431966602802277,128,0.2168055772781372,128,0.401125505566597,128,18.0,128,1.0,128,0.0,128,6.0,128,0.6903894245624542,128,0.8536857068538666,128,0.23764657229185104,128
noisy,117,29,3,0.13446348905563354,128,3.8504814505577087,128,0.2139156349003315,128,0.7244277894496918,128,0.2755722180008888,128,0.052709617651999,128,-0.5022055804729462,128,0.7325392216444016,128,1.0,128,1.0,128,0.0,128,18.0,128,0.5648191124200821,128,-2.000018924474716,128,-0.9069919735193253,128
noisy,117,29,4,0.20207975804805756,128,6.953753113746643,128,0.3863196149468422,128,0.4869288429617882,128,0.5130711793899536,128,0.22116988524794579,128,-0.2647066116333008,128,0.8675252795219421,128,1.0,128,1.0,128,0.0,128,18.0,128,0.5617584139108658,128,-1.6187062561511993,128,-0.4525829404592514,128
noisy,117,29,5,0.22711047530174255,128,7.743812918663025,128,0.4302118271589279,128,0.47292277961969376,128,0.5270772278308868,128,0.30499038100242615,128,-0.25070056319236755,128,0.8841835409402847,128,1.0,128,1.0,128,0.0,128,18.0,128,0.7118005901575089,128,-1.5286601185798645,128,-0.312903456389904,128
noisy,117,29,6,0.11663425527513027,128,7.914588093757629,128,0.43969934433698654,128,0.3470810577273369,128,0.6529189497232437,128,0.2458878569304943,128,-0.12485884130001068,128,0.978702649474144,128,1.0,128,1.0,128,0.0,128,18.0,128,0.6672063916921616,128,-2.002113401889801,128,-0.8685400784015656,128
noisy,117,29,7,0.2000262252986431,128,10.679531574249268,128,0.593307301402092,128,0.16367126628756523,128,0.8363286852836609,128,0.41085997968912125,128,0.058550894260406494,128,0.8662959635257721,128,18.0,128,1.0,128,0.0,128,6.0,128,0.6717647165060043,128,0.07882444467395544,128,-0.009089146740734577,128
noisy,117,29,8,0.1103470753878355,128,4.636545538902283,128,0.25758586823940277,128,0.6567713767290115,128,0.34322863072156906,128,0.09832602180540562,128,-0.43454916030168533,128,0.7956482917070389,128,1.0,128,1.0,128,0.0,128,18.0,128,0.7132685035467148,128,-2.0470367670059204,128,-0.83455790579319,128
noisy,117,29,9,0.5288115441799164,128,6.134917974472046,128,0.3408287763595581,128,0.6978559345006943,128,0.30214405059814453,128,0.3019399046897888,128,-0.47563374042510986,128,0.1663556843996048,128,1.0,128,1.0,128,0.0,128,6.0,128,0.8119771778583527,128,0.46742259711027145,128,0.023050306364893913,128
noisy,117,29,10,0.13784337043762207,128,10.426126956939697,128,0.5792292803525925,128,0.20903075486421585,128,0.7909692823886871,128,0.41125862300395966,128,0.01319149136543274,128,0.9396774917840958,128,18.0,128,1.0,128,0.0,128,6.0,128,0.5795096158981323,128,-0.051586544839665294,128,0.10724490880966187,128
noisy,117,29,11,0.3946056067943573,128,10.041659593582153,128,0.5578699707984924,128,0.3384876921772957,128,0.6615123152732849,128,0.43214111775159836,128,-0.11626547574996948,128,0.8064095973968506,128,17.0,128,1.0,128,0.0,128,18.0,128,0.5368256866931915,128,-1.033532828092575,128,-0.12224281392991543,128
