layer,head,cphi_score_category_count,cphi_score_dominant_category,cphi_score_dominant_value,cphi_score_range,cphi_score_std,cphi_score_positive_fraction,cphi_score_absolute_entropy,age_js_score_category_count,age_js_score_dominant_category,age_js_score_dominant_value,age_js_score_range,age_js_score_std,age_js_score_positive_fraction,age_js_score_absolute_entropy,age_w1_score_category_count,age_w1_score_dominant_category,age_w1_score_dominant_value,age_w1_score_range,age_w1_score_std,age_w1_score_positive_fraction,age_w1_score_absolute_entropy
0,0,8,clean:21,0.0,0.0,0.0,0.0,0.0,8,clean:21,0.0,0.0,0.0,0.0,0.0,8,clean:21,0.0,0.0,0.0,0.0,0.0
0,1,8,clean:21,0.0,0.0,0.0,0.0,0.0,8,clean:21,0.0,0.0,0.0,0.0,0.0,8,clean:21,0.0,0.0,0.0,0.0,0.0
0,2,8,clean:21,0.0,0.0,0.0,0.0,0.0,8,clean:21,0.0,0.0,0.0,0.0,0.0,8,clean:21,0.0,0.0,0.0,0.0,0.0
0,3,8,clean:21,0.0,0.0,0.0,0.0,0.0,8,clean:21,0.0,0.0,0.0,0.0,0.0,8,clean:21,0.0,0.0,0.0,0.0,0.0
0,4,8,clean:21,0.0,0.0,0.0,0.0,0.0,8,clean:21,0.0,0.0,0.0,0.0,0.0,8,clean:21,0.0,0.0,0.0,0.0,0.0
0,5,8,clean:21,0.0,0.0,0.0,0.0,0.0,8,clean:21,0.0,0.0,0.0,0.0,0.0,8,clean:21,0.0,0.0,0.0,0.0,0.0
0,6,8,clean:21,0.0,0.0,0.0,0.0,0.0,8,clean:21,0.0,0.0,0.0,0.0,0.0,8,clean:21,0.0,0.0,0.0,0.0,0.0
0,7,8,clean:21,0.0,0.0,0.0,0.0,0.0,8,clean:21,0.0,0.0,0.0,0.0,0.0,8,clean:21,0.0,0.0,0.0,0.0,0.0
0,8,8,clean:21,0.0,0.0,0.0,0.0,0.0,8,clean:21,0.0,0.0,0.0,0.0,0.0,8,clean:21,0.0,0.0,0.0,0.0,0.0
0,9,8,clean:21,0.0,0.0,0.0,0.0,0.0,8,clean:21,0.0,0.0,0.0,0.0,0.0,8,clean:21,0.0,0.0,0.0,0.0,0.0
0,10,8,clean:21,0.0,0.0,0.0,0.0,0.0,8,clean:21,0.0,0.0,0.0,0.0,0.0,8,clean:21,0.0,0.0,0.0,0.0,0.0
0,11,8,clean:21,0.0,0.0,0.0,0.0,0.0,8,clean:21,0.0,0.0,0.0,0.0,0.0,8,clean:21,0.0,0.0,0.0,0.0,0.0
1,0,8,clean:21,-0.7569396843826266,0.47434935398895695,0.15222564223786508,0.0,0.97769187938983,8,clean:21,-0.1592115121691452,0.08950139634621432,0.028647068892761692,0.0,0.984789437166014,8,clean:21,-0.7015651398854793,0.34922081291938206,0.1230018262587317,0.0,0.9855834044446655
1,1,8,clean:21,-0.7223778801604288,0.4604570591001714,0.15933861176639819,0.0,0.9683463601227137,8,clean:21,-0.08672633509370234,0.049919285549699814,0.016392431173386113,0.0,0.9821572261836078,8,clean:21,-1.0180848700429055,0.8834692377716873,0.2692075917508932,0.0,0.9332911709277699
1,2,8,clean:21,-1.5004359579783146,0.4534420488049109,0.13294578328759643,0.0,0.9970993067166355,8,noisy:117,-0.3085700200921673,0.24357676260741687,0.08876170408099238,0.0,0.9500738749398826,8,clean:21,-1.4232927032663478,0.5675095740544414,0.1906117907107611,0.0,0.992719564689333
1,3,8,clean:21,-0.7661633004093218,0.8531320108204576,0.2919618019728489,0.25,0.7835066542785735,8,noisy:42,-0.17674234034872865,0.10013074674509047,0.0367478887859141,0.0,0.9826839471790285,8,clean:21,-0.7345333730907062,0.5311449874135299,0.1523299550363863,0.0,0.9690201574342796
1,4,8,clean:21,-1.146555170311363,0.6692156463662695,0.2105374509711221,0.0,0.98361957673646,8,noisy:84,-0.08444019818974,0.07766090812261146,0.027587049809999195,0.0,0.9015878335122641,8,noisy:117,-0.8714203022825223,0.637735640212711,0.1895872334183993,0.0,0.9719185020224845
1,5,8,clean:21,-0.6498612972383108,0.6268069621293052,0.2124651929153481,0.0,0.8992011753382575,8,clean:21,-0.020161462874171438,0.018132835984934582,0.006119298635458854,0.0,0.8246617294304314,8,clean:21,-0.6743907101466426,0.4828643899911855,0.15699480710384608,0.0,0.9653444144894773
1,6,8,noisy:21,-1.1292646835535862,0.4238953946444317,0.13194851915331365,0.0,0.9944799308833266,8,noisy:21,-0.10305576984202432,0.0739450146521366,0.021129104896902146,0.0,0.964735943714703,8,noisy:21,-1.1993351065166846,0.5017978764980483,0.14273129536547038,0.0,0.9948847321861395
1,7,8,noisy:84,-1.027483053370572,1.0516144845002258,0.3130617614486397,0.125,0.9386517031807944,8,noisy:63,-0.1610581683450634,0.14243559520206578,0.05436415678408724,0.0,0.9055776816812702,8,noisy:84,-0.7883267017113944,0.41511548941790927,0.15413146948792533,0.0,0.9824931171010205
1,8,8,clean:21,-1.2983758383305222,0.6123073702053203,0.24277624080405272,0.0,0.9847534844504255,8,noisy:21,-0.5324167315856203,0.2142707244440435,0.06494597871996029,0.0,0.9942351398786786,8,clean:63,-1.4664811627850782,0.6640001753498482,0.24392256359733983,0.0,0.9884120515837287
1,9,8,noisy:21,-0.5353813078413969,0.4999256276646514,0.17315872285728723,0.0,0.8912300095832716,8,noisy:21,-0.41145723844559823,0.2794974271149746,0.10262302381265362,0.0,0.967317624560742,8,noisy:42,-0.9763018905266232,0.5475438377934633,0.18637806060969186,0.0,0.9850772486035706
1,10,8,noisy:84,-0.8884136977087936,0.6711296281510419,0.22318730537043516,0.0,0.9540955545322312,8,noisy:117,-0.09249799162169114,0.08245430062591469,0.031132715335109903,0.0,0.8846342104249536,8,noisy:84,-0.8230264522843208,0.5761099169916041,0.20910949527202397,0.0,0.9636014854935311
1,11,8,clean:21,-1.2500309076081022,0.4897556567331375,0.1751253584234121,0.0,0.9922365057834487,8,noisy:21,-0.8404467123745352,0.518037488242481,0.16482127557069712,0.0,0.9792652066880033,8,clean:21,-1.3452594713535457,0.3225234051441144,0.11311641325895133,0.0,0.997683465485769
2,0,8,clean:21,-0.8504998870548007,0.7653203761792609,0.23791501912153382,0.0,0.9280011175018983,8,noisy:84,-0.16482126640568226,0.13043515921572868,0.05409813014319247,0.0,0.9277075002432942,8,noisy:84,-1.0550733347933212,0.3228965242545807,0.11127234378339726,0.0,0.9963942792926962
2,1,8,clean:21,-0.7058536138235922,0.6244329629624586,0.18737638509666082,0.0,0.8996946637518449,8,noisy:21,-0.0811755360268199,0.06489745854329668,0.019522159844908484,0.0,0.9459719631452114,8,clean:63,-0.9846911783824717,0.7554383654121655,0.24419938880165734,0.0,0.9495066306792553
2,2,8,clean:63,-1.5107449538152389,0.36829108023945434,0.10700568571623773,0.0,0.9983799156044256,8,noisy:21,-0.141581820710518,0.11471824053564512,0.040531698500857305,0.0,0.9431318033443599,8,clean:63,-0.9748332438854662,0.40136460127325035,0.1286180657246682,0.0,0.9924203258959423
2,3,8,noisy:21,-0.3542131651799781,0.21306222605042796,0.08040088517877692,0.0,0.9768428180834714,8,noisy:42,-0.12295300826907668,0.09656137534746195,0.033223056645338304,0.0,0.9536812601658979,8,clean:21,-0.6124698925802365,0.5117112785031752,0.15309689313452865,0.0,0.9347543996922919
2,4,8,noisy:117,0.33868747044250425,0.6382854937758355,0.2072513350543314,0.5,0.8971573236758625,8,noisy:21,-0.1948700219727111,0.17515732947235332,0.0521985152477978,0.0,0.8808696709080462,8,clean:21,-0.6547527834184241,0.40618070593092326,0.13764072809235597,0.0,0.9748766292493735
2,5,8,clean:21,-0.6748208382125348,0.3291478181204302,0.11713446212603648,0.0,0.9876754856021952,8,noisy:84,-0.07016756799104623,0.0631284193800043,0.02155120870334683,0.0,0.9058262186121507,8,noisy:21,-0.6902178229046193,0.4708643274206966,0.17518831145038294,0.0,0.9577789286537206
2,6,8,clean:117,-0.7264897250643363,0.40366913871126925,0.1428128903233689,0.0,0.9781668410953152,8,noisy:21,-0.04126635445565554,0.03455194364855568,0.010079805001171234,0.0,0.9409676407654456,8,clean:117,-0.8930329586745774,0.7342876254340254,0.22934769185632597,0.0,0.9405662754640383
2,7,8,clean:63,-0.6376313439668838,0.42782907630340444,0.1593050375904176,0.0,0.9563115232245503,8,noisy:63,-0.4307377330218811,0.4074758297132347,0.17776105450178756,0.0,0.8389580668176503,8,clean:117,-0.6231366782434058,0.346610941476311,0.09601180008365306,0.0,0.9885201657274294
2,8,8,noisy:42,-0.7913375926333746,0.6689549679690885,0.22992017993651023,0.0,0.9467465390038218,8,noisy:63,-0.7964661406181673,0.7526265402114298,0.31667340422639434,0.0,0.8565712720167658,8,noisy:21,-1.1247151128318738,0.3438288409340844,0.10480404323154953,0.0,0.997148659904403
2,9,8,clean:21,-0.754373891295472,0.4353851678889763,0.16677448219961669,0.0,0.9766183290283684,8,noisy:84,-0.045501449929176256,0.03877813911033701,0.014848355000284991,0.0,0.9196183454419532,8,noisy:21,-0.7023358758282583,0.5136876240075132,0.1574985998106659,0.0,0.9565739953721503
2,10,8,clean:21,-0.6100959446636645,0.38699342138022214,0.1168059796746076,0.0,0.978990851351969,8,noisy:21,-0.1514277765782077,0.13199810695681352,0.04190794376011286,0.0,0.9115785920953433,8,noisy:84,-0.5996501497879616,0.48947706190508267,0.17319349943874585,0.0,0.9416123984459885
2,11,8,clean:21,-1.0100974313140716,0.8135987127787266,0.27693295985224126,0.0,0.9352282368701382,8,noisy:63,-0.5247871351011877,0.46222979898137884,0.1910540684221775,0.0,0.8978047666950845,8,noisy:42,-0.9251418092749395,0.5646843937826737,0.17732236602680254,0.0,0.9838626771997362
3,0,8,noisy:117,-0.565489214259173,0.5515076305547539,0.2195195279474583,0.0,0.8523381898435364,8,noisy:42,-0.2968005633021853,0.21653097173004068,0.06929551828504758,0.0,0.9567201418022734,8,clean:117,-0.9256621551305266,0.9546522125029123,0.31729327784836503,0.125,0.833852388725987
3,1,8,clean:117,-0.3035956330871382,0.33976907341964224,0.10929729990874416,0.125,0.9391544433003621,8,noisy:117,-0.09822964711582319,0.09555279536680786,0.03725409525650598,0.0,0.8281269820925388,8,noisy:84,-0.6314069602754298,0.6096640419384349,0.19400348718551,0.0,0.9299051618404668
3,2,8,clean:63,-0.489536741480549,0.34842241360411663,0.1129564733092473,0.0,0.957702316021133,8,noisy:21,-0.16392714287883856,0.1595574478800205,0.048941404714773054,0.0,0.8440795560754533,8,clean:21,-0.4414182487691356,0.2945665770848528,0.09994220202658427,0.0,0.9782389846823817
3,3,8,clean:63,-0.573837037754267,0.3376477813966326,0.11209458324448539,0.0,0.9788191936771521,8,noisy:42,-0.04998843658345675,0.04071340551534319,0.013262564969546085,0.0,0.9468626347379483,8,clean:63,-0.4540965706132363,0.25030102753434325,0.08572254873088678,0.0,0.9840721433237708
3,4,8,clean:117,-0.3484317805814816,0.39029632392926594,0.1398857063582927,0.125,0.8686230949381882,8,noisy:21,-0.11855738730014148,0.10897485765571825,0.03382773710555804,0.0,0.8920650526569593,8,noisy:117,-0.35786015927246667,0.47020399141966823,0.14091431789295866,0.125,0.9140469951848508
3,5,8,clean:117,-1.0043951065452248,0.7827075136826434,0.2515546176446998,0.0,0.9445474284539545,8,noisy:63,-0.18334916031431353,0.16724449324435925,0.0607485978698924,0.0,0.8782018641480106,8,noisy:63,-0.803594840317419,0.796667278000437,0.22497376028592142,0.0,0.9300354815352421
3,6,8,clean:63,-0.5260155669675599,0.32097209739281823,0.09952620512456453,0.0,0.9791771175345565,8,noisy:63,-0.0885526386801557,0.08240286860446105,0.03259421640517913,0.0,0.847428389975677,8,noisy:117,-0.735069233557752,0.7069449492976014,0.2186974845783347,0.0,0.8996369320326859
3,7,8,noisy:21,-0.394267210772712,0.3939822446223305,0.14043530663275847,0.0,0.8218309365738659,8,noisy:84,-0.06381495570994124,0.04926614062898696,0.01693748093817113,0.0,0.9462129870196875,8,clean:63,-0.6271776855525353,0.6498681902772888,0.19212622642741567,0.125,0.9058508585184979
3,8,8,noisy:42,0.18304244220982877,0.3301690277561755,0.10404118403827343,0.375,0.8916388487203507,8,noisy:63,-0.043214961765071856,0.030163987299497652,0.010646496543690195,0.0,0.9666154713933587,8,clean:21,-0.42980144402626863,0.3857539086930672,0.11573635837475264,0.0,0.9310250304586307
3,9,8,clean:21,-0.8323736829763733,0.6602929238142454,0.19467352440596175,0.0,0.9366295443897408,8,noisy:42,-0.10257275691682524,0.09023015051679403,0.03515285065239063,0.0,0.9095403732680263,8,clean:63,-0.6266636541193709,0.4575972551184906,0.14601254726311166,0.0,0.9592643425036703
3,10,8,clean:21,-0.6142219752777562,0.5627875158822477,0.1898988602017084,0.0,0.9004434915689302,8,noisy:42,-0.04988626191615906,0.046663755089590475,0.01622859279184282,0.0,0.8775251475143219,8,noisy:21,-0.6606276044700004,0.35211927130700194,0.10332205368061247,0.0,0.9867896346072687
3,11,8,noisy:63,-0.43599706986123116,0.3507231929440709,0.09988133108248565,0.0,0.9715380633116276,8,noisy:84,-0.057988487590751946,0.051149306869339266,0.017928905707894682,0.0,0.8852022701241921,8,noisy:84,-0.6188639873135916,0.6635677797898594,0.18953174662179229,0.125,0.8896090730106243
4,0,8,noisy:21,-0.9662242642833555,0.5119254353238782,0.1547149491723119,0.0,0.9872111482589515,8,noisy:21,-0.3994196839252675,0.3633855631041358,0.11570687593044672,0.0,0.8739358283251389,8,noisy:21,-1.1065702687445012,0.6861576242928151,0.2196580736051959,0.0,0.9771934896943321
4,1,8,clean:117,-0.4712356185933012,0.4812894264696407,0.15575901005381373,0.125,0.8875446905093273,8,noisy:21,-0.0959582966639155,0.07730333409774551,0.022082965959339975,0.0,0.9482057122620842,8,clean:21,-0.5304404230177985,0.4137617898269275,0.14501784782454286,0.0,0.9561188069625349
4,2,8,clean:21,-0.2965258908368984,0.3048087929542352,0.08987964271717824,0.125,0.911900065983421,8,noisy:117,-0.1402350881359264,0.12820378206285277,0.03851764742146829,0.0,0.905647080684073,8,clean:63,-0.43002362623298185,0.4390691437102814,0.15663661351128316,0.125,0.7889162758041804
4,3,8,clean:21,-0.7126244424412371,0.396423761388461,0.12094162299095128,0.0,0.9824270314345416,8,noisy:42,-0.13741084320655422,0.10972890195554368,0.03515263933376386,0.0,0.9600180057871135,8,clean:117,-0.7895852359044131,0.9419241083954825,0.3013260672009365,0.25,0.8347196809003299
4,4,8,clean:63,-1.0667541115210222,0.7552659249165428,0.258272144370601,0.0,0.964998831179906,8,noisy:84,-0.2915625700384145,0.2318185385272927,0.07669652152563199,0.0,0.9557844701788554,8,clean:117,-1.4107837322206371,1.032300739098663,0.30835821222531345,0.0,0.9660523285295598
4,5,8,clean:63,-0.761821333716658,0.7198641506563691,0.22836556947179854,0.0,0.8753249706482162,8,noisy:21,-0.13161196366697497,0.10969505092412335,0.04209353833911488,0.0,0.9230551745203168,8,noisy:21,-0.7384578789789312,0.4833914739959098,0.14404956512183462,0.0,0.9777853020834999
4,6,8,clean:63,-0.818005394409155,0.4839871423346052,0.13834417334229074,0.0,0.9868350555668532,8,noisy:21,-0.05175718742318898,0.04616743821100832,0.01547287640725339,0.0,0.9094096639862986,8,noisy:117,-0.8625566205922726,0.8463287764453576,0.23418546333073567,0.0,0.9350848467690334
4,7,8,clean:21,-0.9029504502940804,0.6944381813713707,0.23447443140410132,0.0,0.929808158888606,8,noisy:21,-0.0724900519569029,0.06625619098288915,0.019918368156747208,0.0,0.9030257540950741,8,noisy:63,-0.7828324234458897,0.4384298609637616,0.15141819767151785,0.0,0.9836604861054922
4,8,8,clean:21,-0.5118759128881525,0.3855537181655966,0.11258538788535324,0.0,0.9662593396205889,8,noisy:21,-0.044029602137655055,0.03752474727496335,0.013799723165660874,0.0,0.8969110885638065,8,clean:63,-0.6222120498870161,0.5276383462132728,0.16131283814742617,0.0,0.921032665418176
4,9,8,clean:117,-0.8852804750304529,0.7196827925985386,0.2445603364381103,0.0,0.9255455957074882,8,noisy:21,-0.13387814331214867,0.11604890156986611,0.03560466872055092,0.0,0.8709092984962645,8,clean:21,-1.043874566283253,0.9025246141216823,0.31180922746690704,0.0,0.9121766055237897
4,10,8,clean:117,-1.1201740537634337,0.9237128759714108,0.31282822629632906,0.0,0.9124784508089681,8,noisy:21,-0.06665784663795947,0.03957981009388147,0.012635165789631798,0.0,0.9817098880241166,8,clean:63,-1.0008463370994258,0.9192981347617857,0.32105383977807855,0.0,0.8791028905333852
4,11,8,clean:21,-0.7281317955356034,0.41381516674021834,0.1382350968400784,0.0,0.9798475876804181,8,noisy:21,-0.15036761944866645,0.1335627394065205,0.045708842208401095,0.0,0.8909978124265461,8,noisy:84,-0.5987973547013881,0.4727877681996096,0.13437159421873698,0.0,0.9654447018663853
5,0,8,noisy:117,-0.48210987554102375,0.32126521900280197,0.12949863816633134,0.0,0.9621413724502179,8,noisy:117,-0.056480166641813934,0.04090601349278292,0.015326523957749352,0.0,0.9489882295425063,8,clean:63,-0.4286891898471255,0.3776668576842412,0.1374941895972694,0.0,0.9230626096153308
5,1,8,clean:63,-0.6318771848879656,0.6784203937424005,0.2455073966034309,0.125,0.862206055258376,8,noisy:117,-0.074902928711165,0.06734541316954953,0.020979342072556136,0.0,0.9358466608331314,8,clean:117,-1.0255319774266414,1.0399539198235506,0.28667563321268896,0.125,0.8701065211653197
5,2,8,clean:63,-0.5433528756012651,0.4572467777763134,0.14611615162841193,0.0,0.9028217302735123,8,noisy:21,-0.10190197154831812,0.09177630477054119,0.028029507891083338,0.0,0.8431920772396053,8,clean:63,-0.6190812766614355,0.684741931352132,0.200379414454159,0.25,0.8260496452898076
5,3,8,clean:117,-0.604604081950959,0.36930795985133136,0.10757613470396518,0.0,0.9827464748737806,8,noisy:84,-0.012970623699730524,0.010450782926715165,0.004035190727179451,0.0,0.8988191763977248,8,noisy:42,-0.3736607014630492,0.48130519430544483,0.1380802464963989,0.125,0.9548980551000681
5,4,8,clean:63,-0.651232120329506,0.405150949437286,0.1114337660452873,0.0,0.983477036924257,8,noisy:42,-0.3357027192718861,0.31247392694214937,0.1006730667422559,0.0,0.8682339415720068,8,noisy:42,-1.0059281750753577,0.6808122988563895,0.19371694898419647,0.0,0.9795620295444762
5,5,8,clean:117,-0.5277286801388508,0.3309423130628123,0.09506178247644863,0.0,0.981440673184242,8,noisy:21,-0.05557915813127501,0.04324743680728162,0.01450820399532681,0.0,0.9246813787116164,8,clean:63,-0.5029802042101779,0.6701831211422821,0.2053798142686902,0.125,0.954079798141194
5,6,8,clean:117,-0.6941020941313446,0.6035361492935711,0.20361760006709737,0.0,0.9256383323565907,8,noisy:21,-0.06837458285278003,0.055119267640976195,0.016284866571916298,0.0,0.9514828535774073,8,clean:63,-0.5696990250563789,0.4622022938863861,0.16472265633895158,0.0,0.9450221010958583
5,7,8,clean:117,-0.4180356052629732,0.4020054856014787,0.13894068926927863,0.0,0.8369505055764335,8,noisy:117,-0.0559701621914489,0.051458025023258,0.0166578498336604,0.0,0.8948933928139181,8,clean:21,-0.7449858296540764,0.592207740968962,0.19172996963393799,0.0,0.9431447549035968
5,8,8,noisy:42,-0.3812821187212748,0.2462476926935602,0.09465549344216984,0.0,0.9637688296949138,8,noisy:42,-0.04734080671734822,0.03925718787765592,0.01269804372000134,0.0,0.9373609762033022,8,clean:117,-0.6564770825996634,0.583375698588668,0.17522885244064657,0.0,0.941003076542393
5,9,8,noisy:117,-0.7157171995536697,0.574557071637398,0.1909154342491591,0.0,0.9502131274117027,8,noisy:117,-0.05917692468145656,0.04786854037329743,0.0159790548450625,0.0,0.9376920892552301,8,clean:63,-0.4160955328687118,0.22560787396189025,0.06706633867727935,0.0,0.9883420123120551
5,10,8,clean:21,-0.4863027079866554,0.6585684384099308,0.21060887684867938,0.25,0.8817278486991149,8,noisy:21,-0.03521626922889861,0.03554804898341856,0.010776960814779822,0.125,0.7094786014882809,8,noisy:84,-0.32150711429826184,0.4077120955553375,0.1263009960255307,0.125,0.94125790492689
5,11,8,clean:117,-0.3682550055436478,0.3464050806732593,0.12591445355810943,0.0,0.8828676431648864,8,noisy:42,-0.09973153772352178,0.07224791789021476,0.02752511969754328,0.0,0.957174231850262,8,noisy:117,-0.5158318320883815,0.47925649738078197,0.13163790768282832,0.0,0.9456246243459043
6,0,8,noisy:117,-0.5746203208373981,0.46196283026194473,0.1495012828892094,0.0,0.9481366223194768,8,noisy:63,-0.13218724702164142,0.12353549548812812,0.03982598394545408,0.0,0.851799904298078,8,noisy:117,-0.5604781821777782,0.48837184975362535,0.15160372291622187,0.0,0.9454846549250207
6,1,8,noisy:21,-0.31849565835728166,0.225890011997085,0.06719056175480217,0.0,0.9734302175335838,8,noisy:21,-0.02288052852429218,0.018148868539721325,0.005468903183260215,0.0,0.9418951342684453,8,clean:63,-0.3323797680150674,0.3063490593913141,0.09704928536843924,0.0,0.9298040358995444
6,2,8,clean:117,-0.596663336352262,0.3953228013779665,0.12640147583379438,0.0,0.979798822458591,8,noisy:42,-0.057593837214684244,0.039109887565762634,0.013348627752373773,0.0,0.9657417899129511,8,clean:117,-0.5465081134196831,0.41243241998724794,0.13674554970420164,0.0,0.941605988269462
6,3,8,noisy:117,-0.2945798802285856,0.18446352314312037,0.06254214005790988,0.0,0.9796216224383172,8,noisy:21,-0.046315054727507535,0.04182046203495861,0.011652171558850595,0.0,0.9304939707866406,8,noisy:21,-0.2585903446373722,0.16994807787261584,0.04802120073569005,0.0,0.9795007178284394
6,4,8,clean:117,-0.47893972949082375,0.45064073544526756,0.14424651020312002,0.0,0.9097023810265392,8,noisy:84,-0.03193268475592757,0.019641013846389666,0.0069215512621441,0.0,0.9736354341154816,8,clean:63,-0.45605369604578205,0.4739200296785463,0.15514867014511835,0.125,0.8310231584860704
6,5,8,noisy:117,-0.45825656899537576,0.33215986671771836,0.09248694355185973,0.0,0.9744636464712866,8,noisy:21,-0.01702036352570985,0.015767488183064886,0.0049935366698242185,0.0,0.9005490444471952,8,clean:21,-0.3697165894217444,0.351372904301419,0.10330056948611613,0.0,0.8750950250596439
6,6,8,clean:117,-0.5872251523103131,0.33584615692441944,0.10037861818564411,0.0,0.9820419880723404,8,noisy:21,-0.03116588831952282,0.022507136384463923,0.006988319964979171,0.0,0.9631453472218086,8,noisy:117,-0.3564087940053796,0.21024884354211104,0.07399822606914562,0.0,0.9797031724659523
6,7,8,clean:63,-0.5941605585335936,0.4553677680848169,0.1393979766147232,0.0,0.9384291345894846,8,noisy:117,-0.043396081420584987,0.034913787692254936,0.01303564436170762,0.0,0.9278935989651113,8,clean:63,-0.5649863835820521,0.5869072314319942,0.1811497244699508,0.125,0.8957216385835511
6,8,8,clean:117,-0.43969111942868766,0.4189275711284112,0.12712417189012212,0.0,0.8549579318129166,8,noisy:84,-0.04531281716053351,0.03818101910161168,0.014244292601766337,0.0,0.9267849784111104,8,clean:117,-0.5463454432491874,0.6676263382024187,0.21222387533644868,0.25,0.8874757948600862
6,9,8,clean:63,-0.38101909221264396,0.3162820273707136,0.0952675798079342,0.0,0.9618111243363195,8,noisy:63,-0.1296323649873968,0.11358038085068742,0.04024229610563083,0.0,0.9097182700325018,8,clean:63,-0.7302848211495858,0.6553378987272909,0.19035400681217685,0.0,0.9503134534490114
6,10,8,noisy:84,-0.5622645898049918,0.3050755471280009,0.11812035962430237,0.0,0.9774801040874386,8,noisy:21,-0.06107001984386978,0.05777875261237308,0.01626274310252345,0.0,0.9175466870954626,8,noisy:84,-0.5317477770047445,0.35332763538900935,0.10668341886669414,0.0,0.9791744817454412
6,11,8,clean:63,-0.40139519747459296,0.5200908926652623,0.14781035505909476,0.125,0.8687406756186349,8,noisy:21,-0.051479068327262976,0.04791808227341186,0.01737876257839088,0.0,0.8699562795651357,8,noisy:21,-0.4829074352963333,0.6930424997967702,0.23736470350679564,0.25,0.8960380634475285
7,0,8,clean:63,-0.5422594607989881,0.31819609329089527,0.08757605831218106,0.0,0.9856067707421732,8,noisy:117,-0.28890455880844357,0.24576599627339224,0.07389303471849885,0.0,0.935125142818647,8,noisy:117,-0.6308761084120926,0.38151844289856474,0.13979529625212564,0.0,0.9736738327698634
7,1,8,noisy:117,-0.6025226808465034,0.5231545075713664,0.16325734414746387,0.0,0.9152762955521162,8,noisy:42,-0.06428451872880997,0.061509036684519874,0.020360255650019567,0.0,0.8278470778883756,8,noisy:42,-0.2972936033608604,0.2248130686330263,0.07313956166671282,0.0,0.9624951399906412
7,2,8,noisy:21,-0.47861925768062363,0.3927884838042302,0.12001146240450022,0.0,0.9444507224609034,8,noisy:21,-0.07715871935756596,0.07430703037328683,0.024541104388031868,0.0,0.8605386272529731,8,noisy:21,-0.7762705611838483,0.6981858947831351,0.19756430826493795,0.0,0.9094382940630313
7,3,8,clean:63,-0.5495654119078341,0.5060564493525955,0.1511284662644744,0.0,0.9338378724884737,8,noisy:63,-0.12051355657978374,0.10875629939739449,0.04059564712918556,0.0,0.9032482211944206,8,clean:63,-0.6613347147027142,0.6307742255952038,0.18711732599887906,0.0,0.9258529176308311
7,4,8,noisy:21,-0.5875354642381703,0.4096550524147623,0.13407745948549948,0.0,0.9755503485350089,8,noisy:63,-0.14900266413982866,0.1223736260523138,0.04428920164387027,0.0,0.9223065350836388,8,noisy:63,-0.5749919684904737,0.25520443000795634,0.08928390774804677,0.0,0.9904742262088541
7,5,8,noisy:117,-0.42162177551772784,0.2685782001938052,0.08576287437452337,0.0,0.9809811897566857,8,noisy:21,-0.06468262772224546,0.05011102145278186,0.016574902838185912,0.0,0.9553985070453622,8,noisy:84,-0.3647581188385804,0.1863952576507409,0.06021348369341917,0.0,0.9885845353932036
7,6,8,noisy:42,-0.3757608623898555,0.2553045891368455,0.08818660241647738,0.0,0.9709698105627741,8,noisy:63,-0.09277839255317626,0.09020483156568068,0.03271248242277403,0.0,0.8865701190705019,8,noisy:63,-0.3797199318915692,0.5041175716339173,0.14976818294059768,0.125,0.9263666987817736
7,7,8,noisy:63,-0.3458397278616182,0.3443413550604461,0.1049987559114092,0.0,0.9324494587566253,8,noisy:117,-0.055539297713773944,0.05900700087594447,0.020789825592997073,0.125,0.8607577686529844,8,noisy:117,-0.6088269981908173,0.9004612310886391,0.2936355539720342,0.25,0.9382787349190447
7,8,8,noisy:117,-0.4305589919145894,0.47160193931579797,0.13889353384961836,0.125,0.9214541579190183,8,noisy:21,-0.0792318916472532,0.07661642932698365,0.023072399809550517,0.0,0.9121616337989208,8,noisy:42,-0.3078944126084474,0.3966678645861763,0.11458360675810544,0.125,0.967069977173424
7,9,8,clean:21,-0.25828326940918067,0.2659092130542294,0.09785751304558715,0.125,0.8496184145658026,8,noisy:63,-0.05012643941521101,0.05031899065518124,0.01638446897323684,0.125,0.9102034184854187,8,noisy:117,-0.4096292024551422,0.3331125561371495,0.10289000397632801,0.0,0.9483006268397565
7,10,8,noisy:84,-0.4056819829500401,0.387631898372788,0.11435175143909534,0.0,0.9160941297981747,8,noisy:21,-0.03680073841457217,0.03614484907155291,0.010509661294344356,0.0,0.8522082902918628,8,noisy:21,-0.3915408173279846,0.33508727091212237,0.09798356880885,0.0,0.9395312403642524
7,11,8,noisy:84,-0.4943552854872425,0.390823536434152,0.11420807061340107,0.0,0.9635309056919747,8,noisy:42,-0.041186260013263046,0.03980129050183609,0.01258919900440072,0.0,0.8696563647099744,8,noisy:42,-0.37910815134284925,0.4151690891251139,0.15437244714563986,0.25,0.8533865934124745
8,0,8,clean:63,-0.5211992692710933,0.3873565807192694,0.13888654033111303,0.0,0.9571845186131691,8,noisy:117,-0.15183824947947186,0.1311949449400444,0.0391862575446868,0.0,0.9288469913637889,8,clean:63,-0.7280771264785632,0.5308281523472391,0.16221418646203184,0.0,0.9617697707128882
8,1,8,noisy:42,-0.5068398885830353,0.6852781261902187,0.21007881767345965,0.125,0.9713223908832581,8,noisy:117,-0.09758646165359489,0.09412658229091501,0.030937813561221994,0.0,0.8899303006487992,8,noisy:84,-0.580108816538911,0.5808554471623816,0.19027452823389807,0.125,0.9010587970594944
8,2,8,noisy:84,-0.4451705709350486,0.3591757779550682,0.12126494631381844,0.0,0.9626561743080515,8,noisy:21,-0.11969675005772798,0.11758894943056858,0.037746967085376025,0.0,0.8563410261775884,8,noisy:21,-0.5825364812745378,0.5337364339045952,0.1594392993916873,0.0,0.9334062915937419
8,3,8,noisy:117,-0.5634343778214692,0.6073370065163662,0.16777851706719382,0.125,0.9459374982564565,8,noisy:84,-0.08081206873473729,0.07875350898753715,0.02936919602324484,0.0,0.8581848596465971,8,noisy:84,-0.37281533998163663,0.25485284048145085,0.07672729812232033,0.0,0.9752421441795116
8,4,8,noisy:42,-0.6569298118763187,0.906881027250133,0.2770414347833479,0.125,0.9779163792331846,8,noisy:84,-0.19121685269178415,0.1742743921043681,0.06384675173939593,0.0,0.8834694997113282,8,noisy:84,-0.7758846041783534,0.772264383786554,0.2701563717995519,0.0,0.8500671382027605
8,5,8,noisy:63,-0.2649539868152614,0.2444013963680035,0.08795347266821305,0.0,0.9197559233347897,8,noisy:21,-0.22777845276689984,0.22825337060789053,0.07993991917297623,0.125,0.8342460849240567,8,noisy:21,-0.3411262153843067,0.5629369131930572,0.16184159458689895,0.25,0.9018362837252877
8,6,8,noisy:21,-0.45258677390642044,0.2927400505477442,0.09086228162523081,0.0,0.9762976443595175,8,noisy:21,-0.06180438713818797,0.05797665079201095,0.016977927686959885,0.0,0.8927066123104941,8,noisy:42,-0.3945069350275534,0.19507765667828986,0.07392420410543274,0.0,0.9837949853974295
8,7,8,noisy:42,-0.4440340988887871,0.24843376356418906,0.09628733301528294,0.0,0.978240151059833,8,noisy:84,-0.05725512366232874,0.05487088643547484,0.018640002942424117,0.0,0.8821142508632069,8,noisy:42,-0.5016774741162485,0.45116630464502466,0.1519563880422858,0.0,0.9206995327641343
8,8,8,noisy:84,-0.3671227316687455,0.3526977789489417,0.12698808820720675,0.0,0.874348550317344,8,noisy:84,-0.05075982248124669,0.0485757981817045,0.019185266809393205,0.0,0.8752901112692595,8,noisy:63,-0.35669701529610864,0.367374698188012,0.10450225233399375,0.125,0.930249457764767
8,9,8,noisy:117,-0.4065758924188204,0.28706928929554526,0.0993882217614123,0.0,0.9677715948265811,8,noisy:21,-0.043820934096569245,0.04130680016335667,0.015002650172302432,0.0,0.8965552034888926,8,noisy:63,-0.31430656744757746,0.4343232586881437,0.1321210304316753,0.125,0.9197170221513702
8,10,8,noisy:117,-0.7726249366122813,0.4921155600167213,0.17422920527264965,0.0,0.9724129103419934,8,noisy:84,-0.21117239920451947,0.1900528741671643,0.06199883902355822,0.0,0.8977645088847949,8,noisy:63,-0.7349874746252212,0.6774315660156995,0.2076990794224455,0.0,0.9498366459382968
8,11,8,noisy:84,-0.67707114324073,0.4591090296747226,0.16297354690741114,0.0,0.9693966153826009,8,noisy:84,-0.22922639141428985,0.22187660119856448,0.08682649215089998,0.0,0.8187647053785869,8,noisy:84,-0.7044838056999294,0.6472002497463496,0.19496396281238462,0.0,0.9413997994929238
9,0,8,noisy:84,-0.5628249795437611,0.4553508315473689,0.1552271923716632,0.0,0.937024342433579,8,noisy:84,-0.1027642487088841,0.0980936345696973,0.03483499300195738,0.0,0.8678996391754434,8,noisy:63,-0.5646317567896849,0.6150675450802364,0.21125501147047815,0.125,0.9100874380085052
9,1,8,noisy:42,-0.3347244117738367,0.335565520999775,0.12772149928201101,0.125,0.8578386646298477,8,noisy:42,-0.07605949647218295,0.06282134273663789,0.023239420632414173,0.0,0.931948896348379,8,clean:63,-0.43789615845524044,0.3937149586593763,0.12003186195685085,0.0,0.9466246605806837
9,2,8,clean:117,-0.47856420234030145,0.5375190269223541,0.15147812959429266,0.125,0.8945038650907221,8,noisy:42,-0.10843877334740011,0.09174310775651276,0.031558223363575034,0.0,0.9184334000416122,8,noisy:21,-0.4448470404893055,0.32737302701599164,0.1143222714474571,0.0,0.9552082189561887
9,3,8,clean:117,-0.7297319468936316,0.6696753320952419,0.18192780080589344,0.0,0.9243290371276477,8,noisy:42,-0.199490511186473,0.19429675318157957,0.059498646328044885,0.0,0.8331219468401074,8,noisy:21,-0.5514763676713677,0.5465815115640613,0.16331144953087523,0.0,0.9106914663820618
9,4,8,noisy:21,-0.4207454238437572,0.394563688039704,0.12232852762604476,0.0,0.870396981659502,8,noisy:63,-0.0924116029326404,0.10178669584868982,0.03006332683889604,0.125,0.9036693915257848,8,noisy:63,-0.3767625780921583,0.5391310854784137,0.17005443024540928,0.25,0.9319816283692633
9,5,8,noisy:21,-0.3193242385818626,0.3054676580893728,0.09895126650011604,0.0,0.9273899675857014,8,noisy:21,-0.029617221470466092,0.026692600129726157,0.009194747902540238,0.0,0.9216497119653057,8,noisy:21,-0.4467180763732131,0.41636791938279005,0.16482007747067567,0.0,0.8494872925433944
9,6,8,noisy:117,-0.3744643746588155,0.28243266676884743,0.08230423131621406,0.0,0.9723128799512942,8,noisy:42,-0.18294462470704484,0.17576486079893336,0.05714234073034546,0.0,0.8758073124662604,8,noisy:84,-0.43536167314276353,0.7370654024217722,0.22663137876594658,0.125,0.949734190515177
9,7,8,noisy:117,-0.2977167284880054,0.32341055789707035,0.10012980172020168,0.125,0.8967624004748086,8,noisy:42,-0.05611913879358697,0.05506984272755726,0.01771630799015415,0.0,0.8583565788219214,8,noisy:117,-0.39126065604654225,0.5897531089442092,0.1973296570458123,0.25,0.9431961220044353
9,8,8,clean:21,-0.37368974895554663,0.32155515055770184,0.10726012986956406,0.0,0.926710912379726,8,noisy:63,-0.2209737433249026,0.19256713422796723,0.06453767214407995,0.0,0.9172944205476038,8,noisy:21,-0.4004518123324258,0.5926240594401924,0.1669088512077574,0.125,0.9803740684849364
9,9,8,noisy:117,-0.4422882435725587,0.46937334060638625,0.13244417748013806,0.125,0.9182778282676237,8,noisy:117,-0.07861371031000478,0.06620527299310411,0.022375082220410514,0.0,0.9205022433924565,8,clean:117,-0.39736689189064356,0.4143627714204091,0.15697745144215844,0.125,0.8804611645971697
9,10,8,clean:117,-0.4497124816152765,0.5052203580431118,0.15432505652889758,0.125,0.9442237542261901,8,noisy:42,-0.08143052746998383,0.07512364055825375,0.02498841506793559,0.0,0.8769773285646866,8,noisy:42,-0.4742508038267773,0.3162108891018981,0.11130660387018011,0.0,0.9657314704370589
9,11,8,noisy:84,-0.3511905123431939,0.16428622541150723,0.06235416420063565,0.0,0.9857906666307887,8,noisy:84,-0.14069440692853208,0.13172630343309882,0.04480833469080807,0.0,0.8764471864294534,8,noisy:84,-0.5055583732475271,0.35040627681580605,0.12634723768541345,0.0,0.9644829844539426
10,0,8,clean:63,-0.709752033481396,0.5739816796869114,0.18380486724769163,0.0,0.9395205403666301,8,noisy:63,-0.14824663442223276,0.1381831207875622,0.04943780472340344,0.0,0.8686272603914393,8,noisy:63,-0.507843094350952,0.4294645881076405,0.1369162358609911,0.0,0.9524930280900592
10,1,8,clean:117,-0.4526025154063849,0.46106420285189104,0.1410775950330828,0.125,0.9100116883331223,8,noisy:84,-0.19331005130722664,0.19017870592402503,0.061381850887245924,0.0,0.8575604413753347,8,clean:117,-0.4877703596202879,0.6584132031941055,0.18917886235040762,0.125,0.9663561962919408
10,2,8,noisy:117,-0.2705385148715447,0.11530224035228803,0.04259711513394836,0.0,0.9907096676779737,8,noisy:117,-0.13915012475851413,0.1276860990015643,0.04464345242499343,0.0,0.9149172288716559,8,noisy:117,-0.4170787409964263,0.49146262636661525,0.16762970981275516,0.125,0.9082460563366043
10,3,8,noisy:117,-0.3992178297224538,0.43726186114634247,0.1288418024888501,0.125,0.9490485989106543,8,noisy:84,-0.16926319176840685,0.14011080785256652,0.05358732452553408,0.0,0.9217063980378694,8,noisy:117,-0.6458036991971603,0.511154628442378,0.171086768643196,0.0,0.9497742824791082
10,4,8,noisy:21,-0.3003819416809618,0.13778117236990892,0.046637661413978064,0.0,0.9889867981826919,8,noisy:42,-0.09773059976329748,0.08709776565124631,0.028017669400473826,0.0,0.9225642931833669,8,clean:63,-0.503102948391811,0.3456249797291665,0.11235147635641542,0.0,0.9659147660675295
10,5,8,clean:21,-0.3486696080918503,0.19486613015617468,0.06317617128040456,0.0,0.9846634090598387,8,noisy:42,-0.23033466033834626,0.21020081769488647,0.06596628882327744,0.0,0.9171810088799701,8,clean:117,-0.4340304380918707,0.36171116298314865,0.11099266007323266,0.0,0.956205424611182
10,6,8,noisy:117,-0.393990306328003,0.40501735801710165,0.1358092903779397,0.125,0.9076368362571798,8,noisy:21,-0.13794851538428166,0.132369276028053,0.04075826866893132,0.0,0.8956681855789572,8,noisy:63,-0.5442523270185828,0.6406793614577333,0.18163954844406316,0.125,0.9668225941509253
10,7,8,noisy:21,-0.3863301265292074,0.31586828182056853,0.09586409070920765,0.0,0.9569200552975489,8,noisy:63,-0.061987506506560444,0.05246946679707424,0.02013831947865998,0.0,0.9129703663490858,8,noisy:84,-0.4037556771478319,0.34422134434099777,0.115582613799659,0.0,0.9436016444726557
10,8,8,noisy:21,-0.4554671612534385,0.28393549172429877,0.09201304694290309,0.0,0.9768539715045765,8,noisy:84,-0.12660564823153947,0.11802849527505645,0.03967167010430936,0.0,0.8926383850587452,8,clean:21,-0.5698697734748523,0.6116468972626228,0.16384930420886923,0.125,0.9366878160493433
10,9,8,noisy:117,-0.43079459223711164,0.2914175828507633,0.09260107120163141,0.0,0.9740537204479252,8,noisy:63,-0.15319843890757512,0.12875976561580105,0.0429352432139356,0.0,0.9348773397776119,8,clean:117,-0.6621892022050717,0.5699378744099183,0.20194880078266933,0.0,0.932567434770988
10,10,8,clean:117,-0.44335405555631613,0.2677759990314981,0.07585127420303492,0.0,0.9840568660790474,8,noisy:21,-0.20720558162771424,0.1701993755870826,0.05190999454883829,0.0,0.930792975454403,8,noisy:21,-0.6328485683240646,0.6829427769607546,0.17957390439762203,0.125,0.926560505737049
10,11,8,clean:117,-0.43702395811411865,0.44019218779970326,0.14609005473369,0.125,0.888608901098868,8,noisy:42,-0.05988211994701437,0.05671660910758805,0.018759830164392637,0.0,0.9032868157307619,8,clean:117,-0.5915506499994039,0.7755202741450975,0.23314428902964365,0.25,0.8876768381996225
11,0,8,noisy:21,-0.35386020282417363,0.20698495347986776,0.059766791178072855,0.0,0.9852540612822659,8,noisy:21,-0.1709886098349952,0.15241504296246686,0.04765577034088898,0.0,0.9256176695463602,8,clean:21,-0.4904219093976233,0.3432021656771087,0.1264409721058716,0.0,0.9537589879966024
11,1,8,clean:117,-0.599650607905363,0.6970904819668527,0.20398864666246486,0.25,0.8602089389604712,8,noisy:42,-0.11478672238132928,0.09318731964332318,0.03355789622642747,0.0,0.9368429890671572,8,clean:21,-0.6848320549942499,0.5832590750324209,0.1656283063804827,0.0,0.9298977172522616
11,2,8,clean:117,-0.6117161182568399,0.5604380277364992,0.15693864454267484,0.0,0.9164610929709867,8,noisy:117,-0.10739846587084945,0.08172303704184664,0.029033015261792687,0.0,0.9481427279549084,8,noisy:84,-0.45073712152644685,0.4927950048885751,0.15818691152078546,0.125,0.9169964804701354
11,3,8,noisy:117,-0.3601646124464529,0.2527624457421686,0.07488133684755433,0.0,0.9715595322780375,8,noisy:63,-0.0908152341921021,0.06374506847381312,0.0208730067423858,0.0,0.9676527356256217,8,clean:21,-0.6598766287431712,0.5477864609943912,0.16212907210442515,0.0,0.9453935763270206
11,4,8,noisy:84,-0.3050172851671626,0.20069508294444466,0.058142470078158426,0.0,0.9816415085032861,8,noisy:21,-0.11867325857996512,0.10167231375319152,0.03621057735254826,0.0,0.9058447707495982,8,noisy:21,-0.6005670967549934,0.6475492569464016,0.20315415465199152,0.25,0.8713891088945551
11,5,8,noisy:63,-0.5002938033951336,0.445387230444088,0.1471811451196252,0.0,0.8983694689390548,8,noisy:21,-0.12297668356845952,0.11245064942673008,0.039603311825512987,0.0,0.9016824968991769,8,clean:21,-0.4831844154184617,0.4663921201307816,0.1661554334504373,0.0,0.8997285544702868
11,6,8,noisy:21,-0.2360680826229311,0.1964136493899491,0.06086560911210883,0.0,0.9401330295237078,8,noisy:21,-0.1980809926535473,0.15568671607393444,0.04933293734064085,0.0,0.9431006167696113,8,clean:21,-0.38526245572943074,0.3314432389957365,0.09669749757336943,0.0,0.9582638852279988
11,7,8,noisy:84,-0.3335023724863841,0.28198682844968254,0.0954942812921446,0.0,0.9507816328226627,8,noisy:21,-0.07033971551273437,0.058162996374595655,0.022831303520253438,0.0,0.9349132224318291,8,noisy:84,-0.3813717677030859,0.21477478883283252,0.07307956880356087,0.0,0.9827727245692189
11,8,8,clean:117,-0.3072127740614128,0.1691347289583931,0.05442997608834059,0.0,0.9858895068216211,8,noisy:21,-0.07232310131164116,0.05586234440815914,0.017964157190121705,0.0,0.9529554257980588,8,clean:21,-0.5926888340939207,0.4004711527748429,0.12818156000403752,0.0,0.9684663631284434
11,9,8,clean:117,-0.5081787016659096,0.5027620954702248,0.20016429099923622,0.0,0.7933628077437885,8,noisy:84,-0.05121032633462193,0.04505636917665586,0.015080372022561959,0.0,0.9234669733448154,8,noisy:117,-0.3190994222237509,0.5682372640529986,0.16696693280602534,0.125,0.9797302321221518
11,10,8,noisy:21,-0.3001443718276147,0.2514794930509877,0.07308323927404664,0.0,0.9541086577756763,8,noisy:21,-0.12147035179393942,0.10872204295109271,0.038596899130418895,0.0,0.8916907307401766,8,noisy:21,-0.5218342375618585,0.5658424043200546,0.17700861348608954,0.125,0.9328850135040755
11,11,8,clean:63,-0.3592259661108187,0.2219846821953142,0.07666021289678336,0.0,0.9705119329592351,8,noisy:117,-0.12889890058573283,0.10923696732522192,0.03273814359177018,0.0,0.9497732449954494,8,clean:21,-0.6852432041829859,0.8795961416441769,0.2454370316744386,0.125,0.9232856562096109
12,0,8,clean:117,-0.7768833983772397,0.8357431710625687,0.2664994684621722,0.125,0.794143240083739,8,noisy:42,-0.0967993420070962,0.08267962823830209,0.021334547848712086,0.0,0.9604808549178947,8,clean:117,-0.8144261475541297,0.7272265324994347,0.20382782472683672,0.0,0.9268079826584433
12,1,8,clean:21,-0.41528659257016415,0.3690039927996966,0.11635423852921127,0.0,0.9331166681099121,8,noisy:63,-0.19500607907225412,0.15286043218051773,0.05393014848090376,0.0,0.9480343729165278,8,clean:21,-0.5565161418669092,0.42969197586780555,0.13009047180472613,0.0,0.9489791765438634
12,2,8,noisy:21,-0.49796785557709466,0.41188274566879346,0.12676599330661292,0.0,0.9536311304713635,8,noisy:63,-0.10495630530517575,0.09450753376393978,0.03327909297860978,0.0,0.899505030784382,8,noisy:21,-0.36684361132075,0.3869422208872053,0.1206999271381111,0.125,0.9158860739076528
12,3,8,noisy:21,-0.3388963114828917,0.30947241654391416,0.1101107030242526,0.0,0.908736117083805,8,noisy:117,-0.10044818065524821,0.06645717612612828,0.02066463001706667,0.0,0.9747369214593103,8,noisy:21,-0.4433233671922933,0.4160164576208536,0.12725818694910793,0.0,0.9244107458385754
12,4,8,noisy:21,-0.2967546877672861,0.14192789778542542,0.060434047190099434,0.0,0.9833221738876649,8,noisy:117,-0.1523911854600547,0.1182936782773184,0.03362931502473965,0.0,0.9600685933130613,8,noisy:21,-0.48727108671880104,0.43800367724849626,0.12751030558208953,0.0,0.9336284472632818
12,5,8,clean:63,-0.530148773551364,0.43178988271713237,0.12637268800320206,0.0,0.9508072159469397,8,noisy:117,-0.06714511172701405,0.049193986488448326,0.017252832347109472,0.0,0.9520249357024977,8,noisy:21,-0.42914614336753676,0.31315433589299946,0.11492109976382771,0.0,0.9534290731474071
12,6,8,clean:63,-0.4936675796723008,0.508181252884321,0.18204649826139105,0.125,0.8773206054380243,8,noisy:117,-0.11595814649137044,0.10073910878310854,0.031085522327695295,0.0,0.9030863221764054,8,clean:21,-0.42343808690474904,0.4681493152712843,0.15771646240475914,0.125,0.8990239652483875
12,7,8,clean:117,-0.18088654809753799,0.24697928716170223,0.07695371682493196,0.125,0.9206076550133391,8,noisy:117,-0.08728117645130641,0.07584813330517585,0.028647827303927977,0.0,0.8919814615034458,8,noisy:117,-0.3928276092396728,0.40536624834207224,0.1307301595367971,0.125,0.9029394216735707
12,8,8,noisy:21,-0.48260343242088255,0.478963883483893,0.1269282068711862,0.0,0.9058854990577383,8,noisy:84,-0.06835399491259438,0.0637731103260351,0.01819968300671301,0.0,0.9253360256935604,8,noisy:21,-0.4327416288667737,0.7172702899535465,0.21967614801017946,0.125,0.8829368757911723
12,9,8,clean:117,-0.7117531532076159,0.5878325661054484,0.20808710548454648,0.0,0.9218515363933697,8,noisy:117,-0.11148753296829456,0.10265912477760775,0.03719615400530413,0.0,0.9009169109107282,8,noisy:21,-0.48263228737526265,0.42026872743054217,0.11399511865655985,0.0,0.9526717085029132
12,10,8,clean:21,-0.3679435340078553,0.2897176313607321,0.10184136589619004,0.0,0.9514492446872557,8,clean:117,-0.10636258322660716,0.059747457009991865,0.024642603400620598,0.0,0.9724274365317582,8,clean:21,-0.6494709437591963,0.67445438388125,0.2047592449886926,0.125,0.9088320608766601
12,11,8,clean:21,-0.3879148163643052,0.26199332955635735,0.09733089484599525,0.0,0.9556305381225646,8,noisy:63,-0.10590922029685919,0.09523200340288489,0.028457316909005135,0.0,0.9326965746155401,8,noisy:21,-0.39080338811323956,0.2603427486451403,0.07618792066604327,0.0,0.9809271305491324
13,0,8,clean:21,-0.45509906124740107,0.3248043658147894,0.12618316524349138,0.0,0.9497772040538779,8,noisy:42,-0.19243251615189508,0.179940144689783,0.05154789946015422,0.0,0.8944104523275108,8,clean:21,-0.41282232071825165,0.3879598173540366,0.11799563177958748,0.0,0.9201373902148153
13,1,8,noisy:21,-0.45864910685689053,0.3709166106238788,0.1326933299985865,0.0,0.9387120269468681,8,noisy:117,-0.1554336574962036,0.14304101114282375,0.0495916652244751,0.0,0.9028853724869204,8,clean:21,-0.3769077923755525,0.34749381163213844,0.10541647234530714,0.0,0.9480713972630853
13,2,8,noisy:21,-0.3535438311619151,0.25488774593750113,0.0735805734344115,0.0,0.9663462870343283,8,noisy:63,-0.21584359522900792,0.17629237419066546,0.05376841038268722,0.0,0.9506820566732809,8,clean:21,-0.46100921504795334,0.3463520537486964,0.09614034385159449,0.0,0.9711266713130606
13,3,8,clean:63,-0.3073381074139322,0.18745571127005095,0.05104914187902145,0.0,0.9859850625432425,8,noisy:117,-0.09457791800384269,0.07151625025415162,0.025033700422627116,0.0,0.961300857579329,8,noisy:21,-0.4992521386046792,0.44421331875802883,0.14737839871388556,0.0,0.9061190969952605
13,4,8,clean:117,-0.2543777614915147,0.1972615643163045,0.0672191524080761,0.0,0.9554138297799509,8,noisy:117,-0.121105364289712,0.07974267304164973,0.025921883926146163,0.0,0.9702373740797108,8,noisy:21,-0.40796398797197353,0.152758786586369,0.05073497523348247,0.0,0.9935970196047225
13,5,8,clean:117,-0.4889207942831406,0.32981542555831184,0.11488123542403138,0.0,0.9673085582040934,8,noisy:84,-0.15374493107378961,0.13247595517166258,0.04549259778366805,0.0,0.9401721858473426,8,clean:21,-0.6014644971610227,0.5980405300483358,0.19228642480227207,0.0,0.8872042601881509
13,6,8,clean:117,-0.39297845729229774,0.36091846811257416,0.09529745919226323,0.0,0.9410613542849163,8,noisy:63,-0.11227079015537542,0.0812929112805468,0.02718891283479231,0.0,0.9643419826002521,8,clean:21,-0.6627318171358632,0.4908283454864871,0.1804903313093569,0.0,0.9465447706565063
13,7,8,clean:63,-0.6479473958059968,0.4691110260778935,0.1601858866120597,0.0,0.9568607793713245,8,noisy:42,-0.20432564143262272,0.1462450111030286,0.044837384133816986,0.0,0.9612783275501525,8,clean:63,-0.6699653493147391,0.5936570801473081,0.19720715173453532,0.0,0.9323702413235573
13,8,8,noisy:21,-0.5242822936036404,0.5002864059790771,0.1630235563775975,0.0,0.8995256627489637,8,noisy:42,-0.08186321892772326,0.04156975644975688,0.012970232420543227,0.0,0.9875815090122816,8,clean:63,-0.4723486174159933,0.2841340588537696,0.09852751387918991,0.0,0.9724063943493689
13,9,8,clean:63,-0.7916596477798737,0.6594405701097854,0.1915051145209377,0.0,0.941467048055724,8,noisy:84,-0.16639869975586527,0.1493058435759557,0.056272005569957206,0.0,0.8803470862308325,8,clean:21,-0.3918792050356035,0.2503096533922843,0.0968183706958444,0.0,0.9666322592551129
13,10,8,noisy:21,-0.4417385730947212,0.36835615268483435,0.1024343812230719,0.0,0.9540392237817721,8,noisy:117,-0.15307305340312885,0.11751537401200222,0.03825640375029206,0.0,0.9633284876496047,8,clean:117,-0.4364204469078729,0.21495944787735344,0.07646281745240083,0.0,0.985302190714622
13,11,8,noisy:21,-0.4422345030822594,0.4630675252223026,0.16857949830507415,0.25,0.8201771782424674,8,noisy:63,-0.11599995683334197,0.10320725609261004,0.034308552353967445,0.0,0.9213818869954581,8,noisy:21,-0.5232089402367508,0.38938967526107143,0.13111772235644722,0.0,0.9494218653816806
14,0,8,clean:117,-0.4312822018360805,0.3499252715082339,0.11016611081107362,0.0,0.9624380173574614,8,noisy:84,-0.07539944915607791,0.05758749063324497,0.019599772874755235,0.0,0.9605470191761222,8,clean:21,-0.6424872063121628,0.4928216387390386,0.1445280894035199,0.0,0.9597383439300893
14,1,8,noisy:21,-0.28411505998434017,0.25082038813223495,0.08736798347223101,0.0,0.9373527269490985,8,noisy:84,-0.2426168840489658,0.17640490072105813,0.06169554281627571,0.0,0.9603498896398689,8,noisy:84,-0.39271536110945726,0.4395930681404565,0.15272168452827348,0.125,0.8889232535261038
14,2,8,noisy:21,-0.34874638371530636,0.21114954068138525,0.07203823310021937,0.0,0.977120777171283,8,noisy:84,-0.17338678888204329,0.11769900103058731,0.03978191295410186,0.0,0.9614602415041148,8,clean:117,-0.4097698695251796,0.3127741353284227,0.08675985085600468,0.0,0.974196616815374
14,3,8,clean:117,-0.43514468567017944,0.3346183177650141,0.10465409567273869,0.0,0.9409176296992673,8,noisy:117,-0.11219142256661443,0.08108991555316396,0.030427234637993208,0.0,0.9544441314460265,8,noisy:42,-0.5503716831219356,0.4145440872612528,0.13736445971365072,0.0,0.9561906686115638
14,4,8,noisy:63,-0.3687116362689523,0.3425893113017311,0.11794029334792003,0.0,0.9012539359324587,8,noisy:117,-0.09978208206124103,0.08375977962312108,0.029810839855741098,0.0,0.913226214095128,8,noisy:117,-0.5494994165503824,0.4259896256318553,0.14822971153265882,0.0,0.9531840748957743
14,5,8,clean:63,-0.30138853385073394,0.2787028110509136,0.08130437507826652,0.0,0.9417451357755121,8,noisy:63,-0.12507788602599665,0.10804461587638259,0.03212752325163999,0.0,0.9392127432704537,8,clean:21,-0.39596170775460804,0.5213301307146256,0.138904927969467,0.125,0.9419241681124662
14,6,8,clean:21,-0.3653285442374962,0.23480792428245884,0.07468374734955156,0.0,0.9772924666084815,8,noisy:117,-0.10266776928307667,0.09232045286391727,0.028564057990618414,0.0,0.9171750867063596,8,clean:117,-0.33325043950286115,0.2565341891673141,0.08450974510552432,0.0,0.9536805183377532
14,7,8,clean:117,-0.4055899598702991,0.27540815760492665,0.10211461410575333,0.0,0.9567706370802277,8,noisy:42,-0.10525216950733238,0.06635384610557496,0.025166636066061832,0.0,0.9722894934513526,8,clean:21,-0.413588683829526,0.35715846859491207,0.11474827299429352,0.0,0.9423289287063279
14,8,8,noisy:21,-0.3375568895078879,0.24471379470787114,0.08677849126453255,0.0,0.9451062795236096,8,noisy:117,-0.13393294246404752,0.1257657809326897,0.04360513004867005,0.0,0.8735707409976265,8,noisy:21,-0.387003159934873,0.31653857321223533,0.1164752702105812,0.0,0.9418550932839532
14,9,8,clean:63,-0.4599554523347001,0.3170319523562974,0.11446241086751882,0.0,0.9565855548268916,8,noisy:117,-0.11160911827391035,0.0873078765259557,0.027796370967449708,0.0,0.9429840069989576,8,clean:117,-0.48764262769586053,0.45796918039266293,0.13918066150467814,0.0,0.9279774595883029
14,10,8,clean:63,-0.3929602817821216,0.30528664081843443,0.10020849320611926,0.0,0.9318634869552984,8,noisy:117,-0.12752504223316777,0.11232703442895382,0.034934917338880586,0.0,0.9176967866064064,8,clean:63,-0.48284856998531067,0.37455661731491185,0.12017880105048138,0.0,0.9474002393161838
14,11,8,noisy:21,-0.26762473601837256,0.30798114457843745,0.0914800058269378,0.125,0.9535232849197595,8,noisy:117,-0.17422417224093237,0.15853009114682476,0.043193847484884126,0.0,0.9414253015461255,8,clean:21,-0.49513141444053677,0.45317459553449063,0.14839362175378587,0.0,0.9159042996056077
15,0,8,clean:117,-0.5924336202924816,0.46234862885029826,0.1534543826850537,0.0,0.9426578504904719,8,noisy:42,-0.1310086575454713,0.10078658824195513,0.03476500118191305,0.0,0.9506291278032437,8,clean:117,-0.47468426980915523,0.3195540306081769,0.09601936764521937,0.0,0.9765235152496621
15,1,8,clean:63,-0.3783857414040759,0.2935226452614038,0.10012502413017843,0.0,0.9504226482151771,8,noisy:42,-0.2188911700284128,0.1535923402607234,0.04786979955375877,0.0,0.9689526468671212,8,clean:21,-0.5492110003357477,0.49461086966520734,0.16199396381665132,0.0,0.9242243166537458
15,2,8,clean:117,-0.4211052194836772,0.27775135624433434,0.08544565702770304,0.0,0.9792656614514514,8,noisy:42,-0.24897665603551947,0.15937183955768003,0.05138195240399779,0.0,0.9796653305138182,8,clean:21,-0.8686797917595839,0.6908525824105058,0.1930138644029576,0.0,0.955603485935319
15,3,8,clean:63,-0.403899567510179,0.28437205432117174,0.08902267736296482,0.0,0.975288774534683,8,noisy:117,-0.18514412583731837,0.1384722435389919,0.045446128103338104,0.0,0.9650695575199562,8,clean:117,-0.5214409373420592,0.47928049949753143,0.14533980506457667,0.0,0.9154990241192101
15,4,8,clean:21,-0.3871017629133546,0.39754972468043803,0.13077155710287755,0.125,0.9067149160796746,8,noisy:117,-0.1602235728545171,0.13670476969114007,0.04790233113125249,0.0,0.93632018878473,8,clean:117,-0.6112279973707923,0.585180129184141,0.17799157269413074,0.0,0.9254218649508037
15,5,8,clean:63,-0.6563392634831027,0.5698552678009224,0.17331375888442743,0.0,0.9426713151120817,8,noisy:42,-0.12467303152902057,0.09327439194616642,0.03025356666982065,0.0,0.9625555061537889,8,clean:21,-0.7688666979960037,0.6337004478224798,0.1919486861863188,0.0,0.9398728484704334
15,6,8,clean:63,-0.5416009199067074,0.46427006119461567,0.1645821293201512,0.0,0.9226726217304997,8,noisy:42,-0.1550355401188485,0.11049043911410693,0.0416521549072848,0.0,0.9513005004133569,8,noisy:21,-0.39458919508257617,0.25727176199274326,0.0921940137811314,0.0,0.9726706272530017
15,7,8,clean:117,-0.4675860969907709,0.36995266974917984,0.12898538845282137,0.0,0.932589451105888,8,noisy:42,-0.2554658174082782,0.14250935793898029,0.03619256245354067,0.0,0.9907296170201016,8,clean:117,-0.6438572163127125,0.5448910587982904,0.16196458273994407,0.0,0.940863554650137
15,8,8,noisy:21,-0.4267825611565378,0.16614906931122608,0.05838783881208518,0.0,0.99296210542454,8,noisy:117,-0.07361450430882216,0.06468676126783365,0.023050334055767088,0.0,0.9135920325068394,8,noisy:21,-0.49944601333720323,0.45501657199571355,0.14044991423840744,0.0,0.9466736790296354
15,9,8,noisy:21,-0.37019461031733625,0.2900397416640081,0.10797172779000146,0.0,0.9365304284107494,8,noisy:84,-0.16065414672675,0.10196737296339034,0.033572812272281136,0.0,0.9764578705385222,8,clean:21,-0.7263080122940168,0.5529266357333642,0.17604561230717983,0.0,0.9510014623381766
15,10,8,noisy:84,-0.3402439665554914,0.19071544321414918,0.05749150676100713,0.0,0.9867990851915499,8,noisy:84,-0.1525701303423072,0.12704076963235245,0.03714243145582713,0.0,0.9394311174426265,8,clean:21,-0.38799220162115466,0.4963432898118547,0.16957222415878814,0.25,0.9326774422907674
15,11,8,clean:117,-0.3318652158956199,0.21036339954944383,0.07911648399450442,0.0,0.9742637770195567,8,noisy:42,-0.10621466686913014,0.08644979499483424,0.025432855404474732,0.0,0.9586317833221254,8,clean:21,-0.37811320219761047,0.3588689308038723,0.12324525949482927,0.0,0.918594617719454
16,0,8,noisy:117,-0.4449542638294527,0.290148237766065,0.08305494371877091,0.0,0.9829588322489977,8,noisy:42,-0.1746831756225625,0.13358874646478502,0.05103065291142387,0.0,0.9431593733509441,8,clean:21,-0.5141209178910717,0.38602451348147654,0.11922587207737867,0.0,0.9631263555734495
16,1,8,noisy:21,-0.5782103967524961,0.5159430086866814,0.14169946807989267,0.0,0.9543222901125542,8,noisy:117,-0.126026759404426,0.08905301373359187,0.02937507890348439,0.0,0.9707001490564275,8,clean:21,-0.5742958238241124,0.44935375382602344,0.13580864115657298,0.0,0.9520826145827367
16,2,8,clean:117,-0.3441802130961788,0.23832018992348564,0.076773352569537,0.0,0.967492872786792,8,noisy:42,-0.1257734521175672,0.10958562045551332,0.036997028495704326,0.0,0.9174107813966793,8,noisy:42,-0.5587915771297901,0.432213114925983,0.1293233380175685,0.0,0.9611583469448954
16,3,8,clean:21,-0.44071998985226096,0.28480741658288367,0.08258758116226719,0.0,0.9793637347099847,8,noisy:117,-0.14601154386609405,0.10492911351505602,0.03625511957781576,0.0,0.9632977951481607,8,clean:117,-0.4251911188447879,0.3276390913352837,0.1058521396701062,0.0,0.9560323163090702
16,4,8,noisy:21,-0.4735852323754923,0.29875864258301393,0.0833975201648351,0.0,0.9847056819797295,8,noisy:21,-0.12539954741438164,0.11572993014220587,0.040506814443177504,0.0,0.9215889030867672,8,clean:21,-0.40610183483284146,0.3080710438550824,0.11357608495441299,0.0,0.9613674122806053
16,5,8,clean:21,-0.3664821242204347,0.37717411820571234,0.09899981773421322,0.125,0.9248553620228545,8,noisy:63,-0.10445165267041961,0.08742555553746534,0.029537408071887504,0.0,0.944517092974275,8,noisy:21,-0.347327639935906,0.2929739194899147,0.09239487644825599,0.0,0.945270493018167
16,6,8,clean:117,-0.7279898115855679,0.4418667556371797,0.13354533663985754,0.0,0.9788187382365369,8,noisy:84,-0.07126033425502554,0.06488389738386616,0.018342049874212864,0.0,0.9367194496140496,8,clean:117,-0.4704542698609815,0.41585210945757534,0.11835803522639717,0.0,0.9465339545286139
16,7,8,clean:63,-0.5401183739838089,0.4394982432496677,0.14025936573329661,0.0,0.9448675803589446,8,noisy:42,-0.19556180621003003,0.15099215517407094,0.05128407121522673,0.0,0.9557476911124152,8,clean:117,-0.4456558494243077,0.360234967820047,0.10741575870790442,0.0,0.9544676617865934
16,8,8,clean:21,-0.6536048168052375,0.36202888155186996,0.1020384316141768,0.0,0.9873978129690677,8,noisy:117,-0.08993412658508725,0.07746278084196105,0.02992301834639562,0.0,0.9008872560469473,8,noisy:21,-0.34269388337127404,0.38128442563679976,0.11661092878125821,0.125,0.9462771442739832
16,9,8,noisy:63,-0.5894460928552194,0.39468402481032716,0.11436868565192349,0.0,0.9822075268748489,8,noisy:21,-0.06865897339353555,0.06660227344347908,0.022716991657116707,0.0,0.9060251643455287,8,clean:117,-0.3889482566732577,0.6001562308656774,0.1729640503017968,0.125,0.9876695118308187
16,10,8,noisy:21,-0.5099235463303342,0.2874572089291332,0.08611256734603212,0.0,0.9846194705939934,8,noisy:117,-0.20821913039632267,0.16632374076955844,0.05121087992222517,0.0,0.9546256660328409,8,clean:117,-0.380733971687606,0.37471057264412955,0.11536607214909012,0.0,0.9207715479271444
16,11,8,clean:63,-0.8280222650311606,0.5807738927033714,0.19603287984249568,0.0,0.9564633478173983,8,noisy:117,-0.17671593122380824,0.11569198884572515,0.041012286554671915,0.0,0.9719596501208269,8,noisy:21,-0.5657100296968957,0.4114133152027348,0.15053108766010673,0.0,0.9540638096368634
17,0,8,clean:21,-0.6982274025688792,0.5161248190666744,0.2031687227382339,0.0,0.9368823295834934,8,noisy:84,-0.11378741379830246,0.11249161717782513,0.04176208339561918,0.0,0.8764103447681632,8,clean:21,-0.47755830984445774,0.5134712292486155,0.1365206468514835,0.125,0.9419243040321038
17,1,8,clean:117,-0.26399158654023347,0.22970864652870476,0.0730331041916764,0.0,0.95138649731047,8,noisy:21,-0.06568979288968681,0.05757997095981132,0.021324324847519067,0.0,0.9237869375253438,8,clean:117,-0.4914074631489154,0.44942970524509346,0.13793158483270043,0.0,0.9423251146244965
17,2,8,noisy:42,-0.5040127726842559,0.2587699629920823,0.07747205558532293,0.0,0.990522873690398,8,noisy:84,-0.05980954956617833,0.05538487513112724,0.021051909625351407,0.0,0.8907475272040911,8,noisy:21,-0.3272933177455312,0.3311375369259905,0.10255190070373521,0.125,0.9024112508788733
17,3,8,noisy:21,-0.4840493121142925,0.3994076454415791,0.1291096821399115,0.0,0.9427575176236404,8,noisy:117,-0.08087916461300691,0.07057392264412177,0.022760299803833383,0.0,0.9056375576299674,8,noisy:21,-0.4997509382530163,0.39326596658231555,0.1421994187951273,0.0,0.9421048251178104
17,4,8,clean:117,-0.531374644477689,0.40860645910071114,0.13164828365202502,0.0,0.9377676901432803,8,noisy:84,-0.06010787876269159,0.050422972127451,0.016025762106880326,0.0,0.9448974438783732,8,clean:21,-0.37198193607028596,0.3001157775337783,0.08964098658254144,0.0,0.9665864741254865
17,5,8,clean:21,-0.38973596987697456,0.49157547402913654,0.14238163160621464,0.25,0.872523774114295,8,noisy:117,-0.1038014315208493,0.08334358820064444,0.02488081319705505,0.0,0.9305712014150531,8,clean:63,-0.4681869442642205,0.30809460906157626,0.12242716227996818,0.0,0.9639409297562012
17,6,8,noisy:21,-0.5719713140391067,0.5777738567083224,0.1949393041070719,0.125,0.8578774648538655,8,noisy:42,-0.09365216411753974,0.08188915033908188,0.02922141985102994,0.0,0.9347254313329203,8,clean:21,-0.5953332230410264,0.45769238196514106,0.12348130358147462,0.0,0.9637564538500454
17,7,8,clean:21,-0.29596269082638804,0.32385195176864423,0.11467834553942183,0.125,0.8886553788089238,8,noisy:21,-0.0912888426084047,0.08352175176108396,0.029207048725124102,0.0,0.8848214356804927,8,clean:21,-0.45726830736545887,0.43277792904809065,0.14458198789475665,0.0,0.9244840444897989
17,8,8,noisy:21,-0.22512245303014947,0.4167789493937713,0.12585092724918126,0.125,0.9794600750756305,8,noisy:117,-0.08151529527462772,0.07421953925700048,0.021767949359808875,0.0,0.8755627907004385,8,noisy:117,-0.5330494850472167,0.4330861855626763,0.1496900750765216,0.0,0.9254136644568485
17,9,8,clean:63,-0.7156729703196939,0.5320102827370604,0.1620210364569455,0.0,0.9541713488773319,8,noisy:42,-0.23455323064543837,0.17702299822046802,0.053543930618665234,0.0,0.9635674949010672,8,noisy:21,-0.44332504983205284,0.3746855903907016,0.13158600785480187,0.0,0.9412315026470992
17,10,8,clean:117,-0.5748105192432611,0.5026646726938364,0.16938697767344155,0.0,0.8991496622370498,8,noisy:117,-0.09546776745906722,0.09071727912336788,0.02779777114746275,0.0,0.9113283689356206,8,noisy:21,-0.41259679131495297,0.3254000262581449,0.0915411936200632,0.0,0.9701622534646817
17,11,8,clean:117,-0.6854492109692529,0.715324829595316,0.2201518868192838,0.125,0.8893895473957847,8,noisy:117,-0.12194657398862192,0.10841593718520044,0.03640097189622452,0.0,0.9161928101721134,8,clean:117,-0.730075458281278,0.6889833920396748,0.20173736651474283,0.0,0.8715340060525417
18,0,8,noisy:21,-0.5848506897269296,0.40541573249424734,0.13582936715663432,0.0,0.9722718004455977,8,noisy:21,-0.09227123066551704,0.06530804714421565,0.024359271511479683,0.0,0.965232241646536,8,noisy:21,-0.3550168862885566,0.2458915473168431,0.08056519955182752,0.0,0.9678446166619642
18,1,8,clean:117,-0.5825594069654001,0.4348039949079785,0.1562062054654513,0.0,0.9588180775717728,8,noisy:117,-0.11752815767282337,0.10769475204518487,0.03272381451533818,0.0,0.9179761978382152,8,noisy:42,-0.3447111499099241,0.20233625734962193,0.05910189943553294,0.0,0.9865178451683343
18,2,8,clean:117,-0.5415954374349174,0.4354300910736434,0.1151762310399677,0.0,0.964197521560551,8,noisy:63,-0.09456201313730947,0.07306061807920561,0.02801251143834979,0.0,0.9485409269916703,8,clean:63,-0.46825856286839673,0.2687825940468479,0.0948886435108567,0.0,0.9795791662015633
18,3,8,clean:117,-0.4917932683344566,0.42865335811932886,0.12816357505661713,0.0,0.9471395629667576,8,noisy:117,-0.09752334660097935,0.0797559794607488,0.02900901900377892,0.0,0.9234375500357414,8,clean:21,-0.38092425946789965,0.25400365975641237,0.09310027808359365,0.0,0.9677845250071423
18,4,8,clean:117,-0.6653357803339434,0.37657179612429903,0.11535514063385434,0.0,0.9810541852959621,8,noisy:117,-0.2474914139751049,0.21022307882871355,0.07110456633424661,0.0,0.9151791664306838,8,clean:21,-0.7014880942308224,0.5468093227306012,0.15101669222736264,0.0,0.962212637155162
18,5,8,clean:63,-0.9322932706261382,0.8111911539081056,0.25262074187210204,0.0,0.9169551442003591,8,noisy:63,-0.1307356724817854,0.11880839057264686,0.037076758213844485,0.0,0.9292703391380733,8,clean:63,-0.7034470278899367,0.5592634472965947,0.1500844377348559,0.0,0.9590894254031268
18,6,8,clean:117,-0.5898796347273797,0.2479555314441606,0.07354094846496778,0.0,0.99292668648566,8,noisy:84,-0.16381930038028025,0.1525637905492519,0.046213494384556526,0.0,0.8842963985857011,8,clean:117,-0.5396421040150945,0.38332975642410166,0.1125967889194417,0.0,0.9682092343113123
18,7,8,clean:63,-0.434569635696459,0.3143442391143095,0.10541656949668793,0.0,0.9637772200447815,8,noisy:42,-0.10304858450395685,0.08423284433695255,0.02713466537158444,0.0,0.9282987276942586,8,clean:63,-0.538304737195814,0.5676722943044155,0.1565489065638161,0.125,0.9093980383429313
18,8,8,clean:63,-0.7149048699974807,0.5324602643925773,0.16822244672599357,0.0,0.9634266067780615,8,noisy:84,-0.16080071263125303,0.1539031650485183,0.04570576109725796,0.0,0.8872546993606862,8,clean:21,-0.5237731095690068,0.37375117610862135,0.11238889006092989,0.0,0.9659519201490637
18,9,8,clean:63,-0.5510466490634155,0.45291477055542667,0.13594706564107717,0.0,0.961602027677912,8,noisy:84,-0.06752930810320171,0.05820834395299939,0.019428663321322627,0.0,0.9221033930610938,8,clean:21,-0.4586825445081961,0.29771763024941655,0.08725282754535162,0.0,0.9765740526846671
18,10,8,clean:117,-0.6583612472898905,0.6194896237882168,0.1606923221591508,0.0,0.93614262078449,8,noisy:84,-0.16596272679014681,0.15722387326876927,0.054990666301429215,0.0,0.8749664569221418,8,noisy:84,-0.5188482120041071,0.4816617181747555,0.16085499231784378,0.0,0.8745777924850957
18,11,8,clean:63,-0.7912344169070751,0.6468391166881257,0.19950124743562883,0.0,0.9395712892553353,8,noisy:117,-0.12844575520518878,0.10696627211275875,0.03182899815390637,0.0,0.9434832620871367,8,clean:21,-0.4923964587439874,0.41021816294649777,0.12999199629152047,0.0,0.9439026717212271
19,0,8,clean:117,-0.9499841830601317,0.600666153414516,0.19777391469359412,0.0,0.9729795774767352,8,noisy:42,-0.1707513331232804,0.12063998149615243,0.046767544606534366,0.0,0.9604014400547983,8,clean:63,-0.47455063473989906,0.2234147362857476,0.07864419698763636,0.0,0.9891618088582782
19,1,8,clean:63,-0.6544039608397256,0.45945841745957583,0.16443886101308233,0.0,0.9663402503515365,8,noisy:117,-0.09976719441176354,0.06254390231141102,0.020410009985127976,0.0,0.9732574955773914,8,clean:63,-0.5285358933584858,0.3643704458001046,0.12942421692341066,0.0,0.9659441775143814
19,2,8,noisy:21,-0.3756739156053067,0.25884318340221485,0.08255960730811852,0.0,0.9709412298951132,8,noisy:42,-0.06840968623610685,0.043576403521143225,0.013091685493184173,0.0,0.9801250468004011,8,clean:117,-0.8274740690281526,0.6828133247487714,0.22909723552189173,0.0,0.9326070837627465
19,3,8,clean:21,-1.1575825351370377,0.8215731296119256,0.24775328991626652,0.0,0.9636681202877672,8,noisy:42,-0.1542508723302439,0.11908900641007308,0.04266471261345942,0.0,0.93865565530203,8,noisy:42,-0.45153779527601123,0.3911704068144326,0.13422501443159057,0.0,0.9314085199646098
19,4,8,clean:63,-0.6630519084210362,0.6607531746763526,0.2161089112861163,0.0,0.8697399297154684,8,noisy:117,-0.08881331779245633,0.06489245932057211,0.020658440364280006,0.0,0.9593832306201229,8,clean:117,-0.9106823644973067,0.7165698115775037,0.23760387451784173,0.0,0.9428136203720988
19,5,8,clean:63,-1.3570838884750192,0.7252813974032991,0.23122552687707817,0.0,0.9866909556971801,8,noisy:63,-0.07582425562121459,0.05420758484997673,0.020978542031336252,0.0,0.9549724292397498,8,noisy:84,-0.6058333837710723,0.29605282486754325,0.09842528921697254,0.0,0.9880196422862582
19,6,8,clean:117,-0.737717563346074,0.4850818688508124,0.1898908791814974,0.0,0.9577600652107392,8,noisy:84,-0.06723920532283544,0.050874800260084486,0.016602615774547927,0.0,0.9578586089161915,8,clean:21,-0.587975700596437,0.5240576111880673,0.15790803151955218,0.0,0.9424951231253845
19,7,8,clean:63,-1.0500604331223182,0.7910007107892204,0.24998873843316297,0.0,0.9565075544305037,8,noisy:117,-0.07550170023905683,0.051662797415230444,0.018469209080745792,0.0,0.9677474552123153,8,clean:21,-0.8230130653138834,0.7340659140980941,0.20714447949057857,0.0,0.9488871751475376
19,8,8,clean:117,-0.9499928826621951,0.6645693282904226,0.23659363841809233,0.0,0.9535426287829386,8,noisy:84,-0.021730674726845183,0.014638159665470947,0.0052586987855226495,0.0,0.9650885020892296,8,clean:117,-0.41892935754457916,0.24075231474896158,0.08709815821734757,0.0,0.9787905079330639
19,9,8,clean:117,-0.817181709701627,0.6608035237336889,0.24030560585553304,0.0,0.9374635977495057,8,noisy:63,-0.10372597144692594,0.07175818096465791,0.023157038902571116,0.0,0.9740748314553207,8,clean:63,-0.9713691431755924,0.7180532015848485,0.18984698268106212,0.0,0.9709752776364251
19,10,8,clean:117,-0.7435293163442027,0.5120967376885706,0.1556302048124035,0.0,0.9703167864183889,8,noisy:21,-0.10570262083541221,0.08967726371608842,0.024384147885986734,0.0,0.953520693038151,8,clean:21,-0.4979571421835137,0.5161272040781097,0.19078280798897104,0.125,0.8210708988135004
19,11,8,clean:21,-0.8443146600005125,0.6264264448445895,0.22914077058823693,0.0,0.9513614232667091,8,noisy:42,-0.17586051376746328,0.14765881505302564,0.04213381895389899,0.0,0.9376980322641598,8,clean:117,-0.5924914332744914,0.36494996258018214,0.14479817986679286,0.0,0.9697173820662272
20,0,8,clean:117,-1.4351644801196317,1.108436645827219,0.4341718368134396,0.0,0.9344141279815075,8,noisy:117,-0.13856313561424008,0.10458789849768935,0.033844239801122514,0.0,0.9458701301285599,8,clean:117,-1.0588746793990829,0.85813072579917,0.26652583680413744,0.0,0.9543041657443476
20,1,8,clean:21,-1.73945798050399,1.2056616258889432,0.4562339500294604,0.0,0.9565891787051682,8,noisy:42,-0.39134749936492963,0.2846025206595767,0.08572322411911915,0.0,0.9638661912290022,8,clean:21,-1.3389516205000354,0.8838390091885948,0.29946222477358736,0.0,0.9671005462945548
20,2,8,clean:117,-0.9888668363111773,0.7525069221406719,0.24706186659460355,0.0,0.9464334794035312,8,clean:117,-0.15990526323902574,0.06627045572860601,0.020517584610850934,0.0,0.9925741707289886,8,clean:63,-0.7130390409593381,0.6347438016231343,0.23025627090363812,0.0,0.9084554706803305
20,3,8,noisy:42,-1.017470907014134,0.5755901807446531,0.2032528491447005,0.0,0.9784110974605141,8,noisy:42,-0.33714377077136926,0.2844002763833612,0.0881282559820423,0.0,0.9482706485281434,8,clean:63,-1.2668933748984113,0.6642967870989885,0.21406049960552842,0.0,0.9876087514995386
20,4,8,clean:117,-1.1717324039200228,1.109208434773049,0.3814386212922216,0.0,0.8964414680197245,8,noisy:42,-0.13310431995705138,0.08958220202467598,0.032171062773898,0.0,0.9654660012340105,8,clean:63,-0.6501016679311024,0.3990149339764194,0.13728833302100676,0.0,0.9728445548277374
20,5,8,noisy:63,-1.2068402613041491,0.5234337781795317,0.20691013057526778,0.0,0.987997596184202,8,noisy:63,-0.5802165364398485,0.46821364444780017,0.17159030684129536,0.0,0.9423966400860224,8,noisy:117,-1.1206142717715264,0.25117169493286085,0.09309454171466386,0.0,0.9978676616391656
20,6,8,clean:63,-0.7123128554171919,0.4372402097593534,0.14290725966530587,0.0,0.9786200447358009,8,noisy:117,-0.1269483937869958,0.12130295369309152,0.036300800727471244,0.0,0.9094252500408135,8,clean:63,-0.8342126076701329,0.6665794527359626,0.1790815860156516,0.0,0.9621232154000408
20,7,8,noisy:117,-1.211126890158247,0.40336128450571596,0.12120014607951815,0.0,0.9967341621333742,8,noisy:117,-0.4290759416661094,0.3311548643364841,0.10363957222418727,0.0,0.9539424420143549,8,clean:117,-1.4726288247342922,0.5140714527631204,0.14003928704714017,0.0,0.9966195303142835
20,8,8,clean:21,-1.8198994066674166,1.3328056832762192,0.48824338413884977,0.0,0.9449601272487775,8,noisy:21,-0.18724811927858653,0.1501350118407525,0.04595281752776905,0.0,0.9229219769433429,8,clean:117,-1.0035664268284188,0.8875888521854874,0.2781558603890925,0.0,0.9263167195785293
20,9,8,clean:117,-0.9579436598612573,0.550261565830013,0.17013844818845147,0.0,0.9842659303664597,8,noisy:42,-0.06163227614786395,0.047301716419326845,0.01465112037106785,0.0,0.9669817026181858,8,clean:117,-0.7883269662483876,0.408771478707576,0.13497703035993072,0.0,0.9865433402070238
20,10,8,clean:117,-0.5692855532604528,0.2851226044363151,0.08349499226389752,0.0,0.990988735622046,8,noisy:84,-0.07836133907140475,0.056374857369205396,0.02201663121733058,0.0,0.9476197757037975,8,clean:21,-0.5464081214106006,0.34977226160182107,0.10768665028870304,0.0,0.9798599870565945
20,11,8,clean:21,-1.802757594627502,1.0429047164643426,0.3097989014545811,0.0,0.9824955831904528,8,noisy:21,-0.2258229234000034,0.16995462078114126,0.053856504304512776,0.0,0.9704561810951828,8,clean:21,-1.2162112805763166,0.5168426422888361,0.1560188035067421,0.0,0.9930852847475877
21,0,8,clean:117,-1.0517054033133697,0.7450868612811218,0.2422165400291854,0.0,0.9623744824783751,8,noisy:21,-0.2599213451762009,0.23248497099382312,0.060069515249114185,0.0,0.9467581561358291,8,clean:117,-0.959780052506171,0.5642906945725816,0.1966620599878737,0.0,0.9746738173787146
21,1,8,clean:63,-0.893333750211088,0.3948689110417275,0.14489695459207508,0.0,0.9891698444883098,8,noisy:84,-0.07177813940120972,0.04391061794880748,0.013361384164425484,0.0,0.9845265788871573,8,clean:117,-0.9306214005607445,0.708460500252466,0.256315057729797,0.0,0.9376062344490357
21,2,8,clean:21,-1.4125980803944744,1.1356538984505913,0.37472951876103977,0.0,0.9532883916284549,8,noisy:117,-0.16496783934059217,0.1342172652803739,0.0390727780081154,0.0,0.9361454286011791,8,clean:63,-0.9637934160897585,0.8071092015435272,0.2598185781673523,0.0,0.9425507660453367
21,3,8,clean:21,-0.9764589234961291,0.560279722521602,0.18996602895427678,0.0,0.9815759315779652,8,noisy:42,-0.2661754965437068,0.21759782838044556,0.07773130592121727,0.0,0.9376158517126315,8,noisy:42,-0.9080263109270731,0.2987205095259896,0.0985552436078635,0.0,0.9960493803158547
21,4,8,clean:117,-1.3846063534449746,0.8407120265059452,0.2647597718747787,0.0,0.9786043653756487,8,noisy:21,-0.13977397175501133,0.10924319343325092,0.03136173459759834,0.0,0.9526403047614921,8,clean:63,-0.6402097147158702,0.31872869724834063,0.10162483087725947,0.0,0.9877851043524924
21,5,8,clean:21,-1.0577839225947074,0.46803262811027113,0.13810752388072253,0.0,0.9928752675755009,8,noisy:117,-0.11667138407027253,0.08538059826540016,0.026428866205437003,0.0,0.9592140777248533,8,clean:21,-0.7637724795546277,0.47179545218591684,0.1525079366243806,0.0,0.9769404304567499
21,6,8,clean:21,-0.7806075293911514,0.3606137624281335,0.10378491383679252,0.0,0.9915177529357917,8,noisy:63,-0.10550785763517093,0.05356542157872142,0.0172335927419446,0.0,0.9874446767424996,8,clean:117,-0.7150844951897398,0.3462169033714877,0.11079263005829339,0.0,0.9894039869204598
21,7,8,clean:63,-1.5010674026378679,0.8237642626916903,0.2610742224951424,0.0,0.9850188087779469,8,noisy:63,-0.12304385926332295,0.04991927029646481,0.019193441956815056,0.0,0.9917856866346284,8,clean:21,-0.824597078474121,0.4434890127794188,0.134193875975437,0.0,0.9854571919039694
21,8,8,clean:117,-0.6813250355110776,0.34032582862515515,0.10365963257853732,0.0,0.9884641067076505,8,noisy:21,-0.16194284281346705,0.1414813003897515,0.049304806709869774,0.0,0.9151178630858081,8,noisy:21,-1.0357136840664243,0.3998581812834837,0.14012525569940157,0.0,0.9933741659017226
21,9,8,clean:21,-1.3846521406149999,1.2883132226714942,0.4216112992812198,0.0,0.8653453831043023,8,noisy:21,-0.29438469664121,0.19354834500996027,0.06133478071038252,0.0,0.9732386615467633,8,clean:21,-0.9228087941111665,0.7286831136421399,0.23595926509817958,0.0,0.9618081669228664
21,10,8,clean:117,-0.768815157474662,0.5566620107195244,0.19276698351896868,0.0,0.9608445165108568,8,noisy:117,-0.27546888272945325,0.14353662718642846,0.04359891308694508,0.0,0.9864912971895151,8,clean:63,-1.2507632717953858,0.7996330882517739,0.2638140115190506,0.0,0.9718328151826896
21,11,8,clean:117,-1.0503136886116833,0.5371181164686742,0.17388651952104542,0.0,0.9848413403434938,8,noisy:42,-0.09577994108792832,0.07057473252423967,0.024004186170676664,0.0,0.9671446506609944,8,clean:21,-0.9542417688343467,0.4265725039079079,0.13496488881740104,0.0,0.990647747943234
22,0,8,clean:63,-0.9974669550792589,0.7101704429122289,0.22158624586117637,0.0,0.9703101204308074,8,noisy:84,-0.24205778507677966,0.15589816694103348,0.06180245320253668,0.0,0.9597982624321773,8,clean:117,-0.7481852269724321,0.506703131260879,0.1713790787662783,0.0,0.9701594681916598
22,1,8,clean:21,-1.2995278504835508,0.9138688879510883,0.30527564056879347,0.0,0.9570170944793015,8,noisy:84,-0.20300919160547215,0.15888821653505994,0.06259392222274723,0.0,0.9410460937954673,8,clean:117,-0.8047230689815965,0.4571801613133124,0.1246298752290264,0.0,0.9870683926004391
22,2,8,clean:63,-1.2542665719469401,1.0426581068157625,0.3362241304126546,0.0,0.9396675850218431,8,noisy:42,-0.08180523070395064,0.04930042242248209,0.018378780871668703,0.0,0.9747762576907144,8,clean:21,-0.8041709927751755,0.5069507894106982,0.1667113318668535,0.0,0.9737934474955983
22,3,8,clean:117,-1.026335304038028,0.8670440045471411,0.28425056164576595,0.0,0.9042474550792297,8,noisy:21,-0.14930930762351755,0.10505645352701534,0.03263474764964339,0.0,0.9521496630330791,8,clean:63,-0.9904684567790958,0.7908416091951873,0.2727226331503009,0.0,0.9361894883175217
22,4,8,clean:21,-0.8798133828074934,0.5292711225170994,0.17607597811690373,0.0,0.9805716129052836,8,noisy:21,-0.285415814636936,0.18766278123957886,0.05461905919129479,0.0,0.972587923377875,8,clean:63,-0.7770617344778687,0.4286501789684334,0.14167570996137813,0.0,0.9816791470098076
22,5,8,clean:21,-0.982206530825657,0.5199485313394651,0.1615551275683912,0.0,0.9868217034932534,8,noisy:42,-0.1556834076524625,0.13395835640782963,0.046094953904231274,0.0,0.9346807325676189,8,noisy:84,-0.7253791275200727,0.4260027613124479,0.12430082900811117,0.0,0.9843997945444543
22,6,8,clean:63,-1.1023159887507608,0.6501935451355549,0.21904385676642527,0.0,0.977536858554516,8,noisy:21,-0.22511433375677598,0.15301087884532333,0.045950206284623235,0.0,0.9666414040052451,8,noisy:117,-0.6607988645560867,0.3557968010512933,0.1051128300559424,0.0,0.9881314468810446
22,7,8,clean:117,-1.28618011604107,0.9720774237450479,0.3134716324350106,0.0,0.9512154357422773,8,noisy:21,-0.08133179789001635,0.02570832780112392,0.00933075690536764,0.0,0.9951529755917803,8,clean:21,-1.2533600602400166,0.8995403633311645,0.3150050028382113,0.0,0.9512334835954639
22,8,8,clean:63,-0.6931852709396629,0.5012735166739153,0.15914725608756458,0.0,0.9718606286980626,8,noisy:21,-0.13740698662293313,0.1121667172334948,0.03244741784222782,0.0,0.9388840997710179,8,clean:21,-0.775552358543108,0.5850516410787711,0.1785946105268818,0.0,0.9587350545064726
22,9,8,clean:63,-0.9375980175126739,0.5230725704820811,0.15968071163398234,0.0,0.9853302096599343,8,noisy:84,-0.1335188159598113,0.11185164090853335,0.036839519504082825,0.0,0.9309770443518387,8,clean:63,-0.7514337059114564,0.4803122988815701,0.1470300878630728,0.0,0.9722986799630967
22,10,8,clean:21,-1.1485244096692853,0.6968404650608492,0.23936266487776572,0.0,0.9744672787801827,8,noisy:63,-0.14000170957577696,0.05832664002941701,0.018871097628871764,0.0,0.9931534203360711,8,clean:21,-0.6831238207740378,0.3782016216117754,0.11218493277200846,0.0,0.9858324697458776
22,11,8,clean:117,-0.8879173372953881,0.47249801361153587,0.1576147648747542,0.0,0.9841588019944005,8,noisy:84,-0.09109684491074774,0.05880413900829223,0.021650553760499323,0.0,0.9691376506036973,8,clean:63,-0.5373783150286267,0.3123892082639603,0.09572604232533725,0.0,0.9861693322805724
23,0,8,clean:63,-0.8590389645768847,0.5759728190628473,0.16243395069954425,0.0,0.9759243220372715,8,noisy:21,-0.09702582869409064,0.05638448936414313,0.01996409352735404,0.0,0.9786664490200236,8,clean:117,-0.739440683650864,0.3982756867906604,0.12663522539628255,0.0,0.9857357005892021
23,1,8,clean:21,-1.3143269014794716,0.4496278212350169,0.1379412110849187,0.0,0.9963343474809747,8,noisy:117,-0.3610409138908262,0.21555782644553767,0.06352212487526246,0.0,0.9822513938580372,8,clean:63,-1.445759937486763,0.9023502375348145,0.33973500398157896,0.0,0.9678799922277634
23,2,8,noisy:21,-0.7771983434235574,0.3248110259228255,0.1314828068259314,0.0,0.9882509467184483,8,noisy:21,-0.06251876289383576,0.04354512545110511,0.015058841836663821,0.0,0.9560015313386305,8,noisy:21,-0.6467560910895742,0.4184751941036492,0.1463790224603325,0.0,0.9681252800145933
23,3,8,noisy:21,-0.769360153740192,0.3616027788828205,0.12319562721341097,0.0,0.9898100459717142,8,noisy:21,-0.12104754383080657,0.08876948544490229,0.026913496700285425,0.0,0.9597289051685078,8,clean:63,-0.8458077120119246,0.7446381947202997,0.24996414994983232,0.0,0.9403522351190094
23,4,8,clean:21,-0.8476003099361344,0.5479409142324585,0.19914766936635234,0.0,0.9670864912932533,8,noisy:21,-0.22799128343306396,0.15208734213345737,0.051469754189107465,0.0,0.9685195427920769,8,clean:63,-0.6928874365704705,0.45486632486973183,0.14116223108043666,0.0,0.9765946402685164
23,5,8,clean:21,-1.0710885116188087,0.6113595008842334,0.2531384300307116,0.0,0.9705671714477718,8,noisy:21,-0.17653348333419866,0.12874274611911257,0.04575206706445403,0.0,0.9637536781191255,8,clean:63,-1.3076994720310688,1.0134109574979544,0.30999369478765937,0.0,0.9524631771877441
23,6,8,clean:63,-1.0732829487922881,0.6239608948573903,0.23636051656608148,0.0,0.973123176499386,8,noisy:21,-0.24600655311759284,0.2194781281617338,0.07410697932008058,0.0,0.925501268168531,8,clean:21,-0.8918073556994228,0.8219656838063052,0.2273506813093555,0.0,0.9371571462940245
23,7,8,clean:21,-0.9119633822139332,0.47583927368599377,0.1481321280773275,0.0,0.9867072604017108,8,clean:63,-0.08343187116573397,0.05142239030992089,0.015678002160737135,0.0,0.9816012012748314,8,clean:63,-0.711292877728514,0.3419376799365086,0.13215502605059049,0.0,0.9846803825928101
23,8,8,clean:117,-0.8150986167123435,0.5594548197624054,0.1677088033835588,0.0,0.9677168756308895,8,noisy:84,-0.21862234188005775,0.1889474489939083,0.056910291065532005,0.0,0.925441119969038,8,clean:117,-0.5004812889179284,0.46958088689067257,0.17218744483023996,0.0,0.8985010212983987
23,9,8,clean:63,-0.8892509987224404,0.670311136726376,0.22377919882917105,0.0,0.9475607671273271,8,noisy:21,-0.18898251887627038,0.1312767858257939,0.04439234918352824,0.0,0.9657772257917568,8,clean:63,-0.9628502988940848,0.8033947711816076,0.26248190748484973,0.0,0.9511135222508006
23,10,8,clean:21,-1.3845974535257008,0.653706760169294,0.19955913146315976,0.0,0.9893356878111241,8,noisy:117,-0.3643367363862803,0.23974809954596984,0.08513525476955357,0.0,0.9706198100292338,8,clean:117,-1.3922265508817826,0.7242798026308027,0.23736602340501348,0.0,0.9874322325482254
23,11,8,clean:117,-0.8211665606323825,0.3242920055053771,0.12256265691173059,0.0,0.9910258558351794,8,noisy:21,-0.11416071122929207,0.07147934260156073,0.02209251939598237,0.0,0.9802181008477823,8,clean:63,-0.9928813225339508,0.8092875026186646,0.24364733697549956,0.0,0.9521351074482136
24,0,8,clean:63,-1.2072088150744,0.8915300731855664,0.3100169193638571,0.0,0.944643318436492,8,noisy:21,-0.16338469564477284,0.13195223782073562,0.04072762930120958,0.0,0.9233526804630233,8,clean:63,-0.7588084973028858,0.5640003586289002,0.17907933459850978,0.0,0.965291624017585
24,1,8,clean:117,-1.3286801904453172,1.006971750509003,0.35131237069535026,0.0,0.933910862500147,8,noisy:21,-0.08505074952067572,0.06733567268225933,0.022070722818578668,0.0,0.9489464460782242,8,noisy:21,-0.6296890190823412,0.3125427809957775,0.11678019501660292,0.0,0.9853246483212543
24,2,8,clean:117,-0.9959436009248424,0.36440769583132937,0.11649877977009868,0.0,0.9947767288131598,8,noisy:117,-0.18116865868955362,0.13948994977549128,0.0431267666935794,0.0,0.9600306578322261,8,clean:21,-1.0009531085293735,0.7534070903578513,0.2052932094777841,0.0,0.9686258571548323
24,3,8,clean:63,-0.9396337353844455,0.5613694909112743,0.20780259594005657,0.0,0.969307270225326,8,noisy:21,-0.09396649785809508,0.07287558904020536,0.024304098287015474,0.0,0.9536336568261582,8,clean:63,-0.9626404337774908,0.7584966850915302,0.2312362754097451,0.0,0.9436123008827916
24,4,8,clean:117,-0.6546713513041431,0.3089846228847835,0.11994353239774244,0.0,0.9865214384015517,8,noisy:21,-0.06226086239613125,0.04457238323537438,0.015997534401376776,0.0,0.9558903423228491,8,clean:117,-0.7383399464444199,0.4908647703040796,0.15119810453633192,0.0,0.9719376212187956
24,5,8,clean:63,-1.2595581779757183,0.8317672296857213,0.3011984604471848,0.0,0.9579884711641381,8,noisy:21,-0.12994969673775497,0.10542760676129945,0.030256910971417122,0.0,0.9573016654995623,8,clean:63,-0.6846929446185952,0.4308077080176547,0.13276888147529947,0.0,0.9790543302805101
24,6,8,clean:117,-1.2579227207986703,0.9979932673063294,0.3078472277872919,0.0,0.9456697127513986,8,noisy:117,-0.1513400976199082,0.09130106468408047,0.029030331684359888,0.0,0.9820394914897822,8,clean:63,-0.940018588929578,0.598069857814005,0.22727657998210363,0.0,0.964664247400092
24,7,8,clean:63,-0.8645835570866658,0.5387718744249856,0.17742194362433153,0.0,0.9729833132179833,8,noisy:21,-0.13490294874544342,0.09047021304051805,0.027956288035383907,0.0,0.9713764348390088,8,clean:117,-0.8141324962096266,0.5177384930244548,0.17974817311535093,0.0,0.9676630597112348
24,8,8,clean:63,-1.2179356097619702,0.8951575248981016,0.2911185855932734,0.0,0.957010502911957,8,noisy:21,-0.2201084718166762,0.17161414682598683,0.0555305824916551,0.0,0.9310308079624512,8,clean:117,-0.6664941740857899,0.32111931679874084,0.11473863324695399,0.0,0.9888284301305402
24,9,8,clean:63,-1.373326729396445,1.0538039352193957,0.35536999740110314,0.0,0.9459116492939298,8,noisy:42,-0.1268387168435487,0.09767134120853754,0.03304876497695339,0.0,0.9484599852401798,8,clean:117,-0.7916541776070936,0.5474636519822083,0.1810096906378556,0.0,0.970843209452925
24,10,8,clean:117,-1.2287054726612214,1.0708058514209022,0.35397126701318454,0.0,0.930496754423256,8,noisy:21,-0.2093845597314485,0.16839669085407094,0.04871053677206652,0.0,0.9471961989188751,8,clean:63,-0.9649677585753871,0.7042918632825472,0.19862382921452762,0.0,0.9694861027354618
24,11,8,clean:63,-0.8693866265677863,0.5190317476488558,0.1590930362884573,0.0,0.9840357933146429,8,noisy:21,-0.16552805470023102,0.10175620954932761,0.030844862838484047,0.0,0.9763677585318618,8,clean:21,-0.8199955138661716,0.5570313337276148,0.20618019522268352,0.0,0.962753661233754
25,0,8,clean:21,-0.7893224632527892,0.5291998794040342,0.17870146851302054,0.0,0.9735772119169676,8,noisy:21,-0.16614217622056227,0.08750234700130294,0.025207433374678852,0.0,0.9890010385105826,8,clean:21,-0.7274014711772843,0.41388624606787383,0.17610912625396974,0.0,0.9716046646223453
25,1,8,clean:117,-1.7710901044333278,1.4684876916167524,0.5223132323070215,0.0,0.9088082871014826,8,noisy:21,-0.1592706746970092,0.10614605684007794,0.03190052968932661,0.0,0.9683484315852482,8,clean:117,-0.7750613454164895,0.3895033559930512,0.13553466341475556,0.0,0.986634135935488
25,2,8,clean:63,-1.7666980497907865,1.3604673088513612,0.5504510257001544,0.0,0.9106544286498403,8,clean:63,-0.16149332116485227,0.08963637545379396,0.028022510339160887,0.0,0.9834789349670181,8,clean:63,-1.296725893524522,0.9643556952732008,0.3718119682478168,0.0,0.9263173550653617
25,3,8,clean:63,-1.8701266014964237,1.6326052007989769,0.5903957121120366,0.0,0.8916110015173556,8,noisy:42,-0.15844209502102424,0.09840654732171435,0.028572148773064694,0.0,0.9839668674321513,8,clean:63,-1.2805578169689982,1.0481223074511021,0.30712963753742595,0.0,0.9408744453762279
25,4,8,clean:63,-1.1334044569701862,0.6980074058284113,0.22679549990400305,0.0,0.9757605040704551,8,clean:117,-0.1787702707618506,0.05764398620942639,0.02241307058655413,0.0,0.994361338861507,8,clean:117,-0.9265307023994916,0.7047901690728974,0.22216855823790801,0.0,0.9634538965690265
25,5,8,clean:63,-1.532420869321257,0.9210148451444172,0.3530388148430586,0.0,0.9719662121442508,8,noisy:63,-0.2557684529657723,0.13826809513171476,0.05317717812442353,0.0,0.9770200892239157,8,clean:63,-1.132669120834393,0.7623137708718657,0.22233371815720987,0.0,0.9741561186659221
25,6,8,clean:21,-1.4656910639642045,0.9647938391756543,0.34071060158455085,0.0,0.9593633892649167,8,noisy:84,-0.11661075167678706,0.07668243660589431,0.024237489404951507,0.0,0.976213743220156,8,clean:63,-0.7875618508582574,0.5136696908205803,0.1431769146870616,0.0,0.9839887882763869
25,7,8,clean:63,-1.9367815171555796,1.532109098859726,0.5709393248916512,0.0,0.9202098377167839,8,noisy:84,-0.06990635243636648,0.048841324563461075,0.012999022497822742,0.0,0.9806206015049879,8,clean:63,-0.9113875670779084,0.5231008128803543,0.15632027476400795,0.0,0.9815831553371022
25,8,8,clean:63,-1.2129330490107526,0.7641735773527193,0.24170540718144634,0.0,0.9782605988302104,8,noisy:63,-0.2707047289444282,0.17264734328647258,0.04740832033706291,0.0,0.9804144562752949,8,clean:63,-0.8895966888484017,0.4532934498870529,0.1627231156880645,0.0,0.9850030696762881
25,9,8,clean:117,-1.2072421010188719,0.7447116290236486,0.30374588522997936,0.0,0.9646912659226301,8,noisy:84,-0.12996231360259153,0.06772276520223491,0.020133043040537823,0.0,0.9893295391892547,8,clean:21,-1.218185654309162,0.9197238558616472,0.3083873176625683,0.0,0.9587626676339391
25,10,8,noisy:84,-1.1086512096690684,0.5085206346614448,0.16953360253932026,0.0,0.9895911123692975,8,noisy:21,-0.0951678205698331,0.05197490586288439,0.016914692959072566,0.0,0.9838423523596487,8,clean:21,-0.7595332320714056,0.41367144953393054,0.11415788907207727,0.0,0.9889872017380886
25,11,8,clean:117,-1.1768653682919477,0.44596039128921416,0.1709046289346417,0.0,0.9916778193322948,8,clean:63,-0.14067452026533372,0.09132884610446859,0.032748258304193645,0.0,0.9721757097916103,8,clean:117,-1.0507976240742407,0.6620810622920251,0.2489687143767509,0.0,0.9667404004131099
26,0,8,clean:21,-0.8729103380566501,0.3623507678650282,0.12422822923761886,0.0,0.9916257905827053,8,clean:21,-0.07267293435858924,0.03304794269486146,0.01113250316055229,0.0,0.9892397641337873,8,clean:21,-1.031142090992446,0.6036485682739696,0.19863596025106697,0.0,0.9772845935487705
26,1,8,clean:117,-1.1941669801706958,0.5870124360750074,0.215542161335061,0.0,0.9845015707554956,8,noisy:21,-0.17006398773594883,0.09062212049372012,0.02724211066586593,0.0,0.9858759170247379,8,clean:117,-0.8571206037847949,0.553551824075484,0.18055283251303678,0.0,0.9787792385767942
26,2,8,clean:63,-1.4986979778614578,1.0475065565462258,0.3300813024177761,0.0,0.957114059794666,8,noisy:21,-0.17444244446080154,0.10029074078572825,0.029477618544764383,0.0,0.9861905252195386,8,clean:117,-0.8740044847631512,0.5765766461096575,0.16890735037256457,0.0,0.9779267028642556
26,3,8,clean:21,-1.4483060963334515,0.852226093261784,0.23136512754842486,0.0,0.9863552776720883,8,noisy:21,-0.046723937952939464,0.024912229391469254,0.008349201421885489,0.0,0.9828911121423934,8,clean:21,-0.9252312350936076,0.5840009649003162,0.18454665813984375,0.0,0.9793856560260865
26,4,8,clean:63,-1.8158068797943732,1.3763343652537021,0.5370077506591728,0.0,0.9301011103032587,8,clean:63,-0.17394021830260203,0.11306533829849026,0.03558653049797082,0.0,0.9746874944739633,8,clean:117,-1.5658616124200826,1.0853870104320338,0.42930687899174097,0.0,0.9445296549698196
26,5,8,clean:21,-1.1543448679660757,0.5857769727802211,0.1797084990235659,0.0,0.9884692613562194,8,noisy:42,-0.27005482309867485,0.17637219498691548,0.06390448957223314,0.0,0.9701963212242775,8,noisy:21,-1.1100687306307895,0.28714207752107246,0.09140244989007888,0.0,0.9977998561883172
26,6,8,clean:63,-1.8838843065206465,1.2126330837613348,0.41299846949340474,0.0,0.9725720303104373,8,clean:63,-0.25478257222459694,0.15041894272482176,0.04661571562106381,0.0,0.9787243002082145,8,clean:63,-1.2883836137636173,0.7507230245198546,0.2932231321733892,0.0,0.9697681029365437
26,7,8,noisy:42,-1.2904924259639634,0.3868924859092353,0.13570083139432934,0.0,0.9963518474816023,8,noisy:63,-0.5034282663180984,0.39994021640884697,0.14380250708626735,0.0,0.9402798641566864,8,noisy:63,-1.3971719853958893,0.6190965920392295,0.20316930040910242,0.0,0.992210081712012
26,8,8,clean:63,-1.1734406162889903,1.0036320333419053,0.3293582206755414,0.0,0.9285970178625358,8,clean:63,-0.19586682899378383,0.1296047620404427,0.044968614608210306,0.0,0.9713743891170514,8,clean:21,-0.8896688444894434,0.6933764023801929,0.25303222272565523,0.0,0.9422536857317355
26,9,8,clean:21,-0.959944277156951,0.5724399735497439,0.19808532862001343,0.0,0.9769542555086306,8,noisy:21,-0.1535885119290092,0.07168537469465108,0.024245896792756058,0.0,0.9899631230937275,8,clean:117,-0.9785476877217013,0.5987167676558085,0.21355712373089092,0.0,0.9704121442730577
26,10,8,clean:117,-1.4954318115204042,0.9412290400305936,0.31439806858917607,0.0,0.9753368390638549,8,noisy:63,-0.44858979887708894,0.32888266713597936,0.09470432364483279,0.0,0.9749440268877708,8,clean:21,-1.220698757557925,0.7328580789780108,0.22595186834776965,0.0,0.9857643403380857
26,11,8,clean:21,-1.031506069767493,0.6044322084473956,0.23571104954330088,0.0,0.9712973717979768,8,noisy:21,-0.20314918919790903,0.12671739940510907,0.036630155089414224,0.0,0.9824799070519944,8,clean:117,-0.8678212117795184,0.5793783258466436,0.19626284903041177,0.0,0.9706172585408177
27,0,8,clean:63,-1.8204397204338756,1.252712292796369,0.4993287920303994,0.0,0.9468464892423003,8,clean:63,-0.07649552297958374,0.04312988611055077,0.013717329755525566,0.0,0.9841470345625914,8,clean:63,-1.4336487812276806,0.7692208158174005,0.2754222539680579,0.0,0.9801864778079503
27,1,8,clean:21,-2.0311458069085866,0.6887274875200933,0.22855830927092924,0.0,0.9953054102309484,8,clean:63,-0.07095192512511114,0.025951295629540766,0.0075534204678445495,0.0,0.9958209844284543,8,clean:117,-1.5838002271827936,0.8699791270644803,0.35897091340065024,0.0,0.9753724530895063
27,2,8,clean:117,-1.6778047098570803,0.9589672018055447,0.32664553101936283,0.0,0.9799618511131429,8,noisy:117,-0.12248520042968553,0.07890448939283279,0.024716216645303834,0.0,0.9800702767662182,8,clean:63,-1.1980776452365118,0.7345586846193157,0.26408807984958876,0.0,0.9679181378717492
27,3,8,clean:63,-1.9072875116846133,1.167158191341591,0.33707121670166584,0.0,0.9825938457051431,8,noisy:21,-0.4099900321739872,0.2982305581734354,0.09541506309775155,0.0,0.9605032862611247,8,clean:21,-1.8661523420370019,1.0891318634347582,0.3347298109141667,0.0,0.9820379323115234
27,4,8,clean:117,-1.2230656529737851,0.5726889350187108,0.23633247617764197,0.0,0.9836905176922465,8,noisy:21,-0.03133624623113329,0.021293654138031935,0.00620557738136914,0.0,0.972984147330756,8,clean:63,-0.9688744610163101,0.5352709252160415,0.20443995443983431,0.0,0.9785664429254013
27,5,8,clean:63,-1.2085544507573607,0.6670407965325165,0.25245512973907924,0.0,0.9777442469715457,8,noisy:21,-0.050862554392722165,0.04029717623163753,0.012014976921012542,0.0,0.9351048735863157,8,clean:63,-1.3943380258557676,0.9327337048228252,0.31195867664355487,0.0,0.9681690675981832
27,6,8,noisy:42,-0.7932299405838641,0.2546584092822204,0.08335440477966344,0.0,0.9960730680296342,8,noisy:84,-0.06142100547002867,0.027811347148201535,0.008701942238224934,0.0,0.9913579917491946,8,clean:63,-0.8840920453659933,0.4341526606632188,0.1318835575353638,0.0,0.9900909357385452
27,7,8,clean:63,-1.630230853054215,1.245935457288748,0.4621159760702045,0.0,0.9260384615987389,8,clean:117,-0.0924987243968825,0.05554031083477676,0.019311099831850483,0.0,0.977567282355462,8,clean:117,-1.1495230009870854,0.7132381147479686,0.22046655206571392,0.0,0.9743965549240972
27,8,8,clean:21,-1.6699139503352478,1.3490334530377097,0.4577882172302066,0.0,0.951100976295611,8,noisy:21,-0.13690293952011254,0.06756079673478393,0.023595413210761855,0.0,0.9867947623785078,8,clean:117,-1.0168543470882556,0.6334236494648937,0.21262944381023785,0.0,0.977509963449908
27,9,8,clean:63,-1.352774866081546,0.9424568685375506,0.2998533554371761,0.0,0.9661464298794685,8,noisy:21,-0.09382626859933918,0.05638516551784964,0.016288765784648405,0.0,0.9844935794678051,8,clean:63,-1.5302390093752196,0.7886284328861373,0.2321298386048552,0.0,0.9877072885575919
27,10,8,clean:63,-1.151490715683629,0.7280064232020127,0.26879612409911563,0.0,0.9682838107978932,8,clean:117,-0.23158450576280648,0.12937278248288828,0.04100631020582816,0.0,0.9852317960740767,8,clean:117,-1.0732750090417642,0.7208480953763798,0.24408710710637652,0.0,0.970200821913311
27,11,8,clean:63,-1.7428172608514834,1.0118075547183514,0.32948660051934514,0.0,0.982681879509599,8,clean:21,-0.23845510083021687,0.158405783998129,0.05043095573086168,0.0,0.9755293732899899,8,clean:21,-1.3617327679852709,0.5050646466851958,0.15697919093889304,0.0,0.9941052179281479
28,0,8,clean:21,-1.290345107874986,1.1992474777870767,0.4080553337371467,0.0,0.8842353775094233,8,noisy:117,-0.002088459440784687,0.002016463815691143,0.0006805025181195823,0.0,0.8303347177288831,8,noisy:117,-0.11129506308969866,0.11276477608458568,0.03510460409438022,0.125,0.8525940990114822
28,1,8,clean:63,-0.8108602216577612,0.4413085542520456,0.14931170774555355,0.0,0.9850620054303528,8,noisy:84,-0.04605046859035452,0.029337461284134003,0.008948358517126278,0.0,0.9746911804783489,8,clean:21,-0.8156781359214331,0.32349771633406554,0.09360856844836286,0.0,0.9950068816357168
28,2,8,clean:63,-1.8303889043451855,1.2957362882013976,0.4646834409205652,0.0,0.9582357235886626,8,clean:21,-0.11636824878190294,0.07044928306732759,0.02672649038042068,0.0,0.9696773581841608,8,clean:21,-1.573134806989405,1.1508076983708695,0.45251529664909923,0.0,0.95009657659614
28,3,8,clean:117,-1.1697314161977905,0.660273471990587,0.2306188635209934,0.0,0.9808348922352021,8,noisy:117,-0.04388382354229653,0.024754038783625282,0.00813345307073116,0.0,0.9813452794343099,8,clean:117,-0.8546471385939394,0.41436539128043015,0.16905173130171985,0.0,0.9835983537119467
28,4,8,clean:21,-0.7963746161925431,0.1563362414014764,0.05671153678278131,0.0,0.9984957192246494,8,noisy:21,-0.028681920411972796,0.02284742849823954,0.006642573026286804,0.0,0.944260284849985,8,noisy:21,-0.8731406777088269,0.5859665483463046,0.16066874966095387,0.0,0.9808178856733042
28,5,8,clean:63,-1.0516705278150722,0.5183358370676014,0.2019229484171791,0.0,0.9831295935710841,8,noisy:21,-0.042739149491629165,0.02421176202910291,0.007179450204837063,0.0,0.9833656014400014,8,clean:63,-0.7069265953839838,0.4415377962746352,0.12626283557950327,0.0,0.9845391926020709
28,6,8,clean:117,-0.7661855909649022,0.4424759080272946,0.13746920549543082,0.0,0.9839451399452341,8,clean:117,-0.0827944835318693,0.041648372037739856,0.015645456498592038,0.0,0.9839398542958387,8,clean:63,-1.4485306911296467,0.9725149931214017,0.3688449763885753,0.0,0.9560090402258811
28,7,8,clean:117,-0.85714091262507,0.3452621646693079,0.1219548029692753,0.0,0.9920500899644527,8,noisy:21,-0.013339960987605638,0.00971770057344873,0.0030573103525523846,0.0,0.9467666297042832,8,clean:21,-0.7462293268641228,0.509679525934771,0.14944450556027047,0.0,0.9786714743802515
28,8,8,clean:21,-0.4801970010286094,0.2662847438533278,0.08014647881393784,0.0,0.9856899714863155,8,noisy:21,-0.08941099831316393,0.0872495805877227,0.02867144377559209,0.0,0.8555101270246933,8,clean:21,-0.7059537959499284,0.6497820178924393,0.23348972204871396,0.0,0.8800446827602176
28,9,8,clean:63,-1.0821872608397685,0.9056379454468044,0.25869650968594254,0.0,0.9595723469082119,8,noisy:21,-0.16460315107499746,0.10272433757030294,0.03404588344667525,0.0,0.9729295273293093,8,clean:21,-1.289327885962329,1.058181739193837,0.32110411480083667,0.0,0.9508328289378393
28,10,8,clean:117,-1.0647042220664522,0.7186912773717393,0.22768854906564837,0.0,0.9711412711193207,8,noisy:21,-0.1090922654888326,0.05979823520949491,0.017236402409563454,0.0,0.9867416501798066,8,clean:117,-0.704259072441735,0.20851489286855807,0.06714540060413353,0.0,0.9968507505335086
28,11,8,clean:21,-0.7793330428136931,0.37885087755114566,0.11451039518062478,0.0,0.9892508818952027,8,clean:21,-0.01896317413025965,0.017940276880749548,0.00667864026954587,0.0,0.771920878367714,8,clean:117,-0.3457073291438855,0.29829137707709397,0.09899665597102204,0.0,0.8819583395430473
29,0,8,clean:63,-1.3537838466038004,1.2251332752819852,0.4850711546350324,0.0,0.8333420933247742,8,clean:63,-0.16689891698038858,0.10182593147836592,0.03381213502862469,0.0,0.9774022261216583,8,clean:21,-1.1635328705188523,0.7105750094804171,0.23988567081790943,0.0,0.9787402181904862
29,1,8,clean:63,-1.8612380866278597,1.1998733415690113,0.48413540825148904,0.0,0.9571342188835055,8,clean:21,-0.04236588176701037,0.03716625567034515,0.011352969339682937,0.0,0.9004703403183371,8,clean:21,-1.3846400772144487,0.9640862491223635,0.36432253651738095,0.0,0.9493539359113689
29,2,8,clean:21,-0.557908107789818,0.37281497988080464,0.13214877897054061,0.0,0.9580963147076894,8,clean:21,-0.020147895355969173,0.015468268139309849,0.004372007849391267,0.0,0.9675203228793241,8,clean:21,-0.6221305239823541,0.5171715676757959,0.16538702635665137,0.0,0.9492530702576856
29,3,8,clean:63,-1.7550759635049085,1.1031581510924118,0.4282961008318114,0.0,0.9677233442243912,8,clean:21,-0.12244111051008233,0.08962089697103097,0.025922306104806534,0.0,0.9629672642341569,8,clean:117,-1.562004283772646,1.0014113382778365,0.3736171453135779,0.0,0.9674193174815436
29,4,8,clean:63,-1.4514298850550724,0.662910377770378,0.20478891261654483,0.0,0.991786968429471,8,clean:21,-0.06931220473293598,0.049344049867114256,0.01597330095733919,0.0,0.9663340616933848,8,clean:63,-1.2004228671687556,0.37212755725881386,0.11508305875070889,0.0,0.9967967472604927
29,5,8,clean:63,-1.3473997925466419,0.9753622834794855,0.35835969070496815,0.0,0.9546919717173297,8,clean:63,-0.0876512467472878,0.05272866925843437,0.01942896731669716,0.0,0.9735431639694437,8,clean:63,-1.0541516348315945,0.5350974894442471,0.16875158076864955,0.0,0.9863623153506892
29,6,8,clean:63,-1.279779170177191,0.9311693537388914,0.295940848829704,0.0,0.9513459480016805,8,clean:21,-0.010996352971236193,0.007669276058605443,0.002643535980052706,0.0,0.9558744694523131,8,clean:63,-0.8340964513186309,0.42851893724674767,0.13610160854843778,0.0,0.9874024908153137
29,7,8,clean:117,-0.9175573138140676,0.5196737675371543,0.19899184937403203,0.0,0.9756394108026523,8,clean:21,-0.17264105377781025,0.13584481318640268,0.036822502424456935,0.0,0.9657504817281491,8,clean:117,-1.0193870720228386,0.6927787549684525,0.23228416585543454,0.0,0.9672057453371279
29,8,8,clean:21,-2.0280972806750412,1.6103091749936174,0.6453390804104399,0.0,0.9238648939592957,8,clean:21,-0.17157607620533893,0.14480685799397908,0.05083941706392428,0.0,0.9046305004454812,8,clean:63,-1.7762162374266126,1.2251145521678966,0.48719491016129907,0.0,0.9504803990873316
29,9,8,noisy:21,-1.0422970684808903,0.8472643181470024,0.2485314287100942,0.0,0.9409729742005646,8,noisy:117,-0.13211492864708152,0.1268914412839641,0.03476449442948118,0.0,0.8987436570163687,8,noisy:117,-0.7014676792900576,0.6453951912740704,0.181194071302346,0.0,0.9318393741522433
29,10,8,clean:117,-0.9609752431231002,0.49691161418648083,0.17101467934503412,0.0,0.9834032225999323,8,clean:21,-0.030650770725643955,0.02015411073525761,0.007140208773241637,0.0,0.967240869392432,8,clean:63,-0.8525202398702292,0.5490014183124858,0.19579318633629894,0.0,0.9711540524645875
29,11,8,clean:63,-1.5154538967156226,0.9318465625847813,0.2644920935214431,0.0,0.9842372448036065,8,noisy:42,-0.27725034809422805,0.21252833258939405,0.06296958553875441,0.0,0.9625274449356143,8,noisy:42,-1.2307095128129324,0.6730882162413374,0.19607131056978508,0.0,0.9890809201995686
