operator,call_index,layer,head,discovery_gain,validation_gain,validation_ci_lower,validation_ci_upper,validation_win_fraction,validation_sign_p,validation_bh_q,phase_contrast_discovery,phase_contrast_validation,phase_contrast_validation_ci_lower,phase_contrast_validation_ci_upper,phase_contrast_validation_win_fraction,full_budget_fraction,relative_reference_energy,compatible,phase_selective
landmark,0,0,0,-7.4600028798427065,-7.293566715436768,-7.585122837507995,-6.991276106716554,0.0,1.0,1.0,-0.06898132368363678,-0.07312119070060549,-0.11924808819753387,-0.023947309725157913,0.28125,0.013020833333333334,1.265043877654353,False,False
landmark,0,0,1,-7.495534295750647,-7.442993939004918,-7.587185335068856,-7.294380624381872,0.0,1.0,1.0,-0.5425894379119702,-0.5225773105737661,-0.5607732795933108,-0.4852731281219202,0.0,0.013020833333333334,3.2562618074192566,False,False
landmark,0,0,2,-2.243116579657745,-2.1550624763955804,-2.399393044018483,-1.882921720291208,0.0,1.0,1.0,-0.27461736849070617,-0.2850258255073821,-0.33238898487076746,-0.23562942239039364,0.03125,0.013020833333333334,0.6952488331827001,False,False
landmark,0,0,3,-2.5531513920870172,-2.501831215237633,-2.710296789262672,-2.2832952385494214,0.0,1.0,1.0,-0.22466844802420194,-0.23115041539690184,-0.26807546525276893,-0.19603842447274672,0.0,0.013020833333333334,0.5558870610797173,False,False
landmark,0,0,4,-4.185194703965381,-4.18268254511765,-4.294768795317471,-4.0665676626803435,0.0,1.0,1.0,-0.04197065038106877,0.003454021417254191,-0.050951038857510275,0.0590798940441044,0.46875,0.013020833333333334,1.9196245348924976,False,False
landmark,0,0,5,-5.79012744168181,-5.724803371154014,-5.878965346618977,-5.565041238541951,0.0,1.0,1.0,0.702922505583268,0.8169018386768552,0.6774729788712953,0.9749627751116465,1.0,0.013020833333333334,1.3880313718944937,False,False
landmark,0,0,6,-4.926653885921969,-4.923160737475474,-5.068503369401946,-4.750405220322647,0.0,1.0,1.0,-0.7602724129375731,-0.7609288614157159,-0.8139897961653753,-0.7070346972193773,0.0,0.013020833333333334,1.4428902286034488,False,False
landmark,0,0,7,-6.737260977850369,-6.816083757602006,-6.93736133633077,-6.685489639122672,0.0,1.0,1.0,-0.8097675286133752,-0.8431576662876116,-0.8766667477846131,-0.805852758354279,0.0,0.013020833333333334,0.4274836724528221,False,False
landmark,0,0,8,-2.5185095550769065,-2.380682254266559,-2.593461150801272,-2.1430242412466813,0.0,1.0,1.0,-0.22338432044033935,-0.21562972238596592,-0.2731954053106217,-0.15424005894817022,0.09375,0.013020833333333334,0.2578285617669717,False,False
landmark,0,0,9,-0.6975043587629142,-0.6981082318731565,-0.9370187776046038,-0.470296750569137,0.09375,0.9999998768325895,1.0,-0.07265094933396846,-0.07928123651088936,-0.12437594309503082,-0.02883937171092134,0.3125,0.013020833333333334,0.1972090703575616,False,False
landmark,0,0,10,6.700381999837506,6.610554940837183,6.342372494290026,6.889500698658333,1.0,2.3283064365386963e-10,8.381903171539307e-08,-0.7631070426375253,-0.7498920811351686,-0.7877065353732119,-0.7074866245002908,0.0,0.013020833333333334,0.734956122345647,False,False
landmark,0,0,11,-5.212408947887666,-5.163369678190686,-5.288546068103132,-5.042570776908743,0.0,1.0,1.0,-0.6141349481412545,-0.5935822112419866,-0.6264868349322436,-0.5550475603861764,0.0,0.013020833333333334,3.2531764855108483,False,False
landmark,0,1,0,-2.9233926809411726,-2.8881773626102296,-3.15220997109955,-2.6153062572944092,0.0,1.0,1.0,0.7639712704878785,0.7286942624676938,0.6099627753064425,0.8416630121688164,1.0,0.0546875,0.8512874868705411,False,False
landmark,0,1,1,-6.62126516173147,-6.5130316124242995,-7.019535351853027,-5.980457036953421,0.0,1.0,1.0,-0.013113481658728748,-0.3671295301052018,-0.8078033225771872,0.08540991387534148,0.34375,0.0546875,1.9828954084128667,False,False
landmark,0,1,2,-3.4510598866105586,-3.3549381807257217,-3.569422135988127,-3.1243291080475655,0.0,1.0,1.0,1.0061634547150602,1.079493948752277,0.9746682116143701,1.184912980209555,1.0,0.0546875,1.6617068576507599,False,False
landmark,0,1,3,-2.5687287542407713,-2.472201067542949,-2.789443916282933,-2.1268327413598542,0.0,1.0,1.0,0.32351367995338676,0.3323679615413076,0.23457912219917415,0.43903233061361735,0.84375,0.0546875,0.91763991488654,False,False
landmark,0,1,4,-3.632922436911264,-3.8079301503136893,-4.172506076269028,-3.4289940675347004,0.0,1.0,1.0,0.7574337198885301,0.6002361033079271,0.36077257935719637,0.8301081670956559,0.8125,0.0546875,5.783597707947624,False,False
landmark,0,1,5,-1.6113851469121883,-1.5200202378393266,-1.6973441443366257,-1.3519102990169116,0.0,1.0,1.0,0.22430849020371432,0.18461142668162758,0.13018362918441,0.23607512456941918,0.9375,0.0546875,0.5155555922611129,False,False
landmark,0,1,6,-0.1820189127611677,-0.3226241110783319,-0.5191215607634126,-0.1512368012645087,0.40625,0.8923364251386374,1.0,0.3695606006994361,0.3142219754784721,0.23476547578969806,0.39396192932032204,0.90625,0.0546875,0.5969839934197293,False,False
landmark,0,1,7,-2.1771820189415187,-2.0662769034268447,-2.4137619759348308,-1.7157035181909897,0.0625,0.9999999923165888,1.0,0.6970451848784265,0.7821936321705264,0.589549990472161,0.9995833197705359,0.96875,0.0546875,1.3272081200161987,False,False
landmark,0,1,8,-3.8895295741055884,-3.4283028618989917,-3.8154497790709523,-3.021022481341251,0.0,1.0,1.0,1.412101468677922,1.5823652874429448,1.2436265776892261,1.9242117533323582,0.9375,0.0546875,1.08236008511346,False,False
landmark,0,1,9,-4.688861909166672,-4.671598665528718,-4.849432515696498,-4.483859100759453,0.0,1.0,1.0,-0.599899016296847,-0.5894034121496385,-0.6883719506060977,-0.49414913735947424,0.0,0.0546875,2.617942196050765,False,False
landmark,0,1,10,-0.28068595143016933,-0.14561125131755684,-0.29421252087797223,-0.0006780339701593302,0.375,0.9449079174082726,1.0,0.9466766934209171,1.0217793621165079,0.9276717669188568,1.1085659351914436,1.0,0.0546875,0.8723183119707647,False,False
landmark,0,1,11,-3.6367027711891025,-3.515707180773789,-3.7699257179976624,-3.2371239571442656,0.0,1.0,1.0,-0.31428041571396836,-0.20276333346092024,-0.33297142664451224,-0.08351669559780975,0.28125,0.0546875,0.8351875031478108,False,False
landmark,0,2,0,-2.527256263416355,-2.6039231418923583,-2.805779211784572,-2.4248608484035565,0.0,1.0,1.0,0.4226758335183947,0.38180060398532145,0.22749776493441215,0.5228497240498274,0.78125,0.046875,0.9628420253521767,False,False
landmark,0,2,1,-1.940752708110634,-1.886609837461744,-2.1092616064736056,-1.6528897669883542,0.0,1.0,1.0,1.0598136989263476,1.019602049309627,0.910870528578999,1.1344247145539772,1.0,0.046875,0.7058067142180543,False,False
landmark,0,2,2,-4.07649735439718,-3.624012761530602,-3.9352520481337185,-3.300573762043932,0.0,1.0,1.0,-0.14521457285419703,-0.14406126059921914,-0.2293177693000349,-0.05948743280135886,0.15625,0.046875,1.0371579746478232,False,False
landmark,0,2,3,-3.4641917422740334,-3.3646921472325664,-3.6212537902677346,-3.126015870096627,0.0,1.0,1.0,0.8896750790964884,0.9190661384674972,0.7952949973065285,1.0397438818960831,1.0,0.046875,5.527454767456773,False,False
landmark,0,2,4,-13.168998936160637,-12.962197868655846,-13.243627452184477,-12.711926258682109,0.0,1.0,1.0,-0.9423395088987969,-0.8696431310255229,-1.355823447836116,-0.4554393897685608,0.21875,0.046875,4.772575358463482,False,False
landmark,0,2,5,-2.1295764238992447,-1.9056085628918344,-2.1321261393923834,-1.7000630673501758,0.0,1.0,1.0,-0.00650963769535568,0.021421270949282322,-0.02446712739414818,0.06714387034104105,0.625,0.046875,0.7313463239048731,False,False
landmark,0,2,6,-1.1821683823943303,-1.26041234865301,-1.6574388843810852,-0.9407870577029359,0.09375,0.9999998768325895,1.0,0.3607151908482938,0.41314353299080453,0.2797574264130614,0.5454785707922375,0.875,0.046875,0.6714808710099449,False,False
landmark,0,2,7,-2.3376855996436787,-2.1934555154965336,-2.389469066836917,-1.99912450582981,0.0,1.0,1.0,-0.09978180180973763,-0.18001637277092458,-0.3012883143963307,-0.05894912669058787,0.34375,0.046875,1.621943446585512,False,False
landmark,0,2,8,-3.1045477071821077,-2.8307637736981146,-3.0649698409998973,-2.589354589989314,0.0,1.0,1.0,-0.23492173945795358,-0.1158191450983711,-0.21852902102995536,-0.01076260603937749,0.375,0.046875,1.2169398934489217,False,False
landmark,0,2,9,-0.8369803691802411,-0.6806455913584133,-1.0839899939122286,-0.28793753523256216,0.3125,0.9899691964965314,1.0,-0.669109385131094,-0.6229346764778514,-0.7399208385125341,-0.49820019211189454,0.03125,0.046875,0.611912343612096,False,False
landmark,0,2,10,-1.0004658932623847,-0.9477501950143865,-1.150858468166378,-0.7390397968014433,0.0625,0.9999999923165888,1.0,-0.15359909189126403,-0.09308525825727702,-0.18487776582629328,-0.002018771801807145,0.375,0.046875,0.7949035461860654,False,False
landmark,0,2,11,-2.1413095035816907,-1.9138468667036053,-2.1866734884824526,-1.6459493851262772,0.0,1.0,1.0,0.605641176391541,0.6212651779419022,0.47622939396616865,0.7702386666104837,0.9375,0.046875,5.902213641287175,False,False
landmark,0,3,0,-6.168455095933329,-6.517878128286332,-6.908618059206722,-6.01762834517498,0.0,1.0,1.0,-1.6596838618526975,-1.7415711294929248,-2.1335796372320646,-1.325081002524132,0.09375,0.21744791666666669,6.015371863449937,False,False
landmark,0,3,1,-3.113829616689859,-3.100223534995588,-3.3632784194257197,-2.838363337189698,0.0,1.0,1.0,0.5624406146212099,0.5630489239093899,0.49679448788637937,0.6338374002620489,1.0,0.21744791666666669,0.6959806457366536,False,False
landmark,0,3,2,-4.44849148414837,-4.3178607837308585,-4.676416045672888,-3.9888450212819295,0.0,1.0,1.0,-0.8638570476232723,-0.7704038604856672,-0.8973793285996918,-0.6399203845446388,0.03125,0.21744791666666669,1.0287447057529902,False,False
landmark,0,3,3,-1.558913155696754,-1.5564410201839558,-1.860928100174055,-1.2360338690761852,0.03125,0.9999999997671694,1.0,0.08099899875677208,0.16959878012447704,0.08680444376300271,0.2549758729328863,0.78125,0.21744791666666669,0.8512280053585493,False,False
landmark,0,3,4,-2.621207310933041,-2.5684007308954167,-2.7582854153778142,-2.355741272340623,0.0,1.0,1.0,-0.1937575509003242,-0.09014659786066993,-0.20996308303294975,0.05044390969665245,0.3125,0.21744791666666669,3.710711836386294,False,False
landmark,0,3,5,-3.180365150960891,-3.295175602241267,-3.5323417697034722,-3.0789551440697234,0.0,1.0,1.0,0.43709134660478227,0.3964560319270217,0.24189614036608217,0.5366140507910906,0.8125,0.21744791666666669,1.638459944500155,False,False
landmark,0,3,6,-1.7620017367044367,-1.8356841706076907,-2.0404995781672985,-1.6311656232472505,0.0,1.0,1.0,0.9495465351246676,0.90664487202501,0.783219438988456,1.0290466572852248,1.0,0.21744791666666669,1.3768577457709492,False,False
landmark,0,3,7,-0.5403646529253767,-0.6890591966862498,-1.0271567528082906,-0.348065621534817,0.21875,0.9997324736323208,1.0,0.16421820190257155,0.1582805222291201,-0.027420794128968487,0.36017208653496413,0.625,0.21744791666666669,7.52799543436132,False,False
landmark,0,3,8,-2.471054676312713,-2.4114199937491247,-2.7084952149829458,-2.1514506299780884,0.0,1.0,1.0,0.749366979340595,0.8100665479094846,0.7045025110483837,0.9094039040688616,1.0,0.21744791666666669,0.9712552942470098,False,False
landmark,0,3,9,-0.6972260142192579,-0.8705398933684831,-1.1165567144975566,-0.6341274819557685,0.03125,0.9999999997671694,1.0,1.4501793611889757,1.2969690876270477,1.129107522086309,1.4432599939108621,0.96875,0.21744791666666669,0.6767176022539411,False,False
landmark,0,3,10,-1.3469564345526752,-1.3948259607993698,-1.615114611967862,-1.171093568347129,0.0,1.0,1.0,0.32559127030453705,0.30415372548667996,0.2457346605309877,0.35971288110491795,0.96875,0.21744791666666669,0.6908514086726119,False,False
landmark,0,3,11,-2.463772408079652,-2.560448545619003,-2.882664160312016,-2.243015930283261,0.0,1.0,1.0,0.46731487655520454,0.42181331278535206,0.3372729471603401,0.5035333946092552,0.9375,0.21744791666666669,0.7021958621335277,False,False
landmark,0,4,0,-2.842563782542822,-2.660894048392051,-2.8494242476477765,-2.4532220466876145,0.0,1.0,1.0,0.07780642823137132,0.03523238062358511,-0.1288718469494409,0.20640258783397145,0.5,0.19661458333333334,0.7854453233291068,False,False
landmark,0,4,1,-3.322894480714398,-3.365353629672026,-3.6094592273192783,-3.1290144068095906,0.0,1.0,1.0,0.7802819869583499,0.6900506788291202,0.5345953970288357,0.8347036114050208,0.9375,0.19661458333333334,2.271829967589708,False,False
landmark,0,4,2,-3.330658166715213,-3.1247366796920355,-3.4140291131137093,-2.839942809787674,0.0,1.0,1.0,0.9348855379150721,0.887682641623628,0.645632475233909,1.117088576549934,0.875,0.19661458333333334,2.0747892203802762,False,False
landmark,0,4,3,-3.241447389496348,-2.9299172474541133,-3.178604896884942,-2.6986233767428014,0.0,1.0,1.0,0.5444520206844712,0.5530915621263814,0.48142002522466404,0.6278136051618022,1.0,0.19661458333333334,7.238625841601266,False,False
landmark,0,4,4,-3.0226511029344683,-3.0008302131100693,-3.3331404446470816,-2.6079746934290458,0.0,1.0,1.0,0.603821972780971,0.5989579714526985,0.45005960707487225,0.7334952298567358,0.90625,0.19661458333333334,0.9965446554924415,False,False
landmark,0,4,5,-1.1311151457987756,-0.9163915532040313,-1.216785755808551,-0.5810781994828725,0.15625,0.9999903494026512,1.0,0.6314245365893969,0.6770971743254057,0.5631420103383242,0.803345913652662,1.0,0.19661458333333334,3.387468158919593,False,False
landmark,0,4,6,-2.3320820442360026,-2.289383383921019,-2.521968015840886,-2.0057202411848354,0.0,1.0,1.0,0.30407533798632524,0.3305877345230842,0.2542170883581822,0.4011338967914791,0.96875,0.19661458333333334,0.6203504854377998,False,False
landmark,0,4,7,-2.5086233702895258,-2.5269551951030915,-2.783162281676255,-2.25111882364781,0.0,1.0,1.0,0.6858344333393839,0.6569903455152953,0.572723967412439,0.7382391203061963,1.0,0.19661458333333334,1.047537489618486,False,False
landmark,0,4,8,-0.0829973450557476,-0.021631039198111296,-0.32900680478576777,0.27517869940819656,0.40625,0.8923364251386374,1.0,0.5952992717688494,0.6059147098033613,0.5459989651269148,0.6744314546353991,1.0,0.19661458333333334,0.6005131737560641,False,False
landmark,0,4,9,-1.5447012129047395,-1.6247483496842405,-2.0438900525331443,-1.1891908364746233,0.09375,0.9999998768325895,1.0,-0.45899579229481224,-0.36469009354056614,-0.4647910793120661,-0.2624461787751431,0.1875,0.19661458333333334,0.5136752067229398,False,False
landmark,0,4,10,-3.2825824143741085,-3.261229229048892,-3.5598250270324914,-2.950104643807059,0.0,1.0,1.0,-0.06082894054752022,-0.014481029369422242,-0.09578436401839155,0.06794479588886616,0.5625,0.19661458333333334,0.49907563642153063,False,False
landmark,0,4,11,-1.9292308666834228,-1.9784685302635205,-2.2599766476936964,-1.6996822190477006,0.0,1.0,1.0,0.8799802898488368,0.9096735080158062,0.8288878437160185,0.9877671915989372,1.0,0.19661458333333334,1.0034553445075585,False,False
landmark,0,5,0,-7.457640014987061,-7.199180517731321,-7.553743011564242,-6.873989407222703,0.0,1.0,1.0,-1.1017321443047001,-1.0064307540434614,-1.1491128340745955,-0.8566754559418758,0.0,0.03515625,1.5214247137917516,False,False
landmark,0,5,1,-2.9518306723775405,-2.7849920327989564,-3.0662832576032257,-2.465281425654968,0.0,1.0,1.0,0.1978167802464585,0.16396328993317127,0.05671015508075842,0.28190441154100104,0.71875,0.03515625,1.5690684274808449,False,False
landmark,0,5,2,-2.477367084776832,-2.4616528481115934,-2.587786902367731,-2.3316220963092418,0.0,1.0,1.0,0.7530019151489777,0.6067937863209829,0.43091320715981196,0.7716195401747944,0.90625,0.03515625,1.8961110821649503,False,False
landmark,0,5,3,-1.3577599698778648,-1.233237075520603,-1.494498914258582,-0.9794351018442482,0.0625,0.9999999923165888,1.0,-0.20848972156232143,-0.23103249960518216,-0.30066534697120845,-0.16248848912301217,0.125,0.03515625,0.36419627064595045,False,False
landmark,0,5,4,-2.1207557293248036,-2.0962581376851457,-2.262584545311012,-1.935383019441003,0.0,1.0,1.0,0.17639795033401034,0.16960344513347056,0.07542266212005912,0.24994282991783318,0.78125,0.03515625,0.9976588172531918,False,False
landmark,0,5,5,-3.337616194997949,-3.2258069774401656,-3.4281120157442126,-3.0262004521466928,0.0,1.0,1.0,-0.2559899835879643,-0.27130051735605054,-0.3347462047804994,-0.20262392808382637,0.15625,0.03515625,0.4346675600703785,False,False
landmark,0,5,6,-4.052700339295478,-3.7403630408037856,-4.043677458414606,-3.3832793619094716,0.0,1.0,1.0,-0.15489672232428847,-0.0709510057948122,-0.1984365271910174,0.04905643236736592,0.375,0.03515625,1.002341182746808,False,False
landmark,0,5,7,-3.959341078752019,-3.95568772700448,-4.352690046466983,-3.556303852322881,0.0,1.0,1.0,-0.2377080818713522,-0.21811164291739968,-0.2826161055374196,-0.1507946864504286,0.09375,0.03515625,1.6991822941095716,False,False
landmark,0,5,8,-1.4642818272607228,-1.3556694193431769,-1.6735441598552878,-1.0383167586370243,0.0625,0.9999999923165888,1.0,0.2509124919599791,0.26969329096927463,0.1783752680436798,0.36957693625247584,0.8125,0.03515625,0.663671673871424,False,False
landmark,0,5,9,-6.435688059714482,-6.394540470955203,-6.642944234897836,-6.114592674866681,0.0,1.0,1.0,-0.862208508504061,-0.8903953951860423,-0.9769717914202477,-0.8043869014726629,0.0,0.03515625,1.2352321921606129,False,False
landmark,0,5,10,-2.5857082166320478,-2.6018167479308985,-2.87222653457133,-2.3381367205115375,0.0,1.0,1.0,0.5555836061061576,0.5779789459728466,0.4960088510960597,0.6661578033887678,1.0,0.03515625,0.5541369539721289,False,False
landmark,0,5,11,-4.455783523251318,-4.274772880273038,-4.490037479922124,-4.031918569974518,0.0,1.0,1.0,-0.9715005646757915,-0.8970398385616372,-0.9740645252674175,-0.824115993450248,0.0,0.03515625,0.916186878383839,False,False
landmark,0,6,0,-2.7346961060313495,-2.7793114098216933,-3.0098039805508656,-2.5467024398154328,0.0,1.0,1.0,-0.020529589785748658,-0.04837557656653729,-0.1450311532634266,0.057717931303573285,0.46875,0.07942708333333333,0.7451424546556311,False,False
landmark,0,6,1,-2.3956979567508467,-2.3975858285535745,-2.6380759576022403,-2.1706400717748537,0.0,1.0,1.0,-0.10286233528785022,-0.11894474138050198,-0.19886199924559836,-0.040736272718727685,0.3125,0.07942708333333333,0.9130726672760433,False,False
landmark,0,6,2,-2.7483641567217596,-2.8044667261407286,-3.0047230665391,-2.5909842554557976,0.0,1.0,1.0,1.6214704774808026,1.5224987415440348,1.4087602939444517,1.6363816934736783,1.0,0.07942708333333333,1.608276341569123,False,False
landmark,0,6,3,-1.3892301537994232,-1.467318177295852,-1.681720651837453,-1.2370121871639015,0.03125,0.9999999997671694,1.0,0.25942519628081273,0.24543086541960932,0.12709276497898153,0.35382944506572106,0.78125,0.07942708333333333,0.6499655836415509,False,False
landmark,0,6,4,-3.1292091783647926,-3.0865261050858255,-3.2870793667453597,-2.8683361855032694,0.0,1.0,1.0,0.22927405798982353,0.2759186464415605,0.11268443564292098,0.42460686025265754,0.75,0.07942708333333333,1.3594744197026816,False,False
landmark,0,6,5,-1.8236798612720848,-1.8129667805224032,-1.984210478930252,-1.633028461159224,0.0,1.0,1.0,-0.5528136035941364,-0.48724884195243395,-0.5614983452788943,-0.41195547280536604,0.03125,0.07942708333333333,1.1692033230112633,False,False
landmark,0,6,6,-1.2456665869388592,-1.2793641517654153,-1.4962917078229934,-1.050700249817605,0.03125,0.9999999997671694,1.0,-0.03006406211483715,-0.014144211815891108,-0.07232180011133683,0.04602814393028749,0.4375,0.07942708333333333,0.3854851966596413,False,False
landmark,0,6,7,-1.7729624124798242,-1.90667305844482,-2.1972867154036058,-1.629916294674944,0.0,1.0,1.0,0.5014780857547481,0.48493977577094405,0.41350309549048253,0.5612953865754091,1.0,0.07942708333333333,1.2710157798779678,False,False
landmark,0,6,8,-2.3995550464537394,-2.439918285950328,-2.611735387927387,-2.257044149195063,0.0,1.0,1.0,0.19692204170584943,0.2221988598891385,0.14212927034268022,0.30241919740155226,0.875,0.07942708333333333,1.0282148118976482,False,False
landmark,0,6,9,-2.6706747702361353,-2.6989767688531274,-2.9918251290570064,-2.412492514062739,0.0,1.0,1.0,0.21624461186094304,0.2120835365927637,0.08469714148564458,0.3339679124763503,0.71875,0.07942708333333333,0.9717851881023518,False,False
landmark,0,6,10,-2.0917388235103527,-2.1045444420622603,-2.2599272569338966,-1.9629284767043411,0.0,1.0,1.0,0.5149570070776375,0.5210952029979097,0.4211763209006638,0.6206379560101506,0.96875,0.07942708333333333,0.7703575020115025,False,False
landmark,0,6,11,0.5142470653225957,0.5777392605887932,0.27678613511060973,0.8806050436743389,0.6875,0.025051229866221547,1.0,1.6921701664702358,1.597786148310802,1.3543510052673056,1.8505371238825437,0.96875,0.07942708333333333,2.1334591192680197,False,False
landmark,0,7,0,-4.013414685138758,-4.0662954061632695,-4.41321037469651,-3.6874937682267523,0.0,1.0,1.0,-0.05822756096730354,0.06186130291224259,-0.08994230241883112,0.23591078837852889,0.5,0.0546875,1.1850341678624934,False,False
landmark,0,7,1,-5.176449768944899,-5.550086099869992,-5.850884772277017,-5.246699825252274,0.0,1.0,1.0,0.21791593978501447,0.14603719202375623,0.0200411496509708,0.2814918377967399,0.6875,0.0546875,1.1909092740437974,False,False
landmark,0,7,2,-2.501399551215442,-2.57794751820277,-2.8452599962173317,-2.3136100996586846,0.0,1.0,1.0,0.16570766150792846,0.17765394995938943,0.12252850615918048,0.2344109263525086,0.875,0.0546875,0.49662280898416683,False,False
landmark,0,7,3,-3.8766556409589485,-3.804473291802252,-4.245785459022629,-3.4042448864797814,0.0,1.0,1.0,-0.09722371431944951,-0.1927929499386669,-0.3448958634626922,-0.04952889979069187,0.3125,0.0546875,1.263300559546876,False,False
landmark,0,7,4,-4.574263588900865,-4.587444304214678,-4.762220670673571,-4.417336324147654,0.0,1.0,1.0,-0.3228357444696299,-0.32782934848410566,-0.41652999855078815,-0.23660916023356127,0.09375,0.0546875,0.8149658321375065,False,False
landmark,0,7,5,-3.4609291343415234,-3.504709281266214,-3.744016787657273,-3.255097178775157,0.0,1.0,1.0,-0.3500978759099812,-0.28788640753538575,-0.37382927256419046,-0.2011798227224159,0.1875,0.0546875,1.3703314367063528,False,False
landmark,0,7,6,-3.235300605683393,-3.2711967792107206,-3.5423779246444242,-3.0189751226834316,0.0,1.0,1.0,-0.13746285379237944,-0.12596994806157857,-0.3052992140164087,0.05828533767414901,0.375,0.0546875,2.1542452868565114,False,False
landmark,0,7,7,-6.9672627368378395,-6.954386448024351,-7.174555326033125,-6.7357158473749,0.0,1.0,1.0,-1.11374020888007,-1.0000918392419904,-1.1360438947665736,-0.8603177879877909,0.0,0.0546875,0.6125455834589159,False,False
landmark,0,7,8,-4.484175438044138,-4.545172197500465,-4.858564119609384,-4.232456502457236,0.0,1.0,1.0,0.09001905873606142,0.05608856796762193,-0.06518998811900263,0.17463868360010362,0.5,0.0546875,0.6156199283833044,False,False
landmark,0,7,9,-3.930044229933831,-4.001488808414025,-4.250809816609893,-3.755820215131278,0.0,1.0,1.0,-0.447050956626693,-0.3481445860145699,-0.44541247611072665,-0.2499104826560131,0.125,0.0546875,0.7823601419224321,False,False
landmark,0,7,10,-2.3488931345521205,-2.384053891645859,-2.568639432083298,-2.2064206560094437,0.0,1.0,1.0,-0.5209846005939625,-0.5234000179825475,-0.5696503156652344,-0.47632546363668643,0.0,0.0546875,0.4803226891533587,False,False
landmark,0,7,11,-3.8304969629113788,-3.8124718939206153,-4.060648732737034,-3.5672416436090457,0.0,1.0,1.0,-0.10503669404819109,-0.02035347008227968,-0.087360564932236,0.050689680735869894,0.46875,0.0546875,1.235814017125674,False,False
landmark,0,8,0,-4.512287428878491,-4.379359732380578,-4.66789190755222,-4.095264194625897,0.0,1.0,1.0,0.141707153072155,0.18763852119479169,0.07491033974106713,0.29548400080527093,0.71875,0.1484375,0.7711834333522137,False,False
landmark,0,8,1,-7.06670808643912,-6.9745548355150335,-7.257473503012433,-6.683656100743929,0.0,1.0,1.0,-0.6279954499246749,-0.5755413654354511,-0.6694729408611413,-0.48597211904952803,0.0,0.1484375,1.0337065653900113,False,False
landmark,0,8,2,-1.9399194061977063,-1.9317948399672873,-2.1597888094689015,-1.7096030216904505,0.0,1.0,1.0,-0.03958281581340725,-0.11710497555916516,-0.19783561688626672,-0.03698669049581317,0.3125,0.1484375,0.5201842830003883,False,False
landmark,0,8,3,-3.4099663198746097,-3.443293475389273,-3.7091644009799105,-3.187340337865475,0.0,1.0,1.0,-0.37380848970181835,-0.3114769860403611,-0.4738769966228863,-0.15113057700312488,0.21875,0.1484375,1.0812803410006029,False,False
landmark,0,8,4,-2.831239207349924,-2.78739159097612,-3.0847808129163754,-2.482431390781514,0.0,1.0,1.0,0.5243201964966298,0.5012037953401979,0.2603799161321888,0.7592097715499511,0.8125,0.1484375,1.2029843232102833,False,False
landmark,0,8,5,-4.957569806264338,-4.779884478788452,-5.17671373758532,-4.42205202857061,0.0,1.0,1.0,-0.24575196146967193,-0.2291797638051018,-0.3882706042137158,-0.08170916429829495,0.34375,0.1484375,1.6097914260393287,False,False
landmark,0,8,6,0.4644109945002374,0.5461246745991499,0.13689512529063302,0.9269519427160282,0.6875,0.025051229866221547,1.0,-0.17504634570529054,-0.1615968590131858,-0.22666370899473626,-0.0940022264022649,0.25,0.1484375,0.9662934346099887,False,False
landmark,0,8,7,-4.758044515376097,-4.6677490802545645,-4.949088960595065,-4.395829910077159,0.0,1.0,1.0,-0.2209772790300198,-0.15633066476742064,-0.2606703890156007,-0.047263746562421424,0.25,0.1484375,0.5166894292370176,False,False
landmark,0,8,8,-5.045101564333967,-4.965797672916256,-5.293477404762272,-4.658409107983735,0.0,1.0,1.0,-0.260918568851698,-0.20689583427123015,-0.30527419472306194,-0.109176370619736,0.25,0.1484375,0.8362642583628577,False,False
landmark,0,8,9,-2.1618435176070463,-2.195995794149245,-2.459735402313163,-1.9398470427303562,0.0,1.0,1.0,0.17734429458440687,0.13759900555253787,0.05936556688222886,0.22063756038650548,0.6875,0.1484375,0.4161584291051873,False,False
landmark,0,8,10,-4.440611448551921,-4.339560475710725,-4.609416922805633,-4.066542562513681,0.0,1.0,1.0,-0.3530781184965548,-0.26798904315646166,-0.47726698231786346,-0.0525176620864327,0.375,0.1484375,1.1525661044342603,False,False
landmark,0,8,11,-8.006059367886026,-7.996511808165646,-8.269221674374128,-7.715574239885742,0.0,1.0,1.0,-0.8391701575857838,-0.8446988284833135,-0.9968642634334676,-0.6941537599819041,0.03125,0.1484375,1.0789211385793371,False,False
landmark,0,9,0,-3.6704574105850742,-3.8066517574968866,-4.143165940562232,-3.4980112215901356,0.0,1.0,1.0,-0.5057852847877239,-0.5160848858257889,-0.6267791161170087,-0.4113550212708588,0.0625,0.033854166666666664,0.9843153814773347,False,False
landmark,0,9,1,-1.785557341770827,-1.8438890395206844,-2.102933338591295,-1.5889095477645234,0.0,1.0,1.0,-0.15011912372418232,-0.18434337870521353,-0.2697683582826472,-0.10826923829359751,0.15625,0.033854166666666664,0.5184418453742186,False,False
landmark,0,9,2,-2.3038150615091473,-2.308807095569189,-2.6392664639600363,-2.012838162119959,0.0,1.0,1.0,-0.2476302393640254,-0.245566252093811,-0.30731996694656766,-0.1798532687936844,0.09375,0.033854166666666664,1.699363452962205,False,False
landmark,0,9,3,-2.574629285579367,-2.531640655630498,-2.8192756726731725,-2.2400133619915454,0.0,1.0,1.0,0.6897061665328039,0.7016041300679308,0.5932764600922917,0.8173180288802536,1.0,0.033854166666666664,1.1712094660431869,False,False
landmark,0,9,4,-3.724398142912315,-3.6987598211762744,-3.972685551932584,-3.4186639081417614,0.0,1.0,1.0,-0.39989197053216974,-0.40068188147371764,-0.506279353718134,-0.2883565644994768,0.125,0.033854166666666664,1.0156846185226653,False,False
landmark,0,9,5,-2.2511086369756406,-2.295284738130272,-2.516672978007093,-2.0543210237642926,0.0,1.0,1.0,-0.24968983558923408,-0.29369051050706374,-0.340995573398715,-0.24626636417009484,0.03125,0.033854166666666664,0.9564273925184306,False,False
landmark,0,9,6,-2.4439777802735514,-2.5065829943865143,-2.800169837723538,-2.202062841180754,0.0,1.0,1.0,0.8194774563564466,0.7406283224368322,0.6461988525084963,0.8464989627450945,1.0,0.033854166666666664,2.2073029645837647,False,False
landmark,0,9,7,-5.122138019919366,-5.011137824917158,-5.257349461199781,-4.7553059322152595,0.0,1.0,1.0,-0.4906590698136827,-0.43827442524071886,-0.5303563629878759,-0.33880743577754135,0.0625,0.033854166666666664,0.8427832019344067,False,False
landmark,0,9,8,-3.828131279121541,-3.852176013363347,-4.1965933862745155,-3.5267070126092372,0.0,1.0,1.0,0.2573459914980114,0.16016429216120587,0.004042777206202475,0.33495000532791847,0.625,0.033854166666666664,2.4698973300938127,False,False
landmark,0,9,9,-4.469223058640544,-4.488178441815245,-4.717138876879953,-4.2850692626529145,0.0,1.0,1.0,-0.528943198859642,-0.42539968698884145,-0.568602395376972,-0.2589987290692328,0.125,0.033854166666666664,0.8927262150406879,False,False
landmark,0,9,10,-4.086427334731123,-4.040487243870353,-4.332028918800206,-3.7629778636366127,0.0,1.0,1.0,-0.46610843972077187,-0.43574260123896064,-0.5082625826595643,-0.370750633396461,0.0,0.033854166666666664,2.8824513924678805,False,False
landmark,0,9,11,-1.4565081045873567,-1.4469400629065814,-1.6513376472183812,-1.2586817343178738,0.0,1.0,1.0,0.32171881964329613,0.2743142587084269,0.1993308375920681,0.35225011484399155,0.875,0.033854166666666664,0.8566077183343862,False,False
landmark,0,10,0,-5.137299412644612,-4.951768467198596,-5.165415316051031,-4.743910958363659,0.0,1.0,1.0,-0.8713538121170478,-0.8109002968183909,-0.9279754390443732,-0.7055470936712411,0.0,0.0,0.5870973360084344,False,False
landmark,0,10,1,-2.8350728027635386,-2.8746063825900396,-3.0841684827124904,-2.6704192052406794,0.0,1.0,1.0,0.3867248687524931,0.5123610966425562,0.386318371653753,0.6319304699440115,0.875,0.0,0.968835086804598,False,False
landmark,0,10,2,-2.8931981470956574,-2.825931329831735,-2.9707103112449875,-2.675675983799595,0.0,1.0,1.0,0.2262720810030373,0.1981633467962749,0.1168933853804867,0.2610946607279701,0.875,0.0,1.031164913195402,False,False
landmark,0,10,3,-3.0972574131053694,-3.1472939945970473,-3.4182284494729633,-2.8842004588567645,0.0,1.0,1.0,0.15829628134429144,0.06806501227656092,0.0003600777521752443,0.13735821686679558,0.59375,0.0,0.7187297472800468,False,False
landmark,0,10,4,-2.021326534578569,-2.00946458311755,-2.199802106579763,-1.8144681563566334,0.0,1.0,1.0,-0.0536020366916112,-0.011029205198263912,-0.058027816207487135,0.0376548977625302,0.46875,0.0,2.1394204613052135,False,False
landmark,0,10,5,-2.43887685432976,-2.415559927384259,-2.61087904775666,-2.227464629523075,0.0,1.0,1.0,0.28167471337289346,0.2870301395453653,0.19238600510070322,0.3824514493141932,0.84375,0.0,1.6587890728898176,False,False
landmark,0,10,6,-3.0385793082343984,-2.911446834681834,-3.128440798949568,-2.6957508357831927,0.0,1.0,1.0,0.1368841535499532,0.08175518298646112,0.00835467103587296,0.14869255070629445,0.71875,0.0,0.5423904365370174,False,False
landmark,0,10,7,-1.8231900006996642,-1.7312904981359898,-1.894142083728155,-1.574062724153028,0.0,1.0,1.0,-0.018927091184689555,-0.019972805759083258,-0.07187246289242091,0.03101756116094269,0.40625,0.0,0.39649558167436066,False,False
landmark,0,10,8,-1.8721145292214116,-1.8067190487306077,-2.0163954042435486,-1.6033671292002718,0.0,1.0,1.0,-0.01928228065382583,-0.05883248916353988,-0.11975050305934834,0.001107186894575761,0.4375,0.0,0.2400995806798787,False,False
landmark,0,10,9,-2.955609679825826,-2.829427652222645,-3.111383473380404,-2.5540601669572736,0.0,1.0,1.0,0.001861917486084507,0.0015503997320025775,-0.09212865126064175,0.10852730866374578,0.46875,0.0,1.5666450489538326,False,False
landmark,0,10,10,-2.926165929042678,-2.916785625428097,-3.140738482977395,-2.691636194320935,0.0,1.0,1.0,0.8374395285767741,0.9024724503676071,0.7649939779285136,1.0277725858530198,1.0,0.0,1.1596198078364763,False,False
landmark,0,10,11,-4.897671009475529,-4.781067270724119,-4.991466542284735,-4.5985076168804575,0.0,1.0,1.0,-0.6137634419998573,-0.5435237519992743,-0.6417149080412219,-0.45533601494903936,0.0,0.0,1.5264136277683833,False,False
landmark,0,11,0,-3.4315867990284117,-3.4296626688616296,-3.601906217119442,-3.2556384439044312,0.0,1.0,1.0,0.06983600288779301,0.09459176933478826,-0.002079536450526439,0.18611354272545033,0.65625,0.024739583333333332,1.4028573704290694,False,False
landmark,0,11,1,-3.684653093725843,-3.7080147479933916,-4.04472384515227,-3.3614147636858407,0.0,1.0,1.0,-0.37482067266793906,-0.3110853790066148,-0.41629465251922376,-0.20939281215984865,0.15625,0.024739583333333332,1.3285096454640868,False,False
landmark,0,11,2,-3.076901012308965,-3.0143868611286395,-3.2365608357323845,-2.804657794273722,0.0,1.0,1.0,-0.32141124735080806,-0.28897939374993925,-0.3588774112876964,-0.22081228308817863,0.125,0.024739583333333332,0.8796163591243282,False,False
landmark,0,11,3,-4.480809227074742,-4.454098077638476,-4.716946517819732,-4.182742800718434,0.0,1.0,1.0,-0.3032226791342444,-0.3667681659429876,-0.4420250598008725,-0.29316933494724484,0.09375,0.024739583333333332,1.0763030849326038,False,False
landmark,0,11,4,-3.6525276321232827,-3.504763003607292,-3.699878690851867,-3.294739627690825,0.0,1.0,1.0,-0.08085775356132643,-0.017598474481593067,-0.14026331635442363,0.10717078096220718,0.46875,0.024739583333333332,3.0539348601346124,False,False
landmark,0,11,5,-3.7078247672580247,-3.5063183657983696,-3.7399230669277417,-3.2898789044835453,0.0,1.0,1.0,0.04191579467443789,0.1057635193009793,0.033651778726849955,0.17918783537931054,0.65625,0.024739583333333332,0.923696915067396,False,False
landmark,0,11,6,-3.421389433542067,-3.4808277771631477,-3.7433022898564396,-3.241737618848615,0.0,1.0,1.0,-0.14524062781757432,-0.13202376610040545,-0.20470693992750819,-0.06466174473229429,0.25,0.024739583333333332,1.3402228092551505,False,False
landmark,0,11,7,-4.106294927953012,-4.104797997186029,-4.383486839149362,-3.8527048794380545,0.0,1.0,1.0,-0.796705672956072,-0.7393731318226475,-0.8180961316258257,-0.6569134088432095,0.0,0.024739583333333332,1.256727292142693,False,False
landmark,0,11,8,-2.128508204093648,-1.948948122035789,-2.168152208172731,-1.7113390837959304,0.0,1.0,1.0,0.12303610356783319,0.1816681702321148,0.11912856205055201,0.24731391182482393,0.84375,0.024739583333333332,0.37180435364691006,False,False
landmark,0,11,9,-4.250986563191558,-4.050498754422225,-4.621795305052774,-3.3874436128249497,0.03125,0.9999999997671694,1.0,-0.07007960219218862,-0.16165500088742066,-0.30051535994809436,-0.016422203968584462,0.375,0.024739583333333332,0.8445385605828358,False,False
landmark,0,11,10,-1.6118324658498642,-1.5907370645486971,-1.7918830941976978,-1.3766531470130992,0.0,1.0,1.0,-0.1245331475538202,-0.1263737330162874,-0.17620947319350733,-0.07305875564891037,0.15625,0.024739583333333332,0.6558587661743122,False,False
landmark,0,11,11,-2.2376432685557743,-2.1831563249513604,-2.386069989549296,-1.9693987587336763,0.0,1.0,1.0,-0.07595497040709141,-0.061857523142214106,-0.11866960706021992,-0.007354741372400344,0.375,0.024739583333333332,0.5597938230490348,False,False
landmark,0,12,0,-5.319669343483162,-5.165937852619329,-5.403359845357885,-4.941808100389584,0.0,1.0,1.0,-0.3705727603371593,-0.24140684065494536,-0.42734365372144834,-0.0568108461568164,0.21875,0.009114583333333334,2.3045545710625723,False,False
landmark,0,12,1,-3.6715873823345833,-3.538940382656431,-3.7372739412647893,-3.3284369179263598,0.0,1.0,1.0,-0.329510343980865,-0.23868862924712525,-0.3336615350523686,-0.14564385524419868,0.21875,0.009114583333333334,1.2548591971586298,False,False
landmark,0,12,2,-5.274615211374349,-4.8808798203635755,-5.294621720864134,-4.399397162444634,0.0,1.0,1.0,-0.31016022465471116,-0.14797859280399583,-0.4180498679964754,0.08445952984273268,0.46875,0.009114583333333334,0.959211155332257,False,False
landmark,0,12,3,-1.9974840963700167,-1.9154350829868902,-2.107948542637087,-1.723729655934318,0.0,1.0,1.0,-0.10282282031240508,-0.0685531987914482,-0.13532506061034744,8.080785829090742e-05,0.375,0.009114583333333334,0.4858984559811205,False,False
landmark,0,12,4,-2.3579898790983416,-2.234870158398934,-2.4454649076171484,-2.0380000799838496,0.0,1.0,1.0,-0.1160540416691685,-0.04918100554802217,-0.12847455364862573,0.03249036504992904,0.40625,0.009114583333333334,0.676292829411677,False,False
landmark,0,12,5,-2.3050366416248473,-2.221285781441131,-2.48119459163231,-1.9774967261889131,0.0,1.0,1.0,-0.464392433996091,-0.4521148303809292,-0.523611982136775,-0.3797561510336434,0.0,0.009114583333333334,0.625910169098014,False,False
landmark,0,12,6,-6.091009698031752,-5.9795088013835604,-6.257152429840853,-5.700540955803255,0.0,1.0,1.0,-0.4235599014473999,-0.3521551139488731,-0.48884765659949836,-0.21164947315694435,0.1875,0.009114583333333334,1.008220020373295,False,False
landmark,0,12,7,-6.303467504195009,-6.075482795112385,-6.288755541720562,-5.8690157956237305,0.0,1.0,1.0,-0.8128368261725212,-0.7477049622178016,-0.8753470180967515,-0.6183610676996207,0.0,0.009114583333333334,1.510902617117496,False,False
landmark,0,12,8,-6.667472215623205,-6.593676743862696,-6.89156402246963,-6.243699252938178,0.0,1.0,1.0,-1.8552345590700277,-1.762675023954808,-2.045341571294769,-1.4839983621408877,0.0,0.009114583333333334,0.9917799796267049,False,False
landmark,0,12,9,-5.33361963934288,-5.3745839020072514,-5.622481784229729,-5.128814531486319,0.0,1.0,1.0,-0.173493694367817,-0.19492646769950006,-0.33391384565101556,-0.060622832815756034,0.34375,0.009114583333333334,0.3780802632480485,False,False
landmark,0,12,10,-3.5655030203621836,-3.2914822989519523,-3.5371113986773826,-3.0799760949158386,0.0,1.0,1.0,0.12076537141595677,0.058189807794973084,-0.07554971073126589,0.2015253198802291,0.5625,0.009114583333333334,1.066759084562577,False,False
landmark,0,12,11,-4.676632552277196,-4.724113009982106,-4.996537746388376,-4.471825895763107,0.0,1.0,1.0,-0.5962659620394266,-0.5966382009580141,-0.6995261770650952,-0.4797300311229052,0.03125,0.009114583333333334,1.119063149164363,False,False
landmark,0,13,0,-2.700824062599337,-2.632485999401346,-2.7914464156983563,-2.4465664242978034,0.0,1.0,1.0,-0.06055870351308666,1.7350145326569533e-05,-0.09565718398943358,0.1007698730467122,0.4375,0.06380208333333333,1.4895752626689303,False,False
landmark,0,13,1,-3.3011155890319483,-3.345905694439832,-3.5695631790635316,-3.1239980744270053,0.0,1.0,1.0,0.31901172047224213,0.34753208777512057,0.2679758909372819,0.4400657619532909,0.90625,0.06380208333333333,0.7709190382718476,False,False
landmark,0,13,2,-2.6099647717633587,-2.5203601218551883,-2.7622671726538806,-2.283886579432622,0.0,1.0,1.0,-0.02410003954671413,-0.09786186131339134,-0.1906930705947645,-0.015909947203758608,0.40625,0.06380208333333333,1.3210472364020112,False,False
landmark,0,13,3,-2.873754991283047,-2.7263662083552918,-2.9054618311860447,-2.5512569729627965,0.0,1.0,1.0,-0.6061535804623284,-0.5613918299691601,-0.6257015765340904,-0.498254689970461,0.0,0.06380208333333333,0.5283253593252689,False,False
landmark,0,13,4,-2.6695993697056544,-2.5403397884687724,-2.711269622301909,-2.366655655270408,0.0,1.0,1.0,-0.5118815386519879,-0.4907873235087554,-0.5454481383569462,-0.4370580735232791,0.0,0.06380208333333333,0.6788377400749683,False,False
landmark,0,13,5,-3.6507248198788034,-3.5676091059349115,-3.715670822168884,-3.405849366336781,0.0,1.0,1.0,-0.39862295185922103,-0.25108067329080314,-0.3826182360676002,-0.11188090473748918,0.25,0.06380208333333333,1.8487291709121814,False,False
landmark,0,13,6,-2.9648448461193397,-2.814206693371929,-3.0160155011543064,-2.602494702993709,0.0,1.0,1.0,-0.4833649167548154,-0.4424757484610866,-0.5284200951883165,-0.36343583445952377,0.03125,0.06380208333333333,0.905528386901015,False,False
landmark,0,13,7,-3.686868564405965,-3.6858979607070728,-3.8789870953320538,-3.5142148454454376,0.0,1.0,1.0,-0.46060286418580126,-0.36555302912964793,-0.4590789394392188,-0.2616178240150977,0.125,0.06380208333333333,1.094471613098985,False,False
landmark,0,13,8,-3.405946237441884,-3.3107369535514795,-3.5331238278669104,-3.0931135452797056,0.0,1.0,1.0,-0.00993602853693102,-0.014201034331669304,-0.0935896751307749,0.06600113201662139,0.5,0.06380208333333333,0.5685373261652759,False,False
landmark,0,13,9,-4.0585124278651605,-3.9155414752219166,-4.078604054487754,-3.745215169881557,0.0,1.0,1.0,-0.2426527227328717,-0.12090866314064763,-0.23773409867947243,0.0018459922012863332,0.3125,0.06380208333333333,1.1862944705789236,False,False
landmark,0,13,10,-2.546211378863158,-2.4961113688290952,-2.6872818021904323,-2.295177984720339,0.0,1.0,1.0,-0.23299434315761025,-0.27074875748202093,-0.32305182970561197,-0.21550393731207773,0.03125,0.06380208333333333,0.8855531503836371,False,False
landmark,0,13,11,-4.236350061287016,-4.1113633014770254,-4.293718654812111,-3.9196635397235986,0.0,1.0,1.0,-0.5999504434627088,-0.5943449172485763,-0.6913511013380532,-0.4957953889853653,0.03125,0.06380208333333333,1.9819363397372731,False,False
landmark,0,14,0,-4.939824129807826,-4.633733503089903,-4.946093782802402,-4.282541758936766,0.0,1.0,1.0,-0.5414143813406209,-0.4966130488225813,-0.6986789983790725,-0.2906765389538681,0.1875,0.009114583333333334,1.1003753886825531,False,False
landmark,0,14,1,-3.894556152041229,-3.821636895425843,-3.9640928547042322,-3.6797671002340753,0.0,1.0,1.0,-0.12666537235097555,-0.067507122631965,-0.14235390428239883,0.016047882900536162,0.34375,0.009114583333333334,1.1222175200681368,False,False
landmark,0,14,2,-2.8068068390239604,-2.82843843753961,-2.986020972972828,-2.6826415611311667,0.0,1.0,1.0,0.09367053881812729,0.13444704229750065,0.0749236948768029,0.19409919294274125,0.6875,0.009114583333333334,0.5442808796454822,False,False
landmark,0,14,3,-5.60494005415036,-5.547701444753244,-5.679551160595944,-5.414670957214452,0.0,1.0,1.0,-0.5681445724840468,-0.5890915473899726,-0.6925215699894339,-0.4882478447424946,0.0,0.009114583333333334,0.9488779162426969,False,False
landmark,0,14,4,-4.753130167919414,-4.584339991460308,-5.0499450486196,-4.073766538119824,0.0,1.0,1.0,-0.31779114222722915,-0.43366357756751167,-0.6581843100082838,-0.20372598989933943,0.28125,0.009114583333333334,1.0511220837573032,False,False
landmark,0,14,5,-5.290177637183952,-5.118044534075459,-5.434761449493938,-4.798777043966177,0.0,1.0,1.0,-0.38219205452414007,-0.32688853036986065,-0.46949316088257353,-0.1760302898851583,0.1875,0.009114583333333334,0.8445390292937076,False,False
landmark,0,14,6,-2.791907590517373,-2.7213093288356687,-2.8600783241804177,-2.5797471818503888,0.0,1.0,1.0,-0.005714598091285831,0.015426498763158998,-0.04068478178743838,0.07006595963860306,0.53125,0.009114583333333334,0.3859943380871067,False,False
landmark,0,14,7,-3.8754755161536254,-3.7709193449213503,-3.906788733763062,-3.648151101680902,0.0,1.0,1.0,-0.32611878587119114,-0.29315547001647474,-0.3708652562672152,-0.21233538907849803,0.125,0.009114583333333334,0.7660501977023761,False,False
landmark,0,14,8,-5.35629440120883,-5.07822519314398,-5.308181097680041,-4.877964935627504,0.0,1.0,1.0,-0.34886477113689673,-0.26093192738319043,-0.4455936199439023,-0.07473369194087269,0.28125,0.009114583333333334,1.3344900871156207,False,False
landmark,0,14,9,-2.6061207544796003,-2.5943286094529747,-2.7467496620867355,-2.4378246666038113,0.0,1.0,1.0,-0.42050132951250674,-0.4613237981891889,-0.5117588973734937,-0.40779964966762144,0.0,0.009114583333333334,0.7873547085722669,False,False
landmark,0,14,10,-5.128958845257586,-5.010500042200505,-5.203472548968106,-4.796127416908067,0.0,1.0,1.0,-0.025463560917824188,-0.03857787820328738,-0.16224435188101724,0.08016113889735842,0.375,0.009114583333333334,1.0614114419598935,False,False
landmark,0,14,11,-3.3098168790357363,-3.2879137241111565,-3.492733607467856,-3.1142630576216375,0.0,1.0,1.0,-0.25329738599114426,-0.2106438761461471,-0.2656933036728283,-0.15735808443657046,0.09375,0.009114583333333334,1.5888217163934806,False,False
landmark,0,15,0,-2.848516859471733,-2.8695989407216356,-3.047927812507256,-2.687985654292673,0.0,1.0,1.0,-0.2863741938437647,-0.2724129215630914,-0.34375738610697176,-0.19889441168603406,0.03125,0.03125,0.9997850400036647,False,False
landmark,0,15,1,-3.5633971888806584,-3.5516266798388907,-3.8122950222840477,-3.3147023534785927,0.0,1.0,1.0,-0.5600561584457673,-0.4374044693973116,-0.5438453903980626,-0.3176137258299876,0.09375,0.03125,2.0322665991675266,False,False
landmark,0,15,2,-2.938214253968365,-3.0009959089370426,-3.252176470430564,-2.7698493443656527,0.0,1.0,1.0,0.04569586111705423,0.15309146573196097,0.028417294858348853,0.2944662946083498,0.65625,0.03125,1.8200969348675118,False,False
landmark,0,15,3,-2.2061909513600604,-2.2723362011404005,-2.4394777447528058,-2.098244483895452,0.0,1.0,1.0,0.09246760446091934,0.04371364649603931,-0.04275428484584474,0.1335590653566321,0.5,0.03125,0.934517105906289,False,False
landmark,0,15,4,-4.033708947431947,-4.083252637766518,-4.290807700386238,-3.8647958731595917,0.0,1.0,1.0,-0.5310170060939361,-0.4538158530995114,-0.6002002159990014,-0.3181646882714129,0.09375,0.03125,1.8656665859032042,False,False
landmark,0,15,5,-3.5002743536651098,-3.6134603035038366,-3.784304479772148,-3.4576699183968524,0.0,1.0,1.0,-0.23841007395033678,-0.23974523013034166,-0.29378146991140547,-0.19013527885450052,0.0625,0.03125,1.6856474932602568,False,False
landmark,0,15,6,-2.1437817782007222,-2.194787552431827,-2.327909433966441,-2.05616750406931,0.0,1.0,1.0,-0.03509749060138805,0.001678249231717964,-0.05695465901210367,0.05918736350426466,0.65625,0.03125,0.7373543406457591,False,False
landmark,0,15,7,-2.190001582717865,-2.1942155181525553,-2.338499241369177,-2.0520622537385087,0.0,1.0,1.0,0.24145386328684065,0.27246587229405383,0.2135371988837377,0.32749728816283113,0.96875,0.03125,1.5282202877232223,False,False
landmark,0,15,8,-3.9334969168610128,-3.6790319768318342,-3.967228789300576,-3.388938852372739,0.0,1.0,1.0,-0.09658820020954298,-0.07735247820342042,-0.15001441154672715,-0.005807845339859413,0.40625,0.03125,0.8214390052098617,False,False
landmark,0,15,9,-2.7548985018653305,-2.765139071889471,-2.9793038062146957,-2.5456701884316613,0.0,1.0,1.0,-0.2994858834074907,-0.27118207625557167,-0.34576607531216025,-0.19138388059419648,0.0625,0.03125,1.0002149599963353,False,False
landmark,0,15,10,-2.5276616584102496,-2.562387235356901,-2.731556247383653,-2.40561253120174,0.0,1.0,1.0,0.17610422938306092,0.20105954124252762,0.12743715544731563,0.28779435900187667,0.78125,0.03125,0.8428275494560452,False,False
landmark,0,15,11,-4.071274312897544,-3.947941151878899,-4.1393884739412625,-3.758412070921812,0.0,1.0,1.0,-0.19788278074366816,-0.190641243232658,-0.2886555948062288,-0.10436475264172074,0.25,0.03125,0.5703316487926281,False,False
landmark,0,16,0,-4.655246887889269,-4.561978540427839,-4.881083254102654,-4.2432054461917685,0.0,1.0,1.0,0.16984541741569925,0.2999845256865729,0.1952284572333303,0.42174604466946664,0.84375,0.05729166666666667,1.382253583211271,False,False
landmark,0,16,1,-1.9614452903308859,-1.9154294870142192,-2.116419440965885,-1.7150236090149313,0.0,1.0,1.0,0.5471631261241215,0.5319399140402566,0.4424164377754749,0.6275025872171577,1.0,0.05729166666666667,0.7556473811928609,False,False
landmark,0,16,2,-5.76605185053791,-5.513271907842112,-5.950958070278933,-5.06654039309843,0.0,1.0,1.0,0.1166316694732456,0.03737283171373057,-0.18543828995679487,0.2643066721169804,0.4375,0.05729166666666667,2.3822555901599167,False,False
landmark,0,16,3,-2.059278291819333,-2.0308514320856523,-2.2641356603010148,-1.8209188165082995,0.0,1.0,1.0,-0.025394868210085686,-0.00708836419786129,-0.0826354822077861,0.06502784892383506,0.53125,0.05729166666666667,0.9117382597752799,False,False
landmark,0,16,4,-4.050231876357258,-4.04946975277233,-4.402391697945624,-3.7150138625491045,0.0,1.0,1.0,-0.4451181418305955,-0.4032932649487024,-0.48444516134159143,-0.3267918581068506,0.0,0.05729166666666667,1.4089582348051322,False,False
landmark,0,16,5,-4.231958403932379,-4.045401822259167,-4.2724343629552815,-3.801597057195615,0.0,1.0,1.0,0.21264942856989755,0.26926571443062297,0.169287120277827,0.36271228565380026,0.875,0.05729166666666667,0.6884484408347344,False,False
landmark,0,16,6,-4.2810726352663835,-4.143164179108306,-4.435628561208199,-3.8443141083340056,0.0,1.0,1.0,-0.2374781914081817,-0.2048497646571959,-0.3440811781023284,-0.07107660556559314,0.25,0.05729166666666667,1.8435709005969427,False,False
landmark,0,16,7,-2.43467184596029,-2.5067132726744332,-2.7059065776594298,-2.304417956142453,0.0,1.0,1.0,0.030759715156071947,0.011502335443469916,-0.04881259725424415,0.06499557245347365,0.5625,0.05729166666666667,0.9555233834095361,False,False
landmark,0,16,8,-4.13762831520298,-3.9801128102389183,-4.161305855659992,-3.802800282026589,0.0,1.0,1.0,-0.024210465602396876,0.003162900394219223,-0.06664992051717829,0.07270334530014637,0.53125,0.05729166666666667,1.0444766165904638,False,False
landmark,0,16,9,-6.5427082261605385,-6.279896060889275,-6.579840834987815,-5.937529683285087,0.0,1.0,1.0,-0.02312776507750087,-0.03834353261438721,-0.1475557419411041,0.08377741344984374,0.53125,0.05729166666666667,1.5604395085203926,False,False
landmark,0,16,10,-2.122833014498207,-2.1068524870767944,-2.305592532860939,-1.912735539191319,0.0,1.0,1.0,0.16723685473141348,0.18930004607008816,0.12156672982420243,0.2534843173467907,0.8125,0.05729166666666667,0.9367594535424179,False,False
landmark,0,16,11,-2.467147239269173,-2.58786149102694,-2.8227018584317363,-2.3663804374934743,0.0,1.0,1.0,-0.22606738570283572,-0.2133438197533336,-0.2835988904356621,-0.13145080746594104,0.09375,0.05729166666666667,0.15321379202684124,False,False
landmark,0,17,0,-3.5832100479140485,-3.6686425454557505,-3.9906425047718765,-3.3687068443449677,0.0,1.0,1.0,0.07466488922080558,0.12967025058738585,0.03657745528704657,0.2241646197566873,0.6875,0.04817708333333333,0.7283389259523414,False,False
landmark,0,17,1,-3.488922688345413,-3.3361987059076172,-3.5165390902815035,-3.136525452224081,0.0,1.0,1.0,0.03539799989713128,0.07410735048148628,0.0026163736708816666,0.13971756911500877,0.625,0.04817708333333333,2.538149640455846,False,False
landmark,0,17,2,-3.2619817290485598,-3.0514360663732747,-3.2920819396529195,-2.8141612881034854,0.0,1.0,1.0,-0.13780794825178308,-0.10345209848245374,-0.16177186450665818,-0.045652551009434696,0.375,0.04817708333333333,0.5736639462997464,False,False
landmark,0,17,3,-5.377717662626576,-5.352022900512731,-5.746833432397422,-4.9809861862421405,0.0,1.0,1.0,-0.871492808956098,-0.7903304293896118,-0.9084982667756654,-0.6759574037547711,0.0,0.04817708333333333,1.1016071282963007,False,False
landmark,0,17,4,-2.921544381756007,-2.8804005533551083,-3.1875228284862245,-2.6142457664679526,0.0,1.0,1.0,0.04373950733766997,0.06697906732973141,0.02367559635377835,0.11109513039233421,0.6875,0.04817708333333333,0.722808883320935,False,False
landmark,0,17,5,-5.115671024479424,-5.03113333499813,-5.336461660691022,-4.74190565422324,0.0,1.0,1.0,-0.6872647440731277,-0.6324376306572266,-0.710706654551159,-0.5539527795748685,0.0,0.04817708333333333,1.0296085534997133,False,False
landmark,0,17,6,-3.4077277330645916,-3.3970193557963713,-3.7095822592134198,-3.0940072334405224,0.0,1.0,1.0,0.0851597706458816,0.13266674542359969,0.04298703550880412,0.21948193876358824,0.71875,0.04817708333333333,0.9703914465002867,False,False
landmark,0,17,7,-6.442840396928536,-6.091717975459266,-6.5979154582912285,-5.582898205823101,0.0,1.0,1.0,-0.5475091916719528,-0.4124033231781362,-0.5095944837170217,-0.3143252168311037,0.09375,0.04817708333333333,1.1516088722188456,False,False
landmark,0,17,8,-7.2286889823439875,-7.051173253152105,-7.368797122526931,-6.719710418033968,0.0,1.0,1.0,-1.6541050606718275,-1.5695156889820026,-1.7162945236027338,-1.4081453172306326,0.0,0.04817708333333333,1.306632582643009,False,False
landmark,0,17,9,-2.003325518419567,-1.9089020577407532,-2.1373406258709315,-1.7198140869954353,0.0,1.0,1.0,0.49622624301985496,0.4549885952493891,0.3724704298979846,0.5301189929864384,1.0,0.04817708333333333,1.1696607444904388,False,False
landmark,0,17,10,-5.572197200359059,-5.4732254021889695,-5.816890243594279,-5.157089007247768,0.0,1.0,1.0,-0.40641825163361195,-0.3244503323731679,-0.435942467211689,-0.21816898619879613,0.15625,0.04817708333333333,0.7879735592092579,False,False
landmark,0,17,11,-2.394578922808031,-2.430128447590726,-2.664832281684555,-2.184755560094035,0.0,1.0,1.0,0.29325675624839,0.25995437908025376,0.20132026032749745,0.3181680518427101,0.96875,0.04817708333333333,0.6125760587933645,False,False
landmark,0,18,0,-2.343537768124524,-2.3135387167287993,-2.551920891929638,-2.0599516703606175,0.0,1.0,1.0,-0.01619814074238144,0.035988209369454925,-0.02850325263229798,0.12376868174555113,0.40625,0.048177083333333336,0.11442488859808439,False,False
landmark,0,18,1,-5.168159157163659,-5.19277940824579,-5.641132202161217,-4.718015583797703,0.0,1.0,1.0,-0.003683492505259546,0.10343046430970641,-0.039408740760299016,0.2509868560044438,0.53125,0.048177083333333336,2.103670592370138,False,False
landmark,0,18,2,-5.027997774671097,-4.992178264574841,-5.373666830342095,-4.574396521698996,0.0,1.0,1.0,0.02825792311164657,0.09579899087241409,-0.04269451381199583,0.2519106525611745,0.4375,0.048177083333333336,1.7164875755115292,False,False
landmark,0,18,3,-5.202338240599003,-5.237590220958227,-5.710814174615303,-4.721319072189063,0.0,1.0,1.0,-0.046261258822309664,0.013414254389727306,-0.11339484135839928,0.15534263512863858,0.375,0.048177083333333336,1.0928846282261064,False,False
landmark,0,18,4,-3.091288580714928,-3.0714298056148817,-3.325249843118694,-2.828952382141733,0.0,1.0,1.0,0.10443297457070272,0.16517897125529452,0.07954527621808612,0.25841213058056556,0.8125,0.048177083333333336,0.9071153717738937,False,False
landmark,0,18,5,-4.758357778862541,-4.747108958006617,-5.085739295595981,-4.395125726778933,0.0,1.0,1.0,-0.09410552575198972,-0.01461634763217956,-0.12430618272132499,0.10740585804379112,0.375,0.048177083333333336,1.6224397713808913,False,False
landmark,0,18,6,-4.51740682843962,-4.510474537892789,-4.868163254962154,-4.134464865091925,0.0,1.0,1.0,0.09287976647793755,0.1587599575136741,0.05513838677835388,0.2722091492997362,0.78125,0.048177083333333336,0.8507080809737733,False,False
landmark,0,18,7,-4.244277062567539,-4.370408228225932,-4.805497836355819,-3.870233272193623,0.0,1.0,1.0,0.07415191114055948,0.1306804731800239,0.015368864561933522,0.23868742445734262,0.65625,0.048177083333333336,0.7926739748194731,False,False
landmark,0,18,8,-5.055077966157203,-4.914524313037008,-5.252889474693779,-4.578014439618468,0.0,1.0,1.0,0.027181629808731816,0.15169522640963004,0.01389123148763663,0.3069637418770125,0.59375,0.048177083333333336,1.8733898220602254,False,False
landmark,0,18,9,-1.7736367620327638,-1.8210942979932665,-2.0938830053476143,-1.542763936492613,0.0,1.0,1.0,-0.29439546372503766,-0.29693365626990975,-0.3411034574814814,-0.2550214415276931,0.0,0.048177083333333336,0.31480478967507847,False,False
landmark,0,18,10,-4.416002548555836,-4.379995407092761,-4.797574739862197,-3.9576154274866,0.0,1.0,1.0,0.16652898382087375,0.27169611072253286,0.15381422238743642,0.3877365398221943,0.875,0.048177083333333336,1.2729264733877041,False,False
landmark,0,18,11,-3.641290322935589,-3.876991149220748,-4.240326645441508,-3.448875691306238,0.0,1.0,1.0,0.05858150956738166,0.1164149514068238,0.007603097482285396,0.24299293073747139,0.59375,0.048177083333333336,0.5298970246924894,False,False
landmark,0,19,0,-1.863504306228558,-1.887815420086816,-2.132450252819383,-1.6504197577332633,0.0,1.0,1.0,-0.009220630786356682,0.005879808187937336,-0.047603017034271104,0.05393440008874419,0.59375,0.0390625,0.0672278017279294,False,False
landmark,0,19,1,-5.099593664173964,-5.046556652894784,-5.511177935409341,-4.602646462728675,0.0,1.0,1.0,0.08628086968571841,0.10962802563385916,-0.009138983398237405,0.23514986323447737,0.5625,0.0390625,0.9662797719003027,False,False
landmark,0,19,2,-6.063802423648394,-5.444720573935657,-5.997239849313546,-4.789008164166295,0.03125,0.9999999997671694,1.0,-0.30527997247704697,-0.3484213510725296,-0.4706965255583168,-0.22918933659104282,0.09375,0.0390625,2.9194059220914674,False,False
landmark,0,19,3,-5.062745845652595,-5.054444297909086,-5.386507863353885,-4.697409203033113,0.0,1.0,1.0,0.1014596106067508,0.1045997557917205,0.02898976223617235,0.1765047512758315,0.71875,0.0390625,0.6936722821135808,False,False
landmark,0,19,4,-4.08642864638399,-3.9734884926044165,-4.466491991551774,-3.49453824961653,0.0,1.0,1.0,-0.0045198132230929375,0.01415779457043162,-0.0931073922590721,0.12055117634382741,0.53125,0.0390625,1.5625220247268774,False,False
landmark,0,19,5,-6.244358915792954,-6.015595691088806,-6.302440913308202,-5.69591456486335,0.0,1.0,1.0,-0.6013991502963898,-0.5642130720055178,-0.6584798441515562,-0.4685812664308494,0.03125,0.0390625,1.3289342701220606,False,False
landmark,0,19,6,-2.885737046445941,-2.9056967210312936,-3.2136142044085547,-2.603879054748336,0.0,1.0,1.0,-0.28415022331656714,-0.24792458843836873,-0.2862075509434453,-0.205419425951203,0.0,0.0390625,0.46773908866062286,False,False
landmark,0,19,7,-4.184205472096022,-4.042376368418694,-4.318116855648215,-3.757206740955623,0.0,1.0,1.0,-0.26650436192068594,-0.23336138572065313,-0.29815698053293055,-0.16823989302348674,0.125,0.0390625,0.7974131603469692,False,False
landmark,0,19,8,-2.009598667190936,-1.9060825832614323,-2.138201788705627,-1.6842695313807527,0.0,1.0,1.0,-0.09510256696923347,-0.08331693707361447,-0.11677830444384843,-0.04809710113461739,0.15625,0.0390625,0.380952801158259,False,False
landmark,0,19,9,-4.359164300311385,-4.328775618101059,-4.599470723807146,-4.0553742792222325,0.0,1.0,1.0,-0.13548723000137797,-0.08547273256841771,-0.13095637418517653,-0.03689975087847817,0.21875,0.0390625,1.0337202280996973,False,False
landmark,0,19,10,-4.107565701178476,-3.887571843107028,-4.191254102776438,-3.581377332711647,0.0,1.0,1.0,0.20357251970265622,0.1599121063771618,-0.004914683616812907,0.32516851423620163,0.625,0.0390625,1.1951165040518708,False,False
landmark,0,19,11,-5.829820903550926,-5.747858315644768,-6.1969807914222645,-5.262467577308605,0.0,1.0,1.0,-0.12311045514429052,-0.12273856932117734,-0.21696460020853592,-0.031636063201460375,0.25,0.0390625,1.184229785956428,False,False
landmark,0,20,0,-4.47427578932678,-4.520852127547789,-4.756337526092079,-4.270397200360372,0.0,1.0,1.0,-0.27961344906959984,-0.3126124023990863,-0.3581511122064496,-0.26636068390284606,0.0,0.036458333333333336,0.5739879774163175,False,False
landmark,0,20,1,-2.675077367111801,-2.3346929845565327,-2.68831119505379,-1.9615999133742759,0.03125,0.9999999997671694,1.0,0.3696136469879429,0.4062227691558381,0.285466265505547,0.5315480932156931,0.9375,0.036458333333333336,1.0855207557818731,False,False
landmark,0,20,2,-4.1930207849950065,-4.172998362899444,-4.46606883931961,-3.9182128648232077,0.0,1.0,1.0,0.17788812802338627,0.07921607657158983,-0.08483836690914039,0.23390404408167126,0.59375,0.036458333333333336,0.9745709928157651,False,False
landmark,0,20,3,-2.6875705239723153,-2.4977856297044365,-2.773461863800657,-2.208146508754575,0.0,1.0,1.0,-0.4737060446894431,-0.49742535282647227,-0.5896004669252761,-0.38284757800052616,0.0625,0.036458333333333336,2.697823478889027,False,False
landmark,0,20,4,-3.4078158766818056,-3.6485954062963044,-3.9395933411770887,-3.356660789986419,0.0,1.0,1.0,0.09453123019765886,0.14204728629830166,0.05868403378878395,0.23013269799252642,0.6875,0.036458333333333336,0.790710468524907,False,False
landmark,0,20,5,-5.399507703652919,-5.201714841828396,-5.858551376747627,-4.613244200960109,0.0,1.0,1.0,-0.714596034040117,-0.7649471146998469,-1.032579456330092,-0.5338829320504724,0.09375,0.036458333333333336,1.8027221226539956,False,False
landmark,0,20,6,-3.0137529318460095,-2.987564964986836,-3.246128518923664,-2.7330993613742094,0.0,1.0,1.0,-0.1840485980432886,-0.14122746944705225,-0.23308400462560158,-0.05016479053465733,0.375,0.036458333333333336,1.5362494344498427,False,False
landmark,0,20,7,-9.399911941259562,-9.206833852804358,-9.890751328056078,-8.40160861374456,0.0,1.0,1.0,-0.9139046634169528,-0.7262689673811124,-1.1518643237491635,-0.31574169350936626,0.28125,0.036458333333333336,1.0254290071842351,False,False
landmark,0,20,8,-4.730208042503149,-4.648024098446498,-4.9096406513750495,-4.407022476357498,0.0,1.0,1.0,0.0013947044871061645,0.005430835888811866,-0.11382429250361331,0.12808603197220633,0.5,0.036458333333333336,1.2037721397176766,False,False
landmark,0,20,9,-3.0527526090876975,-2.931508304650327,-3.116856396336696,-2.755158429633167,0.0,1.0,1.0,0.26389095312993494,0.23197790508098315,0.16943904641159108,0.2941755851771123,0.8125,0.036458333333333336,0.8754071268025089,False,False
landmark,0,20,10,-2.2791699869691664,-2.3945193824296056,-2.674758870419664,-2.1007732635344873,0.0,1.0,1.0,-0.08014840114240436,-0.05456541647896612,-0.1266423550265072,0.02421710759493659,0.375,0.036458333333333336,0.8107498307950062,False,False
landmark,0,20,11,-5.85438400554502,-5.697046410976135,-6.160150322852471,-5.260628703601311,0.0,1.0,1.0,-0.5985637942632303,-0.6563908787702593,-0.8077573745829788,-0.5187771790908449,0.03125,0.036458333333333336,0.7043723203289711,False,False
landmark,0,21,0,-4.69362564275154,-4.538741270079511,-4.809244656659209,-4.2566452424662735,0.0,1.0,1.0,0.4226634470108859,0.4627140738932892,0.3430391020717347,0.5773918513305181,0.9375,0.15755208333333334,1.8960970618133446,False,False
landmark,0,21,1,-4.605427389623594,-4.452845492978998,-4.733291818540571,-4.185204965390259,0.0,1.0,1.0,-0.2295355624084891,-0.24146898125605537,-0.3371427534085787,-0.1463908599909893,0.15625,0.15755208333333334,0.9385807107187129,False,False
landmark,0,21,2,-3.2941451780501207,-3.2532614141568557,-3.4933775740810225,-3.032224111790381,0.0,1.0,1.0,-0.26568648321181026,-0.23634209089439168,-0.3044215678926783,-0.1734076270761855,0.0625,0.15755208333333334,0.9890724697034352,False,False
landmark,0,21,3,-2.588442114547008,-2.3061330554588153,-2.5994182580567604,-2.0046866463737154,0.03125,0.9999999997671694,1.0,-0.3432065248373495,-0.21811456526438663,-0.3528178696810166,-0.06517165033925047,0.28125,0.15755208333333334,3.0290341106830287,False,False
landmark,0,21,4,-3.0061931037440104,-2.9815653507743143,-3.3617114395910033,-2.565520177954036,0.0,1.0,1.0,0.13695058489508308,0.18634870950978538,0.12808505962725428,0.24518071238918826,0.84375,0.15755208333333334,0.38353603590107654,False,False
landmark,0,21,5,-2.0196880072336976,-1.9641596168880104,-2.235793899195458,-1.6996705515904926,0.0,1.0,1.0,-0.22128894754265227,-0.17235572781326608,-0.2309673920624348,-0.10873479226200754,0.125,0.15755208333333334,0.48633030240531233,False,False
landmark,0,21,6,-3.3799859486722212,-3.3901342460724218,-3.6212979593848877,-3.1407499516372344,0.0,1.0,1.0,-0.05787365967019449,-0.0602188180221092,-0.11331647359408471,-0.007340941372659344,0.34375,0.15755208333333334,1.52372114753626,False,False
landmark,0,21,7,-4.476132288486597,-4.653892477012972,-5.0749570446626935,-4.244577393408939,0.0,1.0,1.0,-0.37502931584696375,-0.32994352590667503,-0.40651428095522224,-0.24190865507618634,0.0625,0.15755208333333334,0.49903726504182105,False,False
landmark,0,21,8,-7.936840545767936,-7.895978217132063,-8.142495497650343,-7.6365950403339635,0.0,1.0,1.0,-0.16799458906983278,-0.23242323068955795,-0.2877983144564663,-0.1801880807254258,0.0625,0.15755208333333334,2.5785088365971407,False,False
landmark,0,21,9,-1.2261597036886718,-1.4357173327138963,-1.9684987765140207,-0.8940180520328571,0.21875,0.9997324736323208,1.0,1.951729402412782,1.9948799311546206,1.8715431591233684,2.112742228566214,1.0,0.15755208333333334,1.2895371164253326,False,False
landmark,0,21,10,-4.3362982316424805,-4.443713777356902,-4.827054822208821,-4.096042534234235,0.0,1.0,1.0,-0.5186295624591741,-0.5520002125275726,-0.7471909288863469,-0.40959517808200796,0.03125,0.15755208333333334,1.0109275302965648,False,False
landmark,0,21,11,-4.564593696504959,-4.454910673081665,-4.710959193226824,-4.210548595176137,0.0,1.0,1.0,-0.1109344937169444,-0.17302465089901536,-0.3218588977018793,-0.02725730888285528,0.28125,0.15755208333333334,0.896643215477906,False,False
landmark,0,22,0,-2.1580916939090873,-2.1489781142374778,-2.3778389209391544,-1.937434089542214,0.0,1.0,1.0,0.06864499205134447,0.10447002286209464,0.04386917879518033,0.16565273460030744,0.6875,0.359375,1.5187394658924944,False,False
landmark,0,22,1,-2.982855337127008,-3.009153571957585,-3.270990956248623,-2.6980107942541065,0.0,1.0,1.0,0.17416334963941998,0.2001623435203586,0.07512981335852677,0.3247737310125585,0.6875,0.359375,1.123866852885738,False,False
landmark,0,22,2,-3.302128809563869,-3.256812929239326,-3.5227349234835583,-2.984796152055457,0.0,1.0,1.0,-0.1468751115568264,-0.14512120958112407,-0.2113541609155457,-0.0777972329086734,0.25,0.359375,0.5359127627128484,False,False
landmark,0,22,3,-4.277792103318783,-4.172015214251427,-4.451432365778748,-3.868161466586502,0.0,1.0,1.0,-0.16856187748705903,-0.15670047710155652,-0.23154236977112305,-0.08295910665273339,0.125,0.359375,1.6716292553548882,False,False
landmark,0,22,4,-2.3940880393868156,-2.331004716424541,-2.584034476731641,-2.042727078943775,0.0,1.0,1.0,0.1830436070940144,0.19786778769282345,0.14098021301059283,0.25708972750645964,0.90625,0.359375,1.065657312175847,False,False
landmark,0,22,5,-4.203829241528632,-4.093524427416469,-4.439383226895982,-3.757321957688485,0.0,1.0,1.0,0.08316428948062751,0.06003267441262315,-0.009096883881847463,0.11616109211734696,0.6875,0.359375,1.4193893208237753,False,False
landmark,0,22,6,-1.953657241768825,-2.162058854311434,-2.523628950615493,-1.7630729834292997,0.0,1.0,1.0,-0.011127158786776316,0.032058515367927296,-0.02547138880815142,0.09202319048081149,0.53125,0.359375,0.3220599185331314,False,False
landmark,0,22,7,-2.16693652486837,-2.0869894496624877,-2.2843147979239675,-1.8773417226846343,0.0,1.0,1.0,-0.30273555982656347,-0.24733467069046775,-0.3019168394994587,-0.18901547798399337,0.0625,0.359375,0.5520762659737182,False,False
landmark,0,22,8,-5.071162582635375,-4.840737339207617,-5.201323516643482,-4.46198116514426,0.0,1.0,1.0,-0.051293774243333985,-0.01318826773904537,-0.09416462115650696,0.0730737202798763,0.5,0.359375,1.3184649131623478,False,False
landmark,0,22,9,-0.8621604612404409,-0.9817553354912922,-1.1840005204584643,-0.759864863218571,0.0625,0.9999999923165888,1.0,0.08570126402722605,0.08034653850081958,0.02882372035486423,0.13412640333724535,0.6875,0.359375,0.25003032103926953,False,False
landmark,0,22,10,-3.4516593559874407,-3.5453364451285947,-3.8391875630226924,-3.256500795755696,0.0,1.0,1.0,-0.1552937077781378,-0.15810729032734486,-0.22017231970771778,-0.09130935341705484,0.15625,0.359375,0.9343426878241529,False,False
landmark,0,22,11,-2.9039211397758447,-2.9533905659811115,-3.1533718311564654,-2.764286014620765,0.0,1.0,1.0,-0.03309551335931578,-0.047416792315753596,-0.12629591479799754,0.03139558574832991,0.4375,0.359375,0.9233616551099489,False,False
landmark,0,23,0,-2.9263804340853463,-2.9682073143207726,-3.1677865376496093,-2.7797357931593725,0.0,1.0,1.0,-0.03490639513621124,-0.043625700850452157,-0.08672014640370067,-0.002692151034164986,0.40625,0.30078125,0.8859272469325025,False,False
landmark,0,23,1,-5.682370415475697,-5.225486210045168,-5.67815285477221,-4.65386566465941,0.03125,0.9999999997671694,1.0,0.050358479864698685,0.11156305824848911,0.014724862741887374,0.21048180204768904,0.65625,0.30078125,1.1140727530674976,False,False
landmark,0,23,2,0.021743762444242525,0.41497303627881976,0.0948478945919851,0.7150414542253825,0.6875,0.025051229866221547,1.0,0.24112014490415873,0.2880467691138813,0.24597308364171258,0.3292689304607452,1.0,0.30078125,0.33975695751531315,False,False
landmark,0,23,3,-3.6910822833227472,-3.6688565471315524,-3.921971940444143,-3.427009438857479,0.0,1.0,1.0,0.0003181715551806123,0.055499123840410114,-0.014764352578793192,0.12480912731233558,0.59375,0.30078125,0.627356127056645,False,False
landmark,0,23,4,-3.2439874118041927,-3.1394616492384655,-3.339548592405671,-2.942696528638308,0.0,1.0,1.0,-0.006868858371006682,0.0706008618139454,-0.01103090479910147,0.15253186523372556,0.59375,0.30078125,2.714036231497887,False,False
landmark,0,23,5,-2.8722207171298475,-2.965739606174737,-3.329602159975633,-2.5917159840459667,0.0,1.0,1.0,-0.018794431681672327,-0.026851838953171846,-0.08789055828548122,0.0349699091079626,0.4375,0.30078125,0.22920193045903628,False,False
landmark,0,23,6,-2.1901357012830256,-2.22634594236491,-2.485418302726101,-1.9446361979503572,0.03125,0.9999999997671694,1.0,-0.021662615140679194,0.02518463429934256,-0.03360440421632572,0.10314624519940963,0.5,0.30078125,1.7211362083109851,False,False
landmark,0,23,7,-3.6749619801074145,-3.4092193701123614,-3.636153673994245,-3.1820267319107596,0.0,1.0,1.0,0.120055030998322,0.16380882136008898,0.11175964054554056,0.22044001828812032,0.875,0.30078125,2.093670633545495,False,False
landmark,0,23,8,-2.6384722921659307,-2.5450651964141033,-2.7152188720169796,-2.3566688733648595,0.0,1.0,1.0,0.08780348926953802,0.09800669772056661,0.03087630878759315,0.16343919577070792,0.71875,0.30078125,2.3717421651431914,False,False
landmark,0,23,9,-4.522435772309874,-4.278885900834028,-4.673768708300088,-3.874165204079328,0.0,1.0,1.0,0.040074067626059265,0.03609942584724915,-0.05506340076551369,0.12307133530611035,0.625,0.30078125,0.7291154213265058,False,False
landmark,0,23,10,-4.185493748592778,-3.384501224439036,-4.309259774790074,-2.4234165142939452,0.09375,0.9999998768325895,1.0,0.3837937903032902,0.2113443771468509,0.10399206855990012,0.31920092388714066,0.78125,0.30078125,3.301501751373494,False,False
landmark,0,23,11,-4.473642719992508,-4.259364374422279,-4.505579582434583,-4.031212847080871,0.0,1.0,1.0,0.01845091939082763,0.03389637181442243,-0.020529123593982422,0.09137845351837862,0.71875,0.30078125,0.5075508536941133,False,False
landmark,0,24,0,-4.9598850439087645,-4.735006658266676,-5.099280707636837,-4.375166131141818,0.0,1.0,1.0,-0.04624965249613099,-0.03519252952399206,-0.13428019257990134,0.055138891304405524,0.4375,0.38932291666666663,2.996118487156238,False,False
landmark,0,24,1,-4.940195464022402,-4.604671437539058,-4.867137508096592,-4.320416543821182,0.0,1.0,1.0,-0.08343681329562491,-0.0951103242351419,-0.15375468108714804,-0.02963238738283383,0.28125,0.38932291666666663,3.530869235444447,False,False
landmark,0,24,2,-3.836024331572396,-3.8712261085303203,-4.086927563729214,-3.6579742503735817,0.0,1.0,1.0,-0.09893940815691699,-0.17438939607631865,-0.25232278256051804,-0.09005243007398575,0.1875,0.38932291666666663,2.9079502089880354,False,False
landmark,0,24,3,-1.1298138413297887,-1.1364143599493965,-1.437278583641512,-0.8263248067088046,0.0625,0.9999999923165888,1.0,0.1929888582512806,0.17855928991946393,0.1338855549456234,0.222037208743397,0.90625,0.38932291666666663,0.7244151910484125,False,False
landmark,0,24,4,-1.744797757645029,-1.6790911549089427,-1.8538060918524046,-1.5139297604854791,0.0,1.0,1.0,-0.01879199341624268,-0.011216923262234297,-0.03872530501339913,0.01886658458521319,0.375,0.38932291666666663,0.5088655565963157,False,False
landmark,0,24,5,-3.9670324948770377,-3.967702014355996,-4.274551233501222,-3.65825265364769,0.0,1.0,1.0,-0.3750715107921125,-0.33146047504681997,-0.3827595847696992,-0.2813787621602885,0.03125,0.38932291666666663,0.45708581284659516,False,False
landmark,0,24,6,-4.389733908610362,-4.148581764876186,-4.627932397665303,-3.629726970450686,0.0,1.0,1.0,0.15176675148345892,0.16605238308320278,0.12343442845508354,0.20722540958441973,0.90625,0.38932291666666663,1.2755848089515873,False,False
landmark,0,24,7,-5.423673918645259,-4.895628279625082,-5.297885141107446,-4.460427039611338,0.0,1.0,1.0,0.16929863307245197,0.16715070223121292,0.10122883398357638,0.23270533642984698,0.8125,0.38932291666666663,3.5867687583312313,False,False
landmark,0,24,8,-3.743982878183322,-3.611507662827727,-4.055519073619599,-3.192964097204556,0.03125,0.9999999997671694,1.0,0.054274806240104626,0.06979695517669851,0.004278499284347893,0.13271824269592922,0.75,0.38932291666666663,0.5371593554832507,False,False
landmark,0,24,9,-2.704935542756571,-2.6233934448589142,-2.917654276587984,-2.331348664640398,0.0,1.0,1.0,0.04473162603104423,0.032181538051968564,-0.0345076892635193,0.09020294504287087,0.6875,0.38932291666666663,0.6363249082622491,False,False
landmark,0,24,10,-3.3201264293444965,-3.414477340469446,-3.803501113109206,-2.99440429914804,0.03125,0.9999999997671694,1.0,0.014780300453495704,0.07147800954664726,0.007057409531344012,0.13032229659207445,0.6875,0.38932291666666663,0.4035440794054022,False,False
landmark,0,24,11,-4.869020556726576,-4.515070593757564,-4.952302765481375,-4.0510231749543735,0.0,1.0,1.0,0.14041476156291471,0.13243559149521555,0.07095475870292225,0.18889306646510387,0.8125,0.38932291666666663,1.9797736385045526,False,False
landmark,0,25,0,-2.786380004278522,-2.661430824779763,-2.9173332394071028,-2.4196506276249696,0.0,1.0,1.0,0.019811107740812788,0.025096245223248936,-0.025401783180622674,0.07481416610548235,0.46875,0.4088541666666667,1.5109135349915401,False,False
landmark,0,25,1,-4.434974299593064,-4.083910566998693,-4.378728488762548,-3.7966705266788687,0.0,1.0,1.0,-0.10647060674988501,-0.1137352084658538,-0.19180176797614315,-0.037412740851601074,0.34375,0.4088541666666667,0.8116496275099097,False,False
landmark,0,25,2,-4.134720114717084,-4.076456277798513,-4.362796102879005,-3.8135068708872355,0.0,1.0,1.0,-0.06924664027419071,-0.08548669055246033,-0.1510409569642839,-0.022502375932961758,0.34375,0.4088541666666667,0.836655871816287,False,False
landmark,0,25,3,-3.660202629572738,-3.564766679367245,-3.847246441280251,-3.2588181604391533,0.0,1.0,1.0,-0.19276890813587405,-0.20389403281923435,-0.2695192917073705,-0.14213245058154952,0.03125,0.4088541666666667,1.1550234839279663,False,False
landmark,0,25,4,-2.846293036713453,-2.868285146960633,-3.207279709890039,-2.516962966310657,0.0,1.0,1.0,-0.09250243951874651,-0.0734850091488235,-0.12120184036836916,-0.02766225496364234,0.3125,0.4088541666666667,1.2411078436611491,False,False
landmark,0,25,5,-1.1947735775934376,-1.190177508227008,-1.4143101264230875,-0.9604356522340279,0.0,1.0,1.0,0.3237377874367634,0.3300499576262226,0.2619308566247336,0.3953106573478176,0.9375,0.4088541666666667,0.43950932386844765,False,False
landmark,0,25,6,-3.4141378686375603,-3.2706407471964605,-3.573742953885057,-2.958372399175632,0.0,1.0,1.0,0.051818607453737724,0.0882114272526548,0.008728655629738522,0.17149417965393413,0.625,0.4088541666666667,0.5816959611568354,False,False
landmark,0,25,7,-1.552085340637179,-1.178318393957099,-1.9210977220482914,-0.41951890622384413,0.3125,0.9899691964965314,1.0,-0.06693453801414281,-0.22679958526698457,-0.46629530805233055,-0.003302609427730877,0.40625,0.4088541666666667,0.7902979401761856,False,False
landmark,0,25,8,-3.113491909277974,-3.2236705626647293,-3.5361162619657494,-2.8983757779768466,0.0,1.0,1.0,0.02988665283883225,0.013930490123965182,-0.04930407939397872,0.08205245159830082,0.46875,0.4088541666666667,1.852412812326803,False,False
landmark,0,25,9,-2.5174917644393693,-2.462660810865219,-2.7412023156450736,-2.214978908823341,0.0,1.0,1.0,0.11630798363358053,0.06271271505331699,-0.030252569213660048,0.15739111053796384,0.4375,0.4088541666666667,0.8449765160720338,False,False
landmark,0,25,10,-2.1814314676235864,-2.14600783899275,-2.3951374056535455,-1.9120118576787124,0.0,1.0,1.0,-0.10400008438611838,-0.13410416901936903,-0.1648742223946483,-0.10413987996904937,0.09375,0.4088541666666667,1.5753139546013788,False,False
landmark,0,25,11,-3.8920062412314342,-3.7315608298200957,-4.1282104633256305,-3.322089143639368,0.0,1.0,1.0,-0.1455373885136406,-0.13246247982251325,-0.2029841607348324,-0.06293808328905823,0.375,0.4088541666666667,1.2915423003537243,False,False
landmark,0,26,0,-1.3655595796894062,-1.3762480416784446,-1.5696013505420547,-1.1952835824605044,0.0,1.0,1.0,0.031259174391842344,0.031254996939834495,-0.009556464023107359,0.07385823733675703,0.59375,0.421875,0.18083152751165113,False,False
landmark,0,26,1,-3.2108348970618477,-3.322548909303575,-3.659519043765897,-3.004097991395096,0.0,1.0,1.0,0.20015387860724942,0.1773066332331404,0.08433138327931054,0.27807930139302206,0.71875,0.421875,0.7180026985734698,False,False
landmark,0,26,2,-4.865583697044988,-4.730090342030369,-5.109129763270127,-4.366411901558273,0.0,1.0,1.0,0.17053155719450241,0.13301933348177328,0.06525420607585322,0.2000383093650544,0.6875,0.421875,1.4316035195265289,False,False
landmark,0,26,3,-1.3869271575703586,-1.3319397242840265,-1.5298608229362665,-1.1462038393077834,0.0,1.0,1.0,0.37663955604257926,0.3726390299756183,0.31597288726312034,0.4366387521935908,1.0,0.421875,0.21932462381072923,False,False
landmark,0,26,4,-2.132194667630616,-2.0646248521139796,-2.252889723860201,-1.9028395692891846,0.0,1.0,1.0,0.0770204210840492,0.06260749079815042,0.019980089819758254,0.10535457251100702,0.6875,0.421875,0.5155433121851934,False,False
landmark,0,26,5,-3.181001437725958,-2.8711420087460744,-3.224596516824471,-2.5256801304517427,0.0,1.0,1.0,-0.013218991654622602,0.030542792024068524,-0.08341870913849808,0.14876661704990868,0.5,0.421875,1.274179468357762,False,False
landmark,0,26,6,-3.9205602080142796,-3.759202247706341,-4.055388879454741,-3.4645465769017583,0.0,1.0,1.0,0.05182987956211253,0.07630411634353895,0.01934388638148743,0.13923275282021214,0.6875,0.421875,0.8844648918528065,False,False
landmark,0,26,7,-3.271069317945096,-3.118633508010226,-3.3419561036036995,-2.873438077688726,0.0,1.0,1.0,0.1699207926779111,0.13425922917915972,0.05939715486835202,0.21199671005889734,0.6875,0.421875,0.2830260089917514,False,False
landmark,0,26,8,-5.1376646451185515,-4.955555892201831,-5.3345132252747405,-4.553771352470225,0.0,1.0,1.0,0.1896657422534357,0.11457965797796509,0.026499286400473606,0.208814417905776,0.6875,0.421875,1.443240673337204,False,False
landmark,0,26,9,-3.7383966619747913,-3.613140164138831,-3.880140747560377,-3.329658260395713,0.0,1.0,1.0,0.03131500647988935,0.026417365502128573,-0.02083909903844411,0.07101091521288665,0.59375,0.421875,1.3972691900416736,False,False
landmark,0,26,10,-3.5913680248775415,-3.4765631589996406,-4.052967554164434,-2.881196610228772,0.03125,0.9999999997671694,1.0,0.6585865350185591,0.6389692258164721,0.42443724023847124,0.8700923949927399,0.9375,0.421875,4.59787981551745,False,False
landmark,0,26,11,-2.332004355160732,-2.462644909283063,-2.7454678231850047,-2.1590144230251456,0.0,1.0,1.0,-0.09487979195620808,-0.09157796295971854,-0.12781244186081667,-0.0532343330769993,0.1875,0.421875,1.1155351081471934,False,False
landmark,0,27,0,-2.4045676581719957,-2.3973695452654518,-2.7941597758495704,-2.030888795921832,0.03125,0.9999999997671694,1.0,0.5175712421089917,0.47635026217812276,0.4105229637720544,0.5405030354569007,1.0,0.010416666666666668,0.34176260846356865,False,False
landmark,0,27,1,-3.4733872913696358,-3.8498662419940195,-4.272494476211408,-3.4236677367122734,0.0,1.0,1.0,0.10571957855777331,0.08943428908469979,0.031799191278928926,0.14324917394439524,0.71875,0.010416666666666668,0.4273948388612265,False,False
landmark,0,27,2,-6.595818793514565,-6.440526966063969,-6.904048493550271,-6.015585148029584,0.0,1.0,1.0,0.19055027919175427,0.07571013677828473,-0.007109647587866132,0.16792520537334915,0.5625,0.010416666666666668,3.8704587758283604,False,False
landmark,0,27,3,-6.10190145764485,-5.78366890681168,-6.009686303460892,-5.525892368900182,0.0,1.0,1.0,-0.4806369801061864,-0.403206902675759,-0.46315904120171886,-0.3367024000731025,0.0625,0.010416666666666668,0.715532067905325,False,False
landmark,0,27,4,-2.5396135833707665,-2.211245184640698,-2.4500251239943545,-1.9550981097101092,0.0,1.0,1.0,-0.07929736150208637,-0.030220325644302836,-0.07599722547243701,0.016408439063273546,0.5,0.010416666666666668,0.2912448769108522,False,False
landmark,0,27,5,-2.407536051323445,-2.4657619365943444,-2.7536342634604782,-2.1847793542237404,0.0,1.0,1.0,-0.07796600280533009,-0.04794973518503849,-0.08163664836339374,-0.015029870978644697,0.3125,0.010416666666666668,0.26725595293487836,False,False
landmark,0,27,6,-3.9685896768074054,-3.7778586500699243,-4.017096483501115,-3.5756730912344707,0.0,1.0,1.0,0.2917109950164519,0.3740213730609019,0.2869543684297542,0.46402776901249543,0.875,0.010416666666666668,1.41580012843402,False,False
landmark,0,27,7,-1.6243734230835185,-1.6624689712662506,-1.9813126048065164,-1.298699926332545,0.09375,0.9999998768325895,1.0,-0.03248252780924253,0.014637742716455054,-0.0669853903204598,0.1026262547350333,0.375,0.010416666666666668,2.9471240100074425,False,False
landmark,0,27,8,-4.230326419737805,-4.420672870916629,-4.795801421297487,-4.052240929519866,0.0,1.0,1.0,-0.1538527299078159,-0.1380312795216812,-0.21088743141647212,-0.06614817893879175,0.21875,0.010416666666666668,1.19826306220151,False,False
landmark,0,27,9,-4.19480313590843,-4.028458548086192,-4.316201521938208,-3.736694788114892,0.0,1.0,1.0,-0.22712766682915692,-0.15729256745564824,-0.2448053973473448,-0.07093994809597368,0.21875,0.010416666666666668,3.1080797826719295,False,False
landmark,0,27,10,-3.596240702393696,-3.559313127213321,-3.793474414065026,-3.3123850168871183,0.0,1.0,1.0,0.16779956607825758,0.1095073444163347,0.022153157282297414,0.18796060824729263,0.6875,0.010416666666666668,0.8017369377984901,False,False
landmark,0,27,11,-4.088958484041347,-4.166416407317467,-4.572211527815916,-3.7543435178631093,0.0,1.0,1.0,-0.7497746832484395,-0.8188303236099623,-0.9983326092507576,-0.6600576494271686,0.03125,0.010416666666666668,10.644481584889961,False,False
landmark,0,28,0,-12.897075005419438,-12.972298800357922,-13.397561686741087,-12.525988936160397,0.0,1.0,1.0,0.47906450203034767,0.47972015544493984,0.3577194273909176,0.6088360672202788,1.0,0.0,2.1415824262641823,False,False
landmark,0,28,1,-8.322966241602002,-8.33803009958619,-8.586485640435683,-8.099397531247092,0.0,1.0,1.0,-0.352454352659613,-0.37385191535162665,-0.5173419659957884,-0.25411836813975647,0.09375,0.0,2.2020748727595465,False,False
landmark,0,28,2,-5.62263608078126,-5.547561430299615,-6.281452407933354,-4.8212562128383265,0.0,1.0,1.0,0.034973481806468795,0.05542890678411318,-0.048466827531215166,0.15767305561745448,0.5625,0.0,1.164989304027579,False,False
landmark,0,28,3,-3.173807458238131,-3.392374811066958,-3.5705107221209245,-3.192484249535857,0.0,1.0,1.0,0.5897871179648964,0.554767134456633,0.4911080279072786,0.6172410706155997,1.0,0.0,0.10651253283873609,False,False
landmark,0,28,4,-4.728606725183047,-5.017295725214584,-5.239294268748193,-4.799170939107767,0.0,1.0,1.0,-0.754552452018032,-0.7738184291847693,-0.8326371831602144,-0.7116318506405918,0.0,0.0,0.08272898916739108,False,False
landmark,0,28,5,-3.758966382141752,-3.7536782835073894,-4.048842844984707,-3.4344110759795123,0.0,1.0,1.0,0.07774238503338722,0.1289323018018884,0.053913250673379126,0.2225697431796464,0.65625,0.0,0.18594574362157393,False,False
landmark,0,28,6,-3.62386424306102,-3.5466116095860576,-3.814104043975685,-3.276173215455595,0.0,1.0,1.0,-0.21982539278217075,-0.17749529068385275,-0.26117374259680504,-0.0976030752563342,0.28125,0.0,1.4008437945105705,False,False
landmark,0,28,7,-1.1429014329246252,-1.486429258590486,-1.7648580530359355,-1.1806708065311309,0.0625,0.9999999923165888,1.0,0.06306296296134008,0.018007882244787977,-0.07903548737131451,0.1197974059821557,0.46875,0.0,0.10154141249405177,False,False
landmark,0,28,8,-3.43590412335893,-3.407224571078959,-3.7035565248845193,-3.17390716776481,0.0,1.0,1.0,0.0476906780310734,0.01427633990781875,-0.041307115279475726,0.07874181352723766,0.5,0.0,5.172022653390865,False,False
landmark,0,28,9,-5.283455845741713,-5.410380426819472,-5.676012864128329,-5.172241486727149,0.0,1.0,1.0,-0.14516914827505215,-0.1681710147055097,-0.20691913316537494,-0.12807128079390245,0.0625,0.0,0.8350106959724211,False,False
landmark,0,28,10,-5.078525818487578,-5.251402708526659,-5.525792200778544,-4.966881796624986,0.0,1.0,1.0,-0.2196593848876104,-0.2299038477826794,-0.3266412860693194,-0.13999766316869028,0.15625,0.0,0.4149055475357876,False,False
landmark,0,28,11,-3.4316880647835664,-3.4592778041715335,-3.7096494774159114,-3.180316456708903,0.0,1.0,1.0,-0.0900810080539873,-0.10008409417376955,-0.246748730764014,0.042235042477547606,0.4375,0.0,3.896222704021938,False,False
landmark,0,29,0,-8.741759971140674,-8.799965540117874,-9.188505100917306,-8.333958786933602,0.0,1.0,1.0,-0.13587491253971798,-0.27181894757149194,-0.5203777087664814,-0.02230037345025395,0.3125,0.0,8.323607411522277,False,False
landmark,0,29,1,-2.9762459371659937,-2.9369778171051353,-3.1468362194869948,-2.695967348808892,0.0,1.0,1.0,-0.07768433587998817,-0.08182540076109521,-0.13358651157602341,-0.03779250934309473,0.21875,0.0,0.5966926514891951,False,False
landmark,0,29,2,-2.7295956738682863,-2.4572215651979694,-2.7404229643124007,-2.171559455831786,0.0,1.0,1.0,0.13470369664427384,0.3069284030590367,0.20026619594027145,0.42223808901576926,0.96875,0.0,3.1081916931348834,False,False
landmark,0,29,3,-6.090946827954195,-5.902701260494838,-6.21687659662693,-5.557569507169483,0.0,1.0,1.0,0.024931913277828094,0.029334864865305593,-0.04250391837635917,0.0987440226742882,0.5625,0.0,0.8873250853920448,False,False
landmark,0,29,4,-5.510063660781258,-5.262688516430332,-5.447751595677629,-5.075784019578626,0.0,1.0,1.0,-0.5801780018285525,-0.5318946425092013,-0.5805933688055388,-0.4773322851444782,0.0,0.0,1.0928373356880803,False,False
landmark,0,29,5,-3.9473693012324285,-3.934557379187244,-4.209461534385522,-3.642133691303167,0.0,1.0,1.0,-0.38225564673206236,-0.3546798628321881,-0.41081499762883184,-0.30405902959861597,0.0,0.0,0.42816060218599894,False,False
landmark,0,29,6,-2.9851177224869287,-2.9840907364318903,-3.177605792068822,-2.7472004266717627,0.0,1.0,1.0,0.17090777623169368,0.17543836035286942,0.13440275158210993,0.21905892572340172,0.90625,0.0,0.8404877889715886,False,False
landmark,0,29,7,-2.9435102551247945,-2.790995686163445,-3.0949797851175926,-2.49504717612022,0.0,1.0,1.0,0.5085458817906036,0.5079469473991958,0.4213870514193001,0.5965238191090915,0.9375,0.0,0.9071626643119196,False,False
landmark,0,29,8,-4.666579028608638,-4.686158700686652,-5.086985100203078,-4.292196203796396,0.0,1.0,1.0,0.35957286039691805,0.35722117784403545,0.2995043549437147,0.41898928321190687,1.0,0.0,1.3389666701506528,False,False
landmark,0,29,9,-7.542566942877579,-6.451765214871177,-8.173701995782492,-4.632145861699138,0.125,0.999998721992597,1.0,0.4237173860319492,0.3988131976443012,0.06609983642625322,0.7274154069327101,0.71875,0.0,8.102816578180214,False,False
landmark,0,29,10,-2.5125433733469293,-2.3057682006129214,-2.5908187220959285,-1.9980156680256012,0.0,1.0,1.0,-0.227042767664328,-0.1792631014424169,-0.22747800132396562,-0.1227291154722156,0.15625,0.0,0.7774417717265154,False,False
landmark,0,29,11,-4.17322234472978,-4.183471037916416,-4.672483626235994,-3.651740132926527,0.0,1.0,1.0,-0.30108573240454384,-0.24842366485086342,-0.363450445273358,-0.14350084273631247,0.21875,0.0,5.088835514327568,False,False
landmark,1,0,0,-7.521102832087161,-7.351982585694002,-7.6340299525635835,-7.048919616719043,0.0,1.0,1.0,-0.15044792667624127,-0.1510090177102496,-0.1843187927868274,-0.11774298609180342,0.0,0.013020833333333334,1.2639813330546021,False,False
landmark,1,0,1,-7.450023686374692,-7.400760238081613,-7.554196709886233,-7.252466015830471,0.0,1.0,1.0,-0.4819086254106979,-0.46626570934269385,-0.48749011104911744,-0.44304218800322726,0.0,0.013020833333333334,6.253244977132377,False,False
landmark,1,0,2,-2.1663062230328394,-2.0687148274792615,-2.3261418427236427,-1.8080118130453933,0.0,1.0,1.0,-0.17220355965749845,-0.16989562695229027,-0.19779008240043697,-0.1428979081638555,0.03125,0.013020833333333334,0.7360186669453979,False,False
landmark,1,0,3,-2.473960652337854,-2.4188629971237483,-2.6363323844231603,-2.1939949533576866,0.0,1.0,1.0,-0.11908079502531747,-0.1205261245783887,-0.14310971974432496,-0.09897644423477286,0.0,0.013020833333333334,0.5687911616709633,False,False
landmark,1,0,4,-4.153517965026543,-4.166632812133855,-4.29278650685135,-4.037590756959269,0.0,1.0,1.0,0.0002650015373833123,0.024853665395646984,-0.02835582662395592,0.08462732861417767,0.5625,0.013020833333333334,2.641204161747902,False,False
landmark,1,0,5,-6.3448010065338725,-6.404748915918323,-6.590848470897569,-6.207364093361463,0.0,1.0,1.0,-0.0366422475528143,-0.0896922210088901,-0.22128111037623036,0.04191150164046311,0.4375,0.013020833333333334,2.2590472030644198,False,False
landmark,1,0,6,-4.5271932615084385,-4.524883906795251,-4.664531382788829,-4.384268889016946,0.0,1.0,1.0,-0.22765824705286533,-0.22989308717541923,-0.2560286194583969,-0.20375105385483788,0.0,0.013020833333333334,2.0306705018319753,False,False
landmark,1,0,7,-6.414276652974444,-6.486125844276493,-6.604983970126401,-6.357228534763081,0.0,1.0,1.0,-0.37912176211214266,-0.4032137818535945,-0.4247632341563867,-0.3798969422119066,0.0,0.013020833333333334,0.6287766132282238,False,False
landmark,1,0,8,-2.460797149380485,-2.325449302724549,-2.5302785574542246,-2.095588146555368,0.0,1.0,1.0,-0.1464344461784443,-0.1419857869966188,-0.1785169357365864,-0.10523785252699931,0.09375,0.013020833333333334,0.25919553538574536,False,False
landmark,1,0,9,-0.6648175366253154,-0.6723944852142377,-0.9014210924729605,-0.4328904442206485,0.09375,0.9999998768325895,1.0,-0.029068519817170173,-0.044996240965664354,-0.0732215146183543,-0.014770736209381432,0.1875,0.013020833333333334,0.19719365824879032,False,False
landmark,1,0,10,7.115726746265713,7.021735277602575,6.735594263463995,7.277288830183587,1.0,2.3283064365386963e-10,8.381903171539307e-08,-0.20931404739991688,-0.20165163211464576,-0.22347580576098489,-0.17720699018413613,0.0,0.013020833333333334,0.6897643930201096,False,False
landmark,1,0,11,-4.892959808524617,-4.839295636045438,-4.951327670830189,-4.7262673958896055,0.0,1.0,1.0,-0.1882027623238567,-0.161483488381657,-0.19046705682652962,-0.1309215840286031,0.0625,0.013020833333333334,4.057948949843065,False,False
landmark,1,1,0,-3.3775885055113744,-3.3061312650252557,-3.581021778343919,-3.021077875827083,0.0,1.0,1.0,0.15837683772760963,0.17142239258099182,0.09937276955541978,0.24870717811557683,0.75,0.0546875,0.990548047537556,False,False
landmark,1,1,1,-6.898672156082098,-6.37747282737335,-7.043458519550583,-5.714752754018686,0.0,1.0,1.0,-0.38298947412623263,-0.18638448337060243,-0.42618921585794195,0.056550609838577445,0.40625,0.0546875,1.3300037055767748,False,False
landmark,1,1,2,-4.117438756667795,-4.0645031869485635,-4.280819082806667,-3.8261346123593913,0.0,1.0,1.0,0.11765829463874453,0.13340727378848755,0.08578172217982971,0.18229289507237034,0.84375,0.0546875,1.657632032653934,False,False
landmark,1,1,3,-2.7925319468014385,-2.699346396584624,-3.0543583033550763,-2.31952233019176,0.0,1.0,1.0,0.025109423205831503,0.02950752281907399,-0.027521991951455237,0.08560545971451686,0.625,0.0546875,0.9999873884685135,False,False
landmark,1,1,4,-3.986889283090616,-4.088496382088007,-4.39169650669007,-3.7739178441672334,0.0,1.0,1.0,0.2854779249827276,0.22614779427550388,0.10569911181749332,0.332082576329599,0.8125,0.0546875,5.809033743423257,False,False
landmark,1,1,5,-1.7130199051737396,-1.5925130328485784,-1.7704317815003068,-1.416559172947702,0.0,1.0,1.0,0.08879547918831242,0.08795436666929195,0.0743536507283266,0.10170639116316955,1.0,0.0546875,0.48082097136532115,False,False
landmark,1,1,6,-0.6471342182644495,-0.756861057469354,-0.9238545167893709,-0.5983963385822282,0.03125,0.9999999997671694,1.0,-0.2505931399716065,-0.2647606197095574,-0.3092609199125207,-0.2187872747369634,0.0,0.0546875,0.40642446226020484,False,False
landmark,1,1,7,-2.483202033635578,-2.4216431644230125,-2.728810642339083,-2.117801180773871,0.03125,0.9999999997671694,1.0,0.2890184986196812,0.30837195084230196,0.24652243286472258,0.3740117364519676,0.96875,0.0546875,1.6300160205819478,False,False
landmark,1,1,8,-4.118924745472228,-3.769105561068727,-4.076261706736878,-3.4477174131497716,0.0,1.0,1.0,1.1062412401890684,1.1279616885499637,0.9168790632615967,1.3309338108300297,0.96875,0.0546875,0.8638118110041919,False,False
landmark,1,1,9,-4.33482173882931,-4.334436782562806,-4.493293303531653,-4.177772912873212,0.0,1.0,1.0,-0.12784545584703189,-0.13985423486175552,-0.17620445087173575,-0.10439360756258687,0.03125,0.0546875,1.8844214984176488,False,False
landmark,1,1,10,-0.7649662579374157,-0.6712916736300232,-0.8039701830039668,-0.5389628998984748,0.0,1.0,1.0,0.3009696180779218,0.3208721323665527,0.28536547065443474,0.35549532319165417,1.0,0.0546875,1.0000126115314865,False,False
landmark,1,1,11,-3.436132439040617,-3.3390331218977254,-3.664052470220746,-3.007859188044919,0.0,1.0,1.0,-0.04685330618265483,0.032802078373832255,-0.009063641029762433,0.07564261965951047,0.625,0.0546875,0.6416189204921611,False,False
landmark,1,2,0,-2.676243995490374,-2.7323730485061666,-2.9196204549655107,-2.569094375073623,0.0,1.0,1.0,0.224025524086369,0.21053406183357692,0.14509266224188044,0.27811334460831616,0.8125,0.046875,1.0372027749333697,False,False
landmark,1,2,1,-2.6852776809559784,-2.596246275001869,-2.8070819310613286,-2.3748274443373427,0.0,1.0,1.0,0.06711373513255496,0.0734201325894603,0.009410324266815456,0.13579509056741207,0.71875,0.046875,0.49253825892883923,False,False
landmark,1,2,2,-3.996117735541113,-3.5204739752461958,-3.808464310542193,-3.2434914493086198,0.0,1.0,1.0,-0.038041747712774965,-0.006009545553343765,-0.037104049469275466,0.0298548427578001,0.3125,0.046875,1.1417893223348397,False,False
landmark,1,2,3,-4.308281370102715,-4.246433351470714,-4.541410224872663,-3.976747325732265,0.0,1.0,1.0,-0.23577775800841938,-0.2565888005167004,-0.3003800934649342,-0.21150387145451202,0.0,0.046875,4.110831985919685,False,False
landmark,1,2,4,-13.015202446418575,-12.7780502143043,-13.070300590518062,-12.445988729839122,0.0,1.0,1.0,-0.737277522576048,-0.6241129252234602,-0.9105046552922281,-0.3530129236229691,0.21875,0.046875,3.3753677351764426,False,False
landmark,1,2,5,-2.0659127505031227,-1.8650041192564943,-2.0932851645141595,-1.6664518648793023,0.0,1.0,1.0,0.0783752601661412,0.07556052912973597,0.048530760017924494,0.104645945869404,0.78125,0.046875,0.5911957387107205,False,False
landmark,1,2,6,-1.3294253737486577,-1.4131638806158533,-1.7355340880516552,-1.1279745713832692,0.0,1.0,1.0,0.16437253570919053,0.20947482370701348,0.16635496468777386,0.253880321192415,0.96875,0.046875,0.7569224108022403,False,False
landmark,1,2,7,-2.491696542796543,-2.2370583624822173,-2.4724737144141264,-2.016152092313289,0.0,1.0,1.0,-0.30512972601355687,-0.23815350208516978,-0.29057855177917596,-0.17977375683228142,0.09375,0.046875,1.087146268783322,False,False
landmark,1,2,8,-3.146978726241542,-2.9722856878887614,-3.1982615841323647,-2.7613515658707204,0.0,1.0,1.0,-0.29149643153719895,-0.3045150306859002,-0.3611248428981216,-0.23945134957911413,0.0625,0.046875,0.96279722506663,False,False
landmark,1,2,9,-0.322003939932923,-0.20698370733152682,-0.6062584533694972,0.13146604843523807,0.6875,0.025051229866221547,1.0,0.017525853865329993,0.008614502224664002,-0.03154034216301073,0.04637290986251424,0.59375,0.046875,0.5299833595506537,False,False
landmark,1,2,10,-0.8798569137527621,-0.8637138007161358,-1.0394287882630053,-0.6845434341352107,0.03125,0.9999999997671694,1.0,0.007212880788232573,0.0189632674737239,-0.028596965732668192,0.06705208821590002,0.5,0.046875,0.5891882058304698,False,False
landmark,1,2,11,-2.669590959501898,-2.4578054634937967,-2.823728832314889,-2.097431382909265,0.0,1.0,1.0,-0.09873409816873475,-0.10401295111168675,-0.16561944642286,-0.04744377210500985,0.28125,0.046875,4.594391379682297,False,False
landmark,1,3,0,-5.188981823526983,-5.475633492249595,-5.982649982965315,-4.882871856536015,0.0,1.0,1.0,-0.3537194986442371,-0.35191161477727506,-0.6420031855507706,-0.07836582359308449,0.34375,0.21744791666666669,4.801283716628531,False,False
landmark,1,3,1,-3.6101261892564804,-3.5888172405007674,-3.8191565289280676,-3.3301222373955315,0.0,1.0,1.0,-0.09928814880095183,-0.0884093500975162,-0.12839636672597937,-0.047867151497090976,0.21875,0.21744791666666669,0.6417551132856021,False,False
landmark,1,3,2,-3.998967754498718,-3.933142216988812,-4.254386878850952,-3.5994631976182507,0.0,1.0,1.0,-0.26449207475706926,-0.25744577149627157,-0.3233028289110952,-0.188147971627537,0.0625,0.21744791666666669,1.037596540470365,False,False
landmark,1,3,3,-1.7016199775655005,-1.7329147872278792,-2.062943761247862,-1.42489110790805,0.0,1.0,1.0,-0.10927676373489018,-0.06569957593408744,-0.11648402766578912,-0.011446959798161285,0.375,0.21744791666666669,0.9554335113958956,False,False
landmark,1,3,4,-2.334984256170726,-2.3598131537024054,-2.550624615017713,-2.136550314425874,0.0,1.0,1.0,0.18787318878276282,0.18797017173001146,0.08118910234922073,0.3016710797143667,0.75,0.21744791666666669,3.1996323337819175,False,False
landmark,1,3,5,-3.4727107027008772,-3.513363233747956,-3.6875201906458037,-3.339589330837565,0.0,1.0,1.0,0.04729727761813418,0.10553918991810339,0.04031974950275613,0.16922042815172844,0.71875,0.21744791666666669,2.083286699855259,False,False
landmark,1,3,6,-2.363647757960069,-2.3924894834800843,-2.582670490616652,-2.220725844186011,0.0,1.0,1.0,0.1473518401171576,0.1642377881951522,0.1176558084388837,0.2036895229463001,0.84375,0.21744791666666669,2.1913864290546874,False,False
landmark,1,3,7,-0.5231645162992058,-0.6406394768931138,-0.9452104252986745,-0.3507405597916469,0.1875,0.9999434628989547,1.0,0.18715171740413275,0.22284014861996806,0.13583784982094638,0.3046184078439368,0.875,0.21744791666666669,6.1784398763217,False,False
landmark,1,3,8,-2.9050709819917184,-2.8927490294885665,-3.19494432171773,-2.63506988924079,0.0,1.0,1.0,0.17067857176858806,0.16829450025689602,0.1153059585205616,0.2209051012925611,0.90625,0.21744791666666669,0.8964288617442977,False,False
landmark,1,3,9,-1.3946318628377719,-1.49270447205726,-1.672066370659112,-1.3075797681084405,0.03125,0.9999999997671694,1.0,0.5203048963642907,0.4674163160420119,0.4136584955328606,0.5199993496022424,0.96875,0.21744791666666669,0.8632970022028364,False,False
landmark,1,3,10,-1.489021801602968,-1.5147815442966412,-1.7276071118751566,-1.30125063396114,0.0,1.0,1.0,0.1361707809041467,0.14421294749031782,0.11824834535488347,0.17188865443980628,0.96875,0.21744791666666669,0.9081600749923662,False,False
landmark,1,3,11,-2.742404499578533,-2.7951399155868026,-3.1356165178806585,-2.474428519244129,0.0,1.0,1.0,0.09580542122336366,0.1088914861616195,0.06230809927428828,0.16010235261711675,0.78125,0.21744791666666669,0.9624034595296351,False,False
landmark,1,4,0,-3.038723010041946,-2.8006827265754737,-2.996035780924015,-2.6271608251823744,0.0,1.0,1.0,-0.1837392084341274,-0.1511525236209781,-0.2064232522001305,-0.09251697992192463,0.1875,0.19661458333333334,0.8392081965172465,False,False
landmark,1,4,1,-3.653165947082198,-3.6571408633258056,-3.900897388552079,-3.4234933204032023,0.0,1.0,1.0,0.33992003180128283,0.30100103395741395,0.25621228620801934,0.34134488976194954,1.0,0.19661458333333334,2.3354555391599696,False,False
landmark,1,4,2,-4.095146767934728,-3.7991673198798717,-4.123723750548616,-3.4905437313913996,0.0,1.0,1.0,-0.08443259704428141,-0.011558211960152921,-0.1006689672436075,0.07613244486803102,0.5,0.19661458333333334,1.9980985807810263,False,False
landmark,1,4,3,-3.53134725252134,-3.2045013040256833,-3.464550701150492,-2.9495982954062883,0.0,1.0,1.0,0.15791886998448124,0.1869794866976211,0.1481203320070472,0.22299848936994146,0.90625,0.19661458333333334,6.1770227871862815,False,False
landmark,1,4,4,-3.486514454357112,-3.4740340385634174,-3.833499638625002,-3.1062491487012416,0.0,1.0,1.0,-0.014662495782553703,-0.03198046248509909,-0.09820181674618006,0.04063624919219713,0.4375,0.19661458333333334,0.8625287347333437,False,False
landmark,1,4,5,-1.5116204177349084,-1.3481095279213928,-1.6763850226970112,-1.0584668612466561,0.0625,0.9999999923165888,1.0,0.12408417400788674,0.10147320803559023,0.032605514186088765,0.18112085364040864,0.71875,0.19661458333333334,3.1179254816678443,False,False
landmark,1,4,6,-2.621081676909796,-2.594098133384994,-2.825845787639445,-2.364745798900596,0.0,1.0,1.0,-0.08125750557873224,-0.07569859809554913,-0.10412001017794785,-0.05086748279311826,0.1875,0.19661458333333334,0.5920534354320584,False,False
landmark,1,4,7,-3.0630679762203776,-3.034159365684154,-3.32420079279102,-2.753010678698157,0.0,1.0,1.0,-0.053425041235085666,-0.019281881926121174,-0.05494610580715142,0.014587219653443678,0.375,0.19661458333333334,1.1374712652666563,False,False
landmark,1,4,8,-0.4468746023610825,-0.40442503640007854,-0.7189540640509291,-0.09147367391208187,0.375,0.9449079174082726,1.0,0.11012959536173618,0.0955227135340716,0.06434649238114698,0.12686535158616563,0.875,0.19661458333333334,0.6063764433297845,False,False
landmark,1,4,9,-1.2914894384235507,-1.4550180682978833,-1.900975284451086,-1.0451262948572497,0.15625,0.9999903494026512,1.0,-0.12138009298655993,-0.13838305169208986,-0.16428933293346262,-0.1091861210258042,0.0625,0.19661458333333334,0.3934362360612644,False,False
landmark,1,4,10,-3.415172550156404,-3.444802533272,-3.7234201462318683,-3.150141985662469,0.0,1.0,1.0,-0.23761578825724827,-0.259245435000233,-0.2959800506989005,-0.22237129066158962,0.0,0.19661458333333334,0.5593890801584407,False,False
landmark,1,4,11,-2.5587785634985183,-2.62836765036828,-2.899547083790427,-2.3723003005717387,0.0,1.0,1.0,0.040583360762043434,0.043141347876126834,0.0018806033923112282,0.08273203743998048,0.59375,0.19661458333333334,1.1685912810281713,False,False
landmark,1,5,0,-6.831883789738541,-6.650550443987116,-6.995009947336833,-6.278418397663468,0.0,1.0,1.0,-0.26739051064000663,-0.27492398905118953,-0.3170839991728317,-0.2310646017692195,0.0625,0.03515625,1.4691548792519102,False,False
landmark,1,5,1,-3.355632106569127,-3.1658851992169392,-3.4794871011300788,-2.8256235424906784,0.0,1.0,1.0,-0.3405851320089896,-0.34389426529080547,-0.4373666788787121,-0.2499914437449848,0.125,0.03515625,1.7031564845460045,False,False
landmark,1,5,2,-2.8671846983258904,-2.8026042585619813,-3.0448030605857856,-2.5882229990583303,0.0,1.0,1.0,0.23324509708356533,0.15219190572046581,-0.0023280272523033877,0.28381011510561316,0.75,0.03515625,1.2872595644124738,False,False
landmark,1,5,3,-1.2267477314890693,-1.0836720998706117,-1.3289218945197379,-0.8263408953562299,0.0625,0.9999999923165888,1.0,-0.03380673704392733,-0.03161253207186039,-0.049524463262710636,-0.012726611936209428,0.21875,0.03515625,0.31995228044597757,False,False
landmark,1,5,4,-2.288076580876817,-2.275290099433157,-2.446575632430254,-2.1185576043166425,0.0,1.0,1.0,-0.0466965184020077,-0.06910583719721103,-0.12168109067487877,-0.017627095368200604,0.28125,0.03515625,0.6913869947271738,False,False
landmark,1,5,5,-3.2206736971593726,-3.0978111974698312,-3.318352072455334,-2.9112173367839613,0.0,1.0,1.0,-0.10006665313652945,-0.100639477395605,-0.1283280231416787,-0.07246463674437366,0.09375,0.03515625,0.49262225629590206,False,False
landmark,1,5,6,-4.267897651355727,-4.0225883659291135,-4.3176702052142195,-3.694279332145875,0.0,1.0,1.0,-0.4418264717379543,-0.4472514392952508,-0.5049461791511684,-0.3820159663112998,0.03125,0.03515625,1.032199094849339,False,False
landmark,1,5,7,-3.8208400454362907,-3.830130683937946,-4.246146828309442,-3.4378939236667354,0.0,1.0,1.0,-0.05304003745038048,-0.05070225216202105,-0.09128028617300646,-0.012101328068675277,0.34375,0.03515625,1.7095172386419213,False,False
landmark,1,5,8,-1.6896367047878458,-1.5892999467176407,-1.8909677300370817,-1.2214079027759142,0.0625,0.9999999923165888,1.0,-0.04956067807618486,-0.04181407886334379,-0.062919169827824,-0.022412161085419283,0.25,0.03515625,0.6594361422358381,False,False
landmark,1,5,9,-5.90865892233982,-5.827963307268632,-6.087678125294888,-5.544362815880895,0.0,1.0,1.0,-0.15950299200451204,-0.13495917693728163,-0.19083333554910867,-0.07749380924752189,0.1875,0.03515625,1.1566206924837188,False,False
landmark,1,5,10,-2.8260182073100104,-2.8636858670087264,-3.1348205879909594,-2.596434222762712,0.0,1.0,1.0,0.23517028520220723,0.22882012053574224,0.20688997753605337,0.25034597330838304,1.0,0.03515625,0.6520661469463888,False,False
landmark,1,5,11,-3.9515145399286924,-3.8221188385729814,-4.033541803616546,-3.620681761052638,0.0,1.0,1.0,-0.2991419202456247,-0.2935011162948952,-0.32614782276019666,-0.25960148889707824,0.0,0.03515625,0.9678009051506613,False,False
landmark,1,6,0,-2.694861841143795,-2.705024852621087,-2.9390645442766994,-2.48572846731873,0.0,1.0,1.0,0.03258276339765726,0.05067316636760453,0.00936518830975229,0.09678259586875756,0.6875,0.07942708333333333,0.7017472991768877,False,False
landmark,1,6,1,-2.351837115933681,-2.3463053659066597,-2.5956469937441518,-2.113590057844879,0.0,1.0,1.0,-0.044381214198296395,-0.05057079118461606,-0.07353884945876772,-0.027196712509249883,0.25,0.07942708333333333,1.0454248001315287,False,False
landmark,1,6,2,-3.830103935178717,-3.838357775494913,-4.0651802747087125,-3.6011891299617944,0.0,1.0,1.0,0.179150772871525,0.1439773424051215,0.0815561302248861,0.2045306269831617,0.75,0.07942708333333333,1.4757844476785282,False,False
landmark,1,6,3,-1.527439798591125,-1.5809294719620444,-1.7714411522681792,-1.4019253862592223,0.0,1.0,1.0,0.07514566989187721,0.09394913919801942,0.06969968371247333,0.11945175994636037,0.875,0.07942708333333333,0.5861780896044929,False,False
landmark,1,6,4,-3.2164957392209987,-3.201025473527917,-3.448209591094706,-2.9433393150723086,0.0,1.0,1.0,0.11289197684821495,0.12325282185210504,0.08449955352775967,0.16196665518643988,0.875,0.07942708333333333,1.556145599070528,False,False
landmark,1,6,5,-1.5460215863366837,-1.5948335956224438,-1.7656279014031426,-1.431160924152096,0.0,1.0,1.0,-0.18260257034693506,-0.19640459541915462,-0.2170242656663844,-0.17357931654597442,0.0,0.07942708333333333,1.2063364424604635,False,False
landmark,1,6,6,-1.258456851920493,-1.3140286729828392,-1.524561123304078,-1.1006234157716954,0.0,1.0,1.0,-0.04711774875701591,-0.06036357343912295,-0.07730909623412988,-0.043034126441998624,0.125,0.07942708333333333,0.3627621339080076,False,False
landmark,1,6,7,-2.1113474950305227,-2.2318317290564833,-2.52483502469625,-1.944216860580078,0.0,1.0,1.0,0.05029797568714976,0.05139488162205981,0.029566976495849086,0.0739917045638983,0.84375,0.07942708333333333,0.8661437551831174,False,False
landmark,1,6,8,-2.5332986178776817,-2.5891134697209695,-2.771308218924907,-2.3984482847253425,0.0,1.0,1.0,0.018597279807259677,0.02327194819494978,-0.004750059286129948,0.05078515881973979,0.5,0.07942708333333333,1.161357913535266,False,False
landmark,1,6,9,-2.9349692189436283,-2.9517471776729645,-3.230134810927706,-2.6867602135780717,0.0,1.0,1.0,-0.13614798641571418,-0.12494367516701861,-0.1764592680754273,-0.07533423555280047,0.25,0.07942708333333333,0.7136568584915572,False,False
landmark,1,6,10,-2.479711470170298,-2.4775476636557454,-2.636821249725922,-2.3182220740255564,0.0,1.0,1.0,-0.002339855135622919,0.023757574206596035,-0.0168373512095767,0.06743769531059739,0.65625,0.07942708333333333,0.9545751998684714,False,False
landmark,1,6,11,-0.5880537027842458,-0.47941801267554784,-0.7406765256623256,-0.2030032697186996,0.25,0.9989487992133945,1.0,0.22243580899444723,0.18824311729168086,0.08229751928838748,0.28497336051617594,0.75,0.07942708333333333,1.9084592716656996,False,False
landmark,1,7,0,-4.032053429450981,-4.26691626384161,-4.59507009823354,-3.9240472519610607,0.0,1.0,1.0,-0.08307922005026688,-0.20563317399221087,-0.2771605238627,-0.12543482711066498,0.15625,0.0546875,1.0980545798932464,False,False
landmark,1,7,1,-5.282376242722675,-5.6362491193487125,-5.955397477099251,-5.295565496358715,0.0,1.0,1.0,0.07668064141464681,0.031153166052129713,-0.017375653730040946,0.07621942913406769,0.625,0.0546875,1.0966384727404024,False,False
landmark,1,7,2,-2.6905034420570413,-2.7752211565891565,-3.0279582947981334,-2.537303718782596,0.0,1.0,1.0,-0.08643085961420377,-0.08537756788912598,-0.11017792531750425,-0.06221064035756861,0.15625,0.0546875,0.5290372673541586,False,False
landmark,1,7,3,-3.9973565174243655,-3.8359527063044188,-4.2757519286823635,-3.3491177680361086,0.0,1.0,1.0,-0.25815821627333857,-0.23476550260822268,-0.3302618831103569,-0.14617966452344464,0.21875,0.0546875,1.266937742789681,False,False
landmark,1,7,4,-4.337040023542429,-4.365676473023759,-4.5594924329523066,-4.189668519453005,0.0,1.0,1.0,-0.006537657325047484,-0.03213890689621378,-0.07076775246053146,0.008933964153892845,0.375,0.0546875,0.9033615272595975,False,False
landmark,1,7,5,-3.1740208587433054,-3.2506810628713128,-3.4684350471968717,-3.010310253930555,0.0,1.0,1.0,0.032446491554308614,0.05081788365781612,0.027911353042319106,0.07240180559958846,0.8125,0.0546875,1.5060467384719929,False,False
landmark,1,7,6,-3.341949462253995,-3.3970647216984142,-3.595063304048162,-3.203178550755285,0.0,1.0,1.0,-0.27966132921984965,-0.2937938713785035,-0.33693571106913134,-0.25398607064343853,0.0,0.0546875,1.5055222462730042,False,False
landmark,1,7,7,-6.388040164807515,-6.467014127430424,-6.691553213859846,-6.248631526711881,0.0,1.0,1.0,-0.3414434461729712,-0.350262078450088,-0.39833194879848505,-0.3046703031801632,0.0,0.0546875,0.6604015230863948,False,False
landmark,1,7,8,-4.565879956138999,-4.617485299011575,-5.004667254963139,-4.269496411868689,0.0,1.0,1.0,-0.01892029872375328,-0.040328900713857446,-0.09539077403888654,0.020739343858527177,0.375,0.0546875,0.6208075534552961,False,False
landmark,1,7,9,-3.7461752188045705,-3.860065730832781,-4.095769673368546,-3.5958819501255403,0.0,1.0,1.0,-0.20189227512101232,-0.15958048257291169,-0.2074033888042495,-0.11098631632197076,0.09375,0.0546875,0.8810198623152369,False,False
landmark,1,7,10,-2.0409040573852786,-2.0876196773958204,-2.2546735168059455,-1.9208269310393964,0.0,1.0,1.0,-0.11033249770484005,-0.1281543989824965,-0.15276479324738582,-0.10690288075971469,0.0,0.0546875,0.4847794356471246,False,False
landmark,1,7,11,-3.7742359790997897,-3.8242581819243515,-4.0605711959178175,-3.5863462987353443,0.0,1.0,1.0,-0.030022048966072506,-0.03606852075392793,-0.06655933150322585,-0.006139829424624913,0.28125,0.0546875,1.432879034654554,False,False
landmark,1,8,0,-4.859549413837205,-4.749260590475735,-5.0700486401828,-4.436174770985063,0.0,1.0,1.0,-0.3213088268727974,-0.3055626229320839,-0.3640084711982029,-0.2469876318617518,0.0,0.1484375,0.7774997042464961,False,False
landmark,1,8,1,-6.859225622537723,-6.794739475709856,-7.087066041341737,-6.523677798368355,0.0,1.0,1.0,-0.35135216472281244,-0.3357875523618812,-0.38830005232366466,-0.28708934795798974,0.0,0.1484375,1.1761509135644301,False,False
landmark,1,8,2,-2.04097639254514,-1.9583971898098316,-2.1639432399368213,-1.75323748346164,0.0,1.0,1.0,-0.17432546427665152,-0.15257477534922392,-0.18260217804762002,-0.12601059313675217,0.0625,0.1484375,0.43920294568927964,False,False
landmark,1,8,3,-3.253518482657024,-3.342784037439151,-3.599687980584358,-3.0970143438675066,0.0,1.0,1.0,-0.16521137341170433,-0.17746440210686454,-0.25605574366655653,-0.10244234519388562,0.21875,0.1484375,1.0300429299069938,False,False
landmark,1,8,4,-3.4103859018337674,-3.2851533062167726,-3.6348528303541077,-2.9057463148955955,0.0,1.0,1.0,-0.24787539614849594,-0.16247849164733855,-0.26567030684823734,-0.06403475367793343,0.21875,0.1484375,1.2315733714798904,False,False
landmark,1,8,5,-4.90524444929263,-4.697167684973369,-5.030504352485623,-4.357240763619406,0.0,1.0,1.0,-0.1759848188407272,-0.11889070538499193,-0.20476704782810104,-0.023080088601469418,0.25,0.1484375,1.3990365623246428,False,False
landmark,1,8,6,0.5856995384860695,0.6455816555517946,0.2854355294262641,1.0045857483956253,0.75,0.0035001833457499743,0.7200377168399947,-0.013328287057514356,-0.028987551076326307,-0.06484987602948825,0.008127385790353167,0.375,0.1484375,0.7946880585612636,False,False
landmark,1,8,7,-4.669013796175125,-4.640661447396452,-4.904646694773248,-4.362650927473669,0.0,1.0,1.0,-0.10226965342872366,-0.12021382095660374,-0.1584303379258796,-0.0837316260907517,0.15625,0.1484375,0.5745762940843387,False,False
landmark,1,8,8,-5.033867551415783,-4.994361222397314,-5.382870231734916,-4.655592994426558,0.0,1.0,1.0,-0.245939884960787,-0.2449805669126403,-0.2751195441877095,-0.21225835437729806,0.03125,0.1484375,0.969957070093006,False,False
landmark,1,8,9,-2.3375369813300733,-2.3636474996893613,-2.574037027126479,-2.145297970774435,0.0,1.0,1.0,-0.0569136570462962,-0.08593660183428396,-0.1180936814821968,-0.05628605324944112,0.1875,0.1484375,0.4494464990844568,False,False
landmark,1,8,10,-4.456243398413283,-4.381931210201978,-4.674611270909903,-4.085389394581947,0.0,1.0,1.0,-0.3739207183117045,-0.3244833558114649,-0.4019389116108864,-0.2410533624679416,0.0625,0.1484375,1.0338042508326777,False,False
landmark,1,8,11,-7.698336856130889,-7.697171816109458,-7.963288242124696,-7.425408324009258,0.0,1.0,1.0,-0.42887347524560093,-0.44557883907506324,-0.5229231897211265,-0.36710440311288967,0.03125,0.1484375,1.252596643175287,False,False
landmark,1,9,0,-3.3380251982354094,-3.4894172232250167,-3.819490955513453,-3.206591976017121,0.0,1.0,1.0,-0.06254233498817086,-0.0931055067966294,-0.13156270252511723,-0.05215543929308078,0.1875,0.033854166666666664,1.0563317060929653,False,False
landmark,1,9,1,-1.7620181969523556,-1.7701017666949248,-2.004960325764076,-1.5659309349245192,0.0,1.0,1.0,-0.11873359729955368,-0.08596034827086751,-0.12085600606085341,-0.04703024181759484,0.15625,0.033854166666666664,0.41638161689125464,False,False
landmark,1,9,2,-2.24924361460313,-2.2626170311979994,-2.596282016531128,-1.9522166623857486,0.0,1.0,1.0,-0.17486831015600207,-0.18397949959889193,-0.2086805188942331,-0.16060177176119395,0.0,0.033854166666666664,1.6246891491035034,False,False
landmark,1,9,3,-3.1017467298253267,-3.0441086446823182,-3.3817057647685007,-2.6889899990016444,0.0,1.0,1.0,-0.013117092461808855,0.018313477998836383,-0.016681891079001306,0.05087436298466674,0.59375,0.033854166666666664,1.2412209518267374,False,False
landmark,1,9,4,-3.5259969928899606,-3.4970758701552125,-3.7528178320176715,-3.2423291473406017,0.0,1.0,1.0,-0.13535710383569707,-0.13176994677896878,-0.18508941219248914,-0.08337745041001147,0.21875,0.033854166666666664,0.7454025901435296,False,False
landmark,1,9,5,-2.128798811373139,-2.1553590121124664,-2.3692422577139736,-1.9351077113165198,0.0,1.0,1.0,-0.08661006811923186,-0.10712287581665692,-0.12677156812874407,-0.08886247305734252,0.0,0.033854166666666664,0.8819434700941337,False,False
landmark,1,9,6,-3.083334028546062,-3.0618431223971916,-3.4030453440206268,-2.712268425755067,0.0,1.0,1.0,-0.03299754134023483,0.0002814850892618806,-0.03727032054141122,0.03554220204866396,0.53125,0.033854166666666664,2.2778154874966563,False,False
landmark,1,9,7,-4.799089871533057,-4.732032713293028,-4.9627122218382,-4.500506606612725,0.0,1.0,1.0,-0.059928205298603376,-0.06613427640854518,-0.10096139864630092,-0.036479032375055315,0.15625,0.033854166666666664,0.8268656677831393,False,False
landmark,1,9,8,-4.10958295650242,-4.006790066141043,-4.31397885543703,-3.710513075323125,0.0,1.0,1.0,-0.11792291167649394,-0.04598777820905596,-0.1180559162902328,0.04285647632443287,0.40625,0.033854166666666664,2.194362741312218,False,False
landmark,1,9,9,-4.248721568796035,-4.335341556867743,-4.608315612836637,-4.101249616372956,0.0,1.0,1.0,-0.23494121240029553,-0.22161717372550532,-0.28692520668167665,-0.15839673623418937,0.15625,0.033854166666666664,0.9436682939070349,False,False
landmark,1,9,10,-3.88934011934609,-3.8537636790357666,-4.150875148343929,-3.5853012762088694,0.0,1.0,1.0,-0.2033254858740604,-0.18677784812617904,-0.2115857558290156,-0.16417472953872989,0.0,0.033854166666666664,2.785033241012272,False,False
landmark,1,9,11,-1.7388970497661154,-1.6861435026938811,-1.9141865426427918,-1.4725576979625883,0.0,1.0,1.0,-0.054799773928382395,-0.044623661007972854,-0.06593522527175001,-0.01879084184320108,0.21875,0.033854166666666664,0.806610465477088,False,False
landmark,1,10,0,-4.580567312273784,-4.435101674750382,-4.625084129370823,-4.247606847343174,0.0,1.0,1.0,-0.12904434495594197,-0.12201124022077271,-0.16674889074616875,-0.0769533707328249,0.09375,0.0,0.5873233341334463,False,False
landmark,1,10,1,-3.1381323953305307,-3.242443943574934,-3.4954839635578114,-2.977636098506797,0.0,1.0,1.0,-0.017354588003496225,0.021911015329364222,-0.02884948291385218,0.07095144794667778,0.53125,0.0,1.0000657336903769,False,False
landmark,1,10,2,-3.0604588920537035,-2.962392871820506,-3.109542765339953,-2.817921853256562,0.0,1.0,1.0,0.0032577543923095684,0.016214624144581177,-0.008946538358651578,0.04329129196763616,0.5,0.0,0.9999342663096233,False,False
landmark,1,10,3,-3.329009823417028,-3.323162679234302,-3.609496630152009,-3.078926858595169,0.0,1.0,1.0,-0.15070693240458702,-0.16642656723977914,-0.1968381767835704,-0.13161327150766583,0.0,0.0,0.6233164211804508,False,False
landmark,1,10,4,-2.025075913174736,-2.0485778528039313,-2.278857484198132,-1.8190368614316086,0.0,1.0,1.0,-0.05860120815316763,-0.06318023144677269,-0.07845258497508024,-0.04767360411958592,0.0625,0.0,1.970043069856669,False,False
landmark,1,10,5,-2.6766438259781236,-2.625362882063081,-2.8375342413637576,-2.4118069107435725,0.0,1.0,1.0,-0.03534791549159156,0.007292866640269645,-0.026933444067051896,0.043009121889329,0.4375,0.0,1.5532522501272301,False,False
landmark,1,10,6,-3.140899311856397,-2.9790761999071496,-3.1583969395450233,-2.7858176877901766,0.0,1.0,1.0,0.00045748205395481495,-0.008417303980625866,-0.03940612712639985,0.02104091361003025,0.4375,0.0,0.5014310433753857,False,False
landmark,1,10,7,-1.882964346533903,-1.7858912502813924,-1.934877034781231,-1.6265993828885983,0.0,1.0,1.0,-0.09862621896367502,-0.0927738086196204,-0.11719529325401992,-0.06480863033204973,0.0625,0.0,0.37720877944244535,False,False
landmark,1,10,8,-1.9265226112254403,-1.828420886705289,-2.0288059238189535,-1.6147942374800937,0.0,1.0,1.0,-0.09182638999253047,-0.08776827312978148,-0.11117926389985805,-0.06185360153172869,0.125,0.0,0.22095759927342548,False,False
landmark,1,10,9,-2.9910221851212695,-2.8579157756828995,-3.0992230505414318,-2.6145766138354154,0.0,1.0,1.0,-0.04535475624117308,-0.03643376488166916,-0.0810274889822432,0.009157796947499741,0.375,0.0,1.4590400373504044,False,False
landmark,1,10,10,-3.5578562910963027,-3.5638018159156677,-3.8227748731061073,-3.317736058936744,0.0,1.0,1.0,-0.004814287494725355,0.03978419638417971,-0.00945540777584428,0.09253053050325048,0.5625,0.0,1.188847754477732,False,False
landmark,1,10,11,-4.582724782863879,-4.522745070360458,-4.695921862818146,-4.359765709136344,0.0,1.0,1.0,-0.19383513985099055,-0.19909415151439466,-0.23066231792641845,-0.16484590163985438,0.0625,0.0,1.4932754456588946,False,False
landmark,1,11,0,-3.5643613745577296,-3.576242434351934,-3.7462753547513348,-3.4047290878430796,0.0,1.0,1.0,-0.10719676448463111,-0.10084791798561746,-0.12884731292726978,-0.07266313704277819,0.0625,0.024739583333333332,1.5296839846873778,False,False
landmark,1,11,1,-3.5221642009209555,-3.5896010337088615,-3.875538310405387,-3.2949818950738887,0.0,1.0,1.0,-0.15816881559475526,-0.15320042662724145,-0.1882048719054029,-0.11384795002087286,0.0625,0.024739583333333332,1.3281261000798756,False,False
landmark,1,11,2,-2.8859965901291678,-2.852732556482534,-3.0462327504124467,-2.660915500687322,0.0,1.0,1.0,-0.06687201777774578,-0.07344032088846497,-0.09771895173753044,-0.048504362748062975,0.15625,0.024739583333333332,0.985756261475198,False,False
landmark,1,11,3,-4.284190160577138,-4.242435845939364,-4.548098525985723,-3.951536246975282,0.0,1.0,1.0,-0.041063923804105056,-0.08455185701083812,-0.14017877157348696,-0.02867430104547826,0.28125,0.024739583333333332,1.014243738524802,False,False
landmark,1,11,4,-3.6766916092369293,-3.570420263678809,-3.784754722338212,-3.359440296834944,0.0,1.0,1.0,-0.11307638971285608,-0.10514148791028186,-0.1625943785576733,-0.054265020189785365,0.21875,0.024739583333333332,2.9708242811625123,False,False
landmark,1,11,5,-3.7094451133436173,-3.5691173268301464,-3.7701452701132747,-3.3709016264824445,0.0,1.0,1.0,0.03975533322698113,0.022031571258610244,-0.0029302355942864137,0.04646249421094216,0.6875,0.024739583333333332,0.9320814116214624,False,False
landmark,1,11,6,-3.3886123911583392,-3.447274563772935,-3.6981870330708344,-3.2000660040062194,0.0,1.0,1.0,-0.10153790463927032,-0.08728614824678795,-0.12108556996278419,-0.05424583255223046,0.125,0.024739583333333332,1.3255470699995784,False,False
landmark,1,11,7,-3.6463728056045372,-3.680991890467646,-3.9048963586460914,-3.474181428123764,0.0,1.0,1.0,-0.18347617649143833,-0.17429832286480196,-0.19208827492328778,-0.15611057767981648,0.0,0.024739583333333332,1.2904839617164678,False,False
landmark,1,11,8,-2.2418688100305433,-2.112399288958486,-2.322173785177908,-1.8930237796276141,0.0,1.0,1.0,-0.028111371014693597,-0.03626671899814733,-0.05878661814695433,-0.009957117810213608,0.21875,0.024739583333333332,0.3653753927774869,False,False
landmark,1,11,9,-4.31073236196031,-4.047721523629722,-4.601100842429558,-3.4560222383683197,0.03125,0.9999999997671694,1.0,-0.1497406672171911,-0.15795202649741788,-0.2349482297398214,-0.09049037166960461,0.21875,0.024739583333333332,0.784049771618124,False,False
landmark,1,11,10,-1.5878895966667086,-1.5651146285867683,-1.7620133565399307,-1.3552762486446055,0.03125,0.9999999997671694,1.0,-0.09260932197627945,-0.092210485067049,-0.11250113961977093,-0.07575630129848568,0.03125,0.024739583333333332,0.6898823387073043,False,False
landmark,1,11,11,-2.2053637677886115,-2.1618433217486386,-2.3430971493757204,-1.9688591158106061,0.0,1.0,1.0,-0.03291563605087449,-0.03344018553858437,-0.04770008456262613,-0.018104250999403635,0.1875,0.024739583333333332,0.6009965935585369,False,False
landmark,1,12,0,-5.22137832850151,-5.154222537922402,-5.386456123694519,-4.902236446470871,0.0,1.0,1.0,-0.23951807369495726,-0.2257864210590425,-0.28176120813673905,-0.16976601690105358,0.0625,0.009114583333333334,1.9486758134635145,False,False
landmark,1,12,1,-3.4500112877999447,-3.382615845190993,-3.5674232878785226,-3.162199084207994,0.0,1.0,1.0,-0.034075551268012816,-0.030255912626541023,-0.06252462227039246,0.0038405461442577666,0.3125,0.009114583333333334,1.287990843868095,False,False
landmark,1,12,2,-5.371334580117022,-5.05937757949193,-5.477234117306627,-4.677633038466729,0.0,1.0,1.0,-0.4391193829782758,-0.38597560497513395,-0.4956129776584986,-0.28149605021898205,0.1875,0.009114583333333334,0.9993669186828267,False,False
landmark,1,12,3,-1.9074818205165578,-1.858337003847999,-2.0256574400306793,-1.6928456864728532,0.0,1.0,1.0,0.017180214158873393,0.007577573393740534,-0.011933229927393879,0.02865181299064755,0.5,0.009114583333333334,0.4308081885778131,False,False
landmark,1,12,4,-2.269099781665945,-2.190676969913066,-2.3952279306422453,-1.992586076521318,0.0,1.0,1.0,0.0024660882406940254,0.009743245766468685,-0.01149269012946311,0.031591898860635126,0.5625,0.009114583333333334,0.7288631674028457,False,False
landmark,1,12,5,-2.053687705291857,-1.9680419958059123,-2.182890870381964,-1.7155793304217246,0.0,1.0,1.0,-0.1292605188854371,-0.11445644953397095,-0.13365354662209677,-0.09262325481732585,0.0625,0.009114583333333334,0.6291933386294191,False,False
landmark,1,12,6,-5.835138329285775,-5.7918611242364655,-6.087137627187326,-5.497279067972567,0.0,1.0,1.0,-0.0823980764527638,-0.10195821108608003,-0.1564972243949413,-0.03820970475661215,0.1875,0.009114583333333334,1.000633081317173,False,False
landmark,1,12,7,-5.765282328419392,-5.6194807143387635,-5.85589463852085,-5.393941955923719,0.0,1.0,1.0,-0.09525659180503204,-0.13970218785297353,-0.2082890771976751,-0.06522539373052234,0.125,0.009114583333333334,1.5299690443062925,False,False
landmark,1,12,8,-5.667701436028854,-5.680790058829825,-5.916032601505919,-5.413133563835763,0.0,1.0,1.0,-0.5222068529442265,-0.5454927772443113,-0.6574541541682171,-0.42922699756359656,0.0625,0.009114583333333334,0.9598074878132029,False,False
landmark,1,12,9,-5.3153445235932395,-5.337913097698035,-5.609755437444806,-5.078093087358823,0.0,1.0,1.0,-0.14912687336829686,-0.14603206195387675,-0.17937727522721267,-0.11588995387010813,0.03125,0.009114583333333334,0.4462308443003527,False,False
landmark,1,12,10,-3.7233706041547125,-3.3805298634601995,-3.59122547269441,-3.1659649324010246,0.0,1.0,1.0,-0.08972474030741506,-0.06054027821602334,-0.11810449380006952,-0.0016905917626164049,0.34375,0.009114583333333334,1.0689811663945576,False,False
landmark,1,12,11,-4.318112576792929,-4.375711798749199,-4.66641153812633,-4.113712247978183,0.0,1.0,1.0,-0.11823932806040466,-0.1321032526474725,-0.1686754007225962,-0.09212895394886549,0.0625,0.009114583333333334,1.0774210522249124,False,False
landmark,1,13,0,-2.6875364881421397,-2.6804632654966207,-2.9036220793184784,-2.468154680419615,0.0,1.0,1.0,-0.04284193757015681,-0.06395233798170566,-0.08828909278991025,-0.04130631534223393,0.15625,0.06380208333333333,1.3451070623982293,False,False
landmark,1,13,1,-3.5177633049159827,-3.591915870969205,-3.8348571917285263,-3.3674841165534737,0.0,1.0,1.0,0.030148099293530115,0.01951851906928953,-0.008519312842876815,0.05177699884800798,0.5625,0.06380208333333333,0.7749830020261014,False,False
landmark,1,13,2,-2.6096593915046826,-2.469440501686932,-2.6643509480111147,-2.2641736848311003,0.0,1.0,1.0,-0.023692865868479414,-0.02996903442238276,-0.05882445435020929,0.003711210782494498,0.25,0.06380208333333333,1.22934332526239,False,False
landmark,1,13,3,-2.5276928105484364,-2.423776196616151,-2.5855604741409595,-2.2636579050690893,0.0,1.0,1.0,-0.1447373394828482,-0.15793848098363955,-0.17622733677416583,-0.14137644732332755,0.0,0.06380208333333333,0.5154588639367901,False,False
landmark,1,13,4,-2.3818300783473596,-2.2702800293263277,-2.417404746222425,-2.1133950526101333,0.0,1.0,1.0,-0.12818915017426166,-0.13070764465216217,-0.14879824334354588,-0.11364934806662053,0.0,0.06380208333333333,0.698070314705789,False,False
landmark,1,13,5,-3.443743645738142,-3.46840318356496,-3.6954880731358957,-3.2385362776729494,0.0,1.0,1.0,-0.12264805300500631,-0.11880611013086756,-0.14866586498448217,-0.0869704649816815,0.0625,0.06380208333333333,1.7028676597949068,False,False
landmark,1,13,6,-2.694267769984485,-2.5799115214315993,-2.745769631247371,-2.4065620608141503,0.0,1.0,1.0,-0.12259548190834318,-0.13008218587398032,-0.15063575971527826,-0.10867672556265622,0.0,0.06380208333333333,0.9413856380395974,False,False
landmark,1,13,7,-3.3989610160598023,-3.4690119328256594,-3.694656936324275,-3.2624354057792417,0.0,1.0,1.0,-0.07672613305758505,-0.07637165862109706,-0.11099041423907728,-0.0417737740767503,0.1875,0.06380208333333333,1.0586143619604027,False,False
landmark,1,13,8,-3.442110204456422,-3.3513416535094014,-3.5941176423282966,-3.144488038831238,0.0,1.0,1.0,-0.058154651222981794,-0.06834063427556507,-0.09529117048635687,-0.04287668977123287,0.1875,0.06380208333333333,0.5449280237394575,False,False
landmark,1,13,9,-3.9338603101709095,-3.8862829058046886,-4.115264975719137,-3.679515645956522,0.0,1.0,1.0,-0.07644989914053739,-0.08189723725100986,-0.11406420417163748,-0.05323392734944722,0.21875,0.06380208333333333,1.1265014894850751,False,False
landmark,1,13,10,-2.4217837530453252,-2.35102955682981,-2.539150433215217,-2.1700426755889977,0.0,1.0,1.0,-0.06709084206716726,-0.07730634148297402,-0.0904821334609473,-0.06400391212390018,0.0,0.06380208333333333,0.9134230471783263,False,False
landmark,1,13,11,-3.8529646025506055,-3.7235248289604392,-3.8891821041293024,-3.558226575710388,0.0,1.0,1.0,-0.08876983181416151,-0.0772269538931281,-0.1238531763013512,-0.030546372623684294,0.21875,0.06380208333333333,1.8866157432208557,False,False
landmark,1,14,0,-4.655377112698853,-4.390222185536217,-4.662638309268701,-4.108073400946186,0.0,1.0,1.0,-0.16215169186199058,-0.17193129208433305,-0.2246207372037718,-0.11799144952836871,0.09375,0.009114583333333334,1.0991833705167173,False,False
landmark,1,14,1,-3.843954415193808,-3.807312001034717,-3.9668454483039697,-3.6647077920334734,0.0,1.0,1.0,-0.05919638988774709,-0.04840726344379623,-0.09313445000450121,-0.0013997741895472274,0.3125,0.009114583333333334,1.1202786256236144,False,False
landmark,1,14,2,-2.8695910891672227,-2.9201648475678605,-3.0909515043948175,-2.742639950680377,0.0,1.0,1.0,0.009958205293777604,0.01214516225983324,-0.01027640618943651,0.032747822496319454,0.53125,0.009114583333333334,0.6167188617559362,False,False
landmark,1,14,3,-5.281066302340337,-5.217063161077567,-5.375116062798075,-5.061882918379602,0.0,1.0,1.0,-0.13631290340401608,-0.14824050248907022,-0.20247570111214805,-0.08954721960188543,0.125,0.009114583333333334,0.9590178172713332,False,False
landmark,1,14,4,-4.586422419140559,-4.305095438701724,-4.70724538695082,-3.9170715419620445,0.0,1.0,1.0,-0.09551414385542131,-0.06133750722273508,-0.1250506344551292,0.0019354439167827081,0.3125,0.009114583333333334,1.040982182728667,False,False
landmark,1,14,5,-5.09945054716224,-4.993984253947653,-5.306027654025979,-4.681552559702945,0.0,1.0,1.0,-0.12788926782852406,-0.16147482353278564,-0.21781125879858246,-0.10534794532081572,0.15625,0.009114583333333334,0.8158088767359122,False,False
landmark,1,14,6,-2.8454631030368187,-2.780945426260875,-2.900564228376167,-2.6461561638913516,0.0,1.0,1.0,-0.07712194811721354,-0.0640882978037827,-0.08956777866164477,-0.04055807498314866,0.15625,0.009114583333333334,0.4037857320513091,False,False
landmark,1,14,7,-3.7027844682353095,-3.6265863186606997,-3.7576436587133015,-3.49058988957545,0.0,1.0,1.0,-0.0958640553134365,-0.10071143500227356,-0.1256014714921518,-0.06752900979317138,0.0625,0.009114583333333334,0.8136023745396325,False,False
landmark,1,14,8,-5.224354147388012,-4.995277094761212,-5.2338339425333205,-4.793792529228619,0.0,1.0,1.0,-0.1729444327091395,-0.15033446287283458,-0.21388437261223395,-0.08509242630666455,0.125,0.009114583333333334,1.3011894720483064,False,False
landmark,1,14,9,-2.3672302636917637,-2.321901952506476,-2.4624428933091433,-2.1833285529588236,0.0,1.0,1.0,-0.10198067512872515,-0.0980882555938569,-0.11740171886998792,-0.07746278430125221,0.0625,0.009114583333333334,0.7696331160762326,False,False
landmark,1,14,10,-5.247225548192463,-5.113341563420521,-5.266625368129985,-4.964645839535236,0.0,1.0,1.0,-0.18315249816432755,-0.17569990649664236,-0.21150614125112943,-0.1344871669977495,0.125,0.009114583333333334,1.053046432437362,False,False
landmark,1,14,11,-3.2133926456787396,-3.2154575695576773,-3.3971199927677045,-3.0394224624870048,0.0,1.0,1.0,-0.12473174151514886,-0.1140356700748413,-0.1357369753590124,-0.09533759975360735,0.0,0.009114583333333334,1.5473373630005054,False,False
landmark,1,15,0,-2.700863824263839,-2.7470893987006693,-2.9162026748946963,-2.5910089723592398,0.0,1.0,1.0,-0.0895034802332402,-0.10906686553513609,-0.12728918269409586,-0.09348135866816182,0.0,0.03125,0.9790558371809327,False,False
landmark,1,15,1,-3.1955988812774763,-3.2805774630091715,-3.560360558636085,-3.0210148073683407,0.0,1.0,1.0,-0.06965841497485747,-0.07600551362435187,-0.1202202092957556,-0.03648335277478279,0.21875,0.03125,1.8060114709399515,False,False
landmark,1,15,2,-3.0180994641601036,-3.1570434390738296,-3.400659703913112,-2.922835694994553,0.0,1.0,1.0,-0.060817752471930865,-0.05497190778375451,-0.09200825196407846,-0.016576628171146125,0.34375,0.03125,1.647207922056287,False,False
landmark,1,15,3,-2.3079032061223854,-2.337325430169331,-2.4865485543861543,-2.1846071070453816,0.0,1.0,1.0,-0.04314873522218079,-0.04293865887586798,-0.06635704206609525,-0.020615222848291787,0.34375,0.03125,1.0209441628190672,False,False
landmark,1,15,4,-3.692316998808333,-3.79825441744128,-4.024967066154699,-3.569667142192602,0.0,1.0,1.0,-0.07582774126245083,-0.07381822599919387,-0.11741228689083072,-0.037443239516411736,0.25,0.03125,1.6446745271075291,False,False
landmark,1,15,5,-3.434060108544819,-3.560404350028935,-3.7335885206461206,-3.39110511114845,0.0,1.0,1.0,-0.1501244137899485,-0.16900395883047292,-0.18817001425650373,-0.15124230791392998,0.0,0.03125,1.6328764539332543,False,False
landmark,1,15,6,-2.1567698614491153,-2.241307088870588,-2.3717151641839807,-2.120375468451478,0.0,1.0,1.0,-0.05241493493257897,-0.06034779935329704,-0.07759886490266378,-0.04187567949429449,0.15625,0.03125,0.7278176209252751,False,False
landmark,1,15,7,-2.366157600644489,-2.4127081323896777,-2.5806050978568678,-2.2539839897001146,0.0,1.0,1.0,0.0065791727180093094,-0.018857613355442934,-0.04509179337755533,0.009388684264682583,0.40625,0.03125,1.4532150667243229,False,False
landmark,1,15,8,-3.958760595520734,-3.7143967294278717,-3.9901917518602876,-3.432123553875037,0.0,1.0,1.0,-0.1302731050891725,-0.12450548166480341,-0.14669068205616892,-0.10111646588763852,0.0,0.03125,0.743856231142204,False,False
landmark,1,15,9,-2.628656210944116,-2.6563544865277104,-2.860491247204271,-2.4459762445505984,0.0,1.0,1.0,-0.1311628288458711,-0.1261359624398908,-0.15853715202924423,-0.0925082580011527,0.0625,0.03125,0.8827567247500909,False,False
landmark,1,15,10,-2.676997588337353,-2.733279184704099,-2.8779203194578646,-2.5825181474034924,0.0,1.0,1.0,-0.023010343853077115,-0.026796391220403185,-0.04270630193875351,-0.013053666760979186,0.3125,0.03125,0.7970650530059763,False,False
landmark,1,15,11,-3.997456934901279,-3.859812457829391,-4.027083539231687,-3.680115429902812,0.0,1.0,1.0,-0.0994596100819819,-0.07313631783331462,-0.11083700949291608,-0.04024288521953608,0.21875,0.03125,0.525677400506365,False,False
landmark,1,16,0,-4.827833559803888,-4.830887964589224,-5.145521267039606,-4.489809182300963,0.0,1.0,1.0,-0.060270145137126065,-0.058561373195273034,-0.09102174065516801,-0.02761053452726993,0.28125,0.05729166666666667,1.3359387243254797,False,False
landmark,1,16,1,-2.273417279696414,-2.208880589742961,-2.4323699003398396,-1.9912251972146768,0.0,1.0,1.0,0.13120047363675094,0.14067177706860137,0.11037611582761572,0.17387989445186922,0.9375,0.05729166666666667,0.7455107763527448,False,False
landmark,1,16,2,-5.982500571904843,-5.672124859712332,-6.016864251445172,-5.287762790500868,0.0,1.0,1.0,-0.1719666256826643,-0.1744311041132302,-0.25892397420105956,-0.08458304878518033,0.25,0.05729166666666667,2.304856163294778,False,False
landmark,1,16,3,-2.0691642930803416,-2.062806422930627,-2.2655711142840653,-1.8729380643950126,0.0,1.0,1.0,-0.03857620322476393,-0.04969501865782758,-0.06987743972840128,-0.03259071651232671,0.1875,0.05729166666666667,0.9430757462859845,False,False
landmark,1,16,4,-3.75966151948219,-3.8050952494120183,-4.1214872544192795,-3.4929550023500457,0.0,1.0,1.0,-0.05769099933050543,-0.07746059380162047,-0.10083151251362689,-0.054172483814357755,0.125,0.05729166666666667,1.304895642013766,False,False
landmark,1,16,5,-4.425670401687622,-4.289445949644636,-4.524121963600185,-4.06865599267259,0.0,1.0,1.0,-0.045633235103759925,-0.05612645541667083,-0.08442975636220876,-0.026747788550732555,0.21875,0.05729166666666667,0.6806608813326636,False,False
landmark,1,16,6,-4.172159696122894,-4.087495329701688,-4.330550270119057,-3.8579060528537332,0.0,1.0,1.0,-0.09226093921686229,-0.13062463211503839,-0.18356802765924313,-0.07445885622787173,0.15625,0.05729166666666667,1.7555323655308168,False,False
landmark,1,16,7,-2.498307827241165,-2.571050406937904,-2.775669614586847,-2.374397840389717,0.0,1.0,1.0,-0.05408825988509405,-0.07428051024115788,-0.0936912466989249,-0.05613210200361625,0.09375,0.05729166666666667,0.915723072545434,False,False
landmark,1,16,8,-4.187889372401916,-4.047757853998558,-4.2280627501110315,-3.880917264958258,0.0,1.0,1.0,-0.09122520853430985,-0.08703049128529917,-0.11009935836746289,-0.06414973081984288,0.125,0.05729166666666667,0.9813651614878214,False,False
landmark,1,16,9,-6.675245698497307,-6.424602515153513,-6.710117920672165,-6.108082259475286,0.0,1.0,1.0,-0.19984439485986025,-0.23128547163337065,-0.28942172463423277,-0.17034263491827423,0.0625,0.05729166666666667,1.4739372742553598,False,False
landmark,1,16,10,-2.242346536084024,-2.244254126036457,-2.4183251110417627,-2.0631773051604476,0.0,1.0,1.0,0.00788549261699192,0.0060978607905376875,-0.012129638287379101,0.02168361842131437,0.5625,0.05729166666666667,1.0186348385121788,False,False
landmark,1,16,11,-2.3539939360890405,-2.5024058472030744,-2.746847161536461,-2.2869293715666026,0.0,1.0,1.0,-0.07519631479599255,-0.0994029613215117,-0.1282468760953423,-0.06921603926793307,0.125,0.05729166666666667,0.14982374180713043,False,False
landmark,1,17,0,-3.6455036358062802,-3.7972455265023566,-4.106815273527292,-3.460809098080675,0.0,1.0,1.0,-0.008393227968836627,-0.041800390808089415,-0.07560814767756496,-0.009222041887316101,0.25,0.04817708333333333,0.7938299098140653,False,False
landmark,1,17,1,-3.515697497761291,-3.4108141792053477,-3.586170035990811,-3.2382140744130865,0.0,1.0,1.0,-0.0003017459907062661,-0.025379947248821394,-0.06332730458170355,0.01833630579080234,0.375,0.04817708333333333,2.4864840165692947,False,False
landmark,1,17,2,-3.1626670142624516,-2.9906283561987763,-3.251719363980868,-2.7528576332304557,0.0,1.0,1.0,-0.005388328536972936,-0.022375151583122747,-0.04446236965198353,-0.0005923099888942554,0.21875,0.04817708333333333,0.560329609640177,False,False
landmark,1,17,3,-4.823714208964574,-4.86394945512952,-5.241452346302299,-4.4990253728545815,0.0,1.0,1.0,-0.1328215374067622,-0.1395658355453301,-0.17719847258814667,-0.1044441760273071,0.0625,0.04817708333333333,1.0652298623918075,False,False
landmark,1,17,4,-2.93708842996653,-2.931769891641378,-3.2097827617430776,-2.6665546789293963,0.0,1.0,1.0,0.02301410972363917,-0.001513383718628497,-0.0201563669931648,0.01654117006069693,0.46875,0.04817708333333333,0.708149758647648,False,False
landmark,1,17,5,-4.689780313764927,-4.673286193850545,-4.978063657471514,-4.369961371768625,0.0,1.0,1.0,-0.11941046312046613,-0.15530810912711268,-0.19298408799929567,-0.11946807315132064,0.09375,0.04817708333333333,0.9797211118390395,False,False
landmark,1,17,6,-3.500957588401959,-3.5330028609653104,-3.892004555887237,-3.1957366837945163,0.0,1.0,1.0,-0.0391467031372752,-0.04864459480165217,-0.07612806730082276,-0.022336337346868223,0.25,0.04817708333333333,1.0202788881609604,False,False
landmark,1,17,7,-6.136125165618985,-5.923067148637129,-6.4263329684024315,-5.395155940543369,0.0,1.0,1.0,-0.13855554992588423,-0.18753555408195366,-0.22563832819351803,-0.15241977480229435,0.03125,0.04817708333333333,1.1325562259535016,False,False
landmark,1,17,8,-6.249344048224142,-6.1109908658268655,-6.4738767027625155,-5.733070766185438,0.0,1.0,1.0,-0.3483118151786998,-0.31593917254834936,-0.36052891297599066,-0.26819333399217266,0.03125,0.04817708333333333,1.2731131442964485,False,False
landmark,1,17,9,-2.3228051474977147,-2.2026488690532022,-2.397066743133972,-2.016455006359534,0.0,1.0,1.0,0.07025340424899099,0.06332618016612382,0.02710997880898345,0.10041711680181807,0.75,0.04817708333333333,1.1993096820566411,False,False
landmark,1,17,10,-5.305890462709629,-5.277307126276525,-5.669666659157126,-4.9531868737312905,0.0,1.0,1.0,-0.05134260143437235,-0.06322596448990796,-0.1052497237066303,-0.02209291343722604,0.25,0.04817708333333333,0.7487363212953811,False,False
landmark,1,17,11,-2.591290925103693,-2.602015691810196,-2.88325540280108,-2.3486104087042015,0.0,1.0,1.0,0.030974086520840566,0.030771386787627752,0.01024153562450366,0.05014831386500942,0.71875,0.04817708333333333,0.6203571752247853,False,False
landmark,1,18,0,-2.3669163007892227,-2.364194173619028,-2.6305117108021903,-2.09870313128569,0.0,1.0,1.0,-0.047369517628646704,-0.031552399817516806,-0.05121359230658315,-0.012295822356999948,0.3125,0.048177083333333336,0.09207109015065695,False,False
landmark,1,18,1,-5.233843630354034,-5.336678775680779,-5.8116782582214395,-4.861571377779519,0.0,1.0,1.0,-0.09126279009242697,-0.08843535893694643,-0.13544051804667764,-0.04512409653158651,0.25,0.048177083333333336,1.9890972138748697,False,False
landmark,1,18,2,-5.0541467036656735,-5.080406256600626,-5.49849559569711,-4.6814234360851374,0.0,1.0,1.0,-0.006607315547788817,-0.021838331828632915,-0.06019081459293171,0.018224816254541754,0.375,0.048177083333333336,1.6144833564801406,False,False
landmark,1,18,3,-5.18747362581093,-5.28456778483122,-5.7448952823277555,-4.790861285397994,0.0,1.0,1.0,-0.02644177243821157,-0.049222497440928645,-0.09027728897439166,-0.007503078617710264,0.375,0.048177083333333336,1.0533086973647166,False,False
landmark,1,18,4,-3.1691233764132365,-3.190258156527921,-3.441010587703871,-2.9389961670903766,0.0,1.0,1.0,0.0006532469729585641,0.006741170037909389,-0.02490261296895431,0.034321934513102,0.5625,0.048177083333333336,0.9466913026352833,False,False
landmark,1,18,5,-4.7200587986053435,-4.773351199728632,-5.1320379959756135,-4.36968190181484,0.0,1.0,1.0,-0.0430402187423923,-0.04960600326153189,-0.09588606279823947,-0.007413296657217418,0.28125,0.048177083333333336,1.5487276915097377,False,False
landmark,1,18,6,-4.5878001563388775,-4.640413969028907,-5.02379171603445,-4.321483822214284,0.0,1.0,1.0,-0.0009780040544044993,-0.014492617334481955,-0.04689761490149922,0.013948167743506481,0.5625,0.048177083333333336,0.8079832954516463,False,False
landmark,1,18,7,-4.339487830966787,-4.501985836995723,-4.945574270465089,-4.011025807698748,0.0,1.0,1.0,-0.0527957800584382,-0.0447563385130303,-0.0789682261080506,-0.013044112894758491,0.3125,0.048177083333333336,0.7692998909414424,False,False
landmark,1,18,8,-5.0945661375193145,-5.050760381958647,-5.428078317319572,-4.695967880292455,0.0,1.0,1.0,-0.025469265340749947,-0.02995286548588938,-0.0658566588482069,0.004864423714720632,0.34375,0.048177083333333336,1.7713900866437162,False,False
landmark,1,18,9,-1.6295241615753047,-1.6705345056614358,-1.9317401449865512,-1.414205774826452,0.0,1.0,1.0,-0.10224532978175868,-0.0961872664941352,-0.11448305306289425,-0.07669799718437463,0.03125,0.048177083333333336,0.31604024469681047,False,False
landmark,1,18,10,-4.5536328420241805,-4.586800738827303,-5.0061644165366985,-4.174401782001181,0.0,1.0,1.0,-0.0169780741369189,-0.004044331590188147,-0.05066286874595378,0.04109949714555773,0.46875,0.048177083333333336,1.2903129052502595,False,False
landmark,1,18,11,-3.726073129815121,-3.9940819008606203,-4.386482129766999,-3.620948246428502,0.0,1.0,1.0,-0.05446223293866098,-0.03970605077967323,-0.08465691439308247,0.0061354859117453454,0.28125,0.048177083333333336,0.5434513087541603,False,False
landmark,1,19,0,-1.878462159607463,-1.9104271183790953,-2.1439181184125173,-1.6801986365048274,0.0,1.0,1.0,-0.029164435291563675,-0.02426912286843494,-0.0473317029148856,-0.0005555136315782613,0.40625,0.0390625,0.0680744809020463,False,False
landmark,1,19,1,-5.218426842662911,-5.187055998744947,-5.614810091350221,-4.738725219950307,0.0,1.0,1.0,-0.07216336829954283,-0.07770443549969201,-0.10801936013031695,-0.048798128837071145,0.1875,0.0390625,0.9630805198332387,False,False
landmark,1,19,2,-5.967289619413471,-5.294967434548802,-5.887555403096545,-4.618999730481529,0.03125,0.9999999997671694,1.0,-0.17659623349714776,-0.14875049855672284,-0.19629365466325546,-0.09681167781520215,0.15625,0.0390625,3.048406014682302,False,False
landmark,1,19,3,-5.200286598860691,-5.169579356161092,-5.501906674065256,-4.797659520444105,0.0,1.0,1.0,-0.08192806033737926,-0.0489136552109557,-0.08071968805389584,-0.018231602607507308,0.28125,0.0390625,0.712791906795847,False,False
landmark,1,19,4,-4.129834821884599,-4.0478426474834315,-4.501549211766963,-3.5809987091899624,0.0,1.0,1.0,-0.06239471389057231,-0.08498107860158949,-0.13551417227381116,-0.03243268402896275,0.28125,0.0390625,1.5793968410045907,False,False
landmark,1,19,5,-5.952816643140052,-5.739967203815995,-6.035487454675316,-5.405475707864062,0.0,1.0,1.0,-0.21267612009251818,-0.19670842230843627,-0.2217884567563335,-0.17426983937914406,0.0,0.0390625,1.250722157596791,False,False
landmark,1,19,6,-2.700905880627018,-2.7491325493806764,-3.061162041983138,-2.4509389567328235,0.0,1.0,1.0,-0.03770866889133635,-0.0391723595708788,-0.053352674060485675,-0.02435335016195819,0.1875,0.0390625,0.4804689464662581,False,False
landmark,1,19,7,-4.03721121600159,-3.918979454797941,-4.20574768433239,-3.644662522806007,0.0,1.0,1.0,-0.07051202046144281,-0.06883216755964904,-0.08617509277940956,-0.050427152422734975,0.0625,0.0390625,0.7882022210074154,False,False
landmark,1,19,8,-1.9497294119570747,-1.8517710788881185,-2.098193134650836,-1.6316698579351836,0.0,1.0,1.0,-0.015276893324085305,-0.010901597909196158,-0.023862751602217284,0.002673723654192009,0.34375,0.0390625,0.3714661066758192,False,False
landmark,1,19,9,-4.32943838731844,-4.335595494188028,-4.579725813890157,-4.077367242524229,0.0,1.0,1.0,-0.09585267934411881,-0.09456590068437595,-0.11847929158705849,-0.06829849212864617,0.125,0.0390625,1.0501507772199785,False,False
landmark,1,19,10,-4.242670226282147,-3.971845017113366,-4.297212609640593,-3.6537331803990702,0.0,1.0,1.0,0.023433152897760177,0.04754787436871174,-0.014334300681421004,0.1097681021866048,0.59375,0.0390625,1.0369194801667612,False,False
landmark,1,19,11,-5.818570876254984,-5.746841126221965,-6.173084274689887,-5.269655869566111,0.0,1.0,1.0,-0.10811041874970179,-0.1213823167574405,-0.17689691850234596,-0.07234332289376831,0.125,0.0390625,1.168102180533166,False,False
landmark,1,20,0,-4.370513267847172,-4.396798172985489,-4.61980797301994,-4.18648948816879,0.0,1.0,1.0,-0.14126342043012205,-0.1472071296493519,-0.16880109072624178,-0.12114235971194638,0.03125,0.036458333333333336,0.7139430466671435,False,False
landmark,1,20,1,-3.0693273633103635,-2.7352259444214475,-3.0394310529107544,-2.4101041663826193,0.0,1.0,1.0,-0.15605301461014065,-0.1278211773307151,-0.17128280036263338,-0.08217995137910765,0.15625,0.036458333333333336,1.1453450407674766,False,False
landmark,1,20,2,-4.335297618395212,-4.253858546905349,-4.461886140548093,-4.035896256055479,0.0,1.0,1.0,-0.01181431651022053,-0.028597502102949285,-0.11852148885541908,0.06121191962186595,0.3125,0.036458333333333336,0.9470348179827119,False,False
landmark,1,20,3,-2.440454224358266,-2.2414083262218276,-2.5030346292977677,-1.94707464359248,0.0,1.0,1.0,-0.14421764520404412,-0.15558894818299412,-0.22045959985133487,-0.093897486898443,0.21875,0.036458333333333336,3.0825226854771857,False,False
landmark,1,20,4,-3.517645428507211,-3.79518011792752,-4.127997306621085,-3.474229935438333,0.0,1.0,1.0,-0.05190817223621523,-0.05339899587665252,-0.08907179071904954,-0.01732735080128359,0.25,0.036458333333333336,0.9898241072770361,False,False
landmark,1,20,5,-4.877181191619309,-4.650952898044963,-5.153288637673007,-4.186159603018457,0.0,1.0,1.0,-0.018160684661971363,-0.03059785632193701,-0.1930607506528194,0.13546245698381248,0.34375,0.036458333333333336,1.7761968118440605,False,False
landmark,1,20,6,-2.9256084037112506,-2.916486768498592,-3.1706470015307926,-2.6378306235199918,0.0,1.0,1.0,-0.06652256053027689,-0.046456540796059854,-0.06856346633979113,-0.025665641856907593,0.1875,0.036458333333333336,1.961905347311676,False,False
landmark,1,20,7,-9.089202102419105,-8.958864125533783,-9.767887604585804,-8.103199800782953,0.0,1.0,1.0,-0.4996248782963443,-0.3956426643536789,-0.654971064060833,-0.12965634108445828,0.28125,0.036458333333333336,1.010175892722964,False,False
landmark,1,20,8,-4.903955472165094,-4.841785435539819,-5.084718835282067,-4.608119052821034,0.0,1.0,1.0,-0.23026853506215345,-0.2529176135689497,-0.2850363184066837,-0.22060792030882898,0.0,0.036458333333333336,1.0462274566101448,False,False
landmark,1,20,9,-3.307961545441211,-3.158804551141146,-3.3657537877598895,-2.966734600654003,0.0,1.0,1.0,-0.07638762867474988,-0.0710837569067754,-0.10313212907189687,-0.040071381321419866,0.21875,0.036458333333333336,0.627755198476747,False,False
landmark,1,20,10,-2.2451757721991883,-2.3677254036432727,-2.638727753429944,-2.0756550623728844,0.0,1.0,1.0,-0.03482278144910034,-0.018840111430521646,-0.03470537981099292,-0.0009033564293811031,0.34375,0.036458333333333336,0.9435408504757987,False,False
landmark,1,20,11,-5.470666242129051,-5.3166990762624735,-5.771747899914143,-4.854155374293738,0.0,1.0,1.0,-0.08694010970860519,-0.14926109915204427,-0.21587010056593364,-0.08626306236269592,0.25,0.036458333333333336,0.7119929701516795,False,False
landmark,1,21,0,-5.024613961344034,-4.882671894474976,-5.168462814871026,-4.612019364752778,0.0,1.0,1.0,-0.018654311112439967,0.004139908032668713,-0.05090149015537717,0.05866273794890643,0.53125,0.15755208333333334,1.896592375829979,False,False
landmark,1,21,1,-4.471823499824668,-4.315036291469961,-4.589222837940224,-4.042838231062934,0.0,1.0,1.0,-0.051397042676588636,-0.05772337924400692,-0.09075930131744175,-0.028061290209565257,0.34375,0.15755208333333334,1.0082645283071705,False,False
landmark,1,21,2,-3.151144643523984,-3.1202184774190584,-3.346471370464946,-2.87888436673936,0.0,1.0,1.0,-0.07501910384362777,-0.05895150857732866,-0.07873427446616962,-0.038204546688882665,0.09375,0.15755208333333334,0.9917354716928297,False,False
landmark,1,21,3,-2.5646549317832026,-2.314544602275901,-2.613899893128866,-1.9991791373749503,0.0,1.0,1.0,-0.3114902811522754,-0.2293299610205004,-0.27707365382041865,-0.18141276034879775,0.0625,0.15755208333333334,2.6988674217288056,False,False
landmark,1,21,4,-3.110255569622591,-3.1197888033707546,-3.5295499833613393,-2.675536919886424,0.0,1.0,1.0,-0.0017993696096910358,0.0020507727145316536,-0.01990722348083942,0.026678838915297137,0.5,0.15755208333333334,0.4116573497488267,False,False
landmark,1,21,5,-1.9238097829250032,-1.9026907470349965,-2.1838115792627435,-1.6569060325527827,0.0,1.0,1.0,-0.09345131513105952,-0.09039723467591433,-0.1116671029481428,-0.06755362964548167,0.125,0.15755208333333334,0.456742053749761,False,False
landmark,1,21,6,-3.35487321910376,-3.3753429706605287,-3.6111107772219784,-3.139513553250198,0.0,1.0,1.0,-0.024390020245580013,-0.040497117472918495,-0.06046454899700247,-0.021390733014217407,0.21875,0.15755208333333334,1.6987487418710032,False,False
landmark,1,21,7,-4.295860262796899,-4.499069722137508,-4.923069657602977,-4.041643905552551,0.0,1.0,1.0,-0.13466661492736665,-0.1235131860727224,-0.1516794627288151,-0.09740281720287348,0.03125,0.15755208333333334,0.5026519703155012,False,False
landmark,1,21,8,-7.934300036814219,-7.843426859417056,-8.089566861678318,-7.592585246749475,0.0,1.0,1.0,-0.16460724379821093,-0.1623547537362158,-0.2039108740869472,-0.11854749927633074,0.09375,0.15755208333333334,2.6685810463973074,False,False
landmark,1,21,9,-2.4240140776052064,-2.679862399112486,-3.199694766322695,-2.1909912451878872,0.0,1.0,1.0,0.35459023719073623,0.336019842623167,0.29010457930043115,0.37958247783126314,0.96875,0.15755208333333334,1.1784287552413408,False,False
landmark,1,21,10,-4.035796038488966,-4.109258734402786,-4.443862853388241,-3.7966123416874566,0.0,1.0,1.0,-0.11795997158782096,-0.10606015525541768,-0.17008376436324882,-0.041941202691052934,0.25,0.15755208333333334,0.870878171236726,False,False
landmark,1,21,11,-4.426225876433012,-4.250127106449031,-4.491486999386944,-4.012010624737964,0.0,1.0,1.0,0.07355593304565218,0.1000201046111637,-0.019472154132511795,0.2205451990143727,0.625,0.15755208333333334,0.6941382636858296,False,False
landmark,1,22,0,-2.2134419003096584,-2.2271975522720426,-2.468192402537242,-1.9856494987437614,0.0,1.0,1.0,-0.005155283149416956,0.00017743881600865152,-0.019666352127202795,0.020675274588842392,0.5625,0.359375,1.5710600521046916,False,False
landmark,1,22,1,-3.059494451663062,-3.1243060577836475,-3.4108654015882065,-2.846539805449004,0.0,1.0,1.0,0.07197786359134782,0.04662569575227472,0.0077558966790933935,0.08677651400340397,0.65625,0.359375,1.194246151447783,False,False
landmark,1,22,2,-3.3082195250327686,-3.247455438866432,-3.526542442782341,-2.958858476714195,0.0,1.0,1.0,-0.15499606551535927,-0.13264455575059844,-0.15159552057566122,-0.11404888313582501,0.0,0.359375,0.5607965625001489,False,False
landmark,1,22,3,-4.164649610383606,-4.094993722542075,-4.349106484691876,-3.755485032575472,0.0,1.0,1.0,-0.017705220240156038,-0.054005154822421755,-0.07753262536058605,-0.029699103323850073,0.1875,0.359375,1.5934150204383135,False,False
landmark,1,22,4,-2.4857554341866788,-2.4302279926236725,-2.6867318603570807,-2.165470391264415,0.0,1.0,1.0,0.060820414027530606,0.06557008609398184,0.03396670383682459,0.09842975134090938,0.78125,0.359375,1.0656835136966956,False,False
landmark,1,22,5,-4.313944255316326,-4.178427725505217,-4.565319417362461,-3.833671588594143,0.0,1.0,1.0,-0.06365572890296489,-0.053171723039042135,-0.07976619961835885,-0.026407384728124938,0.25,0.359375,1.4511192664082218,False,False
landmark,1,22,6,-1.909729051043073,-2.155810794134311,-2.5481004585488156,-1.7326963713648669,0.0,1.0,1.0,0.047443762180893335,0.04038926227075822,0.01852064328885793,0.0624601151596596,0.71875,0.359375,0.3231169997917591,False,False
landmark,1,22,7,-2.062872218941825,-2.0118646416724375,-2.211607047932935,-1.811419160356089,0.0,1.0,1.0,-0.16398315192450447,-0.14716826003706807,-0.17229941036990423,-0.12502020636013136,0.0,0.359375,0.5513053010681291,False,False
landmark,1,22,8,-5.069613183727419,-4.876841861892834,-5.228142483290808,-4.504968991679591,0.0,1.0,1.0,-0.04922790903272666,-0.061327631319333775,-0.0912468981599564,-0.03251634768842934,0.25,0.359375,1.2248335592426018,False,False
landmark,1,22,9,-0.9154675019553433,-1.030168615165646,-1.231393949474791,-0.8179286290970045,0.03125,0.9999999997671694,1.0,0.0146252097406895,0.015795498935014602,-0.0009672895396870577,0.03441857967970184,0.5625,0.359375,0.3185940209169459,False,False
landmark,1,22,10,-3.4128643257433544,-3.481967722840034,-3.7505657796260357,-3.1849131679461817,0.0,1.0,1.0,-0.1035670007860229,-0.073615660609264,-0.10645035082604075,-0.03807917648315512,0.21875,0.359375,0.9343164863033043,False,False
landmark,1,22,11,-2.895177764551592,-2.960589220084756,-3.198500801347605,-2.768461402770141,0.0,1.0,1.0,-0.021437679726978725,-0.057014997787279496,-0.10229742941792845,-0.012397487305801484,0.3125,0.359375,0.8293105920968765,False,False
landmark,1,23,0,-2.9794565600513203,-3.0214566073357485,-3.200593950136144,-2.8435894173659912,0.0,1.0,1.0,-0.10567456309084328,-0.11462475820375269,-0.1334074587432847,-0.09550665846600329,0.0625,0.30078125,0.9967771055500618,False,False
landmark,1,23,1,-5.815678186849552,-5.391019623230422,-5.880929424866822,-4.853808306410561,0.03125,0.9999999997671694,1.0,-0.12738521530044142,-0.10914815933184983,-0.14179125414316737,-0.07626629739803015,0.09375,0.30078125,1.0032228944499382,False,False
landmark,1,23,2,-0.13360074238997843,0.23381464068242325,-0.10464950361008928,0.534986616999654,0.65625,0.055092082591727376,1.0,0.033994138458530776,0.04650224165201916,0.021452527868185203,0.0698653018810762,0.6875,0.30078125,0.36204485039273604,False,False
landmark,1,23,3,-3.7403856869457828,-3.7478694012468448,-3.9864818273436184,-3.523575014780608,0.0,1.0,1.0,-0.06541969994219989,-0.049851348313312935,-0.07361509757454412,-0.025071687381452618,0.1875,0.30078125,0.6533431437543558,False,False
landmark,1,23,4,-3.2902929139816703,-3.234149417485698,-3.4326477907914774,-3.020077687541328,0.0,1.0,1.0,-0.06860952794097677,-0.055649495849030645,-0.09094642536851531,-0.018869477220477427,0.28125,0.30078125,2.871165097081471,False,False
landmark,1,23,5,-2.8762645375175913,-2.9657926391858656,-3.3843664031196683,-2.5537720511355966,0.0,1.0,1.0,-0.02418619219866304,-0.026922549634676683,-0.05231848765485868,-0.003628757663414158,0.4375,0.30078125,0.2648880489684434,False,False
landmark,1,23,6,-2.194208964559075,-2.2528087643134755,-2.524479082250712,-1.9333926596523243,0.03125,0.9999999997671694,1.0,-0.02709363284207776,-0.010099128298744441,-0.030731659212886075,0.01103549331703495,0.4375,0.30078125,1.8081493885064759,False,False
landmark,1,23,7,-3.7990963910149276,-3.5624102699826095,-3.790627256503678,-3.3330334284757526,0.0,1.0,1.0,-0.04545751687836319,-0.04044571180024102,-0.06169705602204849,-0.014296992387548398,0.15625,0.30078125,1.9446160548821867,False,False
landmark,1,23,8,-2.7546081229118524,-2.65917309217198,-2.8595622556347133,-2.4393626545694045,0.0,1.0,1.0,-0.0670442850583579,-0.05413716328993486,-0.07900293600061925,-0.029625878394555924,0.25,0.30078125,2.55637041041813,False,False
landmark,1,23,9,-4.587362478890441,-4.339415504821943,-4.73970219899381,-3.9450308976488304,0.0,1.0,1.0,-0.04649487448136266,-0.04460671280330311,-0.07951251978725576,-0.009209137180930003,0.25,0.30078125,0.8129377166739219,False,False
landmark,1,23,10,-4.432432660327945,-3.5242231199928082,-4.414192670132648,-2.5881280023912323,0.09375,0.9999998768325895,1.0,0.054541907989734996,0.025048516408487875,-0.032824071292774586,0.08461471025358579,0.5,0.30078125,3.0988135959834744,False,False
landmark,1,23,11,-4.5554388677535815,-4.333562417659585,-4.571711016653987,-4.090139513986951,0.0,1.0,1.0,-0.09061061095727138,-0.06503435250198562,-0.09108360192992708,-0.036455649754420276,0.1875,0.30078125,0.5756001871672035,False,False
landmark,1,24,0,-4.999885293926417,-4.7639512785082285,-5.116830848152567,-4.421280366389789,0.0,1.0,1.0,-0.09958331918633362,-0.07378535651272856,-0.10683055427974043,-0.03730552155123147,0.28125,0.38932291666666663,3.040283268943182,False,False
landmark,1,24,1,-4.924227658519163,-4.588316408867472,-4.855782199977217,-4.31471165931052,0.0,1.0,1.0,-0.06214640595797365,-0.07330361933969268,-0.10319144805606088,-0.04511892906528467,0.15625,0.38932291666666663,3.5875904079520815,False,False
landmark,1,24,2,-3.7729526487098584,-3.7660961535561173,-4.00110343008747,-3.544005435984718,0.0,1.0,1.0,-0.014843831006867186,-0.03421612277738113,-0.07584659555587776,0.005549450087889064,0.375,0.38932291666666663,2.488612775726269,False,False
landmark,1,24,3,-1.207156094759017,-1.2029727951527158,-1.5008451063874322,-0.8738104711535482,0.09375,0.9999998768325895,1.0,0.08986585367897623,0.08981470964837168,0.07090870969004073,0.11046185563780843,0.96875,0.38932291666666663,0.7554602918290811,False,False
landmark,1,24,4,-1.7316660375919022,-1.6727393503514207,-1.8406341937266542,-1.5057671515556974,0.0,1.0,1.0,-0.001283033345406778,-0.002747850518872271,-0.016324063860044067,0.009962337503823984,0.46875,0.38932291666666663,0.5500278937067276,False,False
landmark,1,24,5,-3.803906699699104,-3.8316283816055776,-4.1709534763637475,-3.489533714122166,0.0,1.0,1.0,-0.1575704505548673,-0.15002896471292876,-0.1775429357009062,-0.12316638006171896,0.03125,0.38932291666666663,0.45427874583092054,False,False
landmark,1,24,6,-4.540511238257821,-4.298180761508634,-4.8182117560091955,-3.780124169196321,0.0,1.0,1.0,-0.049269688046486196,-0.03341294576006167,-0.06570070616512885,-0.0011579131712419347,0.3125,0.38932291666666663,1.2445397081709189,False,False
landmark,1,24,7,-5.592821472141225,-5.062032365808066,-5.47327223747843,-4.660084365895901,0.0,1.0,1.0,-0.05623143825550124,-0.05472141267943227,-0.09048864453821767,-0.019445720639941894,0.25,0.38932291666666663,3.7216211930060745,False,False
landmark,1,24,8,-3.8716547337675,-3.741782042419824,-4.20693384413823,-3.2566148311877106,0.03125,0.9999999997671694,1.0,-0.11595433453879991,-0.10390221761276403,-0.14181761491269287,-0.06705523920785328,0.21875,0.38932291666666663,0.47834440276201334,False,False
landmark,1,24,9,-2.7155506250684818,-2.62852830107801,-2.9181057682088363,-2.359165354039161,0.0,1.0,1.0,0.030578182948496346,0.025335063093174882,-0.004852434811205646,0.05791749662942999,0.625,0.38932291666666663,0.6928474254241791,False,False
landmark,1,24,10,-3.354504731705952,-3.5102515679995854,-3.9139042720944266,-3.0486686106828977,0.03125,0.9999999997671694,1.0,-0.031057436028445854,-0.056220960493538925,-0.08276649550214844,-0.02941902622533534,0.28125,0.38932291666666663,0.3874105178670167,False,False
landmark,1,24,11,-5.026206457094316,-4.662880983761287,-5.113985898871293,-4.196260766561632,0.0,1.0,1.0,-0.0691664389274047,-0.06464492850975015,-0.0874826742456271,-0.04156898127868232,0.21875,0.38932291666666663,2.0508811029325025,False,False
landmark,1,25,0,-2.8113866618141823,-2.6977187652997037,-2.9552089368177357,-2.44929959973159,0.0,1.0,1.0,-0.013531102306734929,-0.023287675470005625,-0.03885347124770614,-0.006085504581352331,0.28125,0.4088541666666667,1.5241092064042854,False,False
landmark,1,25,1,-4.380049428179483,-4.047750833689761,-4.3495819402367335,-3.7610720093265977,0.0,1.0,1.0,-0.03323744486510887,-0.06552223072061218,-0.09292574916546124,-0.037215232468532734,0.21875,0.4088541666666667,0.7729823417475512,False,False
landmark,1,25,2,-4.1403076444859295,-4.088981222344165,-4.379989139842662,-3.8213774121161097,0.0,1.0,1.0,-0.07669667996598453,-0.10218661661332865,-0.13880382084585996,-0.06784901570401607,0.125,0.4088541666666667,0.8415784628018086,False,False
landmark,1,25,3,-3.516281804540473,-3.4387738705310866,-3.7518479333115047,-3.13238927452663,0.0,1.0,1.0,-0.0008744747595213695,-0.035903621037690764,-0.07383750526808196,0.005234651715365062,0.28125,0.4088541666666667,1.1584215371981914,False,False
landmark,1,25,4,-2.842718474873066,-2.865337815173267,-3.2101258619047517,-2.5321899450685645,0.0,1.0,1.0,-0.08773635706489671,-0.06955523343233565,-0.09350723358802145,-0.04625293069071373,0.15625,0.4088541666666667,1.2327448642731669,False,False
landmark,1,25,5,-1.3546017154890475,-1.3440074897808674,-1.5510263138052982,-1.106217777803046,0.0,1.0,1.0,0.11063360357595015,0.1249433155544106,0.09905952183194229,0.15405613969967488,0.9375,0.4088541666666667,0.4566479856645526,False,False
landmark,1,25,6,-3.6090531237235552,-3.4692070066297402,-3.7656635763621105,-3.1594093439782074,0.0,1.0,1.0,-0.2080683993275887,-0.17654358532505107,-0.21631787712580008,-0.13934159390907114,0.03125,0.4088541666666667,0.463016848299235,False,False
landmark,1,25,7,-1.4631930307160725,-0.9878292168871154,-1.7212248680643358,-0.13207679523830948,0.4375,0.8114572062622756,1.0,0.05158854188066603,0.027185984159660337,-0.020627184863526236,0.0875200727186986,0.46875,0.4088541666666667,0.7945649704307188,False,False
landmark,1,25,8,-3.1567558108718257,-3.239861437298051,-3.540098685682318,-2.912436448166034,0.0,1.0,1.0,-0.027798549286303462,-0.0076573427204635405,-0.03947366163567699,0.02222157457560396,0.4375,0.4088541666666667,1.8497608640974632,False,False
landmark,1,25,9,-2.622176294493713,-2.5275372155366345,-2.7850044409039514,-2.278370346050316,0.0,1.0,1.0,-0.023271389772211475,-0.023789157841903434,-0.0709819719702264,0.02399662074901562,0.40625,0.4088541666666667,0.6626242308657972,False,False
landmark,1,25,10,-2.10190944385013,-2.045288240968995,-2.2968528793343204,-1.8143696829496032,0.0,1.0,1.0,0.0020292806451564435,0.00018862834563762587,-0.011688619651152813,0.01287919214840349,0.5,0.4088541666666667,1.5368830676000755,False,False
landmark,1,25,11,-3.868619079727212,-3.7173212265497404,-4.104353534229149,-3.3246731004433565,0.0,1.0,1.0,-0.11435450650801118,-0.11347634212870604,-0.14947759513587894,-0.08240448005991774,0.125,0.4088541666666667,1.2295054067781843,False,False
landmark,1,26,0,-1.3584589733068162,-1.3758144616031387,-1.5642880970218334,-1.202886851616204,0.0,1.0,1.0,0.040726649568629175,0.03183310370690917,0.018424719267574538,0.044787616130853115,0.71875,0.421875,0.18778922113036078,False,False
landmark,1,26,1,-3.3767177330649916,-3.457623753435124,-3.76668705803475,-3.1456635243970315,0.0,1.0,1.0,-0.021023236063609417,-0.0027931589422585355,-0.07919833421314704,0.06407616848616646,0.53125,0.421875,0.6355909345864338,False,False
landmark,1,26,2,-5.068862139338767,-4.920122915426688,-5.274716477433714,-4.547648512844224,0.0,1.0,1.0,-0.10050636586386988,-0.12035743104665222,-0.16085282319087446,-0.08038371084972609,0.125,0.421875,1.430724619025461,False,False
landmark,1,26,3,-1.6593786622140065,-1.5956954612494239,-1.788601532216223,-1.39070911722121,0.0,1.0,1.0,0.013370883184382619,0.020964714021755003,0.004781338291620958,0.0367449393613181,0.59375,0.421875,0.22162318501658723,False,False
landmark,1,26,4,-2.183354389042491,-2.1003141800626306,-2.273793762547424,-1.9306558766454447,0.0,1.0,1.0,0.008807459201548847,0.015021720199949254,-0.007172780191491671,0.03612696727083204,0.6875,0.421875,0.43090269588964203,False,False
landmark,1,26,5,-3.227599675187922,-2.9631843247106637,-3.342771156893073,-2.569177577189331,0.0,1.0,1.0,-0.07534997493724194,-0.09218029592871711,-0.1311540827913643,-0.055604610082989454,0.1875,0.421875,1.200905444161062,False,False
landmark,1,26,6,-3.9053496610563547,-3.768716836895905,-4.063730679079627,-3.476592058293181,0.0,1.0,1.0,0.07211060883934606,0.06361799742411967,0.03871146354505743,0.09038326231292135,0.78125,0.421875,0.885669700478399,False,False
landmark,1,26,7,-3.4671990485932715,-3.291377501557726,-3.5216558837050096,-3.0517023976748794,0.0,1.0,1.0,-0.09158551485298992,-0.09606609555083925,-0.1303862488130844,-0.06150590229121039,0.125,0.421875,0.23720539531680984,False,False
landmark,1,26,8,-5.362162055108749,-5.10889401016056,-5.517986507615103,-4.729631581502198,0.0,1.0,1.0,-0.10966413773349465,-0.08987116596700626,-0.13270162381556672,-0.0465269826217981,0.34375,0.421875,1.4535495854392022,False,False
landmark,1,26,9,-3.7868154096247153,-3.652501547871982,-3.9107159826204363,-3.372156864869803,0.0,1.0,1.0,-0.033243323720009155,-0.026064479475406396,-0.05495387282175828,0.002594172588792673,0.40625,0.421875,1.3998935415141691,False,False
landmark,1,26,10,-4.0000771346314306,-3.8749060603488936,-4.518791761087175,-3.2530725673365173,0.0,1.0,1.0,0.11364105534670794,0.10784535735080189,-0.011798181305463527,0.22199764071971995,0.6875,0.421875,4.782782643184702,False,False
landmark,1,26,11,-2.293605790494637,-2.4236029199508002,-2.7523740969796777,-2.1064749670723915,0.0,1.0,1.0,-0.04368170573474842,-0.03952197718336799,-0.05714934814968633,-0.02215958860662007,0.25,0.421875,1.114330299521601,False,False
landmark,1,27,0,-2.6539232684257916,-2.6303284332762535,-2.978586579114477,-2.2680686922015205,0.0,1.0,1.0,0.18509709510393133,0.1657384114970537,0.13760607679949227,0.19049645514873223,0.96875,0.010416666666666668,0.3873576555494425,False,False
landmark,1,27,1,-3.5893176283896624,-3.956213253075176,-4.3536843345201195,-3.5544433391693078,0.0,1.0,1.0,-0.048854204135595033,-0.05236172569017572,-0.06373804357642657,-0.0388427632701117,0.0625,0.010416666666666668,0.42562392422019546,False,False
landmark,1,27,2,-6.825436143092027,-6.5592478428937735,-7.0090424156848,-6.134038486174266,0.0,1.0,1.0,-0.1156061869115284,-0.08258436566145519,-0.149055490012831,-0.013853766082628465,0.3125,0.010416666666666668,4.061806673373624,False,False
landmark,1,27,3,-5.927154675536667,-5.671395826283716,-5.911765948336237,-5.4074981871374375,0.0,1.0,1.0,-0.2476412706286099,-0.25350946197180557,-0.27530130361287314,-0.2330031834329506,0.0,0.010416666666666668,0.6857086717842021,False,False
landmark,1,27,4,-2.5200951514657,-2.224361016335651,-2.4750811668459107,-2.0023107067474593,0.0,1.0,1.0,-0.0532727856286645,-0.0477081012375736,-0.06340956897305446,-0.030852663120168395,0.15625,0.010416666666666668,0.2983910920075207,False,False
landmark,1,27,5,-2.40316762707549,-2.481686218462282,-2.7432855853304123,-2.2214620827393654,0.0,1.0,1.0,-0.07214143714139049,-0.069182111008955,-0.08293384283700783,-0.05555622387205562,0.09375,0.010416666666666668,0.26548595389387186,False,False
landmark,1,27,6,-4.206290001164556,-4.0850027571602165,-4.307428295798773,-3.86286066627523,0.0,1.0,1.0,-0.02522277079308266,-0.035504103059486994,-0.12730536787054683,0.05058769295795512,0.4375,0.010416666666666668,1.4630394497457024,False,False
landmark,1,27,7,-1.623648076582258,-1.7100250535329093,-2.062404154249892,-1.3378768072502152,0.09375,0.9999998768325895,1.0,-0.031515399140895524,-0.048770366972423054,-0.07546449173900004,-0.021120948070659448,0.21875,0.010416666666666668,2.9966605793328767,False,False
landmark,1,27,8,-4.206560053606511,-4.40406281876606,-4.806825331411957,-4.008281914223958,0.0,1.0,1.0,-0.12216424173275672,-0.11588454332092282,-0.1540201434814998,-0.0824446794285768,0.125,0.010416666666666668,1.2565008094382923,False,False
landmark,1,27,9,-4.14302404166283,-4.009229776367601,-4.313121610600025,-3.7006408644258775,0.0,1.0,1.0,-0.158088874501692,-0.13165420516419268,-0.16332396360070883,-0.09667237981736417,0.125,0.010416666666666668,3.274248189831982,False,False
landmark,1,27,10,-3.7506244968068874,-3.62275384053269,-3.8670772979191232,-3.3947401125983236,0.0,1.0,1.0,-0.03804549313933116,0.024919726657176414,-0.031070391275133006,0.08114323723919678,0.5625,0.010416666666666668,0.7434991905617077,False,False
landmark,1,27,11,-3.7320875998808716,-3.7724186641735082,-4.178279299659098,-3.385358362853052,0.0,1.0,1.0,-0.27394683770113754,-0.29349999941801824,-0.3526240398264848,-0.23590211699539157,0.03125,0.010416666666666668,11.042972741231214,False,False
landmark,1,28,0,-13.143894184254691,-13.254227110902184,-13.667610342119652,-12.809125646304365,0.0,1.0,1.0,0.14997226358334206,0.10381574138592253,0.017377832496476987,0.20812322269412892,0.65625,0.0,2.165906491549081,False,False
landmark,1,28,1,-8.226878113234777,-8.237924979617071,-8.541017812705613,-7.956221653889081,0.0,1.0,1.0,-0.22433684816998156,-0.24037842205946902,-0.2956459443861992,-0.19283878415849684,0.0,0.0,2.2183926786317607,False,False
landmark,1,28,2,-5.7549958324439086,-5.688068959230454,-6.413833695390492,-4.8905666254441575,0.0,1.0,1.0,-0.14150618707706147,-0.1319144651236716,-0.1542951726621831,-0.10900731231652129,0.03125,0.0,1.183554064136081,False,False
landmark,1,28,3,-3.596055738334316,-3.7898821841229076,-3.9647552828620847,-3.618136081762632,0.0,1.0,1.0,0.026789411169983325,0.024757303715366774,-0.0011475889455257878,0.050548478998052704,0.625,0.0,0.11023554775391252,False,False
landmark,1,28,4,-4.279329498149533,-4.569682445885706,-4.7676426498197495,-4.344993632450752,0.0,1.0,1.0,-0.1555161493066799,-0.17700072341293163,-0.20352882244000592,-0.14856080535697214,0.0,0.0,0.07793268866536303,False,False
landmark,1,28,5,-3.8017586770612484,-3.8353951737676026,-4.122692173028061,-3.529318692884346,0.0,1.0,1.0,0.020685991807391786,0.019976448121604207,-0.009965521213204475,0.04695636579387666,0.59375,0.0,0.16630611578215249,False,False
landmark,1,28,6,-3.5457337336785226,-3.4933058946851467,-3.771329773267836,-3.2130720582759937,0.0,1.0,1.0,-0.11565138027217398,-0.1064210041493052,-0.14473261016935046,-0.06386287892855454,0.21875,0.0,1.3372465957430701,False,False
landmark,1,28,7,-1.2523769674485121,-1.5740138284520115,-1.8513293054961333,-1.296065045668827,0.0,1.0,1.0,-0.08290441640384247,-0.09877154423724607,-0.11902617171609375,-0.07999305856414192,0.03125,0.0,0.09925925777380938,False,False
landmark,1,28,8,-3.4021755818097166,-3.3606481217315114,-3.64707774022406,-3.1333268095764284,0.0,1.0,1.0,0.0926620667633577,0.07637827237108248,0.04214720334284144,0.10933701890597183,0.90625,0.0,5.107231519097601,False,False
landmark,1,28,9,-5.297815674705648,-5.403797428625344,-5.653932820645038,-5.1637864033439715,0.0,1.0,1.0,-0.16431558689363118,-0.1593936837800065,-0.19293815618759455,-0.12280370155279538,0.0625,0.0,0.8164459358639189,False,False
landmark,1,28,10,-5.041210602460345,-5.225898943981296,-5.511407450678962,-4.944768036783292,0.0,1.0,1.0,-0.16990576351796716,-0.19589882838886125,-0.26214459785489624,-0.13266752851092095,0.1875,0.0,0.380558495515895,False,False
landmark,1,28,11,-3.337332960967454,-3.309361527232495,-3.588972737843971,-3.0367895267830125,0.0,1.0,1.0,0.03572579703416234,0.09980427507828235,0.039775357687476566,0.16043236692502447,0.71875,0.0,3.8795896933689478,False,False
landmark,1,29,0,-8.721428025726423,-8.649253295877367,-9.086210802589138,-8.166533470308357,0.0,1.0,1.0,-0.10876565198738494,-0.0708692885841489,-0.2974963417417927,0.15430406602066582,0.40625,0.0,8.277306827585182,False,False
landmark,1,29,1,-2.964844097413163,-2.932277909369268,-3.135976050985412,-2.721343913180897,0.0,1.0,1.0,-0.0624818828762143,-0.07555885711327162,-0.09850541478005372,-0.053590137013073275,0.15625,0.0,0.5931209448706611,False,False
landmark,1,29,2,-2.79583962644812,-2.606281425254429,-2.929489268200828,-2.270895811034466,0.0,1.0,1.0,0.04637842653782841,0.10818192298375745,0.07486075247656744,0.1438438600750661,0.9375,0.0,3.031048823168273,False,False
landmark,1,29,3,-6.15798292413246,-5.973962729440655,-6.300570826306749,-5.667562188415404,0.0,1.0,1.0,-0.06444954829319349,-0.06568042706245122,-0.08725858173541133,-0.04195590773015581,0.125,0.0,0.9463571759870182,False,False
landmark,1,29,4,-5.270751988165482,-5.047625197089699,-5.238615972426117,-4.86610256841398,0.0,1.0,1.0,-0.26109577167418485,-0.24514355005502356,-0.26713167442031027,-0.2226352915775414,0.0,0.0,1.0536428240129816,False,False
landmark,1,29,5,-3.7552208339699558,-3.769318075474751,-4.001479345652236,-3.4971266359607074,0.0,1.0,1.0,-0.12605769038209852,-0.13436079121553068,-0.1518079179316486,-0.11526219393961955,0.03125,0.0,0.36797248724073023,False,False
landmark,1,29,6,-3.046828159987392,-3.0508189777180093,-3.227349567065565,-2.853494954480356,0.0,1.0,1.0,0.08862719289774343,0.08646737197137686,0.06492496240933904,0.10755268269474794,0.9375,0.0,0.8870187859668461,False,False
landmark,1,29,7,-3.283234733903406,-3.146541113182707,-3.423671475237664,-2.8467687842832676,0.0,1.0,1.0,0.05557991008578801,0.033886378040179244,-0.0006739515101766037,0.06779239062278433,0.6875,0.0,0.7350715701178644,False,False
landmark,1,29,8,-4.893002587619708,-4.923392221362967,-5.340582913501936,-4.531998230274911,0.0,1.0,1.0,0.057674781715491466,0.040909816942281046,0.013561738982726935,0.07151978197835628,0.625,0.0,1.4265966039122981,False,False
landmark,1,29,9,-7.881342485244151,-6.744660850610258,-8.567767037147368,-4.748541800876272,0.15625,0.9999903494026512,1.0,-0.02798333712348069,0.008285683325524363,-0.25425187131101334,0.23742941688724303,0.6875,0.0,8.431201234829384,False,False
landmark,1,29,10,-2.4308185857339586,-2.2524300866312466,-2.549564817185644,-1.9641759731429433,0.0,1.0,1.0,-0.11807638418036713,-0.10814561613351735,-0.13190003803985018,-0.0841496841755226,0.0625,0.0,0.6716748542498648,False,False
landmark,1,29,11,-4.0498664433210845,-4.094366548922879,-4.6135125519083156,-3.6425710362669497,0.0,1.0,1.0,-0.1366111971929524,-0.12961767952614767,-0.1751322094638455,-0.08410403899864018,0.15625,0.0,4.769222697047374,False,False
landmark,2,0,0,-7.480942248956881,-7.314786213623844,-7.583637284034482,-7.027927753068746,0.0,1.0,1.0,-0.09690048250253451,-0.10141385495004013,-0.11520636510276952,-0.08743399486003867,0.0,0.013020833333333334,1.0340848223413632,False,False
landmark,2,0,1,-7.083078131959329,-7.055361751519919,-7.226524165457433,-6.895593380169748,0.0,1.0,1.0,0.007352113809786454,-0.005734393927101122,-0.03039883900616456,0.01927927368811809,0.5,0.013020833333333334,8.000313673970698,False,False
landmark,2,0,2,-2.0235123638037376,-1.9276292474565682,-2.1669787467967185,-1.6625700869774596,0.03125,0.9999999997671694,1.0,0.01818825264797033,0.018218479744634315,0.0038173584024342884,0.03235619313907396,0.6875,0.013020833333333334,0.5808046645543834,False,False
landmark,2,0,3,-2.361666861638864,-2.310859372839025,-2.517195303985228,-2.0938008165067776,0.0,1.0,1.0,0.030644259240002625,0.023478707801242157,0.012837509056164702,0.033647042083267305,0.8125,0.013020833333333334,0.4349301667779624,False,False
landmark,2,0,4,-4.126261073079963,-4.176030517411395,-4.305612036506172,-4.043409504641863,0.0,1.0,1.0,0.03660752413282308,0.012323391692259489,-0.044694009012087484,0.07589966629113647,0.53125,0.013020833333333334,2.8078984072393967,False,False
landmark,2,0,5,-6.700539476626142,-6.796956783333924,-7.054687215970602,-6.5646791860498865,0.0,1.0,1.0,-0.5109602076758412,-0.6126360442296894,-0.7983099512310301,-0.4136384508254711,0.09375,0.013020833333333334,3.390659685043896,False,False
landmark,2,0,6,-4.186606758516101,-4.189950277631215,-4.333034264038135,-4.035382974357087,0.0,1.0,1.0,0.2264570902702516,0.21668508504329462,0.19319796585936214,0.24184997875448516,1.0,0.013020833333333334,2.819259413968064,False,False
landmark,2,0,7,-6.003640023767437,-6.066859455834043,-6.184332784682868,-5.955504341367099,0.0,1.0,1.0,0.16839374349720082,0.15580806940300493,0.14338171476332195,0.17027985297756212,1.0,0.013020833333333334,0.9659151776586369,False,False
landmark,2,0,8,-2.3421489960858546,-2.2162387407098016,-2.4064471662332783,-2.0265272389874567,0.0,1.0,1.0,0.011763091547730219,0.003628295689710648,-0.010417294901483623,0.017610568718135395,0.53125,0.013020833333333334,0.20014097976799156,False,False
landmark,2,0,9,-0.6244046860103425,-0.6212884493718229,-0.845920381075687,-0.3760276776332132,0.125,0.999998721992597,1.0,0.02481528100279381,0.023145140157555425,0.010482463732746,0.03477501800204659,0.75,0.013020833333333334,0.1495787394518714,False,False
landmark,2,0,10,7.47790275425657,7.376767183488231,7.092222052071024,7.646953079668199,1.0,2.3283064365386963e-10,8.381903171539307e-08,0.2735872965878932,0.2717242423995634,0.26562270383438485,0.2774526058984505,1.0,0.013020833333333334,0.47667893288958446,False,False
landmark,2,0,11,-4.616000039626037,-4.560370064531774,-4.680147127863189,-4.444225752186553,0.0,1.0,1.0,0.18107692954091792,0.2104172736365617,0.1869739206357002,0.23529020734664852,1.0,0.013020833333333334,3.9782646309512564,False,False
landmark,2,1,0,-3.738700197692604,-3.692622207326677,-3.9389567532739886,-3.4277434566283724,0.0,1.0,1.0,-0.32310541851402985,-0.3438988638209027,-0.4056936403654022,-0.285338251217673,0.0,0.0546875,1.0367347542235203,False,False
landmark,2,1,1,-6.941334130165146,-6.432754356578938,-7.151259775538832,-5.683907987327723,0.0,1.0,1.0,-0.4398721062369637,-0.2600931889780532,-0.5755131235728044,0.04899645741187851,0.4375,0.0546875,0.9632652457764797,False,False
landmark,2,1,2,-4.48494956712783,-4.4625035699576845,-4.676568714386938,-4.228558566507928,0.0,1.0,1.0,-0.3723561193079681,-0.39725990355700685,-0.4467958324280046,-0.34862327414029204,0.0,0.0546875,1.388718554222554,False,False
landmark,2,1,3,-2.855917908152213,-2.7756877378997515,-3.0907167223375653,-2.4101168203286063,0.0,1.0,1.0,-0.059405191928535356,-0.0722809322677625,-0.1159369876570276,-0.02908327802642273,0.28125,0.0546875,0.8702493899659164,False,False
landmark,2,1,4,-4.3488913520110515,-4.352636677232448,-4.5938501459226515,-4.119749117155743,0.0,1.0,1.0,-0.19719150024452065,-0.12603926591708559,-0.18731300299678327,-0.05667033918899213,0.15625,0.0546875,5.410892458261633,False,False
landmark,2,1,5,-1.8371620335493029,-1.7051402826448183,-1.8907538797122856,-1.535645197751027,0.0,1.0,1.0,-0.07672735864577185,-0.062215299725694624,-0.07773689989037595,-0.045432147827823476,0.09375,0.0546875,0.440092302067511,False,False
landmark,2,1,6,-0.736000303809125,-0.8212976306179387,-0.9817298786356622,-0.6701774653164273,0.03125,0.9999999997671694,1.0,-0.3690812540311737,-0.35067605057433704,-0.37667219891718895,-0.3237190277454819,0.0,0.0546875,0.3000059324861546,False,False
landmark,2,1,7,-2.822848341320694,-2.808393089326508,-3.086255878669902,-2.50484589342829,0.0,1.0,1.0,-0.16384324496047353,-0.2072946156956914,-0.2958939719348828,-0.12416328638365662,0.21875,0.0546875,1.830252798495131,False,False
landmark,2,1,8,-4.949758838770014,-4.67849891314135,-5.017253065971982,-4.316926250198179,0.0,1.0,1.0,-0.001537550874647079,-0.0845627808802011,-0.28674555766019355,0.11954446925205661,0.53125,0.0546875,0.7198488825885827,False,False
landmark,2,1,9,-4.141216004588142,-4.1563087476896685,-4.3152999341096,-3.989688691496785,0.0,1.0,1.0,0.13029552314119208,0.09764981163576114,0.05859356423834934,0.14210203904284574,0.84375,0.0546875,1.233877563996475,False,False
landmark,2,1,10,-1.2006004106972439,-1.1519098067254934,-1.2729495888576723,-1.0238810273514707,0.0,1.0,1.0,-0.2798759189351824,-0.319952045094074,-0.36131801609983294,-0.2789561161617232,0.0,0.0546875,1.062967544396189,False,False
landmark,2,1,11,-3.3353719676138316,-3.338994310631885,-3.6946129085030455,-3.0064577845219103,0.0,1.0,1.0,0.0874939890530591,0.03285382672828551,-0.03570799262231467,0.09511571750292656,0.59375,0.0546875,0.5228179504683415,False,False
landmark,2,2,0,-2.9348145190983805,-2.9698887745394216,-3.148960871286475,-2.8001179260936024,0.0,1.0,1.0,-0.12073517405763944,-0.10615357287742953,-0.1648905010134598,-0.04660742707605218,0.34375,0.046875,1.2129050652289481,False,False
landmark,2,2,1,-3.0673925104016186,-2.9878987161629187,-3.18439132774683,-2.8020897691102333,0.0,1.0,1.0,-0.44237270412829904,-0.44878312229193984,-0.4992942533105566,-0.40217264393402313,0.0,0.046875,0.5193165507070016,False,False
landmark,2,2,2,-3.9459125376559676,-3.4834900875591686,-3.7656753716906763,-3.2104567955713468,0.0,1.0,1.0,0.028898516134086425,0.043302304696025876,-0.0017937020594157717,0.08344973648257749,0.75,0.046875,1.3063945715261192,False,False
landmark,2,2,3,-4.474811147919452,-4.427988128500188,-4.708670399792508,-4.166142462053252,0.0,1.0,1.0,-0.4578174617640696,-0.4986618365559994,-0.5588499017346424,-0.4349201543703145,0.03125,0.046875,3.897557703378803,False,False
landmark,2,2,4,-12.490660177716006,-12.394284793567078,-12.814505193006282,-11.908662342924789,0.0,1.0,1.0,-0.03788783097262141,-0.1124256975738297,-0.36651776967601635,0.1412448114361412,0.4375,0.046875,2.8154080373695343,False,False
landmark,2,2,5,-2.134651397066671,-1.9453380397007523,-2.172758437658277,-1.7494196560964967,0.0,1.0,1.0,-0.013276268585257558,-0.03155136479594114,-0.052309949971806054,-0.011559695228315195,0.3125,0.046875,0.5809949842976317,False,False
landmark,2,2,6,-1.4866758306616195,-1.6320820252187114,-1.9409890995702954,-1.3354111852185304,0.0,1.0,1.0,-0.04529474017475837,-0.08241603576346374,-0.13080785723636812,-0.028516924416147095,0.25,0.046875,0.9926754457265167,False,False
landmark,2,2,7,-2.3291110485826305,-2.0804627287914546,-2.2953428129708255,-1.855262809645882,0.0,1.0,1.0,-0.08834906706167345,-0.029359323830820117,-0.09690090191145993,0.04082775117835617,0.40625,0.046875,0.9056941082128311,False,False
landmark,2,2,8,-3.0046337036595907,-2.8651394442662528,-3.0643920613353974,-2.6649251729119348,0.0,1.0,1.0,-0.10170306809459781,-0.16165337252255563,-0.2170295169410194,-0.11067371061973028,0.125,0.046875,1.0073245542734837,False,False
landmark,2,2,9,-0.14631023708163235,-0.041367398898774804,-0.3787538130341101,0.2378753115816653,0.6875,0.025051229866221547,1.0,0.25178412433371744,0.2294362468016667,0.18144217862131237,0.2818522840083288,0.90625,0.046875,0.5299392161564919,False,False
landmark,2,2,10,-0.8212514312353703,-0.8324763147526528,-0.9972031836919153,-0.6796045635986759,0.0,1.0,1.0,0.08535352414475524,0.06061324875836787,0.02677725678944292,0.09696449804826925,0.6875,0.046875,0.6249569777961412,False,False
landmark,2,2,11,-2.805301769554335,-2.592510550737139,-2.938510775466075,-2.216466908761194,0.0,1.0,1.0,-0.2796818449053179,-0.2836197341028097,-0.3537044873493606,-0.20840483940714136,0.09375,0.046875,4.382367430927572,False,False
landmark,2,3,0,-4.191697720183333,-4.625817981404359,-5.126176277856479,-4.100851811600585,0.0,1.0,1.0,0.975992639147296,0.7811757330163724,0.44726137398781607,1.146884735666133,0.8125,0.21744791666666669,3.42528053091584,False,False
landmark,2,3,1,-3.774482848863385,-3.765037625435464,-3.983560768610887,-3.558720244243447,0.0,1.0,1.0,-0.3184303616101576,-0.32336986334377804,-0.35286259246589624,-0.2925116643044793,0.0,0.21744791666666669,0.5546238607492653,False,False
landmark,2,3,2,-3.6799936890939415,-3.627209110816319,-3.915839119108438,-3.3236736734265344,0.0,1.0,1.0,0.1608066791159653,0.15046503673371864,0.08901227905667,0.21730915428684905,0.75,0.21744791666666669,0.9451315243475256,False,False
landmark,2,3,3,-1.674505140794317,-1.7628534619639438,-2.033900566250524,-1.5006755201977557,0.0,1.0,1.0,-0.07312364803997863,-0.10561780891550675,-0.13833416273023147,-0.07374655324707753,0.15625,0.21744791666666669,0.956124757516048,False,False
landmark,2,3,4,-2.3320925751305017,-2.3821890678082687,-2.5776594541976445,-2.186654278885529,0.0,1.0,1.0,0.1917287635030617,0.15813561958886097,0.09495079040014406,0.23112182545086044,0.84375,0.21744791666666669,2.562238965340272,False,False
landmark,2,3,5,-3.6333647336483743,-3.710709675831725,-3.8988989668772023,-3.526972095025968,0.0,1.0,1.0,-0.16690809697852899,-0.15758939952692205,-0.21311231870462563,-0.10348992787739886,0.21875,0.21744791666666669,1.9398464372552278,False,False
landmark,2,3,6,-2.7232344164421574,-2.752325109088863,-2.914204814700444,-2.580892213387443,0.0,1.0,1.0,-0.3320970378589594,-0.3155430459498866,-0.3702487019523829,-0.25614452598427473,0.03125,0.21744791666666669,2.3390326682702165,False,False
landmark,2,3,7,-0.6818613340448823,-0.8335569140111097,-1.1261623122821398,-0.547560232542337,0.125,0.999998721992597,1.0,-0.024444039590102506,-0.03438310087069284,-0.11620634715278301,0.06641994751894174,0.4375,0.21744791666666669,4.390552597781155,False,False
landmark,2,3,8,-3.222863722760141,-3.2330506555841785,-3.5433527992249703,-2.959811455700041,0.0,1.0,1.0,-0.2530450825893088,-0.2854410012039197,-0.3295710256793962,-0.2375479951019358,0.0625,0.21744791666666669,0.8086745574678329,False,False
landmark,2,3,9,-2.144824473306241,-2.184168568163554,-2.3677203151838375,-1.9977646194417424,0.0,1.0,1.0,-0.4799519175936686,-0.45453581209971344,-0.5156784819223099,-0.39722233638762466,0.03125,0.21744791666666669,0.9102422806975214,False,False
landmark,2,3,10,-1.6853734996600125,-1.719467717722448,-1.9099388550714032,-1.5222812348792016,0.0,1.0,1.0,-0.1256314831719125,-0.12870195041075772,-0.15134777557447482,-0.10518900526792406,0.03125,0.21744791666666669,0.9199342724008993,False,False
landmark,2,3,11,-2.9633099974286345,-3.010307851702625,-3.315846541409384,-2.6822407395060925,0.0,1.0,1.0,-0.198735242576772,-0.17799909532614344,-0.21494015358662194,-0.13700828966672857,0.03125,0.21744791666666669,1.0438752424839521,False,False
landmark,2,4,0,-2.9793938912738835,-2.7716624709199573,-3.000945797961866,-2.559756199413352,0.0,1.0,1.0,-0.1046337167433776,-0.11245884941362291,-0.1900944179237675,-0.034501043702356515,0.3125,0.19661458333333334,0.8652489939087773,False,False
landmark,2,4,1,-4.072081243514864,-4.025728959799903,-4.262808778124359,-3.7619996029595226,0.0,1.0,1.0,-0.21863369677560612,-0.19044976134138175,-0.24694996477987136,-0.13572896219743724,0.09375,0.19661458333333334,2.16669475377254,False,False
landmark,2,4,2,-4.325613773071963,-4.068675443599471,-4.387495351203308,-3.7326541520960994,0.0,1.0,1.0,-0.3917219372272619,-0.37090237691961836,-0.48348999212531735,-0.26352983635015836,0.125,0.19661458333333334,1.851053677723512,False,False
landmark,2,4,3,-3.77102065297081,-3.4669825645257624,-3.722805782417663,-3.2186090596510772,0.0,1.0,1.0,-0.16164566394814509,-0.1629955273024835,-0.19372819401891675,-0.13218831017224705,0.03125,0.19661458333333334,5.105144106073517,False,False
landmark,2,4,4,-3.688868553687045,-3.6650234488833364,-4.035131133185763,-3.2880514829194656,0.0,1.0,1.0,-0.2844679615557973,-0.28663300957832377,-0.3524922184103217,-0.22587860749363822,0.09375,0.19661458333333334,0.7898552673681296,False,False
landmark,2,4,5,-1.79941946338147,-1.611787357595908,-1.930568698625594,-1.2797368626134522,0.0625,0.9999999923165888,1.0,-0.2596478868541954,-0.25009723153043,-0.31472492651824785,-0.17901887973707595,0.15625,0.19661458333333334,2.6689670775237366,False,False
landmark,2,4,6,-2.6825844507597862,-2.6674734879758044,-2.879520323052836,-2.433398276723618,0.0,1.0,1.0,-0.16326120404538644,-0.17353240421662974,-0.2036073753441865,-0.14140908557091517,0.03125,0.19661458333333334,0.5422584351620886,False,False
landmark,2,4,7,-3.248359320662563,-3.248681727369675,-3.525912999619065,-2.9507581213107925,0.0,1.0,1.0,-0.30048016715799913,-0.30531169750681614,-0.34285539947653615,-0.26989960975177313,0.0,0.19661458333333334,1.1347510060912227,False,False
landmark,2,4,8,-0.6892612132377179,-0.639352527573601,-0.9444023089268505,-0.3444481443549447,0.3125,0.9899691964965314,1.0,-0.21305255247377777,-0.21771394136395836,-0.24756688739661856,-0.1888636478856496,0.0,0.19661458333333334,0.5499242283580539,False,False
landmark,2,4,9,-1.0805430860738068,-1.2580944542752284,-1.6728072010034265,-0.8462708539180214,0.21875,0.9997324736323208,1.0,0.15988171014643196,0.12418176700478298,0.06899165470759326,0.17419260830998884,0.75,0.19661458333333334,0.34405888127467715,False,False
landmark,2,4,10,-3.2766186014811916,-3.3030797065655237,-3.5691509411037265,-3.03778517911579,0.0,1.0,1.0,-0.052877190023631136,-0.07028166605826464,-0.09958497635992808,-0.03814389422551805,0.1875,0.19661458333333334,0.5592449628143056,False,False
landmark,2,4,11,-2.8258035845383285,-2.910953568857175,-3.181115011810982,-2.6532769339313456,0.0,1.0,1.0,-0.3154500006243707,-0.3336398767757326,-0.3728142683276401,-0.28975447761354417,0.03125,0.19661458333333334,1.2342938426505892,False,False
landmark,2,5,0,-6.390706226237196,-6.234700602277919,-6.63804048804707,-5.881871124981427,0.0,1.0,1.0,0.32084624069511986,0.2795424665610741,0.2145087392624927,0.3474119601960169,0.96875,0.03515625,1.3349781550891773,False,False
landmark,2,5,1,-3.2315963328558084,-3.0019275547958815,-3.3047290778396516,-2.6625942521593355,0.0,1.0,1.0,-0.1752041003912312,-0.12528407272939499,-0.21305147359547025,-0.04634817153615523,0.28125,0.03515625,1.6027829730157928,False,False
landmark,2,5,2,-3.222759565732768,-3.0489575620291784,-3.2838536097103255,-2.8410563350336107,0.0,1.0,1.0,-0.240854726125604,-0.17627916556913092,-0.2923504549397173,-0.064446428633729,0.3125,0.03515625,1.1466840249892072,False,False
landmark,2,5,3,-1.148889270417493,-1.0019973280116456,-1.2515288058794247,-0.7556831599056641,0.0625,0.9999999923165888,1.0,0.07000454438484163,0.07728716374009408,0.050600426980381655,0.10528003482370107,0.84375,0.03515625,0.29498433443183836,False,False
landmark,2,5,4,-2.3726166053488202,-2.3390188347267995,-2.487076151089981,-2.20422728449172,0.0,1.0,1.0,-0.1594165510313453,-0.1540774842554006,-0.19859204719909082,-0.10865332388764992,0.09375,0.03515625,0.5728621073537259,False,False
landmark,2,5,5,-3.077742300958449,-2.9522921680919465,-3.136584761618938,-2.7764949155831307,0.0,1.0,1.0,0.09050854179803597,0.09338589510824095,0.05997330610405954,0.12419509379863126,0.90625,0.03515625,0.510026822121006,False,False
landmark,2,5,6,-3.9583956611875815,-3.7315646343634614,-3.985011095121592,-3.44554762237219,0.0,1.0,1.0,-0.029157151513760964,-0.05921979720771397,-0.12203246333862826,-0.0009173753695698493,0.40625,0.03515625,0.9993175942805291,False,False
landmark,2,5,7,-3.7506128917211976,-3.7711156914224695,-4.175564588539009,-3.385492308779727,0.0,1.0,1.0,0.040596167503076624,0.027984404525280275,-0.011793657603635916,0.06623125051550753,0.65625,0.03515625,1.5936923359399893,False,False
landmark,2,5,8,-1.75048027927218,-1.6581849418967987,-1.9735116748910024,-1.3570921293213856,0.0625,0.9999999923165888,1.0,-0.13068544405529722,-0.13366073910222126,-0.1712387598951312,-0.09582863860653712,0.09375,0.03515625,0.6375382906265585,False,False
landmark,2,5,9,-5.565233710989929,-5.486989274264344,-5.742927200192866,-5.221753293412255,0.0,1.0,1.0,0.2983972897953434,0.3196728670684368,0.276193235211845,0.36163881198083525,1.0,0.03515625,1.0084243582920056,False,False
landmark,2,5,10,-3.095775892611428,-3.134213831177501,-3.4160110905005143,-2.8367487111100833,0.0,1.0,1.0,-0.12450662853301547,-0.13188383168929035,-0.17122019279535014,-0.09522707781146784,0.125,0.03515625,0.7089769896101448,False,False
landmark,2,5,11,-3.533241675302594,-3.4188900229307215,-3.616699466965902,-3.227161038763217,0.0,1.0,1.0,0.25855523258917323,0.24413730456145133,0.20080940415617873,0.28328514192676907,0.96875,0.03515625,1.000682405719471,False,False
landmark,2,6,0,-2.7441295062579423,-2.7620470960808907,-2.98005503757078,-2.525208100058311,0.0,1.0,1.0,-0.03310745675453916,-0.0253564915788011,-0.06969513943360141,0.01472125768532062,0.46875,0.07942708333333333,0.6588309295183594,False,False
landmark,2,6,1,-2.309233152287253,-2.291428770652362,-2.5320505111161298,-2.0355795961912238,0.0,1.0,1.0,0.012424070663607673,0.022598002487781006,-0.006434721527839095,0.05006104680588294,0.65625,0.07942708333333333,1.036296733883055,False,False
landmark,2,6,2,-4.40490100862683,-4.356039597282825,-4.583036114405429,-4.102493458468698,0.0,1.0,1.0,-0.5872453250592912,-0.5462650866454271,-0.6104903181117858,-0.4794995733214513,0.0,0.07942708333333333,1.2961092798375826,False,False
landmark,2,6,3,-1.6792634500874044,-1.7374094704579368,-1.9323796509293134,-1.549495009121271,0.0,1.0,1.0,-0.12728586543649545,-0.11469085879650394,-0.1596666599550214,-0.06765578983371386,0.1875,0.07942708333333333,0.5446812304360682,False,False
landmark,2,6,4,-3.382135196709311,-3.37117666423919,-3.6678530592803305,-3.0701407517133035,0.0,1.0,1.0,-0.10796063313620076,-0.10361543242959177,-0.16760389976197682,-0.03921712107702968,0.3125,0.07942708333333333,1.5084768341120744,False,False
landmark,2,6,5,-1.2909638649717932,-1.356117378518278,-1.543346021387805,-1.1832286489861321,0.0,1.0,1.0,0.15747439147291903,0.12188369405306626,0.09205095673218912,0.14959176485877979,0.96875,0.07942708333333333,1.1254069155826398,False,False
landmark,2,6,6,-1.228778123799738,-1.2818660000699018,-1.4955847536120186,-1.0845875025844705,0.0,1.0,1.0,-0.007546111262675568,-0.01748000955520663,-0.039590768517653814,0.004871052045057041,0.40625,0.07942708333333333,0.33587295617349505,False,False
landmark,2,6,7,-2.3104062867638095,-2.4267028337842227,-2.6845680588435594,-2.1393758808776986,0.0,1.0,1.0,-0.2151137466238993,-0.20843325801492663,-0.24636148712006412,-0.17389756577143167,0.0,0.07942708333333333,0.7146683923226405,False,False
landmark,2,6,8,-2.6204138930339607,-2.687834230900861,-2.8738886555262315,-2.4884438949773084,0.0,1.0,1.0,-0.0975564204011127,-0.10835573337823906,-0.14903982582159547,-0.07540441977786773,0.125,0.07942708333333333,1.1178274707706821,False,False
landmark,2,6,9,-2.937012972427894,-2.956251420379613,-3.2042088885387146,-2.7155971600640334,0.0,1.0,1.0,-0.1388729910614023,-0.1309493321092166,-0.18711873087151148,-0.07277488861546098,0.15625,0.07942708333333333,0.6390688691635629,False,False
landmark,2,6,10,-2.6505466168400895,-2.6748850663464085,-2.844521912990975,-2.501902136667589,0.0,1.0,1.0,-0.23012005069534575,-0.23935896271428805,-0.2810218869593106,-0.1964876149975586,0.03125,0.07942708333333333,0.963703266116945,False,False
landmark,2,6,11,-1.2686297788704737,-1.096350074668706,-1.3784260830314936,-0.7997358083101258,0.15625,0.9999903494026512,1.0,-0.6849989591205233,-0.6343329653658637,-0.7501179845512159,-0.511003709985533,0.0625,0.07942708333333333,1.554694801665709,False,False
landmark,2,7,0,-4.009512666720302,-4.1198548317629005,-4.464755470316519,-3.7753074563914772,0.0,1.0,1.0,-0.053024869742695324,-0.009551264553932619,-0.09039740575275006,0.07516730290629935,0.46875,0.0546875,1.1403704201598577,False,False
landmark,2,7,1,-5.383449737866526,-5.697784627840108,-6.022709333350978,-5.384263726111149,0.0,1.0,1.0,-0.058084018777154106,-0.05089417860306519,-0.11256790871442685,0.013351753443818073,0.4375,0.0546875,1.0288370472103072,False,False
landmark,2,7,2,-2.708242595580016,-2.790587647583555,-3.022484396060292,-2.5744313635244245,0.0,1.0,1.0,-0.11008306431150369,-0.10586622254832388,-0.12997807187144222,-0.08331229671356201,0.03125,0.0546875,0.5515118990942999,False,False
landmark,2,7,3,-3.8338520175631485,-3.6229524029619347,-4.012843473776154,-3.210236400897201,0.0,1.0,1.0,-0.04015221645838238,0.04923490184842312,-0.024782251747416505,0.12360993834075884,0.5,0.0546875,1.2702261385855973,False,False
landmark,2,7,4,-4.303386671646317,-4.316804132230382,-4.494044656358971,-4.131369547895165,0.0,1.0,1.0,0.038333478536435726,0.03302421416162303,-0.015921751698407354,0.07972312040114157,0.5625,0.0546875,0.9711629527896927,False,False
landmark,2,7,5,-3.117993733569061,-3.228234903569672,-3.455035332026498,-2.986042039201429,0.0,1.0,1.0,0.10714932511996841,0.08074609606000333,0.04375666185906536,0.11563651147269573,0.78125,0.0546875,1.5319728267712958,False,False
landmark,2,7,6,-3.1695768393565413,-3.203809373295173,-3.3492126512422096,-3.0511139294286065,0.0,1.0,1.0,-0.04983116535657782,-0.03612007350751543,-0.1099631980483763,0.03581993519901922,0.375,0.0546875,1.3300498685587623,False,False
landmark,2,7,7,-5.866348959947555,-5.951439380721052,-6.195735347615262,-5.70873391126587,0.0,1.0,1.0,0.3541448269736437,0.33717091716240766,0.2718797040556659,0.40286051521285005,0.96875,0.0546875,0.6799283556698377,False,False
landmark,2,7,8,-4.549890061655896,-4.590309288179364,-5.007930293509098,-4.210352348761136,0.0,1.0,1.0,0.002399560587049737,-0.004094219604243596,-0.08724460539862891,0.08023435096941475,0.46875,0.0546875,0.6165645390354687,False,False
landmark,2,7,9,-3.5220081207384344,-3.694429195227736,-3.980727654296846,-3.4241364030318504,0.0,1.0,1.0,0.09699718896716943,0.06126823156714803,0.010202037673672004,0.11124208123217366,0.625,0.0546875,0.9289330123563843,False,False
landmark,2,7,10,-1.8352862385923128,-1.8674360710451676,-2.022420283251296,-1.72476812823812,0.0,1.0,1.0,0.16382459401911442,0.1654237428183743,0.14419568147052386,0.18601950630843953,1.0,0.0546875,0.49369338089050363,False,False
landmark,2,7,11,-3.754271839570211,-3.8252205041413667,-4.041193413510898,-3.598404705134796,0.0,1.0,1.0,-0.0034031962599668335,-0.037351617043281785,-0.06221607212684496,-0.012878475419198492,0.25,0.0546875,1.5286690263441975,False,False
landmark,2,8,0,-4.698895408241101,-4.6064643502630105,-4.918977767392046,-4.274808115452287,0.0,1.0,1.0,-0.10710348607799185,-0.11516763598178556,-0.17583631238741443,-0.05083233948926881,0.21875,0.1484375,0.8107821962261481,False,False
landmark,2,8,1,-6.461437030943323,-6.417873564936818,-6.689558051967512,-6.140613477917368,0.0,1.0,1.0,0.1790326240697223,0.16670032866883594,0.11704723499013553,0.2194618312368152,0.90625,0.1484375,1.2297161860558259,False,False
landmark,2,8,2,-1.9434148429406268,-1.83645913902824,-2.0636085740147667,-1.6390216097148218,0.0,1.0,1.0,-0.04424339813730112,0.010009292359564232,-0.029360000360109044,0.050167585315956116,0.4375,0.1484375,0.433918688017362,False,False
landmark,2,8,3,-3.012826636233555,-3.076787544582773,-3.3062724777074455,-2.858068329608978,0.0,1.0,1.0,0.15571108848625392,0.1771975883683059,0.10524924870068064,0.2545764812216215,0.75,0.1484375,1.0490857905773046,False,False
landmark,2,8,4,-3.384604833122885,-3.3344339877171265,-3.71269468248227,-2.97036432811644,0.0,1.0,1.0,-0.21350063786731893,-0.22818606698114374,-0.33142369599833665,-0.12531968518302497,0.21875,0.1484375,1.2751153237992738,False,False
landmark,2,8,5,-4.74425693619282,-4.5871391826639965,-4.910960101041719,-4.2857535040605566,0.0,1.0,1.0,0.038665198625686945,0.027813964360838245,-0.07837265233940906,0.13197020652023944,0.5625,0.1484375,1.328250000909102,False,False
landmark,2,8,6,0.6116850396066403,0.6795430425934739,0.34584693678368406,0.9837901832196901,0.78125,0.0010512007866054773,0.25228818878531456,0.02131904776991337,0.016294298312579385,-0.010686057058151496,0.04718750877750941,0.59375,0.1484375,0.7501343367556483,False,False
landmark,2,8,7,-4.5576184892991165,-4.522902971277358,-4.797154787159437,-4.277472677531481,0.0,1.0,1.0,0.04625742240595407,0.036797480535521634,-0.00841096846023624,0.0784616354336376,0.59375,0.1484375,0.5772123814237474,False,False
landmark,2,8,8,-4.824373540094807,-4.806278187197778,-5.17296216738621,-4.445617630084791,0.0,1.0,1.0,0.033385463467182304,0.005796813353407315,-0.04260757022521288,0.04945819865403799,0.59375,0.1484375,0.9964987268044644,False,False
landmark,2,8,9,-2.345842428084222,-2.334059005412839,-2.54723738710428,-2.137570241798499,0.0,1.0,1.0,-0.06798758605182766,-0.046485276132254415,-0.07909213623124783,-0.013208626503950846,0.28125,0.1484375,0.4540982405295505,False,False
landmark,2,8,10,-4.1021147345229085,-4.080983686535777,-4.414366730637257,-3.747243277588964,0.0,1.0,1.0,0.09825083354212841,0.07678000907680192,-0.037991997226304565,0.18868865973405155,0.59375,0.1484375,1.0035012731955355,False,False
landmark,2,8,11,-7.16109492810347,-7.1176486805658605,-7.396157040243242,-6.808794469503539,0.0,1.0,1.0,0.2874490954576247,0.32711867498306657,0.2417689361347562,0.41693569786233375,0.90625,0.1484375,1.31423256111682,False,False
landmark,2,9,0,-3.153362737507778,-3.2643652032185395,-3.5621099232802482,-3.007363878623148,0.0,1.0,1.0,0.18367427931533786,0.20696385321200725,0.14145468066124267,0.2769181305067653,0.875,0.033854166666666664,1.0608610453507579,False,False
landmark,2,9,1,-1.6442851594932915,-1.6810944731036113,-1.9233870958119015,-1.4617265713613996,0.0,1.0,1.0,0.03824378597919892,0.032716043184216954,-0.007437275099996654,0.07478589877764294,0.59375,0.033854166666666664,0.3966801322068119,False,False
landmark,2,9,2,-2.0779356750760476,-2.0850157887851095,-2.401145135125889,-1.7788538257320032,0.0,1.0,1.0,0.05354227588010696,0.05282215695162829,0.025307740035712883,0.07972294087591422,0.75,0.033854166666666664,1.5190053525186142,False,False
landmark,2,9,3,-3.29406181422207,-3.2694944230494087,-3.652162152574119,-2.8794843859825194,0.0,1.0,1.0,-0.26953720499080025,-0.28220089315728414,-0.33905228559070383,-0.22329469900955526,0.0,0.033854166666666664,1.2193720098414231,False,False
landmark,2,9,4,-3.324669362489563,-3.3008089297291785,-3.5473269791052155,-3.0635433559334717,0.0,1.0,1.0,0.13307973669816694,0.12991930712241007,0.06099939676141676,0.19326639192856837,0.71875,0.033854166666666664,0.6480488789926933,False,False
landmark,2,9,5,-2.0117713561686412,-2.0095350843318394,-2.2189326220102754,-1.792380294670189,0.0,1.0,1.0,0.06942653882009811,0.08730902789084613,0.06565274686895549,0.10857249212855218,0.9375,0.033854166666666664,0.8422388217756898,False,False
landmark,2,9,6,-3.2765847249704003,-3.2782456350476226,-3.667909179647384,-2.8772736033903956,0.0,1.0,1.0,-0.29066513657268556,-0.28825519844464514,-0.3554313169772081,-0.22484556556339708,0.03125,0.033854166666666664,2.1634477865849044,False,False
landmark,2,9,7,-4.647766188755871,-4.581699770377444,-4.79632234890309,-4.383121328335399,0.0,1.0,1.0,0.14183670507097715,0.134309647478901,0.09145481930224843,0.17884129974246468,0.78125,0.033854166666666664,0.8095951315387254,False,False
landmark,2,9,8,-4.09424317775478,-4.043688797163822,-4.34696475508113,-3.776284453750587,0.0,1.0,1.0,-0.09746987334630798,-0.0951860862394263,-0.17498441911694165,-0.0043604737965797025,0.40625,0.033854166666666664,2.0245522833559826,False,False
landmark,2,9,9,-3.9590942137947174,-4.069897345277738,-4.31972951696485,-3.806506814728202,0.0,1.0,1.0,0.15122859426812715,0.13230844172783396,0.05077971267964648,0.20276356168571386,0.6875,0.033854166666666664,0.939138954649242,False,False
landmark,2,9,10,-3.625442234426758,-3.6049081108805603,-3.8901230089462193,-3.3490050831055207,0.0,1.0,1.0,0.1485383606850491,0.14502957608076245,0.1103682738953775,0.18068785564166576,0.9375,0.033854166666666664,2.5860857868193694,False,False
landmark,2,9,11,-1.7873202131816608,-1.7434170891289362,-2.009406538523121,-1.5071365970729924,0.0,1.0,1.0,-0.11936399181577602,-0.12098844292137975,-0.16417445806342892,-0.08042476709321432,0.15625,0.033854166666666664,0.756527185200055,False,False
landmark,2,10,0,-4.293481279400428,-4.171232174404215,-4.383556049956923,-3.989777704811499,0.0,1.0,1.0,0.25373703220853167,0.2298147602407823,0.1720283897769008,0.288630818978524,0.96875,0.0,0.5899224998083342,False,False
landmark,2,10,1,-3.232259490051799,-3.4113835758228737,-3.703978084063761,-3.0953761534434237,0.0,1.0,1.0,-0.14285738096518746,-0.20334182766788825,-0.2610130443502982,-0.14517370865214993,0.09375,0.0,0.9939583211468397,False,False
landmark,2,10,2,-3.158318889704527,-3.055450393901091,-3.210886902606338,-2.9054785631963163,0.0,1.0,1.0,-0.1272222424754551,-0.10786207196286549,-0.13342658765947174,-0.07834087771688585,0.0625,0.0,1.00604167885316,False,False
landmark,2,10,3,-3.268715965830263,-3.2217893039451466,-3.4993613398279173,-2.9483019101969385,0.0,1.0,1.0,-0.07031512228890022,-0.03126206685423875,-0.0716202008659938,0.008694470025988972,0.40625,0.0,0.5972751511702542,False,False
landmark,2,10,4,-1.9943886786386287,-2.021550775244516,-2.2792200754323164,-1.7707565078573568,0.0,1.0,1.0,-0.017684895438357134,-0.027144128034218572,-0.049262935113145674,-0.004382691388742095,0.34375,0.0,1.8691910654584805,False,False
landmark,2,10,5,-2.754178598327643,-2.713635953953473,-2.94733521800292,-2.4875505217426754,0.0,1.0,1.0,-0.13872761195761713,-0.11040456254692002,-0.15460627964259116,-0.06010901831835678,0.25,0.0,1.4948218227518457,False,False
landmark,2,10,6,-3.1936261725254265,-3.0013148512747856,-3.1928536135007892,-2.8161615714987334,0.0,1.0,1.0,-0.06984499883808443,-0.03806883913747442,-0.0726761465513625,-0.0011378148619400202,0.28125,0.0,0.4881817840696279,False,False
landmark,2,10,7,-1.829870681598882,-1.7355637713247942,-1.8822554306437684,-1.5911021732905763,0.0,1.0,1.0,-0.02783466571698033,-0.025670503344156208,-0.04213079377479825,-0.009739628999603824,0.3125,0.0,0.3706412574062384,False,False
landmark,2,10,8,-1.8686005714156528,-1.7572904646053122,-1.9435289558279931,-1.5623567133874794,0.0,1.0,1.0,-0.014597003579480582,0.007072289670187158,-0.014504298464465906,0.026960233139389205,0.59375,0.0,0.21606470905022124,False,False
landmark,2,10,9,-2.9812927237367086,-2.853891507286604,-3.0882015844640276,-2.6129365622624974,0.0,1.0,1.0,-0.03238214106175924,-0.03106807368660911,-0.07675426511942589,0.016083206956837206,0.375,0.0,1.439771357123889,False,False
landmark,2,10,10,-3.7838521626075,-3.8242645593796363,-4.079307148299285,-3.572638194532865,0.0,1.0,1.0,-0.3061421161763217,-0.3074994615677779,-0.37369905427808875,-0.24032266949938108,0.03125,0.0,1.161895206804623,False,False
landmark,2,10,11,-4.296987309986073,-4.240993574744189,-4.4012489242180415,-4.070630518722319,0.0,1.0,1.0,0.18714815731941736,0.17657450930729807,0.13439233321926,0.21941491274859634,0.96875,0.0,1.4846409338556035,False,False
landmark,2,11,0,-3.517145221886735,-3.5213031180808763,-3.719377157503575,-3.3292290748055993,0.0,1.0,1.0,-0.04424189425663794,-0.027595496290873614,-0.07136208335956143,0.016627480227323917,0.375,0.024739583333333332,1.501561691662007,False,False
landmark,2,11,1,-3.3299332335087213,-3.4107399453715255,-3.732400089249773,-3.075648111945983,0.0,1.0,1.0,0.09813914095489043,0.08528102448920695,0.02446266495911708,0.1461531419251853,0.625,0.024739583333333332,1.268016673751588,False,False
landmark,2,11,2,-2.7612191437685043,-2.728254841741741,-2.9269096225152187,-2.5386550708214903,0.0,1.0,1.0,0.09949791070313904,0.09252996543259212,0.06122671446883944,0.121593100273938,0.78125,0.024739583333333332,1.0159747509578625,False,False
landmark,2,11,3,-4.2038269323539055,-4.086173993590918,-4.360143860160977,-3.794957274473098,0.0,1.0,1.0,0.06608704716020464,0.12379727945375742,0.07136048486081331,0.1743283919604454,0.78125,0.024739583333333332,0.9840252490421373,False,False
landmark,2,11,4,-3.56063039486604,-3.467401554113743,-3.6671879428649348,-3.260487113599082,0.0,1.0,1.0,0.041671896114996825,0.032216791509805706,-0.03207426126473698,0.09684893744670335,0.5,0.024739583333333332,2.845013999638321,False,False
landmark,2,11,5,-3.7692047913437223,-3.6162362563856005,-3.7869804774349864,-3.4259882766103376,0.0,1.0,1.0,-0.039924237439825,-0.0407936681486616,-0.07213411577704648,-0.007959319698684342,0.34375,0.024739583333333332,0.9151322878639616,False,False
landmark,2,11,6,-3.2899226046743975,-3.374484727434802,-3.6298535808099808,-3.108782395286245,0.0,1.0,1.0,0.03004847733931877,0.009766966870723079,-0.029393948976949653,0.04971064114493581,0.53125,0.024739583333333332,1.2818411730580146,False,False
landmark,2,11,7,-3.3260022789863153,-3.3780794989337526,-3.5938196293185105,-3.166201155637365,0.0,1.0,1.0,0.2436845256661907,0.22958486584705567,0.19520518453763658,0.26266662275298774,1.0,0.024739583333333332,1.245667986243389,False,False
landmark,2,11,8,-2.2810939264765357,-2.158594064824362,-2.371801504462091,-1.9556555482588989,0.0,1.0,1.0,-0.08041152627601661,-0.09785975348598175,-0.12576479394402393,-0.07168853586695792,0.09375,0.024739583333333332,0.3493657850842532,False,False
landmark,2,11,9,-4.243753396796993,-3.916718538002124,-4.438747391187741,-3.3566145528708216,0.03125,0.9999999997671694,1.0,-0.060435380332769184,0.016718621006047266,-0.052431045570005545,0.08237161345579977,0.5625,0.024739583333333332,0.7470472722851935,False,False
landmark,2,11,10,-1.5135185801281374,-1.486471258850972,-1.6820829466829557,-1.2975002985856938,0.03125,0.9999999997671694,1.0,0.006552033408481913,0.012647341247345727,-0.0073219674954459095,0.03276140241287058,0.59375,0.024739583333333332,0.6967696216172785,False,False
landmark,2,11,11,-2.1860481961005997,-2.135163423659456,-2.3033931930557734,-1.950519742748425,0.0,1.0,1.0,-0.00716154046685831,0.0021330119136585973,-0.019222322929697864,0.02263707723458061,0.5,0.024739583333333332,0.5977919282697388,False,False
landmark,2,12,0,-4.951540716892004,-4.917673757800995,-5.181363413619508,-4.640460499156361,0.0,1.0,1.0,0.12026540845105214,0.08961195243616653,0.002219255521702705,0.1702224070327098,0.71875,0.009114583333333334,1.8185395629529935,False,False
landmark,2,12,1,-3.357278063897721,-3.3159536689354554,-3.524161991149275,-3.1277067815370048,0.0,1.0,1.0,0.08956874726828473,0.05862698904750935,0.01511586335494336,0.10264712505216264,0.71875,0.009114583333333334,1.319314987732098,False,False
landmark,2,12,2,-5.033309430748204,-4.795001708510503,-5.192796158675476,-4.419052482954739,0.0,1.0,1.0,0.01158081618014806,-0.03347444366656516,-0.1604597897076552,0.0879414545862483,0.375,0.009114583333333334,0.986493951746415,False,False
landmark,2,12,3,-1.8937966227903473,-1.8420423907147412,-2.0139551387335275,-1.6755922680421809,0.0,1.0,1.0,0.03542714446048727,0.029303724238083986,-0.003551701977619343,0.06193606250267041,0.6875,0.009114583333333334,0.4230443959732112,False,False
landmark,2,12,4,-2.258295180382664,-2.2008553368175114,-2.400119983229041,-2.0207108781236256,0.0,1.0,1.0,0.01687222328506881,-0.003827910106125775,-0.04110632290960739,0.030741063323069733,0.53125,0.009114583333333334,0.7791561043326607,False,False
landmark,2,12,5,-1.8660255880773295,-1.7852325854022375,-1.9814054566650456,-1.5784290691587743,0.0,1.0,1.0,0.12095563740059923,0.12928943100426232,0.10126452532733912,0.15771250692413488,0.96875,0.009114583333333334,0.6665274146542587,False,False
landmark,2,12,6,-5.676440701480878,-5.633499293667137,-5.92440387815666,-5.35672328525434,0.0,1.0,1.0,0.1291987606204328,0.10919089633969162,0.040355419344878025,0.17606772533759646,0.75,0.009114583333333334,1.013506048253585,False,False
landmark,2,12,7,-5.492085532176055,-5.282460089551212,-5.47107770856935,-5.070034051583286,0.0,1.0,1.0,0.2690058031860839,0.3096586451970947,0.2388424506466155,0.3842405697625296,0.96875,0.009114583333333334,1.4898927808506175,False,False
landmark,2,12,8,-4.850960159594795,-4.846933442157438,-5.075387740665056,-4.628543695235587,0.0,1.0,1.0,0.5667815156345184,0.5663160449855366,0.4421037424715119,0.6959481982208051,0.96875,0.009114583333333334,0.9273549932339307,False,False
landmark,2,12,9,-5.175142590672692,-5.188812786393884,-5.48264379395294,-4.897492469908281,0.0,1.0,1.0,0.03780903719243206,0.052768353118322994,-0.000870439055664874,0.1103886336464516,0.59375,0.009114583333333334,0.5064389324560137,False,False
landmark,2,12,10,-3.7513959136048065,-3.387772792302454,-3.5892518391442705,-3.1994297578965565,0.0,1.0,1.0,-0.12709181957420662,-0.070197516672362,-0.14351719548014796,0.01214509676097335,0.3125,0.009114583333333334,1.0678352909005657,False,False
landmark,2,12,11,-4.085870553782138,-4.132014078483053,-4.402895373947606,-3.8522538054066735,0.0,1.0,1.0,0.19141670262064958,0.19282704104072423,0.13377568860576244,0.25477936673828666,0.875,0.009114583333333334,1.0635631838495156,False,False
landmark,2,13,0,-2.6382281200501696,-2.627327794412823,-2.8649135585333676,-2.386408315066492,0.0,1.0,1.0,0.022902553219136614,0.006894956796690631,-0.03290516525445262,0.04700034502712909,0.5625,0.06380208333333333,1.2877565314140773,False,False
landmark,2,13,1,-3.630732848428962,-3.7130735309540226,-3.958397340447984,-3.503902192329274,0.0,1.0,1.0,-0.12047795872377572,-0.14202502757713326,-0.18876267402714975,-0.0954146414220493,0.1875,0.06380208333333333,0.7773218745172973,False,False
landmark,2,13,2,-2.6277193325271075,-2.458024289958002,-2.640505701407607,-2.2750817645324277,0.0,1.0,1.0,-0.04777278723171208,-0.014747418783809467,-0.05406823976009916,0.025605807352679272,0.4375,0.06380208333333333,1.205101158153245,False,False
landmark,2,13,3,-2.3053137950934395,-2.198021292174479,-2.3562115033174345,-2.026144795353059,0.0,1.0,1.0,0.15176801445714785,0.1430680582719227,0.11781360519879526,0.1706130113260888,0.96875,0.06380208333333333,0.5177452569167206,False,False
landmark,2,13,4,-2.1838839684221822,-2.0686002662482044,-2.2173436833449154,-1.9133200527151117,0.0,1.0,1.0,0.13573899639264203,0.1381987061186684,0.11251799862867583,0.16594954251526067,0.96875,0.06380208333333333,0.7150554728739859,False,False
landmark,2,13,5,-3.2738731594376613,-3.347034961068188,-3.6197455978433313,-3.0846018941327955,0.0,1.0,1.0,0.10384592872896758,0.04301818653149516,-0.02110669959222215,0.10299625588281733,0.6875,0.06380208333333333,1.6249722525999128,False,False
landmark,2,13,6,-2.511179332506029,-2.401974809473924,-2.5818237304220886,-2.242744776311052,0.0,1.0,1.0,0.12152243472959837,0.10716676340292036,0.07721113495611552,0.13744999377673303,0.875,0.06380208333333333,0.9638336776411429,False,False
landmark,2,13,7,-3.235825495878,-3.3240722188788983,-3.5431114154590895,-3.0860254996385486,0.0,1.0,1.0,0.140787893851485,0.11688129330791794,0.06799384904526763,0.16431742796600798,0.875,0.06380208333333333,1.0361663223588569,False,False
landmark,2,13,8,-3.418800462718334,-3.316518528324198,-3.5484309956242193,-3.1014615603920106,0.0,1.0,1.0,-0.02707499557219814,-0.02190980069529433,-0.05398247783206041,0.0074128031850877706,0.46875,0.06380208333333333,0.542864284012905,False,False
landmark,2,13,9,-3.824376089859589,-3.8130733191313677,-4.046429362483315,-3.5863072838692367,0.0,1.0,1.0,0.06952906127455685,0.01571554498008418,-0.04258229913725839,0.07529363163034404,0.53125,0.06380208333333333,1.0930606800645417,False,False
landmark,2,13,10,-2.3426384535137688,-2.248951409522759,-2.4388055154722736,-2.051538233268864,0.0,1.0,1.0,0.03843622397490809,0.05879785492642697,0.03551628581215128,0.0805797436084767,0.8125,0.06380208333333333,0.948538479979649,False,False
landmark,2,13,11,-3.6199619600447566,-3.5001938738247897,-3.670593624828095,-3.3412959964938147,0.0,1.0,1.0,0.2219003581936369,0.22054765295440457,0.16232073658899535,0.280081271563063,0.96875,0.06380208333333333,1.8471823049935123,False,False
landmark,2,14,0,-4.404775747437322,-4.14010617237775,-4.423307797925823,-3.85085398394238,0.0,1.0,1.0,0.17198346182005153,0.16155672546028998,0.08688378165452755,0.24990441209219139,0.71875,0.009114583333333334,1.110863067525991,False,False
landmark,2,14,1,-3.7858255338698537,-3.774394857012875,-3.933375459810069,-3.614191595226989,0.0,1.0,1.0,0.01830878521085786,-0.004517738081340733,-0.058529459610509836,0.04249592012668951,0.5625,0.009114583333333334,1.14320907111527,False,False
landmark,2,14,2,-2.8981725292402527,-2.9734072920869754,-3.1535663380366645,-2.7836116715404757,0.0,1.0,1.0,-0.028150381470261478,-0.05884476376565277,-0.09093681747517694,-0.02722582597165853,0.21875,0.009114583333333334,0.6616758202662559,False,False
landmark,2,14,3,-5.029276998940697,-4.96361280732193,-5.107094294080357,-4.822467551453853,0.0,1.0,1.0,0.1994061677955023,0.18969330251844607,0.13784776858538833,0.2384275027304487,0.875,0.009114583333333334,0.9698622611880486,False,False
landmark,2,14,4,-4.418199289988333,-4.126202303466,-4.462532383249292,-3.781960256949098,0.0,1.0,1.0,0.12878336168087987,0.17718667309156394,0.07408151294245845,0.2776303956953558,0.71875,0.009114583333333334,1.0301377388119513,False,False
landmark,2,14,5,-4.89778710622097,-4.764228686367486,-5.09601057347953,-4.405174443789326,0.0,1.0,1.0,0.14099532009316962,0.14486593324077093,0.06408079071361582,0.22678408973959405,0.71875,0.009114583333333334,0.7849081169406461,False,False
landmark,2,14,6,-2.8114356862023597,-2.7685251433554603,-2.8970572894546645,-2.646546361144344,0.0,1.0,1.0,-0.03175205900460179,-0.04752792059656328,-0.06944769824026552,-0.026471926954954643,0.25,0.009114583333333334,0.4259969630258808,False,False
landmark,2,14,7,-3.5809102267590034,-3.503263817575838,-3.6492773582075304,-3.358097375378912,0.0,1.0,1.0,0.06663493332163814,0.063718566444208,0.025740576857853806,0.10604378003376846,0.71875,0.009114583333333334,0.8772665638501969,False,False
landmark,2,14,8,-5.024588985987623,-4.825787309117945,-5.087806619150553,-4.594104121656513,0.0,1.0,1.0,0.09340911582471303,0.07565191798485635,-0.019756534627973894,0.1683949553449709,0.65625,0.009114583333333334,1.2591400408133773,False,False
landmark,2,14,9,-2.185932009833248,-2.140931676751943,-2.2639169775403243,-2.0144456795316823,0.0,1.0,1.0,0.13975033001596196,0.14320544541218672,0.12053371650666367,0.16368604108470056,1.0,0.009114583333333334,0.7777375949405083,False,False
landmark,2,14,10,-5.154952041599529,-5.011448897177932,-5.143771723375853,-4.881811388154531,0.0,1.0,1.0,-0.06012115604041485,-0.039843018173189554,-0.09668596068709817,0.015707518490176858,0.375,0.009114583333333334,1.0360344496253124,False,False
landmark,2,14,11,-3.0836671676507112,-3.1074072975576614,-3.298431123723234,-2.9174610384486424,0.0,1.0,1.0,0.04823556252222283,0.030031359258512275,0.004005078355313251,0.053083709982682206,0.71875,0.009114583333333334,1.5466603796792653,False,False
landmark,2,15,0,-2.579482975421948,-2.6154201498496796,-2.779462337251718,-2.4518334937014354,0.0,1.0,1.0,0.07233765155594805,0.06649213293284932,0.04389359554178247,0.09001760744111349,0.84375,0.03125,0.942033167795205,False,False
landmark,2,15,1,-2.9984049744430132,-3.1170161271720005,-3.395280761593456,-2.8387998454821144,0.0,1.0,1.0,0.19326679413775982,0.1420762674918754,0.09038152345678908,0.19218684439858386,0.84375,0.03125,1.6451367555909826,False,False
landmark,2,15,2,-3.002215642385467,-3.179382664060328,-3.4108298086848365,-2.939883446502792,0.0,1.0,1.0,-0.03963932343908204,-0.08475754109908602,-0.1384644533306878,-0.03399847864083638,0.25,0.03125,1.5056907327423967,False,False
landmark,2,15,3,-2.3264277444433943,-2.3339042942668295,-2.471671416730492,-2.1953908490301464,0.0,1.0,1.0,-0.0678481196501929,-0.03837714433919944,-0.07731196001303142,-0.0014723640753543708,0.375,0.03125,1.057966832204795,False,False
landmark,2,15,4,-3.5237164733145527,-3.6594074067810607,-3.9009907876625496,-3.4199907323346204,0.0,1.0,1.0,0.14897295939592237,0.11131112154776518,0.046537531933177154,0.16545924596883713,0.8125,0.03125,1.4813951860545171,False,False
landmark,2,15,5,-3.278978953771425,-3.3961111549419902,-3.563527088235053,-3.23579228654661,0.0,1.0,1.0,0.05665045924124355,0.05005363461878706,0.02581572268077259,0.07643512333301689,0.6875,0.03125,1.5530717177538975,False,False
landmark,2,15,6,-2.139178666935941,-2.2306246799559784,-2.374448959896735,-2.0990569405946933,0.0,1.0,1.0,-0.028960008915013432,-0.0461045874671508,-0.07000947664489117,-0.020874478757820076,0.25,0.03125,0.7110679179252901,False,False
landmark,2,15,7,-2.4603436006904893,-2.489793289368098,-2.640095695073018,-2.3302748426832247,0.0,1.0,1.0,-0.11900216067665795,-0.12163782266000348,-0.14820186762317816,-0.0991013091899347,0.03125,0.03125,1.3988658080455274,False,False
landmark,2,15,8,-3.877766077138766,-3.638417335495851,-3.885158812477413,-3.3664970070091487,0.0,1.0,1.0,-0.022280413913214614,-0.023199623088776593,-0.05353009127759886,0.005680688395318311,0.375,0.03125,0.674388563341301,False,False
landmark,2,15,9,-2.4657457384339736,-2.5109376240769787,-2.6864863569067117,-2.3050951733692333,0.0,1.0,1.0,0.08605113450098556,0.06775318749441842,0.037475360940769975,0.09850028377813186,0.78125,0.03125,0.7977395670164587,False,False
landmark,2,15,10,-2.744345357355928,-2.801289956865257,-2.9429820917176723,-2.6592911555738885,0.0,1.0,1.0,-0.11280736921117665,-0.1174774207686135,-0.14689166918619687,-0.0886206365180802,0.0625,0.03125,0.7549088410012409,False,False
landmark,2,15,11,-3.9012385690304923,-3.780041207338713,-3.9236354461569736,-3.6280116823884203,0.0,1.0,1.0,0.02883154441240035,0.03322534948758907,-0.013061039359044938,0.07813288721412408,0.53125,0.03125,0.4833309219362287,False,False
landmark,2,16,0,-4.832121399280867,-4.877954717357467,-5.213752327480805,-4.505395888152453,0.0,1.0,1.0,-0.06598726443976397,-0.12131704355293027,-0.18550744323561782,-0.059766376400784256,0.25,0.05729166666666667,1.271446030266253,False,False
landmark,2,16,1,-2.532136452824419,-2.4517301055609773,-2.685286023131978,-2.224608867778666,0.0,1.0,1.0,-0.21375842386725585,-0.18312757735542112,-0.22843501448383344,-0.13910340894021556,0.0625,0.05729166666666667,0.7277998411553795,False,False
landmark,2,16,2,-5.961437178218449,-5.640174349906262,-6.025496434312275,-5.281209047478375,0.0,1.0,1.0,-0.14388210076747188,-0.1318304243718036,-0.24224014477899367,-0.030474442752625584,0.3125,0.05729166666666667,2.1714294349556993,False,False
landmark,2,16,3,-2.045466556187829,-2.0353529632283234,-2.222382273811593,-1.8453664918411197,0.0,1.0,1.0,-0.006979220701414142,-0.013090405721422175,-0.050299617311715644,0.01976453981425226,0.375,0.05729166666666667,0.949611997455541,False,False
landmark,2,16,4,-3.596187777555525,-3.6292157503061535,-3.9554114496560895,-3.3257099695001457,0.0,1.0,1.0,0.16027398990504832,0.15704540500619904,0.12335051164134335,0.18854447431194438,0.9375,0.05729166666666667,1.2167346182826264,False,False
landmark,2,16,5,-4.460794441822625,-4.327607672437052,-4.575187303498978,-4.088881369952048,0.0,1.0,1.0,-0.0924652886170961,-0.10700875247322544,-0.15336007439972155,-0.060703154400501266,0.21875,0.05729166666666667,0.6552079228381996,False,False
landmark,2,16,6,-4.039504688980611,-3.9408383816837627,-4.1598135613384635,-3.7103016758240166,0.0,1.0,1.0,0.08461240363951412,0.06491796524219441,-0.004723294119944968,0.13508151310879726,0.625,0.05729166666666667,1.6524790016551463,False,False
landmark,2,16,7,-2.4833904378939136,-2.530962638455607,-2.740004930629829,-2.3245831094002223,0.0,1.0,1.0,-0.03419840742209218,-0.02083015226476191,-0.047966874691594885,0.005437085753886899,0.34375,0.05729166666666667,0.8766828020283802,False,False
landmark,2,16,8,-4.144387080578888,-4.009233204096526,-4.1819228988196935,-3.8295720762410683,0.0,1.0,1.0,-0.03322215277027325,-0.03566429141592556,-0.07384430607905824,0.0016272531585195332,0.375,0.05729166666666667,0.9024961303525485,False,False
landmark,2,16,9,-6.549908642709227,-6.279691447636152,-6.5877887548462875,-5.944034903194292,0.0,1.0,1.0,-0.032728320475751624,-0.038070714943556724,-0.1041035418373185,0.02652723956949997,0.4375,0.05729166666666667,1.34617411524983,False,False
landmark,2,16,10,-2.292911524860151,-2.298058352266813,-2.4940870522610594,-2.093776300392028,0.0,1.0,1.0,-0.05953449241784391,-0.06564110751660382,-0.0917029176377771,-0.03890469704783905,0.21875,0.05729166666666667,1.050388002544459,False,False
landmark,2,16,11,-2.2612025333831403,-2.386885866045287,-2.617438519115993,-2.1784690007409986,0.0,1.0,1.0,0.048525555478541024,0.05462368022220467,0.021305369325029293,0.08631976986777662,0.75,0.05729166666666667,0.14552203121169163,False,False
landmark,2,17,0,-3.658894312863394,-3.795088033707303,-4.152326272833441,-3.4199025534653558,0.0,1.0,1.0,-0.02624746404498825,-0.03892373374801747,-0.08118671055676813,0.0009444594004954839,0.40625,0.04817708333333333,0.834031937257172,False,False
landmark,2,17,1,-3.5183553237335286,-3.4244809845520336,-3.630894107079051,-3.2400291408785082,0.0,1.0,1.0,-0.003845513953688963,-0.04360235437773531,-0.09159052970528592,0.0055901777925750655,0.28125,0.04817708333333333,2.442192334136634,False,False
landmark,2,17,2,-3.118376315898151,-2.937896087113474,-3.1872514337520577,-2.699997422584516,0.0,1.0,1.0,0.053665935948761886,0.04793454053061371,0.011984362186367,0.08608263259902957,0.625,0.04817708333333333,0.5854025827723905,False,False
landmark,2,17,3,-4.513605629580255,-4.584557469125727,-4.988480202015037,-4.208328883335734,0.0,1.0,1.0,0.2806565684389965,0.23295681245972671,0.17878336056874589,0.29151061064754186,1.0,0.04817708333333333,1.0543412682507316,False,False
landmark,2,17,4,-2.963014116968745,-2.9441366756889242,-3.216785259458491,-2.6706243668121656,0.0,1.0,1.0,-0.011553472945980376,-0.01800242911535674,-0.03755497184572064,0.0014820869617062952,0.3125,0.04817708333333333,0.7082711139358533,False,False
landmark,2,17,5,-4.43658344978147,-4.419884681714018,-4.766732216380718,-4.128840791906978,0.0,1.0,1.0,0.21818535552414273,0.18256057372158951,0.1345167981506439,0.22545904954200713,0.90625,0.04817708333333333,0.9585621507903348,False,False
landmark,2,17,6,-3.4876649386520233,-3.5258027120941318,-3.9086489040944508,-3.1599814781094397,0.0,1.0,1.0,-0.02142317013736042,-0.03904439630674775,-0.08371222071326552,0.006768000171388909,0.375,0.04817708333333333,1.041437849209665,False,False
landmark,2,17,7,-5.922292710999617,-5.71039109116041,-6.22837860026419,-5.173096200780987,0.0,1.0,1.0,0.14655438956660524,0.0960325225536717,0.052137113009322354,0.13799309278146418,0.84375,0.04817708333333333,1.119126675439748,False,False
landmark,2,17,8,-5.609962944034651,-5.523857644467128,-5.963760186710235,-5.165720203246081,0.0,1.0,1.0,0.5041963237406218,0.46690512259796724,0.3947747521999161,0.533186050092475,1.0,0.04817708333333333,1.263478321026713,False,False
landmark,2,17,9,-2.4966679120303663,-2.351940158342653,-2.5552858441724333,-2.1421206340795065,0.0,1.0,1.0,-0.16156361512787715,-0.13572887221981053,-0.16748656164379194,-0.10197469291714215,0.03125,0.04817708333333333,1.2320670703434675,False,False
landmark,2,17,10,-5.182352356066531,-5.173745058891601,-5.541140853964607,-4.784013769650979,0.0,1.0,1.0,0.1133748740897583,0.07485679202332424,0.01899674620981942,0.1393876572730745,0.75,0.04817708333333333,0.737419642504163,False,False
landmark,2,17,11,-2.6862490203489475,-2.6847777229321093,-2.9435368602317222,-2.391661560360302,0.0,1.0,1.0,-0.0956367071394991,-0.07957798804159069,-0.11142956940962319,-0.04343514233621804,0.21875,0.04817708333333333,0.6367390229810522,False,False
landmark,2,18,0,-2.3252512982568243,-2.3557696779263813,-2.572729295574875,-2.08375188813659,0.0,1.0,1.0,0.008183819081217692,-0.020319738893987867,-0.05564629496896606,0.01111397724559742,0.46875,0.048177083333333336,0.08572490903486576,False,False
landmark,2,18,1,-5.168672469854209,-5.309525879421884,-5.80139824974807,-4.774704692560296,0.0,1.0,1.0,-0.0043679094259943575,-0.05223149725841916,-0.12249464001205905,0.013510554662699362,0.46875,0.048177083333333336,1.9184134701826325,False,False
landmark,2,18,2,-5.0497695724311225,-5.103182433133924,-5.48956752073469,-4.6778861696480405,0.0,1.0,1.0,-0.0007711405683869244,-0.052206567206363796,-0.1366730865191212,0.021787604470715413,0.53125,0.048177083333333336,1.5508535331193734,False,False
landmark,2,18,3,-5.171413437586943,-5.258684532867626,-5.764504448801134,-4.751261212630733,0.0,1.0,1.0,-0.0050281881395635546,-0.014711494822804844,-0.07936573341518226,0.04797355700263381,0.5625,0.048177083333333336,1.0317272956726258,False,False
landmark,2,18,4,-3.1889709276238962,-3.2302272129734435,-3.479034128027211,-2.9477948835698253,0.0,1.0,1.0,-0.02581015464125451,-0.046550905222787396,-0.08497431715295489,-0.00298826821921393,0.375,0.048177083333333336,0.9682727043273743,False,False
landmark,2,18,5,-4.647759038213499,-4.715414355852526,-5.063824851499869,-4.314331673346145,0.0,1.0,1.0,0.05335946178006694,0.027643121906608434,-0.04140453107350891,0.09069514754604528,0.6875,0.048177083333333336,1.4627108181658648,False,False
landmark,2,18,6,-4.603344226598517,-4.665622276909973,-5.032661840346768,-4.299181766155996,0.0,1.0,1.0,-0.021703431067257355,-0.048103694509238695,-0.09952041917637007,7.905699634215152e-05,0.40625,0.048177083333333336,0.7896341505759232,False,False
landmark,2,18,7,-4.316047164060147,-4.494774909073209,-4.97903784117003,-3.975871018285791,0.0,1.0,1.0,-0.021541557516251694,-0.03514176794967818,-0.07940812603108845,0.013070463504956413,0.5,0.048177083333333336,0.7461279694089399,False,False
landmark,2,18,8,-5.074269524176268,-5.061172597721206,-5.428169250063276,-4.663689861671693,0.0,1.0,1.0,0.0015928857833129723,-0.043835819835966974,-0.1100582602676781,0.017658554231389314,0.5,0.048177083333333336,1.7073068279351789,False,False
landmark,2,18,9,-1.4887704264821533,-1.538699571239675,-1.7910847974842508,-1.2959814039419255,0.0,1.0,1.0,0.0854263170091098,0.07959264606821255,0.05854425280720621,0.10207721998758684,0.9375,0.048177083333333336,0.317550560230132,False,False
landmark,2,18,10,-4.575685677323972,-4.656463130393416,-5.101663378074524,-4.190590917735785,0.0,1.0,1.0,-0.046381854536641204,-0.09692752034500543,-0.15996490501730148,-0.03807659362638575,0.3125,0.048177083333333336,1.2871645884671195,False,False
landmark,2,18,11,-3.7174601062529478,-4.007999599240277,-4.365236427220807,-3.6147488011387194,0.0,1.0,1.0,-0.042978201522430155,-0.058262981952548594,-0.10364283843156061,-0.011619250174462829,0.375,0.048177083333333336,0.558216390839874,False,False
landmark,2,19,0,-1.8682756876322761,-1.9120720572709025,-2.1733333615531034,-1.680798268388913,0.0,1.0,1.0,-0.015582472657980923,-0.02646237472417765,-0.04905806480753837,-0.005805931139036465,0.3125,0.0390625,0.07415088126986781,False,False
landmark,2,19,1,-5.211434964220238,-5.188032812650645,-5.639615416943287,-4.715700576065223,0.0,1.0,1.0,-0.06284086370931352,-0.07900685404062179,-0.13278428883337665,-0.029208694073454312,0.375,0.0390625,0.9996588922217041,False,False
landmark,2,19,2,-5.805691775341904,-5.136095051890873,-5.727317071422028,-4.4951655077576,0.03125,0.9999999997671694,1.0,0.03886755859827372,0.06307934498718246,0.010493300352277152,0.11482252442109597,0.6875,0.0390625,3.1626724552491865,False,False
landmark,2,19,3,-5.157562622466582,-5.152014948914186,-5.522547764707301,-4.796029383619544,0.0,1.0,1.0,-0.024962758478565904,-0.02549444554841325,-0.0629162643003696,0.014644779846270772,0.46875,0.0390625,0.7294745685335973,False,False
landmark,2,19,4,-4.100274330144799,-3.9613109916353206,-4.4208594727068755,-3.5291990922707495,0.0,1.0,1.0,-0.02298072490417293,0.030394462529225702,-0.010882364419593503,0.07506754249976733,0.65625,0.0390625,1.638250991768001,False,False
landmark,2,19,5,-5.683473240210619,-5.494733904111918,-5.787359715402141,-5.175911114524246,0.0,1.0,1.0,0.1464484171467254,0.13026931063033304,0.09491650285101329,0.16675514654744716,0.84375,0.0390625,1.2541938286512244,False,False
landmark,2,19,6,-2.5898326241122858,-2.6494516383596425,-2.967516653280593,-2.3462235054249865,0.0,1.0,1.0,0.11038900646163968,0.09373552179049933,0.075497967167037,0.11001958915311476,0.9375,0.0390625,0.5110986276826024,False,False
landmark,2,19,7,-3.9184257890125633,-3.8107266168659315,-4.086410903187668,-3.5369754533872317,0.0,1.0,1.0,0.08786854885725912,0.07550494968303044,0.0489647825995171,0.10392165192046746,0.875,0.0390625,0.7852012528813745,False,False
landmark,2,19,8,-1.909813124561821,-1.8129112968023646,-2.05518977790601,-1.5940506097312186,0.0,1.0,1.0,0.03794482320291939,0.040911444871809144,0.02269932430100831,0.05924971659742521,0.84375,0.0390625,0.38402408555720235,False,False
landmark,2,19,9,-4.242140454702131,-4.271395784363744,-4.544397634249189,-3.986933055889614,0.0,1.0,1.0,0.020544564144294453,-0.00896628758533062,-0.030257099867841027,0.010344883394678586,0.46875,0.0390625,1.0989411538667515,False,False
landmark,2,19,10,-4.317812447550072,-4.061617940417879,-4.395568335718475,-3.7556239695239637,0.0,1.0,1.0,-0.0767564754594719,-0.07214935670397361,-0.14679330937545956,-0.0026038755171480755,0.34375,0.0390625,1.0003411077782958,False,False
landmark,2,19,11,-5.704067993018424,-5.628292481945321,-6.065496317866359,-5.161803462834659,0.0,1.0,1.0,0.04456009223237932,0.03668254227808439,-0.0029485921290155603,0.07492528547176326,0.625,0.0390625,1.1907257639071522,False,False
landmark,2,20,0,-4.216387575734194,-4.235555363373229,-4.447934106531481,-4.014116529863491,0.0,1.0,1.0,0.06423750238718126,0.06778328316699436,0.052483197160573515,0.08397698555408735,0.90625,0.036458333333333336,0.7830817912218985,False,False
landmark,2,20,1,-3.100656139378145,-2.7887207667952136,-3.1120370211455395,-2.460140548450989,0.0,1.0,1.0,-0.1978247160338491,-0.1991476071624037,-0.2599798025905942,-0.1429561860672336,0.09375,0.036458333333333336,1.144711780486192,False,False
landmark,2,20,2,-4.420231663156018,-4.2172655393793494,-4.435824148022018,-4.0093461938465,0.0,1.0,1.0,-0.12505970952462897,0.0201931745983831,-0.06851967173641235,0.12197293890205911,0.4375,0.036458333333333336,0.9273707008166583,False,False
landmark,2,20,3,-2.239678481057275,-2.0154233649945907,-2.2799550871813548,-1.7160540743205257,0.0,1.0,1.0,0.1234833458639438,0.14572433345332197,0.08802511437674443,0.20027488380964414,0.84375,0.036458333333333336,3.229767375156198,False,False
landmark,2,20,4,-3.5153347197401814,-3.795607533860839,-4.141099285473191,-3.430301695897835,0.0,1.0,1.0,-0.04882722721350924,-0.05396888378774454,-0.09516122800126287,-0.01401323825148733,0.34375,0.036458333333333336,1.0559751092594267,False,False
landmark,2,20,5,-4.662892853547863,-4.307299188338186,-4.6942622106586445,-3.9378379983313563,0.0,1.0,1.0,0.2675570994332911,0.4276070899537664,0.2383481171757895,0.6211065722391316,0.78125,0.036458333333333336,1.7061103926659744,False,False
landmark,2,20,6,-2.848301217369564,-2.8665891494608733,-3.1392020096968802,-2.5789753377321074,0.0,1.0,1.0,0.03655368792530571,0.02007361792089793,-0.013593509581438947,0.05595404849058731,0.59375,0.036458333333333336,2.143311463234978,False,False
landmark,2,20,7,-8.59829145647441,-8.635862125808265,-9.408265304742415,-7.828775112125757,0.0,1.0,1.0,0.1549226496299152,0.03502666861368084,-0.19687850182660613,0.25708967673500654,0.46875,0.036458333333333336,0.9731343403390775,False,False
landmark,2,20,8,-4.801854862205454,-4.719093513460685,-4.947665758076614,-4.48167400484695,0.0,1.0,1.0,-0.09413438844930161,-0.089328384130104,-0.13754166626223652,-0.04014890371336473,0.3125,0.036458333333333336,0.9114987543156196,False,False
landmark,2,20,9,-3.3711041027767705,-3.2276709150791536,-3.4162551040283295,-3.0362823938101915,0.0,1.0,1.0,-0.16057770512216257,-0.16290557549078538,-0.19741842848003277,-0.1238464786146944,0.09375,0.036458333333333336,0.5037408268021611,False,False
landmark,2,20,10,-2.1951208857134725,-2.3381170040397667,-2.6305966667948386,-2.0151406556313565,0.0,1.0,1.0,0.03191706719852075,0.020637754707486064,-0.010038037828936757,0.05123328289991838,0.625,0.036458333333333336,1.0268656596609225,False,False
landmark,2,20,11,-5.301577418552645,-5.080493115137799,-5.5687858467861275,-4.584286609855029,0.0,1.0,1.0,0.13851165505993562,0.16568018234752152,0.09636075803925008,0.2252297438402194,0.8125,0.036458333333333336,0.7107413616006558,False,False
landmark,2,21,0,-5.153247054618239,-5.045778285318192,-5.35892280685895,-4.7496811653879725,0.0,1.0,1.0,-0.19016510214471316,-0.21333527975828526,-0.2917361299825287,-0.13545170431645337,0.125,0.15755208333333334,1.8650628115304817,False,False
landmark,2,21,1,-4.376134194588258,-4.208462249960837,-4.467381046794296,-3.962240541572784,0.0,1.0,1.0,0.07618869763862463,0.08437534276815949,0.04484882136139152,0.12151181726715976,0.84375,0.15755208333333334,1.0576947530552443,False,False
landmark,2,21,2,-3.0050791155266547,-3.0044741267570823,-3.2288900480863156,-2.7680797482905817,0.0,1.0,1.0,0.11973493348614475,0.09537429230530631,0.06261654388740771,0.12487980388649099,0.84375,0.15755208333333334,0.9461436447902675,False,False
landmark,2,21,3,-2.297359191442635,-2.1609885389791246,-2.454775480772577,-1.8489117087353613,0.0,1.0,1.0,0.04490403930181506,-0.024588543291465967,-0.10525598964165675,0.044337051710375185,0.46875,0.15755208333333334,2.5120960667864645,False,False
landmark,2,21,4,-3.1528227668605657,-3.183262870796228,-3.594092837498098,-2.812721831872634,0.0,1.0,1.0,-0.05855563259365805,-0.08258131718610015,-0.11227913111242734,-0.05623973287519214,0.15625,0.15755208333333334,0.4249116700339129,False,False
landmark,2,21,5,-1.8077616742746667,-1.8032922593865555,-2.0797841371918517,-1.5238175449448261,0.0,1.0,1.0,0.06127949640272229,0.04213408218867353,0.013423956909747998,0.0684337834016384,0.71875,0.15755208333333334,0.4397932807852293,False,False
landmark,2,21,6,-3.3278691334318644,-3.33463769915637,-3.602635311294247,-3.0679901555436553,0.0,1.0,1.0,0.01161542731694764,0.013776577865959462,-0.009544340821634141,0.038598570028346435,0.59375,0.15755208333333334,1.7802165876204095,False,False
landmark,2,21,7,-4.140902230352161,-4.379432429033076,-4.83459736424707,-3.9430239967452776,0.0,1.0,1.0,0.07194409499895106,0.036003204733186696,-0.0039614277700091615,0.07999701423433221,0.65625,0.15755208333333334,0.5039694474975568,False,False
landmark,2,21,8,-7.820465827886143,-7.710507656709272,-7.948857675648853,-7.459981504465853,0.0,1.0,1.0,-0.012828298560778217,0.014870849874163039,-0.006614675334792999,0.03718674208669257,0.53125,0.15755208333333334,2.656650201790996,False,False
landmark,2,21,9,-3.1944230726575573,-3.431902367295872,-4.022821370085157,-2.90004201153458,0.0,1.0,1.0,-0.6726217562123988,-0.6667001149546807,-0.7244814093078263,-0.6100610897080858,0.0,0.15755208333333334,1.0538563552097326,False,False
landmark,2,21,10,-3.850861648611858,-3.927483934450991,-4.211122589459351,-3.6492286367681355,0.0,1.0,1.0,0.12861921491498934,0.136306244680309,0.06399656131229045,0.22851162942692776,0.75,0.15755208333333334,0.7995908723093227,False,False
landmark,2,21,11,-4.433862104054783,-4.23998748199795,-4.490308701486024,-4.023410945454754,0.0,1.0,1.0,0.06337429621662553,0.1135396038792708,0.011870079955956818,0.2199415929476377,0.6875,0.15755208333333334,0.5954597400932847,False,False
landmark,2,22,0,-2.222741586714277,-2.244714909267238,-2.4722786726239674,-1.999930417418897,0.0,1.0,1.0,-0.01755486502224144,-0.02317903717758509,-0.05170758460252649,0.003529089561345902,0.46875,0.359375,1.5908261206701524,False,False
landmark,2,22,1,-3.147099587521085,-3.1926421420685216,-3.452593245728255,-2.9297274005200653,0.0,1.0,1.0,-0.04482898421934917,-0.044489083294223755,-0.09960331232695316,0.011415778515250486,0.5,0.359375,1.234038520683538,False,False
landmark,2,22,2,-3.191310095769925,-3.1469137440638244,-3.429529169692111,-2.8504937496523355,0.0,1.0,1.0,0.0008831735017648355,0.001411037319544943,-0.024060514424346407,0.025181636798799627,0.59375,0.359375,0.5714628030968865,False,False
landmark,2,22,3,-4.101171831775848,-4.0197326523954935,-4.2723608312499355,-3.7036419156500044,0.0,1.0,1.0,0.06693181790352193,0.04634293870635367,0.010383961601028337,0.07989690185585688,0.71875,0.359375,1.5785701774812404,False,False
landmark,2,22,4,-2.5725336798459217,-2.5167196642930056,-2.7885378235652833,-2.2251911501219794,0.0,1.0,1.0,-0.054883913518126534,-0.04975214279846211,-0.07902269061728288,-0.021859810878951867,0.28125,0.359375,1.0743833275070038,False,False
landmark,2,22,5,-4.284545746435592,-4.153102602202195,-4.5198018792466605,-3.801119828089766,0.0,1.0,1.0,-0.02445771706198525,-0.01940489196834589,-0.049017805908669394,0.009520896041561047,0.40625,0.359375,1.4292944532925813,False,False
landmark,2,22,6,-1.9233543915272904,-2.1716321323303935,-2.5549651723088043,-1.732130922287634,0.0,1.0,1.0,0.029276641535269432,0.019294144675981936,-0.00806847675393984,0.047815198071905714,0.53125,0.359375,0.32747908134863457,False,False
landmark,2,22,7,-1.8926102263809876,-1.8648645412485148,-2.0730409310660436,-1.6729187112459853,0.0,1.0,1.0,0.06303283815661258,0.048831873861495886,0.026762937468412563,0.07114776868484671,0.65625,0.359375,0.5601382347943511,False,False
landmark,2,22,8,-5.025657223633479,-4.84264040519278,-5.187834537415975,-4.458359421657353,0.0,1.0,1.0,0.009380037759194639,-0.015725689052595172,-0.04837442134352163,0.01435592927777364,0.34375,0.359375,1.221836820784597,False,False
landmark,2,22,9,-0.9474652165933957,-1.0635595321920794,-1.2647024924409993,-0.8536081529141831,0.03125,0.9999999997671694,1.0,-0.02803840977671359,-0.028725723766896707,-0.05004201875252212,-0.004985387952724079,0.375,0.359375,0.36289089020458276,False,False
landmark,2,22,10,-3.303182521803429,-3.3891678389178055,-3.69378596756189,-3.1009173201355065,0.0,1.0,1.0,0.0426754044672107,0.05011751795370752,0.02474043486581418,0.07687927308870347,0.71875,0.359375,0.9256166724929963,False,False
landmark,2,22,11,-2.906442247666363,-2.9263890777025177,-3.1382459554563797,-2.733661431103609,0.0,1.0,1.0,-0.03645699054667387,-0.01141480794429537,-0.0772483924636839,0.04403727695514862,0.65625,0.359375,0.7758596501959388,False,False
landmark,2,23,0,-2.934112872262043,-2.9737211066965252,-3.163066350805846,-2.79482112816246,0.0,1.0,1.0,-0.04521631270514036,-0.0509774240181223,-0.06992973577817821,-0.03253019201719367,0.15625,0.30078125,1.0522820200944845,False,False
landmark,2,23,1,-5.779793366761259,-5.375203981357404,-5.815312696087733,-4.867872569166701,0.03125,0.9999999997671694,1.0,-0.07953878851605106,-0.08806063683449195,-0.12656411306635196,-0.04766005226384372,0.28125,0.30078125,0.9477179799055155,False,False
landmark,2,23,2,-0.22109106440306062,0.1334618724692568,-0.1625501903880913,0.42751979641266546,0.59375,0.18854279373772442,1.0,-0.08265962422557876,-0.0873014492988694,-0.10282411303713238,-0.07289268112855639,0.03125,0.30078125,0.37474685550167186,False,False
landmark,2,23,3,-3.6984131667838818,-3.746636139599776,-3.969965087911844,-3.5099134892499086,0.0,1.0,1.0,-0.00945633972633169,-0.048206999450554275,-0.07724704546191748,-0.019144038429804885,0.1875,0.30078125,0.6377419422352221,False,False
landmark,2,23,4,-3.2379369728751164,-3.2019326364211853,-3.4234897601185508,-2.967662363164402,0.0,1.0,1.0,0.0011983935344286323,-0.012693787763013838,-0.05043471715673418,0.0248321439689808,0.5,0.30078125,2.9409322668350564,False,False
landmark,2,23,5,-2.857525937026188,-2.932521031080971,-3.347042978951028,-2.49894734324821,0.03125,0.9999999997671694,1.0,0.0007986084565401608,0.017439594505183,-0.01121783159457151,0.04781719235546273,0.5625,0.30078125,0.2862361234166761,False,False
landmark,2,23,6,-2.162727598073972,-2.250128782273417,-2.5549703989704615,-1.9161664760566377,0.03125,0.9999999997671694,1.0,0.014881522471392381,-0.006525818912000155,-0.0321167587711024,0.018775656116131193,0.46875,0.30078125,1.8468168463884704,False,False
landmark,2,23,7,-3.833970677021038,-3.608977760374865,-3.821232481161607,-3.4014600889975317,0.0,1.0,1.0,-0.0919565648865105,-0.10253569898991603,-0.1396249022228142,-0.07358806007613165,0.03125,0.30078125,1.8285490226364416,False,False
landmark,2,23,8,-2.7389530912477276,-2.65811688884963,-2.8628485298409307,-2.432007335783442,0.0,1.0,1.0,-0.046170909506191585,-0.05272889219346911,-0.07847159368254664,-0.02522448783190376,0.21875,0.30078125,2.6237306283092057,False,False
landmark,2,23,9,-4.5783402502587025,-4.32682829509573,-4.71239054031331,-3.950372702691387,0.0,1.0,1.0,-0.034465236305711675,-0.027823766501686276,-0.06032047062279438,0.007791068070967486,0.4375,0.30078125,0.8283583660550707,False,False
landmark,2,23,10,-4.611244351103987,-3.61680740779514,-4.475417686150824,-2.6752931679290652,0.09375,0.9999998768325895,1.0,-0.18387367971165441,-0.09839720066128799,-0.1787875350406038,-0.012862031536817971,0.28125,0.30078125,2.965369799003512,False,False
landmark,2,23,11,-4.490917065033382,-4.300167363068234,-4.528540830074371,-4.078464789019768,0.0,1.0,1.0,-0.004581540663671467,-0.02050761304685192,-0.050596655683872914,0.008764839315906414,0.4375,0.30078125,0.5708112733084135,False,False
landmark,2,24,0,-4.935469365078768,-4.738880012062019,-5.106678716249561,-4.356379365490267,0.0,1.0,1.0,-0.013695414056135204,-0.04035700125111423,-0.08797890847917635,0.008151340818169374,0.40625,0.38932291666666663,3.0306800637671625,False,False
landmark,2,24,1,-4.863673944829424,-4.5185246202971605,-4.793876995504962,-4.243228476502108,0.0,1.0,1.0,0.018591878961678167,0.019752098754056133,-0.010947702361039906,0.0505927008013979,0.625,0.38932291666666663,3.6269897159112428,False,False
landmark,2,24,2,-3.7350762462736267,-3.688389548890602,-3.9108496741643335,-3.4640911333704905,0.0,1.0,1.0,0.03565803890810858,0.0693926834433061,0.03213590975023926,0.10777685606329322,0.78125,0.38932291666666663,2.2815179974147077,False,False
landmark,2,24,3,-1.2994560039927485,-1.2891486797959153,-1.5868431916804355,-0.9916821426871539,0.0625,0.9999999923165888,1.0,-0.03320069196599951,-0.02508646987589443,-0.04448232853075456,-0.006199705649858644,0.34375,0.38932291666666663,0.7904635291396154,False,False
landmark,2,24,4,-1.7294741562938596,-1.6717869362335271,-1.8552625471721556,-1.505657276237543,0.0,1.0,1.0,0.0016394750519831813,-0.0014779650283472216,-0.012153005909764246,0.009307364010302757,0.4375,0.38932291666666663,0.5809002415278769,False,False
landmark,2,24,5,-3.624210510957069,-3.6636531303039463,-4.0171702652254115,-3.3337867816364812,0.0,1.0,1.0,0.08202446776784647,0.07393803702257964,0.049110196532059405,0.09971180117399259,0.84375,0.38932291666666663,0.4584453956337967,False,False
landmark,2,24,6,-4.5700181388842385,-4.336997607980683,-4.819471841396925,-3.8414655911159516,0.0,1.0,1.0,-0.08861222221504253,-0.08516874105612676,-0.10510517913327931,-0.06497718644727858,0.03125,0.38932291666666663,1.2095364708603848,False,False
landmark,2,24,7,-5.616250913211054,-5.075446282392266,-5.503055907150912,-4.657940508339812,0.0,1.0,1.0,-0.08747069301527438,-0.0726066347916999,-0.10009828750393136,-0.04496394598292997,0.1875,0.38932291666666663,3.7387961742833875,False,False
landmark,2,24,8,-3.831239705813073,-3.7147544429157167,-4.143677022353769,-3.2170122128884144,0.03125,0.9999999997671694,1.0,-0.06206763059956438,-0.06786541827395459,-0.10003121884259593,-0.038292981648290494,0.15625,0.38932291666666663,0.4469625814888881,False,False
landmark,2,24,9,-2.742342712679557,-2.6453193119754514,-2.944626555087429,-2.375662824385347,0.0,1.0,1.0,-0.005144600532936956,0.002947048563252508,-0.018813798435934333,0.02584078373232452,0.53125,0.38932291666666663,0.7437252251793032,False,False
landmark,2,24,10,-3.331262164839413,-3.4875280265734583,-3.9365339514347566,-3.0156350142935886,0.03125,0.9999999997671694,1.0,-6.734687305963265e-05,-0.025922905258702826,-0.05296024323390248,0.005541420581520547,0.40625,0.38932291666666663,0.3856452517427554,False,False
landmark,2,24,11,-5.0388955690395365,-4.657698785291718,-5.123457166202398,-4.165759167112437,0.0,1.0,1.0,-0.08608525485436502,-0.05773533055032286,-0.08361230291355126,-0.030754952876075138,0.125,0.38932291666666663,2.089152494642649,False,False
landmark,2,25,0,-2.813052520764182,-2.6900436325158408,-2.9635808452330585,-2.4317996260742256,0.0,1.0,1.0,-0.01575224757340089,-0.013054165091521373,-0.039814438386112774,0.011319000746889313,0.4375,0.4088541666666667,1.5497024766753402,False,False
landmark,2,25,1,-4.335392453464006,-3.9725371362421664,-4.269013374008079,-3.672517679784243,0.0,1.0,1.0,0.026305188088859885,0.0347626992095144,-0.0017962347576659745,0.07052876395653185,0.65625,0.4088541666666667,0.7631625397896443,False,False
landmark,2,25,2,-4.0740908644069,-3.9877511909045236,-4.260613980827714,-3.7278385378888723,0.0,1.0,1.0,0.011592360139387962,0.03278675863952675,0.0012922594573538742,0.06692742289944142,0.625,0.4088541666666667,0.8196198728059993,False,False
landmark,2,25,3,-3.485015751967576,-3.37643883313775,-3.687116830152436,-3.0620978329737247,0.0,1.0,1.0,0.0408135953376751,0.04720976215342508,0.019648569264998576,0.07814169236195734,0.78125,0.4088541666666667,1.177511994025161,False,False
landmark,2,25,4,-2.77057887099932,-2.8216518753452693,-3.1828662920285757,-2.4639826630212434,0.0,1.0,1.0,0.008449781433430502,-0.011307313661671706,-0.0335111076245634,0.014160565075606837,0.34375,0.4088541666666667,1.243423527037786,False,False
landmark,2,25,5,-1.5020438809767795,-1.5068337591414689,-1.7424680161413078,-1.2763681756750367,0.0,1.0,1.0,-0.08595595040769274,-0.0921583769263917,-0.11938564758098316,-0.06529961825453683,0.125,0.4088541666666667,0.46974616396002716,False,False
landmark,2,25,6,-3.4945082018242166,-3.4005182910510294,-3.6606509182484546,-3.1154062155727145,0.0,1.0,1.0,-0.05534183679513689,-0.08495863122010312,-0.13011483015507253,-0.040904791929096705,0.3125,0.4088541666666667,0.38437555099398685,False,False
landmark,2,25,7,-1.4426479502671652,-0.9239318229214617,-1.7686815386799442,-0.0487927087355786,0.4375,0.8114572062622756,1.0,0.0789819824792093,0.11238250944719866,0.016381135625377467,0.21034628404724126,0.65625,0.4088541666666667,0.8224880059748391,False,False
landmark,2,25,8,-3.1407768317766314,-3.238492842114818,-3.5224498871795897,-2.922144390974339,0.0,1.0,1.0,-0.0064932438260441455,-0.005832549142819617,-0.039273065236418186,0.024240977403820224,0.5,0.4088541666666667,1.8687725060273745,False,False
landmark,2,25,9,-2.6433832864462348,-2.5243955960802387,-2.7851254373068723,-2.267999388604674,0.0,1.0,1.0,-0.051547379042240694,-0.01960033190004297,-0.0738378259126303,0.03177656052558704,0.53125,0.4088541666666667,0.5735225570261818,False,False
landmark,2,25,10,-2.066879005779125,-2.0008826018795696,-2.222701321450006,-1.788999846880625,0.0,1.0,1.0,0.04873653140649713,0.059396147131538186,0.045956773844799036,0.07265250221926611,0.90625,0.4088541666666667,1.5440628236870007,False,False
landmark,2,25,11,-3.7693879874006884,-3.623756913014179,-4.0150645727756595,-3.268295971299265,0.0,1.0,1.0,0.01795361659401995,0.011276075918709196,-0.025338396195626497,0.04589816003422258,0.46875,0.4088541666666667,1.1987135220543501,False,False
landmark,2,26,0,-1.3858789816235788,-1.393596379596938,-1.5618929604809828,-1.2164692820954994,0.0,1.0,1.0,0.00416663847961234,0.008123879715177102,-0.0073021162962713295,0.02515861698019306,0.5625,0.421875,0.19502851202294813,False,False
landmark,2,26,1,-3.383760656671152,-3.4857645133864397,-3.8033798535752035,-3.152778157427723,0.0,1.0,1.0,-0.030413800871823306,-0.04031417221067925,-0.09767770182800081,0.013892163915160311,0.5,0.421875,0.5805337354198699,False,False
landmark,2,26,2,-5.0689178996236235,-4.884583081643621,-5.24629441750592,-4.517865537312196,0.0,1.0,1.0,-0.10058071291034515,-0.07297098600256297,-0.10990353519144148,-0.04115502125328516,0.21875,0.421875,1.4314833766485564,False,False
landmark,2,26,3,-1.7693665081560437,-1.7071295998038882,-1.914750780440094,-1.503641175972841,0.0,1.0,1.0,-0.13327957807166713,-0.1276141373841974,-0.15387503431359567,-0.0993864790310045,0.03125,0.421875,0.22135350276441682,False,False
landmark,2,26,4,-2.2201862361061764,-2.145874465681658,-2.325046959984289,-1.9777034185136178,0.0,1.0,1.0,-0.04030167021669785,-0.04572532729208777,-0.07153604622526162,-0.02138950214328578,0.28125,0.421875,0.37870858806608104,False,False
landmark,2,26,5,-3.226523000434892,-2.947391903936399,-3.3508447327300193,-2.5675667781451654,0.0,1.0,1.0,-0.07391440859986795,-0.0711237348963643,-0.1180673267599563,-0.02170353597031208,0.3125,0.421875,1.1509128449068031,False,False
landmark,2,26,6,-3.9623640850995403,-3.8191329767031865,-4.103015679941895,-3.5219284291540705,0.0,1.0,1.0,-0.003908623218235631,-0.003603522318921845,-0.03828722388754891,0.02555180105286741,0.5,0.421875,0.8884240094423211,False,False
landmark,2,26,7,-3.493550031457062,-3.277644234601446,-3.539947182207931,-3.023235512792783,0.0,1.0,1.0,-0.12672015867137676,-0.07775507294246581,-0.11463890101388606,-0.03907574586808759,0.25,0.421875,0.2145961999317507,False,False
landmark,2,26,8,-5.347298635535289,-5.086154817912137,-5.538947210008145,-4.744722546302518,0.0,1.0,1.0,-0.0898462449688803,-0.05955224296910949,-0.11081863335458086,-0.006494624559470876,0.3125,0.421875,1.455887035913019,False,False
landmark,2,26,9,-3.7849791866141644,-3.657190093287736,-3.9132735634677314,-3.3768811958107205,0.0,1.0,1.0,-0.030795026372608243,-0.03231587336307865,-0.05469367497304387,-0.010721267430962793,0.3125,0.421875,1.4020815999520382,False,False
landmark,2,26,10,-4.2272350545221915,-4.116070165622476,-4.691828397308056,-3.49123962131379,0.0,1.0,1.0,-0.1892361711743069,-0.21370678301397547,-0.32968907862376534,-0.10553843165054697,0.25,0.421875,4.8118833747527745,False,False
landmark,2,26,11,-2.246432709359008,-2.3753086074004766,-2.679467092060306,-2.065376005789002,0.0,1.0,1.0,0.019215735779424155,0.024870439550397052,0.004695521583735541,0.04474706353325613,0.625,0.421875,1.111575990557679,False,False
landmark,2,27,0,-2.910888391954124,-2.8616547436551,-3.183630362064588,-2.5379012829213403,0.0,1.0,1.0,-0.15752306960051288,-0.14269666900807498,-0.16611297143274462,-0.11855872915285426,0.03125,0.010416666666666668,0.4237561480915278,False,False
landmark,2,27,1,-3.587670188414221,-3.944504305597909,-4.3580712793747285,-3.5671144786851046,0.0,1.0,1.0,-0.04665761750167359,-0.03674979572048627,-0.0653718654319783,-0.006884601228701079,0.28125,0.010416666666666668,0.42248120135097916,False,False
landmark,2,27,2,-6.824540186912007,-6.563420674688007,-6.985820415784868,-6.142334169180349,0.0,1.0,1.0,-0.11441157867150137,-0.08814814138709981,-0.13803296940725884,-0.037733945555506375,0.3125,0.010416666666666668,4.175115267231142,False,False
landmark,2,27,3,-5.667668120452285,-5.429082837596794,-5.666006952960254,-5.194563771273317,0.0,1.0,1.0,0.09834080281723342,0.06957452294409047,0.04696858227769033,0.09262855945885287,0.875,0.010416666666666668,0.6785307632984641,False,False
landmark,2,27,4,-2.4615159892742913,-2.184003320540118,-2.4179336571060994,-1.949935038103771,0.0,1.0,1.0,0.024832763959880436,0.006102159823137034,-0.011924108164488545,0.02329073654084777,0.5,0.010416666666666668,0.3033443314602011,False,False
landmark,2,27,5,-2.3400058530472476,-2.431053428735962,-2.662280699971258,-2.1693539999387528,0.0,1.0,1.0,0.012074261562933316,-0.0016717247071957216,-0.01565021299161643,0.013729275023017351,0.4375,0.010416666666666668,0.26624741921203543,False,False
landmark,2,27,6,-4.246590871279373,-4.208886577490652,-4.522310018728147,-3.9542338827474697,0.0,1.0,1.0,-0.07895726427950531,-0.20068253016673473,-0.35959260646938385,-0.06439686426295697,0.34375,0.010416666666666668,1.4613271754776178,False,False
landmark,2,27,7,-1.5913228815039768,-1.6769347449690215,-2.0171306527658612,-1.2899109387910848,0.0625,0.9999999923165888,1.0,0.011584860963479868,-0.004649955553906085,-0.03211575841424741,0.024379381659489878,0.46875,0.010416666666666668,3.0159014947840697,False,False
landmark,2,27,8,-4.110170577517377,-4.327073463453619,-4.697709653837077,-3.9024002525328956,0.0,1.0,1.0,0.0063550597194223235,-0.01323206957100062,-0.05280419913165042,0.028286561704005876,0.5625,0.010416666666666668,1.2945627981811105,False,False
landmark,2,27,9,-4.006541134777329,-3.9120081718743593,-4.19988905728152,-3.587519285346915,0.0,1.0,1.0,0.023888334678976227,-0.0020253991732036083,-0.029764280572590493,0.026388906607466883,0.53125,0.010416666666666668,3.3466826951288264,False,False
landmark,2,27,10,-3.783022760161116,-3.680763679889403,-3.9303821697254406,-3.4636116877964045,0.0,1.0,1.0,-0.08124317761163642,-0.0524267258184411,-0.09933904786749698,-0.005979417633160164,0.21875,0.010416666666666668,0.7054372018188895,False,False
landmark,2,27,11,-3.40662143307029,-3.369112787263767,-3.769997281970674,-2.987160520107996,0.0,1.0,1.0,0.16000805137963742,0.24424116979497057,0.1753305846110718,0.30999831567215097,0.9375,0.010416666666666668,11.299292601252658,False,False
landmark,2,28,0,-13.414537497510826,-13.432106564666576,-13.828020664297194,-13.051797198097551,0.0,1.0,1.0,-0.21088548742483706,-0.13335686363326799,-0.22094412396387575,-0.04298481987943539,0.25,0.0,2.2039463297182373,False,False
landmark,2,28,1,-8.01025437224238,-8.000452408003063,-8.319094663716106,-7.70654061462782,0.0,1.0,1.0,0.064494806486548,0.07625167342587502,0.028714249616709254,0.13249507091171112,0.6875,0.0,2.245708767747932,False,False
landmark,2,28,2,-5.72825110312562,-5.682945625123054,-6.420382353619647,-4.899530497273957,0.0,1.0,1.0,-0.1058465479860107,-0.12508335298047257,-0.16489095141197033,-0.08748057610578037,0.125,0.0,1.2030789655525922,False,False
landmark,2,28,3,-3.7875577553339816,-3.973458866725143,-4.1566656425115,-3.797365483787239,0.0,1.0,1.0,-0.22854661149623767,-0.22001160642094691,-0.25369868297175835,-0.18994241056187688,0.0,0.0,0.11191580493443967,False,False
landmark,2,28,4,-3.9534417074638664,-4.220576896802241,-4.4281995196117405,-4.003861143818592,0.0,1.0,1.0,0.27900090494087637,0.2884733420316892,0.2620151222176407,0.312987965141066,1.0,0.0,0.07504641958754162,False,False
landmark,2,28,5,-3.826714093651551,-3.8643986681422327,-4.160718958689286,-3.559156036554154,0.0,1.0,1.0,-0.012587896979678728,-0.018694877711236055,-0.053405685043696804,0.013418585805360539,0.4375,0.0,0.15005992722239395,False,False
landmark,2,28,6,-3.408392034517373,-3.371590866015687,-3.6739304334687777,-3.0793089445949504,0.0,1.0,1.0,0.06747088527602565,0.05586570074330786,0.01772385600558988,0.08904166951578556,0.71875,0.0,1.2907601994654243,False,False
landmark,2,28,7,-1.223592873596172,-1.5170666630623788,-1.7801239597261114,-1.2563204848893021,0.0,1.0,1.0,-0.044525624600722576,-0.022841990384402728,-0.06037531543271875,0.015271677862245111,0.375,0.0,0.09609852942917946,False,False
landmark,2,28,8,-3.473631340943406,-3.4143204955746995,-3.6702972374783185,-3.1679051930574462,0.0,1.0,1.0,-0.002612278748228298,0.0048151072468314154,-0.030883323466975154,0.03639996616978987,0.5625,0.0,5.053298212868221,False,False
landmark,2,28,9,-5.13821747015943,-5.238980641298925,-5.456977558755341,-4.999678157046491,0.0,1.0,1.0,0.048482019167992406,0.06036203265521872,0.03140518590363501,0.08831255257452776,0.78125,0.0,0.796921034447408,False,False
landmark,2,28,10,-4.9127638625154315,-5.099265629562259,-5.363485667769025,-4.820479329854402,0.0,1.0,1.0,0.001356556408584987,-0.027054409163480717,-0.12494637516315175,0.046054459844088194,0.53125,0.0,0.34962769125889254,False,False
landmark,2,28,11,-3.285078954109767,-3.306257664726203,-3.6057527135733514,-3.0298464880016374,0.0,1.0,1.0,0.10539780617774473,0.10394275842000494,0.03255575686547717,0.1725985420611994,0.65625,0.0,3.8706489494957785,False,False
landmark,2,29,0,-8.640346289612431,-8.486573219724226,-8.955358499652025,-7.968132861305132,0.0,1.0,1.0,-0.0006566705020603497,0.14603747962003813,0.0010934905518205273,0.29599998619087936,0.59375,0.0,8.120471032626453,False,False
landmark,2,29,1,-2.9091658158218623,-2.8722591293439406,-3.069719437385167,-2.6806455157234264,0.0,1.0,1.0,0.011755825912186643,0.004466182920497899,-0.012272234052944607,0.02210964161577593,0.5,0.0,0.5882039017147419,False,False
landmark,2,29,2,-2.815906774501288,-2.716013609441413,-3.061443213614393,-2.3596404408943865,0.0,1.0,1.0,0.01962222913360438,-0.03812765593222141,-0.08119642679591003,0.0029420266421134084,0.375,0.0,2.963902366537816,False,False
landmark,2,29,3,-6.128326228134666,-5.94841396876791,-6.2623807596432846,-5.647383703555868,0.0,1.0,1.0,-0.02490728696280184,-0.031615412832123754,-0.062216743831141334,-0.003010974201789562,0.25,0.0,0.9953398782707562,False,False
landmark,2,29,4,-4.981163742050766,-4.778661272797045,-4.955501665713899,-4.588183348017622,0.0,1.0,1.0,0.12502188981210255,0.11347501566851512,0.09760549898466561,0.12801657338339906,1.0,0.0,1.0046601217292437,False,False
landmark,2,29,5,-3.582607740265381,-3.596005299113065,-3.875407294100641,-3.3009403014487035,0.0,1.0,1.0,0.10409310122400073,0.09672291060005114,0.07046027821907876,0.1236673284071006,0.9375,0.0,0.3325019595482405,False,False
landmark,2,29,6,-3.1331503780838816,-3.136161978622978,-3.330285750428065,-2.902226953208299,0.0,1.0,1.0,-0.02646909789757657,-0.02732329590191463,-0.041281675584029245,-0.012122143433659414,0.21875,0.0,0.9199210013005328,False,False
landmark,2,29,7,-3.4637808184451777,-3.3176503399517348,-3.6048741827077033,-3.024539990277981,0.0,1.0,1.0,-0.18514820263657417,-0.19425925765185842,-0.22619632346971275,-0.16092052760071537,0.03125,0.0,0.6334263806106907,False,False
landmark,2,29,8,-5.024929049504473,-5.046663908598138,-5.4434497159359925,-4.68438484002045,0.0,1.0,1.0,-0.1182271674641955,-0.12345243270461202,-0.14260027169124534,-0.10188323303612129,0.0,0.0,1.4847654188981454,False,False
landmark,2,29,9,-7.934069789467549,-6.814206134597678,-8.785203020849245,-4.721644653047447,0.15625,0.9999903494026512,1.0,-0.0982864094213465,-0.08444136199103483,-0.273168789260816,0.1142434652255022,0.375,0.0,8.71921648211491,False,False
landmark,2,29,10,-2.307526037823165,-2.1444675870507655,-2.429097160115237,-1.8731450710723763,0.0,1.0,1.0,0.04631367970069135,0.03580438330712443,0.020004155116169542,0.0526342607361372,0.65625,0.0,0.5713391907578425,False,False
landmark,2,29,11,-3.90285128550479,-3.971299039625963,-4.495551345844938,-3.4684274922047442,0.0,1.0,1.0,0.05940901322877464,0.0344723328697395,-0.005716106510165469,0.07305532806381068,0.625,0.0,4.609124374580123,False,False
landmark,3,0,0,-7.171019587433168,-6.994567774890642,-7.219257448446182,-6.711933734052797,0.0,1.0,1.0,0.3163297328624126,0.32554406336089536,0.25247020168797873,0.4023569206869367,1.0,0.013020833333333334,0.7420391060108235,False,False
landmark,3,0,1,-6.325732755182008,-6.305127895691923,-6.459201029613369,-6.136639080329533,0.0,1.0,1.0,1.0171459495128818,0.9945774138435608,0.945319402709008,1.038665533669982,1.0,0.013020833333333334,7.41728274950894,False,False
landmark,3,0,2,-1.71567904666454,-1.6137658777287651,-1.8496142943778222,-1.3570139401299153,0.03125,0.9999999997671694,1.0,0.4286326755002342,0.4367029727150381,0.36700920596193465,0.510096464913324,0.96875,0.013020833333333334,0.3626205550295509,False,False
landmark,3,0,3,-2.1498213182117283,-2.08232002955942,-2.283547519324539,-1.866783160711725,0.0,1.0,1.0,0.3131049838095168,0.3281978321740483,0.2757853738642379,0.3776500952704528,1.0,0.013020833333333334,0.2598124045317893,False,False
landmark,3,0,4,-4.149893122646434,-4.2157463700594615,-4.364448962533877,-4.059663141213511,0.0,1.0,1.0,0.005098124710862378,-0.040631078505160706,-0.1497130648116099,0.05551901682105803,0.40625,0.013020833333333334,2.4745463069963693,False,False
landmark,3,0,5,-6.433809358635221,-6.423409930240362,-6.681655146953106,-6.147539175061251,0.0,1.0,1.0,-0.15532005035461238,-0.11457357343827537,-0.31334944743037235,0.08132564244345261,0.4375,0.013020833333333334,4.079742158234739,False,False
landmark,3,0,6,-3.7853443989286495,-3.771861443752806,-3.902273684113868,-3.6443620415012536,0.0,1.0,1.0,0.7614735697201869,0.7741368635478407,0.7144407118822073,0.8363396183273072,1.0,0.013020833333333334,3.739446015045399,False,False
landmark,3,0,7,-5.364563670969099,-5.3657929738326455,-5.483231724340509,-5.252276888302261,0.0,1.0,1.0,1.0204955472283168,1.090563378738201,1.0365406459414337,1.1398617958312356,1.0,0.013020833333333334,1.2579608939891767,False,False
landmark,3,0,8,-2.0824295584433616,-1.9534695522074292,-2.1255722535528903,-1.780652653880152,0.0,1.0,1.0,0.35805567507105346,0.353987213692874,0.2625404474759558,0.45146628036692543,0.9375,0.013020833333333334,0.126784643397046,False,False
landmark,3,0,9,-0.5853380056511792,-0.5627980515007408,-0.7754913623217218,-0.3275754223392493,0.125,0.999998721992597,1.0,0.07690418814834485,0.10113233731899826,0.03313298313790118,0.17992730363977352,0.75,0.013020833333333334,0.09055435467295823,False,False
landmark,3,0,10,7.796837626902812,7.682838604826248,7.416462834046627,7.9688486464160855,1.0,2.3283064365386963e-10,8.381903171539307e-08,0.6988337934495492,0.6798194708502512,0.620551041186602,0.7394486350547029,1.0,0.013020833333333334,0.24495438220000113,False,False
landmark,3,0,11,-4.28586215108858,-4.309696700268885,-4.429731125222544,-4.183982391530482,0.0,1.0,1.0,0.6212607809241935,0.5446484259870817,0.47524526079288676,0.6065208330736281,0.9375,0.013020833333333334,3.3044236630342896,False,False
landmark,3,1,0,-3.945803151083175,-3.8518614028818368,-4.071602357973891,-3.620547646583347,0.0,1.0,1.0,-0.5992426897014584,-0.5562177912277829,-0.6912985314830652,-0.42988616482520176,0.03125,0.0546875,1.4506586065571878,False,False
landmark,3,1,1,-5.984448753970979,-5.627479063005006,-6.344808582906719,-4.915182947049195,0.0,1.0,1.0,0.8359750620219248,0.8136072024538574,0.5199388589882775,1.0836411519332576,0.875,0.0546875,0.8861464462929449,False,False
landmark,3,1,2,-4.7692817001812315,-4.776289631527748,-4.999514782673144,-4.567467037469707,0.0,1.0,1.0,-0.7514656300458369,-0.8156413189837577,-0.9114303431013226,-0.7171273733470535,0.0,0.0546875,1.6541843403571637,False,False
landmark,3,1,3,-3.028277447628824,-2.9386729527683944,-3.2063479159217114,-2.6322254124593987,0.0,1.0,1.0,-0.28921791123068286,-0.2895945520926191,-0.4038653547159093,-0.16062993174236162,0.28125,0.0546875,1.015737042295445,False,False
landmark,3,1,4,-4.835287835297714,-4.783365701544394,-5.003247946675425,-4.561846229741569,0.0,1.0,1.0,-0.8457201446267371,-0.7003446316663455,-0.9812710984437448,-0.4137219714257805,0.1875,0.0546875,7.146554530018407,False,False
landmark,3,1,5,-1.9568989726246653,-1.8162416780694661,-1.9925626130197727,-1.6267374132160448,0.0,1.0,1.0,-0.23637661074625485,-0.21035049362522495,-0.2590810487355528,-0.16641751140904243,0.03125,0.0546875,0.5841295524680827,False,False
landmark,3,1,6,-0.27160401830823677,-0.3323795715831192,-0.5129892221975686,-0.1733759884010976,0.21875,0.9997324736323208,1.0,0.25011379330334405,0.3012146948054224,0.20900158634016744,0.4061821986104844,0.84375,0.0546875,0.3014296448456817,False,False
landmark,3,1,7,-3.3166312365035644,-3.315375353042592,-3.5914114786640425,-3.0405505239060435,0.0,1.0,1.0,-0.8222204385376342,-0.8832709673171371,-1.0561378887430997,-0.7168527638474943,0.0,0.0546875,2.7179096375273906,False,False
landmark,3,1,8,-6.8362095441082875,-6.58439997381573,-7.303720839107991,-5.894826344416078,0.0,1.0,1.0,-2.5168051579923434,-2.625764195112707,-3.0987899205019933,-2.1583708885650297,0.0625,0.0546875,0.8088027535967542,False,False
landmark,3,1,9,-3.790850935192021,-3.7558402298847646,-3.944180617934592,-3.5560988444971766,0.0,1.0,1.0,0.5974489490026871,0.6316078353756329,0.5353087316816693,0.7392217140159634,1.0,0.0546875,0.9842629577045552,False,False
landmark,3,1,10,-1.7165212659185993,-1.6789703599466776,-1.7970359061444319,-1.566531181957255,0.0,1.0,1.0,-0.9677703925636563,-1.0226994493889867,-1.0971507466264394,-0.9371506035627805,0.0,0.0546875,1.5210918927017718,False,False
landmark,3,1,11,-3.1957626597709528,-3.2608041094089977,-3.582069136830342,-2.9413615449348716,0.0,1.0,1.0,0.27363973284356413,0.13710742835880244,0.05572789423961176,0.22319939805203534,0.75,0.0546875,0.5651001178827707,False,False
landmark,3,2,0,-3.238737776215494,-3.254909414587451,-3.45078308993045,-3.0522337771254864,0.0,1.0,1.0,-0.5259661835471244,-0.48618109294146894,-0.6132249636438747,-0.3334676405946369,0.15625,0.046875,1.1595132835868556,False,False
landmark,3,2,1,-3.2490290297533475,-3.134490669149325,-3.331308939640766,-2.926801976570978,0.0,1.0,1.0,-0.6845547299306036,-0.6442390596071473,-0.7783255596286694,-0.5295955419421383,0.0,0.046875,0.4632392901202685,False,False
landmark,3,2,2,-3.851818071431868,-3.4358904399887855,-3.687252274546467,-3.186727897740215,0.0,1.0,1.0,0.15435780443288544,0.10676850145653707,0.03647689487415976,0.17000421533045418,0.84375,0.046875,1.14067283594012,False,False
landmark,3,2,3,-4.278507946089399,-4.176853377129287,-4.442619406330913,-3.9406258653732222,0.0,1.0,1.0,-0.19607985932399943,-0.1638155013947974,-0.26382949012153906,-0.05773894517933829,0.25,0.046875,3.5092848187425076,False,False
landmark,3,2,4,-11.17411565765094,-11.105329205019597,-11.610513048961135,-10.64305709188519,0.0,1.0,1.0,1.7175048624474663,1.606181753822812,1.1873259814199342,2.0615154202388157,0.875,0.046875,1.9756083117191034,False,False
landmark,3,2,5,-2.168636211041874,-1.9707473425661044,-2.232057893805811,-1.7631629278150474,0.0,1.0,1.0,-0.05858935388552795,-0.0654304352830771,-0.11495147080756596,-0.011684810776191506,0.34375,0.046875,0.4631938173000331,False,False
landmark,3,2,6,-1.8125495153175952,-1.9754217390968791,-2.2636357879125533,-1.7181977418752623,0.0,1.0,1.0,-0.47979298638272605,-0.5402023209343543,-0.6471265923034651,-0.4345678317747665,0.03125,0.046875,1.0614840014494773,False,False
landmark,3,2,7,-1.8929038021226494,-1.722796336903154,-1.9221985621844353,-1.49479871668093,0.0,1.0,1.0,0.493260594884968,0.44752919868691443,0.3805969209406245,0.5150026895746737,0.96875,0.046875,0.670598034367901,False,False
landmark,3,2,8,-2.45726547327133,-2.307408753644216,-2.5228785236663978,-2.1188944640412815,0.0,1.0,1.0,0.6281212390897504,0.5819875483068271,0.4770117821192702,0.6947265553356301,0.9375,0.046875,0.9385159985505228,False,False
landmark,3,2,9,-0.03529877513288558,0.07521836158861561,-0.2425573163271786,0.36750633170537994,0.6875,0.025051229866221547,1.0,0.3997994069320465,0.38488392745152067,0.2859269276526179,0.4870536330668111,0.875,0.046875,0.4216281841386805,False,False
landmark,3,2,10,-0.8394920591252295,-0.8678046948025397,-1.0349853644691704,-0.7148211630135742,0.0,1.0,1.0,0.06103268695827624,0.013508742025185285,-0.08476548484712801,0.11189310427034077,0.5625,0.046875,0.5468644806732564,False,False
landmark,3,2,11,-2.7659593108634626,-2.555020119705586,-2.9394117720851414,-2.179510796296739,0.0,1.0,1.0,-0.2272252333174883,-0.23363249272740577,-0.3556100444370302,-0.11670481484007426,0.21875,0.046875,3.8768581053436835,False,False
landmark,3,3,0,-4.145634158531576,-4.227469522726269,-4.692193361336754,-3.749716728066093,0.0,1.0,1.0,1.0374107213496386,1.3123070112538273,0.9112961661355222,1.7228773568033005,0.8125,0.21744791666666669,2.7396683111685944,False,False
landmark,3,3,1,-3.6442016558133417,-3.635962510778702,-3.849777223316914,-3.4380392869975323,0.0,1.0,1.0,-0.1447221042101005,-0.15126971046809573,-0.23063624592258788,-0.07276132234765566,0.21875,0.21744791666666669,0.4931183775030062,False,False
landmark,3,3,2,-3.0749418659826335,-3.0820194419304427,-3.306386192456012,-2.8596597770460095,0.0,1.0,1.0,0.9675424432643764,0.8773845952482202,0.7377430303372349,1.0113227994697962,0.96875,0.21744791666666669,0.8941806487149664,False,False
landmark,3,3,3,-1.5436113450007602,-1.6823511517334757,-1.9559077981816082,-1.4532238410363487,0.0,1.0,1.0,0.10140141301809677,0.001718604725117123,-0.08981655440872606,0.10761289841403271,0.5,0.21744791666666669,0.9192197853869136,False,False
landmark,3,3,4,-2.6152724487969237,-2.6927601775935663,-2.969940801527532,-2.3758901019793077,0.0,1.0,1.0,-0.18584440138550035,-0.25595919345820256,-0.4908939743564094,-0.05927937080955832,0.4375,0.21744791666666669,2.22779845731093,False,False
landmark,3,3,5,-3.7462940563477685,-3.850821992925186,-4.048072811169926,-3.638507204453025,0.0,1.0,1.0,-0.3174805272443876,-0.34440582231820327,-0.4800446349362201,-0.21056164726058244,0.125,0.21744791666666669,1.7073152179222573,False,False
landmark,3,3,6,-3.047762641085087,-3.082172535329155,-3.2676791697581518,-2.895351307986092,0.0,1.0,1.0,-0.7648013373828658,-0.7553396142702755,-0.8575745856942731,-0.6433741598748967,0.0,0.21744791666666669,2.265780186606003,False,False
landmark,3,3,7,-0.9087227141397568,-1.0678227658418864,-1.310463395170051,-0.8526131221708014,0.0625,0.9999999923165888,1.0,-0.3269258797166018,-0.34673756997839533,-0.5246362702626827,-0.19023875087637235,0.3125,0.21744791666666669,3.3869549446930662,False,False
landmark,3,3,8,-3.5333302622080653,-3.5386599399030843,-3.9017296670242825,-3.201323364282719,0.0,1.0,1.0,-0.6670004685198743,-0.692920046962461,-0.7916588536445156,-0.5974672248353403,0.0,0.21744791666666669,0.7747166826752628,False,False
landmark,3,3,9,-2.9027597900806876,-2.8256539027657785,-2.9900596108595052,-2.6499918497362294,0.0,1.0,1.0,-1.4905323399595976,-1.309849591569346,-1.4441173028204064,-1.165028995532609,0.0,0.21744791666666669,0.9338081431833445,False,False
landmark,3,3,10,-1.8432478133086567,-1.8626897968390597,-2.044208362609639,-1.6913434799086777,0.0,1.0,1.0,-0.3361305680367713,-0.31966472256624,-0.3724234327616205,-0.26022919345820883,0.03125,0.21744791666666669,0.8882144608859427,False,False
landmark,3,3,11,-3.087547356897402,-3.1413378079236383,-3.430970665217497,-2.8105451828696686,0.0,1.0,1.0,-0.3643850552017962,-0.35270570362082815,-0.43723165030655087,-0.25841243827882193,0.09375,0.21744791666666669,1.0661918568166557,False,False
landmark,3,4,0,-2.7429937310067505,-2.516034089551478,-2.7353705611045442,-2.299759378817493,0.0,1.0,1.0,0.2105664969461336,0.22837899241101603,0.10332112899477856,0.3513841116788397,0.71875,0.19661458333333334,0.8767195213824321,False,False
landmark,3,4,1,-4.58428221242118,-4.483343102377731,-4.73829508561152,-4.23796449291118,0.0,1.0,1.0,-0.9015683219840268,-0.8006019514451526,-0.9282243270553246,-0.6668956961119008,0.03125,0.19661458333333334,2.0265921056149265,False,False
landmark,3,4,2,-4.375870572884162,-4.169415200467649,-4.515011526437043,-3.8523595218914877,0.0,1.0,1.0,-0.4587310036435288,-0.5052220527438567,-0.6790034588798356,-0.3330000117842549,0.09375,0.19661458333333334,1.8182843767494576,False,False
landmark,3,4,3,-4.055330325050306,-3.7775425601900388,-4.035796758814904,-3.5202563489134704,0.0,1.0,1.0,-0.5407252267208073,-0.577075521521519,-0.6503628519462828,-0.5032334595222487,0.0,0.19661458333333334,4.284816531682398,False,False
landmark,3,4,4,-3.7040362191021616,-3.66030706624155,-4.0025929730735506,-3.3062363705584077,0.0,1.0,1.0,-0.30469151544262,-0.28034449938927564,-0.4046653372123263,-0.14936715704305875,0.1875,0.19661458333333334,0.8453874828576676,False,False
landmark,3,4,5,-1.9765791660481395,-1.82056929707101,-2.131482618904781,-1.4889371626218286,0.0625,0.9999999923165888,1.0,-0.4958608237430882,-0.5284731508305658,-0.639173713663153,-0.41352979797816986,0.09375,0.19661458333333334,2.4818092956085556,False,False
landmark,3,4,6,-2.604806018997402,-2.5983417339715116,-2.818064028700447,-2.399949799024813,0.0,1.0,1.0,-0.0595566283622066,-0.08135673221090535,-0.14958577238204354,0.000288999620103222,0.28125,0.19661458333333334,0.5003749288200414,False,False
landmark,3,4,7,-3.2719461140037875,-3.268995528801332,-3.556755675721703,-3.000733402267359,0.0,1.0,1.0,-0.33192922494629906,-0.3323967660823581,-0.39458327826168105,-0.2662149053997443,0.0625,0.19661458333333334,1.1232804786175679,False,False
landmark,3,4,8,-0.8987540348749905,-0.8388596830307381,-1.12790426542623,-0.5372155412695278,0.15625,0.9999903494026512,1.0,-0.49237631465680776,-0.4837234819734745,-0.5383511303764392,-0.4267186072547569,0.0,0.19661458333333334,0.5065517580498624,False,False
landmark,3,4,9,-0.8850837373324255,-1.0670622458579109,-1.4628228675230543,-0.6746845227419982,0.21875,0.9997324736323208,1.0,0.42049417513494014,0.37889137822787305,0.32289683511461104,0.436701048719707,1.0,0.19661458333333334,0.3060688744843942,False,False
landmark,3,4,10,-2.9734692698421683,-2.9923623592008854,-3.2376064106246503,-2.769994078919803,0.0,1.0,1.0,0.3513219188283996,0.3440081304279199,0.2565344207337251,0.426065518484094,0.90625,0.19661458333333334,0.541589240582687,False,False
landmark,3,4,11,-3.0430513215599326,-3.1251048956125254,-3.361158415531342,-2.8827899341494887,0.0,1.0,1.0,-0.6051136499865096,-0.6191749791162003,-0.6919523665224224,-0.5487340098062025,0.0,0.19661458333333334,1.316461560409176,False,False
landmark,3,5,0,-5.845133596071346,-5.6929982447985426,-6.085375595853449,-5.299453617527799,0.0,1.0,1.0,1.0482764142495868,1.0018122765335766,0.8884638614534895,1.1177267309709331,1.0,0.03515625,1.2635569906052038,False,False
landmark,3,5,1,-2.8617139184470632,-2.679053214183563,-2.954621163785195,-2.400353924088889,0.0,1.0,1.0,0.31797245215376235,0.30521504808702904,0.19326758002673314,0.4216523537581888,0.875,0.03515625,1.647263144072562,False,False
landmark,3,5,2,-3.601162735718769,-3.353778082706569,-3.527887973298971,-3.1694827930284974,0.0,1.0,1.0,-0.7453922861069391,-0.5827065264723179,-0.7070014773052545,-0.4441846542875598,0.09375,0.03515625,1.3423830927356164,False,False
landmark,3,5,3,-1.0721737430400684,-0.920944299864005,-1.1543744257134378,-0.6840416997050146,0.09375,0.9999998768325895,1.0,0.17229191422140708,0.18535786793694847,0.12851575752567118,0.24581800840595736,0.8125,0.03515625,0.2946439597563865,False,False
landmark,3,5,4,-2.2307678527508044,-2.183275814295893,-2.3115967541577236,-2.0547383897350073,0.0,1.0,1.0,0.029715119099342602,0.053579876319141094,-0.030615151460118055,0.13030463410926865,0.625,0.03515625,0.578317230658091,False,False
landmark,3,5,5,-2.946462636112132,-2.8134160146905667,-2.9919315766432915,-2.632206671663934,0.0,1.0,1.0,0.2655480949264578,0.2785540996434145,0.22338244512242666,0.335874486677595,0.9375,0.03515625,0.5462347470235325,False,False
landmark,3,5,6,-3.467117538370258,-3.2540831047343435,-3.493892273003355,-3.0179660146503737,0.0,1.0,1.0,0.6258803455760038,0.5774222422977769,0.46735544272195073,0.6827787713889516,0.9375,0.03515625,1.0669240750374709,False,False
landmark,3,5,7,-3.593446053484513,-3.6114818769008243,-4.0176878932571,-3.2141895126187756,0.0,1.0,1.0,0.25015195181865607,0.2408294905541404,0.17340622171852,0.30759710634882687,0.84375,0.03515625,1.5485326861899804,False,False
landmark,3,5,8,-1.7054659736020799,-1.628603242322915,-1.9683749370181678,-1.2928741322077537,0.0625,0.9999999923165888,1.0,-0.07066636982849701,-0.09421847300370954,-0.1653446508941707,-0.026038612711839066,0.34375,0.03515625,0.7115209078688991,False,False
landmark,3,5,9,-5.246546020301514,-5.197482645774506,-5.45799726084299,-4.93508305833647,0.0,1.0,1.0,0.7233142107132295,0.7056817050548873,0.6250235833392981,0.7806797254100994,1.0,0.03515625,0.9330759249625292,False,False
landmark,3,5,10,-3.502081368293178,-3.5414873835250074,-3.8220839256239016,-3.2441625496599245,0.0,1.0,1.0,-0.6662472627753493,-0.6749152348192984,-0.7303343300045861,-0.6162875255406995,0.0,0.03515625,0.8280363164767286,False,False
landmark,3,5,11,-2.968092660495292,-2.8921902636304995,-3.083541653159512,-2.7128179539623494,0.0,1.0,1.0,1.0120872523322426,0.946403650295081,0.8822336153689382,1.0078312972862131,1.0,0.03515625,1.125067734213548,False,False
landmark,3,6,0,-2.703508201335065,-2.7257355510634897,-2.9346446708115206,-2.531097054819743,0.0,1.0,1.0,0.021054283142630557,0.02305890177773383,-0.060359890138652256,0.11050317511568608,0.53125,0.07942708333333333,0.6394989756816806,False,False
landmark,3,6,1,-2.2174365961680547,-2.1981891249601953,-2.4400020452116564,-1.9289706998711038,0.0,1.0,1.0,0.13481947882253892,0.146917530077337,0.08117442430684287,0.21359435118955405,0.6875,0.07942708333333333,1.034567499415896,False,False
landmark,3,6,2,-4.874498958802137,-4.78649903027655,-5.004865858292059,-4.494461723502694,0.0,1.0,1.0,-1.2133759252930365,-1.120210997303729,-1.206633934677175,-1.0286355076941083,0.0,0.07942708333333333,1.2176717026569353,False,False
landmark,3,6,3,-1.7392628015621787,-1.8199081857264026,-2.0214387117827526,-1.6202836203095379,0.0,1.0,1.0,-0.2072850007361945,-0.22468914582112476,-0.3017681768268729,-0.1430706041129511,0.1875,0.07942708333333333,0.5294778010702668,False,False
landmark,3,6,4,-3.4768187731335387,-3.5151321168150513,-3.8671292170010325,-3.1352867088326217,0.0,1.0,1.0,-0.2342054017018378,-0.29555603586407364,-0.4079396868002407,-0.16621944921813547,0.21875,0.07942708333333333,1.4896522807549444,False,False
landmark,3,6,5,-0.9756133217253682,-1.026202841569186,-1.2033537633883524,-0.8471153465369494,0.03125,0.9999999997671694,1.0,0.5779417824681524,0.5617697433185225,0.5017592608812678,0.6202347346764481,1.0,0.07942708333333333,1.0630436474616296,False,False
landmark,3,6,6,-1.1595725987518348,-1.1997651467958317,-1.3898209007002418,-1.0109886702345052,0.03125,0.9999999997671694,1.0,0.08472792213452862,0.09198779481022065,0.04693600995497513,0.1382915758468417,0.84375,0.07942708333333333,0.31951364414491484,False,False
landmark,3,6,7,-2.4015677129093844,-2.5163039398065856,-2.768215855753945,-2.2477567912345107,0.0,1.0,1.0,-0.3366623148179987,-0.32790139937807705,-0.3835801806330043,-0.2754755175485171,0.0,0.07942708333333333,0.6682726381863531,False,False
landmark,3,6,8,-2.6357187535671236,-2.7094037368965687,-2.899946449535195,-2.519329942909673,0.0,1.0,1.0,-0.11796290111199632,-0.13711507470584916,-0.19653403970276362,-0.07650547262644358,0.25,0.07942708333333333,1.0954763815505746,False,False
landmark,3,6,9,-2.7887759549197124,-2.825182318285097,-3.0716740914886507,-2.5624173501898957,0.0,1.0,1.0,0.05877636561617344,0.04380947068347155,-0.0460904851902983,0.1361136118348503,0.53125,0.07942708333333333,0.6502059475674855,False,False
landmark,3,6,10,-2.689829404753582,-2.724486205178356,-2.9260597417777134,-2.5166621530943165,0.0,1.0,1.0,-0.2824971012466687,-0.30549381449021784,-0.4064960717151385,-0.20018498256868641,0.15625,0.07942708333333333,0.9654325005841042,False,False
landmark,3,6,11,-1.677085821788201,-1.484372575821773,-1.8421211040859433,-1.1380815556102652,0.09375,0.9999998768325895,1.0,-1.22960701634416,-1.1516963002366192,-1.3541613608082548,-0.9600414122879367,0.03125,0.07942708333333333,1.351242177398067,False,False
landmark,3,7,0,-3.823995276343082,-3.9976990316220262,-4.2746316850224675,-3.721147821658878,0.0,1.0,1.0,0.19433165076026565,0.15332313563390074,0.03233863545401904,0.27588095790770983,0.65625,0.0546875,1.2327977740332436,False,False
landmark,3,7,1,-5.5172711456005405,-5.754336128492425,-6.052259827601921,-5.445544902085898,0.0,1.0,1.0,-0.2365125624225072,-0.1262961794728206,-0.22320142426086922,-0.016764990176181233,0.3125,0.0546875,0.9703491759049097,False,False
landmark,3,7,2,-2.602575600533054,-2.7009956003137665,-2.9393657465948584,-2.483426674443974,0.0,1.0,1.0,0.03080626241777898,0.013589840478060423,-0.03137116726170867,0.0594865441630593,0.625,0.0546875,0.5692744659478515,False,False
landmark,3,7,3,-3.507087244930984,-3.376135916324402,-3.7306166991382477,-3.0368537763644423,0.0,1.0,1.0,0.39553414705117057,0.37832355069846657,0.2579506496939649,0.5048526452851476,0.84375,0.0546875,1.3024547379811402,False,False
landmark,3,7,4,-4.113856838104962,-4.096364261937577,-4.290034592081444,-3.902612200709198,0.0,1.0,1.0,0.2910399232582417,0.3269440412186965,0.2527004280211405,0.3937610396838242,0.9375,0.0546875,1.0215850202762626,False,False
landmark,3,7,5,-3.040479182982259,-3.1715526547515003,-3.4068909434524137,-2.9451775720644706,0.0,1.0,1.0,0.21050205923570414,0.15632242781756633,0.0870590910833411,0.228860478446301,0.8125,0.0546875,1.5516529341461298,False,False
landmark,3,7,6,-2.7819869540625026,-2.8348063984538387,-2.9810579546174667,-2.6980239021735604,0.0,1.0,1.0,0.466955348368807,0.45588389294759746,0.3401395644153629,0.578647102656021,0.90625,0.0546875,1.213049398291279,False,False
landmark,3,7,7,-5.306178459118239,-5.4444303181956055,-5.726660994734515,-5.187991846558448,0.0,1.0,1.0,1.1010388280793977,1.0131830005296707,0.9074185261901137,1.1226811953438003,1.0,0.0546875,0.691432646861129,False,False
landmark,3,7,8,-4.606813472545703,-4.595987709213322,-4.976257123719241,-4.235060046492404,0.0,1.0,1.0,-0.07349832059935794,-0.011665447649521002,-0.09831838106799566,0.062003056473669375,0.625,0.0546875,0.6456484029651575,False,False
landmark,3,7,9,-3.18079648037841,-3.4055377411378474,-3.6826036124151655,-3.124695248032495,0.0,1.0,1.0,0.5519460427805357,0.4464568370203336,0.3648395634097715,0.5162536414934533,0.96875,0.0546875,0.9784149797237373,False,False
landmark,3,7,10,-1.6075353058968829,-1.6269058725489458,-1.7678694476347336,-1.492492943982694,0.0,1.0,1.0,0.46749250427968814,0.4861306741466698,0.4434589932661877,0.5290991346045822,1.0,0.0546875,0.5037357972287405,False,False
landmark,3,7,11,-3.6478729879195626,-3.7268765854492885,-3.934799005498683,-3.5129600396765976,0.0,1.0,1.0,0.13846193927423037,0.09377360787948952,0.03430071484814167,0.1489642239636106,0.78125,0.0546875,1.6035612186945816,False,False
landmark,3,8,0,-4.403538923773631,-4.345269819987363,-4.6786256703603595,-4.014624439839517,0.0,1.0,1.0,0.2867051598786342,0.23309173771907798,0.1375148747176098,0.3405662519372029,0.6875,0.1484375,0.8297438306028173,False,False
landmark,3,8,1,-5.99547525606229,-5.9844273695920736,-6.28739936744978,-5.666012168822333,0.0,1.0,1.0,0.8003149905777648,0.744628589128496,0.6602572005494804,0.8245025106627337,1.0,0.1484375,1.2496376790641355,False,False
landmark,3,8,2,-1.716618535667131,-1.6492132643862947,-1.882107053918662,-1.4304477526173656,0.0,1.0,1.0,0.25815167822735985,0.2596704585488248,0.1985971250364666,0.31571249995777234,0.9375,0.1484375,0.4251257994611585,False,False
landmark,3,8,3,-2.842128371627794,-2.9758778860248123,-3.221505375583254,-2.713640427021839,0.0,1.0,1.0,0.38330877462726876,0.31174379977891964,0.17415560427555596,0.44446561337537605,0.78125,0.1484375,1.0623897393691073,False,False
landmark,3,8,4,-3.271687476583007,-3.2461988650150553,-3.65265741140262,-2.849638428131203,0.0,1.0,1.0,-0.06294416248081486,-0.11053923671171562,-0.31775318349759346,0.08851651017017217,0.40625,0.1484375,1.3047979878582494,False,False
landmark,3,8,5,-4.4859521488985505,-4.367807277312683,-4.637997593165485,-4.0680402369906465,0.0,1.0,1.0,0.383071581684712,0.3202565048292554,0.19061507727841426,0.4500004958589135,0.78125,0.1484375,1.2482623681367901,False,False
landmark,3,8,6,0.7209874425238739,0.7980399026917389,0.4733555949421409,1.0994190917643765,0.84375,5.653710104525089e-05,0.016282685101032257,0.1670555849928915,0.17429011177693268,0.10772680721558162,0.24179019422672912,0.84375,0.1484375,0.6911254140802735,False,False
landmark,3,8,7,-4.38456942356399,-4.370690827787622,-4.624843080289934,-4.133385317799712,0.0,1.0,1.0,0.2769895100527893,0.23974700518850245,0.1585535013837871,0.31180814234996446,0.90625,0.1484375,0.5698913458605991,False,False
landmark,3,8,8,-4.494307894936217,-4.476066106339987,-4.846517462752611,-4.119827382931011,0.0,1.0,1.0,0.4734729903453028,0.4460795878304632,0.38748533237432997,0.5052728553272474,1.0,0.1484375,1.0009051450500785,False,False
landmark,3,8,9,-2.3341840271600636,-2.303077894003148,-2.500321942156383,-2.11541166660724,0.0,1.0,1.0,-0.052443051486283046,-0.005177127585999336,-0.07263057465166399,0.05925945287946347,0.46875,0.1484375,0.44936061376057923,False,False
landmark,3,8,10,-3.7042418572299063,-3.751799400925036,-4.095758584622295,-3.38025687338657,0.0,1.0,1.0,0.6287480032661308,0.5156923898911245,0.361742968960311,0.6881490391534255,0.875,0.1484375,0.9990948549499215,False,False
landmark,3,8,11,-6.641235846666369,-6.640618442371679,-6.931106859797247,-6.344654575304424,0.0,1.0,1.0,0.9805945373737601,0.9631589925753106,0.8630784579583483,1.0860786833297484,1.0,0.1484375,1.3511438489024072,False,False
landmark,3,9,0,-3.0026284416488638,-3.1179181885697362,-3.4025809355554926,-2.8467965106490065,0.0,1.0,1.0,0.384653340460557,0.4022265394104111,0.32718450785519365,0.47677471764747165,0.96875,0.033854166666666664,1.0679083196671992,False,False
landmark,3,9,1,-1.5000112976942876,-1.527440742647876,-1.7575632361740197,-1.3192852236375177,0.0,1.0,1.0,0.2306089350445371,0.237587683791864,0.1800284722293535,0.2986487098312317,0.96875,0.033854166666666664,0.3810299055194294,False,False
landmark,3,9,2,-1.841375176756188,-1.8420897104430245,-2.170069380935322,-1.5397770502547623,0.0,1.0,1.0,0.3689562736399204,0.37672359474107453,0.3167565627999025,0.4332675195235806,0.96875,0.033854166666666664,1.445314214531441,False,False
landmark,3,9,3,-3.3971978122891158,-3.386131289363558,-3.773732759183709,-3.022921126611604,0.0,1.0,1.0,-0.40705186908019486,-0.4377167149094827,-0.5195407619614136,-0.365307521882082,0.0,0.033854166666666664,1.2324915229512645,False,False
landmark,3,9,4,-3.122852161760913,-3.096349019223279,-3.320475659764676,-2.8316587787362426,0.0,1.0,1.0,0.4021693376696998,0.40253252113027643,0.311730862323306,0.4872387310142444,0.90625,0.033854166666666664,0.5871788680006206,False,False
landmark,3,9,5,-1.863686236617439,-1.8398885864253183,-2.065299877850648,-1.6231707961716588,0.0,1.0,1.0,0.26687336488836777,0.3135043584328745,0.2727518381617248,0.35499908207142367,1.0,0.033854166666666664,0.8269303116845871,False,False
landmark,3,9,6,-3.4304469563735314,-3.4015451930252247,-3.7810908729820234,-3.0417904795144177,0.0,1.0,1.0,-0.49581477844352634,-0.45265460908144894,-0.5196872258613009,-0.3871264545514406,0.0,0.033854166666666664,2.1402006359912704,False,False
landmark,3,9,7,-4.447580790028123,-4.4048577153588475,-4.620352464057433,-4.215970776388456,0.0,1.0,1.0,0.40875057004130905,0.3700990541703629,0.3030341188292469,0.43852896631828814,1.0,0.033854166666666664,0.799262225217986,False,False
landmark,3,9,8,-4.0526056776014565,-3.9865420532687943,-4.253388513105843,-3.6910440648531395,0.0,1.0,1.0,-0.041953206475209406,-0.01899042771272358,-0.1360553992151045,0.08954943823085425,0.46875,0.033854166666666664,1.8616045118064,False,False
landmark,3,9,9,-3.613023796751955,-3.783097362333729,-4.061260386272332,-3.519655105792793,0.0,1.0,1.0,0.6126558169918105,0.5147084189865128,0.4125517116499742,0.6043599887998065,0.96875,0.033854166666666664,0.9320916803328004,False,False
landmark,3,9,10,-3.3461743312582075,-3.3555621379778495,-3.642648751245854,-3.070669276957381,0.0,1.0,1.0,0.5208955649097832,0.4774908732843772,0.4247040332301861,0.5314093619510182,1.0,0.033854166666666664,2.3995668732584554,False,False
landmark,3,9,11,-1.8084635097441821,-1.7342023730222071,-1.9651451429827445,-1.5056551828334521,0.0,1.0,1.0,-0.14755505389913764,-0.1087021547790743,-0.1667318187605346,-0.048550050029322035,0.25,0.033854166666666664,0.7170750672014324,False,False
landmark,3,10,0,-3.9237882099084835,-3.8162706619860165,-4.033899501961112,-3.625647925773334,0.0,1.0,1.0,0.746661124864458,0.7030967767983813,0.6126919247173065,0.7902547650973314,1.0,0.0,0.5936095077721506,False,False
landmark,3,10,1,-3.2950011291657657,-3.507074918299981,-3.8149556621178506,-3.1921916536804513,0.0,1.0,1.0,-0.2265128997838095,-0.3309302843040322,-0.43814573622982017,-0.2202833170633332,0.125,0.0,0.9935152671786756,False,False
landmark,3,10,2,-3.139632902537854,-3.0544407641624343,-3.217860385127866,-2.891440898674867,0.0,1.0,1.0,-0.10230759291989175,-0.10651589897799056,-0.15599830430573314,-0.04901721150467465,0.1875,0.0,1.0064847328213247,False,False
landmark,3,10,3,-3.168935294101691,-3.101125037441375,-3.369461197920556,-2.8548070033120454,0.0,1.0,1.0,0.06272577334919571,0.12962362181745704,0.07710381108910057,0.1807235114099637,0.8125,0.0,0.5710337439054667,False,False
landmark,3,10,4,-1.8837089018475086,-1.9251775057094105,-2.159928589563844,-1.6645483941513564,0.0,1.0,1.0,0.12988814028313597,0.10135356467925521,0.0672164121615326,0.1366242121022236,0.84375,0.0,1.782385979937611,False,False
landmark,3,10,5,-2.7308322788021933,-2.768771364772319,-3.0096104216996444,-2.516799960939755,0.0,1.0,1.0,-0.10759918592368478,-0.18391844363871504,-0.26968841410813055,-0.10489581874235517,0.125,0.0,1.451468494412323,False,False
landmark,3,10,6,-3.1918649009712308,-2.9992150018229506,-3.1650640006611535,-2.8458405034436765,0.0,1.0,1.0,-0.0674966367658236,-0.03526903986836079,-0.09614293998981342,0.03389901896865366,0.40625,0.0,0.4686569127667476,False,False
landmark,3,10,7,-1.6999537004121381,-1.612498055524532,-1.7433309871782467,-1.4729202254500506,0.0,1.0,1.0,0.1453879758653449,0.13841711772285992,0.07910384620236478,0.1920817705202083,0.875,0.0,0.3535272315826602,False,False
landmark,3,10,8,-1.7633735630616647,-1.657948327390602,-1.8322222000802306,-1.47635092596235,0.0,1.0,1.0,0.12570567422583678,0.13952847262313411,0.08194641921585179,0.19503674821744543,0.78125,0.0,0.20998228762841753,False,False
landmark,3,10,9,-2.900099883077754,-2.7811268728944403,-3.0125307068067153,-2.561369769021236,0.0,1.0,1.0,0.07587497981684789,0.06595143883627572,-0.0046239762135374795,0.132025490329319,0.65625,0.0,1.392878534584674,False,False
landmark,3,10,10,-3.949107919154554,-4.06970785209181,-4.34045066595755,-3.7872387163265087,0.0,1.0,1.0,-0.5264831249057271,-0.634757185184009,-0.740992784055948,-0.5425872098840903,0.03125,0.0,1.145249187629418,False,False
landmark,3,10,11,-3.9720106095770635,-3.948891911069884,-4.1311238185564205,-3.767164027290816,0.0,1.0,1.0,0.6204504245314305,0.5660433942063707,0.49909579288385075,0.6336999688542448,1.0,0.0,1.4951465351223683,False,False
landmark,3,11,0,-3.4227618093041494,-3.4752177621564435,-3.6612410642357265,-3.2716902080380597,0.0,1.0,1.0,0.08160265585347595,0.03385164494170287,-0.03926895642180322,0.10639493693864208,0.53125,0.024739583333333332,1.4694938931487322,False,False
landmark,3,11,1,-3.0773998287440363,-3.190447127879944,-3.5224665569327005,-2.858263840332409,0.0,1.0,1.0,0.4348503473078038,0.3790047811446493,0.31397687910764993,0.44893305342477474,1.0,0.024739583333333332,1.208086606779723,False,False
landmark,3,11,2,-2.619253560976798,-2.595235003911826,-2.8180633100392725,-2.381672482762595,0.0,1.0,1.0,0.2887853544254148,0.2698897492058122,0.21508876715485545,0.32349722826504207,0.9375,0.024739583333333332,1.054109261269633,False,False
landmark,3,11,3,-4.04474255089045,-3.9333798955561843,-4.189624803745794,-3.686272887130639,0.0,1.0,1.0,0.27819955577814487,0.3275227435000684,0.25392588265379884,0.40042064471535427,0.90625,0.024739583333333332,0.9458907387303669,False,False
landmark,3,11,4,-3.4776876315828984,-3.423671769584545,-3.6371696499007706,-3.2150260629256437,0.0,1.0,1.0,0.1522622471591857,0.09052317088206921,0.006499016228733963,0.17333053354398859,0.5625,0.024739583333333332,2.6698942852826177,False,False
landmark,3,11,5,-3.770571781110049,-3.6508920720823,-3.8299773265266106,-3.4703473720321867,0.0,1.0,1.0,-0.04174689046159408,-0.0870014224109279,-0.142926924459811,-0.030303125940935295,0.40625,0.024739583333333332,0.8946091658410955,False,False
landmark,3,11,6,-3.149911421340742,-3.2246527419804916,-3.4787513970844435,-2.951967285036217,0.0,1.0,1.0,0.21673005511752602,0.2095429474764703,0.14485913718580304,0.27306434397526713,0.84375,0.024739583333333332,1.2349864541825277,False,False
landmark,3,11,7,-2.9563926803999685,-3.0372032066887487,-3.259724586997951,-2.8291182382649014,0.0,1.0,1.0,0.7364973237813196,0.684086588840394,0.6298840774842237,0.73646533548592,1.0,0.024739583333333332,1.1949547737447985,False,False
landmark,3,11,8,-2.2316701864773654,-2.1208555230208646,-2.294945004210765,-1.9344333953803297,0.0,1.0,1.0,-0.014513206277122898,-0.04754169774798573,-0.10739158619530714,0.009568121604899381,0.5,0.024739583333333332,0.3124365805191306,False,False
landmark,3,11,9,-3.988235124240805,-3.7020911989725658,-4.201564545842605,-3.1558831187469796,0.03125,0.9999999997671694,1.0,0.2802556497421489,0.3028884063787914,0.19010094388490645,0.4290540247461789,0.71875,0.024739583333333332,0.7134109677015505,False,False
landmark,3,11,10,-1.3604897780932856,-1.3415041071594886,-1.5096927094461263,-1.156285307168806,0.03125,0.9999999997671694,1.0,0.2105904361216177,0.20593687683599068,0.16242046843336774,0.2487589641046223,0.9375,0.024739583333333332,0.6811883608092966,False,False
landmark,3,11,11,-2.0936529305568374,-2.0668896600193447,-2.2358643151988264,-1.904549938955647,0.0,1.0,1.0,0.11603214692482426,0.0931646967671399,0.053929463443922736,0.13230112558213133,0.8125,0.024739583333333332,0.5607031367858701,False,False
landmark,3,12,0,-4.674370704044494,-4.701696740169755,-4.97602658850742,-4.397458161841544,0.0,1.0,1.0,0.48982542558106446,0.3775813092778212,0.2566086837936247,0.49900645064451377,0.875,0.009114583333333334,1.762225887889773,False,False
landmark,3,12,1,-3.21894176336349,-3.20218574610147,-3.443612347123346,-2.9747854990285885,0.0,1.0,1.0,0.27401714798059307,0.210317552826157,0.13527883350115494,0.28733933807938916,0.75,0.009114583333333334,1.3355919790445798,False,False
landmark,3,12,2,-4.488720949293686,-4.344324394676308,-4.731755465895202,-3.954508722518058,0.0,1.0,1.0,0.7376987914528389,0.5674286414456952,0.3663154897530915,0.7657742717457887,0.84375,0.009114583333333334,0.9734058274846916,False,False
landmark,3,12,3,-1.8827053848659294,-1.8402662580235865,-2.007868585360196,-1.6671797881265007,0.0,1.0,1.0,0.05021546169304443,0.03167190115962364,-0.023017155818975076,0.08327054333871757,0.59375,0.009114583333333334,0.4217661550418509,False,False
landmark,3,12,4,-2.198412550238911,-2.1655351518221577,-2.345034437654332,-1.987291890667551,0.0,1.0,1.0,0.09671573014340565,0.04326566988767922,-0.02168895443900908,0.10795127961029982,0.5625,0.009114583333333334,0.8438322832614239,False,False
landmark,3,12,5,-1.6022193295170823,-1.554238271972456,-1.744127012455095,-1.3435279578236339,0.0,1.0,1.0,0.4726973154809289,0.4372818489106377,0.3765540311448088,0.49630763657833954,1.0,0.009114583333333334,0.7182771065467551,False,False
landmark,3,12,6,-5.4907703589864045,-5.45670064440046,-5.712579534409665,-5.199104375792292,0.0,1.0,1.0,0.3767592172797309,0.3449224286952616,0.25300812599563033,0.43001115805399315,0.875,0.009114583333333334,1.0265941725153085,False,False
landmark,3,12,7,-5.214524173472016,-5.081392694793774,-5.335629090752861,-4.83656461919397,0.0,1.0,1.0,0.6390876147914692,0.5777485048736803,0.4517489489310438,0.6908071867961637,0.9375,0.009114583333333334,1.4192077104268708,False,False
landmark,3,12,8,-3.918051374035882,-3.9652816587364037,-4.219871412158169,-3.7021113616232353,0.0,1.0,1.0,1.810659896379736,1.7418517562135825,1.5149993619423143,1.9821171899155137,0.96875,0.009114583333333334,0.9002398251528486,False,False
landmark,3,12,9,-4.989890720659256,-5.012246418831336,-5.335637909006502,-4.695058199716002,0.0,1.0,1.0,0.2848115305436819,0.2881901765350541,0.2091339580850108,0.3765969144682467,0.9375,0.009114583333333334,0.5734541569880981,False,False
landmark,3,12,10,-3.5840386575749026,-3.2807136644781227,-3.4590461796839334,-3.099020734488868,0.0,1.0,1.0,0.09605118846566495,0.07254798709341233,-0.011278972682371312,0.15854336818474882,0.625,0.009114583333333334,1.045493715108666,False,False
landmark,3,12,11,-3.8371166401382393,-3.8746985498400237,-4.144543837956765,-3.5983020481704626,0.0,1.0,1.0,0.5230885874791817,0.5359144125647624,0.47153234768918495,0.5922092709833481,0.96875,0.009114583333333334,1.0457249785759324,False,False
landmark,3,13,0,-2.595031469066442,-2.5897189887305747,-2.8448802197596814,-2.350209719972745,0.0,1.0,1.0,0.08049808786410684,0.0570400310396885,-0.007545832680787131,0.12994271049865863,0.6875,0.06380208333333333,1.2326267071104915,False,False
landmark,3,13,1,-3.711885775167627,-3.77532394472163,-4.004385601019706,-3.5604963739192894,0.0,1.0,1.0,-0.2286818610419966,-0.22502557926727704,-0.2841339970409308,-0.16641682397931387,0.125,0.06380208333333333,0.7836844177500575,False,False
landmark,3,13,2,-2.520215472618144,-2.340029989980457,-2.515916807486156,-2.1516978542533116,0.0,1.0,1.0,0.09556569264690552,0.14257831451958364,0.08494504754249847,0.20246705147132366,0.78125,0.06380208333333333,1.135901003676976,False,False
landmark,3,13,3,-1.9697976268202788,-1.8731256463677637,-2.037133730970773,-1.704475479648428,0.0,1.0,1.0,0.5991229054880287,0.5762622526808769,0.5242379979045666,0.625468572650519,1.0,0.06380208333333333,0.5151140812312007,False,False
landmark,3,13,4,-1.9074394463914577,-1.8097770993055189,-1.9446419383303861,-1.6773153322365675,0.0,1.0,1.0,0.5043316924336076,0.4832962620422492,0.4324329819142434,0.5282410161444794,1.0,0.06380208333333333,0.7402600712746207,False,False
landmark,3,13,5,-3.0386887988829425,-3.134147153299178,-3.4305919309302366,-2.8402853387171074,0.0,1.0,1.0,0.41742507613525964,0.32686859689017544,0.22618410490393207,0.4260378123234213,0.90625,0.06380208333333333,1.5488033714025398,False,False
landmark,3,13,6,-2.238992685603058,-2.1333065038270043,-2.3002761760382753,-1.969601609688728,0.0,1.0,1.0,0.4844379639335602,0.4653911709321465,0.3987920483259933,0.531997908206996,1.0,0.06380208333333333,0.9896226070909991,False,False
landmark,3,13,7,-3.0440105887226876,-3.1679506430277167,-3.427046183178091,-2.922588653411234,0.0,1.0,1.0,0.39654110339190124,0.32504339444282704,0.24588028645782725,0.402871665665399,0.875,0.06380208333333333,1.0103773929090007,False,False
landmark,3,13,8,-3.327119959540102,-3.221747575825831,-3.455523356295373,-3.0130610268589133,0.0,1.0,1.0,0.09516567533211098,0.10445146930252884,0.047305683300798124,0.1640089967035801,0.71875,0.06380208333333333,0.5370748406864871,False,False
landmark,3,13,9,-3.689342715366367,-3.6845422113077513,-3.9367324649333253,-3.4291450776873607,0.0,1.0,1.0,0.24957356059885233,0.18709035541157334,0.10145692015464801,0.26461444536887363,0.875,0.06380208333333333,1.0610714532263203,False,False
landmark,3,13,10,-2.1752289005575483,-2.076106867688653,-2.2509104150780996,-1.9026272997660798,0.0,1.0,1.0,0.26164896124986936,0.2892572440385681,0.24383647747663795,0.33374950088050814,1.0,0.06380208333333333,0.9840653509008274,False,False
landmark,3,13,11,-3.436272290877559,-3.3273364499001183,-3.502587941671801,-3.159566622153661,0.0,1.0,1.0,0.4668199170832334,0.45102421818729976,0.37148875988741437,0.5191874808049447,0.96875,0.06380208333333333,1.7895789431213767,False,False
landmark,3,14,0,-4.13507638526544,-3.881033004887999,-4.16553384474365,-3.590101881954542,0.0,1.0,1.0,0.5315826113825599,0.5069876154466245,0.379158870609659,0.6320016783989507,0.90625,0.009114583333333334,1.1480822979728258,False,False
landmark,3,14,1,-3.673892390007099,-3.680682460334043,-3.852940594325031,-3.5238711599440666,0.0,1.0,1.0,0.1675529770278648,0.12043212415710218,0.06115495431656472,0.18490126564583687,0.71875,0.009114583333333334,1.1946577770463707,False,False
landmark,3,14,2,-2.9336685151187885,-2.9950842998564964,-3.2065642204637124,-2.8187725045961125,0.0,1.0,1.0,-0.07547836264164336,-0.08774744079168108,-0.13450446411627556,-0.041216308017345264,0.25,0.009114583333333334,0.731855973574192,False,False
landmark,3,14,3,-4.800043143717904,-4.695153723690316,-4.843369940556258,-4.532337708748313,0.0,1.0,1.0,0.5050513080925605,0.547638747360597,0.4663742201421823,0.6323959941422909,0.96875,0.009114583333333334,0.9955030255630211,False,False
landmark,3,14,4,-4.301395367947665,-4.020731499510662,-4.337670584228981,-3.668315531314464,0.0,1.0,1.0,0.2845219244017706,0.3178144116986827,0.17338705020217432,0.470553771539365,0.71875,0.009114583333333334,1.0376879786343471,False,False
landmark,3,14,5,-4.726719094596225,-4.615255070801657,-4.9259107960966215,-4.315244403088707,0.0,1.0,1.0,0.36908600225949484,0.34349742066187516,0.25289613187433063,0.42255786875022333,0.90625,0.009114583333333334,0.7530829949801598,False,False
landmark,3,14,6,-2.7016801880390826,-2.6607369131801475,-2.795763235735582,-2.5395204058918597,0.0,1.0,1.0,0.11458860521310121,0.09618971963718694,0.03692449101300677,0.16141134580816943,0.71875,0.009114583333333334,0.4528077245011771,False,False
landmark,3,14,7,-3.3643754958529897,-3.3034414884780894,-3.4782899633886815,-3.1450861572459807,0.0,1.0,1.0,0.3553479078629894,0.3301483385745402,0.25746475243557615,0.4052276278014814,0.9375,0.009114583333333334,0.9813635662014466,False,False
landmark,3,14,8,-4.773345756840165,-4.630815393403211,-4.857721259117006,-4.409739345475483,0.0,1.0,1.0,0.428400088021323,0.33561447227116864,0.21142200234247643,0.4523905432277977,0.84375,0.009114583333333334,1.1938851488114555,False,False
landmark,3,14,9,-2.0036960013762677,-1.9361808045329387,-2.0558021482887976,-1.8139731108376687,0.0,1.0,1.0,0.38273167462526997,0.416206608370859,0.3707825955620399,0.4616686866580301,1.0,0.009114583333333334,0.8018044473671095,False,False
landmark,3,14,10,-4.908308263227293,-4.7909760313932,-4.927296223843407,-4.659917525255702,0.0,1.0,1.0,0.26873721512256654,0.25412080287311917,0.16426190801897164,0.33733382539462803,0.875,0.009114583333333334,1.0044969744369787,False,False
landmark,3,14,11,-2.8724986658043257,-2.908944676779689,-3.09849341343343,-2.7273709930919257,0.0,1.0,1.0,0.3297935649840702,0.2946481869624762,0.24726169092658226,0.34227576884018657,1.0,0.009114583333333334,1.5891171951312575,False,False
landmark,3,15,0,-2.4060811971981164,-2.429048508925283,-2.5879924763214923,-2.2740312487149015,0.0,1.0,1.0,0.30354002252105694,0.3149876541653781,0.25722370857706917,0.3772309821783296,0.96875,0.03125,0.9195912246586292,False,False
landmark,3,15,1,-2.816019235584185,-2.9450730411435666,-3.228569388550186,-2.64427533402566,0.0,1.0,1.0,0.4364477792828649,0.37133371552978794,0.2821949716715153,0.46060192423989155,0.9375,0.03125,1.5367992059670212,False,False
landmark,3,15,2,-2.9314152387106867,-3.1258360208728537,-3.3918397182754627,-2.8572839267866863,0.0,1.0,1.0,0.05476121479395861,-0.01336201684912039,-0.11947147629974655,0.09769068647796324,0.5,0.03125,1.4142607380094245,False,False
landmark,3,15,3,-2.261644716897159,-2.276919818473159,-2.410063968970425,-2.1480897734962086,0.0,1.0,1.0,0.018529250411454333,0.037602156719028064,-0.028823115071944204,0.11154017088534095,0.625,0.03125,1.0804087753413707,False,False
landmark,3,15,4,-3.292042351891146,-3.4306485297786793,-3.707148997651401,-3.164770262726365,0.0,1.0,1.0,0.4578717879604648,0.41632295755093995,0.3146170154333647,0.5306765284144567,0.9375,0.03125,1.350929388468802,False,False
landmark,3,15,5,-3.072553776828076,-3.1646297151495597,-3.3283733668799282,-3.0054613879359136,0.0,1.0,1.0,0.3318840284990418,0.3586955543420276,0.318316743394897,0.39853942036636003,1.0,0.03125,1.5061048602508282,False,False
landmark,3,15,6,-2.0301043344129455,-2.1174656361640682,-2.2550360429065486,-1.9645176012774872,0.0,1.0,1.0,0.11647243444898045,0.10477413758872983,0.061857336356254206,0.15320662674884364,0.8125,0.03125,0.7336430457190967,False,False
landmark,3,15,7,-2.4678651366791398,-2.4975427495820512,-2.6726981637135463,-2.3408865170603557,0.0,1.0,1.0,-0.12903087532819213,-0.13197043627860744,-0.18688310709337957,-0.0792575349008973,0.15625,0.03125,1.3701753361322684,False,False
landmark,3,15,8,-3.6741994772949074,-3.4522244309615187,-3.6940071674245387,-3.1905639540235704,0.0,1.0,1.0,0.24914171921193012,0.22505758295700046,0.17698266754578848,0.27264297098497947,0.96875,0.03125,0.6053301391606217,False,False
landmark,3,15,9,-2.2718359059954305,-2.314578876297009,-2.523118564465783,-2.1224540359967365,0.0,1.0,1.0,0.3445975777523763,0.3295648512010442,0.2471791427871266,0.40461432099918954,0.90625,0.03125,0.7504945106253607,False,False
landmark,3,15,10,-2.6899547176866503,-2.7557711882289295,-2.8861539124303373,-2.6136076190143296,0.0,1.0,1.0,-0.04028651631880717,-0.056785729253510775,-0.11045429984631458,-0.0037509944508503637,0.375,0.03125,0.7363282965856449,False,False
landmark,3,15,11,-3.7214790925298553,-3.6320460607706178,-3.7827607341211986,-3.4895016821463383,0.0,1.0,1.0,0.2685108464132498,0.23055221157838351,0.169505518914828,0.2914012944201454,0.90625,0.03125,0.45106345941467485,False,False
landmark,3,16,0,-4.81532195683015,-4.877046516396546,-5.214785616792616,-4.525967278171081,0.0,1.0,1.0,-0.04358800783880911,-0.12010610893836952,-0.2012585676291286,-0.04398339166637039,0.3125,0.05729166666666667,1.1789164779539147,False,False
landmark,3,16,1,-2.7202715168441896,-2.6814975078594894,-2.9120926213926213,-2.439742720250247,0.0,1.0,1.0,-0.4646051758936166,-0.4894841137534369,-0.564318116649685,-0.41479133783928274,0.0,0.05729166666666667,0.6993597897182771,False,False
landmark,3,16,2,-5.704112809910177,-5.339635009048932,-5.693905009825102,-4.993041227651492,0.0,1.0,1.0,0.19921705697689052,0.2688886967713031,0.07906695740444977,0.4402507456283421,0.71875,0.05729166666666667,1.9701858328543396,False,False
landmark,3,16,3,-1.987019421559571,-1.9731298175044234,-2.148764889436621,-1.7829261651325286,0.0,1.0,1.0,0.07095029213626369,0.06987378857711098,0.016430989202461856,0.12865496257143041,0.65625,0.05729166666666667,0.9322545158675942,False,False
landmark,3,16,4,-3.4594919065422713,-3.50421846375271,-3.795620814133011,-3.20559482566905,0.0,1.0,1.0,0.3425351512560527,0.3237084537441241,0.2666799722637146,0.37601917327485296,1.0,0.05729166666666667,1.1031988802813555,False,False
landmark,3,16,5,-4.447358653996583,-4.326948987987679,-4.564682674213727,-4.105838371860661,0.0,1.0,1.0,-0.0745509048490417,-0.10613050654072688,-0.17347801020560066,-0.034530801704171304,0.25,0.05729166666666667,0.6149352791307602,False,False
landmark,3,16,6,-3.9191189464711,-3.7866095319678785,-4.039843134789707,-3.539629575148157,0.0,1.0,1.0,0.24512672698552973,0.27055643153003994,0.19583105126842185,0.3394823895980104,0.875,0.05729166666666667,1.483519663091293,False,False
landmark,3,16,7,-2.4145964182140087,-2.452633778960198,-2.653888376037053,-2.230925499014593,0.0,1.0,1.0,0.057526952151114294,0.08360832706244982,0.039353794472239086,0.13207165151418473,0.625,0.05729166666666667,0.8311399429061372,False,False
landmark,3,16,8,-4.007977095820948,-3.892836073804329,-4.061343556537328,-3.7056888011526565,0.0,1.0,1.0,0.14865782690697996,0.11953188230700587,0.06583010200219426,0.17401034015442632,0.78125,0.05729166666666667,0.7764819869126306,False,False
landmark,3,16,9,-6.333587042042578,-6.020363622034999,-6.311738266196843,-5.684154988575616,0.0,1.0,1.0,0.25570048041311266,0.30769971919131456,0.22208602257593296,0.40030431558755786,0.875,0.05729166666666667,1.1673974788654804,False,False
landmark,3,16,10,-2.334951546744689,-2.346145121137377,-2.552273425027382,-2.1282433442820987,0.0,1.0,1.0,-0.11558785493056149,-0.12975679934402212,-0.17985245039720626,-0.07671136766375047,0.25,0.05729166666666667,1.0677454841324057,False,False
landmark,3,16,11,-2.108043091226831,-2.23426130057246,-2.453810555797688,-2.0147532599980256,0.0,1.0,1.0,0.25273814502028724,0.25812310085264056,0.1972358160285139,0.31854164185811884,0.90625,0.05729166666666667,0.1385486177253319,False,False
landmark,3,17,0,-3.669226862734888,-3.802604827919749,-4.1784838906303134,-3.41236071059095,0.0,1.0,1.0,-0.040024197206980784,-0.04894612603127889,-0.11771341086229284,0.019670870476285733,0.34375,0.04817708333333333,0.8903474620960754,False,False
landmark,3,17,1,-3.5389092432328138,-3.395623005409929,-3.588233292677647,-3.2252182963260085,0.0,1.0,1.0,-0.03125073995273617,-0.005125048854929856,-0.053181097758724954,0.03947473621970652,0.5625,0.04817708333333333,2.4090022997992824,False,False
landmark,3,17,2,-3.0914780122297265,-2.915427460360212,-3.1744248308302434,-2.697075048972316,0.0,1.0,1.0,0.08953034083999424,0.0778927095349627,0.03779546109377185,0.11755372737368255,0.8125,0.04817708333333333,0.6073241162401936,False,False
landmark,3,17,3,-4.181354722466605,-4.236570489114111,-4.648568097674032,-3.8625510911336622,0.0,1.0,1.0,0.7236577779238638,0.6969394524752152,0.6194068972040325,0.780537306441118,1.0,0.04817708333333333,1.0472457844434013,False,False
landmark,3,17,4,-2.995749120345756,-2.9662322947242163,-3.2506005641217413,-2.710669502499987,0.0,1.0,1.0,-0.055200144115328864,-0.04746325449574618,-0.08196448621175445,-0.012678741961066917,0.21875,0.04817708333333333,0.7210262389633272,False,False
landmark,3,17,5,-4.158855077672489,-4.102916237458149,-4.414452515200095,-3.804463000235021,0.0,1.0,1.0,0.588489851669451,0.6051851660627496,0.5489590842313578,0.6639836297799254,1.0,0.04817708333333333,0.9527542155565989,False,False
landmark,3,17,6,-3.4900399840774377,-3.5302527306004707,-3.879838238767916,-3.114099219454028,0.0,1.0,1.0,-0.024589897371245957,-0.044977754315199785,-0.10032617703833555,0.018891149484286954,0.34375,0.04817708333333333,1.0926271896414652,False,False
landmark,3,17,7,-5.627575739151148,-5.40448571704585,-5.9532615432796785,-4.8523196158764,0.0,1.0,1.0,0.5395103520312319,0.5039063547064181,0.43214768702265216,0.5683831670878533,0.96875,0.04817708333333333,1.0938284723121727,False,False
landmark,3,17,8,-4.864444772757688,-4.810124182216315,-5.2336100158988135,-4.429880545261266,0.0,1.0,1.0,1.4982205521099052,1.4185497389323847,1.3016457462733455,1.5421820025745732,1.0,0.04817708333333333,1.263488621359299,False,False
landmark,3,17,9,-2.6791822247901846,-2.537082931574572,-2.7583287799979095,-2.3268237517050814,0.0,1.0,1.0,-0.4049160321409687,-0.3825859031957025,-0.44305922202252085,-0.3283787493683815,0.03125,0.04817708333333333,1.293986036755869,False,False
landmark,3,17,10,-5.00909402740018,-4.99527302427928,-5.374210991260534,-4.612081161846907,0.0,1.0,1.0,0.34438597897822587,0.3128195048397515,0.23597056496244653,0.3839593951029496,0.875,0.04817708333333333,0.7346503120917652,False,False
landmark,3,17,11,-2.785967091716622,-2.7834550652706347,-3.0427701795796898,-2.525836197240402,0.0,1.0,1.0,-0.2285941356297314,-0.2111477778262908,-0.25467137536549656,-0.1668756959578007,0.03125,0.04817708333333333,0.6670174819169036,False,False
landmark,3,18,0,-2.28985128310038,-2.3286169267493526,-2.572171958839445,-2.0765945371078156,0.0,1.0,1.0,0.055383839289810444,0.015883929342049727,-0.03862122837426361,0.0639719784635066,0.625,0.048177083333333336,0.07945923889287328,False,False
landmark,3,18,1,-5.090910893766953,-5.242424962563825,-5.751422558954941,-4.727523848593909,0.0,1.0,1.0,0.09931419202368053,0.03723639188565945,-0.05571908814343323,0.13461473361296875,0.5,0.048177083333333336,1.8943524401874652,False,False
landmark,3,18,2,-5.064850817251436,-5.080343076607214,-5.482518244278553,-4.660369788849702,0.0,1.0,1.0,-0.020879466995471045,-0.0217540918374175,-0.1161287999508832,0.0674573968493596,0.5,0.048177083333333336,1.504730669435317,False,False
landmark,3,18,3,-5.109343881932206,-5.209761108345019,-5.710789170141996,-4.703911824293549,0.0,1.0,1.0,0.07773121940008487,0.05051973787400591,-0.04182416777944091,0.1418050830404133,0.65625,0.048177083333333336,1.0068588620126948,False,False
landmark,3,18,4,-3.2290703618197605,-3.2893409611091653,-3.530730332790387,-3.033869682470666,0.0,1.0,1.0,-0.07927606690240668,-0.12536923607041667,-0.17720899041352658,-0.07777749952445244,0.15625,0.048177083333333336,0.9931411379873052,False,False
landmark,3,18,5,-4.624938922512813,-4.708712275542155,-5.08214425352542,-4.300981623370724,0.0,1.0,1.0,0.08378628271431494,0.03657922898710308,-0.04022660194171456,0.11666089919420174,0.5,0.048177083333333336,1.3960788514372333,False,False
landmark,3,18,6,-4.63971540181528,-4.70166724028051,-5.08025542507473,-4.343875175681594,0.0,1.0,1.0,-0.07019833135627573,-0.09616364566995333,-0.1597833903966795,-0.035808986095024004,0.34375,0.048177083333333336,0.7754481699623256,False,False
landmark,3,18,7,-4.299751926097361,-4.506505358148937,-4.998080831593025,-3.9991235723932146,0.0,1.0,1.0,0.00018542643413043888,-0.05078236671731552,-0.12568828028505852,0.03233755140980811,0.34375,0.048177083333333336,0.7270561478580314,False,False
landmark,3,18,8,-5.077943126202223,-5.086725638660061,-5.502836090923474,-4.657234023593817,0.0,1.0,1.0,-0.003305250251294807,-0.07790654108777365,-0.16049330580652282,0.0036162215141117555,0.40625,0.048177083333333336,1.6636764836085016,False,False
landmark,3,18,9,-1.3194293068657208,-1.3632478482689598,-1.6282266945808905,-1.1085484041278828,0.0,1.0,1.0,0.3112144764976865,0.31352827669583244,0.2809428163599161,0.34695853608117466,1.0,0.048177083333333336,0.32563091386724075,False,False
landmark,3,18,10,-4.618276077781976,-4.711810684225165,-5.153126041667869,-4.256371828602632,0.0,1.0,1.0,-0.10316905514731352,-0.1707242587873393,-0.23383382820417656,-0.09977779153790056,0.09375,0.048177083333333336,1.2870118741560588,False,False
landmark,3,18,11,-3.6560822614408433,-3.978136801781817,-4.377992349798056,-3.5352893231678526,0.0,1.0,1.0,0.03885892489370946,-0.01844591867460217,-0.10704960162374724,0.07165284600619269,0.53125,0.048177083333333336,0.5771258034368963,False,False
landmark,3,19,0,-1.8161131790868643,-1.8585865091742626,-2.109959500095321,-1.6043087019023508,0.0,1.0,1.0,0.05396753873590125,0.04485168940467531,0.005588615791315935,0.08656977427111878,0.625,0.0390625,0.07842368062544325,False,False
landmark,3,19,1,-5.127761794695901,-5.0934652241903375,-5.555949324063235,-4.640266516230093,0.0,1.0,1.0,0.048723362323138036,0.04708326390645469,-0.03580807029160755,0.13745755643348745,0.5625,0.0390625,1.0199208330935028,False,False
landmark,3,19,2,-5.502585958758669,-4.8578351821497066,-5.4489334339337585,-4.209791381018334,0.03125,0.9999999997671694,1.0,0.44300864737592094,0.4340925046420697,0.2938937595150672,0.5600556834359197,0.90625,0.0390625,3.194471338141227,False,False
landmark,3,19,3,-5.134767147450761,-5.15553785602714,-5.565839151699997,-4.757214771819046,0.0,1.0,1.0,0.005431208209194214,-0.030191655032351578,-0.0903878060251466,0.03522791689431077,0.375,0.0390625,0.7237300059707543,False,False
landmark,3,19,4,-4.015617347453292,-3.9537852224057906,-4.425472415517803,-3.495773714470999,0.0,1.0,1.0,0.0898952520178381,0.04042882150193223,-0.07019912323191789,0.1416116658268087,0.65625,0.0390625,1.662519142610678,False,False
landmark,3,19,5,-5.2925894131390265,-5.119446749321952,-5.41116762566631,-4.823020418337825,0.0,1.0,1.0,0.6676268532421825,0.6306521836836212,0.5574791632398992,0.7032846897610817,1.0,0.0390625,1.2315568156896768,False,False
landmark,3,19,6,-2.5140219646488178,-2.574732210038456,-2.8871801516278213,-2.266530571566149,0.0,1.0,1.0,0.2114698857462639,0.1933614262187483,0.16293350684570834,0.2232939478412313,0.96875,0.0390625,0.5437770552826627,False,False
landmark,3,19,7,-3.7974663255118553,-3.6973388764302504,-3.958781920993928,-3.4403534392265818,0.0,1.0,1.0,0.2491478335248697,0.22668860359727144,0.17893066668124133,0.2751512444329151,0.96875,0.0390625,0.750231262290174,False,False
landmark,3,19,8,-1.8839457641462112,-1.8036145628729705,-2.0360399241402503,-1.5962714904813147,0.0,1.0,1.0,0.07243463709039943,0.05330709011100136,0.023149104263410023,0.08456133235111742,0.75,0.0390625,0.3954978130368067,False,False
landmark,3,19,9,-4.09945236890945,-4.122917378046153,-4.382245236518543,-3.849788671838586,0.0,1.0,1.0,0.2107953452012024,0.18900492083812426,0.1451074207641727,0.22797301222323654,0.90625,0.0390625,1.117447892198163,False,False
landmark,3,19,10,-4.372931988811176,-4.108988890921324,-4.4447076813292705,-3.7751163730648547,0.0,1.0,1.0,-0.15024919714094465,-0.13531062404190006,-0.2654897737978729,-0.002811768089784203,0.34375,0.0390625,0.9800791669064972,False,False
landmark,3,19,11,-5.597492475946499,-5.5002256308034845,-5.988342075058036,-5.062919009836667,0.0,1.0,1.0,0.18666078166161287,0.2074383438005335,0.13247901841036808,0.28203219881814723,0.875,0.0390625,1.1843106096807419,False,False
landmark,3,20,0,-3.997086177190174,-3.9923656390873914,-4.187853964319094,-3.7947534602380872,0.0,1.0,1.0,0.35663936711254074,0.39203624888144395,0.3472898614998029,0.43681172466541907,1.0,0.036458333333333336,0.8156077000108035,False,False
landmark,3,20,1,-2.9640895396107227,-2.698800549920451,-2.9991000173981663,-2.374334854266116,0.0,1.0,1.0,-0.015735916343953174,-0.07925398466271935,-0.1688251593919153,0.015865537061191426,0.34375,0.036458333333333336,1.0940282770383383,False,False
landmark,3,20,2,-4.35719745750395,-4.285519232128404,-4.506379286745477,-4.068954086055685,0.0,1.0,1.0,-0.04101410198853678,-0.07081174906702356,-0.1812953003868184,0.02909965694440803,0.34375,0.036458333333333336,0.8917693106055323,False,False
landmark,3,20,3,-1.961460732433075,-1.744249139417474,-2.047855121272903,-1.4590334960770417,0.03125,0.9999999997671694,1.0,0.49444034402954345,0.5072899675561445,0.4087203372337502,0.6001876319525845,0.96875,0.036458333333333336,3.2413256033195434,False,False
landmark,3,20,4,-3.474061172391,-3.781140425995459,-4.1379122431710496,-3.4132080087839323,0.0,1.0,1.0,0.006204169252065576,-0.034679406633904446,-0.10547696151217299,0.03563365146643746,0.375,0.036458333333333336,1.0688008440891559,False,False
landmark,3,20,5,-4.514660963671233,-4.352051095002498,-4.875895643608785,-3.857227428760484,0.0,1.0,1.0,0.46519961926879727,0.36793788106801745,0.18199860353974742,0.5545463776802873,0.84375,0.036458333333333336,1.5707969250994738,False,False
landmark,3,20,6,-2.715203380327348,-2.7559365686598865,-3.049716496689369,-2.460581735576212,0.0,1.0,1.0,0.21401747064825988,0.16761039232221425,0.1021452340002966,0.24397409575492354,0.75,0.036458333333333336,2.23929426104272,False,False
landmark,3,20,7,-7.770528274634311,-7.846968404927692,-8.653333101537736,-7.092576107434915,0.0,1.0,1.0,1.2586068920833817,1.0868849631211102,0.7374469028164518,1.4109553858138446,0.875,0.036458333333333336,0.9311991559108441,False,False
landmark,3,20,8,-4.488997906600217,-4.399485854005426,-4.607414066181861,-4.183614305377693,0.0,1.0,1.0,0.32300821902434873,0.33681516181024185,0.2441074016696181,0.4355145598258739,0.90625,0.036458333333333336,0.7430387010862916,False,False
landmark,3,20,9,-3.270865038434915,-3.1039831629736314,-3.3046208884923183,-2.9065722613832246,0.0,1.0,1.0,-0.026925619333022545,0.002011427316577566,-0.046186442970471545,0.05658441535887667,0.46875,0.036458333333333336,0.4342347158728951,False,False
landmark,3,20,10,-2.1567680995676253,-2.31401949016888,-2.6122360669728155,-1.9899341082165727,0.0,1.0,1.0,0.08305411539298393,0.052767773202001864,-0.006346931240168036,0.10992983798000996,0.5625,0.036458333333333336,1.0794052352644115,False,False
landmark,3,20,11,-4.9952169731636715,-4.724774405217354,-5.275306426936683,-4.211834063086962,0.0,1.0,1.0,0.5469922489118999,0.6399717955747822,0.49194385482216385,0.7787628997572159,0.9375,0.036458333333333336,0.6903846060349701,False,False
landmark,3,21,0,-5.171006253325004,-5.075915852125232,-5.337620165840471,-4.78236817871162,0.0,1.0,1.0,-0.21384403375373284,-0.25351870216767275,-0.3452753317777384,-0.15592618725308513,0.21875,0.15755208333333334,2.023621579791421,False,False
landmark,3,21,1,-4.2797177872323875,-4.110630993738029,-4.356027700374486,-3.8575016858030273,0.0,1.0,1.0,0.20474390744645307,0.21481701773190298,0.13728415058187163,0.2974688474873357,0.84375,0.15755208333333334,1.1903007689696323,False,False
landmark,3,21,2,-2.929152325464293,-2.9260653656112514,-3.1616112861266252,-2.6974929577615034,0.0,1.0,1.0,0.2209706535692932,0.1999193071664141,0.147318200814828,0.25362555118727487,0.9375,0.15755208333333334,1.0017387143971392,False,False
landmark,3,21,3,-1.8736926459031387,-1.7885223293282606,-2.1149147114193427,-1.4452995142463967,0.0625,0.9999999923165888,1.0,0.6097927666878098,0.47203306957635305,0.3665122924648893,0.5662323001546297,0.9375,0.15755208333333334,2.616487379270126,False,False
landmark,3,21,4,-3.1663527294341227,-3.2006905066853157,-3.5895774120067205,-2.7875404938020854,0.0,1.0,1.0,-0.07659558269173385,-0.10581816503821673,-0.15064558065525283,-0.05797392411882714,0.15625,0.15755208333333334,0.47056684194322973,False,False
landmark,3,21,5,-1.6636257218734665,-1.6694286608026805,-1.944188227924385,-1.3900490173477535,0.03125,0.9999999997671694,1.0,0.25346076627098946,0.22061888030050686,0.17809534296387886,0.2630969017618036,0.96875,0.15755208333333334,0.4856786751703311,False,False
landmark,3,21,6,-3.2835945144704555,-3.279765614334038,-3.5293239478732072,-3.0096530490722335,0.0,1.0,1.0,0.07064825259882687,0.08693935762906846,0.04257807636484652,0.12939989826385567,0.71875,0.15755208333333334,2.013643676136663,False,False
landmark,3,21,7,-3.8665464247698402,-4.0933447021483085,-4.536674231433353,-3.650834775142167,0.0,1.0,1.0,0.4377518357753794,0.41745350724621083,0.36317080394889134,0.47060436023973967,1.0,0.15755208333333334,0.5538078822910829,False,False
landmark,3,21,8,-7.551772005393944,-7.436730443201186,-7.654701851131806,-7.23187420966987,0.0,1.0,1.0,0.34543013142882206,0.3799071345516108,0.3063445111476572,0.4547204290321475,0.9375,0.15755208333333334,2.8142782387117804,False,False
landmark,3,21,9,-3.9152301680415977,-4.180027025197191,-4.742736299141348,-3.645972862202659,0.0,1.0,1.0,-1.6336978833911193,-1.6641996588231067,-1.7724430096322104,-1.5640137651382429,0.0,0.15755208333333334,0.9982612856028609,False,False
landmark,3,21,10,-3.566348320449096,-3.6383980256342117,-3.944033014780461,-3.3576704793510816,0.0,1.0,1.0,0.5079703191320056,0.5217541231026813,0.390617490596349,0.6787724907218519,0.96875,0.15755208333333334,0.8148343454758273,False,False
landmark,3,21,11,-4.500889627876251,-4.355543478100968,-4.643903433042181,-4.079159595509959,0.0,1.0,1.0,-0.02599573554533329,-0.04053505759141908,-0.21003096868458157,0.1225240246853352,0.46875,0.15755208333333334,0.592895693341708,False,False
landmark,3,22,0,-2.2440265708573603,-2.2884319497594374,-2.5450749166482325,-2.0223793287301017,0.0,1.0,1.0,-0.04593484387968605,-0.0814684245005182,-0.132356237371504,-0.02983605899060476,0.21875,0.359375,1.5919902675739428,False,False
landmark,3,22,1,-3.2644620211151367,-3.3109995465816606,-3.564989309522598,-3.06034346796352,0.0,1.0,1.0,-0.20131222901141865,-0.20229895597840963,-0.2940445870691304,-0.11804530854884754,0.21875,0.359375,1.2663099620655105,False,False
landmark,3,22,2,-2.966231473218433,-2.94070597604435,-3.2279729969517756,-2.6318199092196513,0.0,1.0,1.0,0.3009880035704209,0.2763547280121774,0.22307414724904548,0.32586629577776693,0.9375,0.359375,0.5837653922342719,False,False
landmark,3,22,3,-4.06186923533572,-3.9312178365120403,-4.180025298302453,-3.6416328048468687,0.0,1.0,1.0,0.11933527982369312,0.16436269321762448,0.11280000761874293,0.2245294549375672,0.875,0.359375,1.5977107721719064,False,False
landmark,3,22,4,-2.6731058254098903,-2.6396698554354163,-2.9182332287205557,-2.3558342022789036,0.0,1.0,1.0,-0.18898010760341846,-0.21368573098834326,-0.262896530890563,-0.16023343141432927,0.0625,0.359375,1.0758615739555546,False,False
landmark,3,22,5,-4.26249059127586,-4.129140977779862,-4.54343300869733,-3.753905942397185,0.0,1.0,1.0,0.004949156484322707,0.012543940594764741,-0.037360474894129275,0.060374992388680035,0.46875,0.359375,1.375111625598958,False,False
landmark,3,22,6,-1.9945068063757825,-2.2549091825733805,-2.6359131976392574,-1.829464445161756,0.0,1.0,1.0,-0.06559324492938644,-0.09174192231466727,-0.12874213031407242,-0.05594790848923063,0.1875,0.359375,0.3326810713069142,False,False
landmark,3,22,7,-1.6371204498026057,-1.6422351539951068,-1.858055418840655,-1.4401217773142068,0.0,1.0,1.0,0.40368587359445546,0.34567105686603994,0.28975793098422886,0.3951644027562642,1.0,0.359375,0.5627194563661675,False,False
landmark,3,22,8,-4.964336017815225,-4.763164947320103,-5.118074018309015,-4.382660052954646,0.0,1.0,1.0,0.09114164551686604,0.09024158811097449,0.0367719585333976,0.14767589384030808,0.6875,0.359375,1.2452389337293766,False,False
landmark,3,22,9,-0.9806524572542619,-1.09257747461861,-1.3003796409279333,-0.8925731951423272,0.03125,0.9999999997671694,1.0,-0.07228806399120193,-0.06741631366893752,-0.11763793895246485,-0.023602706145665377,0.34375,0.359375,0.4144560520860729,False,False
landmark,3,22,10,-3.173050097081125,-3.29055190264591,-3.625776060002426,-2.9744966086975904,0.0,1.0,1.0,0.21618530409694997,0.1816054329829015,0.12195948014066944,0.24232490625016084,0.84375,0.359375,0.9241384260444453,False,False
landmark,3,22,11,-2.8108568670316316,-2.8309430232087998,-3.0531394026774072,-2.628827400280629,0.0,1.0,1.0,0.0909901836329684,0.1158465980473285,0.04874224864721509,0.18531542479109017,0.6875,0.359375,0.7215441137648405,False,False
landmark,3,23,0,-2.7608526845340418,-2.778567126378688,-2.9515366497364326,-2.5854685508463215,0.0,1.0,1.0,0.1857972709321949,0.2092278830723271,0.16583540026060617,0.2480298903367588,0.9375,0.30078125,1.105071018305034,False,False
landmark,3,23,1,-5.602715132410375,-5.244924200293146,-5.7149516191818215,-4.7041256998265215,0.03125,0.9999999997671694,1.0,0.15656552395179385,0.08564573791785282,0.005664566345908928,0.15026726701313167,0.6875,0.30078125,0.8949289816949662,False,False
landmark,3,23,2,-0.30343734058670957,0.013502288343135598,-0.2785765903637211,0.2872799213951986,0.53125,0.4300250329542905,1.0,-0.19245465913711074,-0.24724756146703103,-0.3035960417128523,-0.19770438293624584,0.0625,0.30078125,0.38912916059604385,False,False
landmark,3,23,3,-3.63540251090412,-3.6785614720692674,-3.9376653316562367,-3.4145866015470947,0.0,1.0,1.0,0.07455786811335095,0.04255922392345712,-0.020549500006745717,0.10763450018379803,0.53125,0.30078125,0.6252359051208758,False,False
landmark,3,23,4,-3.1831257734427716,-3.19410547925035,-3.4328677613463485,-2.952997834104989,0.0,1.0,1.0,0.0742799927775549,-0.002257578201900902,-0.07121855449660965,0.0651296870841875,0.53125,0.30078125,2.981346669907926,False,False
landmark,3,23,5,-2.826488381800747,-2.9183496313978594,-3.3031507463031624,-2.457993833598779,0.03125,0.9999999997671694,1.0,0.04218201542379525,0.03633479408266535,-0.01218754962145106,0.09244551338804467,0.6875,0.30078125,0.29559444350264735,False,False
landmark,3,23,6,-2.1484826957939926,-2.2516541834058654,-2.5668041559950048,-1.9185832037216237,0.03125,0.9999999997671694,1.0,0.033874725511364605,-0.008559687088597981,-0.06336688354209327,0.045546036189581814,0.5,0.30078125,1.8523200156462816,False,False
landmark,3,23,7,-3.7519839652812417,-3.547696544059877,-3.750661546233663,-3.344072622868593,0.0,1.0,1.0,0.017359050766551615,-0.020827410569931995,-0.06829706250351675,0.021645515030452662,0.46875,0.30078125,1.7179000744732136,False,False
landmark,3,23,8,-2.6852661301468252,-2.6119257013824004,-2.845153478106225,-2.3830187639244405,0.0,1.0,1.0,0.02541170529501152,0.008859357762837201,-0.04775674580987855,0.0667812926260977,0.46875,0.30078125,2.637399494422653,False,False
landmark,3,23,9,-4.521826790658658,-4.27871218012616,-4.663588063714408,-3.917449833936787,0.0,1.0,1.0,0.04088604316101524,0.03633105345774039,-0.029309513871361,0.11112665575359096,0.59375,0.30078125,0.8077335536694378,False,False
landmark,3,23,10,-4.664185605256274,-3.646506276969712,-4.592609660111795,-2.6645487193938897,0.125,0.999998721992597,1.0,-0.254462018581371,-0.13799569289405078,-0.23844758743957728,-0.034388956481312925,0.3125,0.30078125,2.821950487984339,False,False
landmark,3,23,11,-4.429924985363041,-4.246052457982285,-4.469067287682559,-4.014025345296358,0.0,1.0,1.0,0.07674123223011511,0.05164559373441481,0.004167611135207641,0.096008105014861,0.71875,0.30078125,0.5451956299867231,False,False
landmark,3,24,0,-4.805551515232716,-4.596611095657806,-4.963368534973998,-4.212286634121152,0.0,1.0,1.0,0.15952838573859998,0.14933488728783484,0.08349059268861402,0.22228385309244114,0.78125,0.38932291666666663,3.029931817884108,False,False
landmark,3,24,1,-4.782374348831743,-4.4218423107471185,-4.702802149390409,-4.136126475708403,0.0,1.0,1.0,0.12699134029192033,0.14866184482077843,0.10729544917197008,0.19403106441814247,0.90625,0.38932291666666663,3.6448926923502327,False,False
landmark,3,24,2,-3.703225875262951,-3.636024434915286,-3.871306420170344,-3.396091994223699,0.0,1.0,1.0,0.07812520025567568,0.1392128354103938,0.0774574064587985,0.207924948929144,0.8125,0.38932291666666663,2.0593578791731,False,False
landmark,3,24,3,-1.461795999991442,-1.45279947465795,-1.763574290961141,-1.1525377878911998,0.03125,0.9999999997671694,1.0,-0.24965401996425732,-0.24328752969194106,-0.2796791835885716,-0.208101554562381,0.0,0.38932291666666663,0.8400431481814368,False,False
landmark,3,24,4,-1.7168770988005972,-1.6590964083551765,-1.8427694634747036,-1.4767316074270662,0.0,1.0,1.0,0.018435551709666265,0.015442738809453765,-0.015960774433687736,0.04684055859665404,0.5,0.38932291666666663,0.6218440427846872,False,False
landmark,3,24,5,-3.3477657415986033,-3.413443106018004,-3.745793858374003,-3.0711084544737974,0.0,1.0,1.0,0.45061749357913344,0.4075514027371691,0.3620419669875644,0.45234509045567406,1.0,0.38932291666666663,0.4629023459309491,False,False
landmark,3,24,6,-4.513972603139404,-4.308724074388849,-4.770884765689561,-3.8022784334570927,0.0,1.0,1.0,-0.013884841221930178,-0.047470696267014424,-0.09081602661575655,-0.0027479896353101406,0.40625,0.38932291666666663,1.1599568518185635,False,False
landmark,3,24,7,-5.569845269800855,-5.050858297368553,-5.5297635208678395,-4.618218559144063,0.0,1.0,1.0,-0.0255965018016765,-0.03982265476008069,-0.10391470307489686,0.02949387493194016,0.375,0.38932291666666663,3.6309481989861516,False,False
landmark,3,24,8,-3.6918786136897053,-3.5873773686777355,-4.025909388993693,-3.1598358070475907,0.03125,0.9999999997671694,1.0,0.1237471588982596,0.10197068071002025,0.04249552673002873,0.1580464904505114,0.71875,0.38932291666666663,0.4172425539326266,False,False
landmark,3,24,9,-2.791108168614807,-2.6928773356791873,-2.9763904274733086,-2.3958982588084963,0.0,1.0,1.0,-0.07016520844660365,-0.06046364970839596,-0.11154673774305268,0.004069857962703763,0.21875,0.38932291666666663,0.8175526766240271,False,False
landmark,3,24,10,-3.3189532928486107,-3.4600864554752353,-3.8857460909163195,-3.0362444068254586,0.03125,0.9999999997671694,1.0,0.016344482448009894,0.010665856205594628,-0.026565058792961633,0.050414096438676614,0.5,0.38932291666666663,0.3871081987301745,False,False
landmark,3,24,11,-4.963203928734622,-4.621938786705332,-5.113962202131498,-4.116821458569954,0.0,1.0,1.0,0.014836932218855216,-0.010055332435142443,-0.06564526068905473,0.04708969918367941,0.5,0.38932291666666663,2.061231912107681,False,False
landmark,3,25,0,-2.794134153479639,-2.671818812193491,-2.954863200068936,-2.402695340514268,0.0,1.0,1.0,0.009472242139322958,0.011245595338278111,-0.031619484621422146,0.0492588543896747,0.625,0.4088541666666667,1.5954990988932731,False,False
landmark,3,25,1,-4.27006919688605,-3.890238105666589,-4.15352795624592,-3.6096989188394852,0.0,1.0,1.0,0.11340286352613398,0.14449473997695178,0.09190420355286287,0.1978587253254249,0.84375,0.4088541666666667,0.757560618033668,False,False
landmark,3,25,2,-3.9820219144358493,-3.896176348489472,-4.177177819359857,-3.6276989712638286,0.0,1.0,1.0,0.13435096010078731,0.15488654852626205,0.09694193069765841,0.21430449967514756,0.875,0.4088541666666667,0.7978696908068308,False,False
landmark,3,25,3,-3.401003607802542,-3.2674052359751937,-3.5847542744189083,-2.934776317245864,0.0,1.0,1.0,0.15282978755772025,0.1925878917035,0.13499337632040212,0.251563355165767,0.90625,0.4088541666666667,1.1887871578776525,False,False
landmark,3,25,4,-2.6480744457117336,-2.697410722916892,-3.074824733508546,-2.332100933713311,0.0,1.0,1.0,0.1717890151502126,0.15434755624283078,0.11030626640087969,0.1998787977991369,0.90625,0.4088541666666667,1.2719127918718875,False,False
landmark,3,25,5,-1.6988884986247759,-1.7098411486373561,-1.954934560276412,-1.4685340846768749,0.0,1.0,1.0,-0.3484154406050207,-0.36283489625424137,-0.42633247960278586,-0.29437579837745503,0.03125,0.4088541666666667,0.4889296981060538,False,False
landmark,3,25,6,-3.2943081027261227,-3.206831225666577,-3.47714058969696,-2.922796460750414,0.0,1.0,1.0,0.21159162866898812,0.17329078929249925,0.10212052413544595,0.2438366963376112,0.78125,0.4088541666666667,0.327684505592113,False,False
landmark,3,25,7,-1.5496114268858716,-0.9427953862617664,-1.8770254154462382,-0.04594607538586663,0.46875,0.7016925520729274,1.0,-0.0636359863457325,0.08723109166012549,-0.13695871326708978,0.25482144010031027,0.65625,0.4088541666666667,0.8250392206374528,False,False
landmark,3,25,8,-3.1326030437019616,-3.2344488789532146,-3.562818453361469,-2.9108207127033165,0.0,1.0,1.0,0.004405140273515257,-0.00044059826068205965,-0.05927846591519742,0.05897246490246406,0.4375,0.4088541666666667,1.9131380473876631,False,False
landmark,3,25,9,-2.635839663278901,-2.524187766138735,-2.785076416420006,-2.2709193120901032,0.0,1.0,1.0,-0.041489214819128435,-0.019323225311370658,-0.08002617739687815,0.04587389604408524,0.46875,0.4088541666666667,0.5127766563158345,False,False
landmark,3,25,10,-2.063505700083149,-1.9895401670715787,-2.2093547691703757,-1.7860751796523577,0.0,1.0,1.0,0.05323427233446484,0.07451939354219314,0.048456678365574206,0.10029368264090999,0.8125,0.4088541666666667,1.5963692857559322,False,False
landmark,3,25,11,-3.6013994910254796,-3.456216910428828,-3.8067116952427704,-3.1245158683864385,0.0,1.0,1.0,0.24193827842763177,0.2346627460325101,0.17409711714705,0.29687467009391777,0.90625,0.4088541666666667,1.1749607793625474,False,False
landmark,3,26,0,-1.446118307313351,-1.4530982746547614,-1.631658367042438,-1.2825406852698302,0.0,1.0,1.0,-0.07615246244008383,-0.07121198036192082,-0.10624018933261564,-0.03854731523112554,0.3125,0.421875,0.20560937495276518,False,False
landmark,3,26,1,-3.472487937271147,-3.556178360788582,-3.8740197620543486,-3.2076619689906067,0.0,1.0,1.0,-0.1487168416718168,-0.1341993020802025,-0.22414188503516277,-0.027954233760225128,0.21875,0.421875,0.5321094676060576,False,False
landmark,3,26,2,-4.9705657237560805,-4.784623029466118,-5.12843654992823,-4.44041200133274,0.0,1.0,1.0,0.030555521579712613,0.06030908356744198,-0.001329994973909995,0.1267218386125736,0.59375,0.421875,1.432183062122738,False,False
landmark,3,26,3,-1.8619549704687643,-1.8109112017256221,-2.0313181130958564,-1.6110820725679829,0.0,1.0,1.0,-0.2567308611552948,-0.265989606613176,-0.3071563883223176,-0.22360342218043677,0.0,0.421875,0.22058660802528138,False,False
landmark,3,26,4,-2.2241046409953276,-2.135508382992101,-2.29353763680276,-1.975299371109333,0.0,1.0,1.0,-0.04552621006890023,-0.03190388370601195,-0.06759961098343505,0.007561200342006559,0.375,0.421875,0.33545467745562657,False,False
landmark,3,26,5,-3.0492246625911914,-2.794478173663366,-3.138239262872751,-2.436324957947384,0.0,1.0,1.0,0.16248337519173245,0.13276123880101276,0.04181875007104751,0.22511947333995158,0.65625,0.421875,1.10704435300739,False,False
landmark,3,26,6,-4.049456516573281,-3.9186692785505475,-4.209157119080245,-3.639011882557124,0.0,1.0,1.0,-0.12003186518322301,-0.13631859144873687,-0.18641400656961668,-0.09040519718182463,0.1875,0.421875,0.8929556469926101,False,False
landmark,3,26,7,-3.3622212518186876,-3.189656475408987,-3.4548558511029,-2.921749670417982,0.0,1.0,1.0,0.048384880846455584,0.03956193931414518,-0.0260412902128245,0.09864886658633674,0.65625,0.421875,0.18991585601193006,False,False
landmark,3,26,8,-5.272530471471924,-5.015357822466692,-5.411921451762626,-4.639802572492439,0.0,1.0,1.0,0.009844640448939276,0.03484375095815094,-0.03531998044701921,0.1066342980366561,0.5625,0.421875,1.4562353789235127,False,False
landmark,3,26,9,-3.7373404091251623,-3.6089809477631594,-3.889944678917516,-3.3083585256916397,0.0,1.0,1.0,0.032723343612728065,0.03196298733635673,-0.014351160521654324,0.07526144700149004,0.59375,0.421875,1.4022654989687653,False,False
landmark,3,26,10,-4.522551490534681,-4.355620928476969,-5.029347557726084,-3.6940010249445736,0.0,1.0,1.0,-0.58299141919096,-0.5331078001532987,-0.7562377337173422,-0.3388902145804279,0.0625,0.421875,4.836922825218993,False,False
landmark,3,26,11,-2.171335189759927,-2.314289311618757,-2.5929981880553883,-2.0176676369016824,0.0,1.0,1.0,0.11934576191153243,0.10622950059268951,0.07040081044500476,0.14175616399414934,0.84375,0.421875,1.1099453829768493,False,False
landmark,3,27,0,-3.201605040463048,-3.1291762453993694,-3.4546727920987292,-2.820922329573465,0.0,1.0,1.0,-0.5451452676124102,-0.4993920046671015,-0.5662422921378509,-0.43158913921183883,0.0,0.010416666666666668,0.45900969934483643,False,False
landmark,3,27,1,-3.560332792978344,-3.9171840345630726,-4.32636906056086,-3.4962691404389212,0.0,1.0,1.0,-0.010207756920504591,-0.0003227676740377994,-0.04141223968182774,0.03901659513247435,0.5625,0.010416666666666668,0.4148970687169124,False,False
landmark,3,27,2,-6.709130888114924,-6.4260427909449795,-6.857974984282534,-6.0486804890356565,0.0,1.0,1.0,0.039467486391275286,0.09502237027026986,0.012767959355441382,0.18639248924573326,0.71875,0.010416666666666668,4.264095573728045,False,False
landmark,3,27,3,-5.268970636627038,-5.040907348527256,-5.26281133494531,-4.800101549678077,0.0,1.0,1.0,0.629937447917563,0.5871418417034737,0.5327831817655097,0.6443951756041396,1.0,0.010416666666666668,0.6799473148215835,False,False
landmark,3,27,4,-2.3993375248660485,-2.1347102401134164,-2.3546530863624504,-1.9081308412456652,0.0,1.0,1.0,0.10773738317087041,0.07182626705873948,0.032745154056493864,0.11058411688849767,0.71875,0.010416666666666668,0.30798496092669536,False,False
landmark,3,27,5,-2.2455366654316067,-2.3406969570296736,-2.5867033134375816,-2.087813250897415,0.0,1.0,1.0,0.1380331783837873,0.11880357090118918,0.0875090220691413,0.1490157341796894,0.875,0.010416666666666668,0.2684850887446384,False,False
landmark,3,27,6,-4.328021143027643,-4.16175073474161,-4.3686960692829455,-3.948492566820155,0.0,1.0,1.0,-0.18753095994386398,-0.13783473983468003,-0.2518554377178579,-0.02066850336216154,0.21875,0.010416666666666668,1.4473747366382412,False,False
landmark,3,27,7,-1.5607017277365929,-1.6443603434461864,-2.073725215496618,-1.2609813488380452,0.09375,0.9999998768325895,1.0,0.05241306598665828,0.03878257980987404,-0.039686594506835066,0.11408206954917272,0.625,0.010416666666666668,2.9880088103438314,False,False
landmark,3,27,8,-3.912690438366081,-4.116788491965163,-4.533736240095168,-3.7124978204117576,0.0,1.0,1.0,0.26966191192115024,0.2671478924136047,0.20887832314382493,0.3257803639254316,0.90625,0.010416666666666668,1.3200526851784165,False,False
landmark,3,27,9,-3.753461230797657,-3.6922599936496727,-3.997586883334689,-3.393578769999705,0.0,1.0,1.0,0.3613282066518729,0.29097217179304447,0.2011907729824944,0.37194097147981575,0.84375,0.010416666666666668,3.364337455554251,False,False
landmark,3,27,10,-3.758473548447856,-3.7029438944668747,-3.8988913437111767,-3.4947149928727392,0.0,1.0,1.0,-0.04851089532728978,-0.08200034525507023,-0.16800151757578635,0.0008500945405755239,0.3125,0.010416666666666668,0.670789382676759,False,False
landmark,3,27,11,-2.8788423694275638,-2.9012267996852374,-3.3224294673986625,-2.520814910562073,0.0,1.0,1.0,0.8637134695699397,0.86808915323301,0.7629054527376431,0.9679005066909507,1.0,0.010416666666666668,11.507171629849259,False,False
landmark,3,28,0,-13.569986840583837,-13.669723191839822,-14.017450271175809,-13.299393563439622,0.0,1.0,1.0,-0.41815127818885245,-0.450179033197594,-0.5666982484786918,-0.337071275945106,0.0625,0.0,2.260398355140701,False,False
landmark,3,28,1,-7.674403181350007,-7.654157165083555,-7.966652133782755,-7.325397065551873,0.0,1.0,1.0,0.5122963943430465,0.5379786639852205,0.4206436990462444,0.659524765927511,1.0,0.0,2.2851043308482084,False,False
landmark,3,28,2,-5.48958175219366,-5.437956426897677,-6.207386969688894,-4.691444103552452,0.0,1.0,1.0,0.21237925325660345,0.20156891132003107,0.12097378664491253,0.2783262540249203,0.8125,0.0,1.2268187983608336,False,False
landmark,3,28,3,-3.9071702349407857,-4.078084785722723,-4.258234047041669,-3.8934096211253704,0.0,1.0,1.0,-0.38802991763864214,-0.35951283175105286,-0.41224905563870046,-0.3079025732304252,0.0,0.0,0.1127829750982941,False,False
landmark,3,28,4,-3.6893916138816465,-3.9401725454014995,-4.124208675838623,-3.7381128936631285,0.0,1.0,1.0,0.6310676963838358,0.6623458105660116,0.6095188541329903,0.7202749595026939,1.0,0.0,0.07274538198150432,False,False
landmark,3,28,5,-3.881653530812617,-3.9480379140179984,-4.241415476992527,-3.6675511340394302,0.0,1.0,1.0,-0.08584047986110038,-0.13021387221225672,-0.21184758404372778,-0.06331343879057472,0.375,0.0,0.13703829980978044,False,False
landmark,3,28,6,-3.2579907826406522,-3.2424521960057806,-3.5571172513640827,-2.8929653637217467,0.0,1.0,1.0,0.26800588777831913,0.22805059408985007,0.13506973977391087,0.326850227689061,0.8125,0.0,1.23874198384988,False,False
landmark,3,28,7,-1.1419233466132115,-1.4222309309914312,-1.6771183768777664,-1.1726994231863415,0.0,1.0,1.0,0.064367078043225,0.10360565237686084,0.034942996872452885,0.17699211622857464,0.71875,0.0,0.09415372789393259,False,False
landmark,3,28,8,-3.5749774814168873,-3.4895341156541226,-3.758401709419613,-3.253938141743541,0.0,1.0,1.0,-0.13774046604620283,-0.09546971952573295,-0.14138261164848973,-0.053455075898560626,0.1875,0.0,5.037624484062435,False,False
landmark,3,28,9,-4.978826947534906,-5.083850166417617,-5.3098093549658385,-4.8567231341051675,0.0,1.0,1.0,0.2610027160006908,0.2672026658302978,0.2169295310029976,0.3132297356091472,0.96875,0.0,0.7731812016391661,False,False
landmark,3,28,10,-4.6226248358241255,-4.7393320086883834,-4.96474966824635,-4.5132325873735635,0.0,1.0,1.0,0.38820859199699254,0.4528570853350212,0.338224671182159,0.559983577844308,0.90625,0.0,0.3218113618487671,False,False
landmark,3,28,11,-3.4024092551115155,-3.461961938034595,-3.7555803242292494,-3.188322081603449,0.0,1.0,1.0,-0.05104259515791984,-0.10366293932451785,-0.22013823573902258,0.007899802903739527,0.25,0.0,3.8821869230403325,False,False
landmark,3,29,0,-8.455880860464012,-8.448613262037552,-8.986905001202627,-7.9025625937236414,0.0,1.0,1.0,0.245297235029163,0.19665075653560263,-0.03886460506704121,0.4647427504189009,0.53125,0.0,7.845896565002962,False,False
landmark,3,29,1,-2.8216748906229907,-2.7609202103189125,-2.9581909582593227,-2.5569258714628296,0.0,1.0,1.0,0.12841039284401576,0.15291807495386883,0.09780448027306593,0.20806949828154034,0.84375,0.0,0.5936030576386007,False,False
landmark,3,29,2,-2.9811517105882714,-2.9701548700751763,-3.3461221961777827,-2.572741347758972,0.0,1.0,1.0,-0.20070435231570666,-0.37698267011057274,-0.48016815063868395,-0.2863633703910131,0.03125,0.0,2.8682525812249495,False,False
landmark,3,29,3,-6.06132707142894,-5.873731677871865,-6.170077942719584,-5.577104656053698,0.0,1.0,1.0,0.06442492197816731,0.06796097502926958,0.0060662508754416805,0.13055203319914502,0.75,0.0,1.0638828404839482,False,False
landmark,3,29,4,-4.5377412466418665,-4.3660951518766495,-4.532836531632616,-4.199116385562992,0.0,1.0,1.0,0.7162518836906347,0.6635631768957096,0.6006241373933164,0.723372416426549,1.0,0.0,0.9361171595160519,False,False
landmark,3,29,5,-3.3575123892657617,-3.3743091744773523,-3.6340700445000533,-3.0813417349329097,0.0,1.0,1.0,0.40422023589016026,0.39231774344766757,0.348625935891864,0.4406991756989156,1.0,0.0,0.3018027540020667,False,False
landmark,3,29,6,-3.2880979580845944,-3.2916063340132906,-3.498455123316975,-3.048232791844734,0.0,1.0,1.0,-0.23306587123186043,-0.23458243642233173,-0.28289144200687066,-0.18449071424363206,0.0625,0.0,0.9333963565976556,False,False
landmark,3,29,7,-3.60915285839761,-3.4326364475534783,-3.686162893316501,-3.1660235122126617,0.0,1.0,1.0,-0.3789775892398173,-0.34757406778751654,-0.44144551255301756,-0.26046238564058605,0.09375,0.0,0.5702172593647616,False,False
landmark,3,29,8,-5.160524029892487,-5.160083505630956,-5.532636639529782,-4.788938645203691,0.0,1.0,1.0,-0.2990204746482141,-0.2746785620817044,-0.34242341947745236,-0.21074093607441238,0.03125,0.0,1.5239042480037486,False,False
landmark,3,29,9,-8.083440712016882,-6.992868252338495,-8.876625693850764,-4.740658562860769,0.15625,0.9999903494026512,1.0,-0.29744763948712166,-0.3226575189787908,-0.633073028542444,0.016426600787812058,0.28125,0.0,8.99727844948048,False,False
landmark,3,29,10,-2.1181571934906804,-1.9826176238295012,-2.221043130006742,-1.7256793605948542,0.0,1.0,1.0,0.2988054721440038,0.25160433426880974,0.19008434823099687,0.31627269485481574,0.9375,0.0,0.5014731670813665,False,False
landmark,3,29,11,-3.6636921081498297,-3.7394765306478144,-4.263186653487313,-3.2421104016047573,0.0,1.0,1.0,0.3782879163687215,0.34356901150727176,0.22873018561359762,0.45112228928727266,0.8125,0.0,4.405639759942555,False,False
retrieval,0,0,0,-4.62049188545963,-4.61354284786706,-4.7914640288033326,-4.445631451746653,0.0,1.0,1.0,0.11980488951667828,0.1246640764835726,0.11122690752709297,0.13925245467450753,1.0,0.9192708333333334,0.9832910211651931,False,False
retrieval,0,0,1,-5.447830332112597,-5.414065477665265,-5.449648674631918,-5.376415692598076,0.0,1.0,1.0,-0.032119008258261736,-0.005651101677563858,-0.06379306568773406,0.05357634807425007,0.40625,0.9192708333333334,2.4233293037580674,False,False
retrieval,0,0,2,0.2075353632010777,0.21966016224733392,0.07468298786940944,0.376874704790189,0.6875,0.025051229866221547,0.5549810924209081,-0.018861991439084964,-0.0032946030529809062,-0.035806822621967084,0.028414238987959584,0.46875,0.9192708333333334,0.6009372840046393,True,False
retrieval,0,0,3,-0.2769077589425205,-0.23180627722960687,-0.32403843976284163,-0.1349340151267928,0.15625,0.9999903494026512,1.0,-0.04778933661006403,-0.041865685395882916,-0.06574222442475101,-0.015587955464694075,0.3125,0.9192708333333334,0.46810986054513726,False,False
retrieval,0,0,4,-2.884863448221474,-2.877326476039119,-2.930835617162943,-2.8212035485329263,0.0,1.0,1.0,0.034743213906776794,0.08008373544648997,0.041156716403846834,0.12778946716581496,0.71875,0.9192708333333334,1.40589960638349,False,False
retrieval,0,0,5,-4.367943662391065,-4.271339237218672,-4.340459814539253,-4.188238379746349,0.0,1.0,1.0,0.5507360860942949,0.7048625676158164,0.5881652685011638,0.8260142275671671,1.0,0.9192708333333334,1.016708978834807,False,False
retrieval,0,0,6,-3.4257360380314816,-3.4267674321443473,-3.5318397615769195,-3.3115838922585876,0.0,1.0,1.0,-0.420588195373884,-0.4131193300570437,-0.446872329928137,-0.3788977879452892,0.0,0.9192708333333334,1.0586311808917197,False,False
retrieval,0,0,7,-4.650207832903082,-4.7174316334842485,-4.78781665968128,-4.650778414725956,0.0,1.0,1.0,-0.6061114384879327,-0.6325059046154378,-0.6616231105894248,-0.6049076094880534,0.0,0.9192708333333334,0.3153418963605472,False,False
retrieval,0,0,8,-0.15878729688158238,-0.14089309563867103,-0.24100746671597092,-0.01849264048170678,0.21875,0.9997324736323208,1.0,-0.05118206243030993,-0.05360693835369631,-0.08516728300471943,-0.02076479204770428,0.28125,0.9192708333333334,0.23643398127954698,False,False
retrieval,0,0,9,1.735065142649595,1.7906583043204718,1.5872069388728454,1.9915288436888552,1.0,2.3283064365386963e-10,1.596552985055106e-08,-0.05321521981509917,-0.0576183063097724,-0.07540001775105791,-0.03692052147141671,0.09375,0.9192708333333334,0.1852023261314433,True,False
retrieval,0,0,10,10.47190298932734,10.539745657725822,10.312321951457665,10.757462565559877,1.0,2.3283064365386963e-10,1.596552985055106e-08,-0.7058816273537771,-0.6943955036695608,-0.72162328028434,-0.6639794940594924,0.0,0.9192708333333334,1.286080076908362,True,False
retrieval,0,0,11,-3.9023039859264372,-3.8724916665965816,-3.9225594080143833,-3.817002940570123,0.0,1.0,1.0,-0.49939213887591416,-0.4678830622892567,-0.49127397901021697,-0.44167820704209565,0.0,0.9192708333333334,2.3811240243862923,False,False
retrieval,0,1,0,-1.7572720385143803,-1.7862149875308209,-1.9918405965060342,-1.5557136904667457,0.0,1.0,1.0,0.7613345982770071,0.7612290742649921,0.6170765605181484,0.8930033401750481,1.0,0.921875,0.8314947846729198,False,False
retrieval,0,1,1,-5.039250624227051,-5.01741701436972,-5.309025183395315,-4.678625631500267,0.0,1.0,1.0,-0.6243919149882629,-0.8146289383801057,-1.160110773922129,-0.46228515565429257,0.1875,0.921875,1.896853185397775,False,False
retrieval,0,1,2,-2.368912538991439,-2.3963665442443602,-2.5791552828202153,-2.2143480692404305,0.0,1.0,1.0,1.0438193918473,1.1119694774005102,1.0022193010509446,1.2269745007868065,1.0,0.921875,1.577587240610414,False,False
retrieval,0,1,3,-1.5117096549032607,-1.4945562000919144,-1.7387714852726586,-1.2031519896897285,0.0625,0.9999999923165888,1.0,0.29906424106397766,0.31411250091994114,0.22020225148283923,0.4093984764958735,0.84375,0.921875,0.8715036322568072,False,False
retrieval,0,1,4,-2.7540804072227596,-3.0625019838937924,-3.4293005786038195,-2.709026983647447,0.0,1.0,1.0,0.9931650808861601,0.8390055210694604,0.6017609530085615,1.0533929931466797,0.875,0.921875,5.5241267900709055,False,False
retrieval,0,1,5,0.3378072619554958,0.3266337813821349,0.27352433638775486,0.3760200693875985,0.96875,7.683411240577698e-09,4.6100467443466187e-07,0.23500303865102212,0.1991766297262257,0.16225755831975175,0.23305929994123573,0.9375,0.921875,0.5293347891309355,True,True
retrieval,0,1,6,-0.3412469965232363,-0.42245440811110496,-0.5630920716425402,-0.29340292097870446,0.0625,0.9999999923165888,1.0,-0.4773016028563326,-0.49058956329130987,-0.5427227796747962,-0.4409516983248518,0.0,0.921875,0.5836209213212785,False,False
retrieval,0,1,7,-1.2720287070482463,-1.3024692034327336,-1.5396695639771623,-1.051769323504582,0.0625,0.9999999923165888,1.0,0.598607021247199,0.5511385831981082,0.4346914136681779,0.6857236170826944,1.0,0.921875,1.3102962162872058,False,False
retrieval,0,1,8,-2.64838264135509,-2.2502416517786763,-2.5656370303930074,-1.9028473900724632,0.0,1.0,1.0,0.9931818617624898,1.1324238508440119,0.8399377058877998,1.43794223255254,0.9375,0.921875,1.0311415790917058,False,False
retrieval,0,1,9,-4.363100245785614,-4.423838408263721,-4.556429373354394,-4.285889346473692,0.0,1.0,1.0,-0.8314365773201218,-0.8145016644541352,-0.9021668802241237,-0.7301596889613551,0.0,0.921875,2.5000847540928195,False,False
retrieval,0,1,10,1.6707312177107343,1.764122633014722,1.6620361125485024,1.871395654982769,1.0,2.3283064365386963e-10,1.596552985055106e-08,1.2748576017054334,1.316550563867066,1.2551493070983049,1.3906334514242633,1.0,0.921875,0.9688584209082942,True,True
retrieval,0,1,11,-3.3083428737207923,-3.1603988898576345,-3.3841543104269167,-2.9221991271900514,0.0,1.0,1.0,-0.26982530917915726,-0.221214920952509,-0.3458990345297505,-0.11933549286776228,0.1875,0.921875,0.7968823393344775,False,False
retrieval,0,2,0,-0.7072013456109085,-0.8391333473805109,-0.9372464234254633,-0.7554386922605819,0.0,1.0,1.0,0.24236720181960514,0.13580185482053958,0.008542171718366718,0.26024654501644,0.625,0.9322916666666667,0.9703764206020087,False,False
retrieval,0,2,1,-0.0696815893635472,-0.11421799746376292,-0.23354807247987086,0.0079958131867556,0.4375,0.8114572062622756,1.0,1.055079217802367,1.0235596024953857,0.9393166556203968,1.1209761090736092,1.0,0.9322916666666667,0.656627272982273,False,False
retrieval,0,2,2,-2.6804448863879595,-2.4654579721713854,-2.7401009143196036,-2.162762289423547,0.03125,0.9999999997671694,1.0,-0.17573401768270774,-0.1553160053852121,-0.23620018877746715,-0.0628046759716753,0.1875,0.9322916666666667,1.0296235793979913,False,False
retrieval,0,2,3,-1.9072283507701244,-1.8594836909829302,-2.0948188189699666,-1.6469406900022532,0.0,1.0,1.0,1.1450852296809746,1.1863382178988817,1.0799458913071138,1.29464527414868,1.0,0.9322916666666667,5.303352007955566,False,False
retrieval,0,2,4,-12.981940921616882,-12.750708374575737,-12.960957167375584,-12.575587899470262,0.0,1.0,1.0,-1.4499442597838361,-1.1881207595514267,-1.7107259623268958,-0.7475448862091392,0.125,0.9322916666666667,4.5788590753172995,False,False
retrieval,0,2,5,0.013441484433495295,0.00882331702922107,-0.06250520366301544,0.0796525685063737,0.5,0.5699749670457095,1.0,0.16837241120214097,0.1956511907549497,0.15427562865026398,0.24519038458776948,1.0,0.9322916666666667,0.8976700491287568,False,False
retrieval,0,2,6,0.6574157682252999,0.5366561494046248,0.2631319530717738,0.7889085932607012,0.84375,5.653710104525089e-05,0.002142458565925297,0.25925142307045235,0.30553166712070134,0.19907959935178393,0.4208332390090992,0.8125,0.9322916666666667,0.6889710440781545,True,True
retrieval,0,2,7,-0.5774996652192417,-0.5594366336881313,-0.7013467627430356,-0.40210943797248794,0.125,0.999998721992597,1.0,-0.01354732366514896,-0.09398366771665312,-0.22983471760122662,0.03937330156658215,0.5,0.9322916666666667,1.5563799196238333,False,False
retrieval,0,2,8,-1.6994589166415164,-1.5308714863129058,-1.702417769464058,-1.3662756239148361,0.0,1.0,1.0,0.05205716708127787,0.11842745264099566,0.019087501946194126,0.22117153277415805,0.65625,0.9322916666666667,1.1659997712876295,False,False
retrieval,0,2,9,-0.13137372750590298,-0.0428152508450223,-0.23431112770189003,0.12909854186090478,0.46875,0.7016925520729274,1.0,-0.5118821848066817,-0.5187065775949885,-0.5903991331304071,-0.4467529269992876,0.0,0.9322916666666667,0.7115960751374664,False,False
retrieval,0,2,10,-0.24824625562642377,-0.2801614215513337,-0.37832030011185486,-0.17463480042207474,0.15625,0.9999903494026512,1.0,-0.22056466008953296,-0.2018073446753542,-0.2708471244514599,-0.13287359820337943,0.125,0.9322916666666667,0.7620349889346502,False,False
retrieval,0,2,11,-0.19171981900367738,-0.11078220665143616,-0.348361574152103,0.11150117647823353,0.5,0.5699749670457095,1.0,0.8160034598939726,0.8485918200888792,0.730510626762604,0.9739865318037114,1.0,0.9322916666666667,5.67056154210022,False,False
retrieval,0,3,0,-5.5981349943923835,-6.065393731721889,-6.507074452710111,-5.587178656835047,0.0,1.0,1.0,-2.4992295810318845,-2.6592661993505695,-3.075240591610073,-2.196665553743586,0.0,0.9205729166666667,6.040999909533245,False,False
retrieval,0,3,1,-1.8716170813793667,-1.7909692400535344,-1.9132490409574738,-1.6673719535178984,0.0,1.0,1.0,0.5739396882129124,0.5478140076847252,0.48215170233765,0.6178297853008531,1.0,0.9205729166666667,0.69812398330952,False,False
retrieval,0,3,2,-3.2892668649839347,-3.1758616864636804,-3.531017847273145,-2.865202771848039,0.0,1.0,1.0,-0.8728610829436404,-0.79074286103886,-0.9355303811822147,-0.6599572088978507,0.0,0.9205729166666667,1.033290755788414,False,False
retrieval,0,3,3,0.3801783610123125,0.4306105843561452,0.24995525988133238,0.6231401698103695,0.8125,0.0002675263676792383,0.009172332606145315,0.12155286114577978,0.20369438896167674,0.12810569516540365,0.28121138100203336,0.8125,0.9205729166666667,0.9623933934533319,True,True
retrieval,0,3,4,-1.608574223206928,-1.470621369786578,-1.6810301849777474,-1.2395581256637704,0.03125,0.9999999997671694,1.0,-0.2953150526770586,-0.12555604868421083,-0.25731059181075905,0.02450644522022169,0.21875,0.9205729166666667,3.719764586344542,False,False
retrieval,0,3,5,-2.3570962190948164,-2.4274614227557443,-2.6167905456138083,-2.2436063989501926,0.0,1.0,1.0,0.26570236761321153,0.25733238095562594,0.14235288866408488,0.37427393792195135,0.71875,0.9205729166666667,1.6747925835364963,False,False
retrieval,0,3,6,-0.8507427648338884,-0.8742621803048782,-0.997138734622308,-0.7682037875750996,0.0,1.0,1.0,0.8846334979531316,0.8710371217616387,0.7912380200347523,0.9551139042948636,1.0,0.9205729166666667,1.427623200393912,False,False
retrieval,0,3,7,0.607629629280455,0.49453109961273045,0.24336094390065482,0.732267283993817,0.6875,0.025051229866221547,0.5549810924209081,0.3411447913655253,0.3063084183974181,0.1285238212882277,0.4869505435229516,0.71875,0.9205729166666667,7.560108253082581,True,True
retrieval,0,3,8,-1.2386769823066077,-1.1767857298641338,-1.4320382612989493,-0.9458950055946309,0.0,1.0,1.0,0.8139807232085503,0.8831940372986719,0.7865145819479479,0.9776115453977763,1.0,0.9205729166666667,0.9667092442115862,False,False
retrieval,0,3,9,0.08721211852036526,-0.00406869124073183,-0.14810270763288763,0.1337569913588922,0.46875,0.7016925520729274,1.0,1.0848159338112746,0.9913866396505489,0.8510508992208062,1.131066677351977,1.0,0.9205729166666667,0.6749338776262406,False,False
retrieval,0,3,10,-0.3245006252651871,-0.40042999204695995,-0.4702476693234859,-0.33845284512837626,0.0,1.0,1.0,0.2617660989384298,0.22241299846497786,0.15038720278340184,0.28500285878661913,0.875,0.9205729166666667,0.7392680237335774,False,False
retrieval,0,3,11,-1.585180035164473,-1.638304360939876,-1.845094183337106,-1.4485700077803771,0.0,1.0,1.0,0.48267632639243707,0.4716596928152187,0.39175281195909156,0.5480941353136863,0.9375,0.9205729166666667,0.7062252690645209,False,False
retrieval,0,4,0,-1.875865809162705,-1.7135949779820332,-1.9635237781467243,-1.4588818138204172,0.03125,0.9999999997671694,1.0,0.10597630593392635,0.13862210843698675,-0.039218048182462203,0.33939712549817663,0.5625,0.9166666666666667,0.7819608227930654,False,False
retrieval,0,4,1,-2.7785242608242466,-2.812618262999083,-2.982649063352255,-2.640535373860965,0.0,1.0,1.0,0.2591750619243389,0.1753287555617805,0.03511358206819135,0.2928006708379148,0.78125,0.9166666666666667,2.29608369122972,False,False
retrieval,0,4,2,-2.5836062422828903,-2.5377985120535467,-2.7756916418784026,-2.3317228968060175,0.0,1.0,1.0,0.6135731579997731,0.5636644441723789,0.37451915274277925,0.7313245185148561,0.875,0.9166666666666667,2.0768417618074078,False,False
retrieval,0,4,3,-3.4113247720377107,-3.124093489930782,-3.4271623893090783,-2.8382490326430716,0.0,1.0,1.0,0.5776564968565036,0.6415770008302752,0.543434361865561,0.7375662468693844,0.96875,0.9166666666666667,7.224818936121483,False,False
retrieval,0,4,4,-1.8147077681140669,-1.9101697036660417,-2.1985697021031108,-1.6178675903960702,0.0,1.0,1.0,0.633503692665248,0.6054253252655019,0.4661912030879012,0.7385862238598715,0.875,0.9166666666666667,0.9908809000729952,False,False
retrieval,0,4,5,-0.8543833140517381,-0.6445386151606399,-0.9492085591599808,-0.37020103971273693,0.21875,0.9997324736323208,1.0,0.4647883449646812,0.5458410037340251,0.4095907325267621,0.6741975203472548,0.9375,0.9166666666666667,3.377070636380589,False,False
retrieval,0,4,6,-1.305239375371029,-1.3282328330740756,-1.4792903273077302,-1.169198252246004,0.0,1.0,1.0,0.39066240670333374,0.41228943353172337,0.345574438240147,0.47478807964369,0.96875,0.9166666666666667,0.6673403761411216,False,False
retrieval,0,4,7,-1.2715400628503277,-1.3230503340101303,-1.4394246295801538,-1.2122320061285035,0.0,1.0,1.0,0.6535366918360017,0.6007393922745227,0.5296679689596082,0.6715001442368322,0.96875,0.9166666666666667,1.0668654500610162,False,False
retrieval,0,4,8,1.1033905199272867,1.0515680737791007,0.9129579953576035,1.1890783003488696,1.0,2.3283064365386963e-10,1.596552985055106e-08,0.37956095735923934,0.3854121506052274,0.331994142999937,0.44784724943050264,1.0,0.9166666666666667,0.5841320464021984,True,True
retrieval,0,4,9,-0.23421342853551974,-0.22548733558386763,-0.5442362669235349,0.09174084385340654,0.53125,0.4300250329542905,1.0,-0.5958599518612308,-0.5045105607984465,-0.6076237560581798,-0.3919717956446574,0.09375,0.9166666666666667,0.5574893974062236,False,False
retrieval,0,4,10,-2.0316619210466857,-2.1128656148826357,-2.2763708457376146,-1.9424445221957007,0.0,1.0,1.0,0.07541442200032093,0.09741113561884852,0.014306057477380653,0.17813256368295105,0.6875,0.9166666666666667,0.5057442213886942,False,False
retrieval,0,4,11,-0.7679590031424479,-0.7911598312891903,-0.9005694812463414,-0.6810304949445142,0.0,1.0,1.0,0.7305831216505889,0.708127631075202,0.6456450941015381,0.7745596545024859,1.0,0.9166666666666667,1.0091190999270048,False,False
retrieval,0,5,0,-6.263171269769023,-6.095104610884391,-6.281252946669182,-5.906582902560971,0.0,1.0,1.0,-1.1263603394376358,-1.0611958656378384,-1.1882943401219948,-0.9144496182210771,0.0,0.9166666666666667,1.5210088652147022,False,False
retrieval,0,5,1,-1.679447538528915,-1.618413571303697,-1.8924579817397171,-1.3491473396629685,0.0,1.0,1.0,0.38665942492335426,0.36158699739123035,0.2386646175429199,0.4991965014005431,0.78125,0.9166666666666667,1.5706521132920563,False,False
retrieval,0,5,2,-1.325980994774072,-1.3631502315624286,-1.4799870183782806,-1.2529370597319534,0.0,1.0,1.0,0.6228194310323443,0.5752462823281154,0.4085733845077813,0.7416636590360204,0.9375,0.9166666666666667,1.898274710310167,False,False
retrieval,0,5,3,0.4195988791951321,0.44566038799766583,0.38487558164883173,0.506801523820048,1.0,2.3283064365386963e-10,1.596552985055106e-08,-0.20839867087890357,-0.2153523392403082,-0.24398088928895864,-0.18290059697923017,0.03125,0.9166666666666667,0.37401125323581114,True,False
retrieval,0,5,4,-1.0705882026893063,-1.1264425589717595,-1.233600927248086,-1.0100564467830335,0.0,1.0,1.0,0.14385873113243716,0.13378838214125094,0.039705823358704415,0.22566761770898297,0.75,0.9166666666666667,0.9963587675019364,False,False
retrieval,0,5,5,-1.384809913411973,-1.3799339527830936,-1.50107066438866,-1.2544073538824971,0.0,1.0,1.0,-0.02847700410746543,-0.056578045688594994,-0.11783252695315452,0.0037073482417722087,0.3125,0.9166666666666667,0.4435571339458536,False,False
retrieval,0,5,6,-2.75655310310987,-2.5379466976186316,-2.867269259249788,-2.185277765787486,0.03125,0.9999999997671694,1.0,0.11988788397122249,0.15291998735384554,0.013817440988486937,0.28491505109105,0.59375,0.9166666666666667,1.0036412324980637,False,False
retrieval,0,5,7,-2.8159337196423513,-2.8579969437201624,-3.1009515163402415,-2.623365829262138,0.0,1.0,1.0,-0.4725412348379432,-0.4374310255191294,-0.5149921855342229,-0.3637309966147748,0.03125,0.9166666666666667,1.6776209708258805,False,False
retrieval,0,5,8,0.3129471777378865,0.28445565465068856,0.1675558282966527,0.4041774665654517,0.875,9.650597348809242e-06,0.00040873118183192084,0.25769702406303996,0.2680457597845574,0.1966492977448327,0.34001167117222736,0.90625,0.9166666666666667,0.6706712464671339,True,True
retrieval,0,5,9,-6.339898070414279,-6.326033528966482,-6.481351493314084,-6.14873575008948,0.0,1.0,1.0,-0.8518483254364055,-0.871775749219172,-0.9543627173219764,-0.7896175835420289,0.0,0.9166666666666667,1.2360589229730632,False,False
retrieval,0,5,10,-1.013142449401391,-1.0364570357704177,-1.181877958900653,-0.9028576358034076,0.0,1.0,1.0,0.8613854352924896,0.90856253217232,0.8440957002891692,0.9712595071636392,1.0,0.9166666666666667,0.5618457513776269,False,False
retrieval,0,5,11,-3.076953312886777,-3.0390651667159005,-3.168680959421579,-2.9144729220621666,0.0,1.0,1.0,-0.8317952362855907,-0.7821848493593136,-0.8624955800154126,-0.7014031715926221,0.0,0.9166666666666667,0.9164323433443305,False,False
retrieval,0,6,0,-0.930379990617992,-0.9960922486107651,-1.1432169181596417,-0.8365222042915439,0.03125,0.9999999997671694,1.0,0.03830304662825819,-0.02560035108583509,-0.09670906047984197,0.04409535146936756,0.46875,0.9205729166666667,0.7304276380256615,False,False
retrieval,0,6,1,-0.950109887626003,-0.9147848593030755,-1.0315287098850643,-0.8048209338452319,0.0,1.0,1.0,-0.06121804688782333,-0.043898046609491745,-0.08829706968908492,0.0035947823518508136,0.375,0.9205729166666667,0.9570054293693733,False,False
retrieval,0,6,2,-0.7412617855194618,-0.7402643992576828,-0.8598716400415782,-0.616421541202375,0.0,1.0,1.0,1.4996589385312982,1.394639371451296,1.2906579788002135,1.489489596079742,1.0,0.9205729166666667,1.5849011369573964,False,False
retrieval,0,6,3,-0.10929941458625748,-0.14722952941943682,-0.243209030067509,-0.04282262960414913,0.3125,0.9899691964965314,1.0,0.3138642653984513,0.2701444776440762,0.20981631271499204,0.32162435757996466,0.9375,0.9205729166666667,0.6369686424122373,False,False
retrieval,0,6,4,-2.324134353761674,-2.2090988971071877,-2.404113832516932,-1.997068971179773,0.0,1.0,1.0,-0.26068069486728834,-0.20701269913823525,-0.32988751886228573,-0.09420407187445011,0.34375,0.9205729166666667,1.3726547714360744,False,False
retrieval,0,6,5,-0.619120590346297,-0.5303890599422676,-0.617265173235033,-0.42266144119555965,0.0625,0.9999999923165888,1.0,-0.4816255454120958,-0.41866416225509157,-0.47425768293345144,-0.3646935747073249,0.0,0.9205729166666667,1.2009947514048478,False,False
retrieval,0,6,6,0.3199134686314197,0.333541550268701,0.25239733562197675,0.4104923021655034,0.875,9.650597348809242e-06,0.00040873118183192084,0.10847368094913254,0.12579912269992446,0.08965164068461558,0.16168897703477236,0.875,0.9205729166666667,0.3946403045894117,True,True
retrieval,0,6,7,0.3257165472139864,0.17110941932433488,0.013195404236477328,0.33546112592420285,0.65625,0.055092082591727376,1.0,0.5899800043698986,0.5482318641042923,0.4713870423494995,0.6175780918016585,0.96875,0.9205729166666667,1.2051951922078186,True,True
retrieval,0,6,8,-0.6172782437543332,-0.6174799531657489,-0.6872590834736312,-0.5534131680781492,0.0,1.0,1.0,0.33850150854386246,0.3274665134576761,0.2864951825780799,0.3641981317761728,1.0,0.9205729166666667,1.0424291952647928,False,False
retrieval,0,6,9,-1.0048933127372037,-1.023931131762559,-1.2359509975319158,-0.8316926522573272,0.0,1.0,1.0,0.1846394179892896,0.14396010717204458,0.032717905311821116,0.2504520060281538,0.65625,0.9205729166666667,0.9575708047352071,False,False
retrieval,0,6,10,-0.9762482556692882,-0.9114495192537431,-1.035486026194352,-0.7733961012898077,0.03125,0.9999999997671694,1.0,0.3692224607405855,0.3863514199014273,0.31904730454245617,0.4517611453509177,1.0,0.9205729166666667,0.78848248169471,False,False
retrieval,0,6,11,1.4363756489210964,1.4280898901722197,1.2020652822905067,1.6495207253704522,0.96875,7.683411240577698e-09,4.6100467443466187e-07,1.654855100512355,1.5550546324859102,1.3427403710072445,1.7610405952947985,0.96875,0.9205729166666667,2.11647537080785,True,True
retrieval,0,7,0,-2.4525879091815685,-2.482866115785508,-2.7697440847718857,-2.1880528333622222,0.0,1.0,1.0,-0.05695979094032079,0.04080404716936221,-0.10000275780870743,0.19364195635605747,0.5,0.9205729166666667,1.1850496005493667,False,False
retrieval,0,7,1,-3.857327922076406,-4.073219788855244,-4.3063081478048595,-3.832598552790965,0.0,1.0,1.0,0.17466565515861449,0.16624810077188035,0.052214624890430696,0.27457794521506523,0.6875,0.9205729166666667,1.1896223096665004,False,False
retrieval,0,7,2,-0.5630507111726126,-0.550290339514327,-0.6576834085485103,-0.4537600332642285,0.0,1.0,1.0,0.4331276059982361,0.4246067449756534,0.38779181720305644,0.4677573446083859,1.0,0.9205729166666667,0.49498483875198357,False,False
retrieval,0,7,3,-2.52582838531797,-2.3047542407434873,-2.794656367571676,-1.865916707898731,0.0,1.0,1.0,0.006609019736619093,-0.1417020005512534,-0.3104651186844384,0.02227193677304813,0.4375,0.9205729166666667,1.2635070726697293,False,False
retrieval,0,7,4,-2.873080176240783,-2.7837460484441787,-3.0327663076271136,-2.5367026618690027,0.0,1.0,1.0,-0.1760609125305202,-0.12883730624990167,-0.210031848237953,-0.044879529378305694,0.28125,0.9205729166666667,0.8149503994506333,False,False
retrieval,0,7,5,-2.0270804230964714,-2.024574263256975,-2.179571645007135,-1.8804831008136986,0.0,1.0,1.0,-0.44327569730369665,-0.42830463837367394,-0.5126297471583245,-0.3428538501017477,0.0,0.9205729166666667,1.3762108654664789,False,False
retrieval,0,7,6,-2.0400958955076,-2.1731836454905036,-2.3628928744764797,-2.015696369064456,0.0,1.0,1.0,-0.1596980630442996,-0.15250546602586398,-0.26471727545003315,-0.03450816804538115,0.34375,0.9205729166666667,2.1379746138879514,False,False
retrieval,0,7,7,-5.826315300480643,-5.759193847293856,-5.919059108949974,-5.601630324924998,0.0,1.0,1.0,-1.2107364760021548,-1.0543224020413993,-1.203148228829416,-0.8962526894601787,0.0,0.9205729166666667,0.6130797615161632,False,False
retrieval,0,7,8,-3.8177474138814995,-3.8219912268601552,-4.015896907511722,-3.621503735544419,0.0,1.0,1.0,-0.12850661902736346,-0.11728422563835002,-0.22961408338452552,0.0003042496784677617,0.375,0.9205729166666667,0.6150754566005037,False,False
retrieval,0,7,9,-2.2573472121380576,-2.279795475799784,-2.5100034373174194,-2.069398771101469,0.0,1.0,1.0,-0.3416280903209264,-0.2999939954900202,-0.36310642228651413,-0.23795593253031275,0.0625,0.9205729166666667,0.7934010545147772,False,False
retrieval,0,7,10,-0.39556653953018167,-0.3910233571085491,-0.5138868532445927,-0.27555369406507435,0.15625,0.9999903494026512,1.0,-0.2761856602538616,-0.29074509489074807,-0.338450814606245,-0.24337389618174343,0.0,0.9205729166666667,0.49770972160926463,False,False
retrieval,0,7,11,-1.8023643102297873,-1.766790874004509,-1.878484015292314,-1.6473086474184684,0.0,1.0,1.0,0.06558868819031613,0.07589194893885726,0.02168030716563631,0.12616667102035684,0.65625,0.9205729166666667,1.254876364777971,False,False
retrieval,0,8,0,-3.8085655318285276,-3.8181335881686644,-4.080705692534544,-3.5454142622341247,0.0,1.0,1.0,-0.02839046593419809,1.654813164330554e-05,-0.12580677020281367,0.11824648784275454,0.46875,0.9205729166666667,0.7796387324164119,False,False
retrieval,0,8,1,-6.182803969829357,-6.1234447532261225,-6.392074961624688,-5.857870215640211,0.0,1.0,1.0,-0.7048318849603891,-0.6792383548218344,-0.7751729108863963,-0.5819559889030829,0.0,0.9205729166666667,1.0452783548905895,False,False
retrieval,0,8,2,-0.5814493196856163,-0.5899754034934703,-0.7162791264284838,-0.4675289396858898,0.0625,0.9999999923165888,1.0,0.11152005308243206,0.05623139292540266,-0.028317814772392584,0.14226175642766706,0.53125,0.9205729166666667,0.5215773639004053,False,False
retrieval,0,8,3,-2.5516606349598288,-2.632118720671496,-2.7704863112458646,-2.482305916857484,0.0,1.0,1.0,-0.43757624818743956,-0.4049239305669985,-0.5664553742292895,-0.2523512714921697,0.15625,0.9205729166666667,1.0932004229770629,False,False
retrieval,0,8,4,-1.257304294316067,-1.401497505669281,-1.6386129377516152,-1.1749067547442136,0.0,1.0,1.0,0.6130559338441892,0.5789650794571519,0.3371299572456227,0.8337960871972214,0.8125,0.9205729166666667,1.2156739614799832,False,False
retrieval,0,8,5,-3.942309269111696,-3.8227420193658634,-4.093884856475572,-3.5588796790210218,0.0,1.0,1.0,-0.19089108969927185,-0.20709194538270942,-0.37835964662923466,-0.052046232927620645,0.34375,0.9205729166666667,1.6276475967008945,False,False
retrieval,0,8,6,1.7073601066905213,1.7166237509086057,1.5148212410174573,1.9200515136305285,1.0,2.3283064365386963e-10,1.596552985055106e-08,0.061668962822330226,0.03560170795175226,-0.026098811387323537,0.09955251155552566,0.625,0.9205729166666667,0.9547216451094106,True,True
retrieval,0,8,7,-3.3655846933535236,-3.3721089116015293,-3.550280246645325,-3.1762157664096105,0.0,1.0,1.0,-0.09237520946813593,-0.08663529189756106,-0.17951797542378226,0.009338001342807056,0.28125,0.9205729166666667,0.5280669459482723,False,False
retrieval,0,8,8,-3.5816919681197215,-3.648918011005974,-3.882677575788033,-3.4010394112397524,0.0,1.0,1.0,-0.2523249022731575,-0.22723406905967558,-0.3056189907213598,-0.15336392968898654,0.3125,0.9205729166666667,0.8457515539311294,False,False
retrieval,0,8,9,-0.8691593052366449,-0.9723460848531792,-1.116455568500383,-0.8279423410235841,0.0,1.0,1.0,0.27240771556690524,0.17701974296699874,0.10611516237626456,0.2529295315670539,0.78125,0.9205729166666667,0.42672086750785004,False,False
retrieval,0,8,10,-4.113724607648581,-4.071329351038886,-4.402641746390453,-3.746855586350063,0.0,1.0,1.0,-0.5346588184793051,-0.45391052412868826,-0.703586809306041,-0.19589195301748008,0.3125,0.9205729166666667,1.1655564865836108,False,False
retrieval,0,8,11,-7.082532973144547,-7.190298905511351,-7.493384163778989,-6.888389220888365,0.0,1.0,1.0,-0.872665460755732,-0.871120764980118,-1.0248951380244764,-0.7043657131765777,0.03125,0.9205729166666667,1.0910366724323497,False,False
retrieval,0,9,0,-2.088075407744628,-2.2235846881253183,-2.4924166297469927,-1.9583772050401782,0.0,1.0,1.0,-0.5508705644131212,-0.5368659067188298,-0.6314498330246765,-0.4513759166228429,0.0,0.9192708333333334,0.9817086113502221,False,False
retrieval,0,9,1,-0.5668899819481237,-0.6632517913888918,-0.7833076092577009,-0.538768747777598,0.0625,0.9999999923165888,1.0,0.13207705203005535,0.05664469132352642,-0.0016644164738652504,0.11586998043569058,0.59375,0.9192708333333334,0.5148302837623264,False,False
retrieval,0,9,2,-1.2645634969468587,-1.2837552494002358,-1.5600653343973079,-0.9951465860025391,0.09375,0.9999998768325895,1.0,-0.45738532194809833,-0.42714379862029705,-0.4932268993305142,-0.36206970233609875,0.0,0.9192708333333334,1.7227147668325253,False,False
retrieval,0,9,3,-0.9065562576146873,-0.8455012704145315,-1.064475503984891,-0.6125701536933909,0.15625,0.9999903494026512,1.0,0.7586418963831554,0.7780286049160448,0.6742528233105967,0.8803817850896494,1.0,0.9192708333333334,1.1482398645760623,False,False
retrieval,0,9,4,-2.443278717531875,-2.4363722569554507,-2.6217420162537532,-2.2329096448181205,0.0,1.0,1.0,-0.3790465955631983,-0.3485595039586512,-0.46580092742638884,-0.22271189671169128,0.125,0.9192708333333334,1.01495829769202,False,False
retrieval,0,9,5,-0.7473211963553208,-0.882583155040004,-1.0309229763458245,-0.7502965010611495,0.0,1.0,1.0,-0.07292105786974301,-0.12691944959502777,-0.17653800859505633,-0.07314538375750466,0.25,0.9192708333333334,0.9850417023079799,False,False
retrieval,0,9,6,-0.7704583818651725,-0.7805175603818011,-1.0072717063047922,-0.5480870718975308,0.0625,0.9999999923165888,1.0,0.8696750123026362,0.806643030210211,0.7195491466159855,0.902157425366637,1.0,0.9192708333333334,2.151059546020421,False,False
retrieval,0,9,7,-3.7721534419960925,-3.684117392859438,-3.8902858663206974,-3.497163846243933,0.0,1.0,1.0,-0.4492002424232185,-0.3805002787332195,-0.46199822766367593,-0.29591172290171464,0.03125,0.9192708333333334,0.8494275403934817,False,False
retrieval,0,9,8,-2.1014100477008206,-2.146107728697472,-2.442789852528204,-1.8607693857802883,0.03125,0.9999999997671694,1.0,0.46679524489822044,0.3691715964381839,0.2309252272662351,0.5085086960379657,0.78125,0.9192708333333334,2.469516126912305,False,False
retrieval,0,9,9,-2.9941634683756693,-3.0945455825059938,-3.299023344797398,-2.902852861849121,0.0,1.0,1.0,-0.437353423210034,-0.41206783110774875,-0.5494743985342077,-0.2616543750371108,0.125,0.9192708333333334,0.8928190776743458,False,False
retrieval,0,9,10,-1.8500510198855946,-1.8519969500432216,-1.9704211716092113,-1.744036065665952,0.0,1.0,1.0,-0.3730886668310026,-0.37274876812804786,-0.4248964059003278,-0.3201936235033019,0.0,0.9192708333333334,2.8327900388870306,False,False
retrieval,0,9,11,0.058590827417578685,-0.02270045626416438,-0.1266456422167826,0.08936279754476184,0.40625,0.8923364251386374,1.0,0.31902083794728103,0.24868917612385366,0.18824931876363685,0.3149296364042139,0.9375,0.9192708333333334,0.8906550324997209,False,False
retrieval,0,10,0,-3.366190589159399,-3.309249348970032,-3.491221132966316,-3.1333651427717415,0.0,1.0,1.0,-0.8296747182779405,-0.8214522085097651,-0.9458690786079518,-0.7095306786666449,0.03125,0.9192708333333334,0.5836737122754166,False,False
retrieval,0,10,1,-0.8996454999688628,-0.940216090932981,-1.116390649800949,-0.7579682025209242,0.0,1.0,1.0,0.5526126063483502,0.5996078549087372,0.5217070635435381,0.6824552534569404,1.0,0.9192708333333334,0.9736914715200663,False,False
retrieval,0,10,2,-1.0040658386537697,-1.0313236947278746,-1.1457220744065537,-0.9228835255055057,0.0,1.0,1.0,0.42377705253861486,0.3838649429096116,0.30214826522570387,0.45639222092201065,0.96875,0.9192708333333334,1.0263085284799338,False,False
retrieval,0,10,3,-0.7928942805080759,-0.9645663977325107,-1.1200390629154549,-0.8100459039837817,0.0,1.0,1.0,0.3222006421207312,0.2244977352093068,0.146421721471578,0.303819302035182,0.84375,0.9192708333333334,0.7088964128064342,False,False
retrieval,0,10,4,-0.03881780970992059,-0.08589120534934881,-0.27068760677071757,0.10834280285497636,0.28125,0.99649981665425,1.0,0.052066614778011125,0.05364752730510357,0.01001727633026504,0.09435186599334835,0.71875,0.9192708333333334,2.1548298860310457,False,False
retrieval,0,10,5,-0.7309537840971021,-0.7149188464010425,-0.8918928839027495,-0.5484659387852571,0.09375,0.9999998768325895,1.0,0.19920207010201724,0.19470610743322964,0.14481366192458395,0.24707421846080926,0.9375,0.9192708333333334,1.6498203509899292,False,False
retrieval,0,10,6,-0.6058322469949404,-0.6219138053638453,-0.7428183377664115,-0.5101064474525072,0.0,1.0,1.0,0.4937887669216662,0.3911928515334032,0.3117738463105793,0.468733963004629,0.9375,0.9192708333333334,0.5339589576899599,False,False
retrieval,0,10,7,0.018805018913109393,0.005570457578628729,-0.09461055018499946,0.10251687754454161,0.5,0.5699749670457095,1.0,0.12079774453250434,0.09077545028924935,0.04383577060140843,0.13726373293149177,0.71875,0.9192708333333334,0.40015065549963885,False,False
retrieval,0,10,8,0.3720037750741762,0.3062272385181186,0.15496745707607854,0.45677816588516607,0.75,0.0035001833457499743,0.10500550037249923,0.2898078357275252,0.19360855732653104,0.12235422010840002,0.26870087153930655,0.78125,0.9192708333333334,0.23513635945622846,True,True
retrieval,0,10,9,-0.5929342746097057,-0.5856383450329535,-0.6804377334556985,-0.4875612711997242,0.0,1.0,1.0,0.12876245297697492,0.10792575136558985,0.0329512335532783,0.18542118674335814,0.6875,0.9192708333333334,1.559235345107914,False,False
retrieval,0,10,10,-0.7949498480697599,-0.8918299895688977,-1.1495159518999982,-0.649430585333067,0.15625,0.9999903494026512,1.0,0.8516725810084758,0.8536006272811509,0.750200222633956,0.9641742020105315,1.0,0.9192708333333334,1.1527058088242477,False,False
retrieval,0,10,11,-2.4611364763001973,-2.4869022865664,-2.657967769481227,-2.3299843014880093,0.0,1.0,1.0,-0.40900702909253794,-0.41551437886363723,-0.46805434461973666,-0.3578814663507056,0.0,0.9192708333333334,1.5004546832095345,False,False
retrieval,0,11,0,-1.7831019048669996,-1.8042617696706231,-1.9529386766754377,-1.6437207405565684,0.0,1.0,1.0,0.1867689763645178,0.15997854806490341,0.09560625653262514,0.21992536324889891,0.8125,0.9205729166666667,1.398402122657144,False,False
retrieval,0,11,1,-1.8652243859633721,-2.032678695123059,-2.406784648660992,-1.6632065919285146,0.0,1.0,1.0,-0.28866377862863507,-0.2967954262052161,-0.37339041869664763,-0.2233806853487676,0.09375,0.9205729166666667,1.3116190625253765,False,False
retrieval,0,11,2,-0.9596472979175115,-1.0140286661308697,-1.1575554590232515,-0.8771794065211139,0.0,1.0,1.0,-0.10038828346158027,-0.106756669979475,-0.17912708808058544,-0.04015075531136227,0.4375,0.9205729166666667,0.8815158630623122,False,False
retrieval,0,11,3,-2.447466604364232,-2.4951911022717193,-2.7554736192848215,-2.258296314388386,0.0,1.0,1.0,-0.0799342960802108,-0.15191521096592553,-0.27673772173386124,-0.032298417477579014,0.3125,0.9205729166666667,1.0758234258321238,False,False
retrieval,0,11,4,-1.937006034260296,-1.7856256023403612,-1.9727965536540641,-1.597968259443398,0.0,1.0,1.0,-0.14465237469718467,-0.06956155192116939,-0.1737242944011055,0.04565426733240062,0.4375,0.9205729166666667,3.047974818201053,False,False
retrieval,0,11,5,-2.01187509314257,-1.9979591140203958,-2.169777480653944,-1.8357622732201608,0.0,1.0,1.0,0.26087425323357566,0.2756855040325681,0.22225529138576172,0.33060678539746635,1.0,0.9205729166666667,0.9241765741678764,False,False
retrieval,0,11,6,-2.016534071224624,-2.048403195427859,-2.3043431437773,-1.8258096709144451,0.0,1.0,1.0,-0.21582288635749908,-0.21430625799896014,-0.27627632855337414,-0.1545763654234101,0.09375,0.9205729166666667,1.331280533647168,False,False
retrieval,0,11,7,-2.370034698718657,-2.459824986168861,-2.666501629499355,-2.245138355830696,0.0,1.0,1.0,-0.6225772229430526,-0.6230621348584132,-0.6977359261869136,-0.5529709741500922,0.0,0.9205729166666667,1.2544036376489203,False,False
retrieval,0,11,8,-0.23049266376376057,-0.19527503521534934,-0.2991845464169861,-0.07478510207756132,0.1875,0.9999434628989547,1.0,0.43589502156862364,0.41389794257744417,0.3645123814993807,0.4630863100069502,1.0,0.9205729166666667,0.36571846654016166,False,False
retrieval,0,11,9,-2.0898563887784447,-2.3848697040366837,-2.8083407436428804,-1.955672784481045,0.03125,0.9999999997671694,1.0,0.0601472278072458,-0.15003069672819525,-0.2526363450460525,-0.046984242181883615,0.3125,0.9205729166666667,0.8409703805630736,False,False
retrieval,0,11,10,0.18555378973888687,0.1556801946227845,0.04739668352793028,0.2673117875804499,0.71875,0.010030803503468633,0.26262467354536057,0.05484875202435683,0.024642652900946055,-0.033515360707864345,0.07666938892696123,0.5625,0.9205729166666667,0.6531668337814611,True,True
retrieval,0,11,11,-0.33353435747660376,-0.37560011500915935,-0.5232601516579184,-0.222930209945906,0.21875,0.9997324736323208,1.0,0.2155791761521748,0.17300956949088295,0.123453287945725,0.22391792315564446,0.875,0.9205729166666667,0.5511038087813361,False,False
retrieval,0,12,0,-3.1759064767820284,-3.072864860988321,-3.33620007240108,-2.7891309141531337,0.0,1.0,1.0,-0.4058689120388108,-0.297718793400952,-0.435736391636975,-0.15426080373555587,0.1875,0.91796875,2.2900122787519117,False,False
retrieval,0,12,1,-1.6328426598099912,-1.6457111702231373,-1.757863547794531,-1.5349932093761003,0.0,1.0,1.0,-0.23594049515527354,-0.23836116590535483,-0.2977814273720114,-0.16996261946616079,0.15625,0.91796875,1.2535667128990864,False,False
retrieval,0,12,2,-2.97942306571895,-2.9332657715519717,-3.153002281924286,-2.682976172333653,0.0,1.0,1.0,-0.24728739897638036,-0.14018164030774782,-0.3272539500589443,0.039403114008372084,0.375,0.91796875,0.9586884150451457,False,False
retrieval,0,12,3,-0.24107593724527338,-0.2699078259762576,-0.4028359017319896,-0.14326026485865537,0.25,0.9989487992133945,1.0,0.11604946014952228,0.0804023143659762,0.015223128203383736,0.14760410368065902,0.75,0.91796875,0.4832986744178271,False,False
retrieval,0,12,4,-0.0819897886079103,-0.14628796784352424,-0.2593436383491432,-0.04477490964481078,0.34375,0.9749487701337785,1.0,0.31208923571481545,0.29248001842598587,0.24528546608287127,0.3374250666389001,0.9375,0.91796875,0.6769259987612699,False,False
retrieval,0,12,5,0.17189915618137952,0.09037484226947308,-0.04738111961592683,0.2077681552992827,0.65625,0.055092082591727376,1.0,0.10067133227947905,0.05638994473919361,0.013885389900347763,0.09179527643393598,0.8125,0.91796875,0.6112256115572666,False,False
retrieval,0,12,6,-4.0529790471485905,-4.053047094280524,-4.376435494952955,-3.7432164552295752,0.0,1.0,1.0,-0.32025838817485236,-0.27108277565561373,-0.3821810870844452,-0.15109264125626598,0.15625,0.91796875,1.0073874097104973,False,False
retrieval,0,12,7,-4.659209023128625,-4.56412713826978,-4.801464827258953,-4.325607855940588,0.0,1.0,1.0,-0.8726815252809499,-0.820149397912385,-0.9229554833519784,-0.7133488514195431,0.0,0.91796875,1.512162975838003,False,False
retrieval,0,12,8,-5.102390220858919,-5.179033001440063,-5.447303881002405,-4.885749995369509,0.0,1.0,1.0,-1.9639703959874932,-1.8681308260874876,-2.1029955294474427,-1.655209999811927,0.0,0.91796875,0.9926125902895027,False,False
retrieval,0,12,9,-3.164017408140952,-3.2411194333652946,-3.4067889966414624,-3.0783531430086013,0.0,1.0,1.0,-0.12901288595230548,-0.15203793888985334,-0.24309883757576936,-0.05772245415066367,0.21875,0.91796875,0.373141418709601,False,False
retrieval,0,12,10,-1.3973444093584009,-1.3377872946595368,-1.5040949916295474,-1.1633018937740838,0.0,1.0,1.0,0.41201746866260475,0.31405922964509586,0.18593033939962653,0.4467967291188735,0.84375,0.91796875,1.0673827315814481,False,False
retrieval,0,12,11,-2.4361550857489997,-2.5711089832527745,-2.7455263590271795,-2.3721146263125377,0.0,1.0,1.0,-0.40083779140773435,-0.4240770296041618,-0.49087379279422266,-0.3486370237788542,0.03125,0.91796875,1.1176854313538336,False,False
retrieval,0,13,0,-1.0031772794538696,-0.9665599879474155,-1.1757641513817707,-0.7757232318735375,0.03125,0.9999999997671694,1.0,0.010880895894801405,0.07314299907739714,0.015439309690217754,0.1377615126701597,0.59375,0.9166666666666667,1.4554702521261755,False,False
retrieval,0,13,1,-1.4806332729780212,-1.5443138665681857,-1.8218470187489424,-1.2836866702374128,0.0,1.0,1.0,0.5247226249553139,0.502635736837749,0.42926299025679926,0.5759962762547391,0.96875,0.9166666666666667,0.7687726313107033,False,False
retrieval,0,13,2,-0.9457984938670205,-1.0114934091518972,-1.1738069683892012,-0.887033636772447,0.0,1.0,1.0,0.12151059518359406,0.055817817985063856,-0.020044429441704717,0.1287297558504351,0.6875,0.9166666666666667,1.3181429616758709,False,False
retrieval,0,13,3,-1.5255647576937776,-1.5178008537148264,-1.6091283770950446,-1.4236288093815919,0.0,1.0,1.0,-0.4797385151916851,-0.47232469319934545,-0.5233684132963906,-0.4177869915903825,0.0,0.9166666666666667,0.5302139411906387,False,False
retrieval,0,13,4,-1.1206159611594426,-1.1532934038940212,-1.2493651670629302,-1.061520001717406,0.0,1.0,1.0,-0.24639911238860268,-0.2584141397734441,-0.3018194697100961,-0.2162650056925389,0.0,0.9166666666666667,0.6818923558202524,False,False
retrieval,0,13,5,-2.031540459170353,-2.0200629162123604,-2.220739776774929,-1.8223611967719486,0.0,1.0,1.0,-0.3124923244605085,-0.2545269843670928,-0.34554216604343807,-0.1607193459477229,0.125,0.9166666666666667,1.8337564207151387,False,False
retrieval,0,13,6,-1.162374621897369,-1.1247809130917834,-1.1931387270778238,-1.0585100405570187,0.0,1.0,1.0,-0.23915721631953274,-0.2322567366398342,-0.2792436382709488,-0.18456169394544747,0.03125,0.9166666666666667,0.90571600599874,False,False
retrieval,0,13,7,-1.9154970704259626,-2.0531004919788196,-2.273562933552314,-1.8254086070358784,0.0,1.0,1.0,-0.27541555221756886,-0.26422650055127195,-0.3301707970108217,-0.20070618228773443,0.09375,0.9166666666666667,1.09428399400126,False,False
retrieval,0,13,8,-1.6647469079354908,-1.789582526382973,-1.9872452322804885,-1.5955488729325777,0.0,1.0,1.0,0.15759830969682695,0.12102053182937383,0.06604773445970316,0.17595480675694075,0.75,0.9166666666666667,0.5681584624785486,False,False
retrieval,0,13,9,-2.7561375692039096,-2.71880313945136,-2.8945646806758165,-2.540440027378448,0.0,1.0,1.0,-0.413693346314309,-0.3646473489773033,-0.46156426232529807,-0.2506659958217948,0.0625,0.9166666666666667,1.1741051299103265,False,False
retrieval,0,13,10,-0.7125343098008895,-0.8172749380200208,-0.9639754638920455,-0.6872154716382051,0.0,1.0,1.0,0.007894788460465992,-0.038795001233494754,-0.09415820203907102,0.013136853054907532,0.40625,0.9166666666666667,0.889267629720614,False,False
retrieval,0,13,11,-2.418164327512407,-2.4428430088943904,-2.5783879711086755,-2.308914566446711,0.0,1.0,1.0,-0.5133005452001884,-0.5165493463744739,-0.5977348650399253,-0.43746029848477413,0.03125,0.9166666666666667,1.9636778922211746,False,False
retrieval,0,14,0,-2.6777193827252295,-2.6525500469141337,-2.823113751294581,-2.45476783826838,0.0,1.0,1.0,-0.49945626121317344,-0.45759148165032976,-0.5854566441553355,-0.31808039588712317,0.15625,0.9166666666666667,1.098258478443497,False,False
retrieval,0,14,1,-1.6125685212275265,-1.6554003447611514,-1.776954334356452,-1.540255598776576,0.0,1.0,1.0,0.05695065118783124,0.021483899536463527,-0.022939121704423016,0.0641710698887365,0.59375,0.9166666666666667,1.1138497600772206,False,False
retrieval,0,14,2,-0.8161336086798785,-0.8714538666088505,-0.9871386144685748,-0.7531196497942817,0.0,1.0,1.0,0.27200826139139134,0.2715634343759039,0.24001258137741693,0.3064321779565284,1.0,0.9166666666666667,0.551658052187974,False,False
retrieval,0,14,3,-3.829851108017941,-3.893300913445568,-4.066724367554679,-3.7268571133646122,0.0,1.0,1.0,-0.6028507713747986,-0.5962600978473969,-0.6923099065511571,-0.49951600949877695,0.0,0.9166666666666667,0.9500055665153776,False,False
retrieval,0,14,4,-2.7234167320202562,-2.7917644192009337,-3.0373240114821156,-2.4991371106320317,0.0,1.0,1.0,-0.20809116489032367,-0.2765166136222262,-0.3983114494576276,-0.13546679066307335,0.21875,0.9166666666666667,1.0499944334846223,False,False
retrieval,0,14,5,-3.293688950928246,-3.3237571839587137,-3.5796292901837843,-3.0034220679791352,0.0,1.0,1.0,-0.2665048681993487,-0.2032880508256208,-0.3150842150891866,-0.08726368104105318,0.28125,0.9166666666666667,0.8452443839676163,False,False
retrieval,0,14,6,-0.7581800739732835,-0.8045401115879258,-0.9108523196455369,-0.7038023430835214,0.0,1.0,1.0,0.2582913156287461,0.27067993036752463,0.22717484744461267,0.31754248995037415,1.0,0.9166666666666667,0.3911233049489687,False,False
retrieval,0,14,7,-1.5761227725244407,-1.60135145205055,-1.7510238561047629,-1.460378273331014,0.0,1.0,1.0,0.017868990900091385,0.01448269571572013,-0.027557982013957455,0.05700498277036431,0.5625,0.9166666666666667,0.7680500412281638,False,False
retrieval,0,14,8,-3.269022135128968,-3.217627540979117,-3.4366837851411494,-2.995812680054404,0.0,1.0,1.0,-0.267038465989509,-0.21985086012244384,-0.3754919204648062,-0.04817207950863518,0.25,0.9166666666666667,1.3354328551416061,False,False
retrieval,0,14,9,-0.41768789054804917,-0.44512298742427586,-0.5024155864761931,-0.3906893434076683,0.0,1.0,1.0,-0.09805145517980098,-0.15362354733915318,-0.19005756289758508,-0.11656719983442793,0.09375,0.9166666666666667,0.7802948382022659,False,False
retrieval,0,14,10,-3.1586726761899824,-3.1748857684064853,-3.313415338148198,-3.037667379504794,0.0,1.0,1.0,0.07382554638358609,0.05941603285238313,-0.04013200839359082,0.16491332006036002,0.5,0.9166666666666667,1.0617538602587249,False,False
retrieval,0,14,11,-0.8116969927375617,-0.880217054089778,-1.0308325590322909,-0.7255402372528506,0.0625,0.9999999923165888,1.0,0.038057923567349244,0.025181489584587363,-0.02307083881665735,0.07297306506757428,0.5625,0.9166666666666667,1.5762502851622715,False,False
retrieval,0,15,0,-0.9562891095863323,-0.9987964504708458,-1.1112300775334363,-0.9023189919671796,0.0,1.0,1.0,-0.019427081620996295,-0.04654718260776667,-0.08921362485104072,-0.00650059660535898,0.375,0.9166666666666667,1.0089359770589788,False,False
retrieval,0,15,1,-1.6161647709599096,-1.5970893029722801,-1.8636056381883899,-1.3303267278083477,0.0,1.0,1.0,-0.3258241778154336,-0.2970866586266463,-0.37274453793331114,-0.22185260730206338,0.0625,0.9166666666666667,2.011724513619633,False,False
retrieval,0,15,2,-0.9844814886440725,-0.9435686863101291,-1.1433365669915518,-0.7401658406549438,0.0625,0.9999999923165888,1.0,0.35181954195065157,0.40785056700475486,0.3190963439178971,0.5064147974837322,0.96875,0.9166666666666667,1.7957589206805775,False,False
retrieval,0,15,3,-0.364790305830296,-0.4378901365641612,-0.5772434636423323,-0.28719474423889535,0.1875,0.9999434628989547,1.0,0.4070942980968857,0.36220164997733106,0.29196089534131664,0.4393351071747899,0.9375,0.9166666666666667,0.9442342627432555,False,False
retrieval,0,15,4,-2.118257531537495,-2.0762777994018977,-2.3083591875244207,-1.8329062217123755,0.0,1.0,1.0,-0.36880912573450647,-0.33064734716867933,-0.4197252441203712,-0.2538283536305983,0.09375,0.9166666666666667,1.82829777490404,False,False
retrieval,0,15,5,-1.3658230843949704,-1.4831478083260925,-1.6881787669594583,-1.2985686164818413,0.0,1.0,1.0,0.039511491306074294,0.004409125139158185,-0.03468401361392094,0.044594262557180235,0.5625,0.9166666666666667,1.6598915171937711,False,False
retrieval,0,15,6,-0.4352325148503918,-0.4545860285070712,-0.5456064580102332,-0.3624113095044095,0.03125,0.9999999997671694,1.0,0.22867278661667878,0.23423033047283992,0.20739581374113722,0.2611343264310787,1.0,0.9166666666666667,0.7616220356214465,False,False
retrieval,0,15,7,-0.3285299710447105,-0.3544814539551041,-0.46231531578176593,-0.24864616463374786,0.1875,0.9999434628989547,1.0,0.4735927290904597,0.4363052600858893,0.3867586344952265,0.4818081528122304,1.0,0.9166666666666667,1.514299285189028,False,False
retrieval,0,15,8,-1.224785992523182,-1.2072980641079405,-1.3522321732885016,-1.054474578833133,0.0,1.0,1.0,-0.04235172585009756,-0.021814934044673207,-0.08080213133658173,0.03356018349070082,0.5,0.9166666666666667,0.8077841388695363,False,False
retrieval,0,15,9,-0.7597126890368157,-0.6603319507733677,-0.8041277842217435,-0.5046499199339723,0.0625,0.9999999923165888,1.0,-0.130664481968083,-0.07888957456778153,-0.1443485125459301,-0.01919525697937734,0.34375,0.9166666666666667,0.9910640229410211,False,False
retrieval,0,15,10,-0.6988025342094831,-0.8044206170850615,-0.9381405390255902,-0.6677804376316591,0.0,1.0,1.0,0.41383656721526807,0.3470802467712063,0.29808825098693814,0.40322401915417555,1.0,0.9166666666666667,0.8662602004970098,False,False
retrieval,0,15,11,-1.9127053368094202,-1.850162198124386,-2.010606994975176,-1.6919818597414797,0.0,1.0,1.0,0.1700800948947715,0.11968380838186807,0.06556459461029325,0.17049592116606926,0.78125,0.9166666666666667,0.5668141483968893,False,False
retrieval,0,16,0,-2.3496195152572583,-2.336280930527632,-2.648230665627286,-2.024536207603352,0.0,1.0,1.0,0.3314546776422116,0.38923386863828413,0.3111514626067205,0.47493001278212227,0.9375,0.91796875,1.370020476224764,False,False
retrieval,0,16,1,-0.34926225353550755,-0.4023030461292867,-0.5722619871100052,-0.2553925827041416,0.1875,0.9999434628989547,1.0,0.7093792068763778,0.6324605755981977,0.5705975904926659,0.6936640549752299,1.0,0.91796875,0.7620391167501881,False,False
retrieval,0,16,2,-4.136047521859322,-4.019648419024546,-4.352591683388984,-3.6825348187865563,0.0,1.0,1.0,0.13119221552397325,0.06767279582135058,-0.13391922368357645,0.28285489355618404,0.5625,0.91796875,2.373593280913379,False,False
retrieval,0,16,3,-0.4009823583628944,-0.39854029738723806,-0.46563718122480563,-0.33431771592608367,0.0,1.0,1.0,0.21086148164054497,0.205690214333698,0.17222448349115205,0.23879775252926172,0.96875,0.91796875,0.9188956393061621,False,False
retrieval,0,16,4,-2.0258038083544547,-2.139478716040983,-2.3879403578836738,-1.9044923989641898,0.0,1.0,1.0,-0.3278720817806211,-0.3520581753072066,-0.43550225966311523,-0.2744698157577563,0.03125,0.91796875,1.3749565010674294,False,False
retrieval,0,16,5,-2.49558214409472,-2.426034320084569,-2.635991259920585,-2.1926798355196615,0.0,1.0,1.0,0.4614407273892024,0.44969950271241926,0.3947565675789496,0.5045101345049045,1.0,0.91796875,0.6867723817795357,False,False
retrieval,0,16,6,-2.6557164683366494,-2.6755862218813795,-2.8362912331638896,-2.4984908167957642,0.0,1.0,1.0,-0.158584754070923,-0.17114043221037853,-0.3026472280188762,-0.04125798935855338,0.28125,0.91796875,1.8349271530494462,False,False
retrieval,0,16,7,-0.8935354410847196,-0.9899948842734345,-1.0889097104303604,-0.8934653378089663,0.0,1.0,1.0,0.1366587472216679,0.07550731151423087,0.021908784172440254,0.12516729943074598,0.71875,0.91796875,0.954904319954339,False,False
retrieval,0,16,8,-2.9028067932151,-2.9600366088199355,-3.105577651522379,-2.819777448892332,0.0,1.0,1.0,0.029936454099410252,0.01358626091927985,-0.034362090078765485,0.061467454984926305,0.5,0.91796875,1.045095680045661,False,False
retrieval,0,16,9,-4.847894361975443,-4.641714122940018,-4.9512861662516645,-4.290253614243563,0.0,1.0,1.0,0.002098047175139034,-0.04458800507345808,-0.15977344816522454,0.08719858304856283,0.4375,0.91796875,1.5547598081388345,False,False
retrieval,0,16,10,-0.44575571851948675,-0.4648859933335481,-0.5530790632390817,-0.3753797614605787,0.03125,0.9999999997671694,1.0,0.28920552552250633,0.27476686799355254,0.22876679658819507,0.31817836415866163,0.96875,0.91796875,0.951200487309088,False,False
retrieval,0,16,11,-1.1219683778926386,-1.2922889259454156,-1.4240740537268053,-1.1627271042438156,0.0,1.0,1.0,-0.024871953536203428,-0.057561156457275886,-0.10503995696805736,-0.010088873094840104,0.375,0.91796875,0.1553364499108709,False,False
retrieval,0,17,0,-1.4579097948501283,-1.6238002046534143,-1.9602988305391453,-1.2833327467028985,0.03125,0.9999999997671694,1.0,0.17059179818646264,0.18840460814840393,0.14159150355884137,0.23724894602131613,0.90625,0.91796875,0.7440634299437062,False,False
retrieval,0,17,1,-2.129055075848174,-2.0413586079882347,-2.1498596165953914,-1.9205420690661101,0.0,1.0,1.0,-0.02587983186713513,0.004900129030099364,-0.07471100291888633,0.0834833526776534,0.59375,0.91796875,2.5021567206287845,False,False
retrieval,0,17,2,-1.1990932307868802,-1.2292737343703515,-1.376658993345876,-1.074458018859594,0.0,1.0,1.0,-0.10540340841356767,-0.0869516414055876,-0.12122935914906961,-0.04828781899323909,0.15625,0.91796875,0.5572980414954473,False,False
retrieval,0,17,3,-3.907590865135695,-4.0713617996002025,-4.4269735134143,-3.7223342370688925,0.0,1.0,1.0,-0.8103828489991997,-0.7568095880145767,-0.8685453621239878,-0.6565505822339681,0.0,0.91796875,1.0856772354022157,False,False
retrieval,0,17,4,-1.3660997276262652,-1.4045075822684843,-1.5483154245023802,-1.2523301056838858,0.0,1.0,1.0,0.13210126102711298,0.12182483930694356,0.08075025152792985,0.1612922087746532,0.84375,0.91796875,0.7020598457326848,False,False
retrieval,0,17,5,-3.5538510383883786,-3.6419374967344975,-3.9070697587052945,-3.4194462721808576,0.0,1.0,1.0,-0.6408848831692948,-0.6055646020037444,-0.6617322731395033,-0.5444529610493228,0.0,0.91796875,1.014897387026414,False,False
retrieval,0,17,6,-1.5411834684162486,-1.5527755028457262,-1.8229857640894411,-1.2835195365681322,0.0,1.0,1.0,0.12852994009964305,0.13411029556584664,0.07020281305069517,0.1978146640704672,0.875,0.91796875,0.9851026129735859,False,False
retrieval,0,17,7,-5.140030417686638,-4.9972739029496225,-5.539198244384842,-4.428130956736225,0.0,1.0,1.0,-0.49315793857332035,-0.43104245380612793,-0.5090299064117414,-0.36234048018309317,0.0,0.91796875,1.1348670064548263,False,False
retrieval,0,17,8,-6.101425569666869,-6.054003898583874,-6.336291745266248,-5.723546351899863,0.0,1.0,1.0,-1.802550792794776,-1.7392987209504187,-1.877933732093476,-1.5794075076689713,0.0,0.91796875,1.2892022332972604,False,False
retrieval,0,17,9,-0.3151492555611538,-0.2922221894152393,-0.42825002713479987,-0.15656920434176083,0.15625,0.9999903494026512,1.0,0.6213691217769924,0.5895345400184888,0.542681362981611,0.6367523282209252,1.0,0.91796875,1.1531500658520346,False,False
retrieval,0,17,10,-3.98204606618095,-4.000370575645072,-4.314416000604172,-3.7124199538558464,0.0,1.0,1.0,-0.4148552103941673,-0.38458431478721217,-0.4738497719545022,-0.29558486895419284,0.0625,0.91796875,0.7746267337829927,False,False
retrieval,0,17,11,-1.1217872628167798,-1.2208508060189343,-1.4345267116569076,-1.003217317097989,0.0,1.0,1.0,0.3207834465102849,0.2977310363978459,0.2575431500181907,0.33939856417366354,1.0,0.91796875,0.6098617062849543,False,False
retrieval,0,18,0,-0.47506623163041134,-0.4541632883203816,-0.5276101145346029,-0.3780818294783556,0.03125,0.9999999997671694,1.0,0.09477056238599124,0.09317454720962051,0.05899836867493821,0.12961397898935814,0.84375,0.9166666666666667,0.11799471012347473,False,False
retrieval,0,18,1,-2.4791003799789264,-2.459552480271041,-2.750163844485908,-2.150702863392807,0.0,1.0,1.0,0.0967048275438579,0.12509114209169736,0.02658028782479709,0.22974665796534732,0.78125,0.9166666666666667,2.118919344108614,False,False
retrieval,0,18,2,-2.821279661174787,-2.632793640587275,-2.8664551201903943,-2.382219613189435,0.0,1.0,1.0,0.047147812051779314,0.10240023676185574,-0.0033580135896710732,0.22909313662512684,0.65625,0.9166666666666667,1.6977189806622222,False,False
retrieval,0,18,3,-2.831088962284122,-2.769572367948098,-3.0911510911388365,-2.4798708125874818,0.0,1.0,1.0,-0.01779126819579282,-0.008628759946664191,-0.11519960482955538,0.10339210257876129,0.46875,0.9166666666666667,1.0913796717295061,False,False
retrieval,0,18,4,-1.21066937414134,-1.1148055429744654,-1.2200398545070057,-0.9932290203035514,0.0,1.0,1.0,0.1795933935498992,0.20644065659306887,0.1333312980270701,0.28013504167659214,0.875,0.9166666666666667,0.9086203282704939,False,False
retrieval,0,18,5,-2.3967322851965505,-2.3598573447433933,-2.57115303584282,-2.148080296231568,0.0,1.0,1.0,-0.03388362163586295,0.016454472304970144,-0.06272495872154202,0.1072352311338637,0.5625,0.9166666666666667,1.6234316490106366,False,False
retrieval,0,18,6,-2.4952339331185702,-2.4084200320017137,-2.6280815805804867,-2.1734998592829236,0.0,1.0,1.0,0.1481941886398161,0.174420567552018,0.09299252595436483,0.26145460639401535,0.84375,0.9166666666666667,0.8427572142989413,False,False
retrieval,0,18,7,-1.847242746354231,-1.943643694524762,-2.2388136976490984,-1.6082772304478972,0.0,1.0,1.0,0.12252729406874074,0.1171833508672544,0.04217413349408051,0.19728910221752002,0.75,0.9166666666666667,0.816782532363144,False,False
retrieval,0,18,8,-2.9365974231897427,-2.7863034799985424,-3.019604763894304,-2.575065348814217,0.0,1.0,1.0,0.06397644087731655,0.1124903508578361,0.012215932953958487,0.23081092457386151,0.71875,0.9166666666666667,1.849868247324028,False,False
retrieval,0,18,9,-0.5335967457427894,-0.521435875509735,-0.6449794910260188,-0.381957048821103,0.125,0.999998721992597,1.0,-0.22366070423593548,-0.22045835110069356,-0.2587770310334372,-0.18331265107301578,0.0625,0.9166666666666667,0.33361030491701293,False,False
retrieval,0,18,10,-2.0026515712553175,-2.002765132338644,-2.2880191158675385,-1.7087419197654974,0.0,1.0,1.0,0.24179670880655676,0.26074848532598605,0.17752953143271988,0.35000358059956255,0.875,0.9166666666666667,1.2634514563880972,False,False
retrieval,0,18,11,-1.8077491820511402,-1.8840585159097036,-2.1581896321303176,-1.6130767589884072,0.0,1.0,1.0,0.04128103596153261,0.09386111781126011,0.02532931041720472,0.17780879053218612,0.625,0.9166666666666667,0.5318096341146936,False,False
retrieval,0,19,0,-0.29746248278316567,-0.4463980052387564,-0.5720344091313616,-0.3256559309488531,0.0625,0.9999999923165888,1.0,0.09856640652258408,0.07985173360121672,0.03896086037936046,0.11753051148763861,0.875,0.9166666666666667,0.07118113969100873,False,False
retrieval,0,19,1,-3.043747160976621,-3.08366616683367,-3.477705962315446,-2.744817343675782,0.0,1.0,1.0,0.22699426081561336,0.21884351321001805,0.14211138186517883,0.30505940702713613,0.84375,0.9166666666666667,0.9703945979704273,False,False
retrieval,0,19,2,-4.331026510341784,-4.244371275731172,-4.666408074759272,-3.8361539389838644,0.0,1.0,1.0,-0.4242685954754799,-0.4044661107385699,-0.5297572900559873,-0.2851557370893216,0.125,0.9166666666666667,2.949900981066038,False,False
retrieval,0,19,3,-2.99938889478688,-3.0194962409411197,-3.3000842079684807,-2.740199547125069,0.0,1.0,1.0,0.10684656390456986,0.1003485990193441,0.049382688731334896,0.15523986437236112,0.71875,0.9166666666666667,0.6959339085902606,False,False
retrieval,0,19,4,-1.9116201237596382,-1.7813392768306493,-2.1395142291333946,-1.4555260153701122,0.03125,0.9999999997671694,1.0,0.03084867034486449,0.05032723494204104,-0.04534234795824654,0.15014171701434026,0.625,0.9166666666666667,1.5671535415665967,False,False
retrieval,0,19,5,-4.5219772865061785,-4.511104677583249,-4.741776624513593,-4.2638192869293965,0.0,1.0,1.0,-0.5010370671138871,-0.49061346970954356,-0.5620666724591246,-0.40902604569014367,0.03125,0.9166666666666667,1.3398641133218985,False,False
retrieval,0,19,6,-1.449002755761585,-1.5680139449965895,-1.7840804179690226,-1.3626931120759453,0.0,1.0,1.0,-0.15175060569087948,-0.16563220208362145,-0.19256839906749268,-0.13829280088015913,0.0,0.9166666666666667,0.48541201155451674,False,False
retrieval,0,19,7,-2.248479736083448,-2.2287635655162052,-2.4529914522830163,-2.0141290115060495,0.0,1.0,1.0,-0.2539133042538134,-0.24118262684427405,-0.29817960268048604,-0.18753278876511986,0.03125,0.9166666666666667,0.7970286188475362,False,False
retrieval,0,19,8,-0.4997968012753503,-0.4604085843364812,-0.5951867552856769,-0.33287666000184485,0.125,0.999998721992597,1.0,-0.08055255176299356,-0.061097893170330465,-0.0933367866408395,-0.03024124078938285,0.1875,0.9166666666666667,0.4318407524597263,False,False
retrieval,0,19,9,-2.5825652060594373,-2.5644650380134912,-2.73583289871194,-2.3933373989784963,0.0,1.0,1.0,-0.0769814784358227,-0.07542342729058579,-0.11495647395648338,-0.03380322574284947,0.3125,0.9166666666666667,1.0296054020295728,False,False
retrieval,0,19,10,-2.01562543931431,-1.9859073170904162,-2.198056288072694,-1.7874711260309963,0.0,1.0,1.0,0.07151150872550206,-0.006022708926172175,-0.11121777776468633,0.09828878956034533,0.5625,0.9166666666666667,1.2062904408273456,False,False
retrieval,0,19,11,-3.4130004913091376,-3.395231867070156,-3.7863061514183154,-3.0003921280150814,0.0,1.0,1.0,-0.09451659407234803,-0.13646685933335742,-0.20882106613790152,-0.06289705138560377,0.21875,0.9166666666666667,1.1873983400666077,False,False
retrieval,0,20,0,-2.606175362467927,-2.5380339282348494,-2.647877068756276,-2.431824304171777,0.0,1.0,1.0,-0.33970110159784744,-0.3843686359335712,-0.41863940623318374,-0.354391678458737,0.0,0.9192708333333334,0.5629410833314281,False,False
retrieval,0,20,1,-1.5501040733998421,-1.4061484821384864,-1.6537391455733599,-1.1636042510700886,0.03125,0.9999999997671694,1.0,0.4745229347311616,0.5165820973498134,0.3973779459562771,0.647380692731944,0.96875,0.9192708333333334,1.0847265930254362,False,False
retrieval,0,20,2,-2.8461456657447077,-2.8415546771924642,-3.033521542782036,-2.6660899625957613,0.0,1.0,1.0,0.21015882480587436,0.17073136118234916,0.034740496966842185,0.29828009228684743,0.75,0.9192708333333334,0.9744761167382076,False,False
retrieval,0,20,3,-2.0482121022450057,-2.0426057906684325,-2.3186381377241516,-1.7828483624528204,0.0,1.0,1.0,-0.3995081265833683,-0.44823192636675335,-0.5507333279190371,-0.33124385567392683,0.09375,0.9192708333333334,2.698181538516853,False,False
retrieval,0,20,4,-1.0638887683940954,-1.2748107407861857,-1.4979415579824755,-1.049163277240433,0.03125,0.9999999997671694,1.0,0.17205089968209397,0.2188958602411089,0.16404168232895452,0.27704619675844583,0.90625,0.9192708333333334,0.7850856244864468,False,False
retrieval,0,20,5,-4.240437787068515,-4.283277280184881,-4.834910758460068,-3.827754119303127,0.0,1.0,1.0,-0.5891583979746602,-0.821126121490048,-1.1813969807136433,-0.5359048564177081,0.09375,0.9192708333333334,1.802859107971723,False,False
retrieval,0,20,6,-1.1237799369923382,-1.1168674417427786,-1.2250226630226362,-1.0190325304427872,0.0,1.0,1.0,-0.06369091657177885,-0.0758683835118657,-0.14221707050524535,-0.01669001353890427,0.34375,0.9192708333333334,1.559486884875328,False,False
retrieval,0,20,7,-7.946048600885855,-7.96843572142691,-8.714212858866768,-7.171212887000618,0.0,1.0,1.0,-1.0007391280442648,-0.8492593990269093,-1.2790403130001597,-0.38060325407843865,0.3125,0.9192708333333334,1.0255238832617926,False,False
retrieval,0,20,8,-3.5927160189831002,-3.5780202866291333,-3.824347365803084,-3.359018271231664,0.0,1.0,1.0,-0.11702731346695205,-0.13225247181428712,-0.2522733140261171,-0.006540467579281289,0.40625,0.9192708333333334,1.202540801770805,False,False
retrieval,0,20,9,-1.9187981487239951,-1.8446971445305755,-1.9392951995869823,-1.750823729875984,0.0,1.0,1.0,0.13349817619190008,0.11371350333363536,0.07176193075524925,0.15489900148310023,0.8125,0.9192708333333334,0.8734202067552684,False,False
retrieval,0,20,10,-0.6223085152109378,-0.6449202604831975,-0.7783790754320723,-0.5065558918443849,0.0625,0.9999999923165888,1.0,0.07600565165267253,0.08886904912703611,0.04455325185175228,0.14515000252480473,0.6875,0.9192708333333334,0.7986772337934133,False,False
retrieval,0,20,11,-4.76860036792929,-4.7023851439854365,-4.973234894356441,-4.448841703761709,0.0,1.0,1.0,-0.5590800067325687,-0.5634176065108514,-0.7024148360425402,-0.43491790375508704,0.0625,0.9192708333333334,0.7040901266128814,False,False
retrieval,0,21,0,-3.567346223286536,-3.3994533086275265,-3.618683216912132,-3.153962559441399,0.0,1.0,1.0,0.46605321378570264,0.5098529661269205,0.4101354900435502,0.6158491899619604,1.0,0.91796875,1.927071733338106,False,False
retrieval,0,21,1,-3.0116854679224048,-2.84893406321362,-3.0072355452144923,-2.688168092079105,0.0,1.0,1.0,-0.2244325197902092,-0.25913017510114555,-0.3346027023303799,-0.18476345030470132,0.125,0.91796875,0.9321273368169125,False,False
retrieval,0,21,2,-1.6044384237374487,-1.505973538707077,-1.6491393212477525,-1.3694255447465091,0.0,1.0,1.0,-0.15004435034340421,-0.14454696934077374,-0.1962351231372849,-0.09881308654079977,0.125,0.91796875,0.9727419764245773,False,False
retrieval,0,21,3,-1.9714226907360142,-1.7788730334767426,-1.9332129972081433,-1.602207985725635,0.0,1.0,1.0,-0.37761447677903726,-0.262854302813614,-0.4025428649261195,-0.10146174157743806,0.25,0.91796875,3.077998246425186,False,False
retrieval,0,21,4,-1.5996721873202613,-1.5094608827196183,-1.796678931239145,-1.2218384855797582,0.03125,0.9999999997671694,1.0,0.22296337111874437,0.2548297523026839,0.1996212547624303,0.31565814704705775,0.9375,0.91796875,0.3871962962830232,False,False
retrieval,0,21,5,-0.8923823837121001,-0.9020622536591636,-1.0228173360122281,-0.7858471265916656,0.0,1.0,1.0,-0.21130974432784544,-0.18405278782243933,-0.24062745602229954,-0.1276017419999171,0.1875,0.91796875,0.5002854017126772,False,False
retrieval,0,21,6,-1.8722581762066484,-1.8110428680272932,-1.944053681551083,-1.6669022239044275,0.0,1.0,1.0,-0.0004977271752164177,-0.00647033178974122,-0.0444403624596298,0.03254162727552325,0.5,0.91796875,1.5490582366876628,False,False
retrieval,0,21,7,-2.9077733451226124,-3.008646740972145,-3.3034929493878957,-2.7379901797879493,0.0,1.0,1.0,-0.25000578726026546,-0.17936813040743158,-0.2453862309591246,-0.10818374986458767,0.15625,0.91796875,0.5039865245384709,False,False
retrieval,0,21,8,-7.521719392582263,-7.454568574463504,-7.619295906850966,-7.284177591781825,0.0,1.0,1.0,-0.2198858676629189,-0.2517298641648982,-0.3030704581836507,-0.19942672559208474,0.03125,0.91796875,2.6211482734250167,False,False
retrieval,0,21,9,-0.03760252395606677,-0.2775800614706779,-0.6718645229812675,0.09559752399667475,0.4375,0.8114572062622756,1.0,2.2367852036855504,2.2460202259833633,2.1072601740342156,2.3802718592266814,1.0,0.91796875,1.3084025244065018,False,False
retrieval,0,21,10,-3.5574425026618517,-3.5657966496443834,-3.788087849046406,-3.3569120548133666,0.0,1.0,1.0,-0.5124823145832401,-0.5344623206245522,-0.6612878577529249,-0.4393931109632662,0.03125,0.91796875,1.027258023575423,False,False
retrieval,0,21,11,-3.5249212430626446,-3.401265680068521,-3.57329829819552,-3.2218953029920216,0.0,1.0,1.0,-0.11205297382316795,-0.13959614396790715,-0.25778862026420346,-0.0313604686427851,0.3125,0.91796875,0.910473133025957,False,False
retrieval,0,22,0,-0.9780164219476873,-0.9930875399763968,-1.1145188203210041,-0.8882622218536977,0.0,1.0,1.0,0.08523825754064382,0.0785763005675371,0.024708427644013216,0.12628010339738774,0.75,0.9166666666666667,1.5278497689279926,False,False
retrieval,0,22,1,-1.8329909282588999,-1.7330179294410364,-1.9092264577705704,-1.5365662103228024,0.0,1.0,1.0,0.21155802241498184,0.23322494249122988,0.13812536431762248,0.3385675810526978,0.84375,0.9166666666666667,1.117025274889324,False,False
retrieval,0,22,2,-2.36527113018632,-2.330185775776676,-2.5216149715559504,-2.1375233805004403,0.0,1.0,1.0,-0.08458488115868076,-0.095888362225237,-0.14715356400443527,-0.04420834331748783,0.21875,0.9166666666666667,0.5422524219623196,False,False
retrieval,0,22,3,-2.8286862273839786,-2.7731744060723327,-3.0407568277210855,-2.4461345821052425,0.03125,0.9999999997671694,1.0,-0.18243164879382973,-0.17471966070625408,-0.23871175827544056,-0.10744033133595483,0.125,0.9166666666666667,1.6564748158367373,False,False
retrieval,0,22,4,-1.4597951632309056,-1.338972755665906,-1.5150003340298768,-1.1605543636972233,0.0,1.0,1.0,0.23899565241475207,0.2578612314531784,0.21464182877283502,0.3051788544012528,0.96875,0.9166666666666667,1.0646083315062473,False,False
retrieval,0,22,5,-2.756400058156336,-2.737691784749538,-3.0760265554202055,-2.4554549621509283,0.0,1.0,1.0,0.09100499141474117,0.0698801516087321,-0.0027213475398359392,0.12859581010645846,0.75,0.9166666666666667,1.4226342501188045,False,False
retrieval,0,22,6,-0.702799207534755,-0.8580288606469271,-1.1223520094012844,-0.5710276736351204,0.1875,0.9999434628989547,1.0,0.10991189283254951,0.15336315020309566,0.10433879986843386,0.2065606871062735,0.84375,0.9166666666666667,0.3297488417529852,False,False
retrieval,0,22,7,-1.1420622501339293,-1.110139449074365,-1.245289483018369,-0.9811734525721049,0.0,1.0,1.0,-0.20816916363212756,-0.18612519736075425,-0.24085182165482244,-0.13404543234733546,0.125,0.9166666666666667,0.5518925940033204,False,False
retrieval,0,22,8,-3.661616423894719,-3.6699318204689355,-3.9320212340071796,-3.352502757750396,0.0,1.0,1.0,-0.1176281941392841,-0.1307314135263593,-0.2165314164687193,-0.04923458335448652,0.3125,0.9166666666666667,1.318096253671575,False,False
retrieval,0,22,9,-0.11978737554221691,-0.110649200893397,-0.22016878448442126,-0.005885225071667182,0.40625,0.8923364251386374,1.0,0.16658489377415356,0.17582872160618612,0.14633853142373981,0.20811090830162238,0.9375,0.9166666666666667,0.26670305877480055,False,False
retrieval,0,22,10,-2.159782761010814,-2.308428747331247,-2.5379128749780473,-2.0941916132718226,0.0,1.0,1.0,-0.017196183550357014,-0.026928159707503518,-0.07859297580665124,0.027539513871495565,0.375,0.9166666666666667,0.9353916684937524,False,False
retrieval,0,22,11,-2.0077694316110364,-2.056804405304142,-2.1494100674077745,-1.9693883270939214,0.0,1.0,1.0,-0.11879608243731796,-0.13209179249598102,-0.20216937409762845,-0.0570192996309526,0.25,0.9166666666666667,0.9229545098769169,False,False
retrieval,0,23,0,-2.111737654542759,-2.1127071849981505,-2.270447062398587,-1.9432569055314004,0.0,1.0,1.0,0.010666078206612691,0.002897878224613605,-0.03679025661332091,0.03983183363075619,0.5625,0.9166666666666667,0.9018920832977911,False,False
retrieval,0,23,1,-4.557632993001955,-4.456244855873612,-4.781691883648787,-4.108496017988692,0.0,1.0,1.0,0.028371337759365393,0.03585392531397103,-0.05402366350834562,0.1216101697136849,0.59375,0.9166666666666667,1.098107916702209,False,False
retrieval,0,23,2,1.4355185856248776,1.5460498949594577,1.2544037226820444,1.820856701641264,1.0,2.3283064365386963e-10,1.596552985055106e-08,0.2976875152115396,0.29281902036455437,0.2649783922925007,0.3243925656170226,1.0,0.9166666666666667,0.40937511040758895,True,True
retrieval,0,23,3,-2.291081262249699,-2.4429131463808886,-2.697381976216863,-2.1960830958792767,0.0,1.0,1.0,0.04608049436817568,0.07332719352012498,0.012825984347452772,0.13733004840729623,0.65625,0.9166666666666667,0.6271374587986044,False,False
retrieval,0,23,4,-1.8231414042578735,-1.8340406944138619,-1.9902071449240193,-1.695106285203244,0.0,1.0,1.0,0.02970715935684392,0.0519778065178266,0.0023661176378756963,0.10976520013769375,0.6875,0.9166666666666667,2.6785841537933295,False,False
retrieval,0,23,5,-1.8711771716537675,-2.034971348061377,-2.361466868925423,-1.748486508145939,0.0,1.0,1.0,0.05308269139581484,0.05377812892072264,0.008866689604002798,0.09613056372469206,0.625,0.9166666666666667,0.22925058744032306,False,False
retrieval,0,23,6,-1.0118414327738496,-1.116297967968952,-1.3513208879758187,-0.8713982422262846,0.0625,0.9999999923165888,1.0,0.04635992074361777,0.06924735523065392,0.013308801808933474,0.1374515404280321,0.6875,0.9166666666666667,1.7045426362295248,False,False
retrieval,0,23,7,-2.5510618531146774,-2.4045091587757295,-2.5784264539602755,-2.1939342469634067,0.0,1.0,1.0,0.18805006103334504,0.23135579089945393,0.18750777220072415,0.27944843758541604,1.0,0.9166666666666667,2.066018151453124,False,False
retrieval,0,23,8,-1.7058672821509904,-1.715621107520335,-1.8061150046731285,-1.6250027234139566,0.0,1.0,1.0,0.04729045784716264,0.035363594312115075,-0.003495867150932797,0.07472182288554213,0.6875,0.9166666666666667,2.3447564414068762,False,False
retrieval,0,23,9,-2.937244937566457,-2.9159780604947714,-3.285845519720223,-2.552144190894855,0.0,1.0,1.0,0.02804279724034319,-0.005859685487557442,-0.09188004985982651,0.08898873629394802,0.5625,0.9166666666666667,0.717945023030966,False,False
retrieval,0,23,10,-4.283444312606183,-4.337570774278014,-5.018214267594697,-3.6109037261287655,0.0,1.0,1.0,0.3374906236432833,0.22548762515237522,0.1388399831448724,0.3105905511807558,0.8125,0.9166666666666667,3.264457426762552,False,False
retrieval,0,23,11,-2.736920461646602,-2.7727274869464678,-3.0617315143201007,-2.490954413273401,0.0,1.0,1.0,0.03129708317403539,0.03975950542723543,-0.018619667048465748,0.09669152229922974,0.53125,0.9166666666666667,0.5082094794761222,False,False
retrieval,0,24,0,-3.0018171783950276,-2.948913387605402,-3.2293762974937796,-2.6747271669022488,0.0,1.0,1.0,-0.07097700311373523,-0.06081698094878881,-0.142879132509814,0.012870243570285244,0.34375,0.9166666666666667,2.9736403596120424,False,False
retrieval,0,24,1,-3.2118931624973146,-3.0434199341767343,-3.2423982859572256,-2.8284448259796284,0.0,1.0,1.0,-0.03701417138413239,-0.0558532725509595,-0.10127520076625932,-0.012535857955184245,0.34375,0.9166666666666667,3.425987227154431,False,False
retrieval,0,24,2,-2.820998131236541,-2.8621579234169454,-3.1042721136331175,-2.6291095889031566,0.0,1.0,1.0,-0.12620185986837462,-0.2067391717264167,-0.2735434081466812,-0.1456049772664276,0.125,0.9166666666666667,2.8771608984959367,False,False
retrieval,0,24,3,-0.2623233747282848,-0.3562316294186988,-0.5066222494291435,-0.20143306434997615,0.21875,0.9997324736323208,1.0,0.1500973267317475,0.1147325303760448,0.07850782362272861,0.15141954476084757,0.84375,0.9166666666666667,0.7447962090001202,False,False
retrieval,0,24,4,-0.9336876307594641,-0.961579381272891,-1.0222780346973654,-0.9015800101804512,0.0,1.0,1.0,0.021531137496302755,-0.018691669177711426,-0.048060312336356624,0.008581673694338321,0.40625,0.9166666666666667,0.5279439874221007,False,False
retrieval,0,24,5,-3.03693769021014,-3.095676135307994,-3.3562046202195517,-2.83756073589512,0.0,1.0,1.0,-0.30207816045465447,-0.2883743743018927,-0.3398463689211196,-0.23611831769052588,0.03125,0.9166666666666667,0.45362506662765384,False,False
retrieval,0,24,6,-2.910684059297111,-2.715864805232396,-3.0844182267690936,-2.325022644056547,0.0,1.0,1.0,0.20886171212341337,0.1802487477491082,0.137292976882376,0.22363199849439835,0.9375,0.9166666666666667,1.2552037909998799,False,False
retrieval,0,24,7,-3.7702803429628347,-3.4414981063630408,-3.742253560733521,-3.1282836707649673,0.0,1.0,1.0,0.15779976770206738,0.15517594738810286,0.08471303657970632,0.22235165006237823,0.8125,0.9166666666666667,3.532386204291575,False,False
retrieval,0,24,8,-2.5506706349088564,-2.498239706899546,-2.8322561982777716,-2.1589915151775756,0.03125,0.9999999997671694,1.0,0.04986384353693631,0.07217316056762868,0.013227410136472937,0.1351445130656837,0.6875,0.9166666666666667,0.5289966666657067,False,False
retrieval,0,24,9,-1.8078826355208344,-1.699290390480312,-1.8762835692789992,-1.4849581836879693,0.0,1.0,1.0,0.08118678092451947,0.06722098343816547,0.0003328148552440219,0.12267545577712813,0.71875,0.9166666666666667,0.6265513299275852,False,False
retrieval,0,24,10,-1.9629352249841225,-2.1642592941037084,-2.481129047660276,-1.825939400193698,0.03125,0.9999999997671694,1.0,0.042254408311190414,0.08579668072613916,0.017588201591082243,0.1484149783487993,0.78125,0.9166666666666667,0.396635551163779,False,False
retrieval,0,24,11,-3.44470530060995,-3.2130231055513434,-3.5631406193797077,-2.8553512554733818,0.0,1.0,1.0,0.11056052988713647,0.0958895106663375,0.04042776330189067,0.15142262178949412,0.78125,0.9166666666666667,1.9573347607750635,False,False
retrieval,0,25,0,-1.7724642056042494,-1.7043076198828868,-1.8796369878151549,-1.5399947770639044,0.0,1.0,1.0,-0.025003116238610283,-0.010030217866842429,-0.05987649806137471,0.041176366669548256,0.375,0.9166666666666667,1.5217057188878,False,False
retrieval,0,25,1,-3.090881105710384,-2.7799847414818277,-3.0414912739265088,-2.5247839625473065,0.0,1.0,1.0,-0.029866410225096382,-0.044096746053369426,-0.10644003974706501,0.014401128840144578,0.4375,0.9166666666666667,0.8105019117786678,False,False
retrieval,0,25,2,-2.5990388826577453,-2.591674235343425,-2.8118454987934,-2.381341486462291,0.0,1.0,1.0,-0.012284994419854171,-0.021622579749206453,-0.08277134238918266,0.03313597503134259,0.40625,0.9166666666666667,0.8289859282242646,False,False
retrieval,0,25,3,-2.5705016728617935,-2.4828216875263887,-2.7129519206089086,-2.24141179944954,0.0,1.0,1.0,-0.11451730283637024,-0.11656324352682597,-0.17114100853948208,-0.06161742079866341,0.21875,0.9166666666666667,1.1534497420144576,False,False
retrieval,0,25,4,-1.9057015571608384,-1.9588418363910498,-2.238590566131099,-1.701061937698408,0.0,1.0,1.0,-0.06254451628417407,-0.04253468655869444,-0.07355603252286232,-0.011870471037385715,0.28125,0.9166666666666667,1.2478829715429605,False,False
retrieval,0,25,5,-0.42114612217027,-0.44753592134709513,-0.5501960247824879,-0.3435003521620058,0.125,0.999998721992597,1.0,0.3492883302942515,0.3299032411606069,0.26523169449898093,0.3841905034035292,0.9375,0.9166666666666667,0.4641756804952088,False,False
retrieval,0,25,6,-2.7483682364412436,-2.7786033396971765,-3.1562382044473294,-2.434949896534521,0.0,1.0,1.0,0.08340882839813787,0.1447652450562268,0.0607808653989129,0.23624007728691346,0.6875,0.9166666666666667,0.5836874232096922,False,False
retrieval,0,25,7,-1.6634866626391949,-1.7328126559698442,-2.1465853108535877,-1.3585040978945593,0.0625,0.9999999923165888,1.0,0.09582493493275718,0.059890896714387104,-0.07870645652201429,0.210456781631909,0.5,0.9166666666666667,0.7930641504318595,False,False
retrieval,0,25,8,-1.731926200112768,-1.833455039290044,-2.1034537922327234,-1.5609128275779904,0.0,1.0,1.0,0.07069458615775362,0.06486608884125673,0.01457460100623766,0.12090254274802213,0.6875,0.9166666666666667,1.8543690142367348,False,False
retrieval,0,25,9,-1.3108824745160117,-1.370592111511232,-1.5973818610792165,-1.160131409663724,0.0,1.0,1.0,0.06160398584502587,0.04105532735791176,-0.04751859331340129,0.12372083300198577,0.5,0.9166666666666667,0.8465502579855424,False,False
retrieval,0,25,10,-1.1036636232072432,-1.0942777258136713,-1.216345776098105,-0.9869681290745497,0.0,1.0,1.0,-0.05418020412954013,-0.08835642898023388,-0.10693431625486137,-0.0715305421221488,0.0625,0.9166666666666667,1.584141947371791,False,False
retrieval,0,25,11,-2.6264549146558944,-2.5409932373377484,-2.756694215033632,-2.345327931012436,0.0,1.0,1.0,-0.08055074189729508,-0.0812420643535902,-0.14761000649820477,-0.012841961408721866,0.3125,0.9166666666666667,1.2916558098217594,False,False
retrieval,0,26,0,-0.7915893743813773,-0.7562220134068304,-0.8414989263511107,-0.6779594123701566,0.0,1.0,1.0,-0.08990773864910104,-0.08674092412236323,-0.11838314012182352,-0.05546864740386532,0.15625,0.9192708333333334,0.18772885719123764,False,False
retrieval,0,26,1,-2.2793796680567757,-2.463006717596055,-2.7037428367099947,-2.2342128419257086,0.0,1.0,1.0,0.2881519847717668,0.26171230904394793,0.17324605117699657,0.3540523747431534,0.84375,0.9192708333333334,0.719750218669137,False,False
retrieval,0,26,2,-3.5071057776234627,-3.3410796654723427,-3.717522167979939,-2.9651466916974822,0.0,1.0,1.0,0.12488896976337671,0.07151199390552745,0.017016200527335188,0.12447973558101691,0.65625,0.9192708333333334,1.4301045206507674,False,False
retrieval,0,26,3,-0.34156177992823666,-0.2835320808733876,-0.43930775356776663,-0.13843578189090813,0.28125,0.99649981665425,1.0,0.43394403902762846,0.41766532557761926,0.36906840622936005,0.46964791713370013,1.0,0.9192708333333334,0.22791814206647568,False,False
retrieval,0,26,4,-1.658251367687183,-1.5984459279094778,-1.7229172183251737,-1.464799637165319,0.0,1.0,1.0,0.07205033859605953,0.06563515727688302,0.02763736156897342,0.1043847820896136,0.65625,0.9192708333333334,0.5168340561055013,False,False
retrieval,0,26,5,-2.1103954507877396,-1.9072766555802445,-2.202751387058572,-1.6225356876343209,0.0,1.0,1.0,-0.027744026946494433,0.028446104964580138,-0.07984305483102806,0.13705982267530156,0.5,0.9192708333333334,1.2774312446712108,False,False
retrieval,0,26,6,-2.4125190069033406,-2.2617446218929205,-2.4990339735574336,-2.0334850052997817,0.0,1.0,1.0,0.05248577308477064,0.017515669966502362,-0.029690190468773015,0.06936552874681493,0.5625,0.9192708333333334,0.8806844477363368,False,False
retrieval,0,26,7,-2.353540527702629,-2.2594751903013974,-2.436963251853019,-2.0827126453400786,0.0,1.0,1.0,0.1358343441551381,0.13940765902940275,0.06385178831222729,0.210637263454859,0.71875,0.9192708333333334,0.28336978082732694,False,False
retrieval,0,26,8,-3.7407529581962,-3.37864087929071,-3.6915762823175227,-3.0580238228082024,0.0,1.0,1.0,0.1623451879998012,0.11741283645501263,0.041874748901001846,0.20144385536827028,0.6875,0.9192708333333334,1.4393125077858824,False,False
retrieval,0,26,9,-2.5535667682755396,-2.3541445014350546,-2.5725315319443336,-2.1248204911652215,0.0,1.0,1.0,0.04143629513277331,0.0576143931879487,0.02178086334309515,0.09791366949514889,0.71875,0.9192708333333334,1.3989212745433448,False,False
retrieval,0,26,10,-3.05929663631035,-2.939930468902496,-3.2731149987550596,-2.5850929576025985,0.0,1.0,1.0,0.553632711591441,0.5697798667031163,0.4136208126393616,0.7369716362155845,0.9375,0.9192708333333334,4.618230288667575,False,False
retrieval,0,26,11,-1.1686319611789948,-1.267238487828799,-1.4807159859477144,-1.0542468272941075,0.03125,0.9999999997671694,1.0,-0.07119854052030379,-0.07225998043456858,-0.10605459026531916,-0.03609775218534509,0.1875,0.9192708333333334,1.119315552263663,False,False
retrieval,0,27,0,-0.10252369757338234,-0.10210287323682138,-0.29793315488529165,0.06968748721623351,0.4375,0.8114572062622756,1.0,0.6171496957305587,0.5866773716857404,0.5429403350989602,0.6313561005035727,1.0,0.9166666666666667,0.35292098355620233,False,False
retrieval,0,27,1,-1.5540054782804462,-1.576581615960046,-1.7305463590530006,-1.4257676577152751,0.0,1.0,1.0,0.19586935626154278,0.21540533857116348,0.15964563526466724,0.2674494846666622,0.90625,0.9166666666666667,0.4127173156549829,False,False
retrieval,0,27,2,-4.051585612571352,-3.787060398418409,-4.226130392811177,-3.3315116617286624,0.0,1.0,1.0,0.09156465236180425,0.03750990454395435,-0.04008588220769656,0.11824883222026222,0.59375,0.9166666666666667,3.8601951452253704,False,False
retrieval,0,27,3,-3.643633121528729,-3.5540017515448987,-3.7453618930127797,-3.34303641026689,0.0,1.0,1.0,-0.44748011387357584,-0.4018685519123585,-0.4622145548196352,-0.33555146668263136,0.03125,0.9166666666666667,0.704143617384951,False,False
retrieval,0,27,4,-0.6984635966713945,-0.5504926032100423,-0.6931433386896592,-0.4113869151911758,0.03125,0.9999999997671694,1.0,0.06313645912198838,0.053711335647703216,0.01712920380435078,0.0918206463405109,0.53125,0.9166666666666667,0.3090566101704658,False,False
retrieval,0,27,5,-0.41086596556805965,-0.455797075095447,-0.6027575264001851,-0.3263547576262638,0.1875,0.9999434628989547,1.0,0.14222901329799678,0.12283356673856526,0.09292350687956984,0.15167522307172707,0.9375,0.9166666666666667,0.26958871735857803,False,False
retrieval,0,27,6,-2.929601352935757,-2.8500218158292436,-3.074448634353047,-2.651366303717967,0.0,1.0,1.0,0.2845655964591238,0.3539648064169306,0.2819124373998095,0.4259341523896333,0.96875,0.9166666666666667,1.4186878291566667,False,False
retrieval,0,27,7,-0.5043960174192637,-0.5006000097159445,-0.6385752990866597,-0.34823290296448883,0.125,0.999998721992597,1.0,0.02131980327075703,0.05682357473469259,-0.025091594578569413,0.14681917256940671,0.5,0.9166666666666667,2.954135013080999,False,False
retrieval,0,27,8,-2.3575047288432724,-2.414745518601894,-2.654268793611352,-2.1369830031626584,0.0,1.0,1.0,-0.21526715150173847,-0.181888077620882,-0.23303139443477588,-0.1286870331099629,0.09375,0.9166666666666667,1.1992615488474947,False,False
retrieval,0,27,9,-3.256868724017707,-3.183874019616249,-3.4285209037450852,-2.9328392604409435,0.0,1.0,1.0,-0.11056479562952576,-0.06726603002239406,-0.15810416990736437,0.020027353450646143,0.3125,0.9166666666666667,3.115447559137319,False,False
retrieval,0,27,10,-1.2278127092805,-1.071392624354632,-1.2923141621888734,-0.8496499663843681,0.0,1.0,1.0,0.27253998782894756,0.24575530203584822,0.1488342847021915,0.33435336711040503,0.84375,0.9166666666666667,0.8007384511525051,False,False
retrieval,0,27,11,-2.9357601252920005,-2.9032645768491596,-3.1823286501937984,-2.5963371844416905,0.0,1.0,1.0,-0.7723545604681801,-0.8909679151285854,-0.992992281803725,-0.791297345701948,0.0,0.9166666666666667,10.673650370444662,False,False
retrieval,0,28,0,-11.480285321202926,-11.42903841530282,-11.942632002550411,-10.83494234015383,0.0,1.0,1.0,0.5827786562864892,0.5865523047971668,0.45959721098172446,0.7153788492199737,0.96875,0.9166666666666667,2.1636399657119427,False,False
retrieval,0,28,1,-7.488986616209043,-7.531362300440889,-7.778787080635491,-7.289002036196284,0.0,1.0,1.0,-0.48477882161589425,-0.5215886026349734,-0.687301785538057,-0.3864800740605318,0.03125,0.9166666666666667,2.228053868061392,False,False
retrieval,0,28,2,-4.385225180933432,-4.315713318839365,-4.931485277669089,-3.689938609785386,0.0,1.0,1.0,0.04610705222911396,0.031707237469220176,-0.06429511107045116,0.1310990931345926,0.5,0.9166666666666667,1.1769587589618926,False,False
retrieval,0,28,3,-1.4862874888977902,-1.4623261912598107,-1.5958991610354663,-1.326231137720439,0.0,1.0,1.0,0.5115300593301975,0.5253717322208911,0.47791753898573996,0.5673444484033405,1.0,0.9166666666666667,0.1079676716579402,False,False
retrieval,0,28,4,-2.572585297035147,-2.6126406060217504,-2.764837170509446,-2.450140472555346,0.0,1.0,1.0,-0.5825620118140247,-0.5934597140325479,-0.6586624127826602,-0.5333418199991891,0.0,0.9166666666666667,0.08414549012437937,False,False
retrieval,0,28,5,-2.089075760203885,-2.0346778630726536,-2.3696745909316523,-1.719544542240469,0.0,1.0,1.0,0.25708158047507085,0.297140842173926,0.2266957208835945,0.37807715161066774,0.96875,0.9166666666666667,0.18721944834430645,False,False
retrieval,0,28,6,-2.2341006222329627,-2.2886978433373275,-2.5474808368636612,-2.0427691871376767,0.0,1.0,1.0,-0.06231171569729299,-0.032295722420539505,-0.10770115567758094,0.04769592178806903,0.375,0.9166666666666667,1.4170868368286984,False,False
retrieval,0,28,7,0.30022567191690286,0.2156807794490659,0.06618985890738173,0.36977551978959006,0.78125,0.0010512007866054773,0.032207002823657176,0.07016418975443793,0.02772442653253542,-0.03330978334807721,0.09356195207310934,0.625,0.9166666666666667,0.1313474725348756,True,True
retrieval,0,28,8,-1.1445897727749768,-1.0949320973709653,-1.2388335646019057,-0.9416306344813534,0.03125,0.9999999997671694,1.0,-0.04309185557734825,-0.07809624823076282,-0.12976369225832524,-0.022631511009906718,0.21875,0.9166666666666667,5.233924692910807,False,False
retrieval,0,28,9,-2.2886413089103805,-2.2955189225831507,-2.5134116179181567,-2.0900493594162346,0.0,1.0,1.0,-0.020184867525975144,-0.0618672444322876,-0.11263706575317743,-0.010795481333980504,0.375,0.9166666666666667,0.8230412410381072,False,False
retrieval,0,28,10,-3.5877749480226555,-3.7420537127928886,-3.940332482764018,-3.5248598533885,0.0,1.0,1.0,-0.20894699635447594,-0.24440530281418477,-0.32820800536855843,-0.16296006193831913,0.25,0.9166666666666667,0.4183299785337963,False,False
retrieval,0,28,11,-1.4079858288580187,-1.3541627431037908,-1.57553151089178,-1.1404239574634798,0.03125,0.9999999997671694,1.0,-0.41130022543318767,-0.38632188201263634,-0.4953945599397864,-0.28431850156995175,0.0625,0.9166666666666667,3.9428715288516556,False,False
retrieval,0,29,0,-7.162619636997819,-7.670275111747133,-8.231686781246882,-7.098080089550552,0.0,1.0,1.0,-0.0015372065972242,-0.3222540165285611,-0.5739170087588747,-0.09365032183054212,0.25,0.9166666666666667,8.514128239011228,False,False
retrieval,0,29,1,-1.505764415797064,-1.4691963272543935,-1.5667052852794592,-1.3717470928350197,0.0,1.0,1.0,0.03738746216282863,0.03214772357490141,0.002529916236286866,0.05729374068646433,0.65625,0.9166666666666667,0.6030718205581171,False,False
retrieval,0,29,2,-0.059074154595161174,-0.16339205141036348,-0.30667338610479244,-0.028128270602384778,0.34375,0.9749487701337785,1.0,0.13021994702593584,0.25054989573032505,0.1693249321646742,0.34162851182484866,0.9375,0.9166666666666667,3.179034112222457,False,False
retrieval,0,29,3,-3.2966014719681027,-3.145985341509391,-3.4338678303629475,-2.8420463525190076,0.0,1.0,1.0,0.23246914888884576,0.2224057382510035,0.17499157377276842,0.273998289246178,0.9375,0.9166666666666667,0.8853967341393733,False,False
retrieval,0,29,4,-3.690116479602983,-3.6334340575320767,-3.7809850828683516,-3.4866957319084,0.0,1.0,1.0,-0.44913760275972336,-0.39351125755775096,-0.4545719896749142,-0.3325913072679848,0.0,0.9166666666666667,1.1107519778712347,False,False
retrieval,0,29,5,-2.918333919965648,-3.15623780807346,-3.3994602220208465,-2.9074324380084837,0.0,1.0,1.0,-0.21816630963902472,-0.15138763879813216,-0.22425607945555417,-0.08311704216210422,0.21875,0.9166666666666667,0.4316030169514751,False,False
retrieval,0,29,6,-1.4647636705330134,-1.5049370435749605,-1.6224209785837027,-1.3808085473389677,0.0,1.0,1.0,0.2458039913371487,0.22948926777246703,0.20202081908645428,0.25656074309149707,1.0,0.9166666666666667,0.8582953773105083,False,False
retrieval,0,29,7,0.19717421112122285,0.17477308642346923,0.05633989614724383,0.2906409620092804,0.6875,0.025051229866221547,0.5549810924209081,0.4914335288959386,0.4679097031773424,0.3971760214442769,0.5377564013006121,0.9375,0.9166666666666667,0.8892480221287652,True,True
retrieval,0,29,8,-2.3316073838074907,-2.4640135935969276,-2.729914073375406,-2.1999019986256965,0.0,1.0,1.0,0.24548150298651958,0.2165555609374824,0.16313498510109628,0.269078226776468,0.96875,0.9166666666666667,1.3671436157173114,False,False
retrieval,0,29,9,-1.6133145807076272,-1.9827143872289112,-3.229226577685761,-0.6581652468903292,0.3125,0.9899691964965314,1.0,-0.5617177173927924,-0.576661820181083,-0.8132834737684141,-0.35273141342763104,0.1875,0.9166666666666667,8.288334722679714,False,False
retrieval,0,29,10,-0.2836762220180032,-0.20330990024434223,-0.28478196233945835,-0.11132071878976912,0.25,0.9989487992133945,1.0,0.15765939035724152,0.13636046524868783,0.11549460743121623,0.15756587000595582,1.0,0.9166666666666667,0.7715472186196013,False,False
retrieval,0,29,11,-3.4091946355598477,-3.7003156440572367,-4.034850237911914,-3.3569402713208976,0.0,1.0,1.0,-0.4152526322813461,-0.34215178177655564,-0.4689231167858903,-0.22088278921595428,0.125,0.9166666666666667,5.198201575623654,False,False
retrieval,1,0,0,-4.708858028096573,-4.704745177328347,-4.8818785131081075,-4.535001068853035,0.0,1.0,1.0,0.001983366000754397,0.0030609705351906935,-0.005344338435966919,0.011941056503256523,0.625,0.9192708333333334,0.9102949388491456,False,False
retrieval,1,0,1,-5.623980506704993,-5.590792606824602,-5.632108820652124,-5.550942671870649,0.0,1.0,1.0,-0.2669859077147904,-0.24128727389001248,-0.2737472185707029,-0.20939619308211901,0.0,0.9192708333333334,4.300162182552376,False,False
retrieval,1,0,2,0.20213425780736854,0.20845466782576694,0.050644623132173584,0.3502927108416746,0.59375,0.18854279373772442,1.0,-0.02606346529736386,-0.01823526228173695,-0.03805242600020524,0.0030592389672475626,0.4375,0.9192708333333334,0.5800798575012985,False,False
retrieval,1,0,3,-0.2606222437143787,-0.21162812280388335,-0.2982958524949341,-0.10700368064683535,0.15625,0.9999903494026512,1.0,-0.026075316305874965,-0.014961479494918212,-0.028227717692425224,-0.002001799377428662,0.5,0.9192708333333334,0.4377162429078412,False,False
retrieval,1,0,4,-2.8796034695758497,-2.893967575426626,-2.9489269258531983,-2.832138596878296,0.0,1.0,1.0,0.04175651876760958,0.05789560292981416,0.02498553286229037,0.09057095972815288,0.75,0.9192708333333334,1.8019251080321617,False,False
retrieval,1,0,5,-4.820232110423488,-4.835543688374389,-4.9637708315005815,-4.705499858084444,0.0,1.0,1.0,-0.05231517794893538,-0.047410033925140566,-0.1760350428597762,0.07986058704170781,0.4375,0.9192708333333334,1.5416158835309186,False,False
retrieval,1,0,6,-3.2191092752064474,-3.223007615613341,-3.331900559007379,-3.1130755552180953,0.0,1.0,1.0,-0.14508584494050586,-0.14143957468236906,-0.16259383179393652,-0.11916075207752745,0.03125,0.9192708333333334,1.3868567006845676,False,False
retrieval,1,0,7,-4.377980320465458,-4.436125749336722,-4.509023377159218,-4.373241258015938,0.0,1.0,1.0,-0.24314142190443366,-0.25743139241873525,-0.27475062067991846,-0.2409577968105575,0.0,0.9192708333333334,0.4327121554378652,False,False
retrieval,1,0,8,-0.1469497061295934,-0.133482002279076,-0.23883457087797264,-0.005871932833326565,0.28125,0.99649981665425,1.0,-0.03539860809432462,-0.04372548054090296,-0.06439337192927265,-0.024530484205007037,0.28125,0.9192708333333334,0.21865438166873932,False,False
retrieval,1,0,9,1.7616029154756805,1.8246271118448112,1.6061819392183219,2.020905213484473,1.0,2.3283064365386963e-10,1.596552985055106e-08,-0.017831522713651814,-0.01232656294398652,-0.02327118365561925,-0.0008165212382827748,0.3125,0.9192708333333334,0.1716484695732173,True,False
retrieval,1,0,10,10.857972934982081,10.921051277660668,10.706492753996876,11.149882383521808,1.0,2.3283064365386963e-10,1.596552985055106e-08,-0.19112169981412308,-0.18598801042310104,-0.2017509537427845,-0.16780086249211226,0.0,0.9192708333333334,1.0897050611508543,True,False
retrieval,1,0,11,-3.6419874576419793,-3.616305584563478,-3.6601660032536145,-3.5653808420673254,0.0,1.0,1.0,-0.1523034344966372,-0.12630161957845187,-0.14632386088814725,-0.10473369793598371,0.0625,0.9192708333333334,2.76753429588317,False,False
retrieval,1,1,0,-2.2491007164595795,-2.26651644565393,-2.4775249074568704,-2.0534576218054603,0.0,1.0,1.0,0.10556302768340839,0.12082713010084632,0.03749965526612114,0.2071562637100182,0.6875,0.921875,0.9410741876449745,False,False
retrieval,1,1,1,-4.699213266386288,-4.4879233899341635,-4.928634165572144,-4.034946990665456,0.0,1.0,1.0,-0.17100877120057875,-0.10863743913269663,-0.2665565514115202,0.05955049887094257,0.375,0.921875,1.259106724970638,False,False
retrieval,1,1,2,-3.0833047583535222,-3.1571523887438877,-3.3696329571519414,-2.954048651057744,0.0,1.0,1.0,0.09129643269785642,0.09758835140113999,0.04427117366838831,0.15080913339922586,0.71875,0.921875,1.561931272992013,False,False
retrieval,1,1,3,-1.7576243667217297,-1.7612346399868164,-2.0423669162459133,-1.4822910639793208,0.03125,0.9999999997671694,1.0,-0.028822041360648108,-0.041458752273261686,-0.09276305418184394,0.009464969005274954,0.40625,0.921875,0.940477574335482,False,False
retrieval,1,1,4,-3.239856612103009,-3.4684142446902824,-3.784016594145425,-3.1412352263134657,0.0,1.0,1.0,0.3454634743791606,0.2977891733408071,0.18342117282853657,0.3962327584205609,0.84375,0.921875,5.487518698919635,False,False
retrieval,1,1,5,0.27724423482082,0.2878963470358492,0.22809715499658223,0.3504443744934218,0.9375,1.2316741049289703e-07,6.568928559621175e-06,0.1542523358047877,0.1475267172645114,0.1388764027598418,0.15657417741947466,1.0,0.921875,0.49968415356689155,True,True
retrieval,1,1,6,-0.16001761942801757,-0.23454984226708805,-0.36268611375541615,-0.10947230673674253,0.28125,0.99649981665425,1.0,-0.23566243339604098,-0.24005014216595402,-0.25988146664562467,-0.21991124071103418,0.0,0.921875,0.37349512235647775,False,False
retrieval,1,1,7,-1.5852496200250594,-1.5968109588981494,-1.8222103123890325,-1.3793092815133259,0.03125,0.9999999997671694,1.0,0.1809791372781142,0.15868290924422046,0.0997537838776368,0.21690351251655202,0.8125,0.921875,1.573269384121949,False,False
retrieval,1,1,8,-2.773895430257876,-2.467913489304815,-2.7146285473123415,-2.2468960544365815,0.0,1.0,1.0,0.8258314765587758,0.8421947341424938,0.671673906061714,1.0151429520954394,0.96875,0.921875,0.8147508661991496,False,False
retrieval,1,1,9,-3.8975667155545266,-3.9850901759931503,-4.098419432792211,-3.8750089315971064,0.0,1.0,1.0,-0.21072520367867184,-0.22950402142670664,-0.2661912772485921,-0.1948086294283005,0.0,0.921875,1.7782178589823765,False,False
retrieval,1,1,10,0.913044876371288,0.9859707573965284,0.885646158501684,1.0959760981669278,1.0,2.3283064365386963e-10,1.596552985055106e-08,0.2646091465861712,0.2790147297094744,0.252988005043041,0.30868354292672,1.0,0.921875,1.0589258123550254,True,True
retrieval,1,1,11,-3.1370497683614036,-2.997312810452984,-3.2891608936047434,-2.7221992825300956,0.0,1.0,1.0,-0.0414345020333056,-0.003766815079641904,-0.04541590756080294,0.03935165763977062,0.5,0.921875,0.6059012140385099,False,False
retrieval,1,2,0,-0.7618763279088007,-0.8279134063670407,-0.9362762107666465,-0.7252869358751122,0.0,1.0,1.0,0.16946722542241568,0.15076177617183306,0.10237901726509736,0.20185887757750803,0.8125,0.9322916666666667,1.0613142282101187,False,False
retrieval,1,2,1,-0.8011196813308366,-0.8387503440551116,-0.9753370604109354,-0.6959511918111231,0.0,1.0,1.0,0.07982842851264763,0.05751647370692077,0.005124467385150668,0.1033814442005342,0.625,0.9322916666666667,0.4857807719240249,False,False
retrieval,1,2,2,-2.5820587904386647,-2.366121226399332,-2.6184227422088986,-2.1037774408683414,0.0,1.0,1.0,-0.04455255641698161,-0.02286701102247377,-0.052395964359843415,0.008548783832938504,0.40625,0.9322916666666667,1.1363068300693566,False,False
retrieval,1,2,3,-2.8866848257179205,-2.877418163105017,-3.134354164682626,-2.6385490622819185,0.0,1.0,1.0,-0.16085673691608676,-0.17090774493056832,-0.2137122189624651,-0.12706168874072588,0.125,0.9322916666666667,4.0097759997995714,False,False
retrieval,1,2,4,-12.562000748286735,-12.367511334976193,-12.59635663719575,-12.117641017675071,0.0,1.0,1.0,-0.890024028676971,-0.6771913734187023,-0.9011743612968187,-0.4618144952057761,0.1875,0.9322916666666667,3.291514394373596,False,False
retrieval,1,2,5,-0.09590302390394476,-0.10678096862685266,-0.17934916397738887,-0.03990692213219927,0.3125,0.9899691964965314,1.0,0.022579733418887568,0.04151214321351803,0.016201632543845577,0.0663680326302668,0.78125,0.9322916666666667,0.7332898692683506,False,False
retrieval,1,2,6,0.590599693731849,0.43411621945223,0.21781201583077464,0.668237139702454,0.78125,0.0010512007866054773,0.032207002823657176,0.17016332374585125,0.16881176051750835,0.13052012697036716,0.21006992901308205,0.9375,0.9322916666666667,0.8095425608324517,True,True
retrieval,1,2,7,-0.7603847853351722,-0.6286160133775744,-0.7918256485016538,-0.4668065642623225,0.09375,0.9999998768325895,1.0,-0.2573941504863897,-0.18622284063591057,-0.23985424160825655,-0.12987560033812207,0.0625,0.9322916666666667,1.0606607098075724,False,False
retrieval,1,2,8,-1.876983729535177,-1.7895550958971511,-1.9544896470312398,-1.6326566514422542,0.0,1.0,1.0,-0.18464258344360296,-0.22648402680466467,-0.2805055466942565,-0.16603920454595536,0.125,0.9322916666666667,0.9393392901924277,False,False
retrieval,1,2,9,0.1969143293421691,0.3103619559931847,0.1215091499653402,0.47352402105479224,0.71875,0.010030803503468633,0.26262467354536057,-0.07416477567591898,-0.04780363514404575,-0.07480648479799094,-0.024715461040102762,0.25,0.9322916666666667,0.6280418516658669,True,False
retrieval,1,2,10,-0.07977857421320964,-0.1328437134752592,-0.2403716737334267,-0.021311706983838774,0.375,0.9449079174082726,1.0,0.004058915128085847,-0.005383733907254816,-0.04673236133009549,0.0330695077417734,0.40625,0.9322916666666667,0.5743538883903944,False,False
retrieval,1,2,11,-0.854770731669574,-0.7940923955153765,-1.0603852895060653,-0.5265825845825732,0.125,0.999998721992597,1.0,-0.06806442366055607,-0.06248843172970785,-0.13219755985538306,0.00362733779078175,0.375,0.9322916666666667,4.487041964077785,False,False
retrieval,1,3,0,-4.011235321920762,-4.483355727223929,-5.177609402448346,-3.7504680587134196,0.0,1.0,1.0,-0.3833633510697222,-0.5498821933532893,-1.0058506337256417,-0.10662524382602206,0.375,0.9205729166666667,4.529753660902544,False,False
retrieval,1,3,1,-2.441248978706045,-2.326574548692833,-2.4699412680707975,-2.1754850876731573,0.0,1.0,1.0,-0.18556950822265844,-0.16632640383433944,-0.20386540525110147,-0.1295299949803394,0.09375,0.9205729166666667,0.609197772653512,False,False
retrieval,1,3,2,-2.878636872846814,-2.8076771125862665,-3.118517550249686,-2.495087588087974,0.0,1.0,1.0,-0.3253544267608134,-0.2998300958689749,-0.3621157022077979,-0.2348609829282759,0.0625,0.9205729166666667,0.979417271356977,False,False
retrieval,1,3,3,0.2846791621303292,0.2967720562049342,0.07943210209416758,0.49284241965571757,0.6875,0.025051229866221547,0.5549810924209081,-0.00577940403019802,0.025243018093395485,-0.01854581243816399,0.06984446081001991,0.5,0.9205729166666667,1.020582728643023,True,False
retrieval,1,3,4,-1.2464716722063356,-1.2378923935165806,-1.4470259142708561,-1.0173322554525828,0.03125,0.9999999997671694,1.0,0.18748834865706443,0.18474925300911912,0.10401054368613188,0.26873297334873936,0.8125,0.9205729166666667,3.0140990154210066,False,False
retrieval,1,3,5,-2.5755218693468227,-2.601544489335616,-2.7905393398174274,-2.4058114202219896,0.0,1.0,1.0,-0.025531832722797278,0.02522162551579738,-0.02611233067964993,0.08264677410327059,0.5625,0.9205729166666667,1.9871068469510278,False,False
retrieval,1,3,6,-1.479124733867488,-1.4792477758525262,-1.6034990834465241,-1.3606130611318492,0.0,1.0,1.0,0.04679087257499879,0.0643896610314415,0.01444273337040141,0.11100914928807604,0.6875,0.9205729166666667,2.1117667694140745,False,False
retrieval,1,3,7,0.6010232444293339,0.5173477357320555,0.3020702139883852,0.7453622248495094,0.71875,0.010030803503468633,0.26262467354536057,0.3323362782306969,0.33673059988985155,0.2537233463703422,0.41493214175392085,0.9375,0.9205729166666667,5.829213289096985,True,True
retrieval,1,3,8,-1.7052310651087406,-1.6953396840096846,-1.9227612698584646,-1.4763372503530188,0.0,1.0,1.0,0.19190861280570654,0.1917887651046043,0.14327702036379403,0.24008627600404914,0.90625,0.9205729166666667,0.8416598914059273,False,False
retrieval,1,3,9,-0.39113566619785833,-0.4370198790698014,-0.5439496861552094,-0.3299219303597239,0.125,0.999998721992597,1.0,0.44701888752030994,0.41411838921178945,0.3596204556699512,0.45943783358052387,1.0,0.9205729166666667,0.811470776626122,False,False
retrieval,1,3,10,-0.4285564006538358,-0.4747172136643706,-0.5500499813285854,-0.4012194784326291,0.03125,0.9999999997671694,1.0,0.12302506508689817,0.12336336964176361,0.09935447146954014,0.14425592947751933,0.90625,0.9205729166666667,0.8992552498852282,False,False
retrieval,1,3,11,-1.8649520511464637,-1.9001017761985703,-2.1078433739593083,-1.694096072095258,0.0,1.0,1.0,0.10964697174978251,0.1225964724702929,0.07883208180896639,0.16985641480744249,0.78125,0.9205729166666667,0.9120701821363019,False,False
retrieval,1,4,0,-2.113780056710894,-1.9540632559102005,-2.1244571602261586,-1.7687641180960552,0.0,1.0,1.0,-0.21124269079699193,-0.18200226213390291,-0.2391817050746504,-0.11652245166401523,0.15625,0.9166666666666667,0.8323943363514525,False,False
retrieval,1,4,1,-2.8350358336577974,-2.826545905317679,-2.9786786541623615,-2.658773433798826,0.0,1.0,1.0,0.183826298146271,0.15675856580365302,0.1187725955178774,0.1926816940184968,0.9375,0.9166666666666667,2.3327685773411937,False,False
retrieval,1,4,2,-3.1687683440431096,-3.0595784111680078,-3.2611206123794485,-2.871172724110151,0.0,1.0,1.0,-0.16664297768051956,-0.13204208798023517,-0.21040833527723948,-0.06131491461511574,0.28125,0.9166666666666667,1.9839183774340927,False,False
retrieval,1,4,3,-3.717258266417892,-3.4473241747899115,-3.762374429973899,-3.1804368601802913,0.0,1.0,1.0,0.16974517101626185,0.21060275435143583,0.16056051043171116,0.25781460795547373,0.9375,0.9166666666666667,6.139403117345734,False,False
retrieval,1,4,4,-2.2756845425484147,-2.372824576889977,-2.6695322470574596,-2.0569246835731643,0.0,1.0,1.0,0.018867993419450738,-0.011447839033078645,-0.07388512372671495,0.049541362985197956,0.5,0.9166666666666667,0.8560181747763894,False,False
retrieval,1,4,5,-1.1388910706558146,-1.00592239899198,-1.3242296356023342,-0.7317175861370905,0.0625,0.9999999923165888,1.0,0.08544466949257906,0.06399595862557159,-0.011428161537930363,0.145756106630431,0.59375,0.9166666666666667,3.0944309723951045,False,False
retrieval,1,4,6,-1.6705469486792506,-1.7043518171806085,-1.846724146119294,-1.5778210098887093,0.0,1.0,1.0,-0.0964143577076285,-0.08920254527698734,-0.10884516826845513,-0.06997298214804244,0.03125,0.9166666666666667,0.6201399207297833,False,False
retrieval,1,4,7,-1.808004063583438,-1.7960940746732745,-1.9109240792307673,-1.6863660175101687,0.0,1.0,1.0,-0.061748642474812,-0.029985595276336423,-0.057077508118835295,-0.0004916825664684416,0.3125,0.9166666666666667,1.1439818252236105,False,False
retrieval,1,4,8,0.8650143857880057,0.803835149840211,0.6587235975472676,0.9591843490185732,1.0,2.3283064365386963e-10,1.596552985055106e-08,0.061726111840198175,0.05510158535337438,0.0322544213261399,0.0765030595777941,0.75,0.9166666666666667,0.5942002264870916,True,True
retrieval,1,4,9,0.12831898280886175,0.06567929451274365,-0.2806069427647112,0.3864436073780406,0.6875,0.025051229866221547,0.5549810924209081,-0.11248340340205548,-0.11628838733629818,-0.14641512952097335,-0.08407484282516088,0.09375,0.9166666666666667,0.4424692581513352,False,False
retrieval,1,4,10,-2.226971261777726,-2.3363305384296,-2.5125394718539042,-2.187525689549559,0.0,1.0,1.0,-0.18499803230773249,-0.20054209577710375,-0.234045304820131,-0.1663193191753355,0.0,0.9166666666666667,0.5594684009894969,False,False
retrieval,1,4,11,-1.2829280164569612,-1.282587260116033,-1.4168347350799448,-1.1466495788862114,0.0,1.0,1.0,0.04395777056457144,0.05289105930607884,0.020090897363161535,0.08718148828092628,0.71875,0.9166666666666667,1.1711769916656163,False,False
retrieval,1,5,0,-5.592374924177069,-5.477822497409618,-5.647160883197066,-5.294544509024528,0.0,1.0,1.0,-0.2319652119816975,-0.2381530476714736,-0.2950350430206063,-0.18684540524707896,0.0625,0.9166666666666667,1.4654671721606165,False,False
retrieval,1,5,1,-2.1923804479717353,-2.1192011413692438,-2.4399586913616407,-1.8016534876113381,0.0,1.0,1.0,-0.2972511210004063,-0.30612976269616493,-0.404907164525318,-0.2067253942494849,0.1875,0.9166666666666667,1.7026945493353556,False,False
retrieval,1,5,2,-1.6571878374324645,-1.7243341544174176,-1.9395214603554136,-1.506850336761295,0.0,1.0,1.0,0.18121030748782074,0.09366771852146327,-0.05214514190439773,0.21098296428520374,0.65625,0.9166666666666667,1.2876244020180665,False,False
retrieval,1,5,3,0.5262863993958652,0.5614457155679728,0.48709361486218733,0.6321932478422139,1.0,2.3283064365386963e-10,1.596552985055106e-08,-0.06614864394459269,-0.06097190247989877,-0.07754494707318363,-0.044140856771626616,0.0625,0.9166666666666667,0.3426421526873311,True,False
retrieval,1,5,4,-1.1909276010069674,-1.2632252197842073,-1.3989119185544667,-1.1283357895760961,0.0,1.0,1.0,-0.016593799957777346,-0.04858849894201277,-0.09700309400227515,0.0014429375151559863,0.40625,0.9166666666666667,0.6903939256949424,False,False
retrieval,1,5,5,-1.421076851115473,-1.40637434897593,-1.5035808639032011,-1.2913694005280723,0.0,1.0,1.0,-0.07683292104546582,-0.09183190727904356,-0.11945232599564617,-0.0650780356986127,0.1875,0.9166666666666667,0.4996328627307039,False,False
retrieval,1,5,6,-3.196698472570584,-3.004503624349974,-3.3223082383744984,-2.67538955651114,0.03125,0.9999999997671694,1.0,-0.4669726086430638,-0.4691559149546115,-0.5355913148215347,-0.39489408349889676,0.0625,0.9166666666666667,1.0323695958143844,False,False
retrieval,1,5,7,-2.5191901648873913,-2.577286378876222,-2.8433570638795014,-2.3200473600331635,0.0,1.0,1.0,-0.07688316183133004,-0.06315027239387588,-0.09904658975749515,-0.024884420582018944,0.1875,0.9166666666666667,1.676808702591628,False,False
retrieval,1,5,8,0.08521320007408777,0.04864363063987247,-0.06686534425354927,0.1737474791291407,0.5625,0.29830744792707264,1.0,-0.04594827948869172,-0.04637027222986404,-0.06367448394357407,-0.029933735541220932,0.21875,0.9166666666666667,0.6785093619705049,False,False
retrieval,1,5,9,-5.814566586067725,-5.777237153484704,-5.9248661308262545,-5.628814317027395,0.0,1.0,1.0,-0.15140634630766614,-0.14004724857680068,-0.1929882424327802,-0.08663726757360711,0.15625,0.9166666666666667,1.1556622983018523,False,False
retrieval,1,5,10,-1.4485945193367193,-1.5161017357603326,-1.7012171355485706,-1.353058975907775,0.0,1.0,1.0,0.28078267537871837,0.26903626551910015,0.24400136057844374,0.2921745912677914,1.0,0.9166666666666667,0.6523031345603715,False,False
retrieval,1,5,11,-2.654596428004783,-2.6496507068417587,-2.76468027509977,-2.554557414035279,0.0,1.0,1.0,-0.2686527231095982,-0.26296556952712385,-0.2919103821590685,-0.2321368753726827,0.0,0.9166666666666667,0.9676304041856154,False,False
retrieval,1,6,0,-0.9474156215980649,-0.9502296686290412,-1.101015768920163,-0.810309984702282,0.03125,0.9999999997671694,1.0,0.015588871988161085,0.035549755556463225,0.0032361627402950873,0.06933882797984393,0.5625,0.9205729166666667,0.6727756732154728,False,False
retrieval,1,6,1,-0.9830232278145515,-0.954572676323707,-1.0788832982505865,-0.8379562617020184,0.0,1.0,1.0,-0.10510250047255468,-0.09694846930366727,-0.11279572607336728,-0.0816087902107012,0.0,0.9205729166666667,1.0619220853693556,False,False
retrieval,1,6,2,-1.7301393814519956,-1.6691589379704272,-1.8188012166619798,-1.50734186830743,0.0,1.0,1.0,0.18115547728791986,0.15611331983430354,0.11216887938597903,0.20022815032182578,0.875,0.9205729166666667,1.4140984848265667,False,False
retrieval,1,6,3,-0.30285878350442896,-0.2991460778059056,-0.3817777925366796,-0.22162614628857583,0.09375,0.9999998768325895,1.0,0.05578510684088933,0.06758907979545119,0.04693817836370028,0.08880675382818866,0.90625,0.9205729166666667,0.5660327102224375,False,False
retrieval,1,6,4,-2.1460540831763515,-2.0587120664128027,-2.2935684578517765,-1.8156574532960956,0.0,1.0,1.0,-0.023240334086857953,-0.0064969248790552984,-0.040094365924783736,0.02602478991477561,0.5,0.9205729166666667,1.517684503500634,False,False
retrieval,1,6,5,-0.41442344580368984,-0.3730123759354571,-0.4520846679171065,-0.2719061275918788,0.0625,0.9999999923165888,1.0,-0.20869601935528623,-0.2088285835793443,-0.22696241955871574,-0.1906547777421249,0.0,0.9205729166666667,1.1987848782918749,False,False
retrieval,1,6,6,0.2308411489341622,0.23101224874482296,0.14633055750990667,0.30565078463460293,0.84375,5.653710104525089e-05,0.002142458565925297,-0.01028941198054413,-0.01090661266524627,-0.028059565389619262,0.005109441892299192,0.4375,0.9205729166666667,0.3699677220416459,True,False
retrieval,1,6,7,-0.011589710087098096,-0.15176425881000574,-0.31663658002749745,0.002027456460466912,0.34375,0.9749487701337785,1.0,0.14023832796845254,0.11773362659183809,0.09079285971414705,0.145930578648925,0.96875,0.9205729166666667,0.8063585221262337,False,False
retrieval,1,6,8,-0.86602484043829,-0.8642743194272151,-0.9351311189364309,-0.7891540499634303,0.0,1.0,1.0,0.006839379631920171,-0.001592641557612377,-0.019101022114915944,0.015619577988069776,0.46875,0.9205729166666667,1.1379133242486015,False,False
retrieval,1,6,9,-1.2396162404764326,-1.2353679823723667,-1.42864992731974,-1.0326077513142498,0.0,1.0,1.0,-0.1283244856630153,-0.13795569364103255,-0.17823341051784652,-0.10081152793679429,0.0625,0.9205729166666667,0.6879759191162215,False,False
retrieval,1,6,10,-1.2940372828168338,-1.2270866758561727,-1.3555609095393557,-1.0952538547738155,0.0,1.0,1.0,-0.0544962421228085,-0.03449812223514559,-0.06591737231701289,-0.0025694120388857836,0.375,0.9205729166666667,0.9380779146306443,False,False
retrieval,1,6,11,0.40531217810374465,0.4464719569788668,0.1610931933314559,0.7105131481120309,0.6875,0.025051229866221547,0.5549810924209081,0.2801038060892197,0.24623072156144002,0.14992722182494458,0.3372205354018639,0.8125,0.9205729166666667,1.8428483068371795,True,True
retrieval,1,7,0,-2.5082862046268284,-2.6722042836937785,-2.9308852949677338,-2.3940729270667336,0.0,1.0,1.0,-0.13122418486733434,-0.21164684337499856,-0.29771418208281547,-0.12865388420879006,0.15625,0.9205729166666667,1.0972460013840342,False,False
retrieval,1,7,1,-3.9797544074811673,-4.199396087419736,-4.444921193046918,-3.926163082488125,0.0,1.0,1.0,0.011430341285599853,-0.0019869639807744005,-0.03617147580428403,0.0298357299987928,0.5,0.9205729166666667,1.0956949472121211,False,False
retrieval,1,7,2,-0.9329252148171626,-0.9052283202921647,-1.0160473841068833,-0.808215210551622,0.0,1.0,1.0,-0.06003839886116395,-0.04864389606146352,-0.07766001834625517,-0.021177140083785632,0.3125,0.9205729166666667,0.5289823634040945,False,False
retrieval,1,7,3,-2.7274577156475344,-2.3476425330003137,-2.817198613119096,-1.8367814207997866,0.0,1.0,1.0,-0.2622300873694663,-0.19888639022702237,-0.29580980236305165,-0.10617388115338605,0.28125,0.9205729166666667,1.2657582015045534,False,False
retrieval,1,7,4,-2.722707107961158,-2.6692060382609535,-2.932690369125388,-2.400200202067557,0.0,1.0,1.0,0.024436511842313043,0.023882707327732303,-0.015568156766748335,0.06968686258168767,0.53125,0.9205729166666667,0.9043050527878789,False,False
retrieval,1,7,5,-1.6907290089040985,-1.7050385063061526,-1.8343623988987792,-1.5681362465839397,0.0,1.0,1.0,0.005192854952800743,-0.0022569624392432715,-0.027809925281312604,0.02290598186770247,0.53125,0.9205729166666667,1.5090154937015012,False,False
retrieval,1,7,6,-2.1090384418277472,-2.2522120137371573,-2.3841423543095637,-2.1145806429245444,0.0,1.0,1.0,-0.25162145813782955,-0.25787662368806896,-0.29114697464932193,-0.226052554202022,0.0,0.9205729166666667,1.499481681908119,False,False
retrieval,1,7,7,-5.200389803142834,-5.247295666644874,-5.421136746696585,-5.076437714380177,0.0,1.0,1.0,-0.37616914621840936,-0.3717914945094232,-0.4188561160893831,-0.32284673477958153,0.0,0.9205729166666667,0.6601707493874603,False,False
retrieval,1,7,8,-3.7707172594448175,-3.794268105739101,-4.052186820261951,-3.5699497665068662,0.0,1.0,1.0,-0.0657997464451204,-0.08032006414361129,-0.13711157590271522,-0.015838811975443626,0.375,0.9205729166666667,0.6198191071302223,False,False
retrieval,1,7,9,-2.140588746360404,-2.187878230853007,-2.417144637348043,-1.944350642026805,0.0,1.0,1.0,-0.18595013595072077,-0.17743766889431745,-0.2101031688812949,-0.14443273227555392,0.0,0.9205729166666667,0.8912521775341192,False,False
retrieval,1,7,10,-0.2379992181834073,-0.2309282787309305,-0.33477864990643874,-0.12978392209811287,0.1875,0.9999434628989547,1.0,-0.0660958984581624,-0.07728499038725659,-0.09983765878028883,-0.05671635610930992,0.125,0.9205729166666667,0.5034628294384033,False,False
retrieval,1,7,11,-1.8678091802892922,-1.8496781949595844,-1.9472064416329657,-1.7451685232534353,0.0,1.0,1.0,-0.021671138555690448,-0.034624479001242915,-0.061478079828182826,-0.0081959986687019,0.28125,0.9205729166666667,1.4401957543534203,False,False
retrieval,1,8,0,-4.053575356565812,-4.06403367964179,-4.362490595332644,-3.736930669334104,0.0,1.0,1.0,-0.35507023225057777,-0.3278502404991906,-0.39032297447413117,-0.25960056800521153,0.0625,0.9205729166666667,0.7768443537940909,False,False
retrieval,1,8,1,-5.940916315134164,-5.903549591851759,-6.18768685445739,-5.636380794943473,0.0,1.0,1.0,-0.38231501203346446,-0.3860448063226841,-0.44144179306933773,-0.3314576554121142,0.0,0.9205729166666667,1.175722077302109,False,False
retrieval,1,8,2,-0.8049554347065547,-0.7581674724279005,-0.8988625728917928,-0.6113958026541407,0.0,1.0,1.0,-0.18648810027881924,-0.16802469898717082,-0.20321461117639472,-0.13800297843491185,0.03125,0.9205729166666667,0.43833791626519275,False,False
retrieval,1,8,3,-2.3662611633189745,-2.4653687882033672,-2.6165138303060216,-2.293480478878745,0.0,1.0,1.0,-0.1903769526662999,-0.1825906872761594,-0.2529109813360733,-0.11208710741237515,0.21875,0.9205729166666667,1.0291465811660443,False,False
retrieval,1,8,4,-1.892904551722583,-1.9500329658945643,-2.212938905297948,-1.6877912655987697,0.0,1.0,1.0,-0.23441107603116534,-0.1524155341765588,-0.2423952606976701,-0.0627872160023328,0.21875,0.9205729166666667,1.2291807687956644,False,False
retrieval,1,8,5,-3.9543039203411023,-3.7835315897198982,-4.011184700830685,-3.546966091555546,0.0,1.0,1.0,-0.20688395800514658,-0.1548113725214226,-0.23979699642408855,-0.06194838190491919,0.25,0.9205729166666667,1.3983455511777103,False,False
retrieval,1,8,6,1.6614742854256983,1.6841479435868068,1.503640539746874,1.880660521764459,1.0,2.3283064365386963e-10,1.596552985055106e-08,0.00048786780256603783,-0.007699368477313278,-0.03204219286638178,0.01632310506296778,0.5625,0.9205729166666667,0.8273889398374176,True,False
retrieval,1,8,7,-3.4053233192259764,-3.434087083018463,-3.6510500078659693,-3.213900567764987,0.0,1.0,1.0,-0.14536004396474017,-0.16927285378680673,-0.20075035588996193,-0.13898368727692204,0.0625,0.9205729166666667,0.5810314540197971,False,False
retrieval,1,8,8,-3.5972785244975496,-3.6847192662995023,-3.965308686761303,-3.3942206792731437,0.0,1.0,1.0,-0.27310697744359513,-0.27496907611771304,-0.3054802585814946,-0.24162568708193455,0.0,0.9205729166666667,0.9708534188339559,False,False
retrieval,1,8,9,-1.1430615554629129,-1.1881194122047036,-1.320725528915398,-1.0626264564843106,0.0,1.0,1.0,-0.0927952847347853,-0.11067802683503374,-0.13637444494511228,-0.08613911433599288,0.0625,0.9205729166666667,0.45925189251141973,False,False
retrieval,1,8,10,-4.044794671341201,-3.9981106242840143,-4.329964294301551,-3.6784863717229825,0.0,1.0,1.0,-0.4427522367361325,-0.3562855551221926,-0.4415417443779665,-0.2696735626195601,0.125,0.9205729166666667,1.0334401265673017,False,False
retrieval,1,8,11,-6.772989640669203,-6.872598446478246,-7.13409092495332,-6.600508268901337,0.0,1.0,1.0,-0.4599410174552739,-0.44752015293597835,-0.5312408026958184,-0.3644610772966599,0.03125,0.9205729166666667,1.25201221335857,False,False
retrieval,1,9,0,-1.7022703398040653,-1.8790291458685304,-2.1300295971074,-1.6541325023421212,0.0,1.0,1.0,-0.0364638071590374,-0.07745851704311198,-0.11653794257618932,-0.04130411653182364,0.3125,0.9192708333333334,1.053571960895663,False,False
retrieval,1,9,1,-0.733210920828161,-0.76220354378174,-0.8551363204668787,-0.6630402226072948,0.0,1.0,1.0,-0.0896841998099943,-0.07529097853360467,-0.10540977946919906,-0.04430195100793707,0.21875,0.9192708333333334,0.4173899665036961,False,False
retrieval,1,9,2,-1.0750057692770802,-1.130544901886199,-1.4173225644998186,-0.8681856128283856,0.15625,0.9999903494026512,1.0,-0.20464168505506036,-0.22286333526824784,-0.24709403350784545,-0.20069739062162464,0.0,0.9192708333333334,1.6478353420903133,False,False
retrieval,1,9,3,-1.4907663402693703,-1.4296494224352858,-1.6611151479976054,-1.199441064610159,0.0,1.0,1.0,-0.020304880489755647,-0.0008355977782945907,-0.027831382422144876,0.030695282817167876,0.4375,0.9192708333333334,1.2243285146566598,False,False
retrieval,1,9,4,-2.248893798511946,-2.249185816730893,-2.4228433807757686,-2.0545422950853243,0.0,1.0,1.0,-0.11986670353662747,-0.09897758365924128,-0.15140555733672414,-0.04528250699870463,0.21875,0.9192708333333334,0.7473878915570388,False,False
retrieval,1,9,5,-0.7277793047795016,-0.8295194318953201,-0.9845386335732589,-0.6968909384747567,0.0,1.0,1.0,-0.04686520243531733,-0.05616781873544924,-0.08040743374203212,-0.03358923376863181,0.21875,0.9192708333333334,0.9182239285099394,False,False
retrieval,1,9,6,-1.4563994944184866,-1.397056288061162,-1.6242885596838705,-1.1979896873654658,0.03125,0.9999999997671694,1.0,-0.044913137768449296,-0.015408606695603786,-0.052760847445076246,0.022817123752650624,0.4375,0.9192708333333334,2.225046499937176,False,False
retrieval,1,9,7,-3.483954728228291,-3.452562893399512,-3.6551044552033205,-3.2922274280666075,0.0,1.0,1.0,-0.0649352907328173,-0.07176094611998458,-0.10253353250161641,-0.04160611459119771,0.1875,0.9192708333333334,0.8352124380585989,False,False
retrieval,1,9,8,-2.517322295056164,-2.47416902986355,-2.738882687459387,-2.179028975130882,0.0,1.0,1.0,-0.08775441824223718,-0.06824347178325352,-0.12861475979919623,-0.007817276046350902,0.40625,0.9192708333333334,2.202083045388715,False,False
retrieval,1,9,9,-2.838714086259073,-2.9670171505328558,-3.1485630856302813,-2.7586646587919046,0.0,1.0,1.0,-0.23008758038790567,-0.24202992181023078,-0.29419062262962326,-0.1910767476664356,0.03125,0.9192708333333334,0.946428039104337,False,False
retrieval,1,9,10,-1.6716595131193819,-1.6661656364265518,-1.7682986859275411,-1.560629161862023,0.0,1.0,1.0,-0.13523332447605238,-0.12497368330582155,-0.13784313011643345,-0.11187900468075383,0.0,0.9192708333333334,2.7310353878607145,False,False
retrieval,1,9,11,-0.223235129553795,-0.2448103475535816,-0.33426203922024056,-0.14728063538195396,0.21875,0.9997324736323208,1.0,-0.05674710468121719,-0.0474573455953693,-0.0709607583314556,-0.017054449784835696,0.25,0.9192708333333334,0.8316568772003935,False,False
retrieval,1,10,0,-2.8488083921649556,-2.800403886141257,-2.946192925777176,-2.655700832858073,0.0,1.0,1.0,-0.13983178895201603,-0.14299159140473178,-0.17553452449981422,-0.11057814992673179,0.09375,0.9192708333333334,0.5834741431457636,False,False
retrieval,1,10,1,-1.2515073322270924,-1.3116638402785066,-1.5096491315014873,-1.131167942303655,0.0,1.0,1.0,0.08346349667071076,0.10434418911470311,0.07363052269141995,0.13599706259091288,0.84375,0.9192708333333334,1.0051226078422046,False,False
retrieval,1,10,2,-1.2886998421671536,-1.2801579459007244,-1.3780914040911065,-1.189483742852964,0.0,1.0,1.0,0.04426504785410297,0.05208594134581183,0.031930508799959345,0.07011364245241196,0.84375,0.9192708333333334,0.9948773921577954,False,False
retrieval,1,10,3,-1.1437090756070176,-1.2308950054110213,-1.3879309152982071,-1.0851617801328897,0.0,1.0,1.0,-0.14555241801119112,-0.13060707502870728,-0.16026351018855162,-0.0944910115558148,0.0625,0.9192708333333334,0.615514357234335,False,False
retrieval,1,10,4,-0.07056734497347451,-0.12583933346722104,-0.3222468136031256,0.070114995011113,0.25,0.9989487992133945,1.0,0.009733901093272556,0.00038335648127391314,-0.019206411865458194,0.020769535834445855,0.53125,0.9192708333333334,1.9974038018309737,False,False
retrieval,1,10,5,-0.8876414506843384,-0.8544718569585196,-1.0312736632659596,-0.6822230731379929,0.03125,0.9999999997671694,1.0,-0.009714818680964413,0.008635426689926812,-0.017343072335932803,0.03476108324881761,0.5,0.9192708333333334,1.5470680179631917,False,False
retrieval,1,10,6,-0.926290518437138,-0.8640142401782085,-0.9961725148736476,-0.7369785097797691,0.0,1.0,1.0,0.06651107166540281,0.06839227178091904,0.03784718565141406,0.1005540092962884,0.8125,0.9192708333333334,0.4973618683514053,False,False
retrieval,1,10,7,-0.09665345766695561,-0.09271645752309371,-0.1780888687734628,-0.004133810616523972,0.3125,0.9899691964965314,1.0,-0.03314689090758231,-0.040273769846380585,-0.06196073459715488,-0.01821366423896339,0.15625,0.9192708333333334,0.379620027085132,False,False
retrieval,1,10,8,0.10396331758822222,0.10721356255680715,-0.038883937494182834,0.26087182360900774,0.5625,0.29830744792707264,1.0,-0.06757944092041342,-0.0717430106218842,-0.10375621581581332,-0.03629350068080232,0.21875,0.9192708333333334,0.21976479824108225,False,False
retrieval,1,10,9,-0.7206224495560016,-0.6884251947854814,-0.7551826343796236,-0.6136300103355904,0.0,1.0,1.0,-0.04148844695141962,-0.029123381637780513,-0.06492130181402464,0.007453148107022186,0.375,0.9192708333333334,1.4537769026064558,False,False
retrieval,1,10,10,-1.400986286375999,-1.4659067473730187,-1.7415453781534178,-1.2214937418160032,0.0,1.0,1.0,0.04362399660015646,0.08816495020898946,0.05378399396176119,0.12854237744400931,0.84375,0.9192708333333334,1.1823803956687038,False,False
retrieval,1,10,11,-2.2584724376168293,-2.2745878906264623,-2.446574970814707,-2.1298950240628423,0.0,1.0,1.0,-0.13878831084804727,-0.13242851761038665,-0.15851057641993901,-0.10563538685743892,0.0625,0.9192708333333334,1.4706482818558357,False,False
retrieval,1,11,0,-1.9696303093787226,-1.9698965977623186,-2.126077018424904,-1.815920624462748,0.0,1.0,1.0,-0.06193556298444665,-0.06086788939069044,-0.08202750866453916,-0.03992066190630399,0.15625,0.9205729166666667,1.5212200276364791,False,False
retrieval,1,11,1,-1.7263889748798558,-1.8950262982603499,-2.222269397872447,-1.5634440134047072,0.03125,0.9999999997671694,1.0,-0.10354989718394657,-0.11325889705493755,-0.1374142702635291,-0.08810973174861644,0.0625,0.9205729166666667,1.3151188855673595,False,False
retrieval,1,11,2,-0.9258994482367586,-0.9810062735426208,-1.089164635816519,-0.8650283588093655,0.0,1.0,1.0,-0.05539115055390967,-0.06272681319514334,-0.08007560910737427,-0.04679355064862255,0.125,0.9205729166666667,0.9869937585792261,False,False
retrieval,1,11,3,-2.420387371091272,-2.4201669144457716,-2.6423835569135123,-2.1996941848441343,0.0,1.0,1.0,-0.043828651716264586,-0.05188296053132885,-0.09873855975951613,-0.0007534510388831446,0.3125,0.9205729166666667,1.013006241420774,False,False
retrieval,1,11,4,-1.9366700497214433,-1.8310774027545214,-1.9994076144639363,-1.6657755354485488,0.0,1.0,1.0,-0.14420439531204798,-0.13016395247338253,-0.17010841920306888,-0.09130004229483288,0.15625,0.9205729166666667,2.9555142762691737,False,False
retrieval,1,11,5,-2.184394200950113,-2.190117504151119,-2.3510344907351333,-2.0219304067159833,0.0,1.0,1.0,0.030848776156851825,0.019474317191604015,-0.012575053322079059,0.05188626009002307,0.5,0.9205729166666667,0.9329767031043783,False,False
retrieval,1,11,6,-1.9261110661185032,-1.9560866003172204,-2.224101206597177,-1.7286323361733447,0.0,1.0,1.0,-0.09525887954933782,-0.09121746451810808,-0.11345014166854231,-0.06855914866261845,0.125,0.9205729166666667,1.3141771075421653,False,False
retrieval,1,11,7,-2.0077640601013376,-2.1077257091374966,-2.2876942413133503,-1.928674286416018,0.0,1.0,1.0,-0.13954970478662676,-0.15359643214992727,-0.1723187914498562,-0.13440449046980998,0.0,0.9205729166666667,1.2873008414048825,False,False
retrieval,1,11,8,-0.5505188666165975,-0.5149299648348782,-0.627039516818171,-0.40024795848163086,0.0625,0.9999999923165888,1.0,0.009193417764841018,-0.012308630248594223,-0.03585377337094463,0.011774979429922857,0.34375,0.9205729166666667,0.3624402126680666,False,False
retrieval,1,11,9,-2.200359628909514,-2.367358297636266,-2.74654902586439,-1.9868895850235129,0.03125,0.9999999997671694,1.0,-0.0871904257008464,-0.12668215486097192,-0.189939109822498,-0.076248616192968,0.15625,0.9205729166666667,0.7805186430141873,False,False
retrieval,1,11,10,0.14149277966990875,0.130340273025899,0.020856464623324772,0.21876956582738022,0.6875,0.025051229866221547,0.5549810924209081,-0.0038992614009473376,-0.00914390922823459,-0.036787809166941104,0.017205483900129145,0.4375,0.9205729166666667,0.6875604228167486,True,False
retrieval,1,11,11,-0.4675395121079534,-0.48100410121863685,-0.6031986884202356,-0.3528226119294274,0.15625,0.9999903494026512,1.0,0.03690563664370858,0.0324709212115796,0.012947714541385649,0.052177759345532496,0.65625,0.9205729166666667,0.5946412431085808,False,False
retrieval,1,12,0,-3.0763660655980125,-3.045933929906286,-3.2763435884704806,-2.7656423409744875,0.0,1.0,1.0,-0.27314836379345636,-0.2618108852915714,-0.30859569308906865,-0.20926092116916187,0.09375,0.91796875,1.933967619180254,False,False
retrieval,1,12,1,-1.4656569440015097,-1.4940022406862639,-1.5865310723403725,-1.407808741476797,0.0,1.0,1.0,-0.013026207410631385,-0.036082593189523844,-0.05116292676473819,-0.021540299203225453,0.21875,0.91796875,1.28532553157856,False,False
retrieval,1,12,2,-3.138656503616062,-3.1425774272878213,-3.3979949760623773,-2.8730935810096225,0.0,1.0,1.0,-0.4595986495058625,-0.41926384795554783,-0.5057741994977645,-0.32647637259894474,0.03125,0.91796875,0.9993696741453503,False,False
retrieval,1,12,3,-0.3180078671933446,-0.32481661399258543,-0.45517874585682777,-0.19237324526497063,0.1875,0.9999434628989547,1.0,0.01347355355209393,0.007190597010872448,-0.01515262256207154,0.029495186185756393,0.5625,0.91796875,0.4323351067415908,False,False
retrieval,1,12,4,-0.26818198702459195,-0.320913222195754,-0.42997183527636396,-0.21611137606078565,0.1875,0.9999434628989547,1.0,0.06383297115923992,0.059646345956346186,0.03438263970504029,0.08645905096347926,0.78125,0.91796875,0.7348775245361379,False,False
retrieval,1,12,5,0.09210796630726445,0.039881948631905265,-0.07878483661263598,0.15776978132592345,0.65625,0.055092082591727376,1.0,-0.005716920886007655,-0.010933913444230139,-0.029248741094866665,0.007958885546904326,0.4375,0.91796875,0.6416450912521228,False,False
retrieval,1,12,6,-3.913048531009741,-3.935147138757201,-4.252291442314956,-3.5941052046160573,0.0,1.0,1.0,-0.13368436665638736,-0.11388283495784966,-0.15748466608773914,-0.0732890789627529,0.1875,0.91796875,1.0006303258546498,False,False
retrieval,1,12,7,-4.1007829445007635,-4.0820337866045735,-4.308400737062046,-3.851655237001693,0.0,1.0,1.0,-0.12811342044380097,-0.1773582623587765,-0.2462437988031309,-0.10271570574065932,0.125,0.91796875,1.5327895040340815,False,False
retrieval,1,12,8,-4.039338709142188,-4.213414309606041,-4.468251490559786,-3.975456824277184,0.0,1.0,1.0,-0.5465683803651846,-0.5806392369754582,-0.6678482006989638,-0.48773896413134576,0.0,0.91796875,0.9614078792704336,False,False
retrieval,1,12,9,-3.200623675525419,-3.2507632845012937,-3.4298037277316418,-3.062544975133685,0.0,1.0,1.0,-0.17782124246492778,-0.16489640707118508,-0.19722504785298942,-0.13403990957689596,0.0,0.91796875,0.4412069674664055,False,False
retrieval,1,12,10,-1.77504248975132,-1.6235940055556473,-1.7957299106434812,-1.448579816929725,0.0,1.0,1.0,-0.09157997186128727,-0.0670163848830513,-0.12398583342736982,-0.006662320412933603,0.34375,0.91796875,1.0711917811477483,False,False
retrieval,1,12,11,-2.2527139925992454,-2.3720067575591397,-2.5728088026099485,-2.1799544933808397,0.0,1.0,1.0,-0.1562496672080621,-0.15860739534598184,-0.18591497959983475,-0.12955701031577144,0.0625,0.91796875,1.076879508085225,False,False
retrieval,1,13,0,-1.0367180177913617,-1.039563922727133,-1.2493322642008295,-0.8189765632202866,0.03125,0.9999999997671694,1.0,-0.03384008855518855,-0.024195580628892804,-0.04138714349003757,-0.005855482847306649,0.28125,0.9166666666666667,1.3209431073155136,False,False
retrieval,1,13,1,-1.8341794392004442,-1.8925512954963313,-2.147390047180198,-1.6737078600997393,0.0,1.0,1.0,0.053327736658749854,0.038319164933555055,0.014823347234635879,0.06343450312477598,0.625,0.9166666666666667,0.7721125279242902,False,False
retrieval,1,13,2,-1.0342460406562042,-1.078198793648887,-1.1843995196033568,-0.9715724086952415,0.0,1.0,1.0,0.0035805327980160217,-0.033122694677589014,-0.060253879229231935,-0.006827641604930557,0.28125,0.9166666666666667,1.2293748080656186,False,False
retrieval,1,13,3,-1.26018163516924,-1.2657841982702487,-1.3469514677122802,-1.1856562887302051,0.0,1.0,1.0,-0.12589435182563527,-0.13630248593990846,-0.15280606876246053,-0.11990089901327769,0.0,0.9166666666666667,0.5184288568023977,False,False
retrieval,1,13,4,-0.9939599778753123,-1.019099578358795,-1.1044555453076794,-0.938107914191071,0.0,1.0,1.0,-0.07752446800976219,-0.07948903905980917,-0.0886372543336398,-0.07069347225398499,0.0,0.9166666666666667,0.7011449806922809,False,False
retrieval,1,13,5,-1.8694146816029384,-1.8877177318501037,-2.1434844785467777,-1.6582360912314402,0.0,1.0,1.0,-0.09632462103728923,-0.07806673855075061,-0.10603176875089566,-0.054112983058064223,0.125,0.9166666666666667,1.69527574744351,False,False
retrieval,1,13,6,-1.0437044957707113,-1.0074037252937853,-1.0626577416383893,-0.9565780287766397,0.0,1.0,1.0,-0.08093038148398904,-0.07575381957583682,-0.09039796921601091,-0.061556164637758155,0.0625,0.9166666666666667,0.9409832573201159,False,False
retrieval,1,13,7,-1.7174680314094577,-1.8734844823720618,-2.092244127154938,-1.6661597623824704,0.0,1.0,1.0,-0.011376833528895612,-0.024738487742261752,-0.04868454350632605,-0.002022932588605227,0.3125,0.9166666666666667,1.059016742679884,False,False
retrieval,1,13,8,-1.8191241441135775,-1.9235183132213027,-2.137938097726795,-1.7147381282694503,0.0,1.0,1.0,-0.0482380052072886,-0.05756051728839959,-0.07789038318549261,-0.037890240517134466,0.21875,0.9166666666666667,0.5457132586317699,False,False
retrieval,1,13,9,-2.527146789874771,-2.516033218192904,-2.7053824663374737,-2.3312511377665164,0.0,1.0,1.0,-0.10837230720879105,-0.09428745396602842,-0.11470607226194968,-0.07356248708528046,0.0625,0.9166666666666667,1.1158523983824564,False,False
retrieval,1,13,10,-0.7102678611792603,-0.7913470268637546,-0.9242805837530699,-0.6690429587834071,0.0,1.0,1.0,0.010916719955971481,-0.004224453025139938,-0.024578113930901993,0.017004804912803075,0.5,0.9166666666666667,0.914877914850109,False,False
retrieval,1,13,11,-2.108514022330022,-2.110989928225453,-2.2192308396360634,-1.9946207763089896,0.0,1.0,1.0,-0.10043347162367436,-0.07407857214922393,-0.11010989400301248,-0.036283812502744,0.15625,0.9166666666666667,1.8726670823536475,False,False
retrieval,1,14,0,-2.4326280567623217,-2.4210112731661844,-2.6176778013769613,-2.2269935608015126,0.0,1.0,1.0,-0.17266782659596308,-0.14887311665306363,-0.19162743537982632,-0.10185223485594495,0.0625,0.9166666666666667,1.0965230867700848,False,False
retrieval,1,14,1,-1.662324090381765,-1.6896208381318556,-1.812365912203305,-1.5697435201143028,0.0,1.0,1.0,-0.009390107684486816,-0.02414342495780896,-0.044391441111110166,-0.005475857442098352,0.375,0.9166666666666667,1.1106677493904327,False,False
retrieval,1,14,2,-0.9752790387452074,-1.0379949749336477,-1.1492227266960005,-0.9131201919350349,0.0,1.0,1.0,0.05981435463761947,0.04950862327617461,0.03480544290371309,0.06543304720734464,0.84375,0.9166666666666667,0.6185441823680324,False,False
retrieval,1,14,3,-3.5049591140673173,-3.553380357087754,-3.7263454992216563,-3.388012461649249,0.0,1.0,1.0,-0.16966144610730066,-0.14303268937031116,-0.18972064529586657,-0.08851301851158772,0.09375,0.9166666666666667,0.9602797264838565,False,False
retrieval,1,14,4,-2.639436077637621,-2.653981930275651,-2.846149438670773,-2.4380645642840837,0.0,1.0,1.0,-0.09611695904680993,-0.09280662838851675,-0.13068943835669516,-0.05196004046463108,0.21875,0.9166666666666667,1.0397202735161435,False,False
retrieval,1,14,5,-3.2506586340175145,-3.357453512390692,-3.594493547816954,-3.096914123490486,0.0,1.0,1.0,-0.2091311123183735,-0.24821648873492486,-0.3001573319713388,-0.19401418856600364,0.09375,0.9166666666666667,0.8175466406608529,False,False
retrieval,1,14,6,-0.9705806685179048,-1.0183731181199416,-1.1246808752427049,-0.9193618498246856,0.0,1.0,1.0,-0.024909477097415766,-0.014430745008496195,-0.02886612716086605,0.00038187319721023536,0.34375,0.9166666666666667,0.4088973699303035,False,False
retrieval,1,14,7,-1.6278569105429619,-1.6524247505939154,-1.7951450000010143,-1.5256546995824642,0.0,1.0,1.0,-0.05110985979127026,-0.053615035675433936,-0.06931758995081062,-0.036377281733551814,0.1875,0.9166666666666667,0.8151634829002,False,False
retrieval,1,14,8,-3.213982088781255,-3.1918927187954567,-3.382480605462419,-2.988520731591415,0.0,1.0,1.0,-0.19365173752589168,-0.18553776387756327,-0.22851379563439944,-0.1396452923276465,0.09375,0.9166666666666667,1.302582595717323,False,False
retrieval,1,14,9,-0.36975280921296827,-0.35650788305742775,-0.41123655049012425,-0.3026281548095543,0.0,1.0,1.0,-0.034138013399693155,-0.035470074850022376,-0.050702994716471425,-0.019751374257380966,0.25,0.9166666666666667,0.7675588099701851,False,False
retrieval,1,14,10,-3.377915678733108,-3.361803092832799,-3.4917402905479715,-3.2340749777789433,0.0,1.0,1.0,-0.21849845700724865,-0.1898070663827013,-0.22734870729830303,-0.1508875557101209,0.03125,0.9166666666666667,1.0543407247262824,False,False
retrieval,1,14,11,-0.8613724029145743,-0.9295067840912711,-1.07086048704822,-0.7928591856166725,0.0,1.0,1.0,-0.028175956668667748,-0.04053815041740325,-0.059815861952395306,-0.01984457610204447,0.1875,0.9166666666666667,1.5354897067722955,False,False
retrieval,1,15,0,-0.9746158441060992,-1.01215969863748,-1.1139150022187372,-0.9182998752188462,0.0,1.0,1.0,-0.04386272764735239,-0.06436484682994525,-0.08064478387213105,-0.05050444590248399,0.0625,0.9166666666666667,0.9795324289508535,False,False
retrieval,1,15,1,-1.3737344988696312,-1.3709747767384386,-1.6271809703841866,-1.1278753702567834,0.0625,0.9999999923165888,1.0,-0.002583815028395162,0.004399376351808992,-0.019411729159772708,0.030080886632704452,0.5,0.9166666666666667,1.7802078165007564,False,False
retrieval,1,15,2,-1.2446312568548534,-1.2317367981568792,-1.4511751094784624,-1.0235372571077226,0.0,1.0,1.0,0.0049531843362771045,0.02362641787575477,-0.0024097059243246,0.05176929745247615,0.59375,0.9166666666666667,1.6219116523246946,False,False
retrieval,1,15,3,-0.6320812293043947,-0.6850730117564592,-0.7994014398116597,-0.5769081278602359,0.0,1.0,1.0,0.050706400131420734,0.03262448305426709,0.014221539981909745,0.05169807764924099,0.78125,0.9166666666666667,1.0204675710491464,False,False
retrieval,1,15,4,-1.8551916966931277,-1.8435863552831506,-2.0850195873540978,-1.6018674751482966,0.0,1.0,1.0,-0.01805467927534946,-0.0203920883436829,-0.04716159642146153,0.00334798958765052,0.34375,0.9166666666666667,1.6107274036933898,False,False
retrieval,1,15,5,-1.4516930989389527,-1.5570618429087038,-1.7510039394361345,-1.3546613136424774,0.0,1.0,1.0,-0.07498186141923513,-0.09414292097099049,-0.11804684647146742,-0.07219846223421766,0.09375,0.9166666666666667,1.597252188392561,False,False
retrieval,1,15,6,-0.6216556925838472,-0.6488665102474727,-0.7391883019645327,-0.5582027362860145,0.0,1.0,1.0,-0.019891450361261984,-0.0248103118476955,-0.03873572781893674,-0.008709468705957873,0.25,0.9166666666666667,0.7421443029135358,False,False
retrieval,1,15,7,-0.6395144596448914,-0.6425167064056418,-0.7562482616854529,-0.5334101950917454,0.03125,0.9999999997671694,1.0,0.05894674429021841,0.05225825681850571,0.034550901424412,0.07006900683995705,0.84375,0.9166666666666667,1.430936818787417,False,False
retrieval,1,15,8,-1.3093952995613796,-1.2866879509642326,-1.4248635816439308,-1.1479941020168405,0.0,1.0,1.0,-0.155164135234361,-0.12766811651972942,-0.15025698806100402,-0.10798695009278793,0.0,0.9166666666666667,0.7313017301114861,False,False
retrieval,1,15,9,-0.7338683612154053,-0.6718339643788696,-0.8126866285577984,-0.5263290439510062,0.0625,0.9999999923165888,1.0,-0.09620537820620245,-0.09422559270845056,-0.12124848346990727,-0.06730376331600409,0.15625,0.9166666666666667,0.8746371468169631,False,False
retrieval,1,15,10,-1.009568631337042,-1.059559699592943,-1.1792404837248647,-0.9411618732383573,0.0,1.0,1.0,-0.0005182289548105691,0.006894803427364038,-0.010731254995150189,0.024263610913584414,0.625,0.9166666666666667,0.8094764751115356,False,False
retrieval,1,15,11,-2.081915427221401,-1.963271168857829,-2.112436192719407,-1.8178032498950767,0.0,1.0,1.0,-0.05553335898786956,-0.031128152596056023,-0.05431897040427136,-0.006985512345054869,0.21875,0.9166666666666667,0.5212200281658197,False,False
retrieval,1,16,0,-2.657535767504741,-2.669988064673965,-3.0090667630021457,-2.3659276315691007,0.0,1.0,1.0,-0.07910032535443177,-0.05570897689015983,-0.07997108697770837,-0.03102641676634216,0.25,0.91796875,1.3189695345984256,False,False
retrieval,1,16,1,-0.7359362355840722,-0.7347989382411739,-0.9063931707608603,-0.5839074622190007,0.03125,0.9999999997671694,1.0,0.19381389747829164,0.18913271944901475,0.16202885045217283,0.2182421305958108,1.0,0.91796875,0.7439305538033064,False,False
retrieval,1,16,2,-4.376735082302303,-4.2109298408112075,-4.493355494828694,-3.93258251790124,0.0,1.0,1.0,-0.1897245317333357,-0.18736909989419898,-0.2850855217771459,-0.08364609180810736,0.25,0.91796875,2.289465035528662,False,False
retrieval,1,16,3,-0.5640245908020274,-0.5659937617646716,-0.6269662622838159,-0.5071885982226769,0.0,1.0,1.0,-0.006528161611632357,-0.017581071502879995,-0.03566218950570509,0.0009243259067820144,0.375,0.91796875,0.9443947079921398,False,False
retrieval,1,16,4,-1.8287584815988698,-1.935139622627236,-2.1476818973014487,-1.7219602588358849,0.0,1.0,1.0,-0.06514497943984099,-0.07960605075554403,-0.0963002813888161,-0.061693019248852767,0.0625,0.91796875,1.2710771055200794,False,False
retrieval,1,16,5,-2.8798391438436406,-2.7881206833969068,-3.010298901766688,-2.5621217538712426,0.0,1.0,1.0,-0.05090193894269228,-0.03308231503736379,-0.060247555397097426,-0.001332448543946633,0.28125,0.91796875,0.6763098054606252,False,False
retrieval,1,16,6,-2.640491442633307,-2.65891756762137,-2.8042005234245275,-2.515907198770727,0.0,1.0,1.0,-0.13828471979979937,-0.1489155598636993,-0.19385519220937986,-0.09738461536092805,0.15625,0.91796875,1.741270513758734,False,False
retrieval,1,16,7,-1.0203537583178193,-1.0761929465501718,-1.1703603365907522,-0.9833250779184542,0.0,1.0,1.0,-0.0324323424224648,-0.039423438188085774,-0.05821060381644052,-0.02207920989237944,0.28125,0.91796875,0.9119733385807725,False,False
retrieval,1,16,8,-3.0193783523545292,-3.0670870564537824,-3.2249677287691605,-2.9131426553094655,0.0,1.0,1.0,-0.1254922914198289,-0.12914766925918258,-0.15139544001346336,-0.10692007592014613,0.0,0.91796875,0.9787070437819289,False,False
retrieval,1,16,9,-5.007568641220388,-4.743057734947761,-5.064487523604459,-4.403678224621085,0.0,1.0,1.0,-0.21080099181812206,-0.17971282108378173,-0.2439666038256494,-0.11511575114807587,0.15625,0.91796875,1.4639488248349857,False,False
retrieval,1,16,10,-0.6455316440949274,-0.657360807201237,-0.7483816309661976,-0.5750074181309481,0.0,1.0,1.0,0.022837624755252146,0.018133782836633968,0.004394130674988077,0.032504855213844754,0.6875,0.91796875,1.0212929562180713,False,False
retrieval,1,16,11,-1.149281603661175,-1.2963865893085647,-1.427209302429894,-1.1678567022308783,0.0,1.0,1.0,-0.06128958789425229,-0.06302470760814144,-0.09612242741776045,-0.03251926093793556,0.25,0.91796875,0.15091179672019225,False,False
retrieval,1,17,0,-1.5581822127723872,-1.7439664643578674,-2.088866642424612,-1.3901414039609603,0.03125,0.9999999997671694,1.0,0.0368952409567842,0.028182928542466353,0.002618642848750844,0.05064018280920005,0.75,0.91796875,0.8078091385361178,False,False
retrieval,1,17,1,-2.1131725127125907,-2.035009319244364,-2.1362416592313758,-1.923304148735235,0.0,1.0,1.0,-0.004703081019690143,0.013365847355259988,-0.03607750743662214,0.060895128154358734,0.4375,0.91796875,2.4564139874268633,False,False
retrieval,1,17,2,-1.116486203959849,-1.1690810206738413,-1.3043246429100184,-1.0326815927809532,0.0,1.0,1.0,0.004739294022473587,-0.006694689810240688,-0.028209475797226557,0.015052532835504092,0.5,0.91796875,0.5468418111928564,False,False
retrieval,1,17,3,-3.3859779415310856,-3.595501336247529,-3.966140119829605,-3.2637588263748,0.0,1.0,1.0,-0.11489895085972066,-0.12232897021101258,-0.1556441113086117,-0.09078905832395716,0.09375,0.91796875,1.051501062889001,False,False
retrieval,1,17,4,-1.4299387197286504,-1.474940429886209,-1.6122960707484968,-1.3293618596124852,0.0,1.0,1.0,0.04698260489059901,0.027914375816643893,0.010227118780798308,0.045770438323865924,0.75,0.91796875,0.690576188874095,False,False
retrieval,1,17,5,-3.1543419078893242,-3.2913776114108106,-3.5349364676228334,-3.063236982271032,0.0,1.0,1.0,-0.10820604250388895,-0.13815142157216131,-0.17108616799500648,-0.10504366257183037,0.09375,0.91796875,0.9675405090836511,False,False
retrieval,1,17,6,-1.6651347304636346,-1.6733453307701198,-1.9400526507672669,-1.402061227012227,0.0625,0.9999999923165888,1.0,-0.03673840929687148,-0.02664947500001165,-0.05008203356214829,-0.006262034378942195,0.375,0.91796875,1.0324594909163487,False,False
retrieval,1,17,7,-4.8567897094568835,-4.785052211870979,-5.341909336280911,-4.212336339535151,0.0,1.0,1.0,-0.1155036609336474,-0.148080199034603,-0.17861812588484996,-0.11980806758845057,0.0,0.91796875,1.1181755534743822,False,False
retrieval,1,17,8,-5.043643092392118,-5.029082212698633,-5.368070941501262,-4.656789431061346,0.0,1.0,1.0,-0.39217415642844056,-0.37273647310343083,-0.40968659740015223,-0.3350378391955706,0.0,0.91796875,1.2584163913644693,False,False
retrieval,1,17,9,-0.691444069833973,-0.6398864857747548,-0.7641233264105481,-0.5167473274189495,0.09375,0.9999998768325895,1.0,0.11964270274656676,0.12598214487246834,0.09796234092793309,0.15174465137392742,0.90625,0.91796875,1.1825179216195143,False,False
retrieval,1,17,10,-3.712623544818044,-3.7613296468392416,-4.067230397738875,-3.4947510373701336,0.0,1.0,1.0,-0.05562518191029267,-0.06586307637943745,-0.10426136374198172,-0.02392977629159461,0.1875,0.91796875,0.7373975169577144,False,False
retrieval,1,17,11,-1.3384494098544302,-1.4119883831128153,-1.6368662633147035,-1.2084343932080623,0.0,1.0,1.0,0.031900583793417855,0.042880933606004736,0.02603286694479214,0.05964782985000299,0.90625,0.91796875,0.6177414941724125,False,False
retrieval,1,18,0,-0.5498258694885433,-0.5319244344499319,-0.6255105877259843,-0.44397423308433936,0.03125,0.9999999997671694,1.0,-0.0049089547581845985,-0.010506980963113107,-0.027323075541331815,0.00907925524142905,0.4375,0.9166666666666667,0.09665803028892872,False,False
retrieval,1,18,1,-2.5929170041478686,-2.594451497928378,-2.8960376320526144,-2.273468554840756,0.0,1.0,1.0,-0.05505067134806494,-0.054774214784751196,-0.08061045052330625,-0.03031481963622232,0.1875,0.9166666666666667,2.014178708798013,False,False
retrieval,1,18,2,-2.877670457199939,-2.726989370433751,-2.9547326872095367,-2.4817481317161016,0.0,1.0,1.0,-0.02803991598175686,-0.023194069700111966,-0.0476631611433619,0.0004108650084922764,0.375,0.9166666666666667,1.6033922484666923,False,False
retrieval,1,18,3,-2.848419874042023,-2.7869957399903247,-3.097685488469511,-2.4632903344521813,0.0,1.0,1.0,-0.040899150539660784,-0.031859922669633306,-0.06292823512662901,-0.002532171358768761,0.34375,0.9166666666666667,1.0534618645923655,False,False
retrieval,1,18,4,-1.3395402793084425,-1.260135030898413,-1.347157217748646,-1.176421749531688,0.0,1.0,1.0,0.007765519993762635,0.012668006027805677,-0.007539265157602963,0.03344789659542267,0.71875,0.9166666666666667,0.9465381354076345,False,False
retrieval,1,18,5,-2.397877141702357,-2.3931495641663396,-2.594007090903449,-2.163292368786791,0.0,1.0,1.0,-0.03541009697693816,-0.027935153592291623,-0.056449916835826855,-0.0003913543668325029,0.40625,0.9166666666666667,1.5578610636615644,False,False
retrieval,1,18,6,-2.6003703211836884,-2.532492736408661,-2.7542916145022907,-2.331384371137391,0.0,1.0,1.0,0.00801233788632483,0.00899029500942057,-0.01628190529832827,0.03018376799964944,0.65625,0.9166666666666667,0.8025554679190651,False,False
retrieval,1,18,7,-1.9499747850126488,-2.0353523660245387,-2.3443242735986924,-1.69582109927326,0.0,1.0,1.0,-0.014448757475816303,-0.005094877799114737,-0.027982303755638246,0.017522298900389102,0.46875,0.9166666666666667,0.7905032849721411,False,False
retrieval,1,18,8,-3.026474615086811,-2.9022355209791617,-3.1046934637438626,-2.7026252525784877,0.0,1.0,1.0,-0.05585981498544067,-0.04208570378298919,-0.0657484465050291,-0.015885648900720944,0.25,0.9166666666666667,1.756816330994202,False,False
retrieval,1,18,9,-0.44322162192478437,-0.43480825496349396,-0.5530351643846518,-0.30305962558074817,0.15625,0.9999903494026512,1.0,-0.10316053914526216,-0.10495485703903888,-0.11922395436012664,-0.09300474766720658,0.0,0.9166666666666667,0.3349426650836679,False,False
retrieval,1,18,10,-2.1837527826840812,-2.1927495135384123,-2.504608918386987,-1.9216637359892934,0.0,1.0,1.0,0.0003284269015383246,0.0074359770596288816,-0.014369226463956233,0.030105528430870374,0.5,0.9166666666666667,1.2821600736912675,False,False
retrieval,1,18,11,-1.840657477256635,-1.9573459320267297,-2.230798563513897,-1.6961584192053554,0.0,1.0,1.0,-0.0025966909791271114,-0.0038554370114411048,-0.030321337362497938,0.02376212314812002,0.40625,0.9166666666666667,0.5475250115905559,False,False
retrieval,1,19,0,-0.3801151778679081,-0.5185434105200539,-0.6544906881921714,-0.3989700239421228,0.0625,0.9999999923165888,1.0,-0.011637186923739173,-0.016342140107180023,-0.035042573407162714,0.0029999108949292593,0.40625,0.9166666666666667,0.07203827085394397,False,False
retrieval,1,19,1,-3.2600023187280094,-3.3025197804306092,-3.6828107143281303,-2.9301150515875483,0.0,1.0,1.0,-0.06134594951957087,-0.07296130491923453,-0.09707914523416665,-0.04863740544668322,0.125,0.9166666666666667,0.9616970618514148,False,False
retrieval,1,19,2,-4.134368376796538,-4.067605687162488,-4.479906930852415,-3.61400782689359,0.0,1.0,1.0,-0.16205775074848502,-0.1687786593136582,-0.22115929422211764,-0.11627115813490824,0.21875,0.9166666666666667,3.0540809715296926,False,False
retrieval,1,19,3,-3.1197137763648026,-3.1360535161845826,-3.4221589008844,-2.830805930621845,0.0,1.0,1.0,-0.05358661153266038,-0.05506110130527294,-0.08456939953910671,-0.025692479622318236,0.25,0.9166666666666667,0.709917269064716,False,False
retrieval,1,19,4,-1.9866198829172053,-1.8594640076807138,-2.2125846540516485,-1.51838040194897,0.03125,0.9999999997671694,1.0,-0.06915100853189142,-0.0538390728580453,-0.08810974339296171,-0.014126226580291001,0.28125,0.9166666666666667,1.569141259815846,False,False
retrieval,1,19,5,-4.309501406903983,-4.298387550988273,-4.5318441452971845,-4.048537702621401,0.0,1.0,1.0,-0.21773589431095994,-0.20699063424957553,-0.2312316171963165,-0.18267444978877578,0.0,0.9166666666666667,1.2509342699900925,False,False
retrieval,1,19,6,-1.3692426302435503,-1.483657319510647,-1.6893133152982098,-1.2911219399150813,0.0,1.0,1.0,-0.045403771666833015,-0.05315670143569807,-0.06603790274785488,-0.040224040532847186,0.0625,0.9166666666666667,0.4958315103138648,False,False
retrieval,1,19,7,-2.092065222855262,-2.079619979935503,-2.310557570783952,-1.8573339218690619,0.0,1.0,1.0,-0.04536061994956525,-0.04232451273667144,-0.061325442679925075,-0.020770731659995465,0.125,0.9166666666666667,0.7807646278347203,False,False
retrieval,1,19,8,-0.4463979689663873,-0.41666957919341885,-0.5693760447390918,-0.27824259831620063,0.15625,0.9999903494026512,1.0,-0.009354108684376156,-0.0027792196462473316,-0.014814808458654426,0.009413358755219939,0.4375,0.9166666666666667,0.4156024803159353,False,False
retrieval,1,19,9,-2.590420647394479,-2.572362068878289,-2.727594925844548,-2.411455097050975,0.0,1.0,1.0,-0.08745540021587785,-0.08595280177698233,-0.1067413959133092,-0.06419801702721487,0.0625,0.9166666666666667,1.0383029381485853,False,False
retrieval,1,19,10,-2.0895832524122993,-1.9738871539260778,-2.193566925539565,-1.770884286425556,0.0,1.0,1.0,-0.02709890873848374,0.010004175292945814,-0.035910220659194,0.061746918978942154,0.4375,0.9166666666666667,1.039665688206161,False,False
retrieval,1,19,11,-3.4102950635072493,-3.3705920018852087,-3.762380218635896,-2.961323218935811,0.0,1.0,1.0,-0.09090935700316366,-0.10361370575342806,-0.1450855071262516,-0.062474294371691316,0.3125,0.9166666666666667,1.1611600678134426,False,False
retrieval,1,20,0,-2.4664956027145264,-2.3720604936206406,-2.4903243714510044,-2.2641850011455613,0.0,1.0,1.0,-0.15346142192664658,-0.1630707231146264,-0.17778134036579044,-0.14715302492109622,0.0,0.9192708333333334,0.7033895344704397,False,False
retrieval,1,20,1,-2.0189825579543577,-1.8818572248538454,-2.093308319187376,-1.686248327217268,0.0,1.0,1.0,-0.15064837800819225,-0.11769622627066535,-0.16267963159446436,-0.06937008497923175,0.1875,0.9192708333333334,1.1498521287849757,False,False
retrieval,1,20,2,-2.9995879570757173,-2.9684672511304226,-3.1291488373569827,-2.8020327376845082,0.0,1.0,1.0,0.0055691030311946985,0.001514595931737417,-0.07432665532933266,0.07740937685744691,0.4375,0.9192708333333334,0.9514618533303643,False,False
retrieval,1,20,3,-1.847920582918798,-1.8201437503997913,-2.083880437331231,-1.5643634335891918,0.0,1.0,1.0,-0.13245276748175833,-0.15161587267523163,-0.226364259241557,-0.076899533401603,0.1875,0.9192708333333334,3.097514936804581,False,False
retrieval,1,20,4,-1.210647836244022,-1.4558274585670183,-1.7117399299921905,-1.1999935768034062,0.03125,0.9999999997671694,1.0,-0.023627857451141474,-0.02245976346666799,-0.04060019116849388,-0.0016397053999386057,0.34375,0.9192708333333334,0.9849023110364784,False,False
retrieval,1,20,5,-3.860569527970698,-3.5657545287758863,-3.7861442470584534,-3.3504688096122313,0.0,1.0,1.0,-0.0826673858442367,0.13557088038861143,-0.04606429677650665,0.3282831281431437,0.46875,0.9192708333333334,1.7846000010990457,False,False
retrieval,1,20,6,-1.12281706634702,-1.1016796934690702,-1.2071422386312907,-1.0004669082394446,0.0,1.0,1.0,-0.06240708904468814,-0.05561805248025446,-0.06997429840794164,-0.041326050275078796,0.125,0.9192708333333334,1.9878007410899188,False,False
retrieval,1,20,7,-7.531237024546607,-7.819775872082479,-8.647377844906556,-6.8752776400517295,0.0,1.0,1.0,-0.4476570262586006,-0.651046266567669,-0.9181214462076612,-0.3781677813047866,0.25,0.9192708333333334,1.0150976889635217,False,False
retrieval,1,20,8,-3.6806829286746563,-3.6753550746518284,-3.9032001495805604,-3.4724735433627925,0.0,1.0,1.0,-0.2343165263890263,-0.2620321891778802,-0.2956676850779719,-0.23098108997331693,0.0,0.9192708333333334,1.0494422849248377,False,False
retrieval,1,20,9,-2.078699330091858,-1.987920986862286,-2.087208874318707,-1.88476875327361,0.0,1.0,1.0,-0.07970339896525042,-0.07725161977531207,-0.1047749404667658,-0.04983194419207173,0.09375,0.9192708333333334,0.6291255434962457,False,False
retrieval,1,20,10,-0.6820518166617082,-0.7112300108648955,-0.833395951405745,-0.5899390451452757,0.03125,0.9999999997671694,1.0,-0.003652083615021483,0.00045604861810547535,-0.011872009345222267,0.014328956535185964,0.53125,0.9192708333333334,0.9410187603071474,False,False
retrieval,1,20,11,-4.421500386891925,-4.399257900854389,-4.71739918009176,-4.062986114156105,0.0,1.0,1.0,-0.09628003201608108,-0.15924794900278827,-0.23422506628601125,-0.08973008094571064,0.25,0.9192708333333334,0.7152035799471981,False,False
retrieval,1,21,0,-3.923932183327911,-3.774377097892654,-3.9749628994365915,-3.5567231824243817,0.0,1.0,1.0,-0.009394732936130488,0.009954580440084293,-0.03839740078378199,0.05537645990180757,0.59375,0.91796875,1.9456271666904132,False,False
retrieval,1,21,1,-2.90780790132007,-2.7166770106494638,-2.8626431429214074,-2.5790476284713204,0.0,1.0,1.0,-0.08592909765376242,-0.08278743834893733,-0.1137793321727327,-0.057817176791147284,0.125,0.91796875,1.0125213876155554,False,False
retrieval,1,21,2,-1.5283614658961735,-1.4204366905673034,-1.5450457643835307,-1.2905773980334687,0.0,1.0,1.0,-0.04860840655503719,-0.03049783848774257,-0.048057021018996324,-0.013850536962506156,0.1875,0.91796875,0.9874786123844443,False,False
retrieval,1,21,3,-1.9065348154553874,-1.7423450251327663,-1.8944225038558877,-1.602835502931259,0.0,1.0,1.0,-0.2910973097382014,-0.214150291688312,-0.2603528622605391,-0.16879083819395346,0.03125,0.91796875,2.767464468820827,False,False
retrieval,1,21,4,-1.7614743223311207,-1.692424231789568,-1.974202452465292,-1.4244830117958327,0.03125,0.9999999997671694,1.0,0.0072271911042649795,0.010878620209417971,-0.012859329475056878,0.03477421711239392,0.46875,0.91796875,0.4206753022490895,False,False
retrieval,1,21,5,-0.7970472547305278,-0.8317588309555038,-0.9395369314270565,-0.7287851463713747,0.0,1.0,1.0,-0.08419623901908255,-0.0903148908842264,-0.10996044577164973,-0.07071450744986862,0.09375,0.91796875,0.4786490333247642,False,False
retrieval,1,21,6,-1.9032027131863005,-1.8453933777355278,-1.977288838264352,-1.7064367322367888,0.0,1.0,1.0,-0.041757109814752544,-0.05227101140072077,-0.07304980731184531,-0.032629333231894535,0.21875,0.91796875,1.7440383825910803,False,False
retrieval,1,21,7,-2.801788217968438,-2.966494201773318,-3.258644086280962,-2.669054095745409,0.0,1.0,1.0,-0.10869228438803326,-0.12316474480899495,-0.1489703678413369,-0.09518360523027507,0.09375,0.91796875,0.513871750132987,False,False
retrieval,1,21,8,-7.500317262961913,-7.396826481954864,-7.563605969735681,-7.218795310744149,0.0,1.0,1.0,-0.19134969483578562,-0.17474040748671263,-0.21808784623286792,-0.13053426873042442,0.125,0.91796875,2.7377314721455135,False,False
retrieval,1,21,9,-1.4322866514904429,-1.6840862029209243,-2.055592251063848,-1.3407679987409875,0.0,1.0,1.0,0.37720636697304893,0.3706787040497009,0.3098705370641726,0.4293753249590388,0.96875,0.91796875,1.207848289021109,False,False
retrieval,1,21,10,-3.2897403934358183,-3.2550318832532064,-3.4983698540446198,-3.0111044834067435,0.0,1.0,1.0,-0.15554616894852907,-0.12010929876964908,-0.1982327294597784,-0.04643108133604745,0.3125,0.91796875,0.8930500372693049,False,False
retrieval,1,21,11,-3.4067690231953267,-3.24603105860849,-3.409914602851802,-3.074878110389835,0.0,1.0,1.0,0.04548331933325578,0.06738335131213401,-0.015614742794487024,0.143699882577367,0.6875,0.91796875,0.7115785623438267,False,False
retrieval,1,22,0,-1.0478311398285904,-1.0612146876823283,-1.1892864098751263,-0.9438827020954038,0.0,1.0,1.0,-0.00784803296722712,-0.012259896373704782,-0.02890585259702307,0.005457445604185522,0.40625,0.9166666666666667,1.5746477177911353,False,False
retrieval,1,22,1,-1.954451834187327,-1.8654747380041141,-2.0427502669261917,-1.7075011746544453,0.0,1.0,1.0,0.049610147843745844,0.056615864407125994,0.032707994415881916,0.08086009273624055,0.71875,0.9166666666666667,1.1828795089772874,False,False
retrieval,1,22,2,-2.4071420315456553,-2.3556269119956963,-2.5529212327346666,-2.156293720652198,0.0,1.0,1.0,-0.14041274963779485,-0.12980987718393036,-0.14442285251520046,-0.11384416881916191,0.0,0.9166666666666667,0.5658566793817059,False,False
retrieval,1,22,3,-2.713839076458502,-2.6912171290013323,-2.933112884885348,-2.362518036084364,0.03125,0.9999999997671694,1.0,-0.029302114226528023,-0.06544329127825396,-0.09259452859648062,-0.03794061014071452,0.15625,0.9166666666666667,1.5830279484473933,False,False
retrieval,1,22,4,-1.601531356563235,-1.482209767293111,-1.6485778070743327,-1.3193513957877963,0.0,1.0,1.0,0.050014061304979596,0.06687854928357119,0.03929237378869545,0.09163581780715023,0.84375,0.9166666666666667,1.0647780335464996,False,False
retrieval,1,22,5,-2.878630378835724,-2.840840839799696,-3.1820142956623396,-2.5393217051534926,0.0,1.0,1.0,-0.07196876949110903,-0.06765192179147878,-0.09429197555401163,-0.042982029360250015,0.15625,0.9166666666666667,1.452395948933807,False,False
retrieval,1,22,6,-0.7355419293025274,-0.9246392181849101,-1.2257004436537218,-0.6158880929450299,0.1875,0.9999434628989547,1.0,0.06625493047551978,0.06454934015245142,0.04274181592217331,0.08697824702183234,0.84375,0.9166666666666667,0.33137413368017404,False,False
retrieval,1,22,7,-1.0889855805830762,-1.066427963597241,-1.2026751668918594,-0.9324652408198529,0.0,1.0,1.0,-0.13740027089765666,-0.1278432167245891,-0.14983094227462287,-0.1056814565897464,0.03125,0.9166666666666667,0.552395718652191,False,False
retrieval,1,22,8,-3.6272276962453533,-3.6329944295019896,-3.886142229994217,-3.345003351842121,0.0,1.0,1.0,-0.07177655727346419,-0.08148155890376407,-0.11526770578067395,-0.05226855186857518,0.125,0.9166666666666667,1.2249376978479132,False,False
retrieval,1,22,9,-0.22903332406261234,-0.22507863643477793,-0.33932015603863996,-0.11684610140193216,0.28125,0.99649981665425,1.0,0.02092362908029299,0.023256140884344877,0.009409201113976673,0.03823018425753941,0.6875,0.9166666666666667,0.3406843636950366,False,False
retrieval,1,22,10,-2.197862294212693,-2.3326023112864824,-2.558202371778084,-2.1131425724424915,0.0,1.0,1.0,-0.06796889448619609,-0.05915957831448482,-0.07874592040075788,-0.03815861416818445,0.21875,0.9166666666666667,0.9352219664535004,False,False
retrieval,1,22,11,-1.9396472808373815,-2.01799253447113,-2.152419479480378,-1.9000041914981782,0.0,1.0,1.0,-0.027966548072444662,-0.08034263138529821,-0.11880562502250606,-0.04169327043284729,0.28125,0.9166666666666667,0.8266888842777366,False,False
retrieval,1,23,0,-2.2100229792210433,-2.2080818477873496,-2.365014339293937,-2.0629502910477475,0.0,1.0,1.0,-0.1203810213644332,-0.1242683388276522,-0.14162972335885382,-0.10810995200998119,0.0,0.9166666666666667,1.0101244018674902,False,False
retrieval,1,23,1,-4.68010830177427,-4.573860478152602,-4.901984636469772,-4.2129539020827655,0.0,1.0,1.0,-0.13492907393705494,-0.12096690439134791,-0.157437931551436,-0.08361618064885955,0.09375,0.9166666666666667,0.9898755981325099,False,False
retrieval,1,23,2,1.2484626974499182,1.36380190344805,1.0640688298188692,1.6412736880995642,0.9375,1.2316741049289703e-07,6.568928559621175e-06,0.048279664311593556,0.049821698349343926,0.03045595731449562,0.06887940923314223,0.875,0.9166666666666667,0.43987544489536146,True,True
retrieval,1,23,3,-2.369058442571548,-2.518212003458096,-2.7439105182792085,-2.315216574902242,0.0,1.0,1.0,-0.057889079394289875,-0.02707128258281849,-0.04591518876456331,-0.00908964029244491,0.3125,0.9166666666666667,0.6547369425457232,False,False
retrieval,1,23,4,-1.8683897810142365,-1.8989388042493414,-2.0441971034564075,-1.771991001272701,0.0,1.0,1.0,-0.03062400965163984,-0.0345530065961458,-0.05972295835120898,-0.008027720192332163,0.3125,0.9166666666666667,2.837306118654152,False,False
retrieval,1,23,5,-1.9134114601579943,-2.084685780949799,-2.4260327216763824,-1.7637069077590752,0.0,1.0,1.0,-0.003229693276487335,-0.012507781597173365,-0.03563740011495718,0.01180873695988917,0.375,0.9166666666666667,0.2648323961000099,False,False
retrieval,1,23,6,-1.0498941140927556,-1.167892063146672,-1.4026425744570197,-0.9086705585132677,0.0625,0.9999999923165888,1.0,-0.004376987681590211,0.0004552283270274869,-0.02250490501731645,0.022680606555084016,0.59375,0.9166666666666667,1.7914159011213837,False,False
retrieval,1,23,7,-2.709669303443758,-2.5945441321979033,-2.7644001502239264,-2.4005563013244933,0.0,1.0,1.0,-0.02342653940542846,-0.022024173663444085,-0.041963514328530994,-0.0007347653743029958,0.375,0.9166666666666667,1.9212571899238962,False,False
retrieval,1,23,8,-1.7945705801447052,-1.790859602002398,-1.9083042704295006,-1.677394922806414,0.0,1.0,1.0,-0.07098060614445696,-0.06495439833063575,-0.08532773433506345,-0.045627443223182816,0.125,0.9166666666666667,2.528498907690287,False,False
retrieval,1,23,9,-2.978754189275026,-2.9439757816475107,-3.30164596988329,-2.584508414503823,0.0,1.0,1.0,-0.027302871704415643,-0.04318998035787661,-0.07722729656430516,-0.009211270457033714,0.28125,0.9166666666666667,0.8029061579129647,False,False
retrieval,1,23,10,-4.518620284137737,-4.497859737032597,-5.131543943276677,-3.740828874010491,0.0,1.0,1.0,0.023922661601213025,0.011769008146265057,-0.050422141334972595,0.07275848394341156,0.46875,0.9166666666666667,3.0667110286254675,False,False
retrieval,1,23,11,-2.8079225822438545,-2.8427245973376407,-3.1161429126020934,-2.5624296266406783,0.0,1.0,1.0,-0.0633724109556344,-0.053569975094328794,-0.08088742101055067,-0.02611820403449423,0.25,0.9166666666666667,0.5767226213817486,False,False
retrieval,1,24,0,-3.0068446587747815,-2.960150659492675,-3.247101970012086,-2.667577862499594,0.0,1.0,1.0,-0.07768031028674037,-0.07580001013182006,-0.10240542827159689,-0.05187790310172311,0.09375,0.9166666666666667,3.020422165447071,False,False
retrieval,1,24,1,-3.2166064498823017,-3.048582284502761,-3.257781346520992,-2.827060907358685,0.0,1.0,1.0,-0.043298554564114876,-0.06273640631899534,-0.09214740689215527,-0.03513558149851608,0.125,0.9166666666666667,3.4830673724502654,False,False
retrieval,1,24,2,-2.7383051525836826,-2.7535316872512388,-3.0067150873000457,-2.5179543249566074,0.0,1.0,1.0,-0.015944554997896297,-0.06190419017214176,-0.10287286597996859,-0.023202001611846435,0.28125,0.9166666666666667,2.4589858892815593,False,False
retrieval,1,24,3,-0.3310023894183082,-0.40482649573426865,-0.54674473255482,-0.24464906842081635,0.21875,0.9997324736323208,1.0,0.05852530714504973,0.04993937528861836,0.033952146764975516,0.06597902829496291,0.875,0.9166666666666667,0.7747881241963275,False,False
retrieval,1,24,4,-0.9600643039781604,-0.9710416682795919,-1.0253020039283267,-0.9133665897550958,0.0,1.0,1.0,-0.013637760128625774,-0.03130805185331253,-0.04666646275454066,-0.016112744609242866,0.21875,0.9166666666666667,0.5684820691148739,False,False
retrieval,1,24,5,-2.9208798126085505,-2.990399667564237,-3.2549685564067463,-2.7380972386980154,0.0,1.0,1.0,-0.14733432365253435,-0.14800575064355032,-0.17650418523166422,-0.12183284121024304,0.0,0.9166666666666667,0.4511501602288231,False,False
retrieval,1,24,6,-3.1005151107671116,-2.8669324370444302,-3.272147216598034,-2.493240865572667,0.0,1.0,1.0,-0.04424635650325428,-0.021174761333603628,-0.05109187600019916,0.013992091385699556,0.3125,0.9166666666666667,1.2252118758036725,False,False
retrieval,1,24,7,-3.936713201862572,-3.6035109053003143,-3.888066311364741,-3.299709963588215,0.0,1.0,1.0,-0.06411071083091681,-0.060841117861595476,-0.09025012336843653,-0.031128255012659516,0.25,0.9166666666666667,3.6652339457507113,False,False
retrieval,1,24,8,-2.671236302852865,-2.65881454329007,-3.017748048256794,-2.240491025414367,0.03125,0.9999999997671694,1.0,-0.11089038038840837,-0.1419266212864028,-0.17127729530950953,-0.111704754731898,0.0625,0.9166666666666667,0.4717803640388147,False,False
retrieval,1,24,9,-1.8557611491433357,-1.7351934491715477,-1.9214154056531867,-1.5511553415944135,0.0,1.0,1.0,0.017348762761184706,0.01935023851651814,-0.01011711536506307,0.048819947770567564,0.65625,0.9166666666666667,0.6804742956561243,False,False
retrieval,1,24,10,-2.002569898721635,-2.2757143888225637,-2.5857952391369357,-1.8977736379176504,0.03125,0.9999999997671694,1.0,-0.010591823338826847,-0.06281011223233504,-0.09904561611316208,-0.026981272190423566,0.34375,0.9166666666666667,0.38212267119402427,False,False
retrieval,1,24,11,-3.592969768455916,-3.3356714319362806,-3.728950783231122,-2.9500032661609024,0.0,1.0,1.0,-0.08712542724081715,-0.06764159118024575,-0.09504672542428803,-0.04030728617210444,0.1875,0.9166666666666667,2.0282749795669974,False,False
retrieval,1,25,0,-1.7740595047904952,-1.7130616859297492,-1.8777632271104578,-1.5516243592343686,0.0,1.0,1.0,-0.027130181820271042,-0.021702305929325476,-0.04110185902928369,-0.0005659603368857183,0.28125,0.9166666666666667,1.5415443630841135,False,False
retrieval,1,25,1,-3.098568391886147,-2.7757408535602286,-3.0484552546382746,-2.5172596517334678,0.0,1.0,1.0,-0.040116125126113344,-0.03843822882457036,-0.06495778443722533,-0.007629559192033671,0.28125,0.9166666666666667,0.7765556518314702,False,False
retrieval,1,25,2,-2.6291693676604346,-2.626168844183404,-2.85155582439561,-2.4054528160605613,0.0,1.0,1.0,-0.05245897442344048,-0.06761539153584475,-0.10179764552503462,-0.036256901936850335,0.21875,0.9166666666666667,0.8383378092873112,False,False
retrieval,1,25,3,-2.480038479907464,-2.3974891615522607,-2.6310598251670854,-2.179091727809561,0.0,1.0,1.0,0.006100287769402392,-0.0027865422279889987,-0.03103925053695961,0.02770852252078399,0.5,0.9166666666666667,1.161662190712689,False,False
retrieval,1,25,4,-1.9079019598979374,-1.9684622403234218,-2.2365960599131838,-1.7124243695997612,0.0,1.0,1.0,-0.06547838660030586,-0.055361891801857396,-0.076455759562414,-0.037114810074744285,0.15625,0.9166666666666667,1.2448493708097748,False,False
retrieval,1,25,5,-0.6156520185950216,-0.622547853655959,-0.7295712101741045,-0.5210641621733644,0.0,1.0,1.0,0.0899471350612493,0.0965539980821219,0.07929228430937492,0.11617367025730428,0.96875,0.9166666666666667,0.48070104720635,False,False
retrieval,1,25,6,-3.0031897878734424,-3.0498331989385705,-3.389242457129014,-2.715300199824065,0.0,1.0,1.0,-0.25635324017812694,-0.2168745672656324,-0.2602404249414331,-0.17570403055112116,0.03125,0.9166666666666667,0.4669685216724681,False,False
retrieval,1,25,7,-1.7206779677744724,-1.750123184746028,-2.1793212740980876,-1.3199489784215737,0.125,0.999998721992597,1.0,0.019569861419054153,0.03681019167947541,0.0048476619807726355,0.0710012340552769,0.71875,0.9166666666666667,0.799963367412601,False,False
retrieval,1,25,8,-1.7906115716506488,-1.8856480797716517,-2.147423476256272,-1.620768893836139,0.0,1.0,1.0,-0.007552575892754135,-0.004724631800887098,-0.031058381887609163,0.020536811619834148,0.46875,0.9166666666666667,1.8599834895246872,False,False
retrieval,1,25,9,-1.3599140431983092,-1.4096134320964635,-1.608445957847287,-1.2033574834033907,0.0,1.0,1.0,-0.0037714390647041384,-0.010973100089063593,-0.04645280263616818,0.026357640587109186,0.5,0.9166666666666667,0.6674995751846171,False,False
retrieval,1,25,10,-1.0596694937481346,-1.0267662810279008,-1.142114248290327,-0.9132540013607762,0.0,1.0,1.0,0.004478635149271324,0.0016588307341267663,-0.005432175173094226,0.009632087559864581,0.5,0.9166666666666667,1.5565819112880264,False,False
retrieval,1,25,11,-2.62837894500157,-2.5394238753130605,-2.733819607304887,-2.336908367685756,0.0,1.0,1.0,-0.08311611569152885,-0.07914958165400587,-0.10163479154763617,-0.0579362262899122,0.09375,0.9166666666666667,1.2365361994980886,False,False
retrieval,1,26,0,-0.7349063488849525,-0.7140566051536068,-0.7911471773824065,-0.6376152000243376,0.0,1.0,1.0,-0.014330371320534665,-0.03052037978473178,-0.04151750191676027,-0.019924120146683044,0.1875,0.9192708333333334,0.19552207482063716,False,False
retrieval,1,26,1,-2.508336545925258,-2.6624048271360428,-2.886233827360162,-2.4436405608911187,0.0,1.0,1.0,-0.017123852386209244,-0.00415183700936906,-0.049081763737106494,0.0365797780101622,0.4375,0.9192708333333334,0.6372351555856036,False,False
retrieval,1,26,2,-3.6788119735374947,-3.4575029123360985,-3.814019296551585,-3.0982813697316947,0.0,1.0,1.0,-0.10405262478866575,-0.08371900191281384,-0.11435528513933634,-0.0540100468241641,0.09375,0.9192708333333334,1.429364359038941,False,False
retrieval,1,26,3,-0.6707062591833944,-0.5977074670061657,-0.7694596746206638,-0.41868532715960705,0.125,0.999998721992597,1.0,-0.004915266645915073,-0.0012351892660848662,-0.017074589298863033,0.013556087210903556,0.5,0.9192708333333334,0.22919181574600828,False,False
retrieval,1,26,4,-1.7254862523419212,-1.6590057741649042,-1.78116484506365,-1.5209124384519286,0.0,1.0,1.0,-0.01759617427692482,-0.015111304397018622,-0.03254800422473195,0.003528375671333426,0.4375,0.9192708333333334,0.43203773108660615,False,False
retrieval,1,26,5,-2.1561861611662203,-2.002805798185612,-2.3033562567075583,-1.7179677234278354,0.03125,0.9999999997671694,1.0,-0.08879830745113565,-0.09892608517591026,-0.1367584060824972,-0.056699651262111614,0.21875,0.9192708333333334,1.2042746497373185,False,False
retrieval,1,26,6,-2.39568904818928,-2.2330231734873207,-2.4649924276829642,-2.0246135597641515,0.0,1.0,1.0,0.07492571803685105,0.05581093450730202,0.03738812467382965,0.07394531700152744,0.84375,0.9192708333333334,0.8817325150669043,False,False
retrieval,1,26,7,-2.5143345984035914,-2.43472794645683,-2.6122843705153773,-2.2434191436375723,0.0,1.0,1.0,-0.07855775011281303,-0.0942626825111736,-0.12845259996895841,-0.06086944415760675,0.15625,0.9192708333333334,0.23769738652682018,False,False
retrieval,1,26,8,-3.9290647559341707,-3.5097821735875443,-3.828182894077269,-3.2070542890533154,0.0,1.0,1.0,-0.08873720898416013,-0.05744222260743374,-0.09102895020472687,-0.02311633603207342,0.25,0.9192708333333334,1.449765373474641,False,False
retrieval,1,26,9,-2.600090918294444,-2.403967309299789,-2.620817196604403,-2.1689752143060965,0.0,1.0,1.0,-0.020595904892433153,-0.008816017298364186,-0.035567571876733026,0.017985814206001337,0.40625,0.9192708333333334,1.401053445075458,False,False
retrieval,1,26,10,-3.4028682707783204,-3.2429954987669936,-3.613027775312695,-2.911916368893647,0.0,1.0,1.0,0.09553719896748022,0.16569316021711927,0.09192258611904255,0.245499238379177,0.84375,0.9192708333333334,4.801813079833825,False,False
retrieval,1,26,11,-1.1373651847252872,-1.2325135192244177,-1.464147881777652,-1.0030983880615358,0.03125,0.9999999997671694,1.0,-0.029509505248693876,-0.025960022295393206,-0.04167255570931774,-0.009787644641737762,0.28125,0.9192708333333334,1.1182674849330958,False,False
retrieval,1,27,0,-0.475184820261349,-0.4618018863040329,-0.6398730625964449,-0.28922357703531487,0.21875,0.9997324736323208,1.0,0.12026819881326982,0.10707868759612503,0.09257573811243146,0.12209070591331488,1.0,0.9166666666666667,0.39613724498696634,False,False
retrieval,1,27,1,-1.7296772327620915,-1.7722463814166431,-1.923747801044411,-1.6114858409269397,0.0,1.0,1.0,-0.038359649713984395,-0.045481015370966264,-0.060448685127882824,-0.029295572262444274,0.15625,0.9166666666666667,0.41487944314767494,False,False
retrieval,1,27,2,-4.220196063433264,-3.903968984933183,-4.3474737395492555,-3.510841992950641,0.0,1.0,1.0,-0.13324928212074272,-0.11836821080907807,-0.16376386938877077,-0.07423629590769754,0.125,0.9166666666666667,4.0519490004928365,False,False
retrieval,1,27,3,-3.4919287662472716,-3.4310670062351356,-3.6262348853659803,-3.214902447023461,0.0,1.0,1.0,-0.2452076401649653,-0.23795555816600772,-0.25737011311046726,-0.21874830755346314,0.0,0.9166666666666667,0.6734733723707277,False,False
retrieval,1,27,4,-0.7801615047083975,-0.6316522008951277,-0.7766066388074933,-0.4972173096937604,0.03125,0.9999999997671694,1.0,-0.04579408492734896,-0.05450146126574411,-0.06856853913323344,-0.038466042371951954,0.09375,0.9166666666666667,0.3182570892912277,False,False
retrieval,1,27,5,-0.5561337563547448,-0.5918019525724737,-0.7278051683994969,-0.46361592960215714,0.0,1.0,1.0,-0.051461374417583514,-0.05850626989747042,-0.0687220851691415,-0.04829425581384002,0.0625,0.9166666666666667,0.27167763746068624,False,False
retrieval,1,27,6,-3.154774335413512,-3.110603554580052,-3.344907344157393,-2.9132908217501816,0.0,1.0,1.0,-0.015665046844549602,0.0065224880825192,-0.04468949051258079,0.06211990033359258,0.40625,0.9166666666666667,1.4654129375516436,False,False
retrieval,1,27,7,-0.5436111108018267,-0.5833208553492192,-0.7346536267090578,-0.41666091049628257,0.09375,0.9999998768325895,1.0,-0.030966987905993566,-0.0534708861096736,-0.0837607276156939,-0.020151989480541286,0.25,0.9166666666666667,3.0020811074037757,False,False
retrieval,1,27,8,-2.2976061895205557,-2.3741761369849117,-2.6742214325003815,-2.081873135386279,0.0,1.0,1.0,-0.13540243240478264,-0.1277955687982395,-0.14727164754176028,-0.10658923753755417,0.0,0.9166666666666667,1.2568954215142192,False,False
retrieval,1,27,9,-3.285214230319709,-3.22587645014698,-3.448349347009577,-2.9941034372398505,0.0,1.0,1.0,-0.1483588040321947,-0.12326927073003598,-0.15394154742381502,-0.09307661304297322,0.15625,0.9166666666666667,3.2800352161586206,False,False
retrieval,1,27,10,-1.4506423607474521,-1.2115824701246234,-1.440674096702205,-0.9843348498908046,0.0,1.0,1.0,-0.02456621412698846,0.05883550767585928,0.0032752738490061067,0.11268256424862644,0.65625,0.9166666666666667,0.7431045784857807,False,False
retrieval,1,27,11,-2.568737014066628,-2.4852022544014147,-2.8091337652547526,-2.181884567759039,0.0,1.0,1.0,-0.28299041216768317,-0.33355148519825883,-0.38458573401019386,-0.2860511808975272,0.0,0.9166666666666667,11.065878147862843,False,False
retrieval,1,28,0,-11.80072632910181,-11.766053142576423,-12.243000161909727,-11.229784819008268,0.0,1.0,1.0,0.15552397908797935,0.13719933509902987,0.04808274245462362,0.2249042362517287,0.65625,0.9166666666666667,2.1854243982825414,False,False
retrieval,1,28,1,-7.320715013827158,-7.354162752449438,-7.677857403788842,-7.054595873792697,0.0,1.0,1.0,-0.2604166851067135,-0.28532253864637325,-0.35035397544822605,-0.2294630149652103,0.0,0.9166666666666667,2.240734241446099,False,False
retrieval,1,28,2,-4.534691359461642,-4.449195975633122,-5.029701771173429,-3.8006975538242207,0.0,1.0,1.0,-0.1531811858084985,-0.14626963825579015,-0.16688096306333164,-0.12499745436524179,0.0,0.9166666666666667,1.1937353659668832,False,False
retrieval,1,28,3,-1.8835429690852301,-1.8693865921320891,-2.009431281163124,-1.7364178889743707,0.0,1.0,1.0,-0.018143914253056115,-0.017375468942146748,-0.04007269032362826,0.004649520251578741,0.375,0.9166666666666667,0.11116844226641999,False,False
retrieval,1,28,4,-2.2473564758197884,-2.2976265399667297,-2.4426525097365404,-2.148958938507534,0.0,1.0,1.0,-0.14892358352687968,-0.17344095929251976,-0.1998691948921839,-0.14407693086322862,0.0,0.9166666666666667,0.08033534743194477,False,False
retrieval,1,28,5,-2.2398277769643884,-2.2170377391114453,-2.5213604574620163,-1.8885147611952564,0.0,1.0,1.0,0.056078891461066545,0.05399434078886986,0.03546069497886302,0.07262752370567209,0.84375,0.9166666666666667,0.16741376258252424,False,False
retrieval,1,28,6,-2.2470425851504863,-2.3123963337470324,-2.5703406742013213,-2.0368679358647666,0.0,1.0,1.0,-0.079567666253991,-0.06389370963347946,-0.09591286619062658,-0.030001999365438594,0.25,0.9166666666666667,1.3506294059317736,False,False
retrieval,1,28,7,0.1886021559661454,0.1209791878172133,-0.028681866140809874,0.24795174627330227,0.6875,0.025051229866221547,0.5549810924209081,-0.078667164846572,-0.09854436230993474,-0.12142113191833452,-0.07589904192224431,0.0625,0.9166666666666667,0.12722080090120483,False,False
retrieval,1,28,8,-1.0799062193487317,-1.0080024439861388,-1.1797857596875476,-0.8416590095460159,0.03125,0.9999999997671694,1.0,0.043152882324311734,0.037809956282339005,0.008642846910393652,0.06810733789435611,0.65625,0.9166666666666667,5.1598185197552455,False,False
retrieval,1,28,9,-2.3666613381900823,-2.33373489546546,-2.550053119559686,-2.1035266049017856,0.0,1.0,1.0,-0.12421157323224417,-0.1128218749420331,-0.1385914392826882,-0.08881363681158978,0.03125,0.9166666666666667,0.8062646340331169,False,False
retrieval,1,28,10,-3.556536780388405,-3.6963119195507934,-3.912310362529876,-3.4644060044903386,0.0,1.0,1.0,-0.16729610617547475,-0.18341624515805782,-0.2402543568107128,-0.13070482568972705,0.15625,0.9166666666666667,0.383462853205933,False,False
retrieval,1,28,11,-1.11360345213674,-1.0418916572709795,-1.246880368718959,-0.8221429165290411,0.0625,0.9999999923165888,1.0,-0.018790389804816204,0.030039565764445633,-0.011988530484549348,0.07420498231008078,0.53125,0.9166666666666667,3.9195263705867354,False,False
retrieval,1,29,0,-7.307513580503179,-7.4322377769808545,-7.997504976036173,-6.808060171593063,0.0,1.0,1.0,-0.19472913127103741,-0.0048709035068565665,-0.23271600449380986,0.2325822274378642,0.34375,0.9166666666666667,8.380123569740173,False,False
retrieval,1,29,1,-1.5665504324391466,-1.5286082892802484,-1.6196882926620477,-1.4375769131482292,0.0,1.0,1.0,-0.04366056002661493,-0.0470682257929053,-0.05715468799472911,-0.03757906944712927,0.03125,0.9166666666666667,0.5981025048948739,False,False
retrieval,1,29,2,-0.10813475150482066,-0.2775001845943333,-0.44897401317150715,-0.0975518620306445,0.34375,0.9749487701337785,1.0,0.06480581781305655,0.09840571815169857,0.07128161455454134,0.12459945063461755,0.9375,0.9166666666666667,3.0685862359798346,False,False
retrieval,1,29,3,-3.4955121172773396,-3.3402894601814155,-3.6313594103922227,-3.0640477397953907,0.0,1.0,1.0,-0.03274504485680309,-0.03666641997836202,-0.056459415239196425,-0.015450931555292837,0.21875,0.9166666666666667,0.9388241437585964,False,False
retrieval,1,29,4,-3.5204650378614666,-3.4890223219369982,-3.6617817220443416,-3.3235249576522654,0.0,1.0,1.0,-0.2229356804377019,-0.20096227676431275,-0.22110898423977154,-0.18068325704793267,0.0,0.9166666666666667,1.0611758562414035,False,False
retrieval,1,29,5,-2.8212238967817242,-3.10939415508417,-3.3793167945752436,-2.8441451006706306,0.0,1.0,1.0,-0.08868627872712628,-0.08892943481241153,-0.10901948115515334,-0.06739852028415291,0.09375,0.9166666666666667,0.368197399118352,False,False
retrieval,1,29,6,-1.6119138148755137,-1.6457173483549723,-1.7670053256001406,-1.5275371858931053,0.0,1.0,1.0,0.049603798880481755,0.04178219473245102,0.027122821601643542,0.05566721955623332,0.84375,0.9166666666666667,0.8973094708495456,False,False
retrieval,1,29,7,-0.13216429644197894,-0.1456052304520541,-0.2529722696196185,-0.038507282904595874,0.28125,0.99649981665425,1.0,0.052315518811669556,0.04073861400997794,0.0192644343540572,0.06200449697502138,0.78125,0.9166666666666667,0.7313830808404005,False,False
retrieval,1,29,8,-2.5029078501789,-2.625802091880915,-2.9224692040465494,-2.3460276672047344,0.0,1.0,1.0,0.017080881157973467,0.0008375632254990738,-0.02653861721951442,0.026724832661010677,0.53125,0.9166666666666667,1.440397440582711,False,False
retrieval,1,29,9,-1.3162069292159662,-1.6293752751186317,-2.886745337874676,-0.22901294580243678,0.34375,0.9749487701337785,1.0,-0.16557418207057767,-0.10554300403404354,-0.284831697762606,0.06993890086957,0.4375,0.9166666666666667,8.535609557418422,False,False
retrieval,1,29,10,-0.384660012295906,-0.2888915161054415,-0.3761973111272841,-0.201117161515015,0.15625,0.9999903494026512,1.0,0.02301433665337104,0.022251644100555475,0.009531520666677633,0.03511219850250646,0.75,0.9166666666666667,0.6703832219267559,False,False
retrieval,1,29,11,-3.1317259150627392,-3.4768099392980285,-3.8605611444347616,-3.0959158618627107,0.0,1.0,1.0,-0.04529433828520142,-0.04414417543094469,-0.09949193252251988,0.008424318645565006,0.4375,0.9166666666666667,4.820278979156263,False,False
retrieval,2,0,0,-4.76679377939379,-4.766312168401405,-4.928645780344393,-4.594100109387254,0.0,1.0,1.0,-0.07526430239553472,-0.07902835089555386,-0.08624171273404209,-0.0724856488083121,0.0,0.9192708333333334,1.002247269801015,False,False
retrieval,2,0,1,-5.543485467102247,-5.537413826868439,-5.602446248824804,-5.474684805374177,0.0,1.0,1.0,-0.15965918824446212,-0.17011556728179594,-0.19046172228321603,-0.14980964408083233,0.0,0.9192708333333334,7.435479236328967,False,False
retrieval,2,0,2,0.21297637922261903,0.21173092281585243,0.056503884232813086,0.34855847167103543,0.65625,0.055092082591727376,1.0,-0.0116073034103632,-0.013866922294956294,-0.02530006671149735,-0.0022552529512400443,0.34375,0.9192708333333334,0.6054144821933689,True,False
retrieval,2,0,3,-0.23795045746962018,-0.19772772167250302,-0.2854097972384212,-0.10395485632736665,0.15625,0.9999903494026512,1.0,0.004153732020469781,0.003572388680255516,-0.003985747896561488,0.010101171060197076,0.6875,0.9192708333333334,0.4447097577932279,False,False
retrieval,2,0,4,-2.9086813874375363,-2.964055032204431,-3.0208681849245966,-2.9057613479425664,0.0,1.0,1.0,0.002985961618693564,-0.035554339440592456,-0.06902487826316842,-0.0014385360725800206,0.34375,0.9192708333333334,2.6021641965815463,False,False
retrieval,2,0,5,-5.025088859537792,-5.101577323497642,-5.239742590728538,-4.968015224084667,0.0,1.0,1.0,-0.3254575101013415,-0.40212154742281153,-0.505710288193709,-0.29253420904720373,0.09375,0.9192708333333334,3.142857754141363,False,False
retrieval,2,0,6,-3.0023155934197527,-3.0129082208601856,-3.108487799966631,-2.904462528618803,0.0,1.0,1.0,0.14397239744175505,0.13869295165517165,0.12032169278118922,0.15609311350046826,1.0,0.9192708333333334,2.6140348166181133,False,False
retrieval,2,0,7,-4.086955520299814,-4.1345192888189795,-4.193585407609968,-4.07391052157839,0.0,1.0,1.0,0.14489164498309196,0.14471055493825402,0.13511929508699436,0.1536556609866602,1.0,0.9192708333333334,0.9003340517904274,False,False
retrieval,2,0,8,-0.1291861146621615,-0.10840240551914676,-0.20830830887376045,0.013589176582526338,0.3125,0.9899691964965314,1.0,-0.011713819471082099,-0.01028601819433064,-0.020575994863549302,-0.0007005168482512977,0.40625,0.9192708333333334,0.2239693454925113,False,False
retrieval,2,0,9,1.7892037211267662,1.8523030580656217,1.6330052802834678,2.046315809061148,1.0,2.3283064365386963e-10,1.596552985055106e-08,0.01896955148779593,0.024574698683760485,0.016564182648535073,0.031457932118270665,0.84375,0.9192708333333334,0.17323823376754263,True,True
retrieval,2,0,10,11.192350148243108,11.24965205867652,11.01931985706808,11.492179743636738,1.0,2.3283064365386963e-10,1.596552985055106e-08,0.2547145845339137,0.25214636426470344,0.24752136432997035,0.2564950666591698,1.0,0.9192708333333334,0.9977527301989848,True,True
retrieval,2,0,11,-3.410451292302966,-3.4051428568220543,-3.446892067196347,-3.3557578263710868,0.0,1.0,1.0,0.15641145262204736,0.15524868407677955,0.1412886423780783,0.1706342956129691,1.0,0.9192708333333334,3.6858873460839168,False,False
retrieval,2,1,0,-2.5826865332647317,-2.631151430041416,-2.7687094058603288,-2.4654948412599262,0.0,1.0,1.0,-0.3392180613901279,-0.3653528490824678,-0.421677349793356,-0.3098036615961619,0.0,0.921875,1.0364807615916565,False,False
retrieval,2,1,1,-4.648303864151158,-4.413306787446542,-5.009267106637794,-3.8409902533618276,0.0,1.0,1.0,-0.103129568220405,-0.009148635815867452,-0.2908051503703331,0.2456712131333748,0.5625,0.921875,0.9635192384083435,False,False
retrieval,2,1,2,-3.451567885536668,-3.547345668900591,-3.769999437768413,-3.3366321639094756,0.0,1.0,1.0,-0.3997210702130047,-0.4226693554744643,-0.4701008095569322,-0.3723576039597043,0.0,0.921875,1.3862818932451118,False,False
retrieval,2,1,3,-1.7825049458210342,-1.7912691590147785,-2.0711486020607652,-1.5118181990703263,0.0625,0.9999999923165888,1.0,-0.061996146826387585,-0.08150477764387767,-0.12196079320896891,-0.04102052085588611,0.3125,0.921875,0.8673075264172071,False,False
retrieval,2,1,4,-3.6959969825270447,-3.84396394409659,-4.103134380277965,-3.585620243099728,0.0,1.0,1.0,-0.26272368618622066,-0.20294375920093569,-0.2546268978479911,-0.1396516081518867,0.125,0.921875,5.405065569743034,False,False
retrieval,2,1,5,0.13879888347264394,0.1610364245112756,0.09717755651929323,0.23427341893322334,0.84375,5.653710104525089e-05,0.002142458565925297,-0.03034146599278037,-0.021619846101586737,-0.032891259285594616,-0.008495390820373554,0.15625,0.921875,0.4877027433023199,True,False
retrieval,2,1,6,0.005522426739912163,-0.06398110477736899,-0.19588800858424987,0.050540536896666606,0.5,0.5699749670457095,1.0,-0.014942371838801344,-0.012625158846328614,-0.031887458282357194,0.007213671102069663,0.40625,0.921875,0.2867489204880898,False,False
retrieval,2,1,7,-1.8120645110834115,-1.8107457135362877,-2.0149166781979253,-1.6005362780966093,0.0,1.0,1.0,-0.12144071746635487,-0.12656343027329722,-0.18319349102239685,-0.06972038844289927,0.21875,0.921875,1.8523636203501972,False,False
retrieval,2,1,8,-3.3026131771539093,-3.1572488051495093,-3.407824921251012,-2.881969424925927,0.0,1.0,1.0,0.12087448069739766,-0.0769190203170988,-0.23841907148131647,0.07948517553479514,0.53125,0.921875,0.7184846273534455,False,False
retrieval,2,1,9,-3.602410700880327,-3.704632659693578,-3.8178612772609983,-3.6006072502088533,0.0,1.0,1.0,0.18281614922026104,0.14443933363938963,0.10722394559608152,0.18532022424547875,0.9375,0.921875,1.2307994376708542,False,False
retrieval,2,1,10,0.40673698848405554,0.45390773059590406,0.3579185184479247,0.5474785473977452,0.96875,7.683411240577698e-09,4.6100467443466187e-07,-0.4104680372634719,-0.4304026393580247,-0.46257877485016663,-0.4000360959841702,0.0,0.921875,1.1412885530245898,True,False
retrieval,2,1,11,-3.0399682956989755,-2.943929634979937,-3.2362934900685816,-2.6426133976496513,0.0,1.0,1.0,0.08800746151659841,0.06741075221775444,0.011257986266837277,0.11913952504656591,0.65625,0.921875,0.5224267649410407,False,False
retrieval,2,2,0,-0.9250966418373825,-0.947802185200866,-1.0986239753614382,-0.8006289410216872,0.0,1.0,1.0,-0.04815985981569338,-0.00908992893993387,-0.060099034275522,0.04485884374695685,0.4375,0.9322916666666667,1.2064378135996128,False,False
retrieval,2,2,1,-1.191377308273707,-1.2175513617686287,-1.365937249256204,-1.0700038274819257,0.0,1.0,1.0,-0.44051507407784607,-0.4475515499111017,-0.4926581501599906,-0.40440809579471093,0.0,0.9322916666666667,0.5046158761878805,False,False
retrieval,2,2,2,-2.5299755300001925,-2.3299610178789676,-2.568727421168478,-2.0685870630222034,0.0,1.0,1.0,0.024891790834314417,0.025346600338011657,-0.008945160063807928,0.057063214443777946,0.6875,0.9322916666666667,1.2628759048220979,False,False
retrieval,2,2,3,-3.1490947354739824,-3.1761495616797664,-3.412761717573362,-2.932491482955136,0.0,1.0,1.0,-0.5107366165908365,-0.5692162763635668,-0.6269318610855547,-0.5097768190236286,0.0,0.9322916666666667,3.7272844291024168,False,False
retrieval,2,2,4,-11.732161949681569,-11.924441899007626,-12.343819753067264,-11.52092705157111,0.0,1.0,1.0,0.21642770279658305,-0.08643212546061363,-0.32853576598993905,0.1483940429059621,0.4375,0.9322916666666667,2.6913821892891825,False,False
retrieval,2,2,5,-0.18020851492167594,-0.21868264485370106,-0.29596632831109226,-0.13640359889646245,0.25,0.9989487992133945,1.0,-0.08982758793808732,-0.10769009175561316,-0.1373709092567156,-0.08262140416223804,0.0625,0.9322916666666667,0.6974183364912531,False,False
retrieval,2,2,6,0.49414870875003225,0.3181239075860673,0.083147028559664,0.5361787241110313,0.6875,0.025051229866221547,0.5549810924209081,0.04156201043676216,0.01415534469595806,-0.033379399489411626,0.05924462976816609,0.46875,0.9322916666666667,1.0361285792075083,True,False
retrieval,2,2,7,-0.6370574455220214,-0.5232942524737345,-0.6945822078771371,-0.357545582247121,0.15625,0.9999903494026512,1.0,-0.09295769740218855,-0.04579382609745736,-0.1206848275389093,0.030229224572489347,0.34375,0.9322916666666667,0.8666283168891876,False,False
retrieval,2,2,8,-1.8465766884345032,-1.7621235436773466,-1.9194511365379732,-1.6098827974482466,0.0,1.0,1.0,-0.1440998619760378,-0.18990862384492524,-0.2415922771932891,-0.14431027640601407,0.09375,0.9322916666666667,0.9638714207924917,False,False
retrieval,2,2,9,0.39224641044904396,0.48522883410385653,0.32414068823211817,0.640653545310482,0.8125,0.0002675263676792383,0.009172332606145315,0.1862779991332475,0.1853522023368499,0.15222711092400962,0.2164068183999499,0.96875,0.9322916666666667,0.6172029494479307,True,True
retrieval,2,2,10,-0.000371540446636464,-0.048249403668598825,-0.1484082371103234,0.048857792224175536,0.46875,0.7016925520729274,1.0,0.10993496015018345,0.10740867916829233,0.08301655826427175,0.1341135008721645,0.875,0.9322916666666667,0.5972796126902249,False,False
retrieval,2,2,11,-1.0657529130614374,-1.0051839161792495,-1.23982380963747,-0.7324416231746073,0.03125,0.9999999997671694,1.0,-0.3493739988497073,-0.34394379261487185,-0.4102621422651948,-0.2763920057960623,0.0,0.9322916666666667,4.19681950954107,False,False
retrieval,2,3,0,-2.792495255501434,-2.9568848969858834,-3.5094107911083148,-2.4288727903507117,0.0,1.0,1.0,1.2416234041560483,1.4854122469641036,1.1483093263161548,1.836278164691459,0.9375,0.9205729166666667,3.244273303984942,False,False
retrieval,2,3,1,-2.573921006163159,-2.4601664223063753,-2.5842850967761137,-2.3134088008137113,0.0,1.0,1.0,-0.36246554483214455,-0.3444489019857289,-0.37466814832379414,-0.31364706287627453,0.0,0.9205729166666667,0.5277839498528692,False,False
retrieval,2,3,2,-2.513881742869845,-2.471023053699101,-2.7560235895119027,-2.1671398457679674,0.0,1.0,1.0,0.16098574654181275,0.14904198264724616,0.08890416170854883,0.21862193125208204,0.75,0.9205729166666667,0.895427591475857,False,False
retrieval,2,3,3,0.2395454128061824,0.20408934339941273,0.012808224717475083,0.38481208220028745,0.65625,0.055092082591727376,1.0,-0.06595773646239368,-0.09833393231396652,-0.13390218918962002,-0.06091567337476515,0.15625,0.9205729166666667,1.0077533621000174,True,False
retrieval,2,3,4,-1.2268291293793907,-1.2671714884636056,-1.4633245345056982,-1.0788221793357067,0.0,1.0,1.0,0.2136784057596574,0.1457104597464189,0.07701542495186439,0.21415077051715978,0.75,0.9205729166666667,2.4242635932278076,False,False
retrieval,2,3,5,-2.6269550226845864,-2.6869886380448107,-2.91271600501511,-2.4762881021355705,0.0,1.0,1.0,-0.09410937050648178,-0.08870390609646238,-0.1330784891125964,-0.04200921218060844,0.21875,0.9205729166666667,1.8522361586317195,False,False
retrieval,2,3,6,-1.7409963748585944,-1.7534360075411253,-1.9000568529790383,-1.604090986254336,0.0,1.0,1.0,-0.3023713154131431,-0.3011946478866907,-0.3366272843218684,-0.2660740968378621,0.0,0.9205729166666667,2.243260923104852,False,False
retrieval,2,3,7,0.31294410834472897,0.22014326789528874,-0.029542934952746673,0.44953211271579796,0.625,0.10766357486136258,1.0,-0.05176923654877626,-0.05954202389250407,-0.1405295704678861,0.03389692798912028,0.375,0.9205729166666667,4.1585448690223314,False,False
retrieval,2,3,8,-2.0549042027103974,-2.075364986781869,-2.2975932951541087,-1.8457432452423226,0.0,1.0,1.0,-0.27432223732983585,-0.3149116385916425,-0.3609467329212156,-0.2666653253734303,0.03125,0.9205729166666667,0.7632027708684042,False,False
retrieval,2,3,9,-0.9779946678953335,-0.9965071639593607,-1.1109806560574063,-0.8850387513949811,0.0,1.0,1.0,-0.3354597814096569,-0.331864657307623,-0.3724201835656963,-0.2863382275511175,0.0,0.9205729166666667,0.8613470526442056,False,False
retrieval,2,3,10,-0.5775300577974274,-0.6221047558156279,-0.7056150671278855,-0.5400632351057222,0.0,1.0,1.0,-0.07560647777122391,-0.07315335322657944,-0.09897765896301397,-0.044384209472090944,0.21875,0.9205729166666667,0.9008936967805325,False,False
retrieval,2,3,11,-2.084120829951571,-2.1226678543867887,-2.3247126305347563,-1.9126017944666283,0.0,1.0,1.0,-0.18257806665702744,-0.17415829844733108,-0.20839566003404486,-0.1406244262875384,0.03125,0.9205729166666667,0.9922466378999825,False,False
retrieval,2,4,0,-2.0359662864590438,-1.9215400046729132,-2.1001364429809333,-1.745603899909052,0.0,1.0,1.0,-0.10749099712785881,-0.13863792715085307,-0.2258906282508535,-0.05200685886601408,0.28125,0.9166666666666667,0.8614373925593778,False,False
retrieval,2,4,1,-2.9818902598109536,-2.9502594406487916,-3.1204055783495317,-2.771615332802078,0.0,1.0,1.0,-0.011979603391270455,-0.008192814637830732,-0.062344458064618045,0.04214006676012111,0.53125,0.9166666666666667,2.1603017081701976,False,False
retrieval,2,4,2,-3.26011279890717,-3.176784625034321,-3.3709546118932647,-2.9687576147952415,0.0,1.0,1.0,-0.2884355841659333,-0.288317039801987,-0.37074853460875834,-0.21220130883030627,0.09375,0.9166666666666667,1.8423660518625897,False,False
retrieval,2,4,3,-3.954129248463553,-3.7337266547884194,-4.00443838483075,-3.455830624015231,0.0,1.0,1.0,-0.14608280504461885,-0.17126721897990782,-0.20779279464460368,-0.13383909141308392,0.0625,0.9166666666666667,5.093203573889041,False,False
retrieval,2,4,4,-2.5119761636102114,-2.580449639106808,-2.881352951781586,-2.2937898004128208,0.0,1.0,1.0,-0.29618750132961147,-0.28828125532218707,-0.35312138189570624,-0.2219819189745397,0.09375,0.9166666666666667,0.7864787104251633,False,False
retrieval,2,4,5,-1.335129059852898,-1.1808845916986035,-1.445469570686506,-0.9206355793465512,0.03125,0.9999999997671694,1.0,-0.17620598277019836,-0.16928696498325974,-0.2317770110303148,-0.09994694305640017,0.1875,0.9166666666666667,2.6584596787944452,False,False
retrieval,2,4,6,-1.7505460048937787,-1.794460768459146,-1.9242329580482944,-1.6719008409593819,0.0,1.0,1.0,-0.20307976599366592,-0.2093478136483708,-0.2359694658096588,-0.17951351253350042,0.0,0.9166666666666667,0.5613620555269002,False,False
retrieval,2,4,7,-1.9844015006178153,-1.9883259059117653,-2.089306795694161,-1.8747950023739635,0.0,1.0,1.0,-0.29694522518731514,-0.2862947035943245,-0.3143620286902439,-0.25788816411262994,0.0,0.9166666666666667,1.138562607440622,False,False
retrieval,2,4,8,0.7233350257196807,0.6585171298312822,0.500737740479149,0.8150911988119359,0.9375,1.2316741049289703e-07,6.568928559621175e-06,-0.12717970158423528,-0.1386557746585306,-0.1660551041896051,-0.11488765375334396,0.0,0.9166666666666667,0.5461214663988551,True,False
retrieval,2,4,9,0.3739158148802829,0.2923264553536927,-0.04137681155656602,0.6232281088400846,0.6875,0.025051229866221547,0.5549810924209081,0.21497903935983947,0.18590782711830062,0.12946633952035197,0.23616547994124643,0.84375,0.9166666666666667,0.386424519511542,False,False
retrieval,2,4,10,-2.162096677035703,-2.2655435217505553,-2.4189319327018968,-2.100878099825148,0.0,1.0,1.0,-0.09849858598503583,-0.10615940687171138,-0.13613209283969493,-0.07447865978975515,0.125,0.9166666666666667,0.5602106824429738,False,False
retrieval,2,4,11,-1.4988487385947182,-1.505146345612311,-1.6583182816092643,-1.3583210330161561,0.0,1.0,1.0,-0.243936525619105,-0.2438543880222924,-0.2785076068270254,-0.20822638694051787,0.0,0.9166666666666667,1.2409990756592564,False,False
retrieval,2,5,0,-5.16409222742559,-5.0613721554789315,-5.270144790424805,-4.866959264108482,0.0,1.0,1.0,0.3390783836869419,0.31711407490277443,0.2587258394394031,0.37178854261510913,0.96875,0.9166666666666667,1.3307360278524618,False,False
retrieval,2,5,1,-2.151637005491585,-2.033892441099665,-2.3182471301446155,-1.7355672234413535,0.0,1.0,1.0,-0.24292653102687287,-0.19238482900339335,-0.2789215954517623,-0.1138774466840666,0.15625,0.9166666666666667,1.602137745876424,False,False
retrieval,2,5,2,-1.957101639760883,-1.9486707088373558,-2.22561544122166,-1.7077121101929111,0.0,1.0,1.0,-0.2186747622834036,-0.20544768737178754,-0.3133825369504313,-0.10649867568414058,0.15625,0.9166666666666667,1.1471433876559896,False,False
retrieval,2,5,3,0.6125545148299878,0.6430947087108709,0.5668217214575532,0.7165633938201075,1.0,2.3283064365386963e-10,1.596552985055106e-08,0.04887550996757081,0.04789342171063195,0.03249447950763485,0.06272155047022482,0.875,0.9166666666666667,0.31890207542567184,True,True
retrieval,2,5,4,-1.2726991283539286,-1.3093430129421137,-1.4592125569835255,-1.1656255222329386,0.0,1.0,1.0,-0.12562250308705936,-0.11007888981922129,-0.16230529802825228,-0.058546541053142276,0.1875,0.9166666666666667,0.5725517336613117,False,False
retrieval,2,5,5,-1.368339318618782,-1.3348435565904813,-1.4342910318277327,-1.2108753064049673,0.0,1.0,1.0,-0.006516211049877672,0.003542482568221203,-0.026352151810282873,0.03155919666971059,0.53125,0.9166666666666667,0.5131963431151507,False,False
retrieval,2,5,6,-2.9464841378050073,-2.7683717817174927,-3.0482289967889895,-2.4881486774285833,0.0,1.0,1.0,-0.1333534956222939,-0.15431345811130198,-0.22702356983314018,-0.08430171245606283,0.1875,0.9166666666666667,0.9994286928783219,False,False
retrieval,2,5,7,-2.368335441898837,-2.4550980697842486,-2.7226095133605788,-2.1857203082541385,0.0,1.0,1.0,0.12425646882007574,0.09976747306208848,0.06312556531059131,0.13485882854131384,0.84375,0.9166666666666667,1.5589125345930783,False,False
retrieval,2,5,8,0.02685424483710149,-0.012595878469162283,-0.1361775506675461,0.10718594063747447,0.53125,0.4300250329542905,1.0,-0.12376021980467342,-0.12802295104191036,-0.15500498159835807,-0.09769740588781589,0.09375,0.9166666666666667,0.6583768326837074,False,False
retrieval,2,5,9,-5.492613297876084,-5.444574131502019,-5.58441694542052,-5.308974695019953,0.0,1.0,1.0,0.27786470461452095,0.30350344740011176,0.2588312770506276,0.34741339620578926,1.0,0.9166666666666667,1.0074837587397458,False,False
retrieval,2,5,10,-1.8347786642385546,-1.9091349490685,-2.0908921374376392,-1.7513821606940465,0.0,1.0,1.0,-0.23412951782372873,-0.2550080188917896,-0.28661659856968585,-0.22555728370060757,0.0,0.9166666666666667,0.7014342637666418,False,False
retrieval,2,5,11,-2.284677967432729,-2.285392974127737,-2.3963813898877833,-2.1767827588779474,0.0,1.0,1.0,0.22457189098647373,0.22271140742490478,0.17716090056240824,0.26267827262111465,0.9375,0.9166666666666667,1.0005713071216782,False,False
retrieval,2,6,0,-1.0012332893639135,-1.0014549599612395,-1.127912394830282,-0.8665191676567908,0.0,1.0,1.0,-0.05616801836630389,-0.032750632886467644,-0.06456477873494738,-0.005375496985387006,0.34375,0.9205729166666667,0.6384985207630425,False,False
retrieval,2,6,1,-0.9174498026240099,-0.8965417229079036,-1.0229105480158482,-0.7616221130767499,0.0,1.0,1.0,-0.017671266885165897,-0.019573864749262586,-0.03886434825720178,-0.000277583635806258,0.34375,0.9205729166666667,1.0520552287782556,False,False
retrieval,2,6,2,-2.2690941357978076,-2.1479609429335698,-2.3122562735569545,-1.9708262040922069,0.0,1.0,1.0,-0.5374508618398295,-0.48228935344988616,-0.5368430391955027,-0.4280942111628053,0.0,0.9205729166666667,1.256291913111193,False,False
retrieval,2,6,3,-0.4571250818502607,-0.44299843375594483,-0.5145736343358761,-0.369196904858988,0.0,1.0,1.0,-0.14990329095355293,-0.1242140614712678,-0.15090957992849055,-0.09736688080603514,0.0625,0.9205729166666667,0.5345212506104774,False,False
retrieval,2,6,4,-2.0801226636798633,-2.0082902746104505,-2.2596038599326937,-1.7698597803562897,0.0,1.0,1.0,0.0646682252417925,0.06073213085741452,0.01578902686446333,0.10853330947508302,0.53125,0.9205729166666667,1.479174608915449,False,False
retrieval,2,6,5,-0.1705950185539003,-0.14481092957231573,-0.21548083804233584,-0.05305848522873235,0.1875,0.9999434628989547,1.0,0.11640855031109984,0.09544001157151087,0.07155617591130896,0.11908992285379154,0.90625,0.9205729166666667,1.125996581927957,False,False
retrieval,2,6,6,0.19127032533832747,0.1885192676091589,0.11527250973632491,0.26330237412931545,0.78125,0.0010512007866054773,0.032207002823657176,-0.0630505101083238,-0.06756392084613169,-0.08248419552559914,-0.05125798733879184,0.0625,0.9205729166666667,0.3461643412825609,True,False
retrieval,2,6,7,-0.27686398407102,-0.39517126247333145,-0.5512478141819029,-0.2385096544286346,0.1875,0.9999434628989547,1.0,-0.21346070401010991,-0.2068090449592629,-0.23860829478359605,-0.1701462552238624,0.03125,0.9205729166666667,0.680707662682711,False,False
retrieval,2,6,8,-0.9867401573038631,-0.9686246360058213,-1.0461050247060841,-0.889800264243913,0.0,1.0,1.0,-0.1541143761888441,-0.14072639699575376,-0.16184747748235428,-0.12153879044796528,0.03125,0.9205729166666667,1.101028584582546,False,False
retrieval,2,6,9,-1.2449907811554182,-1.2087768250602502,-1.4092609272042191,-1.0238153093847282,0.0,1.0,1.0,-0.13549053990166274,-0.10250081722487712,-0.1552098264602213,-0.04847746167186096,0.1875,0.9205729166666667,0.6237039632187911,False,False
retrieval,2,6,10,-1.3887876988436232,-1.3435972227772857,-1.4818505573239635,-1.206454483413975,0.0,1.0,1.0,-0.18083013015852742,-0.1898455181299627,-0.21574741987424115,-0.16229880757375767,0.0,0.9205729166666667,0.9479447712217444,False,False
retrieval,2,6,11,-0.30004861182835574,-0.19232101681257346,-0.5204791217417124,0.14491901337832333,0.40625,0.8923364251386374,1.0,-0.6603772471535807,-0.6054932434938138,-0.7021842573906623,-0.506276157136149,0.03125,0.9205729166666667,1.5186083928144523,False,False
retrieval,2,7,0,-2.4435793089422466,-2.5111689344710078,-2.776243130015841,-2.2335212563499476,0.0,1.0,1.0,-0.04494832395455789,0.003066955588694985,-0.08117188025448151,0.08748736407399603,0.40625,0.9205729166666667,1.1392167294716864,False,False
retrieval,2,7,1,-4.033304885708634,-4.253959389040945,-4.521425050105356,-3.9851568945081994,0.0,1.0,1.0,-0.05997029635102221,-0.07473803280905389,-0.13070902336445042,-0.02078777086710944,0.34375,0.9205729166666667,1.0281975085936208,False,False
retrieval,2,7,2,-1.0388697579316415,-1.0188581602549243,-1.1249213480897384,-0.9182079893000663,0.0,1.0,1.0,-0.20129778968046905,-0.20015034934514292,-0.2157082119077011,-0.18421651113926035,0.0,0.9205729166666667,0.5509777538315376,False,False
retrieval,2,7,3,-2.579632631012836,-2.1742078799904494,-2.5950737526755843,-1.7268251050663346,0.03125,0.9999999997671694,1.0,-0.06512997452320092,0.03235981378613041,-0.048403101345813576,0.11319820686610865,0.53125,0.9205729166666667,1.26887927311336,False,False
retrieval,2,7,4,-2.746684579824341,-2.7169945773589568,-2.966901346343951,-2.4560879150593444,0.0,1.0,1.0,-0.007533450641930846,-0.03983534480293833,-0.08703381417562307,0.00650905346577456,0.375,0.9205729166666667,0.9718024914063791,False,False
retrieval,2,7,5,-1.5759002099347685,-1.5891861634839128,-1.7178709643913952,-1.4397700761031829,0.0,1.0,1.0,0.1582979202452408,0.15221282799040947,0.1186978471868545,0.18716591429325027,0.96875,0.9205729166666667,1.5310863130113719,False,False
retrieval,2,7,6,-1.941862318767632,-2.078269402642154,-2.1838461449819664,-1.9744495084541578,0.0,1.0,1.0,-0.0287199607243424,-0.025953142228063837,-0.07776720225426531,0.03438876595205195,0.4375,0.9205729166666667,1.327538105425134,False,False
retrieval,2,7,7,-4.632591872493517,-4.707773007219172,-4.917735167698718,-4.484812350500696,0.0,1.0,1.0,0.3808947613140128,0.3475720513915126,0.2677923475568166,0.41999738865606484,0.90625,0.9205729166666667,0.6792818299183784,False,False
retrieval,2,7,8,-3.654455373617748,-3.6564418447249767,-3.9067356589220528,-3.407861962111829,0.0,1.0,1.0,0.08921610132430574,0.10344828387522058,0.023035414824151938,0.18394185661843987,0.6875,0.9205729166666667,0.6158458264975862,False,False
retrieval,2,7,9,-1.9483510215618736,-2.014484518207439,-2.2239990729351446,-1.7911374628703245,0.0,1.0,1.0,0.07036683044731931,0.053753947966439536,0.0264780391728904,0.07918292702540237,0.8125,0.9205729166666667,0.9368612027709837,False,False
retrieval,2,7,10,-0.12648054644404766,-0.10972546346934664,-0.19407422058931803,-0.023074924171871066,0.3125,0.9899691964965314,1.0,0.08259566386098377,0.08431876329485519,0.06308632423128512,0.10715318159343935,0.875,0.9205729166666667,0.5092153085223622,False,False
retrieval,2,7,11,-1.9029779468711479,-1.8812939097450938,-1.9620250828900525,-1.8034313000145283,0.0,1.0,1.0,-0.06856282733149802,-0.07677876538192245,-0.1008693009409025,-0.05531696910481969,0.09375,0.9205729166666667,1.5259383613969117,False,False
retrieval,2,8,0,-3.835396908102716,-3.857489029527682,-4.176319693436804,-3.50117716096888,0.0,1.0,1.0,-0.06416563429978234,-0.05245737368037998,-0.11352749517448703,0.008991309050633143,0.40625,0.9205729166666667,0.8099875756507726,False,False
retrieval,2,8,1,-5.510106471330126,-5.457200524998925,-5.742163402664213,-5.1619540102923285,0.0,1.0,1.0,0.19209811303858412,0.20908728281442918,0.147925055123256,0.274069496749616,0.84375,0.9205729166666667,1.2291625279272478,False,False
retrieval,2,8,2,-0.7508617785338283,-0.687414274787423,-0.88235526788557,-0.5172794734319247,0.125,0.999998721992597,1.0,-0.11436322538185067,-0.07368710213320084,-0.1164892109628658,-0.03158556329930723,0.21875,0.9205729166666667,0.4340082830891001,False,False
retrieval,2,8,3,-2.0791205263389005,-2.1715550690379093,-2.36035637589048,-1.9918757365880844,0.0,1.0,1.0,0.19247722997379868,0.2091609382777841,0.12635766610523066,0.2921208308471125,0.78125,0.9205729166666667,1.0478781340406516,False,False
retrieval,2,8,4,-1.9059982575579806,-2.0217138831135664,-2.319802711713287,-1.7277563271667264,0.0,1.0,1.0,-0.2518693504783617,-0.24799009046856088,-0.3546199197779302,-0.13908968925857484,0.1875,0.9205729166666667,1.2716456304642176,False,False
retrieval,2,8,5,-3.7868432520433704,-3.640015263606883,-3.8676786436502764,-3.396961028851144,0.0,1.0,1.0,0.016396933058495884,0.03654372896259848,-0.07374675902104011,0.14601114934150733,0.59375,0.9205729166666667,1.3276408843095675,False,False
retrieval,2,8,6,1.6187232365172886,1.6507656195822837,1.4651476353706279,1.8356099361326004,1.0,2.3283064365386963e-10,1.596552985055106e-08,-0.05651353074198009,-0.052209133816677245,-0.07599174372733049,-0.02717639201734213,0.21875,0.9205729166666667,0.7941769493278032,True,False
retrieval,2,8,7,-3.307077949922462,-3.3158361044965696,-3.5384021397707874,-3.0932445505713826,0.0,1.0,1.0,-0.014366218226721607,-0.011604882424282127,-0.05088835022211805,0.027037570144413672,0.46875,0.9205729166666667,0.5834006044123203,False,False
retrieval,2,8,8,-3.3839235188934955,-3.4744187884540394,-3.7839133003258483,-3.1881343086372143,0.0,1.0,1.0,0.01136636336181035,0.005431561009570256,-0.037004008224756225,0.044942553752651854,0.59375,0.9205729166666667,0.9968694628284378,False,False
retrieval,2,8,9,-1.159909518845511,-1.1627980409447538,-1.290305382767185,-1.0312872483729978,0.0,1.0,1.0,-0.1152592359115832,-0.07691619848843427,-0.10899413728734515,-0.043035684102785736,0.1875,0.9205729166666667,0.46331110387313523,False,False
retrieval,2,8,10,-3.603405839804224,-3.6070635892315788,-3.9757658324483356,-3.188975599713228,0.0,1.0,1.0,0.14576620531317053,0.16511049161438787,0.03666309812265779,0.2886604724671495,0.6875,0.9205729166666667,1.0031305371715622,False,False
retrieval,2,8,11,-6.191641018954335,-6.286571951007094,-6.591601118436258,-5.977749553438558,0.0,1.0,1.0,0.31519047816454937,0.33384850769222374,0.23366443797917869,0.4375443823008331,0.875,0.9205729166666667,1.313623490036004,False,False
retrieval,2,9,0,-1.5142078309206335,-1.6502155776168506,-1.8624294280467026,-1.4555716089846347,0.0,1.0,1.0,0.21428620468553833,0.22762624062579423,0.1775352884378733,0.28911773359489573,1.0,0.9192708333333334,1.0573100370669024,False,False
retrieval,2,9,1,-0.7251751084352842,-0.7537388279402191,-0.8564616008610706,-0.6566507113935534,0.0,1.0,1.0,-0.07896978328615852,-0.06400469074490994,-0.09248333478653857,-0.034564661677407314,0.125,0.9192708333333334,0.3975680294444411,False,False
retrieval,2,9,2,-0.8299515633497037,-0.878931573991864,-1.121192255914846,-0.6081989464893759,0.15625,0.9999903494026512,1.0,0.12209725618144188,0.11262110192419904,0.08742030794845758,0.14100819273158238,0.9375,0.9192708333333334,1.5393985805313395,False,False
retrieval,2,9,3,-1.7062451369359022,-1.6614697622300867,-1.947040473409613,-1.3850468860240432,0.0,1.0,1.0,-0.3076099427117979,-0.3099293841713622,-0.36566661187750016,-0.2523088888134,0.03125,0.9192708333333334,1.2080652194209647,False,False
retrieval,2,9,4,-2.0736535962801694,-2.100085606241464,-2.294670089275377,-1.9275446926259403,0.0,1.0,1.0,0.1137868994390754,0.09982269699333096,0.03678695549732457,0.15749891923846918,0.75,0.9192708333333334,0.6509475837956173,False,False
retrieval,2,9,5,-0.6778589286572951,-0.7617897107116749,-0.8882957483758146,-0.6380158851611604,0.0,1.0,1.0,0.019695299060958023,0.03413847617607764,0.013755180942806693,0.054973409164537676,0.6875,0.9192708333333334,0.8758791603604426,False,False
retrieval,2,9,6,-1.6656764340552432,-1.6146796750697394,-1.8596149998042555,-1.3527619142290732,0.0,1.0,1.0,-0.323949057284125,-0.3055731227070402,-0.3602292908427089,-0.24649823343784774,0.0625,0.9192708333333334,2.1253993047758746,False,False
retrieval,2,9,7,-3.3409301943604115,-3.3191106717751784,-3.4744376830740302,-3.153622449545572,0.0,1.0,1.0,0.12576408775768974,0.10617534937912707,0.06950153689265204,0.14782936104090452,0.8125,0.9192708333333334,0.8172633634998012,False,False
retrieval,2,9,8,-2.5847544844727093,-2.529239400061254,-2.787075537290227,-2.2675224551009476,0.0,1.0,1.0,-0.17766400413096403,-0.14167063204685829,-0.2020778024675475,-0.07242441680371305,0.25,0.9192708333333334,2.0340365900104,False,False
retrieval,2,9,9,-2.5862164218149855,-2.6823953975266845,-2.883178638446057,-2.454270232498184,0.0,1.0,1.0,0.10657597220421125,0.13746574886466395,0.059951263458269156,0.2083646719882154,0.65625,0.9192708333333334,0.9426899629330978,False,False
retrieval,2,9,10,-1.4774628948819308,-1.4750212953592827,-1.5872856088971437,-1.362271540705212,0.0,1.0,1.0,0.12369549984054902,0.12988543811720366,0.10382657842213094,0.1569740253382219,0.96875,0.9192708333333334,2.535162759052944,False,False
retrieval,2,9,11,-0.2709016743843984,-0.2958494341325204,-0.3939596114275087,-0.2014630590401495,0.15625,0.9999903494026512,1.0,-0.12030249778868844,-0.11550946103395437,-0.14728742038856052,-0.08503683437517129,0.15625,0.9192708333333334,0.77430666618713,False,False
retrieval,2,10,0,-2.5631376323678126,-2.5205719748399456,-2.6486210723036017,-2.4069393847259954,0.0,1.0,1.0,0.24106255744417515,0.23011762366368366,0.17117793046352625,0.28418912521774464,0.9375,0.9192708333333334,0.5858031568293561,False,False
retrieval,2,10,1,-1.4546347881303257,-1.5531765183293078,-1.761276011271226,-1.3311319977361522,0.0,1.0,1.0,-0.1873731112002669,-0.2176727149530318,-0.25919023249493517,-0.17783531053266047,0.03125,0.9192708333333334,0.9985532165785047,False,False
retrieval,2,10,2,-1.4508767154443156,-1.438315495504288,-1.5450779556467111,-1.3384967520965947,0.0,1.0,1.0,-0.17197078318211295,-0.15879079145893965,-0.18655559391540613,-0.12963162340043474,0.09375,0.9192708333333334,1.0014467834214953,False,False
retrieval,2,10,3,-1.1221611674393481,-1.1962536873347052,-1.34416321209627,-1.0448151123795724,0.0,1.0,1.0,-0.11682187378763188,-0.0844186509269526,-0.12212233748968494,-0.04251278701793781,0.3125,0.9192708333333334,0.5900531377390748,False,False
retrieval,2,10,4,-0.10213340040259619,-0.15394705642590614,-0.3398031793372401,0.047686474544904024,0.28125,0.99649981665425,1.0,-0.032354172812223025,-0.0370936074636396,-0.055759741282362836,-0.01899456143413126,0.3125,0.9192708333333334,1.899946478945209,False,False
retrieval,2,10,5,-0.9618876188119504,-0.9331058644619727,-1.1308013432222583,-0.7610464964233505,0.03125,0.9999999997671694,1.0,-0.10870970951778056,-0.09620991664801073,-0.1262894970731537,-0.061002692462328846,0.15625,0.9192708333333334,1.4912615347633904,False,False
retrieval,2,10,6,-1.1207656139444353,-1.0318843076116695,-1.1892207641848185,-0.8852489620325071,0.0,1.0,1.0,-0.19278905567766008,-0.155434484797029,-0.1986975873435765,-0.11706913250851972,0.09375,0.9192708333333334,0.4856256029242027,False,False
retrieval,2,10,7,-0.11087980280903748,-0.10114618535462336,-0.1717680415613881,-0.029876765354824423,0.34375,0.9749487701337785,1.0,-0.05211535109702482,-0.05151340695508677,-0.07209779284195614,-0.033938870552226635,0.21875,0.9192708333333334,0.3724505809656929,False,False
retrieval,2,10,8,0.06588002427437097,0.09770536477790041,-0.01513548970295202,0.22239385346170532,0.53125,0.4300250329542905,1.0,-0.11835716533888177,-0.0844206076604265,-0.11163679026507017,-0.061442034315388486,0.0625,0.9192708333333334,0.21571640460914154,False,False
retrieval,2,10,9,-0.7474406633773363,-0.7178838671832197,-0.7916900071554548,-0.6358337657388292,0.0,1.0,1.0,-0.07724606537986582,-0.06840161150143155,-0.10949356568626813,-0.029727133901928382,0.3125,0.9192708333333334,1.435889662071024,False,False
retrieval,2,10,10,-1.6554430893855399,-1.7667772220047966,-2.033884152431876,-1.4926793690659028,0.0,1.0,1.0,-0.2956517407458976,-0.31299568263338085,-0.3638319518157747,-0.2562594550978399,0.03125,0.9192708333333334,1.1589026581312407,False,False
retrieval,2,10,11,-2.0723526010651927,-2.0836101983136928,-2.2425272715982034,-1.9391958395684583,0.0,1.0,1.0,0.1093714712208018,0.12220840547330603,0.09157752441286164,0.1528532306813014,0.9375,0.9192708333333334,1.463764369594258,False,False
retrieval,2,11,0,-1.9831958826042408,-1.9771854342675441,-2.1558614953706794,-1.8033041679588786,0.0,1.0,1.0,-0.08002299395180376,-0.07058633806432421,-0.10324660134929645,-0.031923671013203495,0.1875,0.9205729166666667,1.4952690823461885,False,False
retrieval,2,11,1,-1.584540299341184,-1.7420629755713046,-2.076108858017665,-1.3901112092850916,0.125,0.999998721992597,1.0,0.08558167020094928,0.09069219986378949,0.04916655641547401,0.1297602115659576,0.75,0.9205729166666667,1.2600080771013071,False,False
retrieval,2,11,2,-0.8565549546083935,-0.8999043584615366,-0.995833842468045,-0.8025344622122519,0.0,1.0,1.0,0.03706817428391057,0.04540907357963561,0.01681154364094677,0.07830933038489192,0.59375,0.9205729166666667,1.0164002366164544,False,False
retrieval,2,11,3,-2.410830359040617,-2.3573871791782395,-2.5505188334004076,-2.1641139638551126,0.0,1.0,1.0,-0.03108596898205783,0.03182335315871398,-0.025339315888281092,0.09164420134506868,0.5625,0.9205729166666667,0.9835997633835455,False,False
retrieval,2,11,4,-1.7841974259130675,-1.7002652195552752,-1.8668752999675882,-1.545047949418706,0.0,1.0,1.0,0.05909243643245307,0.04425229179227875,-0.004052620736256459,0.09485815018236894,0.625,0.9205729166666667,2.827161253032931,False,False
retrieval,2,11,5,-2.2919701970224327,-2.2982680890888147,-2.4802417976713884,-2.119627380434837,0.0,1.0,1.0,-0.11258588527290729,-0.12472646272532364,-0.15110731088554885,-0.10056916954203753,0.03125,0.9205729166666667,0.916882188513253,False,False
retrieval,2,11,6,-1.8142501112025318,-1.848261904779641,-2.0830152579469075,-1.62112278380413,0.0,1.0,1.0,0.0538890603386242,0.052548796198664795,0.02208571913851121,0.08473015964457956,0.6875,0.9205729166666667,1.2725907247115789,False,False
retrieval,2,11,7,-1.7606477023580434,-1.850831065100174,-2.0058128449284505,-1.7005341047364508,0.0,1.0,1.0,0.18993877220443184,0.18892975989983612,0.1535062320422284,0.22717330522345222,1.0,0.9205729166666667,1.2446409859697731,False,False
retrieval,2,11,8,-0.6961053438060936,-0.6412493644501329,-0.7627374527268985,-0.5134940877847601,0.0625,0.9999999923165888,1.0,-0.18492188515448688,-0.1807344964022672,-0.2029095532989366,-0.15995285705832685,0.0,0.9205729166666667,0.3479316597230834,False,False
retrieval,2,11,9,-2.209951101430918,-2.2720250529777046,-2.6092514276855554,-1.9071553556396503,0.03125,0.9999999997671694,1.0,-0.09997905572938492,0.0004288380171102897,-0.05333421197399327,0.04741784187907584,0.59375,0.9205729166666667,0.7446188158191331,False,False
retrieval,2,11,10,0.12462212483569371,0.12461596828514956,0.03760295581205425,0.20709317736265367,0.71875,0.010030803503468633,0.26262467354536057,-0.026393467846567393,-0.01677631554923387,-0.03627072229305608,0.002663484295171687,0.34375,0.9205729166666667,0.6950794338672356,True,False
retrieval,2,11,11,-0.5624419775320737,-0.5572249781013401,-0.6669079938223946,-0.4468009308235432,0.0625,0.9999999923165888,1.0,-0.08963098392178515,-0.06915691463202461,-0.09135888567249802,-0.044718087306544405,0.09375,0.9205729166666667,0.5925659187523814,False,False
retrieval,2,12,0,-2.7904581912146087,-2.779014799144117,-3.0386112926275386,-2.5213302699706506,0.0,1.0,1.0,0.10806213538441568,0.09408128905798689,0.024049849306555342,0.15293067052456902,0.8125,0.91796875,1.8026058977821589,False,False
retrieval,2,12,1,-1.4175435278828012,-1.4190589782019476,-1.5051057158723031,-1.3369125185984339,0.0,1.0,1.0,0.051125014080980094,0.06384175678956469,0.034741792869277185,0.0917968198163984,0.78125,0.91796875,1.3157884950514307,False,False
retrieval,2,12,2,-2.812307544271639,-2.8598926703416474,-3.140164668059469,-2.5520769853869045,0.0,1.0,1.0,-0.024466703713299398,-0.0423508386939826,-0.13958207931835823,0.04676098588650249,0.3125,0.91796875,0.9864724559415303,False,False
retrieval,2,12,3,-0.3653044406405045,-0.35082508420365677,-0.47846221292708363,-0.21863650174420052,0.15625,0.9999903494026512,1.0,-0.04958854437745257,-0.027487363270555995,-0.06101504105810474,0.004581260632136054,0.4375,0.91796875,0.42577753890621745,False,False
retrieval,2,12,4,-0.3953395109560518,-0.4430926713895367,-0.5402316045586982,-0.3474857542492782,0.09375,0.9999998768325895,1.0,-0.10571039408270652,-0.10325958630203072,-0.12443513100240844,-0.08056426864257417,0.0625,0.91796875,0.7839086390875585,False,False
retrieval,2,12,5,0.07384585083790814,0.036323965553886645,-0.07176686142824326,0.138322272308519,0.625,0.10766357486136258,1.0,-0.03006640817848274,-0.015677890881588292,-0.029036896167095906,-0.0007737515275504315,0.28125,0.91796875,0.683335522482,False,False
retrieval,2,12,6,-3.746346062366811,-3.7969621825034157,-4.132837014796303,-3.4868054884309547,0.0,1.0,1.0,0.08858559153418637,0.07036377338053096,0.013982900030993485,0.11930902318855514,0.71875,0.91796875,1.01352754405847,False,False
retrieval,2,12,7,-3.777410069319482,-3.7057332078107277,-3.904890050370826,-3.50535250236452,0.0,1.0,1.0,0.30305041313124076,0.3243758426996845,0.25653429521972576,0.3997503768684834,0.9375,0.91796875,1.4933744730159442,False,False
retrieval,2,12,8,-3.1700468493534046,-3.300742883225187,-3.561500083223708,-3.0540843114682534,0.0,1.0,1.0,0.6124874326865272,0.6362559981990135,0.5154902841294637,0.7537448305808208,1.0,0.91796875,0.9290409446254617,False,False
retrieval,2,12,9,-3.055409188576217,-3.0964960360191673,-3.288022934916794,-2.892112978921017,0.0,1.0,1.0,0.0157980734673415,0.04079325757164992,-0.0007829307182789446,0.08595811715349845,0.59375,0.91796875,0.5004437289448999,False,False
retrieval,2,12,10,-1.875849339083827,-1.713674152345552,-1.8785816025145625,-1.5386477927089117,0.0,1.0,1.0,-0.22598910430462965,-0.18712324726959134,-0.243033521492236,-0.1252470200687627,0.21875,0.91796875,1.0706008518995045,False,False
retrieval,2,12,11,-2.057774239654768,-2.157089064706275,-2.3406030442117465,-1.9765191372518824,0.0,1.0,1.0,0.10367000338457473,0.12794952845783727,0.09170591444648328,0.165139813123938,0.875,0.91796875,1.063538446358265,False,False
retrieval,2,13,0,-1.018113887606543,-1.0515537063751816,-1.278587955550975,-0.8225322368029522,0.0625,0.9999999923165888,1.0,-0.009034581642096645,-0.040181958826291046,-0.06769738657515866,-0.016241373584021154,0.3125,0.9166666666666667,1.2688419598677032,False,False
retrieval,2,13,1,-2.0125649847568967,-2.051640752823871,-2.2697786336450907,-1.844646428296414,0.0,1.0,1.0,-0.18451965741652082,-0.17380011150316488,-0.207534143980927,-0.13907492171558944,0.03125,0.9166666666666667,0.7740660125796844,False,False
retrieval,2,13,2,-1.1001649883701894,-1.1096475679620097,-1.2114317115362387,-1.0205548195019076,0.0,1.0,1.0,-0.08431139748729785,-0.07505439376175269,-0.10781570107665055,-0.03747144851084761,0.15625,0.9166666666666667,1.2058906253592248,False,False
retrieval,2,13,3,-1.08154014270274,-1.077966976361536,-1.158027845664785,-0.9997456207813709,0.0,1.0,1.0,0.11229430479636496,0.11412047660504177,0.08807311144941746,0.14394302868949205,0.9375,0.9166666666666667,0.5209529055548573,False,False
retrieval,2,13,4,-0.8875850852100742,-0.9073383747688323,-1.000405068605195,-0.818432750162425,0.0,1.0,1.0,0.06430872221055525,0.06952589906014126,0.04779156914434644,0.09379068473463924,0.875,0.9166666666666667,0.7174719766465154,False,False
retrieval,2,13,5,-1.7337289581416173,-1.7825406557995267,-2.0178173187873294,-1.547971369320498,0.0,1.0,1.0,0.08458967691113899,0.062169362850018686,0.02105848216657291,0.10336544690919497,0.6875,0.9166666666666667,1.6243558614565337,False,False
retrieval,2,13,6,-0.9445166916287225,-0.9168483001162022,-0.962196126395615,-0.8717751363677897,0.0,1.0,1.0,0.051320024038662745,0.044986747327607345,0.024279395161213597,0.06694749989843861,0.71875,0.9166666666666667,0.9627669606078422,False,False
retrieval,2,13,7,-1.6385953288899946,-1.7986290076590246,-1.9910352024466424,-1.5937702965669074,0.0,1.0,1.0,0.09378676983038851,0.07506881187512177,0.04697355670846363,0.10733282695072782,0.8125,0.9166666666666667,1.0372330393921578,False,False
retrieval,2,13,8,-1.848691895489244,-1.9397750676958285,-2.1279080176543355,-1.7489519238085431,0.0,1.0,1.0,-0.08766167370817707,-0.0792361899211004,-0.10392222873933502,-0.05626078345628,0.0625,0.9166666666666667,0.5437785982467968,False,False
retrieval,2,13,9,-2.3546463855084365,-2.370151680065125,-2.55530056798866,-2.162265964907901,0.0,1.0,1.0,0.12162823194632172,0.10022126353767657,0.059337065360028314,0.13820370810819535,0.875,0.9166666666666667,1.0847321965197485,False,False
retrieval,2,13,10,-0.7331578991378442,-0.7872361587404887,-0.90811988048815,-0.6729994546041997,0.0,1.0,1.0,-0.01960333065547384,0.0012567044725480363,-0.020466657899713647,0.02314260693436644,0.46875,0.9166666666666667,0.9480274931202582,False,False
retrieval,2,13,11,-1.8966652838716986,-1.9155794391132734,-2.0313940082070614,-1.7942838004440111,0.0,1.0,1.0,0.18203151298742307,0.18646874666701568,0.14701604164904547,0.23176537496821373,0.9375,0.9166666666666667,1.8355012939054265,False,False
retrieval,2,14,0,-2.1965995449575892,-2.2152741636405633,-2.4028468490339674,-2.0007334474370078,0.0,1.0,1.0,0.14203685581034686,0.12544302938109747,0.06998831412427385,0.18947431685031307,0.78125,0.9166666666666667,1.1077814001149011,False,False
retrieval,2,14,1,-1.6738509997294566,-1.6794635716122837,-1.8005505789690215,-1.5685281665061963,0.0,1.0,1.0,-0.024759320148075616,-0.01060040293171284,-0.03906365361832837,0.017233361374857342,0.4375,0.9166666666666667,1.1335775860080493,False,False
retrieval,2,14,2,-1.085438660696809,-1.1504210976549794,-1.2690005780820008,-1.0251578285733915,0.0,1.0,1.0,-0.08706514129784926,-0.10039287368560142,-0.11779542826108608,-0.08320013712351006,0.0,0.9166666666666667,0.6609111123365788,False,False
retrieval,2,14,3,-3.234134771945353,-3.3148820293430323,-3.4878972483500155,-3.1466153600826763,0.0,1.0,1.0,0.19143767672198492,0.17496508095598423,0.12371473471180751,0.2330819059320843,0.875,0.9166666666666667,0.9712288273354053,False,False
retrieval,2,14,4,-2.5148179327508924,-2.5117656980154117,-2.6767566133794416,-2.3198718435045573,0.0,1.0,1.0,0.07004056746882864,0.09681501462513636,0.028359196602868824,0.15859250830649196,0.6875,0.9166666666666667,1.0287711726645947,False,False
retrieval,2,14,5,-3.0282866478272936,-3.116692482914397,-3.364932534522925,-2.8566697641656678,0.0,1.0,1.0,0.08736486926858758,0.07279821723346833,0.011040761729160669,0.1329254097983957,0.59375,0.9166666666666667,0.7871504190808571,False,False
retrieval,2,14,6,-1.0313978341294225,-1.0973288346873222,-1.1912754596149038,-1.0012458575129526,0.0,1.0,1.0,-0.10599903124610618,-0.1197050337650039,-0.1417565265195856,-0.09946658037384541,0.0,0.9166666666666667,0.4308249855526973,False,False
retrieval,2,14,7,-1.6150183655422057,-1.6395477046246092,-1.7926595451777703,-1.504159238664095,0.0,1.0,1.0,-0.033991799790262255,-0.03644564104969218,-0.05593997012088221,-0.01527925476478319,0.28125,0.9166666666666667,0.8769777368937147,False,False
retrieval,2,14,8,-3.041015142500136,-3.022155538416415,-3.2112045806800165,-2.8251058408091922,0.0,1.0,1.0,0.03697085751560036,0.040778476627825244,-0.046626430273093884,0.12619927102182188,0.65625,0.9166666666666667,1.260851383315129,False,False
retrieval,2,14,9,-0.3154616809498604,-0.2906554930890044,-0.34935257301391615,-0.234100435978572,0.0,1.0,1.0,0.038250157617784025,0.05233311177454217,0.03540625921775344,0.07014029605904758,0.90625,0.9166666666666667,0.7766735710280904,False,False
retrieval,2,14,10,-3.2955661041099464,-3.2799745638744726,-3.406031534942134,-3.1540006963778655,0.0,1.0,1.0,-0.1086990241763665,-0.0807023611049331,-0.13702334676393968,-0.032629361072127924,0.25,0.9166666666666667,1.038053399143724,False,False
retrieval,2,14,11,-0.8642508279328702,-0.9204905632825332,-1.0392268850486546,-0.7951819230940931,0.0,1.0,1.0,-0.03201385669306235,-0.028516522672419588,-0.04499723464139891,-0.010144147468126316,0.28125,0.9166666666666667,1.536140052633438,False,False
retrieval,2,15,0,-0.9491428633592403,-0.9656758549430946,-1.0520770994200352,-0.8852955079184952,0.0,1.0,1.0,-0.009898753318206914,-0.002386388570765053,-0.02290838239751089,0.018564575829386015,0.46875,0.9166666666666667,0.9438819169479126,False,False
retrieval,2,15,1,-1.2748363174790298,-1.2927383292787877,-1.5524405391440597,-1.030577303010763,0.09375,0.9999998768325895,1.0,0.12928042682573976,0.10871463963134344,0.07122696078155104,0.14321322055384061,0.78125,0.9166666666666667,1.6299656391079067,False,False
retrieval,2,15,2,-1.3389563536725277,-1.3620169913652866,-1.5717306146673917,-1.14312569360524,0.0,1.0,1.0,-0.12081361142062187,-0.1500805064021218,-0.19536403221399018,-0.10576941794961034,0.0625,0.9166666666666667,1.4903124951984457,False,False
retrieval,2,15,3,-0.7886676545419374,-0.8158060564346743,-0.9197482814670127,-0.7133064976877658,0.0,1.0,1.0,-0.15807550018530303,-0.141686243183353,-0.1709959182041053,-0.11257091585536742,0.0625,0.9166666666666667,1.0561180830520875,False,False
retrieval,2,15,4,-1.7539810510723755,-1.7454731739231786,-2.001958711338335,-1.4921098582739283,0.0,1.0,1.0,0.1168928482189867,0.11042548680294653,0.0750279949122262,0.14585802255990277,0.90625,0.9166666666666667,1.4644330861308916,False,False
retrieval,2,15,5,-1.4161783537360892,-1.5033063527712118,-1.6947914599660965,-1.3321358434718609,0.0,1.0,1.0,-0.027628867815417173,-0.0224689341210011,-0.03770241403432979,-0.005303907940147032,0.28125,0.9166666666666667,1.5240168606062632,False,False
retrieval,2,15,6,-0.678741715193584,-0.706641382109126,-0.7907587390410508,-0.6211428592539585,0.0,1.0,1.0,-0.09600614717424408,-0.10184347432989976,-0.11605388351687171,-0.0900898474093567,0.0,0.9166666666666667,0.7235661226651053,False,False
retrieval,2,15,7,-0.8157178494966487,-0.8056083225401153,-0.9156045426036625,-0.6789943518305332,0.03125,0.9999999997671694,1.0,-0.175991108845458,-0.16519723136079217,-0.18819910159572267,-0.14435951658679413,0.0,0.9166666666666667,1.381293854241292,False,False
retrieval,2,15,8,-1.2196890211363418,-1.2272458998058058,-1.3628130954155306,-1.0819980465452805,0.0,1.0,1.0,-0.035555764000977375,-0.04841204830849356,-0.07500642652262976,-0.021262143808393908,0.1875,0.9166666666666667,0.6668367666039405,False,False
retrieval,2,15,9,-0.6348799812468217,-0.5958318188887194,-0.7189219838749152,-0.44767914185896784,0.0625,0.9999999923165888,1.0,0.03577912841857575,0.007110601278416187,-0.015484099811925337,0.030640324369729192,0.40625,0.9166666666666667,0.7968463981144471,False,False
retrieval,2,15,10,-1.1443853755511975,-1.1810982116845947,-1.2916029187567617,-1.0705893286892252,0.0,1.0,1.0,-0.18027388790701754,-0.15515654602817117,-0.17482909401653401,-0.1335750970315471,0.03125,0.9166666666666667,0.7655229343283406,False,False
retrieval,2,15,11,-2.111472768737821,-1.9963745074315935,-2.13323787382352,-1.8603601346747218,0.0,1.0,1.0,-0.09494314767642989,-0.075265937361075,-0.10161559110014771,-0.04896017439912229,0.25,0.9166666666666667,0.48121639898037666,False,False
retrieval,2,16,0,-2.691937634426517,-2.733593709773696,-3.073552496017296,-2.3847910646942885,0.0,1.0,1.0,-0.12496948125013366,-0.14051650368980156,-0.17893231910793272,-0.0996006474404473,0.15625,0.91796875,1.258210413305777,False,False
retrieval,2,16,1,-1.0709045809710647,-1.0329307785058595,-1.1884233863110536,-0.8828267370240941,0.0,1.0,1.0,-0.25281056303769844,-0.20837640090389928,-0.23799304128805893,-0.17825557011764526,0.0,0.91796875,0.7257285759219806,False,False
retrieval,2,16,2,-4.353493434593713,-4.160063250550724,-4.398764531780573,-3.9396385582003366,0.0,1.0,1.0,-0.15873566812188247,-0.11954697954688817,-0.2163439782754666,-0.028704469631242905,0.3125,0.91796875,2.1621923265587117,False,False
retrieval,2,16,3,-0.6192984786529268,-0.6163217848493621,-0.6759685761096633,-0.565449463048432,0.0,1.0,1.0,-0.08022667874616479,-0.08468510228246723,-0.10565325273362078,-0.06495804905127699,0.03125,0.91796875,0.9499015117359569,False,False
retrieval,2,16,4,-1.691272903177402,-1.7713818354610007,-1.9890516224104293,-1.5712540268515358,0.0,1.0,1.0,0.11816912512211575,0.13873766546610317,0.10483720140851366,0.16964259108942714,0.90625,0.91796875,1.1897325537759957,False,False
retrieval,2,16,5,-2.9713349814409784,-2.891870219347563,-3.1125492526519762,-2.666190431484951,0.0,1.0,1.0,-0.1728963890724759,-0.1714150296382392,-0.2014730464466639,-0.14240754263586924,0.0,0.91796875,0.6521705941704486,False,False
retrieval,2,16,6,-2.5128379304543804,-2.5118499362366604,-2.656221078111829,-2.3685893577211203,0.0,1.0,1.0,0.03191996310543603,0.04717461531591322,-0.016101133664944284,0.10846111256545077,0.5625,0.91796875,1.6425225217245154,False,False
retrieval,2,16,7,-1.0371494687936418,-1.0724092894885113,-1.1636729839041593,-0.9832140780957801,0.0,1.0,1.0,-0.05482662305689488,-0.03437856210587152,-0.06049721444372423,-0.0075964127518907245,0.34375,0.91796875,0.87603861927654,False,False
retrieval,2,16,8,-2.975766342745662,-3.0131153000330535,-3.163636407669496,-2.861608053597999,0.0,1.0,1.0,-0.06734294527467259,-0.057185327364877386,-0.08215849761230705,-0.032279228248070196,0.15625,0.91796875,0.9022765022109667,False,False
retrieval,2,16,9,-4.880599918505639,-4.636081669234855,-4.950998857908886,-4.286991652984209,0.0,1.0,1.0,-0.04150936153178926,-0.03707806679990761,-0.11370900628821641,0.03577287152636155,0.4375,0.91796875,1.340302125138654,False,False
retrieval,2,16,10,-0.7407830666055416,-0.7468449345992436,-0.8408311480817846,-0.6561479494671115,0.0,1.0,1.0,-0.10416427192556675,-0.1011783870273748,-0.12042970448877519,-0.08183123603082947,0.03125,0.91796875,1.0500984882640434,False,False
retrieval,2,16,11,-1.1006288633781665,-1.2497905709465909,-1.3788199216954053,-1.1327533951909603,0.0,1.0,1.0,0.0035807324830926125,-0.0008966831255100803,-0.026268082492243872,0.025855870283189045,0.46875,0.91796875,0.14659303548347924,False,False
retrieval,2,17,0,-1.6184073146398903,-1.8115464764513505,-2.177179684809675,-1.467316132466453,0.03125,0.9999999997671694,1.0,-0.04340489486655345,-0.06192375424884432,-0.0910426933061567,-0.03368548144872089,0.34375,0.91796875,0.8495020779054085,False,False
retrieval,2,17,1,-2.105161697232777,-2.058913187956919,-2.141848046557257,-1.976860350831658,0.0,1.0,1.0,0.005978006286727615,-0.018505977594812983,-0.0683439358568905,0.030997125371265154,0.46875,0.91796875,2.4281714768037985,False,False
retrieval,2,17,2,-1.0828273520782175,-1.1247303791586813,-1.2614310674381437,-0.9894793356252416,0.0,1.0,1.0,0.04961776319798263,0.052439498876639665,0.02747813397540787,0.07759297122905011,0.75,0.91796875,0.575493732324308,False,False
retrieval,2,17,3,-3.095063924066143,-3.3201356964373865,-3.6658999549033737,-2.960944654007776,0.0,1.0,1.0,0.27298640576020294,0.24482521620251063,0.19329360811374466,0.3009029938560521,0.96875,0.91796875,1.047310313212601,False,False
retrieval,2,17,4,-1.491658155274009,-1.5175524885888514,-1.6524252692610222,-1.3701735506826809,0.0,1.0,1.0,-0.03530997583654529,-0.0289017024535459,-0.04625873331298896,-0.010853844302194651,0.21875,0.91796875,0.6960470706167754,False,False
retrieval,2,17,5,-2.9216794853047574,-3.0481034020174924,-3.28001145088226,-2.822814077901417,0.0,1.0,1.0,0.2020105209422003,0.18621419095226244,0.14509643449027607,0.22579537802328817,0.96875,0.91796875,0.9526896867873993,False,False
retrieval,2,17,6,-1.6673247621433576,-1.6841977907087633,-1.9890540408067077,-1.3700439901175288,0.0625,0.9999999923165888,1.0,-0.039658451536502354,-0.041119421584869476,-0.07380439649630072,-0.006379013807308815,0.375,0.91796875,1.0590036558531593,False,False
retrieval,2,17,7,-4.670973552481678,-4.575495942931681,-5.083440476588925,-4.003543285116521,0.0,1.0,1.0,0.13225121503329335,0.13132815955112637,0.09259623020132801,0.1682571798676556,0.875,0.91796875,1.1121960674497215,False,False
retrieval,2,17,8,-4.340659942097432,-4.34637853419704,-4.706499627492601,-3.9881302983483353,0.0,1.0,1.0,0.5451367106311406,0.5375350982320264,0.4719055857813997,0.5961625219413073,1.0,0.91796875,1.2564434020434951,False,False
retrieval,2,17,9,-0.9245649576791115,-0.8785272428402515,-1.0114793141273262,-0.7341429549329859,0.0625,0.9999999923165888,1.0,-0.1911851477136177,-0.1922055312148607,-0.21608621671683959,-0.16654993413902908,0.0,0.91796875,1.2215781188080628,False,False
retrieval,2,17,10,-3.593449755579427,-3.644235117814492,-3.9359947598873863,-3.3597560946775595,0.0,1.0,1.0,0.1032732037411957,0.09026296232022815,0.041235848288998234,0.14379202192167354,0.71875,0.91796875,0.7308342659255276,False,False
retrieval,2,17,11,-1.4317123338481417,-1.5069273905115628,-1.7072144544714611,-1.2720052389732945,0.0,1.0,1.0,-0.092449981531531,-0.08370440959232547,-0.10540014396480941,-0.06186858328353539,0.09375,0.91796875,0.6373670822563061,False,False
retrieval,2,18,0,-0.56732980608745,-0.5509264532025728,-0.64404328951159,-0.45593398265775076,0.0,1.0,1.0,-0.028247536890060185,-0.03584300596663435,-0.054286671011577886,-0.01837993342102457,0.28125,0.9166666666666667,0.09033465809082701,False,False
retrieval,2,18,1,-2.5747700692720445,-2.5862193963410425,-2.932223806267966,-2.2263816135754975,0.03125,0.9999999997671694,1.0,-0.030854758180299566,-0.04379807933497071,-0.09209201750191595,0.001355676029726677,0.3125,0.9166666666666667,1.9443555866937332,False,False
retrieval,2,18,2,-2.859208202868294,-2.732436962913493,-2.96022156910445,-2.4752966751771273,0.0,1.0,1.0,-0.0034235768728967074,-0.030457526339768243,-0.09349167203263117,0.023568001304660153,0.46875,0.9166666666666667,1.5428850550206445,False,False
retrieval,2,18,3,-2.8203330098705806,-2.7652218429985123,-3.073984203256318,-2.439290469829326,0.0,1.0,1.0,-0.003449998311070731,-0.0028280600138832074,-0.050911758310863066,0.04059360495388994,0.46875,0.9166666666666667,1.0334166534963003,False,False
retrieval,2,18,4,-1.37531595019202,-1.2991227096941471,-1.3880746507929382,-1.208575668483121,0.0,1.0,1.0,-0.03993537451767422,-0.03931556569984006,-0.06920270496544016,-0.005066550881900007,0.25,0.9166666666666667,0.9665833465036994,False,False
retrieval,2,18,5,-2.3535341224525794,-2.375381045793358,-2.5910167238781865,-2.1445256362535394,0.0,1.0,1.0,0.023713928689431812,-0.004243795761649405,-0.046141469327424335,0.036000369891453,0.5625,0.9166666666666667,1.476513438641363,False,False
retrieval,2,18,6,-2.6312286422331512,-2.574047568853249,-2.8001491775535223,-2.3574467238049936,0.0,1.0,1.0,-0.033132090179625595,-0.046416148250029814,-0.09596680613996665,-0.004566239462981824,0.4375,0.9166666666666667,0.7871815333549118,False,False
retrieval,2,18,7,-1.9682491271533085,-2.060137551273903,-2.4000729660270284,-1.699535746167701,0.0,1.0,1.0,-0.03881454699669591,-0.038141791464934155,-0.07071765016722927,-0.005584801326375973,0.3125,0.9166666666666667,0.7644599561509235,False,False
retrieval,2,18,8,-2.999556543299412,-2.888295116943664,-3.098882166385976,-2.6828041450793005,0.0,1.0,1.0,-0.019969052602241757,-0.02349849840232584,-0.0748562626930086,0.022787180272684428,0.4375,0.9166666666666667,1.6977595713253577,False,False
retrieval,2,18,9,-0.32528512864938464,-0.31282478124134705,-0.42594414091815125,-0.2004008161126041,0.15625,0.9999903494026512,1.0,0.05408811855527082,0.057689774590490406,0.04120497320683366,0.07610708260654418,0.84375,0.9166666666666667,0.3361754772353319,False,False
retrieval,2,18,10,-2.24383997305091,-2.2573462948385705,-2.5543251541779646,-1.9568183484629371,0.0,1.0,1.0,-0.07978782692090006,-0.078693064673915,-0.12635098716097531,-0.03780395089101468,0.3125,0.9166666666666667,1.2794013975296215,False,False
retrieval,2,18,11,-1.8603786661548274,-1.9932335012641669,-2.2223195734691434,-1.73150389964282,0.0,1.0,1.0,-0.028891609510050185,-0.05170552932802435,-0.0863703608461488,-0.018334104897019313,0.25,0.9166666666666667,0.5620222144074549,False,False
retrieval,2,19,0,-0.40916104575421586,-0.5331316021695617,-0.6688994072170431,-0.405419288028851,0.0625,0.9999999923165888,1.0,-0.0503650107721495,-0.035793062306523626,-0.05370828522911373,-0.019636047393085353,0.21875,0.9166666666666667,0.07836005860243513,False,False
retrieval,2,19,1,-3.291452766230978,-3.3178661458728014,-3.690010070204432,-2.950669989726068,0.0,1.0,1.0,-0.10327987952352868,-0.09342312550882446,-0.13721434423564877,-0.054726161798282734,0.15625,0.9166666666666667,0.9975372816007985,False,False
retrieval,2,19,2,-3.9413048510980717,-3.879897774528926,-4.262899703255893,-3.4860819300300494,0.0,1.0,1.0,0.09536028351613784,0.0814985575310915,0.03920287757122231,0.12480461106734757,0.8125,0.9166666666666667,3.1632781247266126,False,False
retrieval,2,19,3,-3.1078930265975417,-3.1193697731789376,-3.4224976608664637,-2.8393048362111935,0.0,1.0,1.0,-0.03782561184298009,-0.03281611063107925,-0.06101434738428506,-0.006911963523683673,0.375,0.9166666666666667,0.7262941538742295,False,False
retrieval,2,19,4,-1.9476668159490482,-1.8355746597274532,-2.1984584417795365,-1.4770080379667183,0.03125,0.9999999997671694,1.0,-0.01721358590768174,-0.021986608920364133,-0.06724846074692227,0.026646794262385864,0.375,0.9166666666666667,1.624799480169227,False,False
retrieval,2,19,5,-4.061900388902121,-4.061635831488397,-4.294763780137739,-3.820442522191186,0.0,1.0,1.0,0.11239879635819118,0.10867832508359211,0.0822495112825372,0.13511587609682948,0.90625,0.9166666666666667,1.2526441968493693,False,False
retrieval,2,19,6,-1.294075314473678,-1.399588787294813,-1.6037237411464589,-1.2061207363213806,0.0,1.0,1.0,0.054819316026330236,0.05893467485208071,0.04690322451166735,0.07138191071913319,0.9375,0.9166666666666667,0.5263823868952501,False,False
retrieval,2,19,7,-1.9872906497540854,-1.9924697507801494,-2.1906579692596537,-1.7874685795508143,0.0,1.0,1.0,0.09433881085200353,0.0738757928038001,0.0522351555119674,0.09632776027020189,0.84375,0.9166666666666667,0.7769477821626156,False,False
retrieval,2,19,8,-0.40133791508010574,-0.37926619053364763,-0.5435009276960971,-0.2270015789381937,0.15625,0.9999903494026512,1.0,0.05072596316399923,0.0470919652334477,0.030470890931241126,0.06468636449288513,0.875,0.9166666666666667,0.425482876550435,False,False
retrieval,2,19,9,-2.5185858997256183,-2.5094714143919976,-2.6692193744183768,-2.352704631737811,0.0,1.0,1.0,0.008324263342602795,-0.00209859579526063,-0.02185481315366003,0.017610379877498812,0.46875,0.9166666666666667,1.085177219036861,False,False
retrieval,2,19,10,-2.0722729039711743,-1.9788746979933152,-2.2054305902435507,-1.759880999777148,0.0,1.0,1.0,-0.004018444150316901,0.00335411653662945,-0.0480988170083576,0.05108123269992745,0.625,0.9166666666666667,1.0024627183992014,False,False
retrieval,2,19,11,-3.3126122552511115,-3.2673148353988717,-3.624112002141929,-2.8994509052749873,0.0,1.0,1.0,0.039334387338354156,0.03408918289502104,-0.00025519987411983674,0.06606278105813368,0.65625,0.9166666666666667,1.181511140580135,False,False
retrieval,2,20,0,-2.2836273242359955,-2.168126645997474,-2.2825033531322623,-2.050417130040441,0.0,1.0,1.0,0.09036294937806236,0.1088410737162617,0.094776748506487,0.1245918871793655,1.0,0.9192708333333334,0.7696632293014696,False,False
retrieval,2,20,1,-2.0853491908554487,-1.9772159918810144,-2.165807070501095,-1.805770830495649,0.0,1.0,1.0,-0.2391372218763139,-0.2448412489735572,-0.3049322137670968,-0.19121238811683408,0.0,0.9192708333333334,1.14706712686067,False,False
retrieval,2,20,2,-3.0887184497642943,-2.9875389488176016,-3.1610074716041576,-2.835660127465281,0.0,1.0,1.0,-0.1132715538869075,-0.02391433431783435,-0.09171691019862656,0.04470563046458301,0.40625,0.9192708333333334,0.9299931252737712,False,False
retrieval,2,20,3,-1.6621815649948979,-1.593862985932148,-1.8550952472301527,-1.330342928316517,0.0,1.0,1.0,0.11519925641677535,0.15009181328162605,0.0874790400928283,0.21408068797480675,0.8125,0.9192708333333334,3.2394461918259694,False,False
retrieval,2,20,4,-1.2460221045519624,-1.5053118968206682,-1.7529761290573571,-1.2190641925967263,0.03125,0.9999999997671694,1.0,-0.07079354852839517,-0.08843901447153465,-0.11414131147650124,-0.0633241975765489,0.125,0.9192708333333334,1.0485177970342452,False,False
retrieval,2,20,5,-3.634571613315436,-3.4047575449305696,-3.668518142506722,-3.1575183965675464,0.0,1.0,1.0,0.2186631670294469,0.35023352551569986,0.14338344918029253,0.5389322846273917,0.8125,0.9192708333333334,1.7109197570098045,False,False
retrieval,2,20,6,-1.0748479116052687,-1.0545759177751006,-1.1735024254575408,-0.9421583636458449,0.0,1.0,1.0,0.001551783944313656,0.007186981778371742,-0.013389104905900834,0.030570967657921874,0.4375,0.9192708333333334,2.162056734477563,False,False
retrieval,2,20,7,-7.080312983462049,-7.045868509265621,-7.836602853486041,-6.2718517691059334,0.0,1.0,1.0,0.15357502852081006,0.38083021718814264,0.1705259513346547,0.6113736122477618,0.65625,0.9192708333333334,0.9760489831018758,False,False
retrieval,2,20,8,-3.5357541684645204,-3.4987371970393992,-3.7261528977064695,-3.283404031766781,0.0,1.0,1.0,-0.04107817944217927,-0.026541685694641617,-0.07629621199241816,0.019512063545203275,0.5,0.9192708333333334,0.9121823174288326,False,False
retrieval,2,20,9,-2.1047008758837134,-1.9935813884073055,-2.1042423243789266,-1.87681565362129,0.0,1.0,1.0,-0.11437212668772449,-0.08479882183533802,-0.11596988898066686,-0.05003069218288118,0.125,0.9192708333333334,0.5039692867588903,False,False
retrieval,2,20,10,-0.697257481554838,-0.7285276475985109,-0.8493141662618369,-0.5983476157402805,0.03125,0.9999999997671694,1.0,-0.023926303472528068,-0.022607467026715018,-0.04402291908095759,-0.0031446766108060857,0.28125,0.9192708333333334,1.023951016898124,False,False
retrieval,2,20,11,-4.2461169710332936,-4.149609749372813,-4.458759667950293,-3.8216149461425166,0.0,1.0,1.0,0.13756452246209505,0.17361625297264663,0.11154328967428119,0.23007890347731721,0.84375,0.9192708333333334,0.7127401688664863,False,False
retrieval,2,21,0,-4.071836301736541,-3.9411421896568046,-4.1755250926602105,-3.7250660699268865,0.0,1.0,1.0,-0.20660022414763735,-0.2123988752454507,-0.26664382749660587,-0.15720783455533077,0.09375,0.91796875,1.9073101961433023,False,False
retrieval,2,21,1,-2.793635230318353,-2.5935930204694166,-2.7347357466886884,-2.4630434685905143,0.0,1.0,1.0,0.06630113034852639,0.0813245485577922,0.04984614662100408,0.11007517192790114,0.84375,0.91796875,1.0590425934344874,False,False
retrieval,2,21,2,-1.4363553586136641,-1.355538104930148,-1.4703326180954843,-1.2327359041332429,0.0,1.0,1.0,0.07406640315497534,0.05603360902846444,0.03158337943255482,0.07876535387053647,0.78125,0.91796875,0.9409574065655125,False,False
retrieval,2,21,3,-1.6397646232985483,-1.5721192157736645,-1.7136048209597246,-1.4307873289556525,0.0,1.0,1.0,0.06459627980425049,0.012817454123823947,-0.07418846612817218,0.08676376932081434,0.625,0.91796875,2.5677268060850538,False,False
retrieval,2,21,4,-1.8312529765910615,-1.7799831293500115,-2.048199256530096,-1.5431765948091734,0.0,1.0,1.0,-0.085811014575656,-0.10586657653784036,-0.13570692192937733,-0.07728622091056671,0.15625,0.91796875,0.43331063995969155,False,False
retrieval,2,21,5,-0.6802146573502414,-0.7128477464892473,-0.8032092566807001,-0.6144625236331676,0.03125,0.9999999997671694,1.0,0.07158055748796618,0.06823322173744886,0.04158790799508918,0.09488384838316026,0.8125,0.91796875,0.4606758338483518,False,False
retrieval,2,21,6,-1.882510908764816,-1.8110782418023863,-1.9528582320194965,-1.6626839860008384,0.0,1.0,1.0,-0.014168037252773142,-0.006517496823198847,-0.026184758912239522,0.013882070287084304,0.46875,0.91796875,1.8209253315449996,False,False
retrieval,2,21,7,-2.693792123786808,-2.8789412068498255,-3.196083038583715,-2.585333662444684,0.0,1.0,1.0,0.03530250785414071,-0.00642741824433854,-0.04187304826927877,0.036047026152896476,0.40625,0.91796875,0.5140650321741119,False,False
retrieval,2,21,8,-7.3606139598979325,-7.252647971026894,-7.4138406739792435,-7.084277383439446,0.0,1.0,1.0,-0.0050786240838123775,0.01749760708391543,-0.0031099970334717486,0.03652773063134756,0.625,0.91796875,2.7166987656676147,False,False
retrieval,2,21,9,-2.3031009962588014,-2.5312769653920557,-2.929753194676737,-2.165829444257755,0.0,1.0,1.0,-0.7838794260514295,-0.7589089792451407,-0.8214976076974321,-0.693395926478308,0.0,0.91796875,1.0770983712786844,False,False
retrieval,2,21,10,-3.085614004539072,-3.0654439986288153,-3.285739861780795,-2.8484906508193224,0.0,1.0,1.0,0.11662234958046616,0.132674547396206,0.0785184184303685,0.19381782836791656,0.84375,0.91796875,0.8173416735819519,False,False
retrieval,2,21,11,-3.35720783160336,-3.2362741505573354,-3.380195401105834,-3.0926770671816937,0.0,1.0,1.0,0.11156490812254477,0.08039256204700686,0.0037627687261834117,0.15773700178294262,0.59375,0.91796875,0.6085892962914088,False,False
retrieval,2,22,0,-1.0616630960088422,-1.0632215421988465,-1.1989874199910235,-0.9402470643271978,0.0,1.0,1.0,-0.02629064120756278,-0.014935702395729054,-0.03576795947923203,0.007305453674324484,0.34375,0.9166666666666667,1.592058311856014,False,False
retrieval,2,22,1,-2.028755354627004,-1.9580240902358672,-2.1314662542590104,-1.7914179292910783,0.0,1.0,1.0,-0.04946121274249053,-0.06678327190187777,-0.11667352086655315,-0.019613904924226013,0.375,0.9166666666666667,1.2198916687988017,False,False
retrieval,2,22,2,-2.3122651235855054,-2.261812354228949,-2.462497261678421,-2.0699646218532926,0.0,1.0,1.0,-0.013910205690927588,-0.004723800161600802,-0.02706784269374444,0.016455474026034148,0.65625,0.9166666666666667,0.5760319611474497,False,False
retrieval,2,22,3,-2.6439984472441025,-2.604601426314841,-2.867586215056655,-2.2785953015774827,0.03125,0.9999999997671694,1.0,0.06381872472600429,0.05004431230373456,0.015106357099418481,0.08056709507854877,0.84375,0.9166666666666667,1.568977662125652,False,False
retrieval,2,22,4,-1.697669228241642,-1.5894693160841031,-1.7628408549828598,-1.4204070751495306,0.0,1.0,1.0,-0.07816976759956284,-0.0761341824377514,-0.09728969103377405,-0.05733310471868331,0.09375,0.9166666666666667,1.0733100147061982,False,False
retrieval,2,22,5,-2.849368434919487,-2.8056187563482737,-3.1624203031797773,-2.5038816521003233,0.0,1.0,1.0,-0.03295284426946064,-0.020689143856248822,-0.05390565252615954,0.011546273170736376,0.375,0.9166666666666667,1.431722462650564,False,False
retrieval,2,22,6,-0.7895910210040871,-0.9859452959087726,-1.284944352610875,-0.6561563422992918,0.125,0.999998721992597,1.0,-0.00581052512655995,-0.017192096812698395,-0.043711595803771985,0.01031621700816149,0.40625,0.9166666666666667,0.3352538629715956,False,False
retrieval,2,22,7,-0.9540692335127243,-0.9455474803505415,-1.0898269491428407,-0.8145948608930109,0.0,1.0,1.0,0.04248819186281223,0.03333076093767674,0.013270961086601205,0.05416855718027399,0.6875,0.9166666666666667,0.5609351560222224,False,False
retrieval,2,22,8,-3.554656666615301,-3.5523137915994045,-3.8214493776197305,-3.2805601346415463,0.0,1.0,1.0,0.02498481556660612,0.02609262496634881,-0.008629160264215377,0.062069149609762654,0.6875,0.9166666666666667,1.2228713576877233,False,False
retrieval,2,22,9,-0.2961255820769043,-0.29169500096121115,-0.401193862344091,-0.1789022108737283,0.25,0.9989487992133945,1.0,-0.06853271493876291,-0.06556567848423278,-0.07760781530387664,-0.0528969318799128,0.0625,0.9166666666666667,0.38727146533584156,False,False
retrieval,2,22,10,-2.150741623020776,-2.2899096105140657,-2.5333961232160367,-2.053396200287869,0.0,1.0,1.0,-0.005141332896973064,-0.0022359772845953196,-0.02388517882163349,0.019817596926530356,0.5625,0.9166666666666667,0.9266899852938015,False,False
retrieval,2,22,11,-1.9161212603405953,-1.9462161348508338,-2.0640295181285073,-1.833437218998375,0.0,1.0,1.0,0.003401479256603864,0.015359234775096577,-0.03367269935026413,0.05991775502597775,0.6875,0.9166666666666667,0.7722471942486743,False,False
retrieval,2,23,0,-2.167918233262805,-2.1710116923075455,-2.3413038409968983,-2.01044181041528,0.0,1.0,1.0,-0.06424136008678157,-0.07484146485458099,-0.0959236012779361,-0.05727170569334994,0.09375,0.9166666666666667,1.064041388918342,False,False
retrieval,2,23,1,-4.630708051787302,-4.527756733406894,-4.868918522576261,-4.154719013459647,0.0,1.0,1.0,-0.06906207395443024,-0.059495244730406946,-0.09315625860530677,-0.02267795056230213,0.28125,0.9166666666666667,0.9359586110816578,False,False
retrieval,2,23,2,1.1383188727282125,1.2570401294429847,0.9621349307751288,1.552130494257713,0.90625,1.2780074030160904e-06,6.134435534477234e-05,-0.09857876865068049,-0.09252733365740984,-0.10898348158809437,-0.07868257896428096,0.03125,0.9166666666666667,0.4544334595075312,True,False
retrieval,2,23,3,-2.3483027499760754,-2.538858010378049,-2.777419623976266,-2.3110753404201803,0.0,1.0,1.0,-0.030214822600325934,-0.05459929180942197,-0.08603182718307857,-0.026610974801431847,0.1875,0.9166666666666667,0.6395445101629831,False,False
retrieval,2,23,4,-1.8494249571452515,-1.8821391916661154,-2.0331245833405225,-1.7325815661567139,0.0,1.0,1.0,-0.005337577826326706,-0.01215352315184473,-0.04358592105013893,0.016464840477901775,0.5,0.9166666666666667,2.9090608842584476,False,False
retrieval,2,23,5,-1.9340508519181596,-2.094283395070353,-2.4365930784231513,-1.7825353751197126,0.0,1.0,1.0,-0.030748882290041184,-0.0253046004245789,-0.04757872927437644,-0.004113722093583877,0.34375,0.9166666666666667,0.2863817590859082,False,False
retrieval,2,23,6,-1.0530656898980315,-1.1810298343482373,-1.4574411346482405,-0.9047628963610101,0.0625,0.9999999923165888,1.0,-0.008605755421957793,-0.017061799941726075,-0.04422395092541222,0.008705551295725655,0.375,0.9166666666666667,1.8303291756007545,False,False
retrieval,2,23,7,-2.773466295509308,-2.6664022192364842,-2.8188482232444896,-2.493376672944664,0.0,1.0,1.0,-0.10848919549282876,-0.11783495638155214,-0.15314928034669897,-0.08980322821526796,0.03125,0.9166666666666667,1.8083791926474846,False,False
retrieval,2,23,8,-1.7737790391987334,-1.7720578469433725,-1.8778488915117257,-1.6552325878754557,0.0,1.0,1.0,-0.04325855154982808,-0.03988539158526861,-0.05591850989584691,-0.023814363576705057,0.1875,0.9166666666666667,2.5970229013767034,False,False
retrieval,2,23,9,-2.9874336817018343,-2.923239733301785,-3.2660674612581224,-2.571674238921628,0.0,1.0,1.0,-0.038875528273493165,-0.015541915896909224,-0.05214442694478872,0.01945925449908717,0.46875,0.9166666666666667,0.8202373679280659,False,False
retrieval,2,23,10,-4.657282370062628,-4.56101280802568,-5.158773516890263,-3.8761699643622056,0.0,1.0,1.0,-0.16096011963197746,-0.0724350865111801,-0.13181164930725084,-0.01954544958632516,0.40625,0.9166666666666667,2.936682042902535,False,False
retrieval,2,23,11,-2.774969574226487,-2.8297516690325413,-3.1014130220292033,-2.5609899417933835,0.0,1.0,1.0,-0.01943506693247746,-0.03627273735419548,-0.06692184112481528,-0.008307788114306127,0.375,0.9166666666666667,0.5722021733542804,False,False
retrieval,2,24,0,-2.951553827721744,-2.912268880400285,-3.184369130181979,-2.617945472932449,0.0,1.0,1.0,-0.00395920221602393,-0.011957638008632764,-0.04863521514592946,0.022021796190051096,0.40625,0.9166666666666667,3.015668408082363,False,False
retrieval,2,24,1,-3.180548536696539,-2.9913211109117843,-3.2081997883600404,-2.77039304157078,0.0,1.0,1.0,0.00477866301690149,0.01361182513564034,-0.00576014877520203,0.035297265851353864,0.53125,0.9166666666666667,3.5221724526856035,False,False
retrieval,2,24,2,-2.693676972974206,-2.646940510805198,-2.9044290839321025,-2.3934341055607757,0.0,1.0,1.0,0.04355968448140503,0.08021737842257987,0.04800165743727316,0.11499620674072915,0.78125,0.9166666666666667,2.25311311919771,False,False
retrieval,2,24,3,-0.3950262641399246,-0.45299481224212584,-0.595672998591731,-0.3113541434432486,0.1875,0.9999434628989547,1.0,-0.026839859150438815,-0.01428504672185789,-0.032252433787566474,0.0007121606373846973,0.375,0.9166666666666667,0.8090637975123073,False,False
retrieval,2,24,4,-0.9660672482416424,-0.9537453027024867,-1.0035358000558834,-0.9010903465870458,0.0,1.0,1.0,-0.02164168581326817,-0.00824623108383873,-0.018973644077403064,0.00224664282938166,0.46875,0.9166666666666667,0.5986680555449518,False,False
retrieval,2,24,5,-2.7655946552191746,-2.832636804965614,-3.075611087617323,-2.590990045486931,0.0,1.0,1.0,0.059712552866632906,0.0623447328212797,0.040003142576665915,0.08520547417889807,0.8125,0.9166666666666667,0.45537289252112206,False,False
retrieval,2,24,6,-3.142729848597351,-2.9141655322604394,-3.2841900948003415,-2.5711332914838807,0.0,1.0,1.0,-0.10053267361024008,-0.08415222162161619,-0.1095184866158279,-0.05947810466919846,0.15625,0.9166666666666667,1.1909362024876928,False,False
retrieval,2,24,7,-3.950493390125894,-3.6115636022138786,-3.9391865963104298,-3.2944672194797944,0.0,1.0,1.0,-0.08248429518201136,-0.07157804707968085,-0.10000568391252039,-0.04340679159473665,0.125,0.9166666666666667,3.683182800737026,False,False
retrieval,2,24,8,-2.6344080913244974,-2.5994442022529154,-2.9458220621058255,-2.170945422270378,0.03125,0.9999999997671694,1.0,-0.061786098350584795,-0.06276616657019672,-0.09968350794851107,-0.031758229071932965,0.1875,0.9166666666666667,0.4413656616526858,False,False
retrieval,2,24,9,-1.88805162594101,-1.7617889322897158,-1.9489576048705806,-1.576239794225053,0.0,1.0,1.0,-0.025705206302381316,-0.0161104056410395,-0.03690689791686859,0.003179190125771993,0.34375,0.9166666666666667,0.7294253049276589,False,False
retrieval,2,24,10,-2.009867643796626,-2.251004310114228,-2.6098530206779285,-1.8865187097829825,0.03125,0.9999999997671694,1.0,-0.020322150105480944,-0.029863340621220546,-0.05921876062328765,-0.00010277486560629308,0.34375,0.9166666666666667,0.38095604691210827,False,False
retrieval,2,24,11,-3.5793943589807826,-3.328100736112174,-3.6890527285734107,-2.9668264261807717,0.0,1.0,1.0,-0.06902488127397353,-0.0575473300814368,-0.08237345087298677,-0.03149247386041546,0.21875,0.9166666666666667,2.067800533335575,False,False
retrieval,2,25,0,-1.7643055546500082,-1.7126853507137134,-1.8644705278468583,-1.560643184594838,0.0,1.0,1.0,-0.01412491496628822,-0.021200525641277793,-0.038149302749924,-0.0029478082351846366,0.3125,0.9166666666666667,1.5602423499096725,False,False
retrieval,2,25,1,-3.065070604797941,-2.736194596852161,-2.9808849501194454,-2.4788949401260707,0.0,1.0,1.0,0.004547590991494526,0.014290113452853664,-0.01364989667867423,0.04014833471889378,0.625,0.9166666666666667,0.7638159889286993,False,False
retrieval,2,25,2,-2.593432897109941,-2.5727350976086285,-2.783563484543717,-2.3807617919932147,0.0,1.0,1.0,-0.00481034702278208,0.0036296038971892416,-0.02578413904330621,0.029732817728645618,0.5,0.9166666666666667,0.8134514431363077,False,False
retrieval,2,25,3,-2.4701616759725673,-2.3807167861191183,-2.6136213617059223,-2.160768382250008,0.0,1.0,1.0,0.019269359682597822,0.01957662501620138,-0.0046189112744319276,0.045054724088501814,0.59375,0.9166666666666667,1.1753609288182787,False,False
retrieval,2,25,4,-1.8597426621155186,-1.9360225316839137,-2.197928752173283,-1.6817929419110864,0.0,1.0,1.0,-0.0012659895570808818,-0.012108946949179872,-0.03547545140087887,0.007028881421186045,0.40625,0.9166666666666667,1.2496905518933468,False,False
retrieval,2,25,5,-0.7551034160464521,-0.7625402471376446,-0.8746756291040241,-0.6549776962816991,0.0,1.0,1.0,-0.09598806154065795,-0.09010252656012573,-0.11172943398948361,-0.06679135973260206,0.0625,0.9166666666666667,0.48922614461513975,False,False
retrieval,2,25,6,-2.874656038115422,-2.976586777531895,-3.2865770230692144,-2.672610798845154,0.0,1.0,1.0,-0.08497490716743289,-0.11921267205673217,-0.16553059926491295,-0.07547637491500542,0.1875,0.9166666666666667,0.38593710740354076,False,False
retrieval,2,25,7,-1.7307023787131197,-1.7775630983592552,-2.247743385617698,-1.2780814331579888,0.09375,0.9999998768325895,1.0,0.00620398016752431,0.0002236401951726183,-0.06307520809163475,0.053977602001518,0.5,0.9166666666666667,0.8246390711817211,False,False
retrieval,2,25,8,-1.7972226847173143,-1.9009027140619348,-2.146502440115571,-1.6385722088505703,0.0,1.0,1.0,-0.0163673933149749,-0.02506414418793122,-0.05238557548229312,-0.0004426989512211184,0.375,0.9166666666666667,1.870031357475122,False,False
retrieval,2,25,9,-1.371458292959336,-1.415402484741513,-1.6135112836744203,-1.236733203764887,0.0,1.0,1.0,-0.01916377207940664,-0.01869183694912953,-0.0658346868975762,0.030396866785375988,0.46875,0.9166666666666667,0.5754973828231106,False,False
retrieval,2,25,10,-1.037041508986485,-0.9935746013118205,-1.0945630506158908,-0.8782409200625308,0.0,1.0,1.0,0.034649281498137174,0.04591440368890053,0.033971348905096385,0.05855333520525476,0.90625,0.9166666666666667,1.5585055813939106,False,False
retrieval,2,25,11,-2.576657398993974,-2.4861515400041307,-2.6923578248366042,-2.2904885044314636,0.0,1.0,1.0,-0.014154054348067652,-0.008119801242100093,-0.04002310381808738,0.022355352172503843,0.53125,0.9166666666666667,1.2009715699282797,False,False
retrieval,2,26,0,-0.699652768258298,-0.6639869399245291,-0.7374407088681876,-0.5929331192744665,0.0,1.0,1.0,0.03267440284833809,0.03623917385403844,0.022330534438980115,0.0506311444911057,0.78125,0.9192708333333334,0.20290101916771086,False,False
retrieval,2,26,1,-2.5473035726581656,-2.720576574900193,-2.950731550020636,-2.4932246508581164,0.0,1.0,1.0,-0.06907988803008638,-0.08171416736156932,-0.1311338176013702,-0.03339425921461061,0.34375,0.9192708333333334,0.5818391780202476,False,False
retrieval,2,26,2,-3.665173487165055,-3.450400789528561,-3.8127279453493967,-3.0984692603519575,0.0,1.0,1.0,-0.08586797629207978,-0.07424950483609696,-0.09951443689371636,-0.05142123535394663,0.09375,0.9192708333333334,1.4299617287509028,False,False
retrieval,2,26,3,-0.7792366677085542,-0.7027530775497995,-0.9065793185042547,-0.5273997720170045,0.125,0.999998721992597,1.0,-0.14962247801279493,-0.14129600332426323,-0.1618365180663637,-0.12107665098625281,0.0,0.9192708333333334,0.2277063824387408,False,False
retrieval,2,26,4,-1.7416202596622592,-1.6834585525453494,-1.8123688786527024,-1.5478372900545465,0.0,1.0,1.0,-0.03910818403737537,-0.0477150089042787,-0.06786749395362489,-0.02769239538956238,0.21875,0.9192708333333334,0.3795427390946894,False,False
retrieval,2,26,5,-2.136722953233536,-1.9801983105492238,-2.2698504129386894,-1.6968096615122195,0.03125,0.9999999997671694,1.0,-0.06284736354088974,-0.06878276832739247,-0.11137859998277493,-0.028000171980948427,0.34375,0.9192708333333334,1.1538663757831946,False,False
retrieval,2,26,6,-2.4483712270881517,-2.263529677907728,-2.480453935468294,-2.05164936772196,0.0,1.0,1.0,0.004682812838355201,0.015135595280092305,-0.007453199271892637,0.03681530548868286,0.53125,0.9192708333333334,0.8844809970497763,False,False
retrieval,2,26,7,-2.53505486529461,-2.421545089573522,-2.6369674729499932,-2.2097238967331783,0.0,1.0,1.0,-0.10618477263417028,-0.07668554000009628,-0.10841001101367823,-0.03998156380047614,0.1875,0.9192708333333334,0.21504055848018266,False,False
retrieval,2,26,8,-3.9041640210698745,-3.504595210950722,-3.866659056977445,-3.1992930642798405,0.0,1.0,1.0,-0.055536229165098504,-0.05052627242500321,-0.08799993874008465,-0.012393523834418309,0.28125,0.9192708333333334,1.4514612759310594,False,False
retrieval,2,26,9,-2.602665937842212,-2.424219979959573,-2.652750379593243,-2.2031486104868394,0.0,1.0,1.0,-0.024029264289456884,-0.03581957817807596,-0.05068272794315471,-0.019804261923006338,0.15625,0.9192708333333334,1.4028083863132867,False,False
retrieval,2,26,10,-3.567829359620985,-3.49265375027093,-3.8638811613067334,-3.120164168752968,0.0,1.0,1.0,-0.12441091948940596,-0.16718450845479577,-0.2723087366699311,-0.06918859552479054,0.25,0.9192708333333334,4.827981619935021,False,False
retrieval,2,26,11,-1.1047638367019132,-1.2067886974531357,-1.4317196465029376,-0.972853764332189,0.03125,0.9999999997671694,1.0,0.01395895878247165,0.00833974006631593,-0.003448411615657338,0.020692381443603712,0.6875,0.9192708333333334,1.1155190029502238,False,False
retrieval,2,27,0,-0.7283976620980711,-0.698773977416008,-0.8866681513365388,-0.5246652592025755,0.03125,0.9999999997671694,1.0,-0.217348923635693,-0.20888410055317508,-0.22400957389114012,-0.1931290600349487,0.0,0.9166666666666667,0.42958172913635834,False,False
retrieval,2,27,1,-1.753176830128953,-1.7965254638057608,-1.965632861349913,-1.6385249603396204,0.0,1.0,1.0,-0.06969244620313306,-0.0778531252231233,-0.1107140224812846,-0.043079097347682165,0.21875,0.9166666666666667,0.4146000298641828,False,False
retrieval,2,27,2,-4.18232754434501,-3.8480241918680815,-4.339728837441181,-3.4301073714684467,0.0,1.0,1.0,-0.08275792333640564,-0.04377515338894308,-0.09076744825264578,0.002156239049892701,0.4375,0.9166666666666667,4.16517830286975,False,False
retrieval,2,27,3,-3.243954498595248,-3.1986951332731177,-3.394627118111467,-2.997811336941093,0.0,1.0,1.0,0.08542471670439913,0.07187360578334918,0.04893943342781162,0.09482593125482237,0.875,0.9166666666666667,0.6652975324805047,False,False
retrieval,2,27,4,-0.7621840453484994,-0.6051478462733852,-0.7547888661040756,-0.46041906045060815,0.03125,0.9999999997671694,1.0,-0.021824139114151448,-0.019162321770087233,-0.03447755056320467,-0.0040412568954141465,0.34375,0.9166666666666667,0.32386390106049634,False,False
retrieval,2,27,5,-0.5653432965133992,-0.5904984896253533,-0.7266147007828117,-0.4631741830478286,0.0,1.0,1.0,-0.06374076129578916,-0.05676831930130997,-0.07146406117525393,-0.040709622921548956,0.09375,0.9166666666666667,0.2741070752985321,False,False
retrieval,2,27,6,-3.21870623957352,-3.2267860551518917,-3.4535223884207946,-3.0224235050126604,0.0,1.0,1.0,-0.10090758572456043,-0.14838751267993325,-0.21111801446670997,-0.08572914584197289,0.21875,0.9166666666666667,1.4633483420807214,False,False
retrieval,2,27,7,-0.5250024797639238,-0.5507902310917301,-0.7455031423530953,-0.37258418136497906,0.15625,0.9999903494026512,1.0,-0.006155479855456565,-0.01009672043302149,-0.03925405717083743,0.019350352167411704,0.375,0.9166666666666667,3.02049467325637,False,False
retrieval,2,27,8,-2.184570083395415,-2.2806038720667248,-2.571413110744749,-1.9883602175855803,0.0,1.0,1.0,0.015312375762071874,-0.00303254890732306,-0.026670113689934515,0.01889350491758988,0.34375,0.9166666666666667,1.2947158570160202,False,False
retrieval,2,27,9,-3.1871888571593425,-3.1546132961727267,-3.3602425509194145,-2.9059996165625575,0.0,1.0,1.0,-0.017658306485039122,-0.02825173209769765,-0.061129310882674315,0.0030638848758709905,0.46875,0.9166666666666667,3.3516298438504015,False,False
retrieval,2,27,10,-1.5318866361164267,-1.3422548301959145,-1.5631710163689576,-1.1303048292624516,0.0,1.0,1.0,-0.13289191461895478,-0.11539430575252879,-0.16506546495075408,-0.0706761090169929,0.21875,0.9166666666666667,0.7052841429839798,False,False
retrieval,2,27,11,-2.24363806313196,-2.0608837530749886,-2.3772896895225464,-1.7378167354405056,0.0,1.0,1.0,0.15047485574520722,0.23220651657030938,0.1680683503462085,0.30238654284589306,0.9375,0.9166666666666667,11.319299819163929,False,False
retrieval,2,28,0,-12.07488175728613,-12.032615009176205,-12.524237045934237,-11.54434959584911,0.0,1.0,1.0,-0.21001659182444998,-0.21821648703401275,-0.2959447088346773,-0.13047370744637854,0.15625,0.9166666666666667,2.2231625946614484,False,False
retrieval,2,28,1,-7.0411313747221556,-7.04845024998364,-7.42343298424547,-6.702765944608753,0.0,1.0,1.0,0.11236150036662199,0.12229413130802558,0.0651021476845606,0.1909275186569565,0.75,0.9166666666666667,2.2669616671124806,False,False
retrieval,2,28,2,-4.50868043728497,-4.429843110798172,-5.07526636288899,-3.7842499481571195,0.0,1.0,1.0,-0.11849995623960317,-0.12046581847585658,-0.15700280237190828,-0.08649824856175523,0.125,0.9166666666666667,1.2128371544727392,False,False
retrieval,2,28,3,-2.022275881190573,-2.0083537471479005,-2.1258900230798057,-1.8913512931240517,0.0,1.0,1.0,-0.2031211303935127,-0.2026650089632289,-0.22248129969442362,-0.18307160828278043,0.0,0.9166666666666667,0.11272168418408646,False,False
retrieval,2,28,4,-1.9754250383279297,-2.0003894474572284,-2.1552569512139046,-1.8375985430092554,0.0,1.0,1.0,0.21365166646226524,0.2228751640534819,0.19265308955487462,0.2530793537438414,1.0,0.9166666666666667,0.0778969882117173,False,False
retrieval,2,28,5,-2.3453284754822104,-2.3268507166341132,-2.6206032514069655,-2.009824904240466,0.0,1.0,1.0,-0.08458870656269651,-0.09242296257468713,-0.1265125609439277,-0.06110563872834072,0.15625,0.9166666666666667,0.1511198883347672,False,False
retrieval,2,28,6,-2.1759051022108054,-2.253686852943691,-2.532840763399131,-1.9733330495091035,0.0,1.0,1.0,0.015282310998917283,0.014385598104309276,-0.017926288788941643,0.04486546158612711,0.53125,0.9166666666666667,1.3030331012036238,False,False
retrieval,2,28,7,0.20946443575152263,0.17532098440997287,0.03712295803423147,0.3085916890575753,0.71875,0.010030803503468633,0.26262467354536057,-0.0508507917994024,-0.02608863351958864,-0.05344797929582088,0.005349102270019636,0.3125,0.9166666666666667,0.1225623334818016,True,False
retrieval,2,28,8,-1.0900651003602164,-1.0078139673252844,-1.1730332485974524,-0.8384786536599015,0.03125,0.9999999997671694,1.0,0.029607707642331973,0.03806125849681147,0.0027922080008440887,0.07265008247979464,0.65625,0.9166666666666667,5.102615125158665,False,False
retrieval,2,28,9,-2.2580849631288613,-2.228985452073959,-2.437119120956691,-1.9922983882564802,0.0,1.0,1.0,0.020556926849383803,0.0268440495799681,0.004383770204936014,0.04991900203441248,0.625,0.9166666666666667,0.7871628455272609,False,False
retrieval,2,28,10,-3.4327175688716256,-3.53814796153925,-3.749340229664204,-3.31091401831823,0.0,1.0,1.0,-0.0022038241531024336,0.02746903219066653,-0.02543701211574655,0.07861092857976988,0.59375,0.9166666666666667,0.3523276082652706,False,False
retrieval,2,28,11,-0.9375877621689529,-0.9088560868321869,-1.1284150457872313,-0.6712078499292903,0.125,0.999998721992597,1.0,0.2158971968188999,0.2074203263495024,0.15474677671128884,0.25969191723702906,0.9375,0.9166666666666667,3.9083654206850422,False,False
retrieval,2,29,0,-7.103964157538352,-7.409085049039595,-8.040812465040519,-6.729586150954136,0.0,1.0,1.0,0.07667009934873147,0.02599940041482382,-0.17776824060121302,0.22603420659180118,0.5625,0.9166666666666667,8.212812002002034,False,False
retrieval,2,29,1,-1.5658892968272422,-1.5254333832453637,-1.6248035228692392,-1.4309391729762913,0.0,1.0,1.0,-0.04277904587740909,-0.042835017746392284,-0.05405083091375191,-0.03170023365057942,0.125,0.9166666666666667,0.596513196844054,False,False
retrieval,2,29,2,-0.14792700644290468,-0.3839530401217843,-0.5931465910645729,-0.20053146310823738,0.3125,0.9899691964965314,1.0,0.011749477895611156,-0.04353142255156936,-0.0783058483099414,-0.008761351250069034,0.375,0.9166666666666667,2.997646431505991,False,False
retrieval,2,29,3,-3.5589311155636283,-3.4011132152238988,-3.674986844644636,-3.1330274852996816,0.0,1.0,1.0,-0.1173037092385221,-0.11776476003500629,-0.1404808705827231,-0.09793575915991629,0.0,0.9166666666666667,0.9882946164233332,False,False
retrieval,2,29,4,-3.2945654489812046,-3.2889547862219004,-3.4513598424804086,-3.108477186291949,0.0,1.0,1.0,0.0782637714026473,0.06579443752248443,0.048359781070710754,0.08497413805160285,0.84375,0.9166666666666667,1.0117053835766667,False,False
retrieval,2,29,5,-2.7248457885713573,-3.0266986233356294,-3.3287982326003815,-2.7300720954743265,0.0,1.0,1.0,0.03981786555336265,0.021331274185642304,-0.009640359280804721,0.047782762648566006,0.6875,0.9166666666666667,0.3331319480340202,False,False
retrieval,2,29,6,-1.7106284185050291,-1.734439397854374,-1.861639830428223,-1.6123283051843547,0.0,1.0,1.0,-0.08201567262553887,-0.07651387126675126,-0.08789575879259816,-0.06582354276594839,0.03125,0.9166666666666667,0.9312549575733401,False,False
retrieval,2,29,7,-0.3077420689903063,-0.3096957145289674,-0.4158061268507144,-0.20311915559655708,0.1875,0.9999434628989547,1.0,-0.18178817791943358,-0.17804869809257312,-0.20710949826161057,-0.14967518312164704,0.0625,0.9166666666666667,0.6398210987754842,False,False
retrieval,2,29,8,-2.585794915375984,-2.695289739547109,-2.966136586761634,-2.440934128328771,0.0,1.0,1.0,-0.0934352057714713,-0.09181263366275952,-0.10642717420863257,-0.07552486201523506,0.03125,0.9166666666666667,1.4977213021047395,False,False
retrieval,2,29,9,-1.0306957728960833,-1.3983472652791544,-2.715914524929958,0.0047351278019946595,0.3125,0.9899691964965314,1.0,0.21510735968926648,0.20249434241859304,0.006175269475184484,0.38044187611253466,0.71875,0.9166666666666667,8.817922811267518,False,False
retrieval,2,29,10,-0.45367300576272834,-0.34751715419541246,-0.42756456342667787,-0.2597955773284322,0.125,0.999998721992597,1.0,-0.06900298796905871,-0.05591587335273911,-0.06557445333864735,-0.045439064092864245,0.03125,0.9166666666666667,0.5792925288964168,False,False
retrieval,2,29,11,-2.9969915938554195,-3.378245750815877,-3.7812728758964864,-2.9275694723536403,0.0,1.0,1.0,0.13435142332455824,0.08727474254525687,0.05509872364697724,0.1215137382975848,0.75,0.9166666666666667,4.654273872185787,False,False
retrieval,3,0,0,-4.745238517438563,-4.743563427322147,-4.910548669994508,-4.559478464678456,0.0,1.0,1.0,-0.04652395312189808,-0.04869669612320951,-0.06766118067007018,-0.0307353786375461,0.25,0.9192708333333334,0.7554618556162574,False,False
retrieval,3,0,1,-5.079667997755765,-5.097036694270063,-5.202225575755065,-4.99018700227807,0.0,1.0,1.0,0.45876410421751423,0.41705394284937225,0.3425504776734167,0.48452588543499897,0.96875,0.9192708333333334,7.326358190236949,False,False
retrieval,3,0,2,0.26408142689050046,0.24867870525932526,0.11706189038499204,0.37876835740625897,0.8125,0.0002675263676792383,0.009172332606145315,0.056532760146812036,0.03539678762967416,-0.015291270969768359,0.08915782609593745,0.5625,0.9192708333333334,0.38699161221461514,True,True
retrieval,3,0,3,-0.18878256581337058,-0.16046593102478546,-0.25712566614525856,-0.06970224013396877,0.25,0.9989487992133945,1.0,0.06971092089546921,0.05325477621054561,0.01657643858826322,0.09106524678629935,0.625,0.9192708333333334,0.2742752972766237,False,False
retrieval,3,0,4,-2.970535129371366,-3.01420802682577,-3.0982526953451774,-2.926448690464501,0.0,1.0,1.0,-0.07948569429308,-0.10242499893571154,-0.17101970529279129,-0.04975398927645301,0.28125,0.9192708333333334,2.4441005623496928,False,False
retrieval,3,0,5,-4.9107182754948,-4.991484402631432,-5.213010701598519,-4.784545761788416,0.0,1.0,1.0,-0.17296339804401806,-0.2553309862678643,-0.45672715778505557,-0.08200472702029092,0.375,0.9192708333333334,4.0298802450223405,False,False
retrieval,3,0,6,-2.7940186593465928,-2.805028469788384,-2.8945812042460655,-2.715684013585509,0.0,1.0,1.0,0.4217016428726348,0.415865953084241,0.3734296802705824,0.4594567936112284,1.0,0.9192708333333334,3.694083551273663,False,False
retrieval,3,0,7,-3.667353342480177,-3.684132148450731,-3.7451996344623613,-3.629427374641226,0.0,1.0,1.0,0.7043612154092744,0.7452267420959191,0.7035638162457002,0.7890193713368198,1.0,0.9192708333333334,1.2445381443837427,False,False
retrieval,3,0,8,-0.046679882562062444,-0.019974064056701348,-0.11784470225569808,0.08233052465161392,0.4375,0.8114572062622756,1.0,0.09829448999571663,0.1076184370889299,0.05641859766558198,0.15900764768218223,0.71875,0.9192708333333334,0.14400689165268002,False,False
retrieval,3,0,9,1.8140344507916355,1.8678996619802999,1.655727479863708,2.076910680541261,1.0,2.3283064365386963e-10,1.596552985055106e-08,0.052077191040955026,0.04537017056999845,0.018483741794096422,0.07127567962404016,0.6875,0.9192708333333334,0.10631527468701261,True,True
retrieval,3,0,10,11.483030766818162,11.531720147848961,11.245509669796498,11.765703312650475,1.0,2.3283064365386963e-10,1.596552985055106e-08,0.6422887426339864,0.628237149827958,0.5827747622345607,0.6726762302188685,1.0,0.9192708333333334,0.5339475931756581,True,True
retrieval,3,0,11,-3.1562967912066235,-3.192377371536442,-3.232864687811385,-3.152692675044483,0.0,1.0,1.0,0.495284120750504,0.43893599779092907,0.39890756514368053,0.47700660103289283,1.0,0.9192708333333334,3.2631139891031795,False,False
retrieval,3,1,0,-2.7240326606498515,-2.7446643096920926,-2.8871486144741363,-2.6080400777706676,0.0,1.0,1.0,-0.5276795645702876,-0.5167033552833704,-0.6744063883194895,-0.34710651398149156,0.1875,0.921875,1.4508820777328073,False,False
retrieval,3,1,1,-3.897058997178919,-3.7071340505881385,-4.2795658770064255,-3.1925237341708215,0.0,1.0,1.0,0.8985302544092466,0.9324150133286697,0.6866086779735596,1.1817672878179646,0.875,0.921875,0.8869564445454726,False,False
retrieval,3,1,2,-3.703323148626028,-3.8205100072901317,-4.035888228712421,-3.6180851355693266,0.0,1.0,1.0,-0.735394754332152,-0.7868884733271858,-0.892115264455257,-0.6772876708848287,0.0,0.921875,1.6553766541233246,False,False
retrieval,3,1,3,-1.89219237535895,-1.8735023040339716,-2.0858008332248454,-1.6114107030574103,0.03125,0.9999999997671694,1.0,-0.20824605287694198,-0.19114897100280182,-0.2989143931919973,-0.07476235059803123,0.3125,0.921875,1.016293223055095,False,False
retrieval,3,1,4,-4.305882869696704,-4.392144326102887,-4.63539801613467,-4.168781717639236,0.0,1.0,1.0,-1.0759048690791,-0.9338509352093316,-1.2001576082982637,-0.6599197316665237,0.15625,0.921875,7.14809703746053,False,False
retrieval,3,1,5,-0.10763044838004292,-0.06656131657939715,-0.14186099841559216,0.012994493228662751,0.25,0.9989487992133945,1.0,-0.3589139084630295,-0.3250835008891504,-0.35496753653344926,-0.29152725664840323,0.0,0.921875,0.657269350714924,False,False
retrieval,3,1,6,0.5626590116873944,0.5029364125850719,0.3525302446175793,0.6318371179286039,0.875,9.650597348809242e-06,0.00040873118183192084,0.727906408091175,0.7432648643035926,0.6915707448878512,0.7965898851285007,1.0,0.921875,0.28758802649052273,True,True
retrieval,3,1,7,-2.214593053777864,-2.153266687458088,-2.3365863015590844,-1.9784714905017002,0.0,1.0,1.0,-0.6581454410589583,-0.5832580621690313,-0.7040032886600041,-0.463985037297594,0.03125,0.921875,2.7467924898125196,False,False
retrieval,3,1,8,-4.8481849019409555,-4.52283421341374,-5.057880510546935,-3.995736767216361,0.0,1.0,1.0,-1.9398878190186633,-1.8976995646694068,-2.294708832450188,-1.520651297472221,0.03125,0.921875,0.8087541696174307,False,False
retrieval,3,1,9,-3.0950135889616233,-3.138287395742031,-3.258011519375964,-3.0176407946921566,0.0,1.0,1.0,0.8593456317785326,0.8995663522414522,0.8087312125183196,0.9983094464967397,1.0,0.921875,0.9837067769449049,False,False
retrieval,3,1,10,-0.13216101683943976,-0.09716228054946416,-0.19715015554766596,0.012110322410743635,0.34375,0.9749487701337785,1.0,-1.1289987110281325,-1.1651626542185158,-1.2284500179726985,-1.1030465663503606,0.0,0.921875,1.5851055898687187,False,False
retrieval,3,1,11,-2.938534629564526,-2.8763094612824553,-3.162058002374095,-2.590760501954418,0.0,1.0,1.0,0.22325234969586447,0.15757098381439666,0.07088196390185772,0.23615335055320658,0.65625,0.921875,0.566285887993845,False,False
retrieval,3,2,0,-1.1617326725453578,-1.1490900150352448,-1.330594545852413,-0.9703142235612776,0.0,1.0,1.0,-0.3636745674263274,-0.27747370205243876,-0.3749352975061869,-0.16207903751737396,0.25,0.9322916666666667,1.1485396496272886,False,False
retrieval,3,2,1,-1.3817854318931988,-1.3570310940537058,-1.5227188634270206,-1.2171147973167962,0.0,1.0,1.0,-0.6943925722371684,-0.6335245262912048,-0.7315856523998528,-0.5427670499723304,0.0,0.9322916666666667,0.45293252377124343,False,False
retrieval,3,2,2,-2.4020982856768978,-2.234343656080221,-2.443103021077966,-2.024402365928475,0.0,1.0,1.0,0.19539478326537496,0.15283641606967424,0.07753125753126006,0.22832909001671708,0.75,0.9322916666666667,1.1055538776306189,False,False
retrieval,3,2,3,-3.121161180161394,-3.0838980018606508,-3.274063001107953,-2.9037310596827988,0.0,1.0,1.0,-0.4734918761740514,-0.4462141966047465,-0.5522440031999347,-0.34571319531008105,0.09375,0.9322916666666667,3.392838298933413,False,False
retrieval,3,2,4,-10.301827287530838,-10.39580961108911,-10.924880546744092,-9.870247464999872,0.0,1.0,1.0,2.123540585664224,1.9517442584307427,1.5663747177799114,2.3274982282839303,0.96875,0.9322916666666667,1.909496888753714,False,False
retrieval,3,2,5,-0.18868124148031637,-0.23502000769663212,-0.3224545410120947,-0.1411302159774882,0.28125,0.99649981665425,1.0,-0.10112455668294124,-0.12947324221285456,-0.17250001966174608,-0.08945131143431054,0.15625,0.9322916666666667,0.5533775369195316,False,False
retrieval,3,2,6,0.10974463298266134,-0.05886668018652704,-0.2776934145184099,0.15100674722012533,0.4375,0.8114572062622756,1.0,-0.47097675725306576,-0.4884987723341677,-0.5936453758064446,-0.3861573900246465,0.03125,0.9322916666666667,1.0924457663089182,False,False
retrieval,3,2,7,-0.2944147938050845,-0.24444863206312573,-0.3826787192605663,-0.09483425629930606,0.3125,0.9899691964965314,1.0,0.36389917155372725,0.3260003344500211,0.2672734946742495,0.3823252900067427,0.96875,0.9322916666666667,0.6489826888263115,False,False
retrieval,3,2,8,-1.5309878331987026,-1.3962181772872069,-1.5481295159816781,-1.2447874065437772,0.0,1.0,1.0,0.2766852783383628,0.2979651980085942,0.1986661049114926,0.40068464362229134,0.8125,0.9322916666666667,0.9075542336910816,False,False
retrieval,3,2,9,0.5523646321111233,0.6320831901528573,0.48105005227188313,0.7720695231589444,0.90625,1.2780074030160904e-06,6.134435534477234e-05,0.3997689613493532,0.38115801040218433,0.32247278827761644,0.44106586438704243,1.0,0.9322916666666667,0.4960862005793904,True,True
retrieval,3,2,10,-0.0028946719508262837,-0.053969113484080566,-0.15334577753475317,0.046958572276938206,0.4375,0.8114572062622756,1.0,0.10657078481126367,0.09978239941431666,0.018856797582083636,0.18284108397623955,0.71875,0.9322916666666667,0.5285150870516518,False,False
retrieval,3,2,11,-1.1026461919619388,-1.0788457685263202,-1.315065218090201,-0.8382899728092489,0.03125,0.9999999997671694,1.0,-0.3985650373837092,-0.4421595957442995,-0.5483472584063355,-0.3236206031480275,0.15625,0.9322916666666667,3.753057519729798,False,False
retrieval,3,3,0,-2.4929856626593017,-2.7781419729041446,-3.255815642617812,-2.2443041684728424,0.0,1.0,1.0,1.6409695279455585,1.7237361457397555,1.3605575116620858,2.09225436729998,0.9375,0.9205729166666667,2.6522976972532883,False,False
retrieval,3,3,1,-2.3215003239076335,-2.229608772215571,-2.3519912602338797,-2.0912242576505977,0.0,1.0,1.0,-0.02590463515810954,-0.037038701864656826,-0.10360891204097601,0.026469512434710886,0.46875,0.9205729166666667,0.47789425062689356,False,False
retrieval,3,3,2,-1.8566987304042235,-1.8766563099890938,-2.1256458079296836,-1.646478223253768,0.0,1.0,1.0,1.037229763162641,0.9415309742605888,0.8090496300844455,1.0677027449843643,1.0,0.9205729166666667,0.8658209547199999,False,False
retrieval,3,3,3,0.2516519246630866,0.17988718657905836,0.010648464072998671,0.35136517566614206,0.625,0.10766357486136258,1.0,-0.04981572065318808,-0.13060347474110567,-0.19682797373226602,-0.05685452257811306,0.34375,0.9205729166666667,0.9654164372900839,True,False
retrieval,3,3,4,-1.4664767100038811,-1.5301320813269152,-1.7913949932121003,-1.2568181038898247,0.0,1.0,1.0,-0.10585170173966321,-0.2049036640713272,-0.36508441952501497,-0.058256621755231934,0.46875,0.9205729166666667,2.1553558067980765,False,False
retrieval,3,3,5,-2.6659188680926738,-2.7658482837536846,-2.986830582708392,-2.5115704349394057,0.0,1.0,1.0,-0.14606116438393243,-0.19385010037496103,-0.30755702538279095,-0.08999617768391399,0.34375,0.9205729166666667,1.6608149182259258,False,False
retrieval,3,3,6,-1.9860076796349775,-2.0032141228058995,-2.187877154088375,-1.8242245040714065,0.0,1.0,1.0,-0.6290530551149873,-0.6342321349063895,-0.715944950098792,-0.5482882317491593,0.0,0.9205729166666667,2.2027411177545266,False,False
retrieval,3,3,7,-0.11451283902927324,-0.17282295998140745,-0.38356768792266777,0.0455644122730554,0.34375,0.9749487701337785,1.0,-0.6217118330474458,-0.5834969943947657,-0.7356035514832593,-0.44745393367283526,0.0625,0.9205729166666667,3.278718346599954,False,False
retrieval,3,3,8,-2.3978378487263363,-2.409234630696863,-2.6558997409619955,-2.169025730774064,0.0,1.0,1.0,-0.7315670986844209,-0.7600711638116338,-0.848944771120971,-0.6781300475264266,0.0,0.9205729166666667,0.7475444792380902,False,False
retrieval,3,3,9,-1.6236811117795367,-1.55283894964468,-1.679411699166485,-1.401386024948039,0.0,1.0,1.0,-1.1963750399219277,-1.0736403715547151,-1.2005817171203235,-0.9392643091031179,0.0,0.9205729166666667,0.9048988432851837,False,False
retrieval,3,3,10,-0.7527137141595874,-0.771707002055815,-0.855199734394857,-0.6802773989356714,0.0,1.0,1.0,-0.30918468625410406,-0.27262301488016205,-0.3264848458652215,-0.21426670985153023,0.03125,0.9205729166666667,0.8754036346862698,False,False
retrieval,3,3,11,-2.2544962035726948,-2.3071225306799255,-2.515598332317027,-2.099718913552792,0.0,1.0,1.0,-0.40974523148519204,-0.4200978668381805,-0.49886065578736993,-0.33339905925464763,0.0,0.9205729166666667,1.0345835627099162,False,False
retrieval,3,4,0,-1.7957800021199564,-1.6810479986739464,-1.8923959285142602,-1.4501880810417271,0.0,1.0,1.0,0.2127573819909245,0.18201808084776927,0.06034346465496011,0.30586438142299577,0.65625,0.9166666666666667,0.8755910973372808,False,False
retrieval,3,4,1,-3.2961718747770057,-3.187035709716121,-3.3874921093502683,-2.9776165036274027,0.0,1.0,1.0,-0.4310217566793394,-0.3238945067276028,-0.4318172797861056,-0.21513609203873713,0.15625,0.9166666666666667,2.0189400483878055,False,False
retrieval,3,4,2,-3.16265705789771,-3.068025832475449,-3.277959808273687,-2.8335273966644112,0.0,1.0,1.0,-0.15849459615332023,-0.1433053163901568,-0.292303697758377,-0.0009989861489083241,0.34375,0.9166666666666667,1.8139368443999735,False,False
retrieval,3,4,3,-4.295556291801198,-4.115960642704842,-4.3918130968020535,-3.856350262720062,0.0,1.0,1.0,-0.6013188628281465,-0.6809125362018034,-0.7826011298297946,-0.5807023653758651,0.0625,0.9166666666666667,4.289004671125005,False,False
retrieval,3,4,4,-2.556973676179318,-2.5935108707978447,-2.886740737382153,-2.2825978746819544,0.0,1.0,1.0,-0.3561841847550872,-0.305696230910236,-0.41944604208594205,-0.1941641819692698,0.1875,0.9166666666666667,0.8438380686221157,False,False
retrieval,3,4,5,-1.4834948465405453,-1.3843318659934116,-1.6180668105273857,-1.1643149868407174,0.0,1.0,1.0,-0.37402703168706186,-0.440549997376337,-0.5712438801303246,-0.2920253714560567,0.09375,0.9166666666666667,2.4800354400063633,False,False
retrieval,3,4,6,-1.6666123926500587,-1.722754214177642,-1.8581991954956285,-1.583550350353336,0.0,1.0,1.0,-0.09116828300203936,-0.11373907460636523,-0.16373197550950708,-0.05448201971565012,0.1875,0.9166666666666667,0.5134830464848008,False,False
retrieval,3,4,7,-1.9828246998577348,-1.9869491982689185,-2.0982012406761914,-1.875120545870389,0.0,1.0,1.0,-0.2948428241738747,-0.2844590934038618,-0.3328916721005036,-0.23135223898488808,0.03125,0.9166666666666667,1.124408902662719,False,False
retrieval,3,4,8,0.5831392761964556,0.5361154898501268,0.3899988744404134,0.6796104713984946,0.875,9.650597348809242e-06,0.00040873118183192084,-0.3141073676152022,-0.30185796130007114,-0.3529905486896087,-0.2528824466503642,0.0,0.9166666666666667,0.5081336538482326,True,False
retrieval,3,4,9,0.5827047722879884,0.47906392577730034,0.1311986693395756,0.8227760195921718,0.71875,0.010030803503468633,0.26262467354536057,0.49336431590344676,0.4348911210164441,0.353318178322237,0.5121203260637193,0.9375,0.9166666666666667,0.3423082650414836,True,True
retrieval,3,4,10,-1.932161090327591,-2.028956191324297,-2.176960465047874,-1.8879767000907812,0.0,1.0,1.0,0.20808219629244734,0.20929036702996667,0.12387048210331078,0.29087725159893324,0.8125,0.9166666666666667,0.5430881270667672,False,False
retrieval,3,4,11,-1.7138496193274313,-1.7101287813648334,-1.8423744299196112,-1.581724208461265,0.0,1.0,1.0,-0.5306043665960554,-0.5171643023589886,-0.567992328245045,-0.4712656790052157,0.0,0.9166666666666667,1.3239860437839919,False,False
retrieval,3,5,0,-4.653965639391503,-4.5625315828511095,-4.797704411044415,-4.326136063719926,0.0,1.0,1.0,1.0192471677323915,0.9822348384065374,0.8602126681604502,1.0947489297247233,1.0,0.9166666666666667,1.2597204784796592,False,False
retrieval,3,5,1,-1.854303436893487,-1.786908123615874,-2.020222536754638,-1.5529786274299198,0.0,1.0,1.0,0.15351822710392488,0.1369275943083279,0.02099066069852185,0.2610914414440089,0.65625,0.9166666666666667,1.6471391819306602,False,False
retrieval,3,5,2,-2.2321118002259013,-2.142184678416858,-2.354324333555833,-1.926834598484182,0.0,1.0,1.0,-0.5853549762367614,-0.463466313477791,-0.5712958278477599,-0.3583188418878015,0.09375,0.9166666666666667,1.3435484013442252,False,False
retrieval,3,5,3,0.7451517359962538,0.7784977574350782,0.7056077138416774,0.8503932731086464,1.0,2.3283064365386963e-10,1.596552985055106e-08,0.22567180485592545,0.22843082000957504,0.19942400309472777,0.25809721690526627,1.0,0.9166666666666667,0.31711152371724144,True,True
retrieval,3,5,4,-1.1797140721043347,-1.2081245906127105,-1.365196448448215,-1.0581091327002927,0.0,1.0,1.0,-0.0016424280876004352,0.024879006619983123,-0.059142698688168883,0.10431359662316415,0.625,0.9166666666666667,0.5785493583088035,False,False
retrieval,3,5,5,-1.279582558179267,-1.2288498157170842,-1.3524780158239975,-1.1068895164725188,0.0,1.0,1.0,0.11182613620280892,0.14486747039941744,0.09425479891201732,0.1984932408780333,0.8125,0.9166666666666667,0.5462932261523049,False,False
retrieval,3,5,6,-2.486140350867685,-2.2997246488499647,-2.5429804081625544,-2.0579769205183185,0.0,1.0,1.0,0.48043822029413524,0.470549385712068,0.35114716045534633,0.5883507770289421,0.875,0.9166666666666667,1.0674683569108974,False,False
retrieval,3,5,7,-2.142651847626996,-2.2293133059426276,-2.518223857832757,-1.9240663023489284,0.0,1.0,1.0,0.42516792784919755,0.4008138248509167,0.33150981924349776,0.47435730178797697,0.96875,0.9166666666666667,1.510378101326829,False,False
retrieval,3,5,8,0.053683016113350496,0.01318193242768325,-0.12349680578754124,0.13310737614301216,0.59375,0.18854279373772442,1.0,-0.08798852476967475,-0.09365253651278296,-0.14843070915107726,-0.03865154005424085,0.3125,0.9166666666666667,0.7326974457466536,False,False
retrieval,3,5,9,-5.156969350989812,-5.1409620542552075,-5.257531798056967,-5.030339178007652,0.0,1.0,1.0,0.7253899671295506,0.7083195503958611,0.6295881370029632,0.7806759695409301,1.0,0.9166666666666667,0.9325316430891026,False,False
retrieval,3,5,10,-2.3402104705063675,-2.409822018999381,-2.5573224708464273,-2.267452357213949,0.0,1.0,1.0,-0.9080385928474792,-0.9225907787996305,-0.9662355727277693,-0.8777617725873755,0.0,0.9166666666666667,0.8098240651026128,False,False
retrieval,3,5,11,-1.7961998343660477,-1.8355972711002662,-1.9482126913411306,-1.727508510129831,0.0,1.0,1.0,0.8758760684087152,0.8224390114615326,0.7605812620381488,0.879993298567328,1.0,0.9166666666666667,1.1253454834512655,False,False
retrieval,3,6,0,-0.9574002007767721,-0.9597910639845091,-1.0664070642293098,-0.8517614931922837,0.0,1.0,1.0,0.0022760997498846094,0.022801228415839495,-0.04012006618342893,0.08040087089525703,0.65625,0.9205729166666667,0.6252785537389745,False,False
retrieval,3,6,1,-0.7662024917759775,-0.7615460388491404,-0.8772064710274232,-0.6296700453944573,0.0,1.0,1.0,0.1839918142455439,0.1604203806624216,0.12242327538483876,0.20224651916332934,0.9375,0.9205729166666667,1.0484861591224355,False,False
retrieval,3,6,2,-2.7235286549024766,-2.5875914312229398,-2.756795788917325,-2.3943325994474054,0.0,1.0,1.0,-1.1433635539793885,-1.0684633378357131,-1.142986340072485,-0.9914305419719451,0.0,0.9205729166666667,1.1931484285559517,False,False
retrieval,3,6,3,-0.5095071745994367,-0.5099775096286887,-0.5811197659010349,-0.44198982002956255,0.0,1.0,1.0,-0.2197460812857877,-0.2135194959682596,-0.25106493906744554,-0.17206758466203595,0.0,0.9205729166666667,0.5253261061845008,False,False
retrieval,3,6,4,-1.9641842298269423,-1.9392562528836041,-2.2362070856102894,-1.637472753395912,0.0,1.0,1.0,0.21925280371235387,0.15277749315987604,0.06798579752119555,0.25408450202956534,0.5625,0.9205729166666667,1.4671411197652144,False,False
retrieval,3,6,5,0.17253332955498646,0.1826486124462448,0.11397569503204236,0.256760619391369,0.8125,0.0002675263676792383,0.009172332606145315,0.5739130144562822,0.5320527342629249,0.48523529699536244,0.5774913909619276,1.0,0.9205729166666667,1.0706261983815708,True,True
retrieval,3,6,6,0.21220788877437183,0.2036957663523478,0.1407895604436142,0.2654943339680442,0.90625,1.2780074030160904e-06,6.134435534477234e-05,-0.03513375886026462,-0.047328589188546495,-0.08114125165933783,-0.012861666353700008,0.3125,0.9205729166666667,0.33023751562491177,True,False
retrieval,3,6,7,-0.5043366773096183,-0.5844318130565349,-0.7232686407889004,-0.42792123622524314,0.09375,0.9999998768325895,1.0,-0.5167576283282411,-0.45915644573686737,-0.5216245035672228,-0.39732919480168655,0.03125,0.9205729166666667,0.6499347537656874,False,False
retrieval,3,6,8,-1.0145742591524338,-1.0019404444372384,-1.075002219356492,-0.9225890938029079,0.0,1.0,1.0,-0.19122651198693846,-0.18514747490431,-0.21980020866371885,-0.14838006644562282,0.03125,0.9205729166666667,1.0846918039838085,False,False
retrieval,3,6,9,-1.0839911705476297,-1.0595289093711937,-1.2518499557954192,-0.873263701313962,0.0,1.0,1.0,0.07917560757538848,0.09649640369386511,0.01800287299799799,0.1747713231265371,0.71875,0.9205729166666667,0.6407568360742012,False,False
retrieval,3,6,10,-1.3535871675691649,-1.3227189188320527,-1.4556961834445852,-1.168424580254445,0.0,1.0,1.0,-0.13389608845924963,-0.16200777953631904,-0.2338321688077268,-0.09460962870591641,0.1875,0.9205729166666667,0.9515138408775643,False,False
retrieval,3,6,11,-0.7607019210491659,-0.6350451671073656,-1.0322843844797822,-0.21145940880549513,0.28125,0.99649981665425,1.0,-1.2745816594479942,-1.1957921105535365,-1.3726692710855553,-1.0218691144271006,0.0,0.9205729166666667,1.334646596966034,False,False
retrieval,3,7,0,-2.235018841154668,-2.3876372706998232,-2.6549345337289485,-2.144433371935106,0.0,1.0,1.0,0.2331322997622131,0.1677758406169414,0.04579315340118063,0.28529773282179943,0.625,0.9205729166666667,1.228763371533287,False,False
retrieval,3,7,1,-4.082921438515261,-4.265048192420693,-4.526866517639163,-4.008368661076268,0.0,1.0,1.0,-0.12612570009319207,-0.089523103982052,-0.17466646429357516,-0.0035562394976093765,0.3125,0.9205729166666667,0.96733671827448,False,False
retrieval,3,7,2,-1.016739978763742,-1.0006047729228524,-1.1025669019942064,-0.8954475817937048,0.0,1.0,1.0,-0.17179141745660303,-0.17581249956904704,-0.2132285225070644,-0.13517834701348233,0.03125,0.9205729166666667,0.5666486626929722,False,False
retrieval,3,7,3,-2.2902218685033984,-1.967306307585938,-2.3113959880797545,-1.5956291465301642,0.03125,0.9999999997671694,1.0,0.320751042156048,0.30822857699214534,0.15505327719565337,0.4557677739631351,0.75,0.9205729166666667,1.2980868613653516,False,False
retrieval,3,7,4,-2.6216661033452895,-2.578525610962922,-2.8509989900887294,-2.2966323159939446,0.0,1.0,1.0,0.15915785133013802,0.1447899437251079,0.0691751274141885,0.2103987564220268,0.78125,0.9205729166666667,1.0192684354241135,False,False
retrieval,3,7,5,-1.484784958539458,-1.494584204859839,-1.645923113078664,-1.3474552787957983,0.0,1.0,1.0,0.2797849221056551,0.2783487728225077,0.20504409093698908,0.3481813315261039,0.9375,0.9205729166666667,1.5419371666180108,False,False
retrieval,3,7,6,-1.5902927367945217,-1.7315531220146085,-1.8303017231582552,-1.6240909813833144,0.0,1.0,1.0,0.4400394819064716,0.43633523194199675,0.3462620503063267,0.5272829481260531,0.90625,0.9205729166666667,1.209353330701819,False,False
retrieval,3,7,7,-4.0137547977991135,-4.159545661893324,-4.390482874114103,-3.9056212508085038,0.0,1.0,1.0,1.2060108609065514,1.07854184515931,0.9607848450476899,1.1967492414425944,1.0,0.9205729166666667,0.688657164946619,False,False
retrieval,3,7,8,-3.6425497514998435,-3.6634110532013366,-3.9519345807531097,-3.408897997832828,0.0,1.0,1.0,0.10509026414817821,0.09415600590674078,-0.00451848074674659,0.18091027485639313,0.625,0.9205729166666667,0.6437930153872754,False,False
retrieval,3,7,9,-1.6582175975291171,-1.7370416918688454,-1.9306945282936716,-1.5430999063382136,0.0,1.0,1.0,0.4572113958243279,0.423677716417898,0.3677753299942155,0.4868520855673594,1.0,0.9205729166666667,0.9807315645758864,False,False
retrieval,3,7,10,0.006337126798494656,0.03981895554687405,-0.036821407072139115,0.11134739981388,0.65625,0.055092082591727376,1.0,0.2596858948510402,0.28371132198314947,0.23319108020764273,0.32989827442375974,1.0,0.9205729166666667,0.5140274273124347,False,False
retrieval,3,7,11,-1.83307186809987,-1.797076364125421,-1.8809223488923272,-1.7244075548786186,0.0,1.0,1.0,0.024645277696872334,0.03551129544430809,-0.017163766705080876,0.08599757862435464,0.625,0.9205729166666667,1.587707904100277,False,False
retrieval,3,8,0,-3.4515529330144603,-3.5329276997314514,-3.886932361309293,-3.189228550619643,0.0,1.0,1.0,0.44762633248455813,0.3802910660479271,0.26262992390382284,0.5105507828881913,0.84375,0.9205729166666667,0.8291146210349389,False,False
retrieval,3,8,1,-4.982893468142613,-4.971869078362179,-5.319692858436945,-4.632611930138148,0.0,1.0,1.0,0.8950487839552692,0.8561958783300894,0.7705878589851368,0.9444112357965355,1.0,0.9205729166666667,1.249379890473167,False,False
retrieval,3,8,2,-0.523090905063762,-0.49303864204129566,-0.6819596075255713,-0.30892723245023707,0.15625,0.9999903494026512,1.0,0.18933127257823779,0.18548040819496897,0.12278860521963911,0.2465126345438904,0.90625,0.9205729166666667,0.4260399747083209,False,False
retrieval,3,8,3,-1.896871470659294,-2.0446605130722166,-2.2407083839833017,-1.841328493308272,0.0,1.0,1.0,0.4354759708799407,0.3783536795653738,0.2548929057640668,0.5066202052054418,0.8125,0.9205729166666667,1.061229042028398,False,False
retrieval,3,8,4,-1.8121778752002056,-1.9696409063711695,-2.2826058131984377,-1.6486652697106532,0.03125,0.9999999997671694,1.0,-0.12677550733466217,-0.17855945481203217,-0.3806372531227126,0.027428564128031237,0.34375,0.9205729166666667,1.3002386425960633,False,False
retrieval,3,8,5,-3.5131073658528003,-3.4234033686226812,-3.619287415611962,-3.211188157194298,0.0,1.0,1.0,0.38137811464592264,0.3253595889415335,0.19077712117438722,0.45944790442184985,0.8125,0.9205729166666667,1.248190681753165,False,False
retrieval,3,8,6,1.6568759096615866,1.7081525657014704,1.5122146364078581,1.90627599162756,1.0,2.3283064365386963e-10,1.596552985055106e-08,-0.005643299882916179,0.024306794342238258,-0.023731712288621608,0.0722850296219633,0.59375,0.9205729166666667,0.7399744342638671,True,False
retrieval,3,8,7,-3.1072271825077227,-3.106497671596871,-3.3378302910294613,-2.888350312019602,0.0,1.0,1.0,0.2521014716595976,0.26751302810864974,0.1873326707911426,0.33719367967194697,0.90625,0.9205729166666667,0.5756705805590888,False,False
retrieval,3,8,8,-3.0068991541486465,-3.105913771085353,-3.424354097205846,-2.7978275408414777,0.0,1.0,1.0,0.5140655163549424,0.49677158416781836,0.4451175723128245,0.5463752098804937,1.0,0.9205729166666667,1.0011477284562609,False,False
retrieval,3,8,9,-1.1217299881022262,-1.0971800303110764,-1.2271697542519155,-0.9622430795765574,0.0,1.0,1.0,-0.06435319492053679,0.010574482356469244,-0.04625075989221252,0.06746623153372293,0.5,0.9205729166666667,0.4573085721144465,False,False
retrieval,3,8,10,-3.0889968563624013,-3.2470822672149997,-3.6362767738571296,-2.81527379262286,0.0,1.0,1.0,0.8316448499022673,0.6450855876364932,0.45059169373087676,0.8576251822920409,0.84375,0.9205729166666667,0.9988522715437392,False,False
retrieval,3,8,11,-5.6649718775429045,-5.798364024108357,-6.0618100886020425,-5.514660986471321,0.0,1.0,1.0,1.017416000046457,0.9847924102238728,0.8793486264182037,1.1121848731631478,1.0,0.9205729166666667,1.3510174134570232,False,False
retrieval,3,9,0,-1.3951363592698223,-1.5309116207340856,-1.754260228663169,-1.3266290727947767,0.0,1.0,1.0,0.37304816688662024,0.3866981831361477,0.3135315691295396,0.45981388826189723,1.0,0.9192708333333334,1.063711145353334,False,False
retrieval,3,9,1,-0.6385150726710922,-0.6437470764152955,-0.7406855702739679,-0.5503170792847315,0.0,1.0,1.0,0.03657693106609747,0.08265097795498819,0.03937222123796509,0.12500970401454134,0.75,0.9192708333333334,0.3815456970107894,False,False
retrieval,3,9,2,-0.5165771923694975,-0.5603578764617538,-0.8004250470461657,-0.3191486414607616,0.1875,0.9999434628989547,1.0,0.5399297508217168,0.5373860319643458,0.47737700933203187,0.5964193537320462,1.0,0.9192708333333334,1.460964113422714,False,False
retrieval,3,9,3,-1.798582984788255,-1.7794704413263558,-2.0407950960348997,-1.5173854512314093,0.0,1.0,1.0,-0.43072707318160164,-0.4672636229663879,-0.5372090827313845,-0.3992937741410788,0.03125,0.9192708333333334,1.2212485335323582,False,False
retrieval,3,9,4,-1.8701489711139132,-1.914166836018041,-2.097823939771654,-1.7067831511208913,0.0,1.0,1.0,0.38512639966075035,0.34771439062456155,0.25648260791124416,0.42800023771360945,0.875,0.9192708333333334,0.5907671342776163,False,False
retrieval,3,9,5,-0.6175621820199368,-0.6756819737279336,-0.8202877415505779,-0.5600957749064814,0.0,1.0,1.0,0.10009096124410234,0.14894879215439938,0.09614868747036537,0.19888277558680642,0.78125,0.9192708333333334,0.8566608845479221,False,False
retrieval,3,9,6,-1.798324254029696,-1.7497458086451347,-2.006798781694467,-1.4841706050593777,0.0,1.0,1.0,-0.5008128172500621,-0.4856613008075671,-0.5446580749897919,-0.42602854783752225,0.03125,0.9192708333333334,2.1023548920563426,False,False
retrieval,3,9,7,-3.143974676129919,-3.1391777772039657,-3.307948975555036,-2.982259776271769,0.0,1.0,1.0,0.38837144539834606,0.346085875474077,0.29032306448568657,0.402659809965386,1.0,0.9192708333333334,0.8063977487132339,False,False
retrieval,3,9,8,-2.6025390982682506,-2.5424295454821646,-2.7845427842692514,-2.2882942251998455,0.0,1.0,1.0,-0.20137682252501926,-0.1592574926080721,-0.28167693479154016,-0.05554879439183862,0.375,0.9192708333333334,1.8723968911055149,False,False
retrieval,3,9,9,-2.2454996274228476,-2.3980207061351955,-2.6237962516089692,-2.1691684934736317,0.0,1.0,1.0,0.5608650313937285,0.5166320040533154,0.411784889830272,0.6046239172042582,0.96875,0.9192708333333334,0.9362888546466658,False,False
retrieval,3,9,10,-1.281764651162463,-1.2965576139596862,-1.4190947520931343,-1.1816211991162096,0.0,1.0,1.0,0.38462649146650596,0.36783701331666574,0.3278845097047723,0.40686697793085336,1.0,0.9192708333333334,2.356028123900783,False,False
retrieval,3,9,11,-0.28715322765091367,-0.2735091154779521,-0.36016730933194147,-0.18900106075574163,0.1875,0.9999434628989547,1.0,-0.1419712354773754,-0.08572236949453,-0.15396591085597458,-0.029139512986125396,0.375,0.9192708333333334,0.728985388089747,False,False
retrieval,3,10,0,-2.197601588111608,-2.1424155603995985,-2.274398548771171,-2.013360236915635,0.0,1.0,1.0,0.7284439497857813,0.7343261762508133,0.6430383858680764,0.8139144030018515,1.0,0.9192708333333334,0.5885651437761863,False,False
retrieval,3,10,1,-1.650632198594221,-1.7546314789173403,-1.978460297070118,-1.5379496354623547,0.0,1.0,1.0,-0.44870299181879403,-0.48627932907040855,-0.5505380757153516,-0.42309208568521806,0.0,0.9192708333333334,0.9964011389116539,False,False
retrieval,3,10,2,-1.5439521159656846,-1.527092471507446,-1.6228178398277846,-1.433567785448425,0.0,1.0,1.0,-0.29607131721060487,-0.2771600927964838,-0.3348890490737469,-0.21830267156898944,0.0625,0.9192708333333334,1.0035988610883462,False,False
retrieval,3,10,3,-1.0794145248400555,-1.140043706079726,-1.2841099671429754,-1.007958854778783,0.0,1.0,1.0,-0.059826350321908195,-0.009472009253646923,-0.07323922407447098,0.051418917631585376,0.5,0.9192708333333334,0.56438937145841,False,False
retrieval,3,10,4,-0.0999525280877244,-0.13882980807022988,-0.3149720594548156,0.04738813250843482,0.28125,0.99649981665425,1.0,-0.029446343059060638,-0.016937276322737865,-0.05774443291390063,0.026149683015928595,0.4375,0.9192708333333334,1.8126575102515978,False,False
retrieval,3,10,5,-0.9409384931010693,-0.941297140082324,-1.1163478479311,-0.7841876200172724,0.0,1.0,1.0,-0.08077754190327227,-0.10713161747514571,-0.1495333689424155,-0.06493851573739408,0.21875,0.9192708333333334,1.449152129982589,False,False
retrieval,3,10,6,-1.2518069093682467,-1.1434214229018678,-1.29682730637593,-0.9996968188981864,0.0,1.0,1.0,-0.36751078290940886,-0.3041506385172933,-0.36392583090155206,-0.24737068066713142,0.03125,0.9192708333333334,0.46726477671240646,False,False
retrieval,3,10,7,-0.09844491638219177,-0.06175233525414477,-0.13619341102440816,0.006459181752886283,0.34375,0.9749487701337785,1.0,-0.035535502527897216,0.001011726512218012,-0.04824745649301162,0.043164843915500684,0.59375,0.9192708333333334,0.3562607872605632,False,False
retrieval,3,10,8,0.07674447617735972,0.13293711624005505,0.03867488092575121,0.23112580837244176,0.71875,0.010030803503468633,0.26262467354536057,-0.1038712294682301,-0.03744493904422034,-0.11364893341014597,0.03719043053848144,0.4375,0.9192708333333334,0.21043974439117444,True,False
retrieval,3,10,9,-0.697027069826704,-0.6743832272269293,-0.7597477693584838,-0.5901439709349913,0.0,1.0,1.0,-0.010027940645689442,-0.010400758226377798,-0.061300487539856605,0.047828002443831966,0.34375,0.9192708333333334,1.390141948157415,False,False
retrieval,3,10,10,-1.8834379114731674,-2.0036078811723304,-2.2512079564445764,-1.748129833916556,0.0,1.0,1.0,-0.5996448368627346,-0.6287698948567596,-0.7172709761719305,-0.543097961508036,0.0,0.9192708333333334,1.1434697975096855,False,False
retrieval,3,10,11,-1.8255633029409564,-1.8559656341681339,-2.010997550558545,-1.7046665621061794,0.0,1.0,1.0,0.43842386871978345,0.42573449100071786,0.37445722607795656,0.4721413287348309,1.0,0.9192708333333334,1.4744238525202884,False,False
retrieval,3,11,0,-1.9567864517115887,-1.9456389211767173,-2.1227568894951694,-1.7708061889770392,0.0,1.0,1.0,-0.044810419428267426,-0.028524320609888784,-0.07229255428563891,0.014526506168442737,0.40625,0.9205729166666667,1.466332810949248,False,False
retrieval,3,11,1,-1.4187525477831715,-1.5705605329218735,-1.8812187402675131,-1.2441698568628663,0.125,0.999998721992597,1.0,0.3066320056116324,0.31936212339636416,0.2660773258888365,0.3858787562062723,1.0,0.9205729166666667,1.2043565631702549,False,False
retrieval,3,11,2,-0.7953226405226418,-0.8409053564500262,-0.9423774063126125,-0.7378907021712486,0.0,1.0,1.0,0.11871125973157938,0.12407440959498273,0.07373743936166487,0.1760292596754323,0.78125,0.9205729166666667,1.0533133597401922,False,False
retrieval,3,11,3,-2.271379194720174,-2.25227358029337,-2.4440994683715207,-2.0625432486332964,0.0,1.0,1.0,0.1548489167785332,0.17197481833854034,0.09547073830601743,0.25419450608457955,0.8125,0.9205729166666667,0.9466866402598076,False,False
retrieval,3,11,4,-1.6561935030548227,-1.6168495289477796,-1.7665118899346,-1.4762423486401453,0.0,1.0,1.0,0.22976433357677958,0.15547321260227315,0.0693477879895791,0.24418638302828993,0.78125,0.9205729166666667,2.6504124213990914,False,False
retrieval,3,11,5,-2.341883641155892,-2.3325482609189585,-2.524486546246616,-2.153845423701998,0.0,1.0,1.0,-0.17913714411752013,-0.1704333584988485,-0.22213467899335226,-0.12234408964795916,0.09375,0.9205729166666667,0.897826281508202,False,False
retrieval,3,11,6,-1.6617723772803403,-1.6979423071898367,-1.9389156702176025,-1.4670559047155207,0.0,1.0,1.0,0.25719270556821267,0.25297492631840335,0.2014532131652187,0.3083450279205172,0.96875,0.9205729166666667,1.2289923310924271,False,False
retrieval,3,11,7,-1.4739606648674317,-1.551731779693673,-1.6801394227628725,-1.415076065537832,0.0,1.0,1.0,0.5721881555252477,0.5877288071085043,0.5364729698621805,0.6429286024956556,1.0,0.9205729166666667,1.1972085925688412,False,False
retrieval,3,11,8,-0.7525388455744616,-0.6713396040933696,-0.7804292470457643,-0.552187813147003,0.03125,0.9999999997671694,1.0,-0.2601665541789778,-0.22085481592658276,-0.266026022340865,-0.174409455516125,0.0625,0.9205729166666667,0.31310667508839174,False,False
retrieval,3,11,9,-2.03970011941664,-2.0651336713114947,-2.403736119055866,-1.7226012533665136,0.0625,0.9999999923165888,1.0,0.12702225362298553,0.27628401357205695,0.17703814360943307,0.37263435760302516,0.71875,0.9205729166666667,0.7125249388978975,False,False
retrieval,3,11,10,0.12600020863798767,0.13815638385446677,0.07670791824556901,0.20260172084997133,0.78125,0.0010512007866054773,0.032207002823657176,-0.0245560227768421,0.001277571876522404,-0.06344991305872846,0.06051608775185583,0.5,0.9205729166666667,0.6824817099109646,True,False
retrieval,3,11,11,-0.6173591112463086,-0.60759997418015,-0.7101453061051978,-0.5099605369886336,0.0,1.0,1.0,-0.16285382887409822,-0.13632357607043788,-0.18965254577504057,-0.0861873553286708,0.125,0.9205729166666667,0.5589283713655339,False,False
retrieval,3,12,0,-2.4432884374170323,-2.5004894737117045,-2.7870354040573027,-2.254978118090978,0.0,1.0,1.0,0.5709551404478515,0.4654483896345365,0.3526490832570465,0.5723875214109938,0.90625,0.91796875,1.7434245954032557,False,False
retrieval,3,12,1,-1.3075060220798425,-1.3089887940651357,-1.4095751767047169,-1.2217331594747005,0.0,1.0,1.0,0.19784168848492484,0.21060200230531395,0.16165701921776374,0.25928858638425123,0.875,0.91796875,1.3321379903108472,False,False
retrieval,3,12,2,-2.2454429523400083,-2.376782296103202,-2.6344495112555046,-2.1168943431431337,0.0,1.0,1.0,0.7313527521955423,0.6017963269572784,0.4598147712560958,0.739709599062951,0.9375,0.91796875,0.9733036433654734,False,False
retrieval,3,12,3,-0.3880638843505378,-0.3752887228304592,-0.5041891279159622,-0.24656408299262098,0.09375,0.9999998768325895,1.0,-0.07993446932416365,-0.06010554810629266,-0.11410019797333928,-0.0027102918868975646,0.3125,0.91796875,0.4251292356620956,False,False
retrieval,3,12,4,-0.5187155749875334,-0.5522980652232397,-0.631588509174568,-0.4726916446692837,0.0,1.0,1.0,-0.2702118127913488,-0.24886677808030128,-0.29900602403929727,-0.20181337772814675,0.0625,0.91796875,0.8468761066436574,False,False
retrieval,3,12,5,0.0477296545605287,0.025748778405046472,-0.06529114998325583,0.10990536056234677,0.5625,0.29830744792707264,1.0,-0.06488800321498865,-0.02977814041337519,-0.0699974015677861,0.01240568745955701,0.40625,0.91796875,0.7371316634620853,False,False
retrieval,3,12,6,-3.5387673835446605,-3.6137836346141143,-3.9073447528881617,-3.325883571590063,0.0,1.0,1.0,0.3653571632970536,0.31460183723293256,0.2279070782062945,0.3976555309749022,0.875,0.91796875,1.0266963566345269,False,False
retrieval,3,12,7,-3.48138947972278,-3.444166226656883,-3.6479590389322976,-3.248937811194186,0.0,1.0,1.0,0.6977445325935102,0.6731318175714768,0.5720199854064876,0.7663932499385692,0.9375,0.91796875,1.4236766362734197,False,False
retrieval,3,12,8,-2.2058739161186867,-2.4185493332264976,-2.679557256983963,-2.1677797705874537,0.0,1.0,1.0,1.8980513436661508,1.8125140648639324,1.6241525567673187,2.008814647884966,1.0,0.91796875,0.9019497185868881,False,False
retrieval,3,12,9,-2.8489807024643037,-2.9199851629058635,-3.1415665434915128,-2.700270607944452,0.0,1.0,1.0,0.2910360549498919,0.27614108838938856,0.20762588611767224,0.3507615898630473,0.90625,0.91796875,0.5661456337588786,False,False
retrieval,3,12,10,-1.7771938052278704,-1.6182714150126984,-1.7742366620973606,-1.4597887288045008,0.0,1.0,1.0,-0.0944483924966878,-0.0599195974924532,-0.14232784124750658,0.021623207545016013,0.4375,0.91796875,1.049064208278509,False,False
retrieval,3,12,11,-1.7954636507697825,-1.9120000386804232,-2.1306650092194332,-1.6936846756118162,0.0,1.0,1.0,0.4534174552312217,0.45473489649230636,0.40047028818273095,0.5039998593596939,1.0,0.91796875,1.0464849079109604,False,False
retrieval,3,13,0,-0.9873426206481076,-1.0279913319721234,-1.2635320733742441,-0.8047899914067604,0.0625,0.9999999923165888,1.0,0.03199377430248383,-0.008765459622213326,-0.06672875920924869,0.04998312530190137,0.5,0.9166666666666667,1.2183022922464466,False,False
retrieval,3,13,1,-2.1693232698426637,-2.196656761897602,-2.4014954889161766,-1.998479553152072,0.0,1.0,1.0,-0.3935307041975429,-0.36715479026813913,-0.4265560854274448,-0.30226220201592396,0.03125,0.9166666666666667,0.7801225302337287,False,False
retrieval,3,13,2,-1.0675162381254504,-1.014087319799987,-1.1009752347948831,-0.921293575535292,0.0,1.0,1.0,-0.040779730494312195,0.05235927045427781,-0.0010584274477094262,0.1109299267929284,0.71875,0.9166666666666667,1.13847893040846,False,False
retrieval,3,13,3,-0.7957569496342973,-0.7926773069146584,-0.8861498359779697,-0.7149219055720551,0.0,1.0,1.0,0.4933385622209554,0.4945067025342121,0.4582751945632449,0.5315022270762625,1.0,0.9166666666666667,0.5187125978218546,False,False
retrieval,3,13,4,-0.7411054832271334,-0.7581998392341043,-0.831050708550921,-0.6833891643007167,0.0,1.0,1.0,0.2596148581878096,0.268377279773112,0.2394001367950758,0.2993322193361735,1.0,0.9166666666666667,0.7416825771992608,False,False
retrieval,3,13,5,-1.5540007643849776,-1.626349407886172,-1.8939307428979486,-1.3670167683504313,0.0,1.0,1.0,0.3242272685866588,0.2704243600678249,0.19886857855266105,0.3451842036120182,0.9375,0.9166666666666667,1.5536182006581811,False,False
retrieval,3,13,6,-0.7814310293340754,-0.7533205039458599,-0.8098340610818529,-0.6945467271582569,0.0,1.0,1.0,0.26876757376485905,0.2630238088880637,0.2215779216179191,0.30406118018231615,1.0,0.9166666666666667,0.9879618458169219,False,False
retrieval,3,13,7,-1.5641811943257289,-1.6945084842515568,-1.89731623326541,-1.4946672284409432,0.0,1.0,1.0,0.19300561591607598,0.21389617641841202,0.16346627832022076,0.2609808463384161,0.90625,0.9166666666666667,1.0120381541830779,False,False
retrieval,3,13,8,-1.7992196132941323,-1.8685157937199086,-2.0444152498038313,-1.6748687932872501,0.0,1.0,1.0,-0.021698630781361288,0.01577617538012613,-0.02277466178792474,0.05841831939344499,0.59375,0.9166666666666667,0.5381215888196003,False,False
retrieval,3,13,9,-2.145539493285594,-2.1762824731641417,-2.3700386465749417,-1.9342463896349738,0.0,1.0,1.0,0.40043742157677825,0.358713539405655,0.2802298736687926,0.4243685417306704,0.9375,0.9166666666666667,1.0551458677650747,False,False
retrieval,3,13,10,-0.7178615344669617,-0.7568566247553347,-0.8577786369321969,-0.6595249364139236,0.0,1.0,1.0,0.0007918222390363985,0.041762749786086656,-0.008148439871319675,0.09844407022985291,0.59375,0.9166666666666667,0.9816348716942783,False,False
retrieval,3,13,11,-1.709412040734936,-1.7523116202210232,-1.8773555443909493,-1.620321988542945,0.0,1.0,1.0,0.4317025038364397,0.4041591718566821,0.33364110556517246,0.46897300662962765,0.9375,0.9166666666666667,1.7800336155373144,False,False
retrieval,3,14,0,-1.9055617628162573,-1.9485902589846646,-2.1425389329631996,-1.7433508119854968,0.0,1.0,1.0,0.5300872319987897,0.481021568922296,0.38155369575786735,0.5829668355986015,0.9375,0.9166666666666667,1.1418813636548657,False,False
retrieval,3,14,1,-1.6723824271348515,-1.6615683231487053,-1.7602020325021264,-1.5569006579887126,0.0,1.0,1.0,-0.022801223355268758,0.013259928353058267,-0.021444119389016643,0.050794448847711414,0.53125,0.9166666666666667,1.1826973807314949,False,False
retrieval,3,14,2,-1.2037079107717932,-1.2406358303656362,-1.365517439238117,-1.1135498250182663,0.0,1.0,1.0,-0.2447574747311615,-0.2206791839664771,-0.24781901677599968,-0.19311139615009798,0.0,0.9166666666666667,0.7265899038528016,False,False
retrieval,3,14,3,-2.941907123916756,-3.0228600603637275,-3.1963471452544887,-2.859229898450617,0.0,1.0,1.0,0.5810745407601143,0.5643277062617238,0.4866564553979103,0.6441650830588224,0.96875,0.9166666666666667,0.9947738115900546,False,False
retrieval,3,14,4,-2.3917226910012848,-2.379995788445059,-2.5485267204888324,-2.2057364509851536,0.0,1.0,1.0,0.2341675564683049,0.27250822738560654,0.19143611291952353,0.36065841772577595,0.84375,0.9166666666666667,1.0338071712689338,False,False
retrieval,3,14,5,-2.802606966341883,-2.88726140409419,-3.1059852309632023,-2.666233057607395,0.0,1.0,1.0,0.3882711112491346,0.3787063223270773,0.2904896384453761,0.4668629667417386,0.875,0.9166666666666667,0.7540371772621122,False,False
retrieval,3,14,6,-1.0474356661587612,-1.1099581730590877,-1.207855483400594,-1.013701519655262,0.0,1.0,1.0,-0.12738280728522416,-0.13654415159402453,-0.17716765831642184,-0.09722478047729884,0.0625,0.9166666666666667,0.4573647160897592,False,False
retrieval,3,14,7,-1.5391000141884283,-1.5555299880802855,-1.7090611918185667,-1.4051700070670665,0.0,1.0,1.0,0.06723266868144118,0.07557798100940591,0.04247387544949414,0.11222855484810991,0.78125,0.9166666666666667,0.9773242679322214,False,False
retrieval,3,14,8,-2.750953776136986,-2.7792817853581475,-2.9639670111605088,-2.590445546438962,0.0,1.0,1.0,0.4237193459998002,0.3646101473721819,0.24862998668459724,0.46904034777845705,0.90625,0.9166666666666667,1.1932386646138429,False,False
retrieval,3,14,9,-0.27369481594191586,-0.22733494410893593,-0.2820636086556539,-0.1707779375107221,0.09375,0.9999998768325895,1.0,0.09393931096171011,0.13676051041463338,0.1063096724080533,0.1698428997932653,0.96875,0.9166666666666667,0.8007364544743265,False,False
retrieval,3,14,10,-3.0240128848776497,-3.0611277470693343,-3.1897518590325578,-2.951668820792305,0.0,1.0,1.0,0.25337193480002906,0.2110933946352514,0.14213217873685466,0.2798054890768528,0.90625,0.9166666666666667,1.0052261884099452,False,False
retrieval,3,14,11,-0.8236415180672878,-0.866198283649292,-0.9684305486659484,-0.756981041537476,0.0,1.0,1.0,0.02213188979438089,0.04387318350523549,-0.008093704916640106,0.09591706793848637,0.65625,0.9166666666666667,1.5754946889738375,False,False
retrieval,3,15,0,-0.8868273764306683,-0.8789122500086631,-0.9481701992238494,-0.8089507367493098,0.0,1.0,1.0,0.0731885625865556,0.11329841800847694,0.07521961101795724,0.15328591285552218,0.875,0.9166666666666667,0.9219621253727621,False,False
retrieval,3,15,1,-1.222450963084768,-1.2362948270196747,-1.4803677205133263,-0.9701430091047473,0.09375,0.9999998768325895,1.0,0.199127566018089,0.18397264264349386,0.13102650185554834,0.23283166266789657,0.8125,0.9166666666666667,1.5266023527328954,False,False
retrieval,3,15,2,-1.4253154812567912,-1.4605039704224865,-1.6545071489196026,-1.2505943077222876,0.0,1.0,1.0,-0.23595911486630683,-0.2813964784783879,-0.3475605812578033,-0.21708959230051583,0.09375,0.9166666666666667,1.4043294183684265,False,False
retrieval,3,15,3,-0.8949049279352126,-0.8993962914333434,-0.9915233780945407,-0.8036265335541253,0.0,1.0,1.0,-0.29972519804300335,-0.2531398898482452,-0.31268955443893415,-0.19764026380247607,0.0625,0.9166666666666667,1.0780378746272377,False,False
retrieval,3,15,4,-1.6391724696434635,-1.6478318274933266,-1.8979769765019692,-1.3922172746560504,0.0,1.0,1.0,0.26997095679086913,0.24061394870941566,0.18200436410227014,0.30281505252860935,0.90625,0.9166666666666667,1.3457748250761326,False,False
retrieval,3,15,5,-1.3481322744280928,-1.4023026047158358,-1.5561540619375187,-1.242931441153535,0.0,1.0,1.0,0.06309923792857805,0.11220272995283344,0.06356469442844045,0.15956068434801912,0.84375,0.9166666666666667,1.4810474548930375,False,False
retrieval,3,15,6,-0.6913184966237803,-0.7109411845831346,-0.796794282920518,-0.6268421235243267,0.0,1.0,1.0,-0.11277518908117266,-0.10757654429524462,-0.13688693584211561,-0.07931153200576929,0.0625,0.9166666666666667,0.7436554460993733,False,False
retrieval,3,15,7,-0.9511357912639702,-0.9242351131772233,-1.033380195277947,-0.8111566567455258,0.0,1.0,1.0,-0.3565483645352201,-0.3233662855436029,-0.3646010355304464,-0.2841170899323785,0.0,0.9166666666666667,1.3559852782882282,False,False
retrieval,3,15,8,-1.0182184793215319,-1.0425155394197634,-1.17792023408065,-0.8877201908977872,0.0,1.0,1.0,0.23307162508543594,0.1978950988728962,0.15684965680226506,0.24164779857629914,0.96875,0.9166666666666667,0.6017042707919188,False,False
retrieval,3,15,9,-0.5183962787439711,-0.47666134534916965,-0.5935299072845184,-0.3425758205488014,0.0625,0.9999999923165888,1.0,0.1910907317557097,0.16600456599781593,0.09687094840415293,0.2400166222468362,0.71875,0.9166666666666667,0.753257816839732,False,False
retrieval,3,15,10,-1.183963297386014,-1.2138446802912657,-1.3353343115129068,-1.0969063368341787,0.0,1.0,1.0,-0.2330444503534399,-0.1988185041703992,-0.2425475800141774,-0.15706759322446662,0.09375,0.9166666666666667,0.7437150488138649,False,False
retrieval,3,15,11,-2.0549680991533528,-1.9498923432293398,-2.07590224312502,-1.8218462289706787,0.0,1.0,1.0,-0.019603588230472035,-0.013289718424737182,-0.057325062110690536,0.02997619144800006,0.46875,0.9166666666666667,0.45018821177539264,False,False
retrieval,3,16,0,-2.6937491767671515,-2.772962623050087,-3.131770854337848,-2.4476355427069487,0.0,1.0,1.0,-0.12738487103764606,-0.1930083880583226,-0.2573689848059474,-0.13619405597047293,0.15625,0.91796875,1.17157766426316,False,False
retrieval,3,16,1,-1.3690835646805193,-1.3365611484354196,-1.494841764018242,-1.1744400391904057,0.0,1.0,1.0,-0.650382541316971,-0.6132168941433132,-0.6640967688442464,-0.5605659054667731,0.0,0.91796875,0.6980647734238798,False,False
retrieval,3,16,2,-4.071490695253868,-3.890970553175756,-4.152061660984789,-3.621724124833172,0.0,1.0,1.0,0.217267984331245,0.23924328361973654,0.027296982361384954,0.42559508264714946,0.75,0.91796875,1.9707520418983067,False,False
retrieval,3,16,3,-0.652208450555364,-0.6303759885487747,-0.6936400975711832,-0.5763252192079555,0.0,1.0,1.0,-0.12410664128274781,-0.10342404054835078,-0.13232470709363997,-0.07199678426056723,0.21875,0.91796875,0.934013124243668,False,False
retrieval,3,16,4,-1.5737637949452292,-1.6557401641130922,-1.8485714046882713,-1.4518771425970383,0.0,1.0,1.0,0.2748479360983463,0.29292656059664746,0.23043346355230085,0.35417198617286927,0.96875,0.91796875,1.0857927240609586,False,False
retrieval,3,16,5,-3.019894489167147,-2.947210565646496,-3.190120424815014,-2.7077932302699277,0.0,1.0,1.0,-0.2376423993740342,-0.24520215803681605,-0.28481944735262754,-0.20132039618422468,0.0,0.91796875,0.614461017516049,False,False
retrieval,3,16,6,-2.338065769709492,-2.342569865154972,-2.4750066916152744,-2.2048470007261454,0.0,1.0,1.0,0.2649495107652864,0.2728813767581646,0.17846252249270514,0.35781681562561957,0.78125,0.91796875,1.4809005787190401,False,False
retrieval,3,16,7,-1.0330793378077017,-1.0479043513243127,-1.136186164581529,-0.954841062222786,0.0,1.0,1.0,-0.04939978174230823,-0.0017053112202735504,-0.04607417190280448,0.043915634680068906,0.4375,0.91796875,0.833308516251243,False,False
retrieval,3,16,8,-2.8030850468433393,-2.84066625273081,-2.9879524994107736,-2.696032824665646,0.0,1.0,1.0,0.16289878259509122,0.17274673570478,0.12760834080683756,0.21776206876229706,0.875,0.91796875,0.7802359775234076,False,False
retrieval,3,16,9,-4.661808667725717,-4.4122389494170635,-4.72753786456008,-4.058684262666976,0.0,1.0,1.0,0.2502123061747722,0.26137889295714745,0.16725663947482225,0.35025125385300937,0.78125,0.91796875,1.167622396661397,False,False
retrieval,3,16,10,-0.8185690214255102,-0.8147528421808212,-0.9084518902719345,-0.7135733508161709,0.0,1.0,1.0,-0.2078788783521917,-0.1917222638028117,-0.23582242643828058,-0.1527027810780303,0.0625,0.91796875,1.0659868757563318,False,False
retrieval,3,16,11,-1.0413788060299636,-1.158006148209263,-1.2816141107344818,-1.0390856281247773,0.0,1.0,1.0,0.08258080894736308,0.12148254719092741,0.07067588997009078,0.16848107154915457,0.875,0.91796875,0.13957126321417485,False,False
retrieval,3,17,0,-1.7089152516974953,-1.8811014975962366,-2.216218152127854,-1.527872538004069,0.03125,0.9999999997671694,1.0,-0.16408214427669332,-0.154663782442026,-0.18320553201210926,-0.12441757947167235,0.03125,0.91796875,0.9089574785399835,False,False
retrieval,3,17,1,-2.0911915219977497,-2.044853703853719,-2.135189725998991,-1.9449048110374987,0.0,1.0,1.0,0.024604906600097676,0.00024000120945354142,-0.04612079514270066,0.047179439508051334,0.5,0.91796875,2.410872398802154,False,False
retrieval,3,17,2,-1.0817559110818709,-1.1331548790617694,-1.2643748684176392,-0.9937054609206326,0.0,1.0,1.0,0.05104635119311142,0.04120683233918866,0.007014591460786419,0.07602179455176719,0.65625,0.91796875,0.6021084964078139,False,False
retrieval,3,17,3,-2.810582182812257,-3.0280196020719607,-3.3703870404157095,-2.7287880358383436,0.0,1.0,1.0,0.6522953940987174,0.6343133420230787,0.5684547539051455,0.7061862978689448,1.0,0.91796875,1.0469549163192449,False,False
retrieval,3,17,4,-1.5730060909574748,-1.5865043462512232,-1.7114101685472234,-1.4558872027205207,0.0,1.0,1.0,-0.14377389008116673,-0.12083751267004159,-0.1618874646816274,-0.08160305011856554,0.09375,0.91796875,0.7141597140336354,False,False
retrieval,3,17,5,-2.66287707246317,-2.7696376707639567,-3.0073340721008206,-2.5306454496005677,0.0,1.0,1.0,0.5470804047309835,0.5575018326236434,0.5153330792085908,0.6056607510791702,1.0,0.91796875,0.953045083680755,False,False
retrieval,3,17,6,-1.676680732940683,-1.7031142737558354,-1.9848864300786178,-1.3850726584369752,0.0625,0.9999999923165888,1.0,-0.052133079266269325,-0.06634139898096549,-0.10558288379323857,-0.024419608412642645,0.25,0.91796875,1.114122629238394,False,False
retrieval,3,17,7,-4.412854175401392,-4.338146192627823,-4.894794931281507,-3.7067830701563005,0.0,1.0,1.0,0.47641038447367445,0.44779449328960486,0.39515021854255833,0.5041685276876231,1.0,0.91796875,1.0944217696728886,False,False
retrieval,3,17,8,-3.5123212961267303,-3.568654786004692,-3.9646180292600794,-3.19640240170945,0.0,1.0,1.0,1.6495882385920764,1.5745000958218232,1.440698719321816,1.6975456540465457,1.0,0.91796875,1.2639275597775783,False,False
retrieval,3,17,9,-1.1935461045013542,-1.1268564596861785,-1.2485551925126093,-0.9855980554553706,0.0,1.0,1.0,-0.5498266768099415,-0.5233111536760966,-0.5711125137233919,-0.4749014012118962,0.0,0.91796875,1.2900090265288113,False,False
retrieval,3,17,10,-3.395499266962876,-3.4417940179198476,-3.766471503653748,-3.12284552101275,0.0,1.0,1.0,0.3672071885632642,0.3601844288464213,0.29481015999377846,0.42095147128572746,0.96875,0.91796875,0.7325138649626874,False,False
retrieval,3,17,11,-1.557550384278622,-1.6368297536259626,-1.8542699300328938,-1.4318708942874097,0.0,1.0,1.0,-0.2602340487721717,-0.2569075604115253,-0.28921464944655395,-0.22527102991146983,0.0,0.91796875,0.6707357204569773,False,False
retrieval,3,18,0,-0.5923547064732146,-0.5591626189375017,-0.6586542752462095,-0.46870197785612355,0.0,1.0,1.0,-0.061614070737746496,-0.046824560279873056,-0.07612407202388134,-0.016893012585143995,0.25,0.9166666666666667,0.08397960623359758,False,False
retrieval,3,18,1,-2.5597285491484403,-2.5732599728187955,-2.908658772128271,-2.210140011394362,0.03125,0.9999999997671694,1.0,-0.010799398015493287,-0.026518847971975287,-0.09493306196362103,0.050017650625953404,0.40625,0.9166666666666667,1.9143645271314444,False,False
retrieval,3,18,2,-2.868403759611466,-2.746155298700148,-2.978485003259025,-2.497538905479312,0.0,1.0,1.0,-0.015684319197125804,-0.048748640721975565,-0.12899661332587958,0.025496122554667846,0.40625,0.9166666666666667,1.498431110709113,False,False
retrieval,3,18,3,-2.7711401983523842,-2.7306132410154644,-3.054538302252262,-2.3962380843886555,0.0,1.0,1.0,0.062140417046524205,0.043316742630180614,-0.03341292381583955,0.13105376752120623,0.53125,0.9166666666666667,1.0107051710230253,False,False
retrieval,3,18,4,-1.4559320735732553,-1.4044808581100432,-1.4986790092261597,-1.3027583465302353,0.0,1.0,1.0,-0.14742353902598757,-0.17979309692103457,-0.22934013181074478,-0.1217160942021359,0.125,0.9166666666666667,0.9892948289769747,False,False
retrieval,3,18,5,-2.3371347265271263,-2.3604048411853924,-2.5990823678412527,-2.1170154452095904,0.0,1.0,1.0,0.04557978992336929,0.015724477048971043,-0.04177504952426417,0.0723907192759015,0.46875,0.9166666666666667,1.4123857651141818,False,False
retrieval,3,18,6,-2.6986854018583184,-2.641981493399283,-2.8629109921419555,-2.431262973054621,0.0,1.0,1.0,-0.12307443634651534,-0.13699471431140867,-0.188418942579917,-0.0867076601287757,0.15625,0.9166666666666667,0.7761810491817391,False,False
retrieval,3,18,7,-1.9910862091029577,-2.086991218877607,-2.446304391211957,-1.7401710064195315,0.0,1.0,1.0,-0.06926398959622858,-0.0739466816032055,-0.13201872240447485,-0.007375574064213236,0.25,0.9166666666666667,0.7423622462718741,False,False
retrieval,3,18,8,-2.975690433814956,-2.90585085464631,-3.134705215526089,-2.686855724219831,0.0,1.0,1.0,0.011852426710365866,-0.04690614867252104,-0.11666090990296309,0.030987383763715955,0.34375,0.9166666666666667,1.658632342222793,False,False
retrieval,3,18,9,-0.16130137394639266,-0.15529953702228327,-0.26632007358287607,-0.03325719020497481,0.21875,0.9997324736323208,1.0,0.2727331248259268,0.26772343354924205,0.23666571432250796,0.2976095684014256,1.0,0.9166666666666667,0.3434972369825868,False,False
retrieval,3,18,10,-2.3057520844506314,-2.340445044616909,-2.625656555355482,-2.0268412482638856,0.0,1.0,1.0,-0.16233730878719507,-0.1894913977117001,-0.24643451868883934,-0.13534210052959264,0.125,0.9166666666666667,1.2788925905152346,False,False
retrieval,3,18,11,-1.8460545106265562,-1.9831794678719945,-2.2441981134560502,-1.713142044282534,0.0,1.0,1.0,-0.009792735472355261,-0.03830015147179462,-0.09726382487353621,0.017997666427807275,0.4375,0.9166666666666667,0.5802446977846678,False,False
retrieval,3,19,0,-0.39881044429512535,-0.5270742038303038,-0.6581805290770185,-0.3971037771251851,0.125,0.999998721992597,1.0,-0.03656420882669541,-0.027716531187513074,-0.06357102881409012,0.008440965561368825,0.34375,0.9166666666666667,0.08306517384693944,False,False
retrieval,3,19,1,-3.2607691804177166,-3.2871431138276526,-3.6524237775400206,-2.899332018164225,0.0,1.0,1.0,-0.06236843177251382,-0.05245908278195898,-0.101905476413028,-0.002762311279866452,0.34375,0.9166666666666667,1.0175474589157776,False,False
retrieval,3,19,2,-3.6446005167043047,-3.5722120332863927,-3.9755862811492655,-3.1822974301216638,0.0,1.0,1.0,0.4909660627078272,0.49174621252113665,0.34699730989932165,0.6236086581696195,0.90625,0.9166666666666667,3.1926482696448732,False,False
retrieval,3,19,3,-3.091099573112004,-3.104111230517872,-3.4172631036010053,-2.7891742282138896,0.0,1.0,1.0,-0.015434340528929277,-0.012471387082991975,-0.06539161346443689,0.038898801216002754,0.46875,0.9166666666666667,0.7217073661053156,False,False
retrieval,3,19,4,-1.8931196834472552,-1.799960867909904,-2.1802841811269578,-1.4508299478718314,0.0,1.0,1.0,0.05551592409470867,0.0254984468363684,-0.054157529300202054,0.10619501821784702,0.625,0.9166666666666667,1.6494050583996267,False,False
retrieval,3,19,5,-3.6914188623707713,-3.701450241144445,-3.919395676721227,-3.4831637708903425,0.0,1.0,1.0,0.606374165066656,0.588925778875527,0.5273389551857482,0.6496962402420388,1.0,0.9166666666666667,1.2296527189573578,False,False
retrieval,3,19,6,-1.2284385054948888,-1.3238991219334444,-1.5165120874076203,-1.122096355139014,0.0,1.0,1.0,0.14233506133138224,0.15985422866723875,0.13551993014119104,0.18168373694810783,1.0,0.9166666666666667,0.558453681304215,False,False
retrieval,3,19,7,-1.9043434228795568,-1.8906530853001404,-2.104258993323206,-1.6954562933799195,0.0,1.0,1.0,0.20493511335137515,0.20963134677714543,0.16142337418589986,0.2554949218704169,0.96875,0.9166666666666667,0.7423598457966908,False,False
retrieval,3,19,8,-0.4099968644905773,-0.40199630377138573,-0.5531442907602512,-0.26030629013737266,0.15625,0.9999903494026512,1.0,0.03918069728337048,0.016785147583130114,-0.008354792317376597,0.04130550772141416,0.5625,0.9166666666666667,0.4324676264658549,False,False
retrieval,3,19,9,-2.4077446357507473,-2.3852913488984306,-2.5354993885632715,-2.2329100121995173,0.0,1.0,1.0,0.15611261530909773,0.16347482486282866,0.11959718851453713,0.2040738096565808,0.9375,0.9166666666666667,1.1030002613283887,False,False
retrieval,3,19,10,-2.0995546877359623,-1.9868919725733396,-2.22831652943904,-1.7588441724927408,0.0,1.0,1.0,-0.040394155836701424,-0.007335582903403158,-0.0858497561596914,0.07186457110918275,0.53125,0.9166666666666667,0.9824525410842224,False,False
retrieval,3,19,11,-3.2325443729520087,-3.1383881859263143,-3.5207089600670285,-2.76507516545105,0.0,1.0,1.0,0.14609156373715748,0.20599138219176444,0.13244862267403695,0.2786291314778824,0.84375,0.9166666666666667,1.1745391432439078,False,False
retrieval,3,20,0,-2.0492998556597186,-1.9208087372857185,-2.016402628120328,-1.8071165280505135,0.0,1.0,1.0,0.40279957414643164,0.438598285331936,0.40872632194366276,0.46664942857569114,1.0,0.9192708333333334,0.8030953314752101,False,False
retrieval,3,20,1,-1.969549275583205,-1.9091185217300397,-2.0662394051304815,-1.7347386828811788,0.0,1.0,1.0,-0.0847373348466553,-0.15404462210559078,-0.2643530160305177,-0.050832108848291424,0.28125,0.9192708333333334,1.0993638565279937,False,False
retrieval,3,20,2,-3.080607064811735,-3.0808519151764155,-3.2521328100979163,-2.902814612038265,0.0,1.0,1.0,-0.10245637395016155,-0.1483316227962524,-0.2419692680603394,-0.06764086255697731,0.15625,0.9192708333333334,0.8967578312564235,False,False
retrieval,3,20,3,-1.4360097790712159,-1.3691148565730984,-1.6331448884148276,-1.0992247802501471,0.03125,0.9999999997671694,1.0,0.4167616376483513,0.44975598576035886,0.32218029446888996,0.5656115699342311,0.9375,0.9192708333333334,3.260088022829602,False,False
retrieval,3,20,4,-1.251149063432584,-1.5199804476941972,-1.8042603622517666,-1.2710833132488446,0.03125,0.9999999997671694,1.0,-0.0776294937025574,-0.1079970823029063,-0.1492535564059401,-0.06899982723440436,0.1875,0.9192708333333334,1.0634657647058645,False,False
retrieval,3,20,5,-3.4586970259954337,-3.415941402378042,-3.682568089990548,-3.1599141286186088,0.0,1.0,1.0,0.4531626167894499,0.33532171558573676,0.19894897536847386,0.5034541114666125,0.8125,0.9192708333333334,1.5795581134049097,False,False
retrieval,3,20,6,-0.9826020833093891,-0.9667415634485681,-1.0941852644423253,-0.8498555536631421,0.0,1.0,1.0,0.12454622167215337,0.12429945421374841,0.08026565663709127,0.17161946513516962,0.875,0.9192708333333334,2.2562663754109575,False,False
retrieval,3,20,7,-6.224378410516115,-6.491884585851901,-7.287686241355632,-5.735980999937663,0.0,1.0,1.0,1.2948211257820554,1.1194754484064355,0.7675071125295454,1.455265926768929,0.90625,0.9192708333333334,0.9365342352941355,False,False
retrieval,3,20,8,-3.210629019409269,-3.1632111727533117,-3.362579409931394,-2.9797074267637558,0.0,1.0,1.0,0.39242201929815757,0.42082634668680896,0.32365344735745283,0.5198105911605745,0.90625,0.9192708333333334,0.7454259445211731,False,False
retrieval,3,20,9,-1.9734887687721137,-1.893729568323041,-2.000761444981423,-1.7828368146675277,0.0,1.0,1.0,0.060577349461074875,0.04833693827701475,0.014117453193438908,0.08463479826677091,0.65625,0.9192708333333334,0.43595592483906437,False,False
retrieval,3,20,10,-0.7156332023742843,-0.7616102703672946,-0.8867129943325031,-0.6356166300050766,0.0,1.0,1.0,-0.04842726456512299,-0.06671763071842657,-0.10499464162285398,-0.02871026066458846,0.28125,0.9192708333333334,1.079198491409107,False,False
retrieval,3,20,11,-3.960943725664948,-3.8680349621965537,-4.254329598261959,-3.509433567707755,0.0,1.0,1.0,0.5177955162865546,0.5490493025409929,0.402533245309103,0.678762888493024,0.90625,0.9192708333333334,0.6944298779071029,False,False
retrieval,3,21,0,-4.1044298261522645,-4.0123995367138825,-4.20776851703677,-3.7774755814394134,0.0,1.0,1.0,-0.25005825670193493,-0.3074086713215543,-0.3826247115397852,-0.22316838775980297,0.125,0.91796875,2.050618113310298,False,False
retrieval,3,21,1,-2.6603157127581634,-2.459141633218543,-2.6079470592348337,-2.307740326422727,0.0,1.0,1.0,0.24406048709544526,0.26059306489229067,0.19839756415132975,0.3279685437578933,0.9375,0.91796875,1.1814362355749672,False,False
retrieval,3,21,2,-1.398465395672296,-1.3083049126014576,-1.4352556851314648,-1.1814271209038698,0.0,1.0,1.0,0.12458635374346605,0.11901119880005187,0.08025243454248407,0.15956794510757158,0.90625,0.91796875,0.9888935678842079,False,False
retrieval,3,21,3,-1.2351252031169953,-1.2335919510829558,-1.3756117673824035,-1.0732682481074587,0.03125,0.9999999997671694,1.0,0.6041155067129882,0.464187140378102,0.3675778812231463,0.5543848187207312,0.96875,0.91796875,2.650120772050939,False,False
retrieval,3,21,4,-1.8751793763948346,-1.8204645439273275,-2.0702420053864223,-1.5593009423403015,0.0,1.0,1.0,-0.14437954764735333,-0.1598417959742615,-0.20444669569538185,-0.11263115705183761,0.0625,0.91796875,0.47567397091212926,False,False
retrieval,3,21,5,-0.5659560060719946,-0.6094218200654213,-0.7154768155083389,-0.497825081364611,0.03125,0.9999999997671694,1.0,0.2239254258589618,0.20613445696921684,0.16111053458176652,0.25063548696523835,1.0,0.91796875,0.5034421737494362,False,False
retrieval,3,21,6,-1.8295677251431794,-1.7572459891747416,-1.9074316167385585,-1.5957911252800312,0.0,1.0,1.0,0.05642287424274209,0.06525884001366081,0.029230237085163684,0.1010936538430963,0.6875,0.91796875,2.0374999575446,False,False
retrieval,3,21,7,-2.477722331831795,-2.642400423070998,-2.9633285909073956,-2.3486459313694517,0.0,1.0,1.0,0.3233955637941579,0.30896029346076515,0.2657813229373909,0.35870204610813466,1.0,0.91796875,0.5598054432914011,False,False
retrieval,3,21,8,-7.044569351898186,-6.959041677914058,-7.127089630110319,-6.777370736604674,0.0,1.0,1.0,0.41631418658251684,0.4089726645676956,0.33701216713069376,0.48271217267620586,1.0,0.91796875,2.8513310709744832,False,False
retrieval,3,21,9,-3.0877755351756067,-3.355437694049143,-3.718509665637253,-3.0025568428301908,0.0,1.0,1.0,-1.8301121446071698,-1.8577899507879234,-1.9713383736812606,-1.743060412723395,0.0,0.91796875,1.011106432115792,False,False
retrieval,3,21,10,-2.7595261662609443,-2.773527105177473,-2.968478980265815,-2.5707671166041757,0.0,1.0,1.0,0.5514061339513031,0.5218970719979952,0.4044328092929222,0.659699458290109,1.0,0.91796875,0.8253267929768311,False,False
retrieval,3,21,11,-3.474627952919743,-3.302703399136016,-3.5077230412028104,-3.1255350269928446,0.0,1.0,1.0,-0.04499525363263265,-0.008179769391233535,-0.1124712208590623,0.09133202155167773,0.59375,0.91796875,0.6006117745607374,False,False
retrieval,3,22,0,-1.0802698026275606,-1.0905552917506272,-1.2351425478166553,-0.9555311957421586,0.0,1.0,1.0,-0.05109958336585392,-0.05138070179810325,-0.09838183851338655,-0.00377058386052106,0.3125,0.9166666666666667,1.5904412482268409,False,False
retrieval,3,22,1,-2.1504396632073144,-2.0752297875568173,-2.2669507657512376,-1.8893531455862234,0.0,1.0,1.0,-0.21170695751623722,-0.22305753499647807,-0.29530719337942324,-0.15612415077913228,0.125,0.9166666666666667,1.2499389399718093,False,False
retrieval,3,22,2,-2.1226515919517572,-2.085452974429672,-2.272321323949279,-1.900741459731565,0.0,1.0,1.0,0.2389078364874032,0.23042203957076807,0.1910079722982545,0.26805733280422567,0.96875,0.9166666666666667,0.5883985623216699,False,False
retrieval,3,22,3,-2.5809262120678413,-2.499545680782062,-2.7409692765590425,-2.192954533801842,0.03125,0.9999999997671694,1.0,0.14791503829435343,0.19011863968077336,0.13737902842782995,0.2482026628710658,0.9375,0.9166666666666667,1.5851841887100202,False,False
retrieval,3,22,4,-1.7971718621320965,-1.718822877980038,-1.9097402744275789,-1.5444209755473357,0.0,1.0,1.0,-0.2108399461201688,-0.24860559829899812,-0.29134578197554206,-0.20737026886707702,0.03125,0.9166666666666667,1.0747957720602361,False,False
retrieval,3,22,5,-2.8142163349580205,-2.7762562129268407,-3.1422694586463096,-2.453562680824803,0.0,1.0,1.0,0.013916622345828536,0.01846091403899558,-0.03495079976948816,0.06840896678632168,0.4375,0.9166666666666667,1.3794484058166736,False,False
retrieval,3,22,6,-0.9130003507952993,-1.1235915184563852,-1.4120666018838082,-0.8068297361419495,0.125,0.999998721992597,1.0,-0.17035629818150938,-0.20072039354284868,-0.23399219801430318,-0.16578795760741522,0.03125,0.9166666666666667,0.33954976065087705,False,False
retrieval,3,22,7,-0.7586244454096046,-0.7600673111930492,-0.897098600319788,-0.6230535378600066,0.03125,0.9999999997671694,1.0,0.303081242666972,0.28063765314766653,0.23153709258760014,0.3333881378964506,1.0,0.9166666666666667,0.5639500295649872,False,False
retrieval,3,22,8,-3.450080326405649,-3.432292999726335,-3.7027632015431586,-3.1325579588225136,0.0,1.0,1.0,0.16441993584614217,0.1861203474637746,0.11969014398723613,0.2564077292894981,0.875,0.9166666666666667,1.2470901316088052,False,False
retrieval,3,22,9,-0.33395790180959484,-0.3426601301027602,-0.4468352367760635,-0.23485697634699682,0.1875,0.9999434628989547,1.0,-0.11897580791568364,-0.13351918400629822,-0.17046553222974142,-0.09987253143615112,0.09375,0.9166666666666667,0.44026930152454213,False,False
retrieval,3,22,10,-2.0791558151479013,-2.2219898410706813,-2.4773044417326964,-1.995543310453216,0.0,1.0,1.0,0.09030641093352615,0.08832371530658362,0.04828942295989583,0.13564955516242727,0.75,0.9166666666666667,0.9252042279397638,False,False
retrieval,3,22,11,-1.8111515063431791,-1.809929169102519,-1.963820270744906,-1.6494798305415466,0.0,1.0,1.0,0.14336115125315874,0.19707518910618266,0.11513581281960014,0.3044477671959631,0.84375,0.9166666666666667,0.7172566795959965,False,False
retrieval,3,23,0,-1.9892699857642668,-1.9677216495733956,-2.1038464103285435,-1.821800547337721,0.0,1.0,1.0,0.17395630324460207,0.19621192545761945,0.16072341611251276,0.23161051498283125,0.9375,0.9166666666666667,1.114845052967003,False,False
retrieval,3,23,1,-4.4471966387223905,-4.374679132003252,-4.745959087192255,-3.977115556965463,0.0,1.0,1.0,0.17561981013211964,0.14460822380778354,0.07046170748000266,0.2154513755550612,0.71875,0.9166666666666667,0.8851549470329969,False,False
retrieval,3,23,2,1.0267116410618833,1.1388505908936757,0.8508193057185671,1.4223963570635307,0.84375,5.653710104525089e-05,0.002142458565925297,-0.24738841087245272,-0.25011338505648845,-0.2778809104709438,-0.22431881626012778,0.0,0.9166666666666667,0.4660845164490482,True,False
retrieval,3,23,3,-2.2941240773060008,-2.491651005866896,-2.7522720152241127,-2.246161120629787,0.0,1.0,1.0,0.04202340762644015,0.008343380872115357,-0.044303303830658745,0.05973272088437207,0.53125,0.9166666666666667,0.6277253697130852,False,False
retrieval,3,23,4,-1.8407309526846645,-1.8769775068796088,-2.0245713413986346,-1.74554450981928,0.0,1.0,1.0,0.00625442812112258,-0.005271276769836061,-0.04943754933502887,0.035216023447286526,0.5,0.9166666666666667,2.9520242142504585,False,False
retrieval,3,23,5,-1.9253172770725935,-2.0872792549261465,-2.4115303639120085,-1.7308639680457447,0.0,1.0,1.0,-0.019104115829286283,-0.015965746898970342,-0.050444412851574305,0.02667591259178489,0.4375,0.9166666666666667,0.2961735687618896,False,False
retrieval,3,23,6,-1.0716442565616153,-1.2077140721039092,-1.4701716155783613,-0.9549988961065409,0.03125,0.9999999997671694,1.0,-0.0333771776400698,-0.05264078361595534,-0.09275423924689612,-0.011438913865724184,0.3125,0.9166666666666667,1.8357924015875742,False,False
retrieval,3,23,7,-2.7342001434910017,-2.646648497591163,-2.8000688768633415,-2.4703265039776037,0.0,1.0,1.0,-0.05613432613508771,-0.09149666085445776,-0.12892487487768528,-0.05509589344281988,0.1875,0.9166666666666667,1.7017522547804556,False,False
retrieval,3,23,8,-1.6911236006510206,-1.690036656551579,-1.8125536992946214,-1.568616297155974,0.0,1.0,1.0,0.0669486998471224,0.06947619560378931,0.034164733253758316,0.10375452395791389,0.75,0.9166666666666667,2.6121544137742574,False,False
retrieval,3,23,9,-2.92967533344354,-2.863139610072346,-3.1971543135790266,-2.5596352636381714,0.0,1.0,1.0,0.03813560273756561,0.06459158174234332,0.002877504590928484,0.14327455328248195,0.65625,0.9166666666666667,0.8025763171281768,False,False
retrieval,3,23,10,-4.686902154548036,-4.63030265323289,-5.275567289944359,-3.979235472271061,0.0,1.0,1.0,-0.20045316561251894,-0.16482154678746014,-0.25608370938902913,-0.07738553945008912,0.28125,0.9166666666666667,2.7983627575196435,False,False
retrieval,3,23,11,-2.7217604779915714,-2.7649847107509276,-3.03833570706057,-2.4672725168603975,0.0,1.0,1.0,0.05151039471407637,0.05008320702128882,0.004030707787243455,0.0973445941594127,0.65625,0.9166666666666667,0.5477984074632725,False,False
retrieval,3,24,0,-2.834122039347352,-2.7918696800768794,-3.0818075926809856,-2.491741166057824,0.0,1.0,1.0,0.1526165156164996,0.14857462908924174,0.08970886048643902,0.22246379143224368,0.875,0.9166666666666667,3.0216659198468996,False,False
retrieval,3,24,1,-3.127481986760706,-2.922796589462779,-3.1351699404443827,-2.698811600141699,0.0,1.0,1.0,0.07553406293134574,0.10497785373431437,0.07225224636269768,0.14544543982318134,0.875,0.9166666666666667,3.5440139158724624,False,False
retrieval,3,24,2,-2.652406688546611,-2.565784057015149,-2.812773337331291,-2.3200468522583155,0.0,1.0,1.0,0.09858673038486579,0.18842598347597864,0.12838182136787818,0.25454879069430036,0.875,0.9166666666666667,2.035193875755552,False,False
retrieval,3,24,3,-0.5112334508218643,-0.5550711714078364,-0.6988138732881175,-0.4017404539438838,0.1875,0.9999434628989547,1.0,-0.1817827747263584,-0.15038685894280526,-0.17944366238004208,-0.12435357005862128,0.0,0.9166666666666667,0.8564325415564825,False,False
retrieval,3,24,4,-0.9395247525474978,-0.9038761653034605,-0.9636242917173644,-0.8478435501825817,0.0,1.0,1.0,0.013748308445591207,0.058245952114862685,0.0277735080494353,0.09135974271615944,0.71875,0.9166666666666667,0.6376072434374362,False,False
retrieval,3,24,5,-2.5181041214387325,-2.598868810488451,-2.8416487193320936,-2.332679710022593,0.0,1.0,1.0,0.3896999312405559,0.3740353921241634,0.3328056412537196,0.41422384913337146,1.0,0.9166666666666667,0.460736373834217,False,False
retrieval,3,24,6,-3.11539235489711,-2.9072426896396433,-3.25491090778724,-2.544171551617472,0.0,1.0,1.0,-0.06408268200991887,-0.07492176479388843,-0.12065665782240943,-0.03139151877084142,0.3125,0.9166666666666667,1.1435674584435174,False,False
retrieval,3,24,7,-3.89703374000624,-3.5749476537392377,-3.9298875099885437,-3.2355406649273815,0.0,1.0,1.0,-0.011204761689139189,-0.02275678244682662,-0.07953263039670654,0.03601274307297782,0.40625,0.9166666666666667,3.586806279696719,False,False
retrieval,3,24,8,-2.495959041160016,-2.4529798568585397,-2.8219570453836416,-2.1089220301186407,0.03125,0.9999999997671694,1.0,0.1228126352020569,0.1325196272889707,0.0862639334667502,0.17329742250658683,0.84375,0.9166666666666667,0.4133611484743764,False,False
retrieval,3,24,9,-1.9233954742517163,-1.8025517402941693,-1.9916445752477419,-1.6172489992610353,0.0,1.0,1.0,-0.0728303373833229,-0.07046081631364412,-0.1229445062662777,-0.002431724010619118,0.125,0.9166666666666667,0.8008334217682859,False,False
retrieval,3,24,10,-2.0031313573676774,-2.2234492255527503,-2.564036136683152,-1.8913484644749659,0.03125,0.9999999997671694,1.0,-0.011340434866882552,0.0068767721274164955,-0.036728196485044974,0.05149060784112281,0.5,0.9166666666666667,0.38329718243712596,False,False
retrieval,3,24,11,-3.493433364054562,-3.2629656806045872,-3.642765444330558,-2.886609841482185,0.0,1.0,1.0,0.04558977862765416,0.029299410595344973,-0.01802870849863592,0.07912360224893634,0.59375,0.9166666666666667,2.0473934574298513,False,False
retrieval,3,25,0,-1.7040182086564146,-1.6570851694046707,-1.8283471299468796,-1.5056268755198545,0.0,1.0,1.0,0.06625821302516957,0.05293304943744572,0.010740202180208413,0.09367700994752809,0.65625,0.9166666666666667,1.601335991157809,False,False
retrieval,3,25,1,-3.0194050897717752,-2.695728535872986,-2.947489780600421,-2.4369808410462857,0.0,1.0,1.0,0.06543494435971513,0.06824486142508615,0.011414140239220797,0.11608295851274687,0.71875,0.9166666666666667,0.7567278740010956,False,False
retrieval,3,25,2,-2.5376593999432973,-2.511251024990624,-2.6984677329624196,-2.3357350248547637,0.0,1.0,1.0,0.06955431586607666,0.08560836738786196,0.02153359238143167,0.14876510402650683,0.8125,0.9166666666666667,0.7904654006963674,False,False
retrieval,3,25,3,-2.4177529541962377,-2.3205693843273085,-2.588382424443182,-2.0716273677548274,0.0,1.0,1.0,0.08914765538437006,0.09977316073861368,0.0510523955931649,0.14643741699197785,0.78125,0.9166666666666667,1.1838209895918455,False,False
retrieval,3,25,4,-1.7618265006165372,-1.84443667748973,-2.137975374172506,-1.5853582671718394,0.0,1.0,1.0,0.12928889244156086,0.1100055253097316,0.08257227632895113,0.1371620918598418,0.9375,0.9166666666666667,1.2743866946157967,False,False
retrieval,3,25,5,-0.9405479227520908,-0.9472293867295025,-1.064569466123223,-0.8316379423096831,0.0,1.0,1.0,-0.34324740381484287,-0.3363547126826031,-0.3952964727253061,-0.27839251708062457,0.03125,0.9166666666666667,0.5042631830291328,False,False
retrieval,3,25,6,-2.617485368529281,-2.7436857777897434,-3.0381377441501836,-2.4520566157075745,0.0,1.0,1.0,0.2579193189474219,0.1913219942661377,0.11008941764701659,0.26643590760143265,0.84375,0.9166666666666667,0.32815365433738997,False,False
retrieval,3,25,7,-1.8265544462282646,-1.8504243749474107,-2.3661065441404827,-1.3870887328964019,0.09375,0.9999998768325895,1.0,-0.12159877651933572,-0.09692472858903511,-0.19809395035763752,0.009268490252316226,0.40625,0.9166666666666667,0.8255764225454552,False,False
retrieval,3,25,8,-1.8200281024436016,-1.9084125905603153,-2.16633122559432,-1.6423196735305339,0.0,1.0,1.0,-0.046774616950024606,-0.035077312852438494,-0.07604447706814035,0.004079316331651522,0.34375,0.9166666666666667,1.9080244519662555,False,False
retrieval,3,25,9,-1.3860870449254672,-1.4099263997694549,-1.6042894109748267,-1.2125881848928026,0.0,1.0,1.0,-0.038668774700915086,-0.011390390319718627,-0.08053025498459646,0.06242465862984453,0.46875,0.9166666666666667,0.5133873271560668,False,False
retrieval,3,25,10,-1.0517392544984894,-0.997423008160591,-1.112034169055988,-0.8891328823963557,0.0,1.0,1.0,0.01505228748213163,0.040783194557206595,0.028673638642477028,0.05261167246461822,0.84375,0.9166666666666667,1.6058586922002813,False,False
retrieval,3,25,11,-2.432676174280255,-2.353678103635284,-2.544257404075635,-2.1684171481762773,0.0,1.0,1.0,0.17782091193689148,0.16851144724969613,0.10387046471176821,0.22839645564101757,0.875,0.9166666666666667,1.1744235774545448,False,False
retrieval,3,26,0,-0.6704857900535783,-0.6303997227752656,-0.7041906015206981,-0.554821537921435,0.0,1.0,1.0,0.0715637071212976,0.08102213005305656,0.053733729039535875,0.10892097775914443,0.90625,0.9192708333333334,0.21315230222686926,False,False
retrieval,3,26,1,-2.6469548399022043,-2.791175677883773,-3.025530323755683,-2.5798517976793183,0.0,1.0,1.0,-0.20194824435547115,-0.1758463046730095,-0.24403881734899724,-0.10968855126971237,0.28125,0.9192708333333334,0.5333807770330053,False,False
retrieval,3,26,2,-3.5519987814579688,-3.3298712762689506,-3.6843468457849693,-2.9904064915221094,0.0,1.0,1.0,0.0650316313173689,0.08645651284338332,0.03210287465983268,0.14235308766222834,0.71875,0.9192708333333334,1.4309500813755514,False,False
retrieval,3,26,3,-0.8765745299756469,-0.8031316747970554,-0.9942124476313501,-0.6095685883054907,0.09375,0.9999998768325895,1.0,-0.27940629436891845,-0.2751341329872712,-0.3126528858839545,-0.23496654587155713,0.0,0.9192708333333334,0.2258797016267803,False,False
retrieval,3,26,4,-1.723798606845547,-1.6497789288488294,-1.7747300945804494,-1.5180239019221307,0.0,1.0,1.0,-0.015345980281759335,-0.0028088439755857217,-0.038137047684291575,0.031079556491966528,0.5,0.9192708333333334,0.33621711529510084,False,False
retrieval,3,26,5,-1.9550451571239789,-1.8241641728996376,-2.0811015554669896,-1.565155107486755,0.03125,0.9999999997671694,1.0,0.17938969793851978,0.1392627485387225,0.044226799345736534,0.2331552756372493,0.625,0.9192708333333334,1.1103385491722035,False,False
retrieval,3,26,6,-2.550954064686901,-2.3412280241832195,-2.562584615740633,-2.1295406802273296,0.0,1.0,1.0,-0.13209430395997687,-0.08846219975389669,-0.1284597663396761,-0.05926030104234039,0.15625,0.9192708333333334,0.8896614508277966,False,False
retrieval,3,26,7,-2.418735151875098,-2.3403755119620495,-2.564915637390824,-2.1133129541095927,0.0,1.0,1.0,0.04890817859184516,0.031540563481867144,-0.03401662682268892,0.09536825981238521,0.5625,0.9192708333333334,0.1903907015876019,False,False
retrieval,3,26,8,-3.8760656615839575,-3.4737837626989005,-3.834296478080922,-3.149499955547713,0.0,1.0,1.0,-0.018071749850542582,-0.00944434142257558,-0.08082191647887405,0.06070471677930157,0.5,0.9192708333333334,1.4519359705014228,False,False
retrieval,3,26,9,-2.582252334088282,-2.407089394609647,-2.6502999653202304,-2.149540762194976,0.0,1.0,1.0,0.0031888740491166556,-0.01297879771150847,-0.055041609613823914,0.025734102609255228,0.4375,0.9192708333333334,1.4033976277003315,False,False
retrieval,3,26,10,-3.868090413306067,-3.7934817577789133,-4.17667129493331,-3.412198173252775,0.0,1.0,1.0,-0.5247589910695152,-0.5682885184654398,-0.7282235782520876,-0.41330796434277817,0.0,0.9192708333333334,4.852713957049235,False,False
retrieval,3,26,11,-1.0501712405488723,-1.1456333055051382,-1.3749222057248172,-0.9216140582529191,0.03125,0.9999999997671694,1.0,0.08674908698652598,0.08988026266364585,0.05338039894744715,0.12564967948958025,0.8125,0.9192708333333334,1.1144821717162903,False,False
retrieval,3,27,0,-0.9554376975524032,-0.9057648710476446,-1.0921785392149503,-0.7170454340941262,0.03125,0.9999999997671694,1.0,-0.5200689709081354,-0.48487195872869043,-0.5237925900938855,-0.4451158805383824,0.0,0.9166666666666667,0.4635177467523505,False,False
retrieval,3,27,1,-1.7667704407349223,-1.8071890183712238,-1.965840821574642,-1.6490232076513704,0.0,1.0,1.0,-0.08781726034442526,-0.09207119797707385,-0.12227384449045647,-0.06331991065140008,0.15625,0.9166666666666667,0.4129917459345297,False,False
retrieval,3,27,2,-4.026927187021198,-3.7217177320858243,-4.1580760760105315,-3.348971454551295,0.0,1.0,1.0,0.12444255309534413,0.12463345965406672,0.055207741262157266,0.19495086045869042,0.71875,0.9166666666666667,4.273253175033406,False,False
retrieval,3,27,3,-2.852575758122941,-2.8266374593893673,-3.02505957282863,-2.6101116900262777,0.0,1.0,1.0,0.6072630373341421,0.5679505042950171,0.5137262876993535,0.6224233464624729,1.0,0.9166666666666667,0.6682076544305094,False,False
retrieval,3,27,4,-0.7424546173232518,-0.5758117694047237,-0.7356248729360502,-0.40877836739247975,0.0625,0.9999999923165888,1.0,0.004481764919512029,0.019952447388128132,-0.015960529767782807,0.05458236665372968,0.5625,0.9166666666666667,0.3297255763541932,False,False
retrieval,3,27,5,-0.5378078837300253,-0.5535914833042096,-0.6858808363624559,-0.41632288605885637,0.03125,0.9999999997671694,1.0,-0.027026877584624093,-0.0075589775397848615,-0.030561534584930678,0.016257706192571705,0.59375,0.9166666666666667,0.27885352984194123,False,False
retrieval,3,27,6,-3.2690202731976106,-3.2745702570065784,-3.5169500351677234,-3.037633614026629,0.0,1.0,1.0,-0.16799296389001378,-0.21209978181951666,-0.2900525924302421,-0.13688155553818138,0.1875,0.9166666666666667,1.455941940948911,False,False
retrieval,3,27,7,-0.5085338715043115,-0.5381596669109621,-0.7501680485387568,-0.32047944495387737,0.21875,0.9997324736323208,1.0,0.015802664490693098,0.006744031808002487,-0.07394867202774975,0.07923942743936875,0.59375,0.9166666666666667,3.0060781583003435,False,False
retrieval,3,27,8,-1.9445364591086316,-2.043792313891399,-2.350303393475007,-1.7260332283291815,0.0,1.0,1.0,0.33535720814444925,0.31271619532644457,0.26703565579244337,0.35405188515142744,0.96875,0.9166666666666667,1.3261365817966602,False,False
retrieval,3,27,9,-2.9665086976854935,-2.9693342224618577,-3.1762299635315303,-2.7482680851612766,0.0,1.0,1.0,0.2765819061467596,0.21878703285012782,0.13398958801284938,0.2971812739393517,0.84375,0.9166666666666667,3.3844957387581784,False,False
retrieval,3,27,10,-1.5185290944644638,-1.397606478850902,-1.6089139980575147,-1.1990334430100875,0.0,1.0,1.0,-0.11508185908300429,-0.18919650395917872,-0.2743478467513302,-0.10143955296342175,0.1875,0.9166666666666667,0.6738634182033398,False,False
retrieval,3,27,11,-1.6778416172728734,-1.4908039776853195,-1.8361062539860118,-1.1753871841941335,0.0625,0.9999999923165888,1.0,0.9048701168906563,0.9923128837565348,0.9117379101053859,1.072736470962534,1.0,0.9166666666666667,11.579286349683693,False,False
retrieval,3,28,0,-12.313583846080306,-12.248104008547333,-12.67752677156322,-11.802067855812348,0.0,1.0,1.0,-0.5282860435500187,-0.5055351528621841,-0.623766786139589,-0.3895104200234535,0.03125,0.9166666666666667,2.2796364105671016,False,False
retrieval,3,28,1,-6.650776995230133,-6.626708090984668,-6.991130435007474,-6.223749344831389,0.0,1.0,1.0,0.6328340063559856,0.6846170099733209,0.5579771774309945,0.8183000432011891,1.0,0.9166666666666667,2.305641885890334,False,False
retrieval,3,28,2,-4.250624902741027,-4.16322258249446,-4.840898820468479,-3.518808039138152,0.0,1.0,1.0,0.22557408981898774,0.2350282192624265,0.1620671873123255,0.30660762880864434,0.875,0.9166666666666667,1.2364754563030866,False,False
retrieval,3,28,3,-2.08763379440816,-2.0853534311621154,-2.2027800257834644,-1.9801112610643095,0.0,1.0,1.0,-0.29026501468362864,-0.3053312543155154,-0.34943692097347595,-0.26221763470997345,0.0,0.9166666666666667,0.1136518871341061,False,False
retrieval,3,28,4,-1.7472883415156493,-1.7595266885436502,-1.9457651498696946,-1.5933461706102474,0.0,1.0,1.0,0.5178339288786391,0.5440255092715859,0.4970395888675819,0.5948819410312826,1.0,0.9166666666666667,0.07611403126260018,False,False
retrieval,3,28,5,-2.4533157695902688,-2.451567659994179,-2.723223174067753,-2.172866878782468,0.0,1.0,1.0,-0.22857176537344087,-0.2587122203881087,-0.31482678890574983,-0.20809421887479457,0.0625,0.9166666666666667,0.1380744820755515,False,False
retrieval,3,28,6,-2.092419032245718,-2.2031231760596404,-2.489257802008156,-1.8932697963680143,0.0,1.0,1.0,0.1265970709523667,0.08180383394970972,-0.003532018691621039,0.16089875867875783,0.6875,0.9166666666666667,1.250093035733667,False,False
retrieval,3,28,7,0.29211785476972674,0.2675688865224053,0.11802103045232783,0.42191345030133004,0.78125,0.0010512007866054773,0.032207002823657176,0.05935376689153646,0.09690856929698795,0.055117863494592495,0.14002339949997356,0.6875,0.9166666666666667,0.11941348168359878,True,True
retrieval,3,28,8,-1.134522431883937,-1.0346911361091837,-1.2022209317758705,-0.8720638532551117,0.0,1.0,1.0,-0.029668734389295476,0.002225033451612334,-0.03794661122796953,0.0398527642702032,0.5625,0.9166666666666667,5.084828230816687,False,False
retrieval,3,28,9,-2.1806230228342725,-2.1382346869131705,-2.337767854054338,-1.9230894292861271,0.0,1.0,1.0,0.12383951390883556,0.1478450697943526,0.09655281217388849,0.19870528743764362,0.8125,0.9166666666666667,0.7635245436969135,False,False
retrieval,3,28,10,-3.1472295057445088,-3.258485348846068,-3.4233128361791008,-3.0806567695833307,0.0,1.0,1.0,0.3784469266830531,0.40035251578157605,0.29666600040582847,0.49607573632840407,0.90625,0.9166666666666667,0.32434529705072457,False,False
retrieval,3,28,11,-0.9388655959687999,-0.9527748391702974,-1.1676583084839496,-0.7354770608951601,0.125,0.999998721992597,1.0,0.21419341841910394,0.14886198989868832,0.07219381287531673,0.23646037983711723,0.71875,0.9166666666666667,3.9184675989638076,False,False
retrieval,3,29,0,-7.071769553160253,-7.202740459635267,-7.832565402649972,-6.585579240665696,0.0,1.0,1.0,0.11959623851953,0.30112551962059386,0.09960345604117558,0.49392610791452307,0.75,0.9166666666666667,7.915003364836065,False,False
retrieval,3,29,1,-1.4970159046132885,-1.4499904799622723,-1.546682525145817,-1.3494529386109477,0.0,1.0,1.0,0.04905214374119539,0.057755519964396165,0.03208531621905404,0.08292741145471201,0.75,0.9166666666666667,0.6033794072553099,False,False
retrieval,3,29,2,-0.3118205469155657,-0.580372616705948,-0.805099843055881,-0.35688793991264095,0.21875,0.9997324736323208,1.0,-0.20677524273460357,-0.30542419133045423,-0.38152349996520485,-0.2347591183980415,0.03125,0.9166666666666667,2.893700300308731,False,False
retrieval,3,29,3,-3.5327686297298775,-3.3637705638758706,-3.6105282597361055,-3.081735401962123,0.0,1.0,1.0,-0.08242039479352059,-0.06797455823763532,-0.11703855182812775,-0.018840686140537775,0.3125,0.9166666666666667,1.0534582383658015,False,False
retrieval,3,29,4,-2.9079061436871063,-2.941791291764079,-3.117944745869244,-2.766234732027103,0.0,1.0,1.0,0.593809511794778,0.5286790967995793,0.46227443891138237,0.5870148903087962,1.0,0.9166666666666667,0.9412357007769575,False,False
retrieval,3,29,5,-2.5544331456267884,-2.8784577294061853,-3.2056115094846502,-2.5807946334064704,0.0,1.0,1.0,0.2670347228127882,0.2189857994249015,0.15345910657848655,0.27621576838844075,0.8125,0.9166666666666667,0.3021547495690704,False,False
retrieval,3,29,6,-1.8091607522299435,-1.8231221878329358,-1.9493909560935214,-1.6876520107445256,0.0,1.0,1.0,-0.21339211759209165,-0.19475759123816683,-0.22788424016554834,-0.16363854390927038,0.0,0.9166666666666667,0.9465417616341982,False,False
retrieval,3,29,7,-0.44287158789186204,-0.42410890528059786,-0.5274229988215217,-0.32546031967854827,0.03125,0.9999999997671694,1.0,-0.3619608697881746,-0.33059961909474717,-0.3953754263695932,-0.267088412585394,0.0625,0.9166666666666667,0.5808371029473667,False,False
retrieval,3,29,8,-2.6425638948271466,-2.720615632175206,-2.993058836596848,-2.4511622720019974,0.0,1.0,1.0,-0.16912717837302174,-0.1255804905002219,-0.18639336063446754,-0.061129710372292964,0.25,0.9166666666666667,1.5346144712797076,False,False
retrieval,3,29,9,-0.8078878878324551,-1.1904351607456989,-2.3274557992989755,0.053922530419285644,0.40625,0.8923364251386374,1.0,0.5121845397741037,0.4797104817965335,0.28735394656391866,0.6701147362610493,0.8125,0.9166666666666667,9.07565554443527,False,False
retrieval,3,29,10,-0.4856738190670998,-0.38260242617823625,-0.4541337106064614,-0.3088353093010445,0.0625,0.9999999923165888,1.0,-0.11167073904155385,-0.10269623599650421,-0.1322367486259988,-0.07591797776562192,0.0625,0.9166666666666667,0.5181082075990577,False,False
retrieval,3,29,11,-2.8531085009173465,-3.2194358967281373,-3.6769283403486477,-2.7285822545084324,0.0,1.0,1.0,0.3261955472419893,0.2990212146622432,0.1627064982898412,0.41540030016701174,0.75,0.9166666666666667,4.438312070673152,False,False
