mode,nominal_timestep,layer,head,cphi_score,cphi_score_samples,age_js_score,age_js_score_samples,age_w1_score,age_w1_score_samples,native_score,native_score_samples,query_score,query_score_samples
clean,0,0,0,0.0,16,0.0,16,0.0,16,0.0,16,0.0,16
clean,0,0,1,0.0,16,0.0,16,0.0,16,0.0,16,0.0,16
clean,0,0,2,0.0,16,0.0,16,0.0,16,0.0,16,0.0,16
clean,0,0,3,0.0,16,0.0,16,0.0,16,0.0,16,0.0,16
clean,0,0,4,0.0,16,0.0,16,0.0,16,0.0,16,0.0,16
clean,0,0,5,0.0,16,0.0,16,0.0,16,0.0,16,0.0,16
clean,0,0,6,0.0,16,0.0,16,0.0,16,0.0,16,0.0,16
clean,0,0,7,0.0,16,0.0,16,0.0,16,0.0,16,0.0,16
clean,0,0,8,0.0,16,0.0,16,0.0,16,0.0,16,0.0,16
clean,0,0,9,0.0,16,0.0,16,0.0,16,0.0,16,0.0,16
clean,0,0,10,0.0,16,0.0,16,0.0,16,0.0,16,0.0,16
clean,0,0,11,0.0,16,0.0,16,0.0,16,0.0,16,0.0,16
clean,0,1,0,-0.5120747239313939,16,-0.11768334379517285,16,-0.6364995858496354,16,-0.9773796543881832,16,-0.7844785338886133,16
clean,0,1,1,-0.6452044880670882,16,-0.04431172922504131,16,-0.8035271133614666,16,-0.8762714647632716,16,-0.7201755121872018,16
clean,0,1,2,-1.324526158947743,16,-0.09202590938675581,16,-1.2639396793756505,16,-0.8385791235113842,16,-0.712494210155502,16
clean,0,1,3,-0.7266024024733906,16,-0.08456462998133185,16,-0.4971798193130128,16,-0.8815077972862102,16,-0.820423414050258,16
clean,0,1,4,-1.0391118727184805,16,-0.008931736138012743,16,-0.4447671127138487,16,-0.8335723280532782,16,-0.5069472827734389,16
clean,0,1,5,-0.490792066885066,16,-0.0028140328686887236,16,-0.32454000493259394,16,-0.6941492889362243,16,-0.532971820447294,16
clean,0,1,6,-0.9015625932037322,16,-0.03357117617906728,16,-0.846586699776019,16,-0.8823723476746494,16,-0.752867837465821,16
clean,0,1,7,-0.44337181037988377,16,-0.026453020012040144,16,-0.5219018424927444,16,-0.8710776681319522,16,-0.7673948648061686,16
clean,0,1,8,-1.2057937152341316,16,-0.3298452685225957,16,-1.4064286740836314,16,-0.8644753387501529,16,-0.8965241052750992,16
clean,0,1,9,-0.3959271611320111,16,-0.15665217046722263,16,-0.4906219312891371,16,-0.7512306418578714,16,-0.711308236145675,16
clean,0,1,10,-0.21169413642866794,16,-0.012583067397668048,16,-0.3708919224844714,16,-0.9398858902032751,16,-0.7046992822710556,16
clean,0,1,11,-1.0475579933830486,16,-0.33977980466004065,16,-1.1517989313644468,16,-0.8201269768235564,16,-0.7417907909940135,16
clean,0,2,0,-0.7390796566126911,16,-0.03551663605990077,16,-0.956409978673733,16,-0.6726067847923622,16,-0.7260108066914863,16
clean,0,2,1,-0.40282915150307996,16,-0.01662538064095759,16,-0.8462333964031024,16,-0.6244765183998462,16,-0.6319199279689829,16
clean,0,2,2,-1.3626010214619115,16,-0.03520503162512115,16,-0.7643950076259524,16,-0.8939127097430615,16,-1.1525473005462368,16
clean,0,2,3,-0.23533112620592916,16,-0.03007876251908294,16,-0.2979750006491697,16,-0.7537813774838711,16,-0.594999091016392,16
clean,0,2,4,-0.06308990593196762,16,-0.01643886634223806,16,-0.3149281556538669,16,-0.8416557597172931,16,-0.5851147642754546,16
clean,0,2,5,-0.48689110154941745,16,-0.011100673972697936,16,-0.20621767547482828,16,-0.5294653794233963,16,-0.73835751648658,16
clean,0,2,6,-0.5159096189031434,16,-0.011678466159941486,16,-0.6118418401344901,16,-0.7368281127014369,16,-0.7340178695146286,16
clean,0,2,7,-0.5006881472877127,16,-0.012245295754205104,16,-0.32099956655133965,16,-0.639386535938907,16,-0.5927693101329158,16
clean,0,2,8,-0.26479047620523766,16,-0.050035327954211464,16,-0.8964748383640775,16,-0.6812414259235489,16,-0.6427481143280165,16
clean,0,2,9,-0.7151312037629114,16,-0.00801528654872067,16,-0.32979941692849635,16,-0.5366519218908106,16,-0.6406135496404484,16
clean,0,2,10,-0.2547729136239246,16,-0.011093456878825418,16,-0.1646405384466596,16,-0.6618488219573373,16,-0.5621286228351676,16
clean,0,2,11,-0.8425073299784777,16,-0.08468683532713223,16,-0.3374166891775119,16,-0.728341620830558,16,-0.6786642430773135,16
clean,0,3,0,-0.0796396158437475,16,-0.09459417421638075,16,-0.6842365690051111,16,-0.5094464471560411,16,-0.3188921207547845,16
clean,0,3,1,-0.19104739216675753,16,-0.004299259203614285,16,-0.197052707014851,16,-0.5291108701643197,16,-0.28189044654093076,16
clean,0,3,2,-0.3846347977267511,16,-0.02384961529939971,16,-0.3545774519076418,16,-0.42529775087595656,16,-0.2178559990922317,16
clean,0,3,3,-0.4566928583023859,16,-0.012739646504442433,16,-0.34772356576445296,16,-0.4194309460072257,16,-0.5052195587480715,16
clean,0,3,4,-0.27060989147566694,16,-0.012850236618590598,16,-0.10062942530501445,16,-0.512665792242635,16,-0.267317806143882,16
clean,0,3,5,-0.8239153966418435,16,-0.01616192594484116,16,-0.2342313568493244,16,-0.4444452411092693,16,-0.4046159203907369,16
clean,0,3,6,-0.2733141613354156,16,-0.006506000168891384,16,-0.29314800721663214,16,-0.5467040889603574,16,-0.44272517391497784,16
clean,0,3,7,-0.20388815217284018,16,-0.01761601513526517,16,-0.44708078181106403,16,-0.5672692477573658,16,-0.45729088809875784,16
clean,0,3,8,-0.07119275160793287,16,-0.014848232148190336,16,-0.2808736945679995,16,-0.5173037838231742,16,-0.31945293685763615,16
clean,0,3,9,-0.44808728290319433,16,-0.021577785079534385,16,-0.38661075189198907,16,-0.451489416474293,16,-0.4186116497548492,16
clean,0,3,10,-0.5656212413408452,16,-0.008581472640537158,16,-0.3293421864077289,16,-0.47570563609579847,16,-0.4219818343666853,16
clean,0,3,11,-0.20208512867870077,16,-0.006786680846298659,16,-0.006889055288594608,16,-0.46860483756054805,16,-0.344125234198007,16
clean,0,4,0,-0.3922656314704027,16,-0.037659533516958346,16,-0.48151170742212346,16,-0.6297958231405938,16,-0.759906278652057,16
clean,0,4,1,-0.36151122705547956,16,-0.024443780838656677,16,-0.467794276154943,16,-0.729926118223502,16,-0.682012209010594,16
clean,0,4,2,-0.1360030966852273,16,-0.02782853336460739,16,-0.17028847809574665,16,-0.6843516776562002,16,-0.5116083105604233,16
clean,0,4,3,-0.4659974683118705,16,-0.035035945335891605,16,-0.4084665454360593,16,-0.767105487921624,16,-0.9649164108485595,16
clean,0,4,4,-0.8749481059459365,16,-0.11112224897003642,16,-0.9358929435524023,16,-0.8111186439939705,16,-0.7400897915939305,16
clean,0,4,5,-0.4793688007522182,16,-0.027078915474710807,16,-0.6653157911858838,16,-0.6976651836696655,16,-0.7903326325603577,16
clean,0,4,6,-0.6920684989498751,16,-0.006376037800480898,16,-0.368806368922402,16,-0.6599030766700275,16,-0.5903862577988539,16
clean,0,4,7,-0.6251291266723402,16,-0.007175776639046545,16,-0.4864713971372472,16,-0.676047135344353,16,-0.6998462735394623,16
clean,0,4,8,-0.36046951493796076,16,-0.008517718880220276,16,-0.3691549575476417,16,-0.5851757097411185,16,-0.5685439583889605,16
clean,0,4,9,-0.7489612169658892,16,-0.02759648562815344,16,-0.9476358554509248,16,-0.6267906773665124,16,-0.6634504709456177,16
clean,0,4,10,-0.8766035759015767,16,-0.04253736642498021,16,-0.7148795908173127,16,-0.7865405509808726,16,-0.7539918442921225,16
clean,0,4,11,-0.49822356189266603,16,-0.023672467855607563,16,-0.37460219824883123,16,-0.6587893359564774,16,-0.6127162876389252,16
clean,0,5,0,-0.40492066145859773,16,-0.015175050254670513,16,-0.2877039095448725,16,-0.4947871654671871,16,-0.3427625929747713,16
clean,0,5,1,-0.5335680428216442,16,-0.020816874074530856,16,-0.606016946926766,16,-0.5232350660342575,16,-0.34955374663223127,16
clean,0,5,2,-0.3713989922427174,16,-0.011488351693588186,16,-0.07798135602286807,16,-0.5520363521006018,16,-0.45344725043286005,16
clean,0,5,3,-0.47865057419204754,16,-0.002076927790567275,16,-0.22670551333697583,16,-0.5322597342432729,16,-0.5472734683814755,16
clean,0,5,4,-0.5171035555244188,16,-0.03127736003658847,16,-0.502626447826908,16,-0.6081077002055703,16,-0.3838615054747106,16
clean,0,5,5,-0.36097597784528435,16,-0.014855510172047417,16,-0.39351845061612095,16,-0.5591644895362307,16,-0.399290585678069,16
clean,0,5,6,-0.4432305618837201,16,-0.025707566278263753,16,-0.2569237994578664,16,-0.5294088502630676,16,-0.46809098558753054,16
clean,0,5,7,-0.26256489907890457,16,-0.011865642017083136,16,-0.5219651476578114,16,-0.4967764932880763,16,-0.4128653480273259,16
clean,0,5,8,-0.36798379975565776,16,-0.01078125434172163,16,-0.42567869217202053,16,-0.44854133154855286,16,-0.36745348579715587,16
clean,0,5,9,-0.4276850913608443,16,-0.013617984472440555,16,-0.2606145594866539,16,-0.40061072589717994,16,-0.3987250060588683,16
clean,0,5,10,-0.1474641598439205,16,-0.0007888375933054802,16,-0.05608813907855749,16,-0.45290052327558233,16,-0.4290221174059391,16
clean,0,5,11,-0.3002988952700614,16,-0.027630452392738918,16,-0.46385310421618775,16,-0.5374607832426891,16,-0.45593623092806645,16
clean,0,6,0,-0.1251062889263294,16,-0.010551114653198346,16,-0.3027960048783298,16,-0.35261294238219143,16,-0.2211765111598072,16
clean,0,6,1,-0.17201420182827132,16,-0.004731659984570855,16,-0.1587697991702726,16,-0.25750451164235755,16,-0.21217994424976985,16
clean,0,6,2,-0.5159591392808843,16,-0.017851931145046802,16,-0.36445386618742304,16,-0.3665301498244449,16,-0.24405306421501133,16
clean,0,6,3,-0.21049546067378452,16,-0.010100849733307438,16,-0.16243133883832367,16,-0.3291910236433062,16,-0.3095041941408164,16
clean,0,6,4,-0.33511228524678793,16,-0.01153078532940333,16,-0.23471406485339516,16,-0.3512814723510195,16,-0.3153563498343981,16
clean,0,6,5,-0.33726916977838417,16,-0.005673961036719612,16,-0.12128719352041584,16,-0.3126900923877661,16,-0.2516986470214124,16
clean,0,6,6,-0.38266400757585906,16,-0.010133378431069729,16,-0.2586515406019162,16,-0.20930057362302507,16,-0.2965628708233392,16
clean,0,6,7,-0.30618742832174534,16,-0.01068862271235544,16,-0.3341712805667174,16,-0.36213468248757713,16,-0.35237882299622936,16
clean,0,6,8,-0.14575303984836485,16,-0.007893073030819387,16,-0.08588819542061996,16,-0.31423984096874513,16,-0.1618168471349149,16
clean,0,6,9,-0.2496526599490011,16,-0.023012636352049063,16,-0.5355537057434647,16,-0.415607371922903,16,-0.2585763080842321,16
clean,0,6,10,-0.340649627871089,16,-0.013877252382149185,16,-0.22327224975232057,16,-0.240637820286756,16,-0.3499197439071191,16
clean,0,6,11,-0.13347288496527193,16,-0.003233730152321033,16,-0.2517247305759267,16,-0.38657821960769995,16,-0.2981644923427537,16
clean,0,7,0,-0.49464077872022927,16,-0.05133802136246304,16,-0.4691305517638328,16,-0.25109834571907064,16,-0.36513648451301456,16
clean,0,7,1,-0.21167715817153143,16,-0.00457395768716065,16,-0.12433545286400871,16,-0.2800249514132582,16,-0.2756597562203529,16
clean,0,7,2,-0.2898644368253891,16,-0.008207933080612986,16,-0.16059843954781386,16,-0.2817605895555172,16,-0.2922607309509565,16
clean,0,7,3,-0.2624449721408593,16,-0.015295729907045495,16,-0.345587193009515,16,-0.2434036721098421,16,-0.24968497590127187,16
clean,0,7,4,-0.368445051598716,16,-0.031498842958080545,16,-0.4122495201316791,16,-0.1907302381730639,16,-0.2619015406509167,16
clean,0,7,5,-0.3645240430867077,16,-0.020771236812513867,16,-0.24222903778015095,16,-0.28062741429238536,16,-0.3080395329630733,16
clean,0,7,6,-0.2819921076788079,16,-0.014490538443071733,16,-0.0030037528352614973,16,-0.24987794958493925,16,-0.27637277760058826,16
clean,0,7,7,-0.15460004714420414,16,-0.002202723601198839,16,-0.01286427402923837,16,-0.1703289901763819,16,-0.3042159520482842,16
clean,0,7,8,-0.21959852680425518,16,-0.020220613165497475,16,-0.15248308638856645,16,-0.33000120512585573,16,-0.2994482782879461,16
clean,0,7,9,-0.16518688219358402,16,-0.01709490822640578,16,-0.3092834293998017,16,-0.32634254338077473,16,-0.26628440664259384,16
clean,0,7,10,-0.10867257682342711,16,-0.0020629644328872074,16,-0.24742223894799678,16,-0.2581610998105177,16,-0.23673940035041857,16
clean,0,7,11,-0.13693266467664789,16,-0.0011331129598990861,16,-0.03596452918354556,16,-0.32873332482721357,16,-0.2555148933129465,16
clean,0,8,0,-0.25800462437082033,16,-0.034228652673018764,16,-0.545821902725032,16,-0.241127109922148,16,-0.16449993238324084,16
clean,0,8,1,-0.2517608855249187,16,-0.012678014272879231,16,-0.10262088019185286,16,-0.2150771459374341,16,-0.09034209391485204,16
clean,0,8,2,-0.2775442163468683,16,-0.007497995995913102,16,-0.14695899138303373,16,-0.26496054784179723,16,-0.12094999392100342,16
clean,0,8,3,-0.19384252424733425,16,-0.013925013589304227,16,-0.18929054709349602,16,-0.1919302955905275,16,-0.21388996422263426,16
clean,0,8,4,-0.268316036495941,16,-0.021887273700776096,16,-0.22745994084173693,16,-0.20013916548654817,16,-0.27774726219301815,16
clean,0,8,5,-0.13393020287380952,16,0.0051318968044617415,16,-0.013283464694611957,16,-0.19262959758384024,16,-0.11395095872135219,16
clean,0,8,6,-0.2826924273882017,16,-0.01185362584413753,16,-0.2491933818942524,16,-0.20881299569747924,16,-0.14090017769991903,16
clean,0,8,7,-0.22674444291492962,16,-0.009073463652236274,16,-0.1279864077715506,16,-0.12957905797046468,16,-0.05086060423100004,16
clean,0,8,8,-0.12636617681633788,16,-0.004223548476437217,16,-0.02260902275193897,16,-0.24090049925987356,16,-0.2115193164381597,16
clean,0,8,9,-0.13141693720674164,16,-0.006246846837324926,16,-0.045198621319112564,16,-0.14768525451701142,16,-0.055976050006763395,16
clean,0,8,10,-0.49674839927511927,16,-0.016968368882551647,16,-0.3253864460160111,16,-0.21521212059003245,16,-0.2649038218278119,16
clean,0,8,11,-0.46331758020747105,16,-0.023576922127350783,16,-0.3386171138797389,16,-0.11411750141344301,16,-0.1410082973856166,16
clean,0,9,0,-0.10204008005849415,16,-0.009453904399388171,16,-0.17900859903574984,16,-0.1232323992217571,16,-0.16062964157440818,16
clean,0,9,1,-0.006670753513654558,16,-0.020216074094819066,16,-0.28998971011529406,16,-0.12928453015592833,16,-0.0910623193751281,16
clean,0,9,2,-0.19469220564612258,16,-0.019356553572366313,16,-0.29414485884872393,16,-0.1856033897650136,16,-0.21132927039490113,16
clean,0,9,3,-0.3729261694893016,16,-0.019646077405105156,16,-0.0873317040957961,16,-0.34556842611542404,16,-0.1658940687634033,16
clean,0,9,4,-0.08297586674422285,16,-0.009025137080521143,16,0.2678063270574435,16,-0.18456328065934113,16,-0.14190300290056898,16
clean,0,9,5,-0.11489982794187903,16,-0.0038176874289476614,16,-0.1271053905773172,16,-0.24419336065960026,16,-0.1594903682454556,16
clean,0,9,6,-0.21669450481406677,16,-0.006635608668430876,16,-0.043099155202071485,16,-0.37971803226720635,16,-0.14128436903231176,16
clean,0,9,7,-0.2827625633404075,16,-0.0034709993426963806,16,0.021364131002351464,16,-0.14963824319846414,16,-0.10770580966030616,16
clean,0,9,8,-0.19842608027998268,16,-0.03669574154197425,16,-0.018848665463590507,16,-0.0796777958560581,16,-0.15026385608089268,16
clean,0,9,9,-0.11063344934057515,16,-0.010244470024310495,16,-0.25235567698054784,16,-0.18371562330546154,16,-0.17805618168920406,16
clean,0,9,10,-0.2731960890062878,16,-0.007369707199859188,16,-0.15705913094763457,16,-0.21643295067902502,16,-0.2578180352333793,16
clean,0,9,11,-0.14992829389481976,16,-0.016360795459218674,16,-0.21431048929364332,16,-0.18541748814103043,16,-0.19182192478724852,16
clean,0,10,0,-0.4129090040075951,16,-0.014632728635242452,16,-0.23340839808426178,16,-0.1714002381070033,16,-0.16329715141539153,16
clean,0,10,1,-0.18132126781280491,16,-0.02577180630679068,16,-0.25922511052067143,16,-0.27660922989074016,16,-0.24842019995301112,16
clean,0,10,2,-0.16453040965026633,16,-0.024537977449959177,16,-0.05568215044458508,16,-0.20135153295211897,16,-0.2552809987342889,16
clean,0,10,3,-0.06319831366512862,16,-0.023378361643465795,16,-0.1987504612856112,16,-0.19816669547164079,16,-0.19446117010214814,16
clean,0,10,4,-0.17565993423466403,16,-0.020358495238891588,16,-0.24155155566718728,16,-0.1917005227800408,16,-0.19027157428771801,16
clean,0,10,5,-0.2045541760723916,16,-0.035602692289208954,16,-0.1850927746812058,16,-0.2320051593632114,16,-0.24105460900021256,16
clean,0,10,6,0.006518840048438258,16,-0.021392343688034585,16,-0.029660840931468993,16,-0.12602302135538415,16,-0.15669959982099918,16
clean,0,10,7,-0.09405141178407798,16,-0.009933639173280263,16,-0.2730147538507878,16,-0.11556908018939879,16,-0.22556386410719748,16
clean,0,10,8,-0.21784348295961867,16,-0.018591203627689703,16,-0.2732435892192987,16,-0.14887486397107572,16,-0.15146475767535383,16
clean,0,10,9,-0.29769621913298566,16,-0.03430285452533353,16,-0.47465399529548363,16,-0.11830106921558664,16,-0.24537127123767927,16
clean,0,10,10,-0.4040092785404775,16,-0.029927747935317536,16,-0.11455180334428208,16,-0.3146252357642093,16,-0.22287263689239728,16
clean,0,10,11,-0.19493425335529435,16,-0.010932297612451524,16,-0.17421647258497902,16,-0.2175910835392026,16,-0.25599374509076545,16
clean,0,11,0,-0.22026333694064104,16,-0.03897906312063756,16,-0.2869736438333462,16,-0.2325220771246584,16,-0.2749502942336916,16
clean,0,11,1,-0.1663744129820936,16,-0.038795655809907986,16,-0.2413073194712111,16,-0.20937027154659477,16,-0.21640593102852013,16
clean,0,11,2,-0.1907027384340206,16,-0.029979522762757088,16,-0.21015790395209177,16,-0.3178653881084793,16,-0.2527735513949859,16
clean,0,11,3,-0.05505001150255144,16,-0.029064353749413623,16,-0.42837409451376784,16,-0.11484749784824311,16,-0.22881133149728666,16
clean,0,11,4,-0.22128290759573993,16,-0.015197785970614606,16,-0.18490369403430734,16,-0.3985660072655761,16,-0.3079264405444337,16
clean,0,11,5,-0.05905384240853272,16,-0.022576665074315667,16,-0.128599183889597,16,-0.21223688000278568,16,-0.288198534531884,16
clean,0,11,6,-0.075591759489889,16,-0.03798056815778371,16,-0.22479168554854978,16,-0.21792643533677433,16,-0.19571716648423507,16
clean,0,11,7,-0.16888543606334294,16,-0.01915043572839046,16,-0.1550583675083966,16,-0.3336168497677419,16,-0.2765054923797048,16
clean,0,11,8,-0.24248935203550662,16,-0.01522393435325025,16,-0.3845465262159072,16,-0.28505508943671864,16,-0.2633287965678849,16
clean,0,11,9,-0.1501776918346827,16,-0.009709983202393762,16,-0.09869802380349046,16,-0.24323114190890077,16,-0.12734721031416502,16
clean,0,11,10,-0.15327792970964357,16,-0.022026845896474242,16,-0.28344778927914394,16,-0.19496520453245555,16,-0.2902498082834565,16
clean,0,11,11,-0.16838862615925537,16,-0.040325765943680404,16,-0.11062089255002532,16,-0.22696966281105155,16,-0.35898235596296535,16
clean,0,12,0,-0.4322813854064075,16,-0.03311558296254022,16,-0.3241177336249549,16,-0.45461227962869644,16,-0.38907743551305385,16
clean,0,12,1,-0.21676166140590677,16,-0.05733047469702507,16,-0.29415808303747026,16,-0.37731380915616447,16,-0.5012915372915371,16
clean,0,12,2,-0.15404779273921193,16,-0.012779671659265562,16,-0.11290205607720269,16,-0.37463892461288956,16,-0.3016997267991861,16
clean,0,12,3,-0.056309138509947156,16,-0.031732558017200645,16,-0.1350265634449526,16,-0.2518855356817463,16,-0.3416560217903609,16
clean,0,12,4,-0.29020915100308653,16,-0.059951330927595574,16,-0.1415758691343223,16,-0.38825086707570766,16,-0.35163196230220395,16
clean,0,12,5,-0.3853764178723279,16,-0.022655231333522957,16,-0.16560375115101025,16,-0.40563560360533085,16,-0.3348040640265295,16
clean,0,12,6,-0.39630272066376676,16,-0.014995479430009959,16,-0.11231633175394919,16,-0.216843908758277,16,-0.3603571386265072,16
clean,0,12,7,-0.11725286380259792,16,-0.014913844507437527,16,-0.12040302752959146,16,-0.33341914317209387,16,-0.34557886776571267,16
clean,0,12,8,-0.11886175768261281,16,-0.016834498653372165,16,-0.21633433399055152,16,-0.34248344572251876,16,-0.36560701118782774,16
clean,0,12,9,-0.5894081017002684,16,-0.01231525014784981,16,-0.03965594727642004,16,-0.4131244985267535,16,-0.5533224953144151,16
clean,0,12,10,-0.29744480713457805,16,-0.05303296489683978,16,-0.5808364280385863,16,-0.37752438816361567,16,-0.3320958811043151,16
clean,0,12,11,-0.2459449970078253,16,-0.010797452507502366,16,-0.18909135292085538,16,-0.33713072275815836,16,-0.36038331890930975,16
clean,0,13,0,-0.26554067763778555,16,-0.03030204598141003,16,-0.1665383025226019,16,-0.2235626235419622,16,-0.30326397961188134,16
clean,0,13,1,-0.31205375784700085,16,-0.02184747442540442,16,-0.06788992402619035,16,-0.3557708242922503,16,-0.3524828705345158,16
clean,0,13,2,-0.21686337111139356,16,-0.052609652825129,16,-0.4029887774736912,16,-0.21483365041942615,16,-0.3601595233080857,16
clean,0,13,3,-0.2803212952652649,16,-0.030552224169350797,16,-0.09140323882897877,16,-0.30555563569435507,16,-0.29322867584124684,16
clean,0,13,4,-0.2881946441060015,16,-0.029928500849096946,16,-0.15113668732670854,16,-0.3865836762591971,16,-0.34605164982201875,16
clean,0,13,5,-0.31557595572247854,16,-0.04249333271574145,16,-0.46680663475340367,16,-0.27470566525250795,16,-0.2864989788826482,16
clean,0,13,6,-0.26774865736211895,16,-0.05281959489871169,16,-0.5185491294050466,16,-0.4633744002242095,16,-0.374453090829014,16
clean,0,13,7,-0.4426111678826271,16,-0.07831373173639064,16,-0.546698788004655,16,-0.33105947615947884,16,-0.46307974416209285,16
clean,0,13,8,-0.2836694064240351,16,-0.03745623554408347,16,-0.3784128140938542,16,-0.2981610686706496,16,-0.2816196474171635,16
clean,0,13,9,-0.38326733164518667,16,-0.02638156200589583,16,-0.26947357526509147,16,-0.36114523402928556,16,-0.37999546173792237,16
clean,0,13,10,-0.17301735579640307,16,-0.04236415618649063,16,-0.23978893738732815,16,-0.2223077761693877,16,-0.39855502493182304,16
clean,0,13,11,-0.11383117223376818,16,-0.020939111643009618,16,-0.34679214049787865,16,-0.32203525581989134,16,-0.40655961505368665,16
clean,0,14,0,-0.4727812871942527,16,-0.01826233189326499,16,-0.2830796685380891,16,-0.3107083738790217,16,-0.3268763225362292,16
clean,0,14,1,-0.26202769639887047,16,-0.07662866592996796,16,-0.25029123708069695,16,-0.33695595709112436,16,-0.35478023866855596,16
clean,0,14,2,-0.43604685038958935,16,-0.056889502173036746,16,-0.35748222111648265,16,-0.3573951556840904,16,-0.44892159144073673,16
clean,0,14,3,-0.21268671478645917,16,-0.034891658530314125,16,-0.3775227327252902,16,-0.40933866292284815,16,-0.44933970566303005,16
clean,0,14,4,-0.1839155061790405,16,-0.019796087013833348,16,-0.17799492979649034,16,-0.28525386205968073,16,-0.19120211945073112,16
clean,0,14,5,-0.290422782172823,16,-0.027762158055613845,16,-0.10994728637901001,16,-0.3620938010104092,16,-0.30048396774378333,16
clean,0,14,6,-0.33169820329233,16,-0.018124840956765365,16,-0.2583741324410128,16,-0.29858782633956493,16,-0.29753230908816075,16
clean,0,14,7,-0.32961544467893344,16,-0.04247521049144175,16,-0.22426098089840985,16,-0.3893731874478716,16,-0.3809260317094596,16
clean,0,14,8,-0.13800771314616572,16,-0.01907780102830902,16,-0.1929756703604297,16,-0.32198365482110025,16,-0.30484500967749406,16
clean,0,14,9,-0.35640943383427026,16,-0.02688530213981402,16,-0.11129092752841517,16,-0.38637987382714367,16,-0.4312856207083383,16
clean,0,14,10,-0.18845677641845582,16,-0.02608537393655669,16,-0.2822613863370439,16,-0.364177159630127,16,-0.27642994835587625,16
clean,0,14,11,-0.13423918867955315,16,-0.04026169554522585,16,-0.17293366135920535,16,-0.3288566334749875,16,-0.3891692451709855,16
clean,0,15,0,-0.45615567322224204,16,-0.04854489946627821,16,-0.279735535667642,16,-0.4289592077216942,16,-0.4890945356502402,16
clean,0,15,1,-0.2951669584644057,16,-0.08047428827916517,16,-0.49449922752175063,16,-0.36123311003645703,16,-0.44964347933905824,16
clean,0,15,2,-0.42362773816093846,16,-0.14547249311407356,16,-0.33351135877318894,16,-0.38793058387031465,16,-0.5508793937789471,16
clean,0,15,3,-0.33135402147226634,16,-0.06914249627600959,16,-0.2640477448614953,16,-0.5450447783248399,16,-0.4914548263409749,16
clean,0,15,4,-0.3979309984903808,16,-0.042140267186517893,16,-0.49714941817852387,16,-0.4308270628273655,16,-0.46164640501641074,16
clean,0,15,5,-0.5380185119280707,16,-0.05221419794616998,16,-0.4538793360788117,16,-0.5841942548130552,16,-0.49038800364026536,16
clean,0,15,6,-0.5619682025653904,16,-0.04742467708010658,16,-0.2472062785069267,16,-0.5365698877584308,16,-0.5086290880045163,16
clean,0,15,7,-0.369997465122028,16,-0.12054719862038542,16,-0.4795150702840275,16,-0.4185456366023941,16,-0.6588099875186455,16
clean,0,15,8,-0.39154535549035807,16,-0.023949785184233685,16,-0.2521532787804175,16,-0.43803736482675804,16,-0.4621032786592983,16
clean,0,15,9,-0.22571447095094765,16,-0.055158922486958396,16,-0.5707088613701516,16,-0.34863565072776326,16,-0.5125106878851151,16
clean,0,15,10,-0.2635201759998552,16,-0.031337265224836694,16,-0.23166104097288093,16,-0.43434635932939947,16,-0.4590349288734025,16
clean,0,15,11,-0.18384911368261542,16,-0.0335211290932254,16,-0.15180767626497443,16,-0.39127993572806413,16,-0.48276376738982696,16
clean,0,16,0,-0.2850616428733138,16,-0.05958754827173329,16,-0.4622812976503591,16,-0.4703015902149395,16,-0.5377463320161638,16
clean,0,16,1,-0.29231988879624005,16,-0.04983969177816701,16,-0.27709519328085214,16,-0.4505110342445079,16,-0.4761619243743124,16
clean,0,16,2,-0.28918910701060324,16,-0.014637482654335824,16,-0.2474578840013455,16,-0.41301383735607733,16,-0.3494352281001682,16
clean,0,16,3,-0.3033180722304645,16,-0.058237598039073045,16,-0.2373770618272538,16,-0.5718118552254126,16,-0.40945694612410233,16
clean,0,16,4,-0.3643442858131231,16,-0.03207363221591719,16,-0.2320429152224881,16,-0.5519713903312158,16,-0.5282159891317582,16
clean,0,16,5,-0.2529174825864754,16,-0.03813379867708838,16,-0.1843797003267803,16,-0.513615844427622,16,-0.4905141761614358,16
clean,0,16,6,-0.46090202299685845,16,-0.01339801864614728,16,-0.28843256969997977,16,-0.5098603562318201,16,-0.5259068724383751,16
clean,0,16,7,-0.34241154180181543,16,-0.05642005025863031,16,-0.25841933191827576,16,-0.512974219518191,16,-0.5183234470655427,16
clean,0,16,8,-0.3866505376634134,16,-0.021398070111988327,16,-0.20502707673958132,16,-0.5627829107304769,16,-0.33929898599808295,16
clean,0,16,9,-0.4574537237245756,16,-0.017403081037361753,16,-0.1687455583922805,16,-0.4887078170489214,16,-0.37942766416568774,16
clean,0,16,10,-0.31037527081389943,16,-0.06893403723797158,16,-0.15961509180872724,16,-0.46810932265478294,16,-0.5057745683699042,16
clean,0,16,11,-0.6005021097134156,16,-0.06306851159386812,16,-0.21290917091440964,16,-0.29794491882790564,16,-0.5059666870148909,16
clean,0,17,0,-0.5176587740269988,16,-0.019780190898534257,16,-0.22832560573013172,16,-0.46878402725710944,16,-0.47122300664564687,16
clean,0,17,1,-0.19381857836341349,16,-0.015011385614112147,16,-0.20440779603949968,16,-0.4980663393373488,16,-0.3440185365513947,16
clean,0,17,2,-0.35043494948224974,16,-0.010857299396634108,16,-0.17876787004390285,16,-0.3539290268661295,16,-0.6158733837656619,16
clean,0,17,3,-0.23027730452831785,16,-0.011627278125023555,16,-0.17759515213808955,16,-0.5365566094286991,16,-0.3487261844759246,16
clean,0,17,4,-0.2256789977184896,16,-0.013834614747152236,16,-0.34193134365358424,16,-0.6264058938501046,16,-0.510106739191115,16
clean,0,17,5,0.025383449680799513,16,-0.017801684855917287,16,-0.33739270477371097,16,-0.5112692100832671,16,-0.37296282861910834,16
clean,0,17,6,-0.39617402592479456,16,-0.01883962664533358,16,-0.28059277970910484,16,-0.5406750696083686,16,-0.43468942440167213,16
clean,0,17,7,-0.16264386943220688,16,-0.012707244582363072,16,-0.2061609769809638,16,-0.4545480016952371,16,-0.43972351852986685,16
clean,0,17,8,-0.00996719287863012,16,-0.011606494880082203,16,-0.26590086381939154,16,-0.5847766705237419,16,-0.287967697070343,16
clean,0,17,9,-0.37995318875391115,16,-0.040315377465900616,16,-0.33645054257769047,16,-0.6217750806106858,16,-0.47309256468096617,16
clean,0,17,10,-0.1519636138317945,16,-0.02559352616468353,16,-0.30416224642797035,16,-0.4674080323942842,16,-0.4366133002116429,16
clean,0,17,11,-0.428907269984334,16,-0.03124657987972436,16,-0.20449882461032043,16,-0.5098881533228175,16,-0.5331604012912838,16
clean,0,18,0,-0.5297351183619167,16,-0.03460352714391996,16,-0.32292315744084865,16,-0.41546136375855863,16,-0.5745636299315411,16
clean,0,18,1,-0.49212163779779294,16,-0.025921099276667,16,-0.35159249455363545,16,-0.5058698360879983,16,-0.558373057657761,16
clean,0,18,2,-0.2534791323612998,16,-0.02711600545825559,16,-0.3550279336250779,16,-0.5923178192017827,16,-0.6014654594901161,16
clean,0,18,3,-0.39948705554361796,16,-0.013297950285803203,16,-0.2569471252880999,16,-0.49174937071286906,16,-0.6304766561924853,16
clean,0,18,4,-0.42043082167278406,16,-0.035400896993447666,16,-0.34715083473886227,16,-0.6993639470786817,16,-0.5858389092664329,16
clean,0,18,5,-0.5249816770218295,16,-0.033997185324528396,16,-0.3754689073343606,16,-0.63793045884225,16,-0.6139784714742141,16
clean,0,18,6,-0.4515730283245857,16,-0.022654806351919455,16,-0.21053423448044706,16,-0.3917246139482672,16,-0.5733305847054763,16
clean,0,18,7,-0.25874994243674276,16,-0.023332473085144117,16,-0.21931700397263398,16,-0.37214766132997523,16,-0.5447724735908233,16
clean,0,18,8,-0.5452242449790503,16,-0.015837199791391147,16,-0.24410437594634754,16,-0.5461815956160734,16,-0.5908573890913001,16
clean,0,18,9,-0.48592428158252415,16,-0.015809129091853294,16,-0.288345624557139,16,-0.6674331403341428,16,-0.5293118509562275,16
clean,0,18,10,-0.42929453987114546,16,-0.015808389982718628,16,-0.06780419968362823,16,-0.682804968165123,16,-0.6138651762563965,16
clean,0,18,11,-0.6921857422129092,16,-0.024419751001830213,16,-0.34034805537999213,16,-0.5917747272419129,16,-0.7387732137633782,16
clean,0,19,0,-0.8531699340831242,16,-0.05879398459313767,16,-0.2783759152583696,16,-0.5897424895429974,16,-1.2155587587336802,16
clean,0,19,1,-0.5414015944067814,16,-0.03563109586222178,16,-0.380636609473624,16,-1.3941714623125532,16,-1.2609154011276635,16
clean,0,19,2,-0.3855537400592128,16,-0.04039779495594828,16,-0.5551692046273106,16,-1.7308337547823385,16,-1.0912802203960539,16
clean,0,19,3,-0.9498437605186714,16,-0.04040185131020001,16,-0.32983160692997265,16,-1.151389781901567,16,-1.219110395758328,16
clean,0,19,4,-0.5111192038528577,16,-0.03925997459563578,16,-0.7063562049824694,16,-2.0311132630927595,16,-1.1919812398822949,16
clean,0,19,5,-1.234780772809047,16,-0.021018364496828278,16,-0.3375324305413424,16,-1.2934155985991402,16,-1.202187934433994,16
clean,0,19,6,-0.6302743582233752,16,-0.01692516895326799,16,-0.4056174466752387,16,-1.3124358521708905,16,-0.9414422243293523,16
clean,0,19,7,-0.8912953599164857,16,-0.024799486825109823,16,-0.3971297602868576,16,-1.6775002991542824,16,-1.3469092618104497,16
clean,0,19,8,-0.7511296868076061,16,-0.008537849637193666,16,-0.39497636334357744,16,-1.056624979973235,16,-1.0583527710687022,16
clean,0,19,9,-0.8532182729929783,16,-0.060157789859308725,16,-0.7679410939956866,16,-1.734636325622548,16,-1.3776761645066307,16
clean,0,19,10,-0.7624714574891482,16,-0.025805622344756265,16,-0.4812574781544359,16,-1.4247608179793667,16,-1.0531126792919552,16
clean,0,19,11,-0.604890393257929,16,-0.04850323105568894,16,-0.4297823005549974,16,-1.7842570024286006,16,-1.0679214811702449,16
clean,0,20,0,-1.2101896702173258,16,-0.04364213451559133,16,-0.8924191397748619,16,-1.2389964149922192,16,-0.9878639795119191,16
clean,0,20,1,-1.4800210344511116,16,-0.131833991255703,16,-1.0592314798927631,16,-1.1368415247353143,16,-1.2648321501147242,16
clean,0,20,2,-0.6820509900335241,16,-0.1052332385496601,16,-0.6006415733177097,16,-1.16780255915859,16,-1.1405282252649929,16
clean,0,20,3,-0.4813510591271257,16,-0.10960079373271632,16,-0.9626074153435364,16,-1.3030104355055943,16,-1.0371497898881814,16
clean,0,20,4,-1.0621242638746722,16,-0.040329496900346526,16,-0.4566617468545719,16,-1.0462383497161318,16,-1.1326974393626843,16
clean,0,20,5,-0.6453890084846889,16,-0.1498889104199722,16,-0.8351604577698335,16,-1.2370282595545123,16,-0.9053224280112852,16
clean,0,20,6,-0.5470171618418594,16,-0.01657054703692037,16,-0.4391632799430092,16,-1.179541065733434,16,-1.08673651725672,16
clean,0,20,7,-0.9294254620993716,16,-0.11960372158668303,16,-1.226005066274547,16,-0.9490347103576013,16,-1.1583498009151247,16
clean,0,20,8,-1.5516899352802644,16,-0.05359920224914329,16,-0.8002909686776177,16,-1.0740501433402747,16,-1.273789715028936,16
clean,0,20,9,-0.7960624768996026,16,-0.032215747048311844,16,-0.5166799040257251,16,-1.166685837669662,16,-1.1755522091308785,16
clean,0,20,10,-0.38595809010211307,16,-0.02377838328788902,16,-0.36953096588695633,16,-1.0997479015282563,16,-1.059249614644191,16
clean,0,20,11,-1.43322413117917,16,-0.11462041264194603,16,-0.8494768642966106,16,-1.2531028714056696,16,-1.169737421757848,16
clean,0,21,0,-0.6812195500025569,16,-0.08460596762287732,16,-0.7364175466986882,16,-1.084532486722701,16,-1.0237755934603905,16
clean,0,21,1,-0.6785503151634054,16,-0.04438444606664181,16,-0.7011354251319979,16,-1.0162903673629802,16,-1.0355491682978903,16
clean,0,21,2,-1.2969935936830996,16,-0.04884831190014011,16,-0.8554878348795353,16,-0.9937282931284983,16,-1.0330034985264143,16
clean,0,21,3,-0.8450978213788232,16,-0.07533627907438362,16,-0.8046631941751426,16,-1.0283084559258049,16,-0.9929773202419543,16
clean,0,21,4,-1.0111266256652196,16,-0.03609384158062535,16,-0.6357631153737897,16,-0.8447607802547321,16,-0.9892112330491424,16
clean,0,21,5,-0.9656223174864661,16,-0.037236432790019015,16,-0.6258069783882433,16,-1.1711455553199477,16,-1.1573556139838166,16
clean,0,21,6,-0.6579482202742625,16,-0.05730496328315642,16,-0.5978716145691048,16,-0.9664197337456799,16,-1.140453966931068,16
clean,0,21,7,-1.2689011498710743,16,-0.07899609576722894,16,-0.435702005222324,16,-1.0698883727685977,16,-1.130337470721193,16
clean,0,21,8,-0.5600321570759333,16,-0.027512820000906744,16,-0.6441231159262071,16,-1.0668389958681121,16,-1.0212824605083637,16
clean,0,21,9,-0.777520968111125,16,-0.11549651361221175,16,-0.8551887013431607,16,-1.1034464809834645,16,-0.9891926687543469,16
clean,0,21,10,-0.5596676374552201,16,-0.12900930700812563,16,-0.910594952491945,16,-1.2569797436032704,16,-0.9023161262012749,16
clean,0,21,11,-0.8551376384214202,16,-0.043437761777368904,16,-0.7223648515755583,16,-1.2040199935827491,16,-1.1271235789606453,16
clean,0,22,0,-0.818435676554937,16,-0.08848471602287719,16,-0.5935486866157238,16,-1.0032347544024538,16,-1.0648223103365502,16
clean,0,22,1,-0.918643127270418,16,-0.048036825110506325,16,-0.5922383652001395,16,-1.166476409011945,16,-1.0958737563185896,16
clean,0,22,2,-1.045980460027352,16,-0.0468060378504188,16,-0.7967716629953379,16,-1.0596172113520657,16,-1.0051395561895329,16
clean,0,22,3,-0.6823133592086358,16,-0.044665767274681176,16,-0.4681957443899332,16,-1.1079658555895777,16,-0.9998214049924102,16
clean,0,22,4,-0.8153010243761984,16,-0.09151035036899659,16,-0.5791402032458066,16,-1.0171527921129508,16,-1.2436153656462254,16
clean,0,22,5,-0.7545964273648766,16,-0.06083487971078741,16,-0.3836557400642308,16,-0.9446700187558068,16,-1.1440420993166684,16
clean,0,22,6,-0.9205015821112608,16,-0.07643125346435403,16,-0.4683886218742238,16,-1.0466396722278901,16,-1.2667966948131777,16
clean,0,22,7,-1.1683390861591385,16,-0.05930824771501031,16,-0.9707714611515543,16,-1.0443449560596676,16,-1.177319339097544,16
clean,0,22,8,-0.7484539120278871,16,-0.031462967599069226,16,-0.4994237201540915,16,-0.884834050671433,16,-1.014245571344564,16
clean,0,22,9,-0.8040522075414309,16,-0.035387167317969134,16,-0.4182640220695071,16,-0.9236162344662989,16,-1.0354711593010442,16
clean,0,22,10,-1.0170777329309564,16,-0.084579747441974,16,-0.5077428242285931,16,-1.0442521741972597,16,-1.0594045973170854,16
clean,0,22,11,-0.7719511848878379,16,-0.03400140687112321,16,-0.408574197854351,16,-1.2289003521686475,16,-0.8882894019595495,16
clean,0,23,0,-0.6023570166617928,16,-0.04064133932994751,16,-0.543248928559616,16,-1.0250652737729453,16,-1.011395690092333,16
clean,0,23,1,-1.226107205781243,16,-0.21236363599473468,16,-1.1984563450253658,16,-1.0763660693345205,16,-1.0509136777681878,16
clean,0,23,2,-0.7463189203696654,16,-0.01905807703391395,16,-0.540435831917593,16,-0.87882819563916,16,-0.8942415888903145,16
clean,0,23,3,-0.6254642696418289,16,-0.05214547006159234,16,-0.84005421833071,16,-0.8584266818610622,16,-0.9245547824706344,16
clean,0,23,4,-0.733875252387429,16,-0.06998276575906584,16,-0.4831682129233792,16,-0.943756316953901,16,-1.0175003262823448,16
clean,0,23,5,-0.9300003067678961,16,-0.0792323414127544,16,-1.044149077407468,16,-0.6636478000646968,16,-1.125974784097735,16
clean,0,23,6,-0.9257531707276949,16,-0.07472593839957725,16,-0.4103574834131607,16,-1.0257730711200788,16,-1.0945680160595694,16
clean,0,23,7,-0.680434207225524,16,-0.05026009882338785,16,-0.7122790315207392,16,-1.1620924143124982,16,-0.9078214875274337,16
clean,0,23,8,-0.5821145554183661,16,-0.0317364447092951,16,-0.29858600054280104,16,-1.1003179104439214,16,-0.9323842251828887,16
clean,0,23,9,-0.7805267477488268,16,-0.08356507522494079,16,-0.8800261803905006,16,-0.6149861473308982,16,-0.9649837929557958,16
clean,0,23,10,-1.1276533032144846,16,-0.2018838019036695,16,-1.2746662280529975,16,-1.0467942890415693,16,-0.9877233222071924,16
clean,0,23,11,-0.8170836100308383,16,-0.08763017621485003,16,-0.7603564512018615,16,-0.6727475515289327,16,-1.0003194030934595,16
clean,0,24,0,-0.9053977303220617,16,-0.046618413081387436,16,-0.6121617176683736,16,-1.0401222925494173,16,-0.8422586020225095,16
clean,0,24,1,-0.8995565231985511,16,-0.02470936731480777,16,-0.486695975807419,16,-0.9355596582064112,16,-0.8853970668397165,16
clean,0,24,2,-0.8356845490557184,16,-0.06239787229219734,16,-0.7360707684219988,16,-1.0991991605099745,16,-0.9667731177433443,16
clean,0,24,3,-0.727077282399899,16,-0.03170601049421379,16,-0.5939602182254817,16,-0.9571348198324042,16,-1.103848934873106,16
clean,0,24,4,-0.5223044348947289,16,-0.02845434078577233,16,-0.5765343129169416,16,-0.9956407225790962,16,-0.9418984625109883,16
clean,0,24,5,-0.782041337171763,16,-0.029741488624363415,16,-0.46210723391106956,16,-0.9306585427786311,16,-0.9223583922034143,16
clean,0,24,6,-0.8936413985928175,16,-0.07214261353617929,16,-0.7778664293049329,16,-0.6036050960457007,16,-0.9344813564017282,16
clean,0,24,7,-0.6432140278826979,16,-0.061832963593867314,16,-0.6321858225024068,16,-0.7087100639691651,16,-0.8851862134503589,16
clean,0,24,8,-1.0258784128003555,16,-0.05280340825684464,16,-0.6910151079435046,16,-0.6204837491855169,16,-0.9499388134065029,16
clean,0,24,9,-1.1668336336320448,16,-0.03157992282630841,16,-0.6105090916065767,16,-0.9540679283376099,16,-0.9514169263623841,16
clean,0,24,10,-1.1307624696891567,16,-0.09075356881746806,16,-0.6128916732327541,16,-0.6854604180369688,16,-0.9752646083955081,16
clean,0,24,11,-0.684479144428184,16,-0.09390833953170634,16,-0.7682120218409147,16,-0.5236459268461156,16,-0.8622702947572818,16
clean,0,25,0,-0.683504653706325,16,-0.10114332138713786,16,-0.7136038787668789,16,-1.8524064778152076,16,-1.438609887360518,16
clean,0,25,1,-1.2499612019655542,16,-0.07397814188089641,16,-0.8235831929468329,16,-1.9696079630958474,16,-1.5295077472586838,16
clean,0,25,2,-1.4249933126490593,16,-0.11876964267581189,16,-1.0941801038283478,16,-2.0890812233767915,16,-1.5454773158730126,16
clean,0,25,3,-1.620049811052092,16,-0.10976597784421302,16,-1.0384173722932202,16,-1.8454106101449967,16,-1.5506300721510848,16
clean,0,25,4,-0.9703213876079749,16,-0.1493068996870874,16,-0.8119707374229244,16,-1.8180686628606941,16,-1.3362743457738233,16
clean,0,25,5,-1.4926227180968068,16,-0.11906557217480648,16,-0.8982769613258641,16,-1.677020728430894,16,-1.2818281321919316,16
clean,0,25,6,-1.2913562041922921,16,-0.051259332379442205,16,-0.6788554744939911,16,-1.7977450198394573,16,-1.4386454561459265,16
clean,0,25,7,-1.6079874529402831,16,-0.04826825522754305,16,-0.8247461517294032,16,-1.7020150295781264,16,-1.4888286767298347,16
clean,0,25,8,-1.0243917385915837,16,-0.1163993697929101,16,-0.7748635247108246,16,-1.9975941272971014,16,-1.462868426184347,16
clean,0,25,9,-1.1997723834722254,16,-0.09499917373437972,16,-1.0741147125888797,16,-1.7768585100087253,16,-1.3492047113028682,16
clean,0,25,10,-0.8169833019854366,16,-0.05748124117299089,16,-0.7472803629621693,16,-1.654833036417029,16,-1.5699024629408564,16
clean,0,25,11,-0.9667151504282011,16,-0.13901461788095287,16,-0.9477936797821357,16,-1.739933737607299,16,-1.4665665489730864,16
clean,0,26,0,-0.7556520692377197,16,-0.05223525320580578,16,-0.872271865381574,16,-1.4558579375395222,16,-1.369964800518469,16
clean,0,26,1,-1.0542507556749134,16,-0.0917944063215084,16,-0.7829966615135591,16,-1.458401065319253,16,-1.3971605779685343,16
clean,0,26,2,-0.9539362408766182,16,-0.14875634113146133,16,-0.799157984587048,16,-1.451500957926363,16,-1.4537319509205173,16
clean,0,26,3,-0.9669174603957018,16,-0.026420277918379337,16,-0.7920233815157753,16,-1.5320946190602174,16,-1.3411406453622918,16
clean,0,26,4,-1.6064820981600145,16,-0.10128835717713985,16,-1.2588732545965295,16,-1.3468463595440587,16,-1.4529133911521663,16
clean,0,26,5,-0.977267138734266,16,-0.10002141129179395,16,-0.9871896228055713,16,-1.482950650887685,16,-1.3742494781233694,16
clean,0,26,6,-1.6017810538746131,16,-0.20430333346306756,16,-1.0861718498904545,16,-1.428475859825122,16,-1.2585009823240114,16
clean,0,26,7,-1.0067411121077878,16,-0.13086149565884467,16,-0.9886871319333843,16,-1.314568427951853,16,-1.4470850126065828,16
clean,0,26,8,-0.9034962273272904,16,-0.15512931160505133,16,-0.8592994942933961,16,-1.3176500351836842,16,-1.5072406313343922,16
clean,0,26,9,-0.893102308684143,16,-0.12666755233379062,16,-0.8140719702671697,16,-1.2963263764617599,16,-1.3128456943356996,16
clean,0,26,10,-1.1770622772012775,16,-0.2513559004761823,16,-0.9599922513106933,16,-1.4810621670800683,16,-1.1980443079913086,16
clean,0,26,11,-0.877437557222045,16,-0.11164779233013161,16,-0.6855309387237796,16,-1.368250643493202,16,-1.4483432010328456,16
clean,0,27,0,-1.6417002105032767,16,-0.06091106242959163,16,-1.2476154165948483,16,-1.146033268586959,16,-1.295264727190418,16
clean,0,27,1,-1.877459910782259,16,-0.05868575388174215,16,-1.5687133492013892,16,-1.276767944200379,16,-1.1637117787472107,16
clean,0,27,2,-1.4127026261162396,16,-0.06776543177477318,16,-0.9331453569097787,16,-1.0985578337342956,16,-1.2018502241767655,16
clean,0,27,3,-1.3727302563942314,16,-0.18461655101014965,16,-1.549681638514286,16,-1.250828307146346,16,-1.3412435723667513,16
clean,0,27,4,-1.189972126771296,16,-0.019983205372403206,16,-0.9884465623571124,16,-1.2412321535559745,16,-1.237871831677873,16
clean,0,27,5,-1.106214060428266,16,-0.02132469562537538,16,-1.1805954675123,16,-1.1290275729475447,16,-1.114651419546176,16
clean,0,27,6,-0.6799419572311429,16,-0.03469153842199758,16,-0.7581800428246006,16,-1.2221507576047923,16,-1.0891528795795773,16
clean,0,27,7,-1.1525864556326026,16,-0.05655917063775606,16,-0.8117768182543637,16,-1.2251947104187373,16,-1.2114563390706803,16
clean,0,27,8,-1.5545260895524646,16,-0.10253883605134556,16,-0.9041663724870636,16,-1.1353724547736421,16,-1.2095446955604712,16
clean,0,27,9,-1.0004196661687241,16,-0.06307950283193375,16,-1.150556088714291,16,-1.154280074719347,16,-1.2195949876390562,16
clean,0,27,10,-0.92050594300137,16,-0.16250345161205337,16,-0.9081402404062898,16,-1.217046170840561,16,-1.3503345050632007,16
clean,0,27,11,-1.3889861334035367,16,-0.13762653498008348,16,-0.9597207925250485,16,-1.18718648287104,16,-0.9682238421304887,16
clean,0,28,0,-0.9895262401921476,16,-5.6594406283278776e-05,16,-0.00995632930971876,16,-1.0356736135248543,16,-1.0617352123988968,16
clean,0,28,1,-0.781246475784411,16,-0.0244023122538266,16,-0.709626740498918,16,-1.2408941791789652,16,-1.340860122870935,16
clean,0,28,2,-1.7071239652775936,16,-0.10111415642954101,16,-1.52451249803566,16,-1.087332456619778,16,-1.195506035587456,16
clean,0,28,3,-0.9887759964335623,16,-0.019998957377093868,16,-0.7073019794951205,16,-1.3102865025739208,16,-1.1110010592195885,16
clean,0,28,4,-0.8394749815497042,16,-0.007447752140978595,16,-0.4186215675120479,16,-1.1916384892659684,16,-1.235492209581113,16
clean,0,28,5,-1.0235991202169301,16,-0.029801101985487733,16,-0.47970875018979575,16,-1.1642836533511811,16,-1.1758174651890343,16
clean,0,28,6,-0.5863742376922542,16,-0.07335492023665471,16,-1.280385201074256,16,-1.243349146251172,16,-1.1481511757361065,16
clean,0,28,7,-0.7071262217820014,16,-0.003925442538635518,16,-0.5841416207766467,16,-1.168977136119475,16,-1.2608356795154247,16
clean,0,28,8,-0.4620900910571516,16,-0.02666136510626679,16,-0.31114887228208904,16,-1.2237977551307684,16,-1.050128768419944,16
clean,0,28,9,-0.791804221454925,16,-0.09534360163394698,16,-1.055143926429801,16,-1.2380663535486893,16,-1.140011320026285,16
clean,0,28,10,-0.828716528512782,16,-0.050357702034148216,16,-0.5817691908700897,16,-1.1750992651374794,16,-1.0996137263669947,16
clean,0,28,11,-0.5881098046298799,16,-0.014742905761387889,16,-0.19069396585143839,16,-1.2220559805876374,16,-1.5897831409000716,16
clean,0,29,0,-1.2833428660730029,16,-0.13267018260500119,16,-1.0252139677402,16,-1.5887397078357486,16,-1.2536580465506897,16
clean,0,29,1,-1.58538801703176,16,-0.021851897870989213,16,-1.1190211494441806,16,-1.633294910365186,16,-1.3150221748816384,16
clean,0,29,2,-0.4366905650456853,16,-0.016619729857587376,16,-0.5118710094414505,16,-1.565541296618564,16,-1.0649758898122017,16
clean,0,29,3,-1.5250361161157386,16,-0.07259333820154731,16,-1.4697250021809587,16,-1.5203812642582568,16,-1.2452018322547584,16
clean,0,29,4,-1.0435894566591313,16,-0.05347046983952057,16,-1.0271475934442016,16,-1.560856188330305,16,-1.418450750806336,16
clean,0,29,5,-1.3339318897223156,16,-0.06764507657740404,16,-0.9122911424317757,16,-1.6245296561620046,16,-1.4250829232782967,16
clean,0,29,6,-1.0310582078063124,16,-0.005140402054862027,16,-0.6274875597248386,16,-1.5441893283212056,16,-1.2273033678470155,16
clean,0,29,7,-0.9435938057122049,16,-0.11922165042424751,16,-0.9135005289247723,16,-1.372694078821273,16,-1.2084557188381657,16
clean,0,29,8,-1.7472720150274692,16,-0.1467563410918788,16,-1.5976938191407972,16,-1.5018753730303884,16,-1.3090531142060957,16
clean,0,29,9,-0.47748837367515085,16,-0.027207123842151043,16,-0.1334133761202753,16,-1.337900875705995,16,-1.4082866491100137,16
clean,0,29,10,-0.8578553946305699,16,-0.02456504168856865,16,-0.7112030908419247,16,-1.4499726044787988,16,-1.185040772874763,16
clean,0,29,11,-1.1904186123967233,16,-0.12087861666957818,16,-0.7688786571863326,16,-1.6346191604693636,16,-1.500944182530743,16
noisy,250,0,0,0.0,16,0.0,16,0.0,16,0.0,16,0.0,16
noisy,250,0,1,0.0,16,0.0,16,0.0,16,0.0,16,0.0,16
noisy,250,0,2,0.0,16,0.0,16,0.0,16,0.0,16,0.0,16
noisy,250,0,3,0.0,16,0.0,16,0.0,16,0.0,16,0.0,16
noisy,250,0,4,0.0,16,0.0,16,0.0,16,0.0,16,0.0,16
noisy,250,0,5,0.0,16,0.0,16,0.0,16,0.0,16,0.0,16
noisy,250,0,6,0.0,16,0.0,16,0.0,16,0.0,16,0.0,16
noisy,250,0,7,0.0,16,0.0,16,0.0,16,0.0,16,0.0,16
noisy,250,0,8,0.0,16,0.0,16,0.0,16,0.0,16,0.0,16
noisy,250,0,9,0.0,16,0.0,16,0.0,16,0.0,16,0.0,16
noisy,250,0,10,0.0,16,0.0,16,0.0,16,0.0,16,0.0,16
noisy,250,0,11,0.0,16,0.0,16,0.0,16,0.0,16,0.0,16
noisy,250,1,0,0.2113253943014602,16,-0.08116436241214162,16,-0.33204118079965783,16,-0.31288275783208985,16,-0.2876430755444269,16
noisy,250,1,1,-0.10467206154972106,16,-0.02982725976846995,16,-0.22738366178521902,16,-0.41564377730614954,16,-0.3278300877002922,16
noisy,250,1,2,-1.251035504857255,16,-0.24893066464188665,16,-1.0843845543286226,16,-0.2403224599002305,16,-0.3721862672786286,16
noisy,250,1,3,0.14795838616785012,16,-0.13754019359092523,16,-0.5011411794892005,16,-0.34455823988905293,16,-0.40041680318300904,16
noisy,250,1,4,-0.5188173689128174,16,-0.0353676924215713,16,-0.5518088396160153,16,-0.39631281401317103,16,-0.38970649272884084,16
noisy,250,1,5,-0.3548812872521838,16,-0.0021080651524517397,16,-0.2338088033291732,16,-0.38345066520438953,16,-0.2594656128758465,16
noisy,250,1,6,-0.7356027999145783,16,-0.042244172853692516,16,-0.9556543354125067,16,-0.5078064512152811,16,-0.37195620430007287,16
noisy,250,1,7,-1.00688770254086,16,-0.10988221162149281,16,-0.6904658595125557,16,-0.3260839645363858,16,-0.6971755000991293,16
noisy,250,1,8,-0.6724451543154275,16,-0.3499935482849379,16,-0.8146049818667038,16,-0.3553185289608862,16,-0.4869992510586138,16
noisy,250,1,9,-0.24363819302057788,16,-0.30194734744336,16,-1.010857262223769,16,-0.2974437581782824,16,-0.4815188867352318,16
noisy,250,1,10,-0.842714252617095,16,-0.07017895689396436,16,-0.7618312061020098,16,-0.32786486929546044,16,-0.5200421725643001,16
noisy,250,1,11,-0.5875844870968445,16,-0.44160293641991355,16,-1.0072618861018,16,-0.4332432789888176,16,-0.3001097647215448,16
noisy,250,2,0,-0.24239581921703623,16,-0.06037473294885732,16,-0.6372022040324414,16,-0.17258702229400824,16,-0.19991060964557505,16
noisy,250,2,1,-0.07015517862736198,16,-0.03539075846894054,16,-0.34673044067246517,16,-0.23084410641023623,16,-0.22160436897785074,16
noisy,250,2,2,-1.2926260356128325,16,-0.06675474119087588,16,-0.6785709207246344,16,-0.4908382252308514,16,-0.7415366499372733,16
noisy,250,2,3,-0.3374569998211388,16,-0.12018905477768184,16,-0.5227216895658082,16,-0.2815925429759909,16,-0.3478300140610649,16
noisy,250,2,4,0.03324430047254939,16,-0.08419592788884162,16,-0.6019122583249137,16,-0.29968574609333876,16,-0.33735384073487745,16
noisy,250,2,5,-0.35434794711285333,16,-0.01588566513865416,16,-0.46036499218328386,16,-0.3718332365450517,16,-0.33768365651924603,16
noisy,250,2,6,-0.2837804689111459,16,-0.011648585817133808,16,-0.25277173382832974,16,-0.3523209200559165,16,-0.3150492091000845,16
noisy,250,2,7,-0.12112807748250909,16,-0.1849276473777302,16,-0.36660065805768394,16,-0.37860293792506694,16,-0.40411284366905675,16
noisy,250,2,8,-0.5655566087505548,16,-0.2863251616067287,16,-0.8631190787452983,16,-0.2634366906211776,16,-0.3155302392147056,16
noisy,250,2,9,-0.42761860960676773,16,-0.02344158858136488,16,-0.281968188328821,16,-0.2572576495996796,16,-0.29154571804025753,16
noisy,250,2,10,-0.2157767367488829,16,-0.023368166132031336,16,-0.12183797365195873,16,-0.26562229299561746,16,-0.25147868782303845,16
noisy,250,2,11,-0.2041467613115031,16,-0.24227200153995665,16,-0.6836474414553463,16,-0.25835658500238035,16,-0.3231631622886124,16
noisy,250,3,0,-0.07961501385167173,16,-0.10285261794188583,16,-0.05814949597325263,16,-0.24926234531193653,16,-0.29980794097290586,16
noisy,250,3,1,-0.10058546819898248,16,-0.038614754923410384,16,-0.4941224892179937,16,-0.2149943491843087,16,-0.2030869680522281,16
noisy,250,3,2,-0.23919144713610696,16,-0.06733794319728045,16,-0.47643267971408115,16,-0.2506231525163315,16,-0.18174068192573856,16
noisy,250,3,3,-0.14843376788699325,16,-0.022887416913557584,16,-0.16599767534904816,16,-0.17730167084606058,16,-0.22830063652375102,16
noisy,250,3,4,-0.12441768014515477,16,-0.04340775810311677,16,-0.26141678041786937,16,-0.23155027658795097,16,-0.12292321571184948,16
noisy,250,3,5,-0.3645601518752697,16,-0.04346382890959751,16,-0.5257928026348189,16,-0.3871987483671303,16,-0.28925862838151334,16
noisy,250,3,6,-0.26112887799859824,16,-0.023636437928254896,16,-0.2936545804191171,16,-0.2724038116465937,16,-0.16974966563201552,16
noisy,250,3,7,-0.24256906972755835,16,-0.03009666553247295,16,-0.1511076725818124,16,-0.25528604417134776,16,-0.26158193109823225,16
noisy,250,3,8,0.14299356730919044,16,-0.03657720374694902,16,-0.12270147180705727,16,-0.17719755670771759,16,-0.06444640870203604,16
noisy,250,3,9,-0.1753422552461059,16,-0.031938936210368404,16,-0.167474261692331,16,-0.21760712413403407,16,-0.2636434459121755,16
noisy,250,3,10,-0.10992946962150743,16,-0.0035976100991177416,16,-0.2972443186682798,16,-0.23636942136278272,16,-0.18418350249133783,16
noisy,250,3,11,-0.4514586219376042,16,-0.02188929078870813,16,-0.5294331245174742,16,-0.1839142872662663,16,-0.2404258509848126,16
noisy,250,4,0,-0.5439010530018532,16,-0.10498479337102273,16,-0.5655468433603873,16,-0.40249351056450666,16,-0.3952948748640008,16
noisy,250,4,1,-0.22873653605328867,16,-0.05178380091274593,16,-0.3163030600703766,16,-0.5222365769828449,16,-0.46800537983576007,16
noisy,250,4,2,-0.26645156353014016,16,-0.04136196041537118,16,0.00021820869942570063,16,-0.45745674459906704,16,-0.3463931844677102,16
noisy,250,4,3,-0.5170106199380528,16,-0.17903911158186644,16,-0.7634648119286502,16,-0.4319717792789774,16,-0.7256500194781641,16
noisy,250,4,4,-0.6960679812686009,16,-0.19804198959842717,16,-1.016091733624772,16,-0.4929123664748611,16,-0.48129467862398057,16
noisy,250,4,5,-0.2998020219607793,16,-0.08914676745201984,16,-0.5988403849741946,16,-0.31748863493217705,16,-0.4584239206200239,16
noisy,250,4,6,-0.7245474667371166,16,-0.02149303370709487,16,-0.6704149164611756,16,-0.37128498831053414,16,-0.29100091438694925,16
noisy,250,4,7,-0.3858984447071991,16,-0.025528910455199172,16,-0.6604092524172083,16,-0.5101506650503007,16,-0.45038794520563386,16
noisy,250,4,8,-0.34668834465129583,16,-0.009686159214281176,16,-0.16266497237924704,16,-0.3875251780985293,16,-0.389811306744244,16
noisy,250,4,9,-0.3917820635791659,16,-0.024587683654469936,16,-0.3694301036684974,16,-0.47408495249448157,16,-0.3504371111610086,16
noisy,250,4,10,-0.14671464906064374,16,-0.03529780340395032,16,-0.39075126848239927,16,-0.3990836246250389,16,-0.4797369598971225,16
noisy,250,4,11,-0.6302625244841653,16,-0.033239459859359055,16,-0.33493219807328556,16,-0.3445387577991829,16,-0.46091901985392797,16
noisy,250,5,0,-0.1727808746213928,16,-0.02973989595645725,16,-0.24640782784664142,16,-0.33438547447333283,16,-0.2681794676977144,16
noisy,250,5,1,-0.1947201248547514,16,-0.022594355328757768,16,-0.18982262457118415,16,-0.38047529130911706,16,-0.25197821462487513,16
noisy,250,5,2,-0.2413150622818516,16,-0.012516648769762618,16,-0.13454012863801387,16,-0.35448667868559897,16,-0.33812968039155744,16
noisy,250,5,3,-0.44231767886849804,16,-0.005416141192316036,16,-0.28993376371751933,16,-0.4681413645021799,16,-0.43001159152429286,16
noisy,250,5,4,-0.39813529848323626,16,-0.12828215725589304,16,-0.6024326747665929,16,-0.4716581616308863,16,-0.3428694971595595,16
noisy,250,5,5,-0.37720719371913264,16,-0.011607209780213047,16,-0.3364185656898787,16,-0.5261649773867889,16,-0.32931413007371096,16
noisy,250,5,6,-0.25538503336729307,16,-0.017086760954621708,16,-0.045087921218108964,16,-0.26866840189291535,16,-0.35646843509376985,16
noisy,250,5,7,-0.03253698457491371,16,-0.037283556932370156,16,-0.2820917956913103,16,-0.2901028979942384,16,-0.22103774169620916,16
noisy,250,5,8,-0.2624885861369707,16,-0.010309513459266582,16,-0.325200411611843,16,-0.20091288848377953,16,-0.1912906832188403,16
noisy,250,5,9,-0.3896561528724962,16,-0.014419169479465904,16,-0.278460794407463,16,-0.1981585605526778,16,-0.4138011941452763,16
noisy,250,5,10,-0.3056797713660328,16,-0.007403671156983845,16,-0.6022105248010801,16,-0.2985449864660452,16,-0.39578109221979696,16
noisy,250,5,11,-0.07799488459761197,16,-0.04545137544148794,16,-0.3834976598856005,16,-0.3803863766874968,16,-0.2395702567599415,16
noisy,250,6,0,-0.6742176763893968,16,-0.02673754914034252,16,-0.2684007462598264,16,-0.18270892826799418,16,-0.26132259092022186,16
noisy,250,6,1,-0.18430439340016108,16,-0.005319934760884791,16,-0.10468761524280532,16,-0.2572710818260604,16,-0.2007405780898711,16
noisy,250,6,2,-0.13785635043899241,16,-0.02335934085993013,16,-0.11439767351542048,16,-0.2200619937984215,16,-0.1822173523983221,16
noisy,250,6,3,-0.18276005793244945,16,-0.009670844898670908,16,-0.10931887259199183,16,-0.2797529701401802,16,-0.22542120380040515,16
noisy,250,6,4,-0.3417938568409379,16,-0.012356649483500796,16,-0.032874194808335505,16,-0.25708618290896057,16,-0.37964513524664967,16
noisy,250,6,5,-0.143218986737915,16,-0.004189927503445348,16,-0.13289077148274409,16,-0.2529724718019021,16,-0.1666452771914254,16
noisy,250,6,6,-0.30457098183096665,16,-0.016599052793431622,16,-0.19732151294071418,16,-0.2125065448436319,16,-0.2312075391200303,16
noisy,250,6,7,-0.1485394797428197,16,-0.009920322178072937,16,-0.21889782591100213,16,-0.30985191920036353,16,-0.23995597578499123,16
noisy,250,6,8,-0.10240849028207524,16,-0.011215196446842069,16,-0.12293293705501263,16,-0.2036661567643739,16,-0.16737353754035278,16
noisy,250,6,9,-0.24566613803120302,16,-0.04263839715892084,16,-0.42781237141745454,16,-0.31165128362728,16,-0.23122018686737045,16
noisy,250,6,10,-0.576654789241811,16,-0.01944573232596817,16,-0.32578164517585817,16,-0.36877427372683336,16,-0.2817047594605838,16
noisy,250,6,11,-0.15760904195525632,16,-0.01360512684617083,16,-0.13588379886459184,16,-0.219943507342508,16,-0.32587333937724483,16
noisy,250,7,0,-0.28015493747383935,16,-0.10736184780591432,16,-0.3010267843397696,16,-0.2903764550889925,16,-0.20582917632744274,16
noisy,250,7,1,-0.3002803059850859,16,-0.008249257928327331,16,-0.19291182336281892,16,-0.31707985482083717,16,-0.2853015890424256,16
noisy,250,7,2,-0.17432796701606593,16,-0.028838277280872418,16,-0.27460642925381706,16,-0.2780260846948786,16,-0.15379107548698737,16
noisy,250,7,3,-0.3117100851926672,16,-0.03697279875500328,16,-0.26273636267501704,16,-0.3409353554882013,16,-0.26963559084208333,16
noisy,250,7,4,-0.42713013757073637,16,-0.061036978351684486,16,-0.4466680080899297,16,-0.256128065613813,16,-0.23885590504036142,16
noisy,250,7,5,-0.27077521458710097,16,-0.03564452072070938,16,-0.3402960357008449,16,-0.2740633213791167,16,-0.2808867074112829,16
noisy,250,7,6,-0.20498518284344353,16,-0.03673362865346297,16,-0.2680308548871144,16,-0.3263115362126405,16,-0.28072613683338243,16
noisy,250,7,7,-0.12693635767596667,16,-0.014560707908892705,16,-0.28492767209897113,16,-0.20863034078132267,16,-0.21139664489714097,16
noisy,250,7,8,-0.22609393435844669,16,-0.02470455475489998,16,-0.14372835069142556,16,-0.29594350778434286,16,-0.24805060812982327,16
noisy,250,7,9,-0.19076746028976518,16,-0.03265740788902467,16,-0.19810129782077818,16,-0.3604078960969539,16,-0.26531108859884533,16
noisy,250,7,10,-0.25636238866846517,16,-0.005678286579721131,16,-0.12098835796646733,16,-0.23653253585237366,16,-0.2524629589481484,16
noisy,250,7,11,-0.304323301489433,16,-0.010882928977277337,16,-0.1910504546057029,16,-0.4361799422589274,16,-0.2610398833414588,16
noisy,250,8,0,-0.4023379994461827,16,-0.06839820631374131,16,-0.4501942565357583,16,-0.17395794529932285,16,-0.22036117044980227,16
noisy,250,8,1,-0.28311363429692393,16,-0.01876838352255747,16,-0.11249965396748512,16,-0.1808093687202143,16,-0.11969622664215371,16
noisy,250,8,2,-0.3431638128605484,16,-0.0353583567404539,16,-0.2858939588576904,16,-0.3595884002231645,16,-0.32298490870824004,16
noisy,250,8,3,-0.3671619509468463,16,-0.026084621059394422,16,-0.28863096291948465,16,-0.171992331255704,16,-0.15151378896730164,16
noisy,250,8,4,-0.19752858108563226,16,-0.05147182377101979,16,-0.23312337950602086,16,-0.2608977639440815,16,-0.20637432844664588,16
noisy,250,8,5,-0.10197159557057953,16,-0.050592382825786854,16,-0.1592340442691102,16,-0.13124655735257518,16,-0.09830961939047562,16
noisy,250,8,6,-0.2859542071584928,16,-0.011760463901138843,16,-0.24508739227714219,16,-0.19068926052919655,16,-0.24296402893971975,16
noisy,250,8,7,-0.20455131295929244,16,-0.018308405971593535,16,-0.385125281306261,16,-0.19230538805568256,16,-0.11875032986061843,16
noisy,250,8,8,-0.06758431095252651,16,-0.009539091113809114,16,-0.17640689217944377,16,-0.26384519124007544,16,-0.21552482284738667,16
noisy,250,8,9,-0.129879630203597,16,-0.010002345231121774,16,-0.1482547257413032,16,-0.20969291547138924,16,-0.104891710253774,16
noisy,250,8,10,-0.47463573016750327,16,-0.06685550636631722,16,-0.45137006301327276,16,-0.22171562954332813,16,-0.22211016992726396,16
noisy,250,8,11,-0.30492172728025524,16,-0.03504418164956555,16,-0.27379225176971167,16,-0.09572055018095345,16,-0.2074421864447234,16
noisy,250,9,0,0.0029760148680886833,16,-0.03515235896183819,16,-0.35250607717573995,16,-0.1428671134527638,16,-0.1301538327782119,16
noisy,250,9,1,0.029663773443958583,16,-0.026014160771199703,16,-0.20153078904949626,16,-0.14303816726220922,16,-0.09243380378617544,16
noisy,250,9,2,-0.2653753428927221,16,-0.02414759492863193,16,-0.044383278233150254,16,-0.19571775738039238,16,-0.2026201094649131,16
noisy,250,9,3,-0.3491815472729273,16,-0.03684992043036416,16,-0.22649870237938408,16,-0.1964140022784432,16,-0.21288962746582396,16
noisy,250,9,4,-0.15599812804922808,16,-0.031488113129353276,16,-0.18781750284638438,16,-0.1617856128603369,16,-0.09293374126039361,16
noisy,250,9,5,-0.16381077317646486,16,-0.009754473706874784,16,-0.2081863248856629,16,-0.2168216458442327,16,-0.15411780132323155,16
noisy,250,9,6,-0.10245109810019562,16,-0.04197121123259568,16,-0.3651522101625736,16,-0.39780317252404784,16,-0.15609085027066813,16
noisy,250,9,7,0.004699276092247413,16,-0.010643996463257942,16,-0.26266317276563256,16,-0.17155762363892263,16,-0.13322160837969182,16
noisy,250,9,8,-0.11559017101424413,16,-0.034378615238519664,16,-0.09309369563148776,16,-0.07881315596447253,16,-0.17163547279069558,16
noisy,250,9,9,-0.21582739473604123,16,-0.02719760423351508,16,-0.18838589636272252,16,-0.18230641876799203,16,-0.18794587815165514,16
noisy,250,9,10,-0.1636925178312406,16,-0.02085487897859315,16,-0.20900702136683,16,-0.20013082564978507,16,-0.20016379770805692,16
noisy,250,9,11,-0.12851619672036108,16,-0.028797552592059798,16,-0.21916822724763213,16,-0.1090488815645275,16,-0.16177125668795417,16
noisy,250,10,0,-0.15402889025334357,16,-0.0353160377430059,16,-0.33646300050512956,16,-0.18457504753438486,16,-0.10361744464496803,16
noisy,250,10,1,-0.19614321200821225,16,-0.036755514950452234,16,-0.11287936169881378,16,-0.1581156806473883,16,-0.2263046756432312,16
noisy,250,10,2,-0.1540359699403048,16,-0.05608175521033066,16,-0.29478401740384574,16,-0.10143417925028173,16,-0.18081726028323117,16
noisy,250,10,3,-0.19693207253997358,16,-0.046919849988357076,16,-0.31409764544555113,16,-0.12548439668303074,16,-0.12449780637920096,16
noisy,250,10,4,-0.11198379680983911,16,-0.02234628862405095,16,-0.15655858840993092,16,-0.16190878095760308,16,-0.20095570205696384,16
noisy,250,10,5,-0.03341837454970684,16,-0.06263892418653079,16,-0.14509496070487996,16,-0.11930564389762927,16,-0.19874996966188252,16
noisy,250,10,6,-0.18392049151108908,16,-0.01669044939653995,16,-0.12505343313321954,16,-0.11539106994381162,16,-0.18486024877896945,16
noisy,250,10,7,-0.12285912020459804,16,-0.013808288690419623,16,0.010468772006410967,16,-0.1190804259258691,16,-0.1695850661686506,16
noisy,250,10,8,-0.26150343259754816,16,-0.01826091573154846,16,-0.1942929014650425,16,-0.2447985850599969,16,-0.1532227505690128,16
noisy,250,10,9,-0.23623165140096938,16,-0.0348819219600985,16,-0.3221917774897309,16,-0.18290970327970849,16,-0.17038534958680424,16
noisy,250,10,10,-0.22845857764917524,16,-0.04461617073799713,16,-0.37891058196828054,16,-0.18196278840007682,16,-0.1614769127550043,16
noisy,250,10,11,-0.04535000753970206,16,-0.01581132069901037,16,-0.2427089628942823,16,-0.14988944008854127,16,-0.1934304455538371,16
noisy,250,11,0,-0.1970492188663835,16,-0.06208613747980869,16,-0.21006882298129084,16,-0.09208117670016201,16,-0.2554581431612979,16
noisy,250,11,1,-0.1400715244483417,16,-0.04297597079704672,16,-0.24904901117430053,16,-0.1266384577882393,16,-0.11438491886606121,16
noisy,250,11,2,-0.12854344412316127,16,-0.03198385120240839,16,-0.2787714928114987,16,-0.21175020391206795,16,-0.27733898127129575,16
noisy,250,11,3,-0.1649239062702484,16,-0.025618965070382083,16,-0.10227579304492695,16,-0.11068872245701045,16,-0.10780942615181105,16
noisy,250,11,4,-0.23852570495746822,16,-0.03477313210649195,16,-0.3211928461731888,16,-0.3023760542907979,16,-0.17483834277574,16
noisy,250,11,5,0.11624317351553613,16,-0.020774861107847313,16,-0.15138693704655917,16,-0.08447923663501214,16,-0.15372088107077458,16
noisy,250,11,6,-0.02378442441537772,16,-0.06813662334502513,16,-0.2749497595608792,16,-0.0491318037034489,16,-0.14706244857089668,16
noisy,250,11,7,-0.16604916679062004,16,-0.028901663447088957,16,-0.23473286670815552,16,-0.15380568448135704,16,-0.17410985580060553,16
noisy,250,11,8,-0.06802527787702448,16,-0.01873941752563901,16,-0.17092146331040814,16,-0.14758984738986022,16,-0.16146684163168645,16
noisy,250,11,9,-0.18978276241209135,16,-0.012767808117900094,16,-0.10688811433835753,16,-0.21422092381046215,16,-0.05865004309731199,16
noisy,250,11,10,-0.11519705684566481,16,-0.03915363591867181,16,-0.33891700611069897,16,-0.03145244863289326,16,-0.17244300007883678,16
noisy,250,11,11,-0.12954660719465846,16,-0.03006819412305491,16,-0.1249401198036412,16,-0.09179933248068844,16,-0.14466656601435776,16
noisy,250,12,0,0.028616938316208748,16,-0.023796760076936666,16,-0.10678071999388523,16,-0.2608855962420846,16,-0.18008590447841802,16
noisy,250,12,1,-0.18693474561536952,16,-0.07792027246825739,16,-0.1319435451698317,16,-0.10043950129498687,16,-0.27789579022792366,16
noisy,250,12,2,-0.14306750709970972,16,-0.04298606560068917,16,-0.22474872567005935,16,-0.3104235915990318,16,-0.19313842970661627,16
noisy,250,12,3,-0.08328449595210853,16,-0.017950030317395498,16,0.009086799156330677,16,-0.20398270729144422,16,-0.17026245657824973,16
noisy,250,12,4,-0.13887265980635216,16,-0.049261041563686436,16,-0.21835140991616722,16,-0.32501078653857457,16,-0.2724658259169882,16
noisy,250,12,5,-0.1504513470710197,16,-0.017982931540719248,16,-0.230139364900488,16,-0.2649036231144657,16,-0.30017204477110027,16
noisy,250,12,6,-0.28602690293784294,16,-0.019484792421473475,16,-0.05005737170607164,16,-0.12237464122500921,16,-0.19627075891371776,16
noisy,250,12,7,-0.09929517601433911,16,-0.021793436767294123,16,-0.10866638855123462,16,-0.1948840392091153,16,-0.2641478622620434,16
noisy,250,12,8,-0.1907050670873925,16,-0.014556991235707986,16,-0.1344441006461797,16,-0.20853975824642815,16,-0.27804400970038545,16
noisy,250,12,9,-0.12070955108702842,16,-0.022779323562715843,16,-0.19412713452579367,16,-0.28604383385215376,16,-0.2333048892252951,16
noisy,250,12,10,-0.1710767897563069,16,-0.028971961754624638,16,-0.25410579427864227,16,-0.26309646628408834,16,-0.14997984815873022,16
noisy,250,12,11,-0.048944285936479426,16,-0.028871280531778065,16,-0.3474051662826483,16,-0.2098261471571578,16,-0.18803225593141615,16
noisy,250,13,0,-0.14169760219985306,16,-0.02881795367289112,16,-0.1631520990810264,16,-0.13964085815978747,16,-0.18122711664697988,16
noisy,250,13,1,-0.1236111949260924,16,-0.075785631922705,16,-0.1551519865322548,16,-0.21690988521451077,16,-0.21035955597968153,16
noisy,250,13,2,-0.1501612982172924,16,-0.09988442226856271,16,-0.2607895294463921,16,-0.13788906973577314,16,-0.17685807289642902,16
noisy,250,13,3,-0.1680075841848986,16,-0.039147768768843696,16,-0.28268565723968886,16,-0.20597857639621397,16,-0.18339452541066592,16
noisy,250,13,4,-0.08122604707508274,16,-0.04974309815051706,16,-0.2992615413731543,16,-0.21168649259075706,16,-0.1895637269528296,16
noisy,250,13,5,-0.23537624935196677,16,-0.09300198100813357,16,-0.2013273034575071,16,-0.1309349996591652,16,-0.20887932163278994,16
noisy,250,13,6,-0.08591079664733053,16,-0.05151112809080961,16,-0.2394057000273315,16,-0.22892772632394323,16,-0.18448782810418313,16
noisy,250,13,7,-0.21874586151602649,16,-0.09315578932077226,16,-0.26454000484339485,16,-0.1999785712945401,16,-0.23773335965741454,16
noisy,250,13,8,-0.04954034482491488,16,-0.02901968902030378,16,-0.1787046691041113,16,-0.19515783995305583,16,-0.22200527002782428,16
noisy,250,13,9,-0.3007940209591222,16,-0.0448101233849878,16,-0.11908341833044499,16,-0.2875650983019352,16,-0.24681583743279348,16
noisy,250,13,10,-0.07721885630468132,16,-0.05176385901740688,16,-0.35484985240360367,16,-0.06946290310351076,16,-0.15728676827667268,16
noisy,250,13,11,-0.14985218951582654,16,-0.026356760385273015,16,-0.27169379259715165,16,-0.2892400854375179,16,-0.19155952461389109,16
noisy,250,14,0,-0.006411873221970427,16,-0.020374476859578827,16,-0.18174022755252559,16,-0.25160866012876715,16,-0.22036906197980585,16
noisy,250,14,1,-0.14172743221579603,16,-0.13350361789714876,16,-0.14904672177869535,16,-0.14253709138234444,16,-0.22274625152068298,16
noisy,250,14,2,-0.11835582890149077,16,-0.0765718208445703,16,-0.2873126400613479,16,-0.20657546376907218,16,-0.27933981608016933,16
noisy,250,14,3,-0.07905761788109442,16,-0.041254689022657554,16,-0.35121835601789014,16,-0.3263765194201689,16,-0.2681574777512018,16
noisy,250,14,4,-0.1474955717829134,16,-0.023613686615354717,16,-0.15412155272400713,16,-0.25818926930922403,16,-0.0800532797226855,16
noisy,250,14,5,-0.1924188513709033,16,-0.04144715151744232,16,-0.05535725677401861,16,-0.23603435192350333,16,-0.1414173893286327,16
noisy,250,14,6,-0.17064494689734422,16,-0.035090443460701067,16,-0.15687683120764812,16,-0.23520255332762613,16,-0.14967724463767929,16
noisy,250,14,7,-0.14392104901249891,16,-0.060894720053119855,16,-0.2023547272476217,16,-0.22427461398666962,16,-0.17828696295015592,16
noisy,250,14,8,-0.18474828937619023,16,-0.04778983969368575,16,-0.2813868916463518,16,-0.25668279423055684,16,-0.19474685375488926,16
noisy,250,14,9,-0.17237000559852056,16,-0.048064359908508464,16,-0.24988418698298095,16,-0.2890866344187262,16,-0.13636601604404147,16
noisy,250,14,10,-0.09533466640566396,16,-0.02548519106195888,16,-0.22735809559128725,16,-0.31209574612178137,16,-0.23792120658479787,16
noisy,250,14,11,-0.10465432820120253,16,-0.06293099251053534,16,-0.17992666760349318,16,-0.12073085745505908,16,-0.36099996774582777,16
noisy,250,15,0,-0.1768541198815163,16,-0.05296945312385002,16,-0.3319583943277077,16,-0.3247526425095494,16,-0.2615589266138726,16
noisy,250,15,1,-0.08758007847014568,16,-0.07474468278298693,16,-0.1649992094506929,16,-0.16751384866157296,16,-0.38323653376482936,16
noisy,250,15,2,-0.3256271055457651,16,-0.12512406643539592,16,-0.41870780743166897,16,-0.17224941416432948,16,-0.38272816009192256,16
noisy,250,15,3,-0.18052599654933799,16,-0.11157962392002192,16,-0.39407315462945397,16,-0.30079056453299696,16,-0.2910662288086816,16
noisy,250,15,4,-0.14960100442644048,16,-0.06646478856042674,16,-0.2783757617779038,16,-0.26445499610135353,16,-0.3603891628114008,16
noisy,250,15,5,-0.11197410204454881,16,-0.05262567966068037,16,-0.224359414095266,16,-0.31843180834872065,16,-0.3675291202306488,16
noisy,250,15,6,-0.28968404436605244,16,-0.05641802992966219,16,-0.1654729881676675,16,-0.3751660729426318,16,-0.30137091224803053,16
noisy,250,15,7,-0.1286314257033357,16,-0.08699408781199955,16,-0.359358539624306,16,-0.1065726430215847,16,-0.43273175603406466,16
noisy,250,15,8,-0.4204932145825152,16,-0.036122025578062655,16,-0.5056367003980454,16,-0.31550431029208326,16,-0.320571291071837,16
noisy,250,15,9,-0.21043682449832932,16,-0.07063931191354494,16,-0.19348358076384614,16,-0.1828220635505344,16,-0.37269482914316343,16
noisy,250,15,10,-0.1865243132006923,16,-0.056497343720974966,16,-0.1257600925975235,16,-0.27443830350708637,16,-0.2643660213211527,16
noisy,250,15,11,-0.2269808443673802,16,-0.023964266732060875,16,-0.0317126401090863,16,-0.25467741996452936,16,-0.35571641783268937,16
noisy,250,16,0,-0.443381508464344,16,-0.058304892051439475,16,-0.2968018379886628,16,-0.3087345664949805,16,-0.37529999511198897,16
noisy,250,16,1,-0.4086337659049658,16,-0.04703714471487759,16,-0.31465883163544606,16,-0.28935836439999496,16,-0.36176521566833114,16
noisy,250,16,2,-0.011952785462732658,16,-0.029256289406182724,16,-0.24957647673928862,16,-0.3218360130815212,16,-0.3663817914642739,16
noisy,250,16,3,-0.21133072998362795,16,-0.034276264175519905,16,-0.22342637585001623,16,-0.4080174783124765,16,-0.36919928235723803,16
noisy,250,16,4,-0.26427316458688366,16,-0.030080765569392116,16,-0.11257459655115257,16,-0.42853466801303275,16,-0.40953682958321475,16
noisy,250,16,5,0.10734613417788992,16,-0.05042955386636454,16,-0.289592537966964,16,-0.36972410952558754,16,-0.4164187789720379,16
noisy,250,16,6,-0.3924907459636504,16,-0.018682572514454904,16,-0.06071897081759464,16,-0.38156267224631946,16,-0.4514107084594009,16
noisy,250,16,7,-0.19774568405317258,16,-0.061985614846414176,16,-0.279297863181898,16,-0.3492607396633188,16,-0.30355412610513066,16
noisy,250,16,8,-0.4065319442163204,16,-0.026790267850054,16,-0.1972281947489422,16,-0.3191243306247453,16,-0.2467932379506244,16
noisy,250,16,9,-0.3400487428225578,16,-0.028274526576212253,16,-0.2447569597515166,16,-0.3544146046821163,16,-0.24905973067892356,16
noisy,250,16,10,-0.27082784599935383,16,-0.06532678582438387,16,-0.22919728454020588,16,-0.38104056612274406,16,-0.48026825693816466,16
noisy,250,16,11,-0.38723270645608887,16,-0.07168240732685016,16,-0.38761315550279896,16,-0.4395677347656816,16,-0.34104719338771394,16
noisy,250,17,0,-0.17964498657234873,16,-0.03520382583010827,16,-0.2135176726075648,16,-0.36542910612711854,16,-0.38412868162276814,16
noisy,250,17,1,-0.05728789071873472,16,-0.024828068311381103,16,-0.3979108701715658,16,-0.48760781192176295,16,-0.27221135044758826,16
noisy,250,17,2,-0.3539735800441366,16,-0.013858886253572138,16,-0.08450035947418559,16,-0.3726841452431975,16,-0.3868346860720393,16
noisy,250,17,3,-0.2694671933505825,16,-0.03335790326288379,16,-0.316660186180668,16,-0.39756757442098734,16,-0.3155974855754834,16
noisy,250,17,4,-0.03685313540841703,16,-0.02688910369075264,16,-0.24393385406326007,16,-0.5551346217518047,16,-0.3936114651197349,16
noisy,250,17,5,0.013603961460543452,16,-0.02514565747146555,16,-0.26079685749554626,16,-0.4475464077930619,16,-0.24860249790534333,16
noisy,250,17,6,-0.18991609747644822,16,-0.0334710534852332,16,-0.26531506014360184,16,-0.36915030444371266,16,-0.319489637644642,16
noisy,250,17,7,-0.039220005371678975,16,-0.015195965222972887,16,-0.18938443545528416,16,-0.37493218257178096,16,-0.2833842212713591,16
noisy,250,17,8,-0.045094700098670365,16,-0.012107523849826444,16,-0.17984863069291404,16,-0.47674063281452833,16,-0.30868878697426794,16
noisy,250,17,9,-0.2846226126324122,16,-0.07717747891081805,16,-0.2601797337943028,16,-0.5006640597725279,16,-0.3345500317014696,16
noisy,250,17,10,-0.39012755949534367,16,-0.04238455367270032,16,-0.2557852916452489,16,-0.43408557669720027,16,-0.2703837747038741,16
noisy,250,17,11,-0.401577007378099,16,-0.06521368595057837,16,-0.24242636840047194,16,-0.4482680547412964,16,-0.4487135584289855,16
noisy,250,18,0,-0.28537517844729493,16,-0.05819441632538955,16,-0.23792745668545093,16,-0.5147520314717862,16,-0.4148865208402288,16
noisy,250,18,1,-0.41042213149317147,16,-0.06704814185109731,16,-0.3672595004808041,16,-0.3427664289560287,16,-0.4903465479482353,16
noisy,250,18,2,-0.2612137400840866,16,-0.043332915386723986,16,-0.28840299943892966,16,-0.3995752397810415,16,-0.41071203861895883,16
noisy,250,18,3,-0.3637019455799267,16,-0.057396902892885085,16,-0.27018073089452077,16,-0.4437778723188968,16,-0.5011949899831689,16
noisy,250,18,4,-0.2727836383142553,16,-0.07413803940510377,16,-0.32639677548783064,16,-0.5728331249330814,16,-0.3396633789967717,16
noisy,250,18,5,-0.1967118281147388,16,-0.03951216379128972,16,-0.28970348335998786,16,-0.24437712565294314,16,-0.3992763828223072,16
noisy,250,18,6,-0.3589631564083572,16,-0.06478395732377606,16,-0.3192761538991359,16,-0.4733953615039221,16,-0.4145252834479092,16
noisy,250,18,7,-0.2938885248623181,16,-0.036910553346156935,16,-0.28628762248342576,16,-0.2850795642821414,16,-0.43509065918473333,16
noisy,250,18,8,-0.24500185150262915,16,-0.07814152631986529,16,-0.46922438161533153,16,-0.3921391309781549,16,-0.44555566342735053,16
noisy,250,18,9,-0.2713504210544666,16,-0.017036943190684113,16,-0.13239350065966748,16,-0.5929272775141564,16,-0.4096850508360114,16
noisy,250,18,10,-0.2559747756284293,16,-0.06000083312107496,16,-0.394133313752619,16,-0.3314543963780091,16,-0.45692381994289155,16
noisy,250,18,11,-0.37107585322478487,16,-0.02902620746535247,16,-0.28794421748962395,16,-0.36228117817241523,16,-0.4657533238027187,16
noisy,250,19,0,-0.4782854196720967,16,-0.09744877710562522,16,-0.421583910343853,16,-0.5790876996033163,16,-0.8492225765424154,16
noisy,250,19,1,-0.5406388933028986,16,-0.05341202493778355,16,-0.3569469423536597,16,-0.9043044257736916,16,-0.7309977004864365,16
noisy,250,19,2,-0.3796354597676511,16,-0.02812450946766977,16,-0.4040215936325441,16,-1.1222931394278501,16,-0.7059128692393977,16
noisy,250,19,3,-0.6475891372989633,16,-0.05973585298244286,16,-0.3647720299686716,16,-0.7317945857452989,16,-0.771966209118037,16
noisy,250,19,4,-0.16829112286382078,16,-0.04606036955944835,16,-0.43239646187006675,16,-0.9932335399546601,16,-0.7101263874959263,16
noisy,250,19,5,-0.8323882402885341,16,-0.030151465353313842,16,-0.48426495595007896,16,-0.9176934091870809,16,-0.7735753329844423,16
noisy,250,19,6,-0.3291804160485809,16,-0.04338385143564587,16,-0.47613628753887793,16,-0.6505134256502373,16,-0.6343857989788008,16
noisy,250,19,7,-0.4346726409602748,16,-0.044862148054270086,16,-0.530690845496454,16,-1.071006726229065,16,-0.8714783040927586,16
noisy,250,19,8,-0.36900044690785044,16,-0.011079396056744687,16,-0.16480877330786187,16,-0.65146499787999,16,-0.5725253175509315,16
noisy,250,19,9,-0.20523467437282283,16,-0.040500785117930815,16,-0.39195974291929103,16,-0.7154804982517775,16,-0.8820703616281474,16
noisy,250,19,10,-0.31446583730641453,16,-0.04422802734586917,16,-0.3066023313285549,16,-0.8708219796158887,16,-0.7229159847447667,16
noisy,250,19,11,-0.6927686899543869,16,-0.0559981791906785,16,-0.31227304461639516,16,-0.8578657731441677,16,-0.7581579121427322,16
noisy,250,20,0,-1.0513921247792521,16,-0.04189242737657141,16,-0.6150122290021953,16,-0.799377069010792,16,-0.8074579764473051,16
noisy,250,20,1,-0.9529500407519671,16,-0.1932550010789384,16,-0.6866870034050819,16,-0.9654045102668258,16,-1.1295996714534402,16
noisy,250,20,2,-0.3207928046292745,16,-0.12105231178630568,16,-0.461407054981357,16,-0.8272526580041388,16,-0.8425068164716705,16
noisy,250,20,3,-0.9310139531362814,16,-0.27081859380167045,16,-1.0590098888235668,16,-1.0320147461416478,16,-1.1682056859077798,16
noisy,250,20,4,-0.3291232436440155,16,-0.05904458846113137,16,-0.44426890856142637,16,-0.7770915376277985,16,-0.81237873029034,16
noisy,250,20,5,-0.8725178760166881,16,-0.40577744498869694,16,-1.1077105691033964,16,-0.959965045733798,16,-1.0711434143653347,16
noisy,250,20,6,-0.627088069675981,16,-0.05434389860789231,16,-0.6336444236646275,16,-0.9712623802268845,16,-0.9512629808053364,16
noisy,250,20,7,-1.1355156084636764,16,-0.24817047083260144,16,-1.1471596175209338,16,-0.8423426284301243,16,-1.1252491972308434,16
noisy,250,20,8,-1.061750428932981,16,-0.05891788211868833,16,-0.26852000643525586,16,-0.8928404031483973,16,-1.1042288116114214,16
noisy,250,20,9,-0.6871478006620394,16,-0.04407707230257786,16,-0.604214311031489,16,-0.9128365327863373,16,-0.945704869420122,16
noisy,250,20,10,-0.5396641933088003,16,-0.04571171170914483,16,-0.36282732745959856,16,-1.0474974762155986,16,-0.7961921559347409,16
noisy,250,20,11,-1.4596634303340086,16,-0.20402493293654966,16,-1.063772096245501,16,-0.9387296285102735,16,-1.0362827228297724,16
noisy,250,21,0,-0.6636324403558771,16,-0.09032795123678836,16,-0.5514382350327596,16,-0.8056262892199942,16,-0.8012639371306157,16
noisy,250,21,1,-0.7646953813171159,16,-0.03989317057122421,16,-0.1820636235872723,16,-0.9262122957201233,16,-0.8305014352861555,16
noisy,250,21,2,-0.7822354953506436,16,-0.036350287587946256,16,-0.5134594451794761,16,-0.7707385119876833,16,-0.8184297340155045,16
noisy,250,21,3,-0.8055937614604424,16,-0.21488274871655438,16,-1.2823302936185983,16,-0.9776886683282023,16,-0.9513840351962708,16
noisy,250,21,4,-0.8459295163239575,16,-0.03828704193926129,16,-0.19373867928582417,16,-0.863753699254448,16,-0.9240642850829119,16
noisy,250,21,5,-0.8853814545006102,16,-0.057819775175057944,16,-0.5164121442595204,16,-0.9434554902700791,16,-1.035466942119763,16
noisy,250,21,6,-0.5322317953994056,16,-0.051141269227735736,16,-0.5195027395315901,16,-0.8564403396478715,16,-0.8393365582386809,16
noisy,250,21,7,-1.2153166158282074,16,-0.11144044637292665,16,-0.5493644407670988,16,-0.9038056774632557,16,-0.8270858858727159,16
noisy,250,21,8,-0.5862327708584593,16,-0.09980440240983135,16,-0.9938525790097639,16,-1.0436191778403714,16,-1.3668468484331062,16
noisy,250,21,9,-0.45659650297254295,16,-0.14705113452186253,16,-0.5138281397533907,16,-0.9511575017404829,16,-0.7509349482908863,16
noisy,250,21,10,-0.47665261993367725,16,-0.14544272987669518,16,-0.552204941954066,16,-1.0262739637856715,16,-0.7691169199486437,16
noisy,250,21,11,-0.7092619938442072,16,-0.05973913522177683,16,-0.5785075416781722,16,-0.9636476141376911,16,-0.9495392616801439,16
noisy,250,22,0,-0.511062857998724,16,-0.10661037732649363,16,-0.418216109791151,16,-0.741738614184376,16,-0.8585055694280763,16
noisy,250,22,1,-0.4867025246718142,16,-0.12296679807403459,16,-0.43304364866375233,16,-0.9555760788222927,16,-0.9983384796369863,16
noisy,250,22,2,-0.5409516354676508,16,-0.04865973421522367,16,-0.4399900889579651,16,-0.8761599180440833,16,-0.7640808916635933,16
noisy,250,22,3,-0.43319438162235513,16,-0.04127985762628894,16,-0.3956406966421201,16,-0.6765350928839879,16,-0.9665679899294695,16
noisy,250,22,4,-0.6784413097563664,16,-0.08284458101427808,16,-0.374505838403123,16,-0.8856937944110261,16,-1.0077360120574261,16
noisy,250,22,5,-0.9487305871704723,16,-0.06598276822920185,16,-0.39531322227526366,16,-1.166247052747184,16,-0.9173790724997033,16
noisy,250,22,6,-0.7159262920917231,16,-0.09198234988991863,16,-0.5295086956004819,16,-0.8512044374275186,16,-1.0012056336569106,16
noisy,250,22,7,-0.70759185132995,16,-0.05703864190637784,16,-0.7720874406740874,16,-0.9003766460675969,16,-0.924263684367671,16
noisy,250,22,8,-0.48249139954931264,16,-0.06095473442400502,16,-0.5608259399983739,16,-0.659171255113753,16,-1.0507888803446745,16
noisy,250,22,9,-0.7286892231376539,16,-0.05676187869858929,16,-0.3509410227714044,16,-0.8067736639762189,16,-0.7408154615083276,16
noisy,250,22,10,-0.5741700760320376,16,-0.09102059329520301,16,-0.5449249654739878,16,-0.9624083014997094,16,-0.8580152867728753,16
noisy,250,22,11,-0.6059035646161925,16,-0.042743515359918986,16,-0.5298646595854792,16,-0.9319771802675232,16,-0.6964552545412379,16
noisy,250,23,0,-0.4741716302469967,16,-0.05101367501064353,16,-0.613882640664365,16,-0.7519599011340334,16,-0.8198872136763246,16
noisy,250,23,1,-1.5164720855092217,16,-0.3004600035548215,16,-1.1120081376417306,16,-0.8553858495339919,16,-1.0320487015945985,16
noisy,250,23,2,-0.6169784453139804,16,-0.02251449595183971,16,-0.4429080124951216,16,-0.7510866932026774,16,-0.7113762861837563,16
noisy,250,23,3,-0.48557437789344793,16,-0.033175729946921445,16,-0.3088182232964529,16,-0.6895581167018688,16,-0.8156965650733505,16
noisy,250,23,4,-0.5521389485392335,16,-0.1242011329134149,16,-0.4592710335699451,16,-0.7544215858294976,16,-0.7983323233021076,16
noisy,250,23,5,-0.8211725746986226,16,-0.11893520650585473,16,-0.5617760371673153,16,-0.6997981842825736,16,-0.8830734942221221,16
noisy,250,23,6,-0.5753910140426892,16,-0.10875771948156895,16,-0.6221281093159312,16,-0.7430607636204385,16,-0.8287557657120496,16
noisy,250,23,7,-0.8213627159296432,16,-0.05137810007018738,16,-0.6162924298540529,16,-0.9119212104353049,16,-0.907022564045405,16
noisy,250,23,8,-0.44633901681337806,16,-0.07252992962684357,16,-0.27396572127699625,16,-0.7840413511987268,16,-0.8462115503183583,16
noisy,250,23,9,-0.4804761932646597,16,-0.08101736827145721,16,-0.5184989157013757,16,-0.5893212790802038,16,-0.9187226169714401,16
noisy,250,23,10,-1.024870312812813,16,-0.3678615657429256,16,-1.3613668303748436,16,-0.9611682489711911,16,-0.9524039796557068,16
noisy,250,23,11,-0.6341281984972384,16,-0.06335681654174485,16,-0.4024916659566177,16,-0.7215604236049636,16,-0.9133303462135223,16
noisy,250,24,0,-0.6839430376846222,16,-0.05759229871989086,16,-0.5096672561933352,16,-0.7126941371895459,16,-0.9093253496892779,16
noisy,250,24,1,-0.5415056496879045,16,-0.03370360446336424,16,-0.3372608378044373,16,-0.878857767589716,16,-0.8379941857199977,16
noisy,250,24,2,-0.9222259734794401,16,-0.13174879219772323,16,-0.5586532262999125,16,-0.9459833884866823,16,-0.8671520629137346,16
noisy,250,24,3,-0.6133913803564477,16,-0.06394711208151532,16,-0.6460365696514201,16,-0.7963968555088958,16,-0.9747359921989354,16
noisy,250,24,4,-0.5755319452182182,16,-0.022447146668186025,16,-0.3477938774016763,16,-1.011569676588083,16,-0.8514054058271758,16
noisy,250,24,5,-0.6676669844982921,16,-0.06165028818960579,16,-0.5502964798751486,16,-0.8397700752627895,16,-0.8434288458250943,16
noisy,250,24,6,-0.5549282498327637,16,-0.11563172761082355,16,-0.7028930629042144,16,-0.6390369153397557,16,-0.9080978978067741,16
noisy,250,24,7,-0.55293282672384,16,-0.07157846225638181,16,-0.4486871069996552,16,-0.6499955347968513,16,-0.8322154663127532,16
noisy,250,24,8,-0.6634154180113816,16,-0.08554821380502511,16,-0.7258862738021605,16,-0.810741351246975,16,-0.8968538093593754,16
noisy,250,24,9,-0.4583745426675141,16,-0.05384823197060848,16,-0.46145936911398433,16,-0.9007157306787528,16,-0.8582311985921363,16
noisy,250,24,10,-0.7008987502007371,16,-0.07684053235691346,16,-0.45015116972519564,16,-0.8643948873429457,16,-0.8159508752827502,16
noisy,250,24,11,-0.7911036122271509,16,-0.07022303677651139,16,-0.423792550676023,16,-0.7438365977460892,16,-0.8180972054698653,16
noisy,250,25,0,-0.5388717937994486,16,-0.12418419808860039,16,-0.634542719892742,16,-0.7958447920016045,16,-0.9888579550268373,16
noisy,250,25,1,-0.9516721479924213,16,-0.07501997236433527,16,-0.5353032323304222,16,-0.8487065411686947,16,-0.8846550242852669,16
noisy,250,25,2,-0.7190315196253779,16,-0.05028693466752406,16,-0.5198365977665685,16,-0.7780804630419156,16,-0.8550965851925312,16
noisy,250,25,3,-0.8989264415889618,16,-0.09050083669176398,16,-0.6592906806676316,16,-0.7951862441982684,16,-0.9235174963326152,16
noisy,250,25,4,-0.8081707037465529,16,-0.1431171598076938,16,-0.716362175285992,16,-0.8963711694138088,16,-0.8989882442639586,16
noisy,250,25,5,-1.1135763136866266,16,-0.21022887272001864,16,-0.7766855214595414,16,-1.0718078153553554,16,-1.1421684901891216,16
noisy,250,25,6,-0.6792269663982717,16,-0.07332457890916833,16,-0.6095035465594073,16,-1.0105792084821632,16,-0.8838350836909383,16
noisy,250,25,7,-0.6082237891498715,16,-0.043136440559931606,16,-0.44346019552222615,16,-0.8460609983067161,16,-0.7998580528522838,16
noisy,250,25,8,-1.0332032909504356,16,-0.15868340919009905,16,-0.7869698768132205,16,-0.8714866172107841,16,-0.8345115457633814,16
noisy,250,25,9,-0.6731241727360902,16,-0.08040709029639936,16,-0.7526503016468098,16,-0.9773201675333442,16,-0.8968516719229862,16
noisy,250,25,10,-0.7098930017593637,16,-0.04442335259092779,16,-0.6340498271555184,16,-0.8637806798315663,16,-0.9544910505729522,16
noisy,250,25,11,-1.1109409429000245,16,-0.08943287710583199,16,-0.7401762833469709,16,-1.022761409733429,16,-1.07118123593964,16
noisy,250,26,0,-0.7849055521026519,16,-0.03973593127892268,16,-0.6670111675793872,16,-0.8842426894227349,16,-1.041802249311223,16
noisy,250,26,1,-0.827043053106465,16,-0.08845570563376526,16,-0.6359827372641429,16,-1.1545722000103713,16,-1.006628106478389,16
noisy,250,26,2,-1.0038852423139668,16,-0.09194329281907236,16,-0.5173111663446699,16,-1.179804751253116,16,-1.1061080893846444,16
noisy,250,26,3,-1.3085114385851973,16,-0.03755047299561836,16,-0.7811385619569076,16,-1.1990340065887435,16,-0.9448476879982097,16
noisy,250,26,4,-0.7131755050598876,16,-0.09111110604560385,16,-0.9131874049949449,16,-0.9035682929066655,16,-1.1268283988061767,16
noisy,250,26,5,-0.9558555157226564,16,-0.15739332661371977,16,-1.2090265937966205,16,-1.090761660456059,16,-0.8796826709594361,16
noisy,250,26,6,-1.577869238824608,16,-0.1379819873299644,16,-1.0189856603839413,16,-0.9486899030516573,16,-0.9034947118818772,16
noisy,250,26,7,-1.3435668934381866,16,-0.3484691920312779,16,-1.660173662395819,16,-0.9859784353850424,16,-1.0099885359996459,16
noisy,250,26,8,-0.9249802741685524,16,-0.08596257991601614,16,-0.5249897893178187,16,-0.9341373916827782,16,-0.9746477706300776,16
noisy,250,26,9,-0.8812622113664292,16,-0.09233729696740492,16,-0.5296532385163937,16,-0.9508508608027013,16,-0.9223894341753278,16
noisy,250,26,10,-0.9240306992139232,16,-0.26058597118848,16,-1.1730005948257842,16,-1.0060740634044898,16,-0.8394224178538408,16
noisy,250,26,11,-0.6395806175508858,16,-0.09556723419528591,16,-0.49692685155183786,16,-0.9367280959589899,16,-0.9213208496071404,16
noisy,250,27,0,-0.9814420554505694,16,-0.05991023040746983,16,-1.1039436664745015,16,-0.8225817874562573,16,-0.9731692140484651,16
noisy,250,27,1,-1.799631970412023,16,-0.05392423212883904,16,-1.1367182824733504,16,-1.0101058579663071,16,-1.1043436478305133,16
noisy,250,27,2,-1.2104963863248943,16,-0.09129668136798569,16,-0.7324445225250905,16,-0.7726696583553387,16,-1.0213566792282718,16
noisy,250,27,3,-1.7309459562251501,16,-0.2407606807627981,16,-1.4887090460211982,16,-0.8473126631953487,16,-1.261585177002614,16
noisy,250,27,4,-1.0079442404733274,16,-0.014290715319293178,16,-0.7961772381509882,16,-1.0467855693448382,16,-0.9908508206220324,16
noisy,250,27,5,-0.9004625033738316,16,-0.01927242775709684,16,-1.0159201256245547,16,-0.9241232477701259,16,-0.8750352650571425,16
noisy,250,27,6,-0.7222963979440873,16,-0.041237067555380785,16,-0.8017300490897992,16,-0.9570300070758702,16,-0.9742965607030156,16
noisy,250,27,7,-0.520406077688259,16,-0.057690285852311785,16,-0.7580187333501688,16,-1.0488492063063528,16,-0.9048158436086946,16
noisy,250,27,8,-1.0873501497258045,16,-0.06046572739938191,16,-0.6798749753157678,16,-0.8770938534120465,16,-0.9734914779010023,16
noisy,250,27,9,-1.0701517524895723,16,-0.05694933871271164,16,-1.2857138018938221,16,-0.9137805963383496,16,-1.0067246228376514,16
noisy,250,27,10,-0.7025786765259627,16,-0.12821065056755293,16,-0.7447231527798663,16,-0.9665575801004987,16,-0.9047921738422458,16
noisy,250,27,11,-1.7402364454035006,16,-0.19938243624312985,16,-1.1845893747940792,16,-0.993885312932044,16,-0.9073867111900071,16
noisy,250,28,0,-0.3916698149008611,16,-0.0006267347462459824,16,-0.04585406319021584,16,-0.960493354103004,16,-0.8195776905805678,16
noisy,250,28,1,-1.1530095781128538,16,-0.02921157301904926,16,-0.705444420364473,16,-1.089735773990228,16,-0.929233088058659,16
noisy,250,28,2,-1.3356190626867714,16,-0.0628464941427631,16,-1.0646827255889686,16,-0.7589887083056823,16,-0.8531438577063366,16
noisy,250,28,3,-0.9906355162171234,16,-0.027470648232797674,16,-0.8952567914272506,16,-0.9273795497559237,16,-0.8600930851195737,16
noisy,250,28,4,-0.8731480664756575,16,-0.009460436304294976,16,-0.7313161228248127,16,-0.9571726416093439,16,-1.0461997084784893,16
noisy,250,28,5,-0.744639986171329,16,-0.024868727719768925,16,-0.6725808222130423,16,-0.877769243930043,16,-0.8564458491298323,16
noisy,250,28,6,-0.7087092071353314,16,-0.043468388696315974,16,-0.6715694279830438,16,-0.9339188421327449,16,-0.9027554971940064,16
noisy,250,28,7,-0.7262402795400864,16,-0.004947242719640958,16,-0.591007260149264,16,-1.0052108677070066,16,-1.120902121097024,16
noisy,250,28,8,-0.35630267232841495,16,-0.037417059673328396,16,-0.5060836518697,16,-0.9233408511337065,16,-1.2676460045828994,16
noisy,250,28,9,-0.8947050083876079,16,-0.08716134014830174,16,-0.9324746125930665,16,-0.8108957626959471,16,-0.9412918774583212,16
noisy,250,28,10,-0.6759250084537869,16,-0.06742420917654313,16,-0.8238230162805149,16,-0.901975481071897,16,-0.8569213307717686,16
noisy,250,28,11,-0.42334227467802077,16,-0.0025220109330549986,16,-0.0565968659913806,16,-1.0002074460426016,16,-0.9331175680334167,16
noisy,250,29,0,-0.3828669256050064,16,-0.10553520953563861,16,-0.9121582728363996,16,-1.350797814729079,16,-0.9458991000775583,16
noisy,250,29,1,-0.8140292232588073,16,-0.007454968804539991,16,-0.7454679258062648,16,-1.0486981527016714,16,-1.0125585463469857,16
noisy,250,29,2,-0.280841079487529,16,-0.012146859618780627,16,-0.4537318147864178,16,-1.212500342676936,16,-0.9671068110065268,16
noisy,250,29,3,-1.1353074984422005,16,-0.051671409112790806,16,-1.2027587431092015,16,-0.8547862449533001,16,-0.9363006351321241,16
noisy,250,29,4,-1.5650418820569527,16,-0.04723407127037185,16,-1.3380500186866766,16,-1.1682205768608895,16,-1.080095322229977,16
noisy,250,29,5,-1.354439939836297,16,-0.06428114665640802,16,-0.9282741361843534,16,-1.176593090934392,16,-1.162369673423429,16
noisy,250,29,6,-0.6247900464054916,16,-0.00425970860748558,16,-0.6463254567188992,16,-1.009334804502961,16,-0.9239594472174835,16
noisy,250,29,7,-0.63663634626057,16,-0.07412680128465042,16,-0.8502537599947921,16,-1.0935695088332793,16,-0.9463350931344836,16
noisy,250,29,8,-1.165611205993789,16,-0.054398750563531245,16,-1.177856199125381,16,-1.0067347447866584,16,-1.0516934746618212,16
noisy,250,29,9,-0.5004291207004372,16,-0.033846851697742576,16,-0.2980704433238912,16,-1.4261519083028484,16,-0.9777647792238093,16
noisy,250,29,10,-0.6754951658216446,16,-0.011053300251610026,16,-0.6545764532002253,16,-1.2255032700623332,16,-0.9950258541515811,16
noisy,250,29,11,-1.4900608377067976,16,-0.26997855206164734,16,-1.4311478546599021,16,-1.4117314375985397,16,-1.2177278160669562,16
noisy,500,0,0,0.0,16,0.0,16,0.0,16,0.0,16,0.0,16
noisy,500,0,1,0.0,16,0.0,16,0.0,16,0.0,16,0.0,16
noisy,500,0,2,0.0,16,0.0,16,0.0,16,0.0,16,0.0,16
noisy,500,0,3,0.0,16,0.0,16,0.0,16,0.0,16,0.0,16
noisy,500,0,4,0.0,16,0.0,16,0.0,16,0.0,16,0.0,16
noisy,500,0,5,0.0,16,0.0,16,0.0,16,0.0,16,0.0,16
noisy,500,0,6,0.0,16,0.0,16,0.0,16,0.0,16,0.0,16
noisy,500,0,7,0.0,16,0.0,16,0.0,16,0.0,16,0.0,16
noisy,500,0,8,0.0,16,0.0,16,0.0,16,0.0,16,0.0,16
noisy,500,0,9,0.0,16,0.0,16,0.0,16,0.0,16,0.0,16
noisy,500,0,10,0.0,16,0.0,16,0.0,16,0.0,16,0.0,16
noisy,500,0,11,0.0,16,0.0,16,0.0,16,0.0,16,0.0,16
noisy,500,1,0,-0.21909672600785488,16,-0.0933534400817223,16,-0.32672057735002874,16,-0.32845489322280463,16,-0.3300206760916909,16
noisy,500,1,1,-0.1788776140368481,16,-0.04155333286470357,16,-0.2763627378315468,16,-0.3859314295426441,16,-0.3791396514366383,16
noisy,500,1,2,-1.0960193069288486,16,-0.262043510606383,16,-1.1582178946079549,16,-0.2277921668214545,16,-0.3459231944694023,16
noisy,500,1,3,-0.10034389582736909,16,-0.14482559955585536,16,-0.3788940264424413,16,-0.31374539664927387,16,-0.3463760128769642,16
noisy,500,1,4,-0.8080265080696423,16,-0.06682769357518863,16,-0.5934888604935883,16,-0.37514416144836127,16,-0.41507255744107496,16
noisy,500,1,5,-0.17413775731945697,16,-0.003320791705872979,16,-0.3200719848781165,16,-0.4155884165199396,16,-0.28901682568102294,16
noisy,500,1,6,-0.8232740030356928,16,-0.05136766821636191,16,-1.004707216914599,16,-0.44579325217668075,16,-0.370623876714267,16
noisy,500,1,7,-0.9918835673993799,16,-0.15521400355944268,16,-0.7264983676979937,16,-0.29806896122490906,16,-0.6564408893734206,16
noisy,500,1,8,-0.8294180069707046,16,-0.35797205723922165,16,-0.9463722974133755,16,-0.3483154623771616,16,-0.5278926797532557,16
noisy,500,1,9,-0.17135382800530183,16,-0.3767242560809519,16,-0.9133224181074351,16,-0.3348233228245358,16,-0.47142287009700545,16
noisy,500,1,10,-0.7173972715329345,16,-0.07691718961019471,16,-0.710604074220901,16,-0.3171997123600876,16,-0.5381618440618793,16
noisy,500,1,11,-0.7340201914438197,16,-0.6444533920784736,16,-1.1050692194910974,16,-0.4400646467117783,16,-0.30536955988648334,16
noisy,500,2,0,-0.30758954378952563,16,-0.1281714542962854,16,-0.9310184982512701,16,-0.2103134848290409,16,-0.22687300849390113,16
noisy,500,2,1,-0.0664813560947274,16,-0.0379930218719044,16,-0.31350778006723357,16,-0.26377075008406276,16,-0.27351283841446333,16
noisy,500,2,2,-1.4250700920298038,16,-0.11453859909805195,16,-0.6327082689726371,16,-0.39367386179335717,16,-0.7303040084096647,16
noisy,500,2,3,-0.2838648735499362,16,-0.08935636978740767,16,-0.371051831457543,16,-0.32386142027479453,16,-0.31520582843729017,16
noisy,500,2,4,0.18265673630008572,16,-0.09509464853438204,16,-0.5811581168256228,16,-0.3063223105017053,16,-0.37755391363366547,16
noisy,500,2,5,-0.4010747377667526,16,-0.044381402601201325,16,-0.4865992927748851,16,-0.4102737545592019,16,-0.36457607338909914,16
noisy,500,2,6,-0.40610794238980935,16,-0.01821626477734173,16,-0.4990836601034423,16,-0.351256623681525,16,-0.3304013713239562,16
noisy,500,2,7,-0.1774948870990568,16,-0.37397589043646784,16,-0.4134968550891225,16,-0.35797533854372027,16,-0.46791599619717555,16
noisy,500,2,8,-0.7840193056115277,16,-0.6110590627626328,16,-0.9821795905207957,16,-0.2680692482965733,16,-0.4244042843226551,16
noisy,500,2,9,-0.46214832946592704,16,-0.031780263895006385,16,-0.38869728160839423,16,-0.26801662961710904,16,-0.37772240063070917,16
noisy,500,2,10,-0.27265646938975036,16,-0.09236091941364338,16,-0.24488352451875994,16,-0.29436933694275325,16,-0.3245012047191019,16
noisy,500,2,11,0.06974855931193448,16,-0.38620187426958724,16,-0.8923104605598552,16,-0.24955954302560046,16,-0.36523007528166784,16
noisy,500,3,0,-0.21715557876633929,16,-0.13811429937546818,16,-0.009609790021866467,16,-0.267597537566347,16,-0.38344429142410597,16
noisy,500,3,1,-0.10468241454780364,16,-0.06039833545815583,16,-0.3686327147206886,16,-0.29666626732791557,16,-0.17881501050658985,16
noisy,500,3,2,-0.1618820008331175,16,-0.10328215807665972,16,-0.4676273831799594,16,-0.2608253650090626,16,-0.1725663022851807,16
noisy,500,3,3,-0.2018422387550335,16,-0.035619481783022267,16,-0.3576891087812413,16,-0.09037217877878156,16,-0.25204897456569725,16
noisy,500,3,4,-0.13822521752219755,16,-0.08362583683912714,16,-0.06742677207814379,16,-0.2557010231478779,16,-0.12697376230276575,16
noisy,500,3,5,-0.2702418275994277,16,-0.1074502072525804,16,-0.6889797779779906,16,-0.37341205202289074,16,-0.295260248284915,16
noisy,500,3,6,-0.23929310354144157,16,-0.05574185385538865,16,-0.34792527521138106,16,-0.2897470827305248,16,-0.13679734902504173,16
noisy,500,3,7,-0.18765683754054402,16,-0.037813216305547626,16,-0.054478376326112854,16,-0.2181558866386551,16,-0.24386736328708108,16
noisy,500,3,8,-0.06992294519391248,16,-0.06039994734729056,16,-0.1788965457002063,16,-0.24123676759912105,16,-0.03350709252778341,16
noisy,500,3,9,-0.23770173294037392,16,-0.055814511394032054,16,-0.09156600608235721,16,-0.22374095886196188,16,-0.29169394057201237,16
noisy,500,3,10,-0.15419591664296614,16,-0.0205945966251388,16,-0.4353217130305708,16,-0.2734276505860326,16,-0.2112256550659764,16
noisy,500,3,11,-0.4428343616288842,16,-0.024920098054879845,16,-0.33527549925902267,16,-0.19580899416622433,16,-0.1772518582039245,16
noisy,500,4,0,-0.5726580685040545,16,-0.17682774728301404,16,-0.686469317610678,16,-0.2969763499650344,16,-0.3509608812506862,16
noisy,500,4,1,-0.2062272807014833,16,-0.04133913648969837,16,-0.15078483859588748,16,-0.35018477523174657,16,-0.35523428930499307,16
noisy,500,4,2,0.006171729756778141,16,-0.04004002805593019,16,0.03414136841354481,16,-0.3931724572428788,16,-0.22402004353250773,16
noisy,500,4,3,-0.5476613398892554,16,-0.09276392461528829,16,0.10839769171699168,16,-0.38924798427065277,16,-0.41123511968177956,16
noisy,500,4,4,-0.5875212092266221,16,-0.1597558760759246,16,-0.8764705388771711,16,-0.43034454399609656,16,-0.3525740018623934,16
noisy,500,4,5,-0.4209425802384913,16,-0.12023523147455277,16,-0.4841572122518477,16,-0.18594780428220928,16,-0.4201480482965163,16
noisy,500,4,6,-0.5808043807649379,16,-0.023902840047165884,16,-0.48837953416318014,16,-0.24897474406324144,16,-0.21303957364492654,16
noisy,500,4,7,-0.27828845254348983,16,-0.03144681691378785,16,-0.6941554163362378,16,-0.3582176529971431,16,-0.2764757405864291,16
noisy,500,4,8,-0.20088701620880964,16,-0.01420057712715041,16,-0.12768717136132843,16,-0.26380347354403894,16,-0.274786797474069,16
noisy,500,4,9,-0.35691771262758365,16,-0.028792579124254022,16,-0.31050276416640377,16,-0.3681720088208844,16,-0.31879875618617026,16
noisy,500,4,10,-0.06755317665337979,16,-0.029365396456691305,16,-0.05931735013183622,16,-0.3226517714938878,16,-0.292156722902352,16
noisy,500,4,11,-0.4295141287661181,16,-0.05215858359423061,16,-0.30230819664125397,16,-0.2830823293358169,16,-0.30986945071933913,16
noisy,500,5,0,-0.3265056696506396,16,-0.029168848668975726,16,-0.19177495394285218,16,-0.25946490056878413,16,-0.17679996226249398,16
noisy,500,5,1,-0.08264405333386314,16,-0.035623684853325496,16,-0.14611244187739902,16,-0.2987127000015075,16,-0.2981363208943447,16
noisy,500,5,2,-0.19500494654483488,16,-0.03277322438268078,16,-0.18041051430144645,16,-0.29750714591740346,16,-0.22099073327415725,16
noisy,500,5,3,-0.3381033966639492,16,-0.0036844212541010755,16,-0.016954540011888973,16,-0.34359358903803505,16,-0.3328001734180478,16
noisy,500,5,4,-0.4426902038177825,16,-0.2463127521138573,16,-0.7257877098339545,16,-0.33026697300073116,16,-0.2547112267635895,16
noisy,500,5,5,-0.3256175815758043,16,-0.011256240672438772,16,-0.25762902011215677,16,-0.3492938822475185,16,-0.26040021369223676,16
noisy,500,5,6,-0.23126520113281288,16,-0.04034166799936934,16,-0.21319117964770015,16,-0.17431287259515582,16,-0.24560019155404555,16
noisy,500,5,7,-0.04751510904828907,16,-0.039922193969281795,16,-0.31755058140137393,16,-0.253460209611056,16,-0.26826576890917303,16
noisy,500,5,8,-0.2692487882804646,16,-0.028069767989517033,16,-0.21409876242679624,16,-0.1547033150336694,16,-0.18946510178689993,16
noisy,500,5,9,-0.44610624165933016,16,-0.03925449771552861,16,-0.3950177228725922,16,-0.1676396657778675,16,-0.3680094029135348,16
noisy,500,5,10,0.00041596569485935486,16,-0.017030238131889495,16,-0.12643734027997217,16,-0.28904991544381,16,-0.28601849182581596,16
noisy,500,5,11,-0.00982431904725099,16,-0.062382492340460095,16,-0.16302953150949087,16,-0.31928487333806976,16,-0.1381194268986064,16
noisy,500,6,0,-0.5107828209708922,16,-0.04962694066163492,16,-0.34389403864736245,16,-0.18334821593038414,16,-0.2741653609666771,16
noisy,500,6,1,-0.173192769227561,16,-0.011566451408857668,16,-0.25552642973519996,16,-0.25934698669764233,16,-0.09540513977296694,16
noisy,500,6,2,-0.4333712873448215,16,-0.026590879093459766,16,-0.08309860840603861,16,-0.2939706327732437,16,-0.17572735961737013,16
noisy,500,6,3,-0.2738432711339113,16,-0.026227605220329936,16,-0.28497933236241535,16,-0.23678233807338336,16,-0.1857623519241807,16
noisy,500,6,4,-0.24985188079343046,16,-0.027163176978369865,16,-0.11745340120783952,16,-0.2964940822175841,16,-0.3253551560247891,16
noisy,500,6,5,-0.15662760387154823,16,-0.008603515399515888,16,-0.10458086444279074,16,-0.1751925162084865,16,-0.14662628110653192,16
noisy,500,6,6,-0.2476518325692645,16,-0.019335887232267944,16,-0.19375601630342987,16,-0.2285418922324579,16,-0.2248880886071747,16
noisy,500,6,7,-0.1702388157217934,16,-0.025102629264731887,16,-0.19579816990038704,16,-0.24247884258378383,16,-0.12241516305106492,16
noisy,500,6,8,-0.18336107838254215,16,-0.035576606507625154,16,-0.23999639151940194,16,-0.2166422978161477,16,-0.1768304360265076,16
noisy,500,6,9,-0.3121217713846609,16,-0.09450679995893624,16,-0.46303447524686986,16,-0.23733987782799926,16,-0.27686934927301754,16
noisy,500,6,10,-0.5280309597885754,16,-0.020483197236950478,16,-0.2986609453088074,16,-0.40869742717721985,16,-0.29922179441909746,16
noisy,500,6,11,-0.1749156896778225,16,-0.05010067156693884,16,-0.0872217710879416,16,-0.17184018115027672,16,-0.25440201770586357,16
noisy,500,7,0,-0.2443688215264363,16,-0.16341739774115716,16,-0.3073115005267325,16,-0.3247789667864355,16,-0.27000802092072274,16
noisy,500,7,1,-0.36858662163873557,16,-0.0356800681055483,16,-0.20370552347287743,16,-0.36987625367904414,16,-0.32034571611335866,16
noisy,500,7,2,-0.2689956206803307,16,-0.04483360277065296,16,-0.43657992950754665,16,-0.21083427504917582,16,-0.17645076263560644,16
noisy,500,7,3,-0.40400305358562577,16,-0.08972867063123317,16,-0.5594943704934544,16,-0.39520752693447775,16,-0.2926996757720486,16
noisy,500,7,4,-0.609585257906361,16,-0.09188459344516392,16,-0.3834121091714715,16,-0.2455471251577577,16,-0.2843059174523018,16
noisy,500,7,5,-0.27520359808859635,16,-0.03565315768813998,16,-0.17654926097270224,16,-0.34045950430284044,16,-0.29236176225416377,16
noisy,500,7,6,-0.342729362060627,16,-0.0433312665277411,16,-0.17512398586620634,16,-0.3764227717664998,16,-0.32090441058756247,16
noisy,500,7,7,-0.021187475001061183,16,-0.019057061540504145,16,-0.2424657412497963,16,-0.24787385368200496,16,-0.23394710201437863,16
noisy,500,7,8,-0.17292950382103736,16,-0.05965119490004194,16,-0.29797067227121543,16,-0.2888379552504088,16,-0.19502240009217153,16
noisy,500,7,9,-0.08091080076841989,16,-0.039788195948629354,16,-0.23538343453991753,16,-0.3591282028992431,16,-0.2738958010567727,16
noisy,500,7,10,-0.2521352407346451,16,-0.013763497480594076,16,-0.13539561027040042,16,-0.2202177547920731,16,-0.2135293165135801,16
noisy,500,7,11,-0.2668102584525698,16,-0.021913355027120995,16,-0.2523198576146761,16,-0.45521609725254064,16,-0.3123606527476731,16
noisy,500,8,0,-0.2895498791810846,16,-0.09613298128272187,16,-0.3972586685981011,16,-0.2573067061088943,16,-0.24495383207790075,16
noisy,500,8,1,-0.38979952857418276,16,-0.043005142260851045,16,-0.381170496546951,16,-0.24193012026293464,16,-0.27376217226164834,16
noisy,500,8,2,-0.3718419987489188,16,-0.05000220326392289,16,-0.37499248578089894,16,-0.4049235160469651,16,-0.3534839841470532,16
noisy,500,8,3,-0.4026704593477631,16,-0.045813186518914126,16,-0.18037104645560686,16,-0.18817544276931047,16,-0.215140543318671,16
noisy,500,8,4,-0.3363609449014795,16,-0.05977366159732495,16,-0.4642161199303656,16,-0.3532984818355795,16,-0.24593880694204626,16
noisy,500,8,5,-0.1185901292740562,16,-0.044471653435094065,16,-0.025954853588480584,16,-0.23126498429068,16,-0.20599292793088814,16
noisy,500,8,6,-0.29402798418061876,16,-0.026048148801927913,16,-0.24638042813592917,16,-0.2566974259533972,16,-0.3303691842202654,16
noisy,500,8,7,-0.353046787176327,16,-0.03653284275049845,16,-0.34929547269268824,16,-0.2835232899683279,16,-0.24584286351423834,16
noisy,500,8,8,-0.25620503534683237,16,-0.030962629767609794,16,-0.20302172452372425,16,-0.3168934276077858,16,-0.2983465191708553,16
noisy,500,8,9,-0.21536996302197536,16,-0.02889669772404981,16,-0.24919541009505217,16,-0.21554324744295456,16,-0.2362142858469791,16
noisy,500,8,10,-0.34279102476724904,16,-0.14972532891986512,16,-0.6376374896740736,16,-0.29206725796037813,16,-0.29983264904506823,16
noisy,500,8,11,-0.40056566779173863,16,-0.13886596383398417,16,-0.7082281622214703,16,-0.18357012842168488,16,-0.2533368260470289,16
noisy,500,9,0,-0.23359457157471653,16,-0.049972833524325064,16,-0.43436842796894976,16,-0.09661384326319272,16,-0.13187202254073363,16
noisy,500,9,1,-0.18722560032093324,16,-0.0363802640749981,16,-0.10941574122876171,16,-0.13346473991530644,16,-0.18047117897541087,16
noisy,500,9,2,-0.15226754806312565,16,-0.03625091510743022,16,-0.02673715403331372,16,-0.17542610699734923,16,-0.3039146192324981,16
noisy,500,9,3,-0.252315622508399,16,-0.07230464852928538,16,-0.3295113778639419,16,-0.48476793703827536,16,-0.4038941759746361,16
noisy,500,9,4,-0.175524218301901,16,-0.06570614921523038,16,-0.1349698709250251,16,-0.156683555911429,16,-0.13662402291575493,16
noisy,500,9,5,-0.22499120204369769,16,-0.01569453446827606,16,-0.1840464264864038,16,-0.27291927871586596,16,-0.24611366013968178,16
noisy,500,9,6,-0.2956044408656421,16,-0.12555979183421095,16,-0.30477879031651267,16,-0.6132469816915247,16,-0.35162900261006935,16
noisy,500,9,7,0.001645422467994962,16,-0.028847891673115765,16,-0.3775691930185694,16,-0.18191791919868452,16,-0.14573905613216942,16
noisy,500,9,8,-0.050971000601229215,16,-0.15704745725129593,16,-0.2605881223861762,16,-0.10880198444946926,16,-0.29021401108828593,16
noisy,500,9,9,-0.1243990407411868,16,-0.04723863202235279,16,-0.2730030266905999,16,-0.16284528949078952,16,-0.20066536818222322,16
noisy,500,9,10,-0.34109574781697116,16,-0.0328013635619248,16,-0.20506480923437803,16,-0.20582423404523775,16,-0.2826564581439175,16
noisy,500,9,11,-0.24214922690604918,16,-0.05947722103014661,16,-0.08038162511539937,16,-0.14615929352657098,16,-0.213659637923942,16
noisy,500,10,0,-0.1443576765392529,16,-0.06909656033658475,16,-0.13296471177559532,16,-0.1676082699768051,16,-0.18211910017101715,16
noisy,500,10,1,-0.26819072903010643,16,-0.0758878530988889,16,-0.19379521568234698,16,-0.18058839262032592,16,-0.22461752319792513,16
noisy,500,10,2,-0.15719738819169346,16,-0.10257525816508181,16,-0.45420213157651257,16,-0.13837040699027425,16,-0.15604331899130963,16
noisy,500,10,3,-0.3102182472712897,16,-0.10530852028072436,16,-0.37734582027726415,16,-0.12330717574311284,16,-0.17982290664130995,16
noisy,500,10,4,-0.12990745324124234,16,-0.04598027901057267,16,-0.20923826353683778,16,-0.1936269112210873,16,-0.24410036785337055,16
noisy,500,10,5,-0.17018020495508684,16,-0.15418073311533767,16,-0.22993265265779747,16,-0.23508690324401552,16,-0.22486315972376253,16
noisy,500,10,6,-0.2625601263545177,16,-0.08418658196621046,16,-0.45732427445374285,16,-0.11121077603170416,16,-0.21645859282159619,16
noisy,500,10,7,-0.21810059677332486,16,-0.03824677895795036,16,-0.20784019695168562,16,-0.12262331197763995,16,-0.200960119543183,16
noisy,500,10,8,-0.2647664550828981,16,-0.04975243749313306,16,-0.39890028141737854,16,-0.2169933822624901,16,-0.26594118751277807,16
noisy,500,10,9,-0.2919441905905309,16,-0.07689294172803986,16,-0.35082354007123623,16,-0.19135647821315702,16,-0.1928436745750518,16
noisy,500,10,10,-0.2399494519069361,16,-0.08948986341191378,16,-0.08435901239684199,16,-0.23954663829140357,16,-0.1624153809408298,16
noisy,500,10,11,-0.08617274160583199,16,-0.028945237045315406,16,-0.09574343581967013,16,-0.21097928269275834,16,-0.18197899194521305,16
noisy,500,11,0,-0.1498853058326666,16,-0.11557106442765247,16,-0.12753539918302675,16,-0.18478813209660974,16,-0.23618747892015116,16
noisy,500,11,1,-0.29611119241649475,16,-0.049171341583780524,16,-0.0972601749905534,16,-0.14506672473061166,16,-0.23505813719923585,16
noisy,500,11,2,-0.1975805578510953,16,-0.06396923262761174,16,-0.22458932592647468,16,-0.2790046767329265,16,-0.31044515282939056,16
noisy,500,11,3,-0.2777996858361639,16,-0.05635354191819421,16,-0.5061429029616091,16,-0.14521026719924662,16,-0.0877485046382362,16
noisy,500,11,4,-0.21968958069836036,16,-0.047044877846503325,16,-0.34774180735103866,16,-0.20853559700528568,16,-0.22262330116482898,16
noisy,500,11,5,-0.32281062863874,16,-0.07502388950975093,16,-0.3960214714775084,16,-0.17600574686619025,16,-0.17082869362535677,16
noisy,500,11,6,-0.03443584460282541,16,-0.10104270435362965,16,-0.17301650743617858,16,-0.06403916693730405,16,-0.14334663547432053,16
noisy,500,11,7,-0.1403449006962147,16,-0.04728871636330962,16,-0.3577458085451077,16,-0.10554913922033307,16,-0.21047751424777555,16
noisy,500,11,8,-0.19677038051908385,16,-0.03004823334123718,16,-0.1946612007077747,16,-0.17553525914219476,16,-0.2578906576504235,16
noisy,500,11,9,-0.22681289472551616,16,-0.024687446030299737,16,-0.08562208712932408,16,-0.16990706108265946,16,-0.04121830220430189,16
noisy,500,11,10,-0.1082076023955076,16,-0.04822249365940743,16,-0.16162136900659585,16,-0.038143511084729464,16,-0.2662994514911106,16
noisy,500,11,11,-0.19189237404921916,16,-0.07224541758204253,16,-0.27814213991513903,16,-0.1451321325004732,16,-0.15686096343433842,16
noisy,500,12,0,-0.1470858733418074,16,-0.05776032032991345,16,-0.3645858980960817,16,-0.22525982544449036,16,-0.15451105079983052,16
noisy,500,12,1,-0.11461453269900736,16,-0.1215720619748064,16,-0.3498115565656016,16,-0.06292174162956801,16,-0.2060921464264439,16
noisy,500,12,2,-0.2817092723968534,16,-0.0699060928787457,16,-0.3404226366109913,16,-0.18405538665126636,16,-0.16334944545626637,16
noisy,500,12,3,-0.34377665538988966,16,-0.08841905308655765,16,-0.5761238673769211,16,-0.2759843487309649,16,-0.11597445956397767,16
noisy,500,12,4,-0.2739166423788104,16,-0.08814078505856586,16,-0.2502355022862299,16,-0.3916211321151459,16,-0.2926796498156866,16
noisy,500,12,5,-0.14822008920475882,16,-0.04144462851269681,16,-0.1785822314868094,16,-0.32966715732417895,16,-0.27289500010620626,16
noisy,500,12,6,-0.24624323539800225,16,-0.03885583225876558,16,-0.22480977674567146,16,-0.052189734246607056,16,-0.20429615353804584,16
noisy,500,12,7,-0.06132703195344247,16,-0.023927081206642484,16,-0.21008411792572962,16,-0.12873603436768022,16,-0.21283459563288365,16
noisy,500,12,8,-0.07266264926757805,16,-0.03366245732846419,16,-0.29170019672005354,16,-0.23848889668027162,16,-0.16065048869584822,16
noisy,500,12,9,-0.19336120645981397,16,-0.07731202721843261,16,-0.23842364350558676,16,-0.38118091076366567,16,-0.1644237934898858,16
noisy,500,12,10,-0.20227723542738996,16,-0.06813144719114358,16,-0.19879449755221576,16,-0.2273784187222656,16,-0.12626195759858544,16
noisy,500,12,11,-0.11021986146917565,16,-0.04414103880114153,16,-0.3393780395588871,16,-0.22988688913869043,16,-0.2002819620269438,16
noisy,500,13,0,-0.15992113203867842,16,-0.0728249840071204,16,-0.23730597195072595,16,-0.15674493106411258,16,-0.21377243828028092,16
noisy,500,13,1,-0.2482817161746341,16,-0.07080186931526888,16,-0.0820988695469009,16,-0.19151557688676213,16,-0.22704177607149803,16
noisy,500,13,2,-0.16681859140619182,16,-0.0946208398454609,16,-0.1839016094914246,16,-0.15027808421559757,16,-0.16497547877718094,16
noisy,500,13,3,-0.1343707414874236,16,-0.0663207384178521,16,-0.38086900819217184,16,-0.21669119331901704,16,-0.15173321027292896,16
noisy,500,13,4,-0.1718167349837595,16,-0.06857330217580147,16,-0.20249907272649945,16,-0.24830242544607806,16,-0.22307676425712325,16
noisy,500,13,5,-0.3126040954320042,16,-0.10974520409111807,16,-0.18449643607111185,16,-0.2113751057886235,16,-0.2162692767351143,16
noisy,500,13,6,-0.1012622343109745,16,-0.06064544247724981,16,-0.16902222469331035,16,-0.18444351501158546,16,-0.21199579559885723,16
noisy,500,13,7,-0.4184424864461611,16,-0.07733558563319998,16,-0.13451683454239,16,-0.12627380766362195,16,-0.21843078831399404,16
noisy,500,13,8,-0.16894031361699838,16,-0.05593766375019515,16,-0.3579958693497116,16,-0.26183714367404787,16,-0.2519246874432527,16
noisy,500,13,9,-0.26971983756692663,16,-0.09798469339152312,16,-0.19816335474706456,16,-0.3348861828804023,16,-0.28440109046020756,16
noisy,500,13,10,-0.0993553821941054,16,-0.09870905375439362,16,-0.1562720396282627,16,-0.026480180601832458,16,-0.17295512145901581,16
noisy,500,13,11,-0.2451109357412908,16,-0.05681840572169379,16,-0.39522345370692913,16,-0.2602735776352765,16,-0.09787468726794434,16
noisy,500,14,0,-0.20901829431438382,16,-0.027922113443275436,16,-0.21852667315257868,16,-0.17160599580855573,16,-0.18724215350876883,16
noisy,500,14,1,-0.15862897703115322,16,-0.15147875547909614,16,-0.16923315403560021,16,-0.1825458696825971,16,-0.23026157664245492,16
noisy,500,14,2,-0.16635169796903337,16,-0.07207151372239981,16,-0.16812943091054539,16,-0.24544293017934365,16,-0.31596881823681544,16
noisy,500,14,3,-0.17492975678343858,16,-0.030242231423804715,16,-0.1007196275270038,16,-0.2613630267425533,16,-0.17360438553185903,16
noisy,500,14,4,-0.16822343169469645,16,-0.06080197067976392,16,-0.33176717761527175,16,-0.29561029204259626,16,-0.15438112598166415,16
noisy,500,14,5,-0.1424080872653518,16,-0.08923003270485416,16,-0.2956618671872163,16,-0.21810808078742447,16,-0.19632251445059176,16
noisy,500,14,6,-0.16616747620767228,16,-0.03269082849483027,16,-0.1885856670093442,16,-0.33274125668808774,16,-0.15674946873304269,16
noisy,500,14,7,-0.20461188379561313,16,-0.06391051343061063,16,-0.12013329684903974,16,-0.3591320010477752,16,-0.2723090729574863,16
noisy,500,14,8,-0.1686680844985486,16,-0.05549541906052466,16,-0.2278053637794495,16,-0.25892415249209344,16,-0.11558741965529207,16
noisy,500,14,9,-0.17394761521043034,16,-0.043850568748565265,16,-0.28915131797004057,16,-0.26380252025696627,16,-0.1452096222420662,16
noisy,500,14,10,-0.03605829896020667,16,-0.05768429004230647,16,-0.1281202406698269,16,-0.30123092830330456,16,-0.16634995530683208,16
noisy,500,14,11,-0.11260999628339446,16,-0.09410381053590963,16,-0.11049329647890008,16,-0.15598832740444693,16,-0.2744324671053462,16
noisy,500,15,0,-0.1449114159238632,16,-0.05914563552659227,16,-0.11620592131020005,16,-0.29592582230613007,16,-0.2955404826123379,16
noisy,500,15,1,-0.17592543816267123,16,-0.09161159831032605,16,0.006574210590735639,16,-0.15471859472790062,16,-0.333539037148443,16
noisy,500,15,2,-0.32980007490086916,16,-0.13517949721434125,16,-0.17376434954584635,16,-0.19846699970223633,16,-0.4017057531272088,16
noisy,500,15,3,-0.2671913671634639,16,-0.11098463008156262,16,-0.21555978990153676,16,-0.28491621168864767,16,-0.2551706982864803,16
noisy,500,15,4,-0.0908458224394666,16,-0.06261171509612437,16,-0.07781676053736866,16,-0.2207893360467615,16,-0.2966416161436868,16
noisy,500,15,5,-0.22745644778925556,16,-0.07570733540559083,16,-0.2644991778323242,16,-0.309007122085396,16,-0.2873842132092361,16
noisy,500,15,6,-0.203802383875245,16,-0.07220854045954991,16,-0.1705735328182411,16,-0.36403889156609703,16,-0.28183111949580986,16
noisy,500,15,7,-0.17141887360040042,16,-0.12097983727239997,16,-0.1752965281501223,16,-0.12503000408477707,16,-0.3462666525649275,16
noisy,500,15,8,-0.33128698038699256,16,-0.01815380798845022,16,-0.18560833041673258,16,-0.23854703221544826,16,-0.3980924829444617,16
noisy,500,15,9,-0.1278379929528402,16,-0.09873250154894674,16,-0.09169648459799576,16,-0.1356451729295457,16,-0.2991171144936464,16
noisy,500,15,10,-0.18314953359668856,16,-0.06559653241178254,16,-0.2253306913917854,16,-0.24817215510056576,16,-0.22733651833615465,16
noisy,500,15,11,-0.16737751697254555,16,-0.06962580796289107,16,-0.24164806229847385,16,-0.2744249357643984,16,-0.3190191239141981,16
noisy,500,16,0,-0.23682623788877732,16,-0.10572374026309148,16,-0.2986940692880837,16,-0.3874291086001196,16,-0.37690858507726,16
noisy,500,16,1,-0.3199339531184824,16,-0.0793122010075894,16,-0.23279950068343924,16,-0.25196862617623855,16,-0.38141127692518606,16
noisy,500,16,2,-0.05270194505684729,16,-0.02706394336352097,16,-0.24194165361980968,16,-0.31636159963698285,16,-0.279598712923167,16
noisy,500,16,3,-0.2296328429480959,16,-0.08365379341701318,16,-0.19156468288946443,16,-0.35534281090050734,16,-0.3169468409366512,16
noisy,500,16,4,-0.3343658605989168,16,-0.07744617708014857,16,-0.2296346072584374,16,-0.419074448791136,16,-0.34446079545245567,16
noisy,500,16,5,-0.1389188056328589,16,-0.04694412639218422,16,-0.11110070260046721,16,-0.34513730100756357,16,-0.33224453048298924,16
noisy,500,16,6,-0.37924388785114316,16,-0.03271827518647494,16,-0.17620790952217746,16,-0.3170759682073908,16,-0.37311801043124077,16
noisy,500,16,7,-0.21845160163129218,16,-0.11322784415320229,16,-0.14070404058918465,16,-0.3231399667042274,16,-0.32394276799317256,16
noisy,500,16,8,-0.30446431302085925,16,-0.043873624438490993,16,-0.09687950529859793,16,-0.3374237457300192,16,-0.27979589324983123,16
noisy,500,16,9,-0.4202780197142896,16,-0.02841021393290715,16,-0.2916987947208789,16,-0.33058041006873795,16,-0.21996253274886157,16
noisy,500,16,10,-0.3110944577359795,16,-0.09312263409320531,16,-0.21791094731238744,16,-0.42466245137762104,16,-0.4680271782977646,16
noisy,500,16,11,-0.328932905458453,16,-0.12767390288186292,16,-0.25260364510829547,16,-0.3348354301311595,16,-0.29950169994092624,16
noisy,500,17,0,-0.2594186087253652,16,-0.08551605223459059,16,-0.1363985641408112,16,-0.3148662449353701,16,-0.3707316766498452,16
noisy,500,17,1,-0.1567926350346101,16,-0.034467703100546705,16,-0.36786134189020425,16,-0.5093899463479481,16,-0.17738949553851033,16
noisy,500,17,2,-0.4460549577183427,16,-0.021987350476321253,16,-0.2790580455884718,16,-0.3360516471022818,16,-0.36535745220554594,16
noisy,500,17,3,-0.21355075311512728,16,-0.031641905592847214,16,-0.37358345753431776,16,-0.36562089951969284,16,-0.3362309392985965,16
noisy,500,17,4,-0.11921507480066558,16,-0.02746563045563581,16,-0.32911408288394334,16,-0.5687710420773366,16,-0.38701768508387974,16
noisy,500,17,5,-0.09209178866931493,16,-0.022806173874336345,16,-0.05725588231209856,16,-0.45267079997673987,16,-0.26276969024417773,16
noisy,500,17,6,-0.1896637266277555,16,-0.045942658387141906,16,-0.11149447532665903,16,-0.3135286439657188,16,-0.3781481251580187,16
noisy,500,17,7,-0.15079393800426855,16,-0.03187555684977601,16,-0.1272958451622654,16,-0.4172604745440666,16,-0.2635214046010859,16
noisy,500,17,8,-0.15270577785185957,16,-0.012261751607297186,16,-0.09823481007714278,16,-0.4965703419864292,16,-0.3466578638468879,16
noisy,500,17,9,-0.19648547263004904,16,-0.15459701882163795,16,-0.2330380197012452,16,-0.49527579703478136,16,-0.3171468976663534,16
noisy,500,17,10,-0.1729308127621501,16,-0.027501383083990735,16,-0.14612924116638332,16,-0.4003573546546623,16,-0.2931698785652141,16
noisy,500,17,11,-0.3061134728235788,16,-0.060265218540099676,16,-0.08019702086289807,16,-0.4655201034558093,16,-0.41644116294331646,16
noisy,500,18,0,-0.41999405901302433,16,-0.059463697912074544,16,-0.15923699054209256,16,-0.4912190515604934,16,-0.39382398703007904,16
noisy,500,18,1,-0.3416643303524124,16,-0.026201616863195585,16,-0.10239969423613594,16,-0.2646618419373436,16,-0.3966237614979422,16
noisy,500,18,2,-0.403325967363959,16,-0.022109644184723228,16,-0.14243264338144224,16,-0.4210173294795553,16,-0.43339400904386877,16
noisy,500,18,3,-0.3455447795645183,16,-0.013803248776335066,16,0.036056085320876334,16,-0.3756581533039966,16,-0.44479837601080296,16
noisy,500,18,4,-0.26299544487199356,16,-0.07848766341839304,16,-0.2485517521245541,16,-0.5008464985266778,16,-0.28242535061708934,16
noisy,500,18,5,-0.36715380185791047,16,-0.060122379343863976,16,-0.24037845756784998,16,-0.3108934432453649,16,-0.3911269408114877,16
noisy,500,18,6,-0.42480643122150297,16,-0.043069895001636674,16,-0.18001319007182068,16,-0.4603597252008596,16,-0.41314529394876476,16
noisy,500,18,7,-0.21720395729759062,16,-0.019033278269713037,16,-0.05635099761722234,16,-0.28016503298781326,16,-0.40882824083879515,16
noisy,500,18,8,-0.2876017373719548,16,-0.04787328647324261,16,-0.1604232450474027,16,-0.390236503127821,16,-0.4510156341370795,16
noisy,500,18,9,-0.23623192857865694,16,-0.03622635677017254,16,-0.24215227479149792,16,-0.6373614262670679,16,-0.36639809078955976,16
noisy,500,18,10,-0.33286287755329114,16,-0.08679214317546483,16,-0.22038541981785692,16,-0.3053749781661418,16,-0.3980512878136483,16
noisy,500,18,11,-0.4069491953073349,16,-0.01792277016331508,16,-0.12696305487042703,16,-0.21332498367492153,16,-0.3701130627961436,16
noisy,500,19,0,-0.5047290035508667,16,-0.11879443333830317,16,-0.32765967434233634,16,-0.5648764868117965,16,-0.7767222992746573,16
noisy,500,19,1,-0.30624962109337384,16,-0.058046444299721146,16,-0.5095940417011146,16,-0.7785605974607086,16,-0.5310246127697982,16
noisy,500,19,2,-0.26003677343519427,16,-0.05510326301823127,16,-0.3801963736514187,16,-0.9569789896814985,16,-0.37511017261591934,16
noisy,500,19,3,-0.512602690448101,16,-0.10376171272967306,16,-0.3696986572591704,16,-0.6420192184710947,16,-0.7204235003902052,16
noisy,500,19,4,-0.18839129365136037,16,-0.046864443464047896,16,-0.2469681280493575,16,-0.8302115672717367,16,-0.54052135590345,16
noisy,500,19,5,-0.9494581867528125,16,-0.04571859363384295,16,-0.3901673559291571,16,-0.6572810939198134,16,-0.6711867890393479,16
noisy,500,19,6,-0.26621512809921827,16,-0.03546554892166977,16,-0.3273102764951517,16,-0.5517954190029439,16,-0.6100948674337416,16
noisy,500,19,7,-0.5003177767666969,16,-0.06202298900610478,16,-0.4062144333023125,16,-0.9248868529868599,16,-0.6773913718540666,16
noisy,500,19,8,-0.3774397943100587,16,-0.01311259357953622,16,-0.24443312109783027,16,-0.6314457860814734,16,-0.5611553026005486,16
noisy,500,19,9,-0.15302770268259608,16,-0.051640247788024854,16,-0.3645746306196001,16,-0.5783891389415703,16,-0.7655008966509524,16
noisy,500,19,10,-0.3403047395460605,16,-0.050662110743098406,16,-0.17727752163651989,16,-0.7065259356392639,16,-0.5564540506519327,16
noisy,500,19,11,-0.25515098062204267,16,-0.09102132234090371,16,-0.38009790216875283,16,-0.6651283486121851,16,-0.627930902639838,16
noisy,500,20,0,-0.576030905866684,16,-0.07306212612987224,16,-0.5257033683364273,16,-0.7816055353151136,16,-0.7924757944493894,16
noisy,500,20,1,-0.858450051506881,16,-0.22996753536526615,16,-0.57415525288554,16,-0.8535779120896823,16,-1.0265040580431088,16
noisy,500,20,2,-0.43465151152254133,16,-0.08661811737348635,16,-0.39539825432585973,16,-0.8106765904985833,16,-0.6592424242756707,16
noisy,500,20,3,-0.8140721931040362,16,-0.23014679686333728,16,-1.0087430672025497,16,-0.8789153887887367,16,-1.1176505575516245,16
noisy,500,20,4,-0.4750228444086789,16,-0.1253698670509374,16,-0.33520815778429625,16,-0.7285354275782303,16,-0.7604980950437426,16
noisy,500,20,5,-1.0674354024319213,16,-0.40904615905936514,16,-1.0411920925181153,16,-0.8917156998846881,16,-0.9880534628708099,16
noisy,500,20,6,-0.38131624890442817,16,-0.07742121954939035,16,-0.358996272665803,16,-0.9449947565924288,16,-0.8125190962371733,16
noisy,500,20,7,-1.2275598441304267,16,-0.2835070132521952,16,-1.1183398787970904,16,-0.785900341095731,16,-1.0512379848258468,16
noisy,500,20,8,-0.9293662398853589,16,-0.060641547970259835,16,-0.33889930832495674,16,-0.770692274607923,16,-1.0706688133778124,16
noisy,500,20,9,-0.6435006453067557,16,-0.0368947296030717,16,-0.5711317221532731,16,-0.8662613661437688,16,-0.8503880943933012,16
noisy,500,20,10,-0.4650851144327356,16,-0.054639167258539734,16,-0.4889700953669801,16,-0.9086723443754482,16,-0.7617692755366021,16
noisy,500,20,11,-0.9934856269362683,16,-0.22234557599770174,16,-1.0041569707008324,16,-0.876859082204139,16,-0.8784773168102934,16
noisy,500,21,0,-0.5950148266432244,16,-0.1648912911734937,16,-0.5396592975921424,16,-0.7939300210129367,16,-0.8203734103454021,16
noisy,500,21,1,-0.7497668981671193,16,-0.06696971548185483,16,-0.3885637490616486,16,-0.9656326800677618,16,-0.7852658560281008,16
noisy,500,21,2,-0.6562540084628063,16,-0.09346523634503476,16,-0.4186926594816293,16,-0.7658416213944544,16,-0.7985777731781236,16
noisy,500,21,3,-0.67112526718422,16,-0.15737232476588398,16,-0.7969250224651755,16,-0.7897083477585409,16,-0.8523451423042523,16
noisy,500,21,4,-0.6510504906028742,16,-0.09789760625220727,16,-0.2950653436444056,16,-0.8246431084730149,16,-0.8373815268623498,16
noisy,500,21,5,-0.7720716353977428,16,-0.06597230875695065,16,-0.4585631558008545,16,-0.9590599789759237,16,-1.0244616336253842,16
noisy,500,21,6,-0.5444027277356853,16,-0.07143468666084697,16,-0.3534642285268539,16,-0.8175378489970717,16,-0.7870920845980929,16
noisy,500,21,7,-0.9244428638795196,16,-0.10901650781138061,16,-0.5783496799604475,16,-0.832731340138658,16,-0.7883118301336045,16
noisy,500,21,8,-0.4372790287749394,16,-0.12303569417580401,16,-1.0916227343158824,16,-0.9653418977475519,16,-1.2664967916728944,16
noisy,500,21,9,-0.34702475122837384,16,-0.20578372459582717,16,-0.6574312347731277,16,-0.8788317966767123,16,-0.75071375547417,16
noisy,500,21,10,-0.4868229905664964,16,-0.18728764277207682,16,-0.5856110746604832,16,-0.9036096000425424,16,-0.8104173714324933,16
noisy,500,21,11,-0.5672554306262848,16,-0.06875210457951628,16,-0.5495667531081019,16,-0.8766588570960301,16,-0.8941635491984932,16
noisy,500,22,0,-0.5609533121759335,16,-0.13032734565150988,16,-0.2929199937262783,16,-0.6825247653184723,16,-0.742386854454792,16
noisy,500,22,1,-0.5121942036123145,16,-0.14736543537804753,16,-0.46311070733774623,16,-0.8920189459064998,16,-0.9407864268881008,16
noisy,500,22,2,-0.45692346637721715,16,-0.0628879721924532,16,-0.41228493584862286,16,-0.7679477082034425,16,-0.7202210169704469,16
noisy,500,22,3,-0.25334754204087706,16,-0.05593499649693133,16,-0.32537069393137563,16,-0.6608505388920569,16,-0.8689125153509649,16
noisy,500,22,4,-0.4434605346820259,16,-0.1467048863091026,16,-0.2865972580075715,16,-0.7822756569458513,16,-0.8952312349289608,16
noisy,500,22,5,-0.6186227339279846,16,-0.1662465427262122,16,-0.4653449444471003,16,-0.9323640300330718,16,-0.8442292488879755,16
noisy,500,22,6,-0.666144595372253,16,-0.10061594498252138,16,-0.1890063346590211,16,-0.7776844959814215,16,-0.8864425882299639,16
noisy,500,22,7,-0.5121863361736972,16,-0.08430131502723529,16,-0.5803888337133218,16,-0.9068648536044127,16,-0.8191495960359766,16
noisy,500,22,8,-0.4020481716533093,16,-0.04830478186221146,16,-0.26998594734006576,16,-0.7005183993479605,16,-0.9233163965485292,16
noisy,500,22,9,-0.7224849905095043,16,-0.052091377192045235,16,-0.3382094956359435,16,-0.7310477983668701,16,-0.7429784334454843,16
noisy,500,22,10,-0.45702497995478675,16,-0.11189231313744702,16,-0.49476278072933844,16,-0.7790468922997394,16,-0.7695178793785216,16
noisy,500,22,11,-0.4948839268526982,16,-0.08529642184707203,16,-0.35688324350797723,16,-0.8772374657495351,16,-0.6704544733516163,16
noisy,500,23,0,-0.5389542981039577,16,-0.06935923065448257,16,-0.3286398955188922,16,-0.6971737258583118,16,-0.8076857711170645,16
noisy,500,23,1,-1.2412565982974066,16,-0.21515366859125135,16,-0.9414304226426632,16,-0.7997040803885777,16,-0.9463539479895738,16
noisy,500,23,2,-0.5825965652836065,16,-0.03654973962447159,16,-0.46757382931872904,16,-0.676899610431742,16,-0.6109038981020365,16
noisy,500,23,3,-0.6994909896968011,16,-0.052662068021219144,16,-0.5215259413115293,16,-0.695016677052997,16,-0.7308229622723674,16
noisy,500,23,4,-0.4012353069281442,16,-0.141738817281013,16,-0.2382098542105968,16,-0.6016859415089753,16,-0.6531841000315277,16
noisy,500,23,5,-0.5532622062417412,16,-0.09304316140410812,16,-0.6045538917081502,16,-0.5083700987811015,16,-0.76775664699113,16
noisy,500,23,6,-0.5264034776106141,16,-0.11680654590307621,16,-0.47422005824998337,16,-0.6906721156012168,16,-0.7600272828925546,16
noisy,500,23,7,-0.6717505907067591,16,-0.04609579462925645,16,-0.499315210605379,16,-0.7784601835820673,16,-0.7973020632284185,16
noisy,500,23,8,-0.2727955292261702,16,-0.14804703671615485,16,-0.4495571659548455,16,-0.5979016474773324,16,-0.7156872694197904,16
noisy,500,23,9,-0.5323718806498656,16,-0.06134562010750748,16,-0.503110488845906,16,-0.4063621845134985,16,-0.8672000924822509,16
noisy,500,23,10,-0.9591105159524318,16,-0.2834455874482779,16,-1.0513905893321598,16,-0.7961396254222093,16,-0.8319334492036485,16
noisy,500,23,11,-0.681288029585587,16,-0.07197286895475241,16,-0.31733330312893426,16,-0.5657304662277906,16,-0.8608606774652139,16
noisy,500,24,0,-0.5131718817462912,16,-0.08727020955534798,16,-0.5287473148398099,16,-0.5953544763159067,16,-0.7412446348075871,16
noisy,500,24,1,-0.32231922132398366,16,-0.04742883880579358,16,-0.4819663307268801,16,-0.7662785970144408,16,-0.6855589840594379,16
noisy,500,24,2,-0.778830763157948,16,-0.1192083131232631,16,-0.6686931200354191,16,-0.7406470195850483,16,-0.7217727950434306,16
noisy,500,24,3,-0.5093423193826982,16,-0.04509212234734634,16,-0.3132287237063209,16,-0.7793102815740663,16,-0.8575733344120979,16
noisy,500,24,4,-0.598323664678186,16,-0.038924447398991494,16,-0.2973630080063461,16,-0.8386285093331295,16,-0.6983503437501744,16
noisy,500,24,5,-0.3837523987980549,16,-0.050094302915832,16,-0.2895263449884713,16,-0.7209183759795152,16,-0.7455317323968692,16
noisy,500,24,6,-0.3835550170877806,16,-0.09303317748869755,16,-0.36868319509249503,16,-0.5244189787368235,16,-0.7377573151535888,16
noisy,500,24,7,-0.46612058253623656,16,-0.06819613294706858,16,-0.3068681232185553,16,-0.5805802982682544,16,-0.654929229101584,16
noisy,500,24,8,-0.5486103171596365,16,-0.06779557524999597,16,-0.3082210380054712,16,-0.6117395292703235,16,-0.8159647511272872,16
noisy,500,24,9,-0.43277800374325215,16,-0.0891962643390016,16,-0.4430253780396232,16,-0.7042448253103211,16,-0.6671574670373315,16
noisy,500,24,10,-0.4599745425164669,16,-0.06810554567331732,16,-0.37600657169441365,16,-0.5279210344933167,16,-0.6529991188020742,16
noisy,500,24,11,-0.5664016680565114,16,-0.09137785178759567,16,-0.3222839084455238,16,-0.6004408895797805,16,-0.6494987405831746,16
noisy,500,25,0,-0.3225072067559369,16,-0.07798284970831998,16,-0.47783314478587885,16,-0.6280988380469674,16,-0.9466629967082214,16
noisy,500,25,1,-0.690620240730927,16,-0.058389032952805744,16,-0.4121752299193553,16,-0.7942395095016416,16,-0.6771950064772772,16
noisy,500,25,2,-0.5260768812523887,16,-0.10158085798410466,16,-0.3057415826422793,16,-0.7524645470157934,16,-0.7127556961608246,16
noisy,500,25,3,-0.404362314415317,16,-0.09770430915270181,16,-0.3131627616495517,16,-0.6546287742077859,16,-0.8332294532777034,16
noisy,500,25,4,-0.4646303332180954,16,-0.11386648061248328,16,-0.48477227987181415,16,-0.7081073451109312,16,-0.7663545089512411,16
noisy,500,25,5,-0.8832821843590934,16,-0.19180221824694405,16,-0.5868587824325576,16,-0.9234344680870952,16,-0.9206710068276512,16
noisy,500,25,6,-0.5551029854204921,16,-0.08149884691381984,16,-0.5639218760981025,16,-0.8249762251291832,16,-0.7679066641583939,16
noisy,500,25,7,-0.5473585258242554,16,-0.05047767661236864,16,-0.44391491137118716,16,-0.7521821945833154,16,-0.7259863385796951,16
noisy,500,25,8,-0.6350263763588659,16,-0.1383635278507875,16,-0.34830492687594006,16,-0.6396283215483636,16,-0.7379992600390961,16
noisy,500,25,9,-0.5173221717000351,16,-0.08540235839964685,16,-0.6238922737767836,16,-0.8377886226768083,16,-0.7560058186994603,16
noisy,500,25,10,-0.8472916013187164,16,-0.06388036146751569,16,-0.5425575907307443,16,-0.7678168072820364,16,-0.7583620686637407,16
noisy,500,25,11,-0.8883248290029926,16,-0.0741677339277585,16,-0.5983442165561217,16,-0.8616908951275923,16,-0.8934027842945484,16
noisy,500,26,0,-0.6601983178680578,16,-0.05323173347049952,16,-0.4713759123415332,16,-0.7533603936373892,16,-0.8609111191137323,16
noisy,500,26,1,-0.6398837603000271,16,-0.10389776219395362,16,-0.47783738873619674,16,-0.9942915651567433,16,-0.9208349990483272,16
noisy,500,26,2,-0.6346325796313396,16,-0.07996845312683756,16,-0.3777775500556687,16,-1.0624506852539162,16,-1.001787303666533,16
noisy,500,26,3,-1.0436171172744917,16,-0.03821696972346285,16,-0.6069985946114892,16,-1.012990223529072,16,-0.9020320977791997,16
noisy,500,26,4,-0.5915892056555233,16,-0.08527517807295201,16,-0.615636988569265,16,-0.8543929264005974,16,-0.9177348339884742,16
noisy,500,26,5,-0.889605168967341,16,-0.18083208462595446,16,-1.059681197249839,16,-0.9313524019745322,16,-0.7538646574969993,16
noisy,500,26,6,-1.079768715911432,16,-0.13752426520820576,16,-0.7047173588870035,16,-0.7321979044115391,16,-0.8051778449159402,16
noisy,500,26,7,-1.2766475752053963,16,-0.47374967744637553,16,-1.5867461557724358,16,-0.8823391317218292,16,-0.911141799420613,16
noisy,500,26,8,-0.42468839934392977,16,-0.10555758668785356,16,-0.3442556102423231,16,-0.7582160048950943,16,-0.8045372569216139,16
noisy,500,26,9,-0.40038678687500495,16,-0.10670102018988,16,-0.5017001227832931,16,-0.736977065138381,16,-0.8658631495715052,16
noisy,500,26,10,-1.1642236667538293,16,-0.374811951295615,16,-1.261057404674134,16,-0.8852924817431521,16,-0.746362777292265,16
noisy,500,26,11,-0.43492486861402313,16,-0.12313842715481382,16,-0.437933952398318,16,-0.815713426776314,16,-0.8785891483244348,16
noisy,500,27,0,-0.6499208975579331,16,-0.04948021948835284,16,-0.84750341468723,16,-0.7554005588088604,16,-0.8335905252613185,16
noisy,500,27,1,-1.6565722758044754,16,-0.05916165581076677,16,-0.8725284836705729,16,-0.8875648113473574,16,-1.0542419854634133,16
noisy,500,27,2,-1.0415088535650776,16,-0.07278390918558561,16,-0.6036938608051139,16,-0.6999103397157146,16,-0.9306647004570576,16
noisy,500,27,3,-1.2365527308953173,16,-0.23129623567179813,16,-1.2498806306523316,16,-0.6982445983522113,16,-1.0965334376065061,16
noisy,500,27,4,-0.8144500778744461,16,-0.016763478702955643,16,-0.51742451179355,16,-0.892262758123826,16,-0.8604093272676984,16
noisy,500,27,5,-0.6889067062309882,16,-0.015397676873665127,16,-0.7500827886292207,16,-0.8029055407511028,16,-0.8444535249581664,16
noisy,500,27,6,-0.6215931274844864,16,-0.04582732406162836,16,-0.583303590762118,16,-0.8804487543855468,16,-0.928487814434313,16
noisy,500,27,7,-0.48569649308029517,16,-0.0699039750783538,16,-0.4765948491115624,16,-0.950598858198629,16,-0.7835695026551509,16
noisy,500,27,8,-0.756408824847965,16,-0.07363825585303452,16,-0.447167442377359,16,-0.7928351739241168,16,-0.8232214276895495,16
noisy,500,27,9,-0.7692458106337916,16,-0.0725849704328016,16,-1.1542118710647156,16,-0.824459539903962,16,-0.9944542639617527,16
noisy,500,27,10,-0.5755104915604867,16,-0.1835712272862989,16,-0.5349336871120167,16,-0.8861233059862625,16,-0.7668342176008442,16
noisy,500,27,11,-1.329868136209312,16,-0.1438070780468138,16,-0.9788769497261793,16,-0.8940683905915268,16,-0.7648848467209316,16
noisy,500,28,0,-0.279758218439609,16,-0.001142824724306294,16,-0.04782477472605544,16,-0.9325316086487796,16,-0.7445120766125326,16
noisy,500,28,1,-0.6852716249880451,16,-0.026338671530143784,16,-0.7073646844222465,16,-1.050808457622943,16,-0.8412959301143923,16
noisy,500,28,2,-0.8624495267834087,16,-0.044859142221600264,16,-0.6694268224011205,16,-0.6384168864218791,16,-0.7926730640053617,16
noisy,500,28,3,-0.8227215102423555,16,-0.03136001127925004,16,-0.7569659603538641,16,-0.7670225818036489,16,-0.8558650125426664,16
noisy,500,28,4,-0.7979930152387841,16,-0.011538247857289107,16,-0.6172213086853012,16,-0.8818282933492514,16,-0.8401515115112907,16
noisy,500,28,5,-0.6327450717003856,16,-0.032995349235565845,16,-0.5960963443659129,16,-0.8544908567798476,16,-0.6976878999442427,16
noisy,500,28,6,-0.37544096066771,16,-0.04694338213597603,16,-0.5433258326975869,16,-0.8816514015887119,16,-0.7863380594212024,16
noisy,500,28,7,-0.6539776712434884,16,-0.007676327215274487,16,-0.6354071875591345,16,-0.9246212052536242,16,-0.980866311501564,16
noisy,500,28,8,-0.24940283331510948,16,-0.05795959522338414,16,-0.4484299367302668,16,-0.9012849210139722,16,-0.8092940342643532,16
noisy,500,28,9,-0.628122962309047,16,-0.08641916062760231,16,-0.5351473849346648,16,-0.7682358696834168,16,-0.8197879250454267,16
noisy,500,28,10,-0.5602409729263443,16,-0.10004714913501826,16,-0.6644768004524778,16,-0.8299176164483978,16,-0.7378576200346023,16
noisy,500,28,11,-0.4427735059908683,16,-0.003213512312244463,16,-0.07628108268684794,16,-0.9170436904329976,16,-0.877589326903423,16
noisy,500,29,0,-0.11569815304615758,16,-0.08303884474342094,16,-0.6876605009374859,16,-1.1225012137233987,16,-0.8814422869503036,16
noisy,500,29,1,-0.9088027030906465,16,-0.005586792897896743,16,-0.41013007328349704,16,-0.8982842170840031,16,-0.8551750536471654,16
noisy,500,29,2,-0.15048502881943995,16,-0.007895600230698109,16,-0.2046884697934669,16,-1.0246633033529322,16,-0.8522593437990336,16
noisy,500,29,3,-1.1161984790585389,16,-0.042640288564388396,16,-0.8093371922374109,16,-0.7240579514102036,16,-0.7738423704703832,16
noisy,500,29,4,-1.3587960092918019,16,-0.03398917263754901,16,-1.1139893706081663,16,-0.9570815124750924,16,-0.8436507054093623,16
noisy,500,29,5,-0.6715144789936323,16,-0.04578911523048161,16,-0.8503473439878735,16,-0.9268298604812986,16,-0.964870228393665,16
noisy,500,29,6,-0.5517756520448138,16,-0.0029866830709337545,16,-0.44730171650913875,16,-0.7335292037563094,16,-0.7635918838397613,16
noisy,500,29,7,-0.5111751169550773,16,-0.06678205234362469,16,-0.41836025199144566,16,-1.0111214709553644,16,-0.8565163895898193,16
noisy,500,29,8,-0.49653117716455447,16,-0.0369910121201633,16,-0.7951027522865508,16,-0.7435569558446432,16,-0.8513169554067801,16
noisy,500,29,9,-0.36647196563136475,16,-0.03318390286549619,16,-0.2852999296245121,16,-1.203622303026129,16,-0.8975433392242221,16
noisy,500,29,10,-0.6149473496196038,16,-0.013958796000409269,16,-0.643984650397239,16,-1.1409176821413485,16,-0.8412163898980953,16
noisy,500,29,11,-1.1811045920156689,16,-0.18164241384408925,16,-1.1783820562797056,16,-1.1253059063658877,16,-1.0970667462552843,16
noisy,750,0,0,0.0,16,0.0,16,0.0,16,0.0,16,0.0,16
noisy,750,0,1,0.0,16,0.0,16,0.0,16,0.0,16,0.0,16
noisy,750,0,2,0.0,16,0.0,16,0.0,16,0.0,16,0.0,16
noisy,750,0,3,0.0,16,0.0,16,0.0,16,0.0,16,0.0,16
noisy,750,0,4,0.0,16,0.0,16,0.0,16,0.0,16,0.0,16
noisy,750,0,5,0.0,16,0.0,16,0.0,16,0.0,16,0.0,16
noisy,750,0,6,0.0,16,0.0,16,0.0,16,0.0,16,0.0,16
noisy,750,0,7,0.0,16,0.0,16,0.0,16,0.0,16,0.0,16
noisy,750,0,8,0.0,16,0.0,16,0.0,16,0.0,16,0.0,16
noisy,750,0,9,0.0,16,0.0,16,0.0,16,0.0,16,0.0,16
noisy,750,0,10,0.0,16,0.0,16,0.0,16,0.0,16,0.0,16
noisy,750,0,11,0.0,16,0.0,16,0.0,16,0.0,16,0.0,16
noisy,750,1,0,-0.5320341385871417,16,-0.17345714088421416,16,-0.40285410831951246,16,-0.4122354014178533,16,-0.3787939266459386,16
noisy,750,1,1,-0.3539194866971878,16,-0.09101457456724718,16,-0.39067524835227563,16,-0.3447427474662756,16,-0.47733519481782305,16
noisy,750,1,2,-1.0245395701354825,16,-0.2854633294128105,16,-0.9898873491238845,16,-0.3744584321279786,16,-0.35922542181344674,16
noisy,750,1,3,-0.27927873973292655,16,-0.19145348265943615,16,-0.33080454715879715,16,-0.3673573294596132,16,-0.36235545693617266,16
noisy,750,1,4,-0.9083894812944897,16,-0.06673836640763692,16,-0.6418062788136973,16,-0.37449490278850855,16,-0.4644547862935315,16
noisy,750,1,5,-0.30039550296543516,16,-0.003110793489427253,16,-0.4163750943630027,16,-0.42703648928048427,16,-0.3233548220325887,16
noisy,750,1,6,-0.8570226681660836,16,-0.046457782896071956,16,-1.0246342534147668,16,-0.48391886120396416,16,-0.364576644132618,16
noisy,750,1,7,-0.9844923249745818,16,-0.15122261341388318,16,-0.604546825412623,16,-0.3071236504540199,16,-0.5932253407166375,16
noisy,750,1,8,-0.7695978923547016,16,-0.48549818603914113,16,-0.9610042483917847,16,-0.3774527597858124,16,-0.5073485481561151,16
noisy,750,1,9,-0.2848179258923601,16,-0.43719708781178546,16,-0.906274651914514,16,-0.3823411921693298,16,-0.5161012051465501,16
noisy,750,1,10,-0.6997201853690114,16,-0.06711435182344645,16,-0.663522965224105,16,-0.22975320418419612,16,-0.5845188246724529,16
noisy,750,1,11,-0.9003852939598311,16,-0.8126570228636506,16,-1.225403139002759,16,-0.4342053340033899,16,-0.4221239382037455,16
noisy,750,2,0,-0.2915089704998689,16,-0.18951178768737253,16,-0.9487839343183244,16,-0.3530719974722717,16,-0.26820805942263287,16
noisy,750,2,1,-0.19969930823142695,16,-0.07421567190072445,16,-0.26031362986722695,16,-0.3283702911483006,16,-0.29340398458309863,16
noisy,750,2,2,-1.2273132332460586,16,-0.16060378728201874,16,-0.5825288799357007,16,-0.3291246873315164,16,-0.5944550432058283,16
noisy,750,2,3,-0.19076477019361493,16,-0.06691195231592954,16,-0.09074219378601323,16,-0.34014494956076313,16,-0.3123781484106869,16
noisy,750,2,4,0.03899729328411655,16,-0.0633889946174543,16,-0.30889937078004936,16,-0.34897375549467324,16,-0.3844674886482646,16
noisy,750,2,5,-0.5351892525714476,16,-0.0640754747392893,16,-0.5723188279676295,16,-0.4536933380847349,16,-0.3846986097660019,16
noisy,750,2,6,-0.33739927001806647,16,-0.02526022795907598,16,-0.21241480906784874,16,-0.38532949226194335,16,-0.36242889028838154,16
noisy,750,2,7,-0.04803833546945754,16,-0.519674985945746,16,-0.595150740951764,16,-0.3252323990489659,16,-0.5926709198187561,16
noisy,750,2,8,-0.7754959617348801,16,-1.042443977938831,16,-1.1672467649183633,16,-0.2702165418172382,16,-0.6608269802058869,16
noisy,750,2,9,-0.5019146322812897,16,-0.05523943511139523,16,-0.24490196821871368,16,-0.31108869678319806,16,-0.363337800035575,16
noisy,750,2,10,-0.41314849756365735,16,-0.16496500029360334,16,-0.48709422742782194,16,-0.35147813409864564,16,-0.39389734223328576,16
noisy,750,2,11,-0.5091350983493496,16,-0.640072386437949,16,-0.9300808972458139,16,-0.2514466939054969,16,-0.3182211140329192,16
noisy,750,3,0,-0.5710220330684576,16,-0.27548779790159483,16,-0.16419663088074118,16,-0.2961383025448022,16,-0.42562983245645264,16
noisy,750,3,1,-0.1830581739841144,16,-0.11039830678670864,16,-0.45616699801195115,16,-0.3511243878999054,16,-0.31127970000654887,16
noisy,750,3,2,-0.2384956573892231,16,-0.19056014835093668,16,-0.4591255681453352,16,-0.21100261526362873,16,-0.2257267739034973,16
noisy,750,3,3,-0.3554124519194541,16,-0.04525601638627187,16,-0.467026913701216,16,-0.03307426190933879,16,-0.29290750915639674,16
noisy,750,3,4,-0.17966286339363668,16,-0.1040129320819986,16,-0.23476472820285962,16,-0.28547378388617783,16,-0.19936369298296874,16
noisy,750,3,5,-0.23212163897157906,16,-0.2095239168594228,16,-0.5972029143975677,16,-0.37177063594304127,16,-0.31163569090501,16
noisy,750,3,6,-0.2733883277353776,16,-0.0806727505079534,16,-0.4133996709726663,16,-0.39353651164609155,16,-0.16386026249192037,16
noisy,750,3,7,-0.07132058547511025,16,-0.037746481097566176,16,-0.12412167433467236,16,-0.24328315530993086,16,-0.17920022464525903,16
noisy,750,3,8,-0.051418057753315614,16,-0.057445976971855786,16,-0.04505841221876328,16,-0.2110598359553258,16,-0.06355510298167151,16
noisy,750,3,9,-0.22366138281354148,16,-0.13145020362583218,16,-0.32456810382057266,16,-0.2846222154607462,16,-0.2791600179654088,16
noisy,750,3,10,-0.18530893272822246,16,-0.04252097042193592,16,-0.627312491658649,16,-0.3623544107075876,16,-0.24830856995389644,16
noisy,750,3,11,-0.20900570039375482,16,-0.03162083370835782,16,-0.23211414775409617,16,-0.21388225144197193,16,-0.1901732359980871,16
noisy,750,4,0,-0.6858625289497777,16,-0.31405696753589335,16,-0.9305795843138136,16,-0.26161717995584977,16,-0.24889031741243547,16
noisy,750,4,1,-0.25211321723110836,16,-0.02007332599312492,16,-0.018210913932110412,16,-0.26600250672503534,16,-0.30417050030398973,16
noisy,750,4,2,-0.038897032653170974,16,-0.10457028434275709,16,-0.05876400789971581,16,-0.2701587238368066,16,-0.15602438922835263,16
noisy,750,4,3,-0.1966942259047209,16,-0.044117113020854595,16,-0.11128772919939384,16,-0.3599410689200554,16,-0.26397089103165294,16
noisy,750,4,4,-0.2732027159802627,16,-0.21356082754341216,16,-0.4715010274157639,16,-0.38544830912430056,16,-0.2718142802035097,16
noisy,750,4,5,-0.3957293806529474,16,-0.07170815263510971,16,-0.34183663860348823,16,-0.20832864623230413,16,-0.2917703494982959,16
noisy,750,4,6,-0.37036567780015883,16,-0.03766581339734571,16,-0.4655472494479961,16,-0.17958382362328318,16,-0.11096178924418762,16
noisy,750,4,7,-0.22328647688202213,16,-0.05169229757758051,16,-0.8353541539152439,16,-0.22591804450535438,16,-0.2114354816595987,16
noisy,750,4,8,-0.13044386116357223,16,-0.026292734121606685,16,-0.3155821889462078,16,-0.24093411498766604,16,-0.28367119435445953,16
noisy,750,4,9,-0.2475939502426021,16,-0.056907361519840584,16,-0.32682904206542385,16,-0.39305429734833597,16,-0.3108890762470418,16
noisy,750,4,10,-0.12516726844759551,16,-0.03240832048818225,16,-0.0470124255958419,16,-0.2436295606086713,16,-0.22338738305578243,16
noisy,750,4,11,-0.2850583938658181,16,-0.12083060973319998,16,-0.34091649784409367,16,-0.26814210396239674,16,-0.24065243491339045,16
noisy,750,5,0,-0.245499010282209,16,-0.018456235360197568,16,-0.10406399113438544,16,-0.2724426318738606,16,-0.1704763599620166,16
noisy,750,5,1,-0.06594657876036943,16,-0.042881857612048394,16,0.0424253724385356,16,-0.2386174436093489,16,-0.22129472498617708,16
noisy,750,5,2,-0.15047870409735925,16,-0.11061004799680138,16,-0.30131658200389166,16,-0.30811779550000856,16,-0.21116435159300212,16
noisy,750,5,3,-0.24590334833607155,16,-0.008430245913210645,16,-0.14237656411808772,16,-0.2481717496292271,16,-0.33147433907693835,16
noisy,750,5,4,-0.4277641258034883,16,-0.1811371686285918,16,-0.7563102764535768,16,-0.3137582212873127,16,-0.18224124639650582,16
noisy,750,5,5,-0.19019673691273564,16,-0.036197481323809,16,-0.3316427831332536,16,-0.2514372330617469,16,-0.1757361414982504,16
noisy,750,5,6,-0.2599870564272844,16,-0.018403444320779727,16,-0.2258289576502866,16,-0.17198077805952852,16,-0.17578341378203322,16
noisy,750,5,7,-0.04998041788848221,16,-0.02230279800829954,16,-0.3486419333263457,16,-0.21241157777385666,16,-0.22292537444961524,16
noisy,750,5,8,-0.20836016843713195,16,-0.05376798103993085,16,-0.2391300441763123,16,-0.1545060073731958,16,-0.23397644114660293,16
noisy,750,5,9,-0.488218065298922,16,-0.06468955277668054,16,-0.3472358594460259,16,-0.18571734157087907,16,-0.36161162566589206,16
noisy,750,5,10,-0.16594956517817216,16,-0.017809348690546074,16,-0.2603682460071316,16,-0.292360529139477,16,-0.1922009238613374,16
noisy,750,5,11,-0.1292161660498956,16,-0.12177058084168937,16,-0.037952070108693906,16,-0.2254586571577577,16,-0.1603666451623649,16
noisy,750,6,0,-0.4063543154714314,16,-0.08903473307661021,16,-0.3185970744139357,16,-0.1560625392041695,16,-0.24054468092634054,16
noisy,750,6,1,-0.11790123872285431,16,-0.016526178562911418,16,-0.21682772864020705,16,-0.27206112754546563,16,-0.08547966142677682,16
noisy,750,6,2,-0.6426655730987478,16,-0.07751341463377616,16,-0.2741202899430074,16,-0.2636611111927267,16,-0.13881224412133983,16
noisy,750,6,3,-0.29038978973393104,16,-0.03899499959332226,16,-0.25382135991993476,16,-0.2502996565029516,16,-0.1272567407541857,16
noisy,750,6,4,-0.07976701727483748,16,-0.059239563782798405,16,-0.1872190593247981,16,-0.13848144844241117,16,-0.2621572842912129,16
noisy,750,6,5,-0.3038701544398281,16,-0.014319674972256235,16,-0.030264243010505943,16,-0.18050764803687028,16,-0.1426516434030756,16
noisy,750,6,6,-0.331082100271322,16,-0.03505934946912198,16,-0.28018202834346473,16,-0.3166884064911816,16,-0.2790798026695363,16
noisy,750,6,7,-0.24404666406822925,16,-0.05056504518325501,16,-0.2923763781170441,16,-0.24207409880418926,16,-0.17609656487769382,16
noisy,750,6,8,-0.14503063313011058,16,-0.06848191376602374,16,-0.28188170411436375,16,-0.19059211094142212,16,-0.21089982679676095,16
noisy,750,6,9,-0.4154462303155876,16,-0.15469317678825703,16,-0.5337160185873566,16,-0.23736506677655436,16,-0.3136732213024119,16
noisy,750,6,10,-0.32887930377250973,16,-0.04192547070323516,16,-0.3501324086293068,16,-0.48289445752357263,16,-0.27363094930600906,16
noisy,750,6,11,-0.07106353845222763,16,-0.05757011749016054,16,-0.11343778761605658,16,-0.17950904661037362,16,-0.068826716490142,16
noisy,750,7,0,-0.38417718551980956,16,-0.3613972135564289,16,-0.5914983414621774,16,-0.3655732876376428,16,-0.28834604436492767,16
noisy,750,7,1,-0.3241492169181252,16,-0.05313191791124054,16,-0.23945395152071197,16,-0.5704570695032937,16,-0.37918681484051053,16
noisy,750,7,2,-0.2520036961817826,16,-0.0682156000812979,16,-0.5533936513523267,16,-0.3205643838983412,16,-0.20768240965121557,16
noisy,750,7,3,-0.24196804308548703,16,-0.29529750096482027,16,-0.6548127185013832,16,-0.3623979691885739,16,-0.11655296533483546,16
noisy,750,7,4,-0.46142879472799847,16,-0.2054824366343273,16,-0.5441316134701899,16,-0.27270742742662507,16,-0.29237116266451924,16
noisy,750,7,5,-0.4866832488081375,16,-0.10414288975786332,16,-0.39739101204815447,16,-0.4294092026159606,16,-0.3136270332795629,16
noisy,750,7,6,-0.17728552750890691,16,-0.17185529282377862,16,-0.37399367522984706,16,-0.4308572874526431,16,-0.34665053247474914,16
noisy,750,7,7,-0.40875304359005676,16,-0.09767981851786509,16,-0.5627603772181511,16,-0.29497793549099005,16,-0.31076325575668134,16
noisy,750,7,8,-0.1453366525286556,16,-0.08945347505710541,16,-0.19772082488470527,16,-0.30437882734113575,16,-0.3064206773674644,16
noisy,750,7,9,-0.02876918193534062,16,-0.06442334967396694,16,-0.28938532650926896,16,-0.3773954731679541,16,-0.2136621374202011,16
noisy,750,7,10,-0.2881692236909778,16,-0.03320112020759567,16,-0.21192738413822151,16,-0.29340837365578204,16,-0.2805721246048939,16
noisy,750,7,11,-0.2453575774393384,16,-0.023427078544157022,16,-0.24100326732470415,16,-0.4694046283540344,16,-0.3304996678020057,16
noisy,750,8,0,-0.0729913836165999,16,-0.08127369904094589,16,-0.19034978162087543,16,-0.3448184557374787,16,-0.34963627783205997,16
noisy,750,8,1,-0.4669290708512081,16,-0.15539525561997,16,-0.5648354245624504,16,-0.3829311200801016,16,-0.36029638341836795,16
noisy,750,8,2,-0.4679939776118313,16,-0.15075725409973936,16,-0.4748026727469695,16,-0.49220238956715784,16,-0.3993709847713246,16
noisy,750,8,3,-0.36186190344660973,16,-0.134577187607359,16,-0.5157557523037049,16,-0.34790349873985077,16,-0.3764123086931721,16
noisy,750,8,4,-0.596237122165812,16,-0.22380530492318917,16,-0.6603639178395675,16,-0.371876812310577,16,-0.3707538021857498,16
noisy,750,8,5,-0.15583009425388974,16,-0.20086274435251406,16,-0.1747069662177208,16,-0.4298210479771002,16,-0.35113132046427453,16
noisy,750,8,6,-0.4780046681142581,16,-0.08470668405617324,16,-0.3660190342400405,16,-0.4684831117191732,16,-0.42929249405542436,16
noisy,750,8,7,-0.4943933849750897,16,-0.07957385520216242,16,-0.39163749588081687,16,-0.3917083131095788,16,-0.34299936971380585,16
noisy,750,8,8,-0.41215907266580526,16,-0.13177165674907718,16,-0.4471655444000238,16,-0.5463111647949053,16,-0.37074141350957,16
noisy,750,8,9,-0.43489681163428484,16,-0.07649467180455584,16,-0.2655831346639274,16,-0.41781215324769416,16,-0.39101835814341523,16
noisy,750,8,10,-0.43474234554557445,16,-0.18383520939671502,16,-0.5279583336445615,16,-0.4222453693823841,16,-0.44516685045323157,16
noisy,750,8,11,-0.5504870321834118,16,-0.3057411004296816,16,-0.5717675563122234,16,-0.3344520110550983,16,-0.3755743239161608,16
noisy,750,9,0,-0.4860639766766043,16,-0.17994119318800494,16,-0.7433311108738809,16,-0.27805968884873866,16,-0.3258948963981011,16
noisy,750,9,1,-0.33312153319169757,16,-0.09943604911151019,16,-0.2996099950618917,16,-0.3115887182459322,16,-0.3527836893025162,16
noisy,750,9,2,-0.23480148961077052,16,-0.13273635985361132,16,-0.5285665747295696,16,-0.40562024031782334,16,-0.4080601694143708,16
noisy,750,9,3,-0.462528503037588,16,-0.23414593344533927,16,-0.6305992354722048,16,-0.6250365518748583,16,-0.49524140211258955,16
noisy,750,9,4,-0.25121448879382446,16,-0.1077680989536696,16,-0.09481903964481461,16,-0.36621347659666026,16,-0.26507777123725274,16
noisy,750,9,5,-0.3361214289107566,16,-0.039910707412521,16,-0.2901118675228496,16,-0.4102602537638788,16,-0.36653699153354713,16
noisy,750,9,6,-0.32142065679917425,16,-0.22225591297104125,16,-0.5795801383378925,16,-0.8292167697569187,16,-0.46838993648220445,16
noisy,750,9,7,-0.17044086204300568,16,-0.08311742967156498,16,-0.3974550582300474,16,-0.3582451687538851,16,-0.30015476547674924,16
noisy,750,9,8,-0.2421744792047073,16,-0.37520493762141416,16,-0.3191690420278095,16,-0.22691117928248544,16,-0.3794013933221946,16
noisy,750,9,9,-0.3257883288270178,16,-0.12886130988889577,16,-0.34050948049185537,16,-0.29338929944663217,16,-0.29037910719133037,16
noisy,750,9,10,-0.4054888028720633,16,-0.08105655570678716,16,-0.3976859785701419,16,-0.32431909684321614,16,-0.47424872810809604,16
noisy,750,9,11,-0.3809963069932584,16,-0.15842861887060497,16,-0.5243525584374521,16,-0.5016783677766556,16,-0.45498506331688515,16
noisy,750,10,0,-0.5512734408215229,16,-0.17878628800709506,16,-0.5436167557763825,16,-0.23324372280865646,16,-0.29894030635457836,16
noisy,750,10,1,-0.39479109142534535,16,-0.23803652455997532,16,-0.44766515794524825,16,-0.3277025574281078,16,-0.3350767922405141,16
noisy,750,10,2,-0.2868375163318412,16,-0.18557599941430594,16,-0.3670135211680103,16,-0.33189740377547877,16,-0.2301622476878695,16
noisy,750,10,3,-0.4158676855589104,16,-0.27422366365397377,16,-0.7413868215512847,16,-0.2694234365072997,16,-0.2551137241296527,16
noisy,750,10,4,-0.2660820499559192,16,-0.1123169348597604,16,-0.4723641884482226,16,-0.3094690340214796,16,-0.3663213344261818,16
noisy,750,10,5,-0.3936267154800204,16,-0.27593542999196,16,-0.4058250266327523,16,-0.44352010038452494,16,-0.28321325500025973,16
noisy,750,10,6,-0.5094313028736329,16,-0.18503873318553263,16,-0.6038611658054103,16,-0.1407972083931304,16,-0.3795442754059265,16
noisy,750,10,7,-0.372972021460941,16,-0.11136908284025716,16,-0.48924514077930814,16,-0.28084613798884805,16,-0.28941045651911895,16
noisy,750,10,8,-0.46837210849655764,16,-0.16815586093630283,16,-0.3838250063218793,16,-0.297521513317474,16,-0.29709233019726233,16
noisy,750,10,9,-0.36724249903978196,16,-0.19648056369742437,16,-0.44850174405337734,16,-0.2372375345457412,16,-0.30503375920884335,16
noisy,750,10,10,-0.4155092018041532,16,-0.17785174143822466,16,-0.473943189554357,16,-0.27772266610248014,16,-0.2530978095154416,16
noisy,750,10,11,-0.19142107851590096,16,-0.08700997316191363,16,-0.37729398966745226,16,-0.3009909064051104,16,-0.3216971638144717,16
noisy,750,11,0,-0.39470398524168093,16,-0.2734989851077544,16,-0.3146401646880018,16,-0.4139904589893699,16,-0.36258774164953633,16
noisy,750,11,1,-0.1770660603036216,16,-0.2617612097810812,16,-0.32112750483041735,16,-0.31041417805487387,16,-0.3634776559913978,16
noisy,750,11,2,-0.24220807147647683,16,-0.11573159222430807,16,-0.2883567218712871,16,-0.3086709307999077,16,-0.3288204587365292,16
noisy,750,11,3,-0.1958727947335557,16,-0.1255803725445962,16,-0.42490464546315615,16,-0.30855022831362555,16,-0.2823604821265062,16
noisy,750,11,4,-0.22590743512381908,16,-0.13910018329014073,16,-0.3322440554305617,16,-0.3661674565932767,16,-0.28760598292699835,16
noisy,750,11,5,-0.48728746200214224,16,-0.1843429990502653,16,-0.5485264540351213,16,-0.2854926103778837,16,-0.4181708549017774,16
noisy,750,11,6,-0.23307796597432168,16,-0.26795763059363326,16,-0.32893058017347565,16,-0.2955257032880211,16,-0.3553499727647434,16
noisy,750,11,7,-0.4538219669513842,16,-0.12434819010077448,16,-0.46003175899395576,16,-0.32921416265586884,16,-0.2899565830579396,16
noisy,750,11,8,-0.35966739672387743,16,-0.1061173914780037,16,-0.31695991638713283,16,-0.29885255506641617,16,-0.3643779163500346,16
noisy,750,11,9,-0.36019808441932655,16,-0.09115448958146039,16,-0.4467204456857149,16,-0.29965543280387763,16,-0.29324361561770973,16
noisy,750,11,10,-0.3374713227293426,16,-0.15410174560157994,16,-0.5249435063942056,16,-0.31879099161763,16,-0.3982568134474785,16
noisy,750,11,11,-0.23716189883054395,16,-0.1924304701310837,16,-0.4480754335782821,16,-0.432171187267083,16,-0.2986595449574862,16
noisy,750,12,0,-0.23837531437622633,16,-0.1386825872569852,16,-0.3695949247854162,16,-0.25315462870760425,16,-0.19778080200272177,16
noisy,750,12,1,-0.2820882381218276,16,-0.23794659409787403,16,-0.35067676232209455,16,-0.19123096745258716,16,-0.2829184093012323,16
noisy,750,12,2,-0.14461274749028485,16,-0.11172843130624104,16,-0.31692760334920345,16,-0.2631614823497777,16,-0.20326333634518579,16
noisy,750,12,3,-0.47296400807064176,16,-0.2045349609399616,16,-0.4277046014289748,16,-0.3034043227743695,16,-0.2873571376530575,16
noisy,750,12,4,-0.22581939882757568,16,-0.1820262571193146,16,-0.3111796749658574,16,-0.3800676128076747,16,-0.2825661396436817,16
noisy,750,12,5,-0.18010401146010918,16,-0.09737597056428962,16,-0.4531575684576419,16,-0.3412319531190356,16,-0.29405820598576804,16
noisy,750,12,6,-0.1542766886688908,16,-0.09807345244771369,16,-0.1912540182185236,16,-0.27960091846694757,16,-0.19166973984716065,16
noisy,750,12,7,-0.08630767440961465,16,-0.11037774917840024,16,-0.2036971804537276,16,-0.23362049140544167,16,-0.23466074200529874,16
noisy,750,12,8,-0.17309335935515233,16,-0.0736823951427119,16,-0.19788013004207816,16,-0.2744687853984048,16,-0.20071205788776972,16
noisy,750,12,9,-0.4494069387150544,16,-0.18141583849670662,16,-0.4046068998588067,16,-0.43921281545148233,16,-0.23112089763495836,16
noisy,750,12,10,-0.20084336270593975,16,-0.12792466240605743,16,-0.12859032869510645,16,-0.26375423983599666,16,-0.18251759597750677,16
noisy,750,12,11,-0.2699546908041805,16,-0.13831372579203097,16,-0.3379195827928093,16,-0.3157616951290254,16,-0.2311208849649833,16
noisy,750,13,0,-0.14329936049588304,16,-0.14856885789210372,16,-0.2629884165574641,16,-0.28604444106006915,16,-0.2872013216126263,16
noisy,750,13,1,-0.4161428742633999,16,-0.2188887329641834,16,-0.41401771158514966,16,-0.31181917127632713,16,-0.3026407689955372,16
noisy,750,13,2,-0.20481042458648216,16,-0.2189244021356292,16,-0.3827577563722751,16,-0.28701964181044837,16,-0.3014367683715166,16
noisy,750,13,3,-0.1778941282060688,16,-0.12268245349109157,16,-0.41621324966680734,16,-0.3233259672892583,16,-0.24383933004930897,16
noisy,750,13,4,-0.18919779706247797,16,-0.187200358123831,16,-0.4392681229884014,16,-0.3653066979639474,16,-0.28518830931306416,16
noisy,750,13,5,-0.3859571985534255,16,-0.1848404804008305,16,-0.2640479754488592,16,-0.33978633244718226,16,-0.30610394046829525,16
noisy,750,13,6,-0.23292034189618477,16,-0.19677115542383344,16,-0.41097443466144673,16,-0.32591720476001557,16,-0.2973547796610927,16
noisy,750,13,7,-0.3830416263564155,16,-0.24311720242088608,16,-0.3545560377781951,16,-0.28207908829831696,16,-0.2773071401648145,16
noisy,750,13,8,-0.305614008728033,16,-0.1500303735623814,16,-0.3296530350400436,16,-0.3483869500618833,16,-0.26549142076268434,16
noisy,750,13,9,-0.24306998419409956,16,-0.18746393687507318,16,-0.4753082025283483,16,-0.3256855480294222,16,-0.26698606542119985,16
noisy,750,13,10,-0.2912615579541814,16,-0.21829278963159263,16,-0.3257104917989144,16,-0.2373776090164798,16,-0.2588233364610958,16
noisy,750,13,11,-0.43426435877573366,16,-0.14086784311077744,16,-0.37054524482947604,16,-0.3310935215606371,16,-0.28217165163831504,16
noisy,750,14,0,-0.25009722095794257,16,-0.14443532161894024,16,-0.3073595159325159,16,-0.29444295419738176,16,-0.22772734176111872,16
noisy,750,14,1,-0.22105460527301202,16,-0.3874885664796346,16,-0.3364924455448225,16,-0.2650194525997525,16,-0.15983103587249547,16
noisy,750,14,2,-0.19194283741710583,16,-0.16863064361396382,16,-0.3320636712012234,16,-0.3635804987430976,16,-0.32687738413722534,16
noisy,750,14,3,-0.15896215230596789,16,-0.19109566134086345,16,-0.4169197813237613,16,-0.3584663572965094,16,-0.28065378897527743,16
noisy,750,14,4,-0.16457161192626724,16,-0.1135489456788081,16,-0.5129150266493581,16,-0.31321103678020923,16,-0.3248650524799425,16
noisy,750,14,5,-0.045822215658670895,16,-0.14103099186267778,16,-0.3657881017183208,16,-0.36694575896973824,16,-0.24507686211205007,16
noisy,750,14,6,-0.22199266521244726,16,-0.15798745696470295,16,-0.25622847329418225,16,-0.42979741838478097,16,-0.28487896723570305,16
noisy,750,14,7,-0.2508063296995363,16,-0.18366973154663535,16,-0.40046354864214534,16,-0.46256171624768305,16,-0.32638250129461743,16
noisy,750,14,8,-0.05538022549485527,16,-0.10590469803658306,16,-0.20983258040531114,16,-0.2111211364412592,16,-0.19163207740868884,16
noisy,750,14,9,-0.19341994464402354,16,-0.17570956822255224,16,-0.3600019717278461,16,-0.40392642884066704,16,-0.24702746795379804,16
noisy,750,14,10,-0.1169634237645216,16,-0.13985376460045545,16,-0.3219201198741218,16,-0.3555609278842783,16,-0.2518976526418632,16
noisy,750,14,11,-0.20278139280211752,16,-0.22160310501478236,16,-0.42573158240054565,16,-0.29864104874379893,16,-0.3572124531688128,16
noisy,750,15,0,-0.2802822154537374,16,-0.17990760207484052,16,-0.37677101930769935,16,-0.4027245679958062,16,-0.3556576386943777,16
noisy,750,15,1,-0.26520291731684986,16,-0.21158681317897382,16,-0.37908854832167316,16,-0.21206741098914295,16,-0.34319125208518064,16
noisy,750,15,2,-0.2099653701141549,16,-0.38319905675851673,16,-0.40318214943614195,16,-0.28279912460159073,16,-0.3151695052551712,16
noisy,750,15,3,-0.2656656164585516,16,-0.25048869710948274,16,-0.23077865228577166,16,-0.46888619813098514,16,-0.31870168681399114,16
noisy,750,15,4,-0.22128317349069,16,-0.21205217617389582,16,-0.5165051811844986,16,-0.3730156409726918,16,-0.2769458612259763,16
noisy,750,15,5,-0.40711606855587085,16,-0.18826140836035415,16,-0.4146627352804589,16,-0.39537221098146363,16,-0.30028037469444696,16
noisy,750,15,6,-0.26004313697974435,16,-0.2030716750463232,16,-0.3071182301975459,16,-0.37703177390079423,16,-0.24904368139501834,16
noisy,750,15,7,-0.12029852226195861,16,-0.32365981624932605,16,-0.12322445223929494,16,-0.22764561739568748,16,-0.3494756220973986,16
noisy,750,15,8,-0.1923492009465475,16,-0.08364088440808885,16,-0.21530396275545988,16,-0.32307767168262785,16,-0.30936836780638277,16
noisy,750,15,9,-0.1707293468585408,16,-0.22683691011957063,16,-0.31587768032809294,16,-0.21323155113897627,16,-0.29026438375243313,16
noisy,750,15,10,-0.30778510851497,16,-0.17421908051644885,16,-0.352063743390832,16,-0.38144978200637714,16,-0.2861478609809611,16
noisy,750,15,11,-0.30637025934237755,16,-0.20293919434848412,16,-0.36903485663879426,16,-0.30970284829029904,16,-0.35287400780370304,16
noisy,750,16,0,-0.2746697306698655,16,-0.2693965472013186,16,-0.2711308800222247,16,-0.47888964434276293,16,-0.43933769190480465,16
noisy,750,16,1,-0.35168342004364933,16,-0.21590623735014217,16,-0.2049799354011432,16,-0.46181022366265023,16,-0.4063273718935071,16
noisy,750,16,2,-0.3249931996186612,16,-0.11445033885677407,16,-0.5009442118918276,16,-0.4065941367309056,16,-0.36250044497876854,16
noisy,750,16,3,-0.2641143245232781,16,-0.26928968198377223,16,-0.32735450938878335,16,-0.4619436124650693,16,-0.32880190957871247,16
noisy,750,16,4,-0.41579946151444025,16,-0.17107954874508755,16,-0.48849454453193253,16,-0.4912600267792904,16,-0.35453366086210436,16
noisy,750,16,5,-0.11924662508587228,16,-0.17189606850435674,16,-0.3502841471603392,16,-0.3724051715061889,16,-0.36454038027530655,16
noisy,750,16,6,-0.5088175010890763,16,-0.09172933296611373,16,-0.14786358665209554,16,-0.3285952621556969,16,-0.3896277051124053,16
noisy,750,16,7,-0.17000523648328592,16,-0.26663706819914523,16,-0.24180959337652388,16,-0.4428356739318061,16,-0.3705013372381271,16
noisy,750,16,8,-0.416817405786939,16,-0.11446841281994756,16,-0.4190442242533644,16,-0.36907893362012273,16,-0.2944051300523801,16
noisy,750,16,9,-0.4455978664050972,16,-0.11553216598873435,16,-0.374043230793638,16,-0.3160093689964306,16,-0.2336593424705609,16
noisy,750,16,10,-0.29811250554439256,16,-0.23080467827555098,16,-0.30820509615488106,16,-0.472315838973134,16,-0.5341417981372154,16
noisy,750,16,11,-0.2911107128036017,16,-0.24508207096413737,16,-0.330110622120236,16,-0.38198246764843446,16,-0.3644815405934314,16
noisy,750,17,0,-0.28549388196258735,16,-0.16523530352877333,16,-0.4354401250459161,16,-0.3403947487603154,16,-0.41766255873311325,16
noisy,750,17,1,-0.20410693651650663,16,-0.13382242133700867,16,-0.3520400247045534,16,-0.5344682788751075,16,-0.2764222100183924,16
noisy,750,17,2,-0.6118571090701794,16,-0.08817944015407952,16,-0.31130602312807953,16,-0.39432613531140764,16,-0.4421228374862877,16
noisy,750,17,3,-0.29933739709847185,16,-0.07089916633157282,16,-0.2972929770391088,16,-0.4701005050583368,16,-0.37857798187131353,16
noisy,750,17,4,-0.3485756062149443,16,-0.06440257644887265,16,-0.2121450254884859,16,-0.599821833432896,16,-0.36251740234327423,16
noisy,750,17,5,-0.07347039482239431,16,-0.06385828604821189,16,-0.28808881000421244,16,-0.5890708101876154,16,-0.3315147049383181,16
noisy,750,17,6,-0.23220042949377837,16,-0.13198986125896725,16,-0.2228983225121919,16,-0.3632680752059305,16,-0.4140126223490134,16
noisy,750,17,7,-0.11694346485169323,16,-0.09410853836033967,16,-0.37679785118264586,16,-0.47764959588690614,16,-0.279299324844361,16
noisy,750,17,8,0.011052408679332458,16,-0.049703846886898245,16,-0.17848605853507207,16,-0.5866388694194943,16,-0.3455747057056582,16
noisy,750,17,9,-0.35460565810746786,16,-0.25138413170557716,16,-0.4608109893861474,16,-0.6526710618420399,16,-0.3658101948466832,16
noisy,750,17,10,-0.08213080440413974,16,-0.09573851990470894,16,-0.30915933617629954,16,-0.4646976699010346,16,-0.2877790029374093,16
noisy,750,17,11,-0.3110668515209384,16,-0.19462544777403928,16,-0.4815727577111558,16,-0.5271055136111977,16,-0.4578220940528276,16
noisy,750,18,0,-0.34141939841279123,16,-0.12830975345820253,16,-0.2711130302399074,16,-0.4326171865345789,16,-0.4303944137921967,16
noisy,750,18,1,-0.2362262431678737,16,-0.0944217408481311,16,-0.29148689329433414,16,-0.3485334873916458,16,-0.5163322522331919,16
noisy,750,18,2,-0.32994872122593655,16,-0.08738443851140755,16,-0.34480231148333085,16,-0.6451678471461167,16,-0.4427068541395547,16
noisy,750,18,3,-0.25878066999053834,16,-0.0937405357252091,16,-0.20840178249221808,16,-0.4956896585469804,16,-0.4848850014751345,16
noisy,750,18,4,-0.4444487574324229,16,-0.31367570311226645,16,-0.4605160053080757,16,-0.6013748474301364,16,-0.33456711629116453,16
noisy,750,18,5,-0.277627488063394,16,-0.16115656550194477,16,-0.4424578435547215,16,-0.3460086169939526,16,-0.4914989037174331,16
noisy,750,18,6,-0.36624076863084004,16,-0.16801997811400282,16,-0.4242315205515692,16,-0.49200786139603103,16,-0.4219015502651955,16
noisy,750,18,7,-0.3451252960569857,16,-0.10209192259084972,16,-0.2053894437465156,16,-0.3042624960278556,16,-0.4139547641997195,16
noisy,750,18,8,-0.2277059939819255,16,-0.1664046609266041,16,-0.3010809525143709,16,-0.5915180154167089,16,-0.45906719106760885,16
noisy,750,18,9,-0.309192415926907,16,-0.06815030160683166,16,-0.2777321800206598,16,-0.6072786282407496,16,-0.4800023770588136,16
noisy,750,18,10,-0.4199613238247607,16,-0.2486159342827867,16,-0.3996152897783488,16,-0.3239435474726556,16,-0.3949131866416094,16
noisy,750,18,11,-0.32129327803795493,16,-0.10819629190070888,16,-0.1919266276375809,16,-0.44624241564198364,16,-0.4701865857760318,16
noisy,750,19,0,-0.4359159850737466,16,-0.2385505204572389,16,-0.3304114161892029,16,-0.5782058186326209,16,-0.5592281131623562,16
noisy,750,19,1,-0.4451452343272242,16,-0.12273839013039442,16,-0.33829137276453847,16,-0.6713569891410682,16,-0.5023537377088942,16
noisy,750,19,2,-0.2068320762362837,16,-0.05161107131722807,16,-0.25505497995622656,16,-0.7384140893666811,16,-0.36861893029575343,16
noisy,750,19,3,-0.47200331260410455,16,-0.14251381015858167,16,-0.27530079020595594,16,-0.5354699580529738,16,-0.5509074756334302,16
noisy,750,19,4,-0.1498854821167947,16,-0.11441132989689462,16,-0.41344395562387337,16,-0.5297535724222946,16,-0.49558201006976893,16
noisy,750,19,5,-0.9026349797736642,16,-0.12155613141976598,16,-0.5067788440955179,16,-0.6118388646313683,16,-0.6603875341648455,16
noisy,750,19,6,-0.2820921513823558,16,-0.08684519518844919,16,-0.2335788950527923,16,-0.6049116639139223,16,-0.5737918257169146,16
noisy,750,19,7,-0.5028828371751366,16,-0.1158620159483998,16,-0.5405339628182869,16,-0.7113645911805497,16,-0.5576592740442078,16
noisy,750,19,8,-0.31124653060424945,16,-0.02442337948523724,16,-0.4032533967204345,16,-0.6932644861551598,16,-0.5409262478500803,16
noisy,750,19,9,-0.47662205854055867,16,-0.15428596859007954,16,-0.6039600921139244,16,-0.5184440457216396,16,-0.6710050280357827,16
noisy,750,19,10,-0.3946386830731117,16,-0.10729161757698502,16,-0.19103166273666805,16,-0.6567726296256299,16,-0.5007499166521578,16
noisy,750,19,11,-0.48950413414090455,16,-0.14523216465987815,16,-0.5304997626212606,16,-0.5475934419692705,16,-0.49083225147610043,16
noisy,750,20,0,-0.3489783211585924,16,-0.13557271793545825,16,-0.3114200456589168,16,-0.7139273512135227,16,-0.7562516883584263,16
noisy,750,20,1,-0.5191675944782629,16,-0.34868514254324967,16,-0.5665408270414612,16,-0.7667010780203722,16,-0.8380104843123442,16
noisy,750,20,2,-0.4655953879475522,16,-0.13103836238992156,16,-0.15171991825144543,16,-0.7965185184570027,16,-0.5975624076771203,16
noisy,750,20,3,-0.8722993758316606,16,-0.2781782920974873,16,-1.078583048905049,16,-0.7574814111237853,16,-1.0443868595724357,16
noisy,750,20,4,-0.2998717621562713,16,-0.16709968407175088,16,-0.4851537093324658,16,-0.5832984498677749,16,-0.6673998436435686,16
noisy,750,20,5,-1.2067574269491894,16,-0.5988213393067355,16,-0.9613492890598687,16,-0.8234556496955749,16,-0.8923032714663619,16
noisy,750,20,6,-0.3400981158826972,16,-0.19680154010318274,16,-0.45922813956983904,16,-0.914455230523918,16,-0.7005988566787995,16
noisy,750,20,7,-1.0478768279319324,16,-0.41170944004340737,16,-1.1493023575366634,16,-0.7190934602839909,16,-0.8863708986857944,16
noisy,750,20,8,-0.6207305087271442,16,-0.08920427886597282,16,-0.1877154221464543,16,-0.7161419360834567,16,-0.8811620942366114,16
noisy,750,20,9,-0.46021506236729204,16,-0.06084867611883225,16,-0.3913891274747161,16,-0.8041850114941291,16,-0.7923684123205168,16
noisy,750,20,10,-0.5067630866040118,16,-0.13933041136261726,16,-0.5393005188981976,16,-0.8028619104323131,16,-0.6648390942908697,16
noisy,750,20,11,-0.5655018572665651,16,-0.18531181951136605,16,-0.7405565667682114,16,-0.7493160077474366,16,-0.7281619443859675,16
noisy,750,21,0,-0.39201810080612576,16,-0.19284526181169775,16,-0.5047916798541545,16,-0.6413303164315198,16,-0.7387795764477689,16
noisy,750,21,1,-0.5971909825271,16,-0.09308471900016516,16,-0.3835955546100333,16,-0.8288384910440312,16,-0.7340861346665462,16
noisy,750,21,2,-0.4972624435980664,16,-0.13794909577839265,16,-0.2861321044570807,16,-0.7966341440789703,16,-0.7540580770722651,16
noisy,750,21,3,-0.5414161160325195,16,-0.2535195640220228,16,-0.6016117782306122,16,-0.6334717534985759,16,-0.801235538743696,16
noisy,750,21,4,-0.6767325709962583,16,-0.15189905051384656,16,-0.5917089289943924,16,-0.7846887555826086,16,-0.7857806093935555,16
noisy,750,21,5,-0.6666628829419987,16,-0.10528735418266019,16,-0.28384297476342013,16,-0.9300092172918139,16,-0.8514918857529372,16
noisy,750,21,6,-0.5141118428492719,16,-0.13520550778198848,16,-0.5090515966614182,16,-0.7703195005602983,16,-0.6483182250383874,16
noisy,750,21,7,-0.6669521261809364,16,-0.15935746968889614,16,-0.3825536992227006,16,-0.7387121667147785,16,-0.7222205484538768,16
noisy,750,21,8,-0.3006113979362143,16,-0.12966182473494414,16,-0.8857116230063837,16,-0.8746435806756276,16,-1.1490569440319458,16
noisy,750,21,9,-0.2196330624642538,16,-0.22604275265921508,16,-0.515321567684081,16,-0.7136513986712859,16,-0.6558494025530474,16
noisy,750,21,10,-0.5144599056979356,16,-0.25866548059732003,16,-0.576246105165053,16,-0.7283134239760758,16,-0.7650296738214586,16
noisy,750,21,11,-0.5124474815614053,16,-0.10643832500127393,16,-0.6759138174079338,16,-0.7784593175112428,16,-0.8039748481695415,16
noisy,750,22,0,-0.6409860282133516,16,-0.22799349660067764,16,-0.4684786423223679,16,-0.5473166963327867,16,-0.6823914735181192,16
noisy,750,22,1,-0.5751727023846075,16,-0.24993349004108134,16,-0.5846838469008655,16,-0.7776140777387691,16,-0.8632234096208633,16
noisy,750,22,2,-0.3935367776055698,16,-0.10146655787976354,16,-0.44123748597764223,16,-0.6606555697498312,16,-0.5931677903425232,16
noisy,750,22,3,-0.17731912149917572,16,-0.10424998238339932,16,-0.43298714429071833,16,-0.56296122312944,16,-0.6962435112090224,16
noisy,750,22,4,-0.3840010019690776,16,-0.23489924732332979,16,-0.5673908492973063,16,-0.6158071400572835,16,-0.7555697137391688,16
noisy,750,22,5,-0.398518349740705,16,-0.26550942159363755,16,-0.4963031324567144,16,-0.6947900139895601,16,-0.7401670283754953,16
noisy,750,22,6,-0.6253780843179615,16,-0.19958744531022377,16,-0.7481458151759843,16,-0.7189146509637186,16,-0.7632197334842946,16
noisy,750,22,7,-0.30561179335559685,16,-0.0823474871392382,16,-0.5484351418455924,16,-0.8807103583690701,16,-0.700999328230075,16
noisy,750,22,8,-0.23232508146473577,16,-0.11930113232181094,16,-0.39205979250421297,16,-0.4088402063442194,16,-0.7915799135809936,16
noisy,750,22,9,-0.47695381274276216,16,-0.11019160893789659,16,-0.37366851677947105,16,-0.6843541653660195,16,-0.6878356858897786,16
noisy,750,22,10,-0.5277921221635631,16,-0.18402675092258475,16,-0.3302869616342502,16,-0.6971999306822199,16,-0.6509622395212503,16
noisy,750,22,11,-0.5392994762336152,16,-0.08217430871700493,16,-0.44036089700269954,16,-0.7121326316616648,16,-0.6369007583575846,16
noisy,750,23,0,-0.33437735324848733,16,-0.10644262397645657,16,-0.540461997150012,16,-0.5454065131679185,16,-0.6513697329333988,16
noisy,750,23,1,-0.8437381761031517,16,-0.16872161784943168,16,-0.37335505129739904,16,-0.6644506582007589,16,-0.8190140265445742,16
noisy,750,23,2,-0.42970102152592304,16,-0.044536947150356235,16,-0.47740226625311377,16,-0.49993140705240996,16,-0.5170947167997964,16
noisy,750,23,3,-0.805844564923233,16,-0.16042287665363436,16,-0.3251673875724379,16,-0.7107200829284974,16,-0.6740944711906507,16
noisy,750,23,4,-0.3841681951159183,16,-0.16149399038887627,16,-0.2681445723571193,16,-0.49199387727035965,16,-0.6043303433985493,16
noisy,750,23,5,-0.4059816391680965,16,-0.16041364820370518,16,-0.4459517802086182,16,-0.4955311557653604,16,-0.6873652100937553,16
noisy,750,23,6,-0.5452158274629804,16,-0.2171207380310171,16,-0.48989516458214155,16,-0.638002598769382,16,-0.632857755650858,16
noisy,750,23,7,-0.38508543027599723,16,-0.053840404701227314,16,-0.36415234692979925,16,-0.6621084795173678,16,-0.6311867081958293,16
noisy,750,23,8,-0.31687249523330047,16,-0.20757313495388957,16,-0.3106237805603932,16,-0.3763133807890187,16,-0.47967053100371576,16
noisy,750,23,9,-0.19819908362568292,16,-0.17325651147695298,16,-0.4818546612289518,16,-0.32709815421807076,16,-0.6801560436331863,16
noisy,750,23,10,-0.5534718236153864,16,-0.19889083167593985,16,-0.6651462320241657,16,-0.651158700107851,16,-0.6143884194038585,16
noisy,750,23,11,-0.7397548216314811,16,-0.11791052761718226,16,-0.313007306031031,16,-0.7152638291151663,16,-0.6889527214845075,16
noisy,750,24,0,-0.24871720583949666,16,-0.09916447794385508,16,-0.2770797366969171,16,-0.497068931332096,16,-0.5534276248701223,16
noisy,750,24,1,-0.3087226785000404,16,-0.09913033895202257,16,-0.3897327212421693,16,-0.6413787491093152,16,-0.5742648975451188,16
noisy,750,24,2,-0.5600171653458236,16,-0.09976280241059154,16,-0.5478849218341952,16,-0.5063209663461586,16,-0.5509272654699275,16
noisy,750,24,3,-0.41146032417711087,16,-0.09148756620292678,16,-0.34631008009272246,16,-0.6301384096935754,16,-0.7355477130605315,16
noisy,750,24,4,-0.4694624575462527,16,-0.05241878620425465,16,-0.3053131513463046,16,-0.690365019727778,16,-0.5453593890965802,16
noisy,750,24,5,-0.3013965340558168,16,-0.12203213503861042,16,-0.4335614235270539,16,-0.6114805609333303,16,-0.6929720569956628,16
noisy,750,24,6,-0.23200167629577576,16,-0.1811469365689234,16,-0.45094579371365784,16,-0.41098189494117215,16,-0.5783828557053268,16
noisy,750,24,7,-0.42374482859493523,16,-0.12762365918654828,16,-0.44849215702089,16,-0.42434202838609253,16,-0.5798896644191003,16
noisy,750,24,8,-0.2322433672781852,16,-0.12739112877170647,16,-0.45177809250525053,16,-0.5020151166384594,16,-0.6062296124209099,16
noisy,750,24,9,-0.5617484513522828,16,-0.11616180408376359,16,-0.4036030307601742,16,-0.5566112146602203,16,-0.6016138590275001,16
noisy,750,24,10,-0.436964244885502,16,-0.13625101417929986,16,-0.42363509030746455,16,-0.3235351858211203,16,-0.5863799185994573,16
noisy,750,24,11,-0.4192308482830813,16,-0.11057064205275396,16,-0.3643154846855136,16,-0.44110839056499995,16,-0.5576409129357761,16
noisy,750,25,0,-0.3783717647992242,16,-0.10100650634526034,16,-0.19643993789987352,16,-0.5814791245086792,16,-0.7748501175310476,16
noisy,750,25,1,-0.4686263121406885,16,-0.08478219410987473,16,-0.33400017435901175,16,-0.6917706258465938,16,-0.576280562715291,16
noisy,750,25,2,-0.301976543093331,16,-0.13311641794137033,16,-0.42952492338527215,16,-0.5366328535304101,16,-0.5164450160445466,16
noisy,750,25,3,-0.351741312465159,16,-0.10610607204222752,16,-0.23994768010519235,16,-0.5931772251171094,16,-0.6416896775646268,16
noisy,750,25,4,-0.26827704005543784,16,-0.11600490421574432,16,-0.21978996374445642,16,-0.5414669380620414,16,-0.6031969474051886,16
noisy,750,25,5,-0.6327949093680811,16,-0.17459831328165332,16,-0.41031572191729804,16,-0.7020061409924924,16,-0.7640615850452948,16
noisy,750,25,6,-0.5000638019982366,16,-0.13747124797606383,16,-0.6108426841089626,16,-0.7037571764183127,16,-0.5831907276600843,16
noisy,750,25,7,-0.46242721111359836,16,-0.06444979975463211,16,-0.3752444469955546,16,-0.6189789325134598,16,-0.593573307318059,16
noisy,750,25,8,-0.3937859779422421,16,-0.10175994991536029,16,-0.46594285436021066,16,-0.5545180848762362,16,-0.5266537430084721,16
noisy,750,25,9,-0.45273793722289046,16,-0.11428364709611404,16,-0.6715649879792178,16,-0.6077865478667536,16,-0.6417773618083047,16
noisy,750,25,10,-0.729278284093162,16,-0.09729736656944736,16,-0.625186192860271,16,-0.5993997920081336,16,-0.6225943732700153,16
noisy,750,25,11,-0.5977509187778679,16,-0.07826173120742533,16,-0.3665981603871796,16,-0.6443567165361037,16,-0.5737516645099349,16
noisy,750,26,0,-0.37030708461211437,16,-0.05223463733333672,16,-0.4914240515259053,16,-0.5791369738361012,16,-0.7369738683029781,16
noisy,750,26,1,-0.46092721336909037,16,-0.11379839285096206,16,-0.24863525814003307,16,-0.6842498994981944,16,-0.7615810717122637,16
noisy,750,26,2,-0.2646745061821319,16,-0.12225880968623562,16,-0.3599292127406374,16,-0.94600640841934,16,-0.7768935669883681,16
noisy,750,26,3,-0.593822869456966,16,-0.02992911112012333,16,-0.35847382517055004,16,-0.8394445281555176,16,-0.7259415582453232,16
noisy,750,26,4,-0.5437537442938873,16,-0.09025330987612146,16,-0.5923515478981409,16,-0.8138183397298636,16,-0.755100267947878,16
noisy,750,26,5,-0.6424295695778344,16,-0.19700109089037784,16,-0.9683425041906677,16,-0.7311120371819874,16,-0.6208097320724953,16
noisy,750,26,6,-0.3925406750112695,16,-0.09162761618291304,16,-0.3754343712605813,16,-0.5515609117182128,16,-0.6152360643275188,16
noisy,750,26,7,-1.238402152325393,16,-0.4243725199926569,16,-1.3188945300698887,16,-0.6845580721825321,16,-0.809719179798438,16
noisy,750,26,8,-0.2629233179533843,16,-0.10419411427965351,16,-0.1965824093395339,16,-0.6512910414075934,16,-0.6026443884314718,16
noisy,750,26,9,-0.3617842966105759,16,-0.14526658352204144,16,-0.38489501652345026,16,-0.5642264942275925,16,-0.7363455458202472,16
noisy,750,26,10,-0.6943944203056049,16,-0.35311263817468636,16,-0.7381926910600859,16,-0.8019475780253238,16,-0.6145137863042742,16
noisy,750,26,11,-0.3302897229833315,16,-0.1720520327003861,16,-0.49025357890784327,16,-0.6305405169555084,16,-0.7682083080861499,16
noisy,750,27,0,-0.5673510025124737,16,-0.0481456971873632,16,-0.529704915620042,16,-0.6846431301240591,16,-0.6699957532253977,16
noisy,750,27,1,-1.410772280181522,16,-0.053045927608318846,16,-0.8128042883797377,16,-0.7980271359562643,16,-0.8652827610971809,16
noisy,750,27,2,-0.5039740275800288,16,-0.12069736603167479,16,-0.42586456505799636,16,-0.5467681843245897,16,-0.7874164239375027,16
noisy,750,27,3,-0.84791666372685,16,-0.177615278986102,16,-0.7846982972946442,16,-0.5347146826109209,16,-0.9020076567923749,16
noisy,750,27,4,-0.5754040112408828,16,-0.011687874809096395,16,-0.4887842016476926,16,-0.7514729030180934,16,-0.688108546098052,16
noisy,750,27,5,-0.5066332511912794,16,-0.0157199997881952,16,-0.6046659918462509,16,-0.6593841195355911,16,-0.6634313268871408,16
noisy,750,27,6,-0.4365801154127087,16,-0.047665953140156356,16,-0.5464046110864544,16,-0.786678826438314,16,-0.7980336152145815,16
noisy,750,27,7,-0.41352718104465375,16,-0.062048559321839336,16,-0.45334379670457886,16,-0.7919738196862209,16,-0.6460768590712682,16
noisy,750,27,8,-0.4383304749864598,16,-0.06956615929501121,16,-0.4706428772181078,16,-0.5255950441275284,16,-0.6687891529615393,16
noisy,750,27,9,-0.5350953651044813,16,-0.08297491866947304,16,-0.7408745127402713,16,-0.7782962909082896,16,-0.9350999227632536,16
noisy,750,27,10,-0.4019376279750846,16,-0.17676851406260582,16,-0.5665542684940614,16,-0.7002168113240066,16,-0.6507029642398388,16
noisy,750,27,11,-0.6672342840075409,16,-0.1963063217910207,16,-0.7618051638916818,16,-0.7543862269739454,16,-0.5835848412051169,16
noisy,750,28,0,-0.30776082889960754,16,-0.0011844645206085182,16,-0.06989719314821995,16,-0.9238572595756632,16,-0.5898581200376483,16
noisy,750,28,1,-0.40439671355629037,16,-0.031090910158159075,16,-0.444738604399708,16,-0.8797800888620659,16,-0.7536256125108323,16
noisy,750,28,2,-0.5962486802608089,16,-0.06140030199149199,16,-0.4998846950409853,16,-0.5578932395956393,16,-0.6741819040079537,16
noisy,750,28,3,-0.5933114502395789,16,-0.01722837953156084,16,-0.3911395504739725,16,-0.6699759403516633,16,-0.673221057062136,16
noisy,750,28,4,-0.6441603916805371,16,-0.014350296586164945,16,-0.48442999882594406,16,-0.7823331049397035,16,-0.7235404998231557,16
noisy,750,28,5,-0.4771241786676542,16,-0.017066735635226538,16,-0.3512665184770053,16,-0.7610833789164119,16,-0.5463294169791069,16
noisy,750,28,6,-0.41435399328637035,16,-0.07806274044321722,16,-0.5223624035657847,16,-0.768869242418812,16,-0.679599444402786,16
noisy,750,28,7,-0.5591399302932091,16,-0.004680438038015963,16,-0.483376527702707,16,-0.758063412540666,16,-0.831577616054556,16
noisy,750,28,8,-0.24967663641201926,16,-0.050679727662508056,16,-0.2501360051481338,16,-0.7341220095374694,16,-0.8880457025252021,16
noisy,750,28,9,-0.28668086419458644,16,-0.09172609464049064,16,-0.2961725222607985,16,-0.6353534417922944,16,-0.6602875595473261,16
noisy,750,28,10,-0.4199588099060658,16,-0.0980468962096375,16,-0.5152513117081057,16,-0.6683151572067165,16,-0.5906243905382675,16
noisy,750,28,11,-0.45940946496483637,16,-0.003297388661602748,16,-0.1151386856943213,16,-0.6882676247861179,16,-0.7235151036318919,16
noisy,750,29,0,-0.12447068068523677,16,-0.07757908888107694,16,-0.4716683741673643,16,-0.9060655810238906,16,-0.6497635152665626,16
noisy,750,29,1,-0.6883804395049683,16,-0.010636222819679183,16,-0.4817685013718101,16,-0.6615307510741268,16,-0.6652546623028522,16
noisy,750,29,2,-0.11073227362229382,16,-0.007534255545691842,16,-0.2662819900520809,16,-0.8800295980249617,16,-0.6458986488615087,16
noisy,750,29,3,-0.5518698003871965,16,-0.0397789623961243,16,-0.4735678912384597,16,-0.5913872561940515,16,-0.5442805758727299,16
noisy,750,29,4,-0.9022713662474895,16,-0.022622370748190325,16,-0.7855926182200722,16,-0.71869397085937,16,-0.6628902414221878,16
noisy,750,29,5,-0.14435093684887637,16,-0.03468922044004806,16,-0.21762080842145964,16,-0.5997768326625246,16,-0.7665034698700891,16
noisy,750,29,6,-0.3833454536686429,16,-0.004644015890932208,16,-0.46241117636688656,16,-0.4735299115286269,16,-0.5775369465641058,16
noisy,750,29,7,-0.4396833325694601,16,-0.09044756478845686,16,-0.4496382538917717,16,-0.8383383476053072,16,-0.7370849930678915,16
noisy,750,29,8,-0.5509810883598443,16,-0.0310698782747683,16,-0.37559922108339727,16,-0.5534814596220996,16,-0.6836223346610122,16
noisy,750,29,9,-0.28435717168594904,16,-0.011000436031682258,16,-0.28743798676066584,16,-0.9034472785714383,16,-0.6927647701831385,16
noisy,750,29,10,-0.36959901619785135,16,-0.0169762644928527,16,-0.5915906243833184,16,-0.9324038871737526,16,-0.6993287061660495,16
noisy,750,29,11,-0.5326552297228905,16,-0.17841066283094553,16,-0.8343068324759675,16,-0.7265308650559127,16,-0.7485147274000126,16
noisy,1000,0,0,0.0,16,0.0,16,0.0,16,0.0,16,0.0,16
noisy,1000,0,1,0.0,16,0.0,16,0.0,16,0.0,16,0.0,16
noisy,1000,0,2,0.0,16,0.0,16,0.0,16,0.0,16,0.0,16
noisy,1000,0,3,0.0,16,0.0,16,0.0,16,0.0,16,0.0,16
noisy,1000,0,4,0.0,16,0.0,16,0.0,16,0.0,16,0.0,16
noisy,1000,0,5,0.0,16,0.0,16,0.0,16,0.0,16,0.0,16
noisy,1000,0,6,0.0,16,0.0,16,0.0,16,0.0,16,0.0,16
noisy,1000,0,7,0.0,16,0.0,16,0.0,16,0.0,16,0.0,16
noisy,1000,0,8,0.0,16,0.0,16,0.0,16,0.0,16,0.0,16
noisy,1000,0,9,0.0,16,0.0,16,0.0,16,0.0,16,0.0,16
noisy,1000,0,10,0.0,16,0.0,16,0.0,16,0.0,16,0.0,16
noisy,1000,0,11,0.0,16,0.0,16,0.0,16,0.0,16,0.0,16
noisy,1000,1,0,-0.5627991131288443,16,-0.3011589324284011,16,-0.5947645367661784,16,-0.3705964119990615,16,-0.47512097128800945,16
noisy,1000,1,1,-0.5173495837962165,16,-0.1492264111280774,16,-0.6166946862778104,16,-0.4234392242333273,16,-0.5145879484646263,16
noisy,1000,1,2,-1.0224521807299305,16,-0.30189611405898215,16,-0.8893844748674322,16,-0.4379191861556928,16,-0.413269138981165,16
noisy,1000,1,3,0.004765847654699543,16,-0.31348297963155075,16,-0.4706174596361719,16,-0.4299434577894901,16,-0.5536971832834323,16
noisy,1000,1,4,-0.49955619501420706,16,-0.18299850092768177,16,-0.7870692965127466,16,-0.48744503642918,16,-0.4759450940631126,16
noisy,1000,1,5,-0.4709777876091785,16,-0.0042593578600132334,16,-0.5069470771789135,16,-0.5015536300474837,16,-0.5142071566704014,16
noisy,1000,1,6,-0.8812983138637301,16,-0.04142022545669478,16,-1.0957392363672849,16,-0.49555141173063244,16,-0.413188811678464,16
noisy,1000,1,7,-0.7920866411913989,16,-0.1155017448612482,16,-0.5467811044851745,16,-0.3658926184968896,16,-0.6835488244869827,16
noisy,1000,1,8,-0.8238243396084508,16,-0.6416210465435166,16,-1.1462887595596796,16,-0.36753570135623714,16,-0.5089909970248507,16
noisy,1000,1,9,-0.3194904440547658,16,-0.38932601404903733,16,-0.8224515989159813,16,-0.44846960165038824,16,-0.5637501280589579,16
noisy,1000,1,10,-0.6072186259400274,16,-0.050152831506273955,16,-0.601896287127094,16,-0.2846269370270539,16,-0.6000270887060595,16
noisy,1000,1,11,-1.1468731126938763,16,-0.9876694862413782,16,-1.2090340581989445,16,-0.4976059587019664,16,-0.5435944861124187,16
noisy,1000,2,0,-0.3187821287164395,16,-0.3927502727868557,16,-1.0796773898432268,16,-0.34956658346856406,16,-0.36438315335516586,16
noisy,1000,2,1,-0.34518168585742404,16,-0.12393128737324678,16,-0.29210220672216425,16,-0.29551425796032454,16,-0.4215928264396991,16
noisy,1000,2,2,-0.482471204401015,16,-0.18449005146910497,16,-0.5704107944936961,16,-0.2436417814882838,16,-0.629277558793365,16
noisy,1000,2,3,-0.4455146843053294,16,-0.13020076260342112,16,0.15403490872190437,16,-0.3350780305384029,16,-0.3016624451990385,16
noisy,1000,2,4,-0.0535964277512616,16,-0.06401620236432769,16,-0.08089571725650221,16,-0.3115739673330612,16,-0.42890698043024184,16
noisy,1000,2,5,-0.7350437301312734,16,-0.17289205881498404,16,-0.8205975434828681,16,-0.586746248494643,16,-0.48790319917275793,16
noisy,1000,2,6,-0.33469778083350077,16,-0.061654082742662764,16,-0.3346931702210555,16,-0.321283827876657,16,-0.4284703891938031,16
noisy,1000,2,7,-0.32085434116078215,16,-0.7521767574502817,16,-0.32897884304501573,16,-0.357885644713182,16,-0.4857333049061068,16
noisy,1000,2,8,-0.6470690672659931,16,-1.3570372462929758,16,-1.1257994853251005,16,-0.2185201043644623,16,-0.6706259327492226,16
noisy,1000,2,9,-0.4794167687522325,16,-0.08657373171608276,16,-0.37139733085327264,16,-0.5309328304227282,16,-0.43649740434338963,16
noisy,1000,2,10,-0.36680747242638156,16,-0.31977214578035673,16,-0.5768469169896241,16,-0.3724231020432118,16,-0.43129263364428355,16
noisy,1000,2,11,-0.5172263325512128,16,-0.9741149516895571,16,-0.9049043624247873,16,-0.30931823543538395,16,-0.31382167029129426,16
noisy,1000,3,0,-1.0260828976084027,16,-0.48429504098047554,16,-0.334676304540244,16,-0.33042234584119745,16,-0.4043468466637289,16
noisy,1000,3,1,-0.14837453943983026,16,-0.18946885504999122,16,-0.542548095733207,16,-0.43569030879368054,16,-0.22744754480623988,16
noisy,1000,3,2,-0.2578359397471859,16,-0.21992309566662005,16,-0.2959214667864687,16,-0.2383351140795898,16,-0.28400782751320264,16
noisy,1000,3,3,-0.48051001852816766,16,-0.10107516276952774,16,-0.47442017103879697,16,-0.05196532433598945,16,-0.35626485992531676,16
noisy,1000,3,4,-0.1415074226700651,16,-0.08033995339283574,16,-0.15988107507710733,16,-0.3622274830689153,16,-0.35521528369577504,16
noisy,1000,3,5,-0.32934986938505006,16,-0.3400820625173926,16,-1.0266534665409885,16,-0.2541639675923537,16,-0.332662481044125,16
noisy,1000,3,6,-0.40803510636212204,16,-0.19831635871491163,16,-0.43381317830316646,16,-0.305853736189701,16,-0.20212493745113214,16
noisy,1000,3,7,0.004371307794900102,16,-0.07326474863842623,16,-0.24967814124243906,16,-0.3025118694846474,16,-0.24695224012166211,16
noisy,1000,3,8,-0.11381506390734158,16,-0.05821170659071984,16,-0.20437274638027086,16,-0.25169109857464345,16,-0.1350268909445279,16
noisy,1000,3,9,-0.4990364407853799,16,-0.18414576530775592,16,-0.44810323942881064,16,-0.22770287439571957,16,-0.22416505340793808,16
noisy,1000,3,10,-0.25843302436847143,16,-0.05183232243461516,16,-0.4393834501244427,16,-0.2091922427218167,16,-0.2144688701355201,16
noisy,1000,3,11,-0.0987722470701822,16,-0.037149179377219774,16,-0.3118682580048719,16,-0.2207689902286164,16,-0.18087766142748515,16
noisy,1000,4,0,-0.812984259250211,16,-0.43856894179232575,16,-0.9536537041895974,16,-0.2543850871269282,16,-0.326214779567334,16
noisy,1000,4,1,-0.214092931498151,16,-0.1490063707578595,16,-0.2922891164792675,16,-0.1608719560248395,16,-0.2967294714333989,16
noisy,1000,4,2,-0.11131867749054172,16,-0.3505908540389372,16,-0.5368537102821103,16,-0.1867374155342909,16,-0.16272465831963928,16
noisy,1000,4,3,-0.18927041841843256,16,-0.098580840535895,16,0.028006837552135892,16,-0.3075949550927519,16,-0.2336071792480099,16
noisy,1000,4,4,-0.46779456206943604,16,-0.4800722820661355,16,-0.5378043072082437,16,-0.2963315556977867,16,-0.34961638107301374,16
noisy,1000,4,5,0.02914395071303697,16,-0.26608541714176076,16,-0.35044329140705055,16,-0.30192750851291594,16,-0.20435001778161974,16
noisy,1000,4,6,-0.36345060709206967,16,-0.09591847991634203,16,-0.6012067845003134,16,-0.22288289143999765,16,-0.09451885605116594,16
noisy,1000,4,7,-0.26362239925890874,16,-0.0924793017108997,16,-0.715235596755609,16,-0.1602311000288258,16,-0.2525720564411824,16
noisy,1000,4,8,-0.23210128362378363,16,-0.05051537971476849,16,-0.22832722464025057,16,-0.18422619236013027,16,-0.19460609323884154,16
noisy,1000,4,9,-0.16576519693695613,16,-0.12246856270565358,16,-0.23649251442140595,16,-0.36644909245833945,16,-0.2594668862940798,16
noisy,1000,4,10,-0.2037730815060963,16,-0.08175648793660281,16,-0.39697040533445904,16,-0.2503427596299802,16,-0.19407641761053684,16
noisy,1000,4,11,-0.10082986448429167,16,-0.1584913449672651,16,-0.33043831345941355,16,-0.22436384934216363,16,-0.21054685323457611,16
noisy,1000,5,0,-0.3157541541597476,16,-0.08734866497531346,16,-0.3112539383968258,16,-0.19633990354307562,16,-0.1713714539811089,16
noisy,1000,5,1,-0.093756581290211,16,-0.1040472413155225,16,-0.366958718030813,16,-0.23675303968275904,16,-0.19796196259537147,16
noisy,1000,5,2,-0.13838734255926577,16,-0.13093214174665013,16,-0.09504425059839858,16,-0.2837551931865181,16,-0.25083651223863557,16
noisy,1000,5,3,-0.3173202657532873,16,-0.029884266758453057,16,-0.34642284413907065,16,-0.2990833368526861,16,-0.30313459417361743,16
noisy,1000,5,4,-0.2852530116751477,16,-0.2510494803073888,16,-0.6239634838834147,16,-0.2789692366890557,16,-0.2844772058975193,16
noisy,1000,5,5,-0.2752142644436804,16,-0.0808198660747386,16,-0.16690913175768018,16,-0.3172489392371193,16,-0.26979149746426834,16
noisy,1000,5,6,-0.26268827789081584,16,-0.13368034783243782,16,-0.46269256987542096,16,-0.22559877483613505,16,-0.17278741297887712,16
noisy,1000,5,7,-0.272315084599012,16,-0.053361297480290164,16,-0.46658443756288803,16,-0.26357358405952674,16,-0.2212444076289112,16
noisy,1000,5,8,-0.09075031836782135,16,-0.13045673960584497,16,-0.466831511576232,16,-0.1733557136512499,16,-0.16277582495455595,16
noisy,1000,5,9,-0.5766612630837106,16,-0.10398117819684352,16,-0.423823431659401,16,-0.22576835703653936,16,-0.3350360942741649,16
noisy,1000,5,10,-0.1948028755679464,16,-0.0294129915826402,16,-0.051135606218543544,16,-0.3435233945712839,16,-0.18069233897517334,16
noisy,1000,5,11,-0.17596473985616898,16,-0.15807511508246883,16,-0.12977500620341523,16,-0.2120527836916853,16,-0.10514799850630771,16
noisy,1000,6,0,-0.326890657772776,16,-0.1681886420854391,16,-0.4178428731378053,16,-0.32971099826213796,16,-0.32551254848968786,16
noisy,1000,6,1,-0.17967299956738964,16,-0.05623256498932937,16,-0.3863561309694974,16,-0.36724623089096897,16,-0.1481790008561807,16
noisy,1000,6,2,-0.5406939844656857,16,-0.14960152735368704,16,-0.4290559428363694,16,-0.205604652496493,16,-0.07081160009446265,16
noisy,1000,6,3,-0.2105340466582455,16,-0.08037392764749363,16,-0.23549622530116254,16,-0.2744246201579612,16,-0.18089695596099536,16
noisy,1000,6,4,-0.0633146279172795,16,-0.09910997191953352,16,-0.20978711980906695,16,-0.18507070645369494,16,-0.2920717459071674,16
noisy,1000,6,5,-0.298460249494257,16,-0.02411757477551115,16,-0.16085250517324481,16,-0.24049964243924593,16,-0.2066175479434986,16
noisy,1000,6,6,-0.3150401697848911,16,-0.055284589575175166,16,-0.24103244511508518,16,-0.2983826543721219,16,-0.3235946897736003,16
noisy,1000,6,7,-0.08492644993165105,16,-0.12009527718467741,16,-0.33869428337420815,16,-0.2685096925947117,16,-0.2723131695172249,16
noisy,1000,6,8,0.08850149008219577,16,-0.08660642071389346,16,-0.2902719415121085,16,-0.16849820487526332,16,-0.19658465499228017,16
noisy,1000,6,9,-0.15118744630981365,16,-0.18357773217346934,16,-0.4609045337262244,16,-0.24547175092614187,16,-0.37714732023312414,16
noisy,1000,6,10,-0.22236019619121064,16,-0.07324578701888759,16,-0.4073118690643546,16,-0.22461537363690512,16,-0.2613117440693309,16
noisy,1000,6,11,0.043756478202429845,16,-0.025715505027129756,16,0.04144523900940456,16,-0.21914140168350887,16,-0.04985778328078419,16
noisy,1000,7,0,-0.2756499823410602,16,-0.34414831325894835,16,-0.3237409538940499,16,-0.382557837288132,16,-0.2212890566250767,16
noisy,1000,7,1,-0.1893002417395623,16,-0.07993190053578103,16,-0.29065609873678266,16,-0.5779135349637041,16,-0.3828682887812264,16
noisy,1000,7,2,-0.23279890612817788,16,-0.08573212815674192,16,-0.2893609274847419,16,-0.36309201393082025,16,-0.1914224165036353,16
noisy,1000,7,3,-0.25720895143918104,16,-0.34997117280761386,16,-0.6912397502699159,16,-0.30805260401488804,16,-0.2801716918858398,16
noisy,1000,7,4,-0.5111664672623109,16,-0.3126275476657607,16,-0.5468079551933888,16,-0.28209598097733646,16,-0.30024769544139446,16
noisy,1000,7,5,-0.5439451361399354,16,-0.18226540681796166,16,-0.3815862636309343,16,-0.33811666629572845,16,-0.2226705026888704,16
noisy,1000,7,6,-0.31133362113724383,16,-0.19814616480000358,16,-0.12706926171219513,16,-0.35599666513120976,16,-0.3608593130190734,16
noisy,1000,7,7,-0.6206377718449583,16,-0.22583181893677282,16,-0.8469555704292895,16,-0.33268283347167876,16,-0.3491075494109086,16
noisy,1000,7,8,-0.34564012060499205,16,-0.11353884261778024,16,-0.06715774873276757,16,-0.3642413876529563,16,-0.20703222898583457,16
noisy,1000,7,9,-0.13611300588599096,16,-0.07161354676550004,16,-0.2020949822153689,16,-0.3732571775329578,16,-0.2901697850269723,16
noisy,1000,7,10,-0.28168147054706044,16,-0.05630750549180727,16,-0.07736666553963681,16,-0.411097004578199,16,-0.3197612673712639,16
noisy,1000,7,11,-0.48819525870717356,16,-0.05438612446249905,16,-0.2639503623338975,16,-0.3983198641946438,16,-0.31810543999381324,16
noisy,1000,8,0,-0.40390425205597025,16,-0.28826691954103656,16,-0.14916477825381563,16,-0.497562364499304,16,-0.5212415618541757,16
noisy,1000,8,1,-0.5842808125603662,16,-0.34680802542295164,16,-0.6859315384818945,16,-0.49676827439388527,16,-0.509547332500403,16
noisy,1000,8,2,-0.4987536090137131,16,-0.23439720387506038,16,-0.4596421005508878,16,-0.5406359626655699,16,-0.43386060163502804,16
noisy,1000,8,3,-0.36760640607526507,16,-0.3172733620331496,16,-0.4468304369289155,16,-0.4922911719583918,16,-0.5089770681509583,16
noisy,1000,8,4,-0.9909012339980174,16,-0.7681452675796567,16,-0.9683748687697842,16,-0.4767602750841481,16,-0.5786966000115914,16
noisy,1000,8,5,-0.38038150034346496,16,-0.36489296759048606,16,-0.141096409272498,16,-0.5673211770352001,16,-0.46476974008168725,16
noisy,1000,8,6,-0.580046102782138,16,-0.14671728837754228,16,-0.4238596767069368,16,-0.6127537245345509,16,-0.5056076929285334,16
noisy,1000,8,7,-0.5847894346624094,16,-0.15919141401364822,16,-0.33243932090499606,16,-0.4141403971452607,16,-0.48786085697919307,16
noisy,1000,8,8,-0.34981169560237413,16,-0.22505753400397166,16,-0.3903050000160039,16,-0.5915111543403936,16,-0.41838129504860805,16
noisy,1000,8,9,-0.48284614507761137,16,-0.17453042451701256,16,-0.3620628892020259,16,-0.6144657062311839,16,-0.41691067239703206,16
noisy,1000,8,10,-0.7676075738093794,16,-0.4250941586096223,16,-0.7545817851776726,16,-0.5130937423170407,16,-0.5336900211326459,16
noisy,1000,8,11,-0.6130054191533982,16,-0.32922665763991216,16,-0.38358069920067894,16,-0.49329497205453376,16,-0.48674073545933466,16
noisy,1000,9,0,-0.6058703438954295,16,-0.2894482677561402,16,-0.5844031521362021,16,-0.46515349025578817,16,-0.5027283623908922,16
noisy,1000,9,1,-0.4654063548966395,16,-0.2527612020623907,16,-0.45857736882167155,16,-0.41236051624138254,16,-0.4323639391785485,16
noisy,1000,9,2,-0.247032923677602,16,-0.37921905549578405,16,-0.41503465120979205,16,-0.5970532275931444,16,-0.42074897719310717,16
noisy,1000,9,3,-0.13350840503743383,16,-0.5390592432736274,16,-0.679376269695967,16,-0.5558103125291292,16,-0.6373712627300919,16
noisy,1000,9,4,-0.46441136706917574,16,-0.31879179453376894,16,-0.4477567986384159,16,-0.49223367137500873,16,-0.45620652068595163,16
noisy,1000,9,5,-0.39479948251923414,16,-0.13973270742708502,16,-0.46133315287008636,16,-0.6226900244601032,16,-0.45303846715123797,16
noisy,1000,9,6,-0.18115233817209633,16,-0.44317989429751115,16,-0.4919051020866591,16,-0.6736079328375926,16,-0.5226850395911657,16
noisy,1000,9,7,-0.20969300272765423,16,-0.12704887183675448,16,-0.30035849678599175,16,-0.4679534346063612,16,-0.3904054973305703,16
noisy,1000,9,8,-0.4773595590836082,16,-0.5165179175329285,16,-0.5220433503009065,16,-0.47727944435062236,16,-0.4358659025222026,16
noisy,1000,9,9,-0.44980112204032235,16,-0.09416312949291147,16,-0.3818871481448336,16,-0.5406432685141451,16,-0.3724211061615803,16
noisy,1000,9,10,-0.5096328334462205,16,-0.18821007236575543,16,-0.48959246999410466,16,-0.4475783710633398,16,-0.5548093587373968,16
noisy,1000,9,11,-0.32515611338490125,16,-0.41467684425752194,16,-0.5133774921619991,16,-0.55372947360942,16,-0.5479121253040085,16
noisy,1000,10,0,-0.4214058749988991,16,-0.3805412470364695,16,-0.2735489875713382,16,-0.3803248810676494,16,-0.37839126523699096,16
noisy,1000,10,1,-0.29816457599058255,16,-0.4898546361266839,16,-0.33275702855887074,16,-0.5030376131313293,16,-0.4816785453743931,16
noisy,1000,10,2,-0.3446821668778495,16,-0.384363260951758,16,-0.433914058982905,16,-0.4835953422815735,16,-0.4143864175850016,16
noisy,1000,10,3,-0.39802449944645824,16,-0.47413367581118326,16,-0.6471018942709684,16,-0.32956217644943114,16,-0.3575115973112785,16
noisy,1000,10,4,-0.2790195583043552,16,-0.24489693074058388,16,-0.265113043187613,16,-0.45507085200853903,16,-0.39644609862100866,16
noisy,1000,10,5,-0.38611908064416745,16,-0.4167847457473075,16,-0.3216621824102512,16,-0.5062330578729475,16,-0.4210527079866365,16
noisy,1000,10,6,-0.44022794646277585,16,-0.29846050861209444,16,-0.6837913126862741,16,-0.373333040254311,16,-0.5103863580867521,16
noisy,1000,10,7,-0.4226192070975888,16,-0.14088152478156782,16,-0.4430771378537638,16,-0.4642441611796373,16,-0.45791830856396787,16
noisy,1000,10,8,-0.4887607321138398,16,-0.17944200669385327,16,-0.2774239779449953,16,-0.40972374050972954,16,-0.3459284785853726,16
noisy,1000,10,9,-0.48513792501767605,16,-0.23383058089571312,16,-0.5802219911307466,16,-0.49242405505125125,16,-0.38548876532410403,16
noisy,1000,10,10,-0.3826195472379466,16,-0.48951151427476136,16,-0.5109509072773426,16,-0.43505774225462146,16,-0.3937502806954106,16
noisy,1000,10,11,-0.5157911352438239,16,-0.14978793433125864,16,-0.17246415958595174,16,-0.3414183075759773,16,-0.5253928358983453,16
noisy,1000,11,0,-0.578179996485063,16,-0.31745965687115074,16,-0.34886219070488556,16,-0.5431724764073862,16,-0.41798254871301843,16
noisy,1000,11,1,-0.36081567524696834,16,-0.40528561996004225,16,-0.36139234310885476,16,-0.5396777890564975,16,-0.42645840801598556,16
noisy,1000,11,2,-0.38826271618167474,16,-0.3023496037133346,16,-0.4459920528624286,16,-0.2876063995449682,16,-0.3750536037446721,16
noisy,1000,11,3,-0.33828105851881235,16,-0.29670164774477376,16,-0.3327380693915452,16,-0.346759628940261,16,-0.4441549652405125,16
noisy,1000,11,4,-0.21387816857383857,16,-0.21247462020710833,16,-0.3923144681528947,16,-0.3718131509489737,16,-0.36399347514569613,16
noisy,1000,11,5,-0.5645912145786653,16,-0.34067628199945554,16,-0.3520577751341091,16,-0.5114462903323744,16,-0.42584465726756016,16
noisy,1000,11,6,-0.36374162973186785,16,-0.35892406818613193,16,-0.49545412108944964,16,-0.3850224207860636,16,-0.37999170490999973,16
noisy,1000,11,7,-0.44643739120930465,16,-0.2632889801602329,16,-0.327029864074858,16,-0.5369495483555368,16,-0.4582703579964776,16
noisy,1000,11,8,-0.5328886410047513,16,-0.19913953719041633,16,-0.25007828784542163,16,-0.40195635717087724,16,-0.4017141183640596,16
noisy,1000,11,9,-0.25348044092534483,16,-0.14803840484975836,16,-0.23255393270931118,16,-0.28493577531847236,16,-0.2984940017228646,16
noisy,1000,11,10,-0.36304559898915467,16,-0.2982934847377766,16,-0.34956397369457043,16,-0.4304470274522882,16,-0.4866018207549053,16
noisy,1000,11,11,-0.41262296457150305,16,-0.3554261560368324,16,-0.3971805597745186,16,-0.38749217482566806,16,-0.46477461671634945,16
noisy,1000,12,0,-0.2037915732988448,16,-0.1640453517254573,16,-0.3539405268491138,16,-0.30449318960095273,16,-0.3520313880580452,16
noisy,1000,12,1,-0.3462219118668174,16,-0.3353372550747922,16,-0.25535348651358414,16,-0.3852942890232499,16,-0.4405867306524995,16
noisy,1000,12,2,-0.48243142358346125,16,-0.2937774720771522,16,-0.09864125636466065,16,-0.38566786576693934,16,-0.22556165130619776,16
noisy,1000,12,3,-0.3407597087331852,16,-0.21982689911029474,16,-0.21720699572608554,16,-0.31703821522354214,16,-0.42336470252132097,16
noisy,1000,12,4,-0.17806975031281758,16,-0.2655971719329612,16,-0.2969115768609498,16,-0.1590274807010967,16,-0.20962442927659342,16
noisy,1000,12,5,-0.24125615905635156,16,-0.17658266899910705,16,-0.5411931988733896,16,-0.3128512550390893,16,-0.26804101590647617,16
noisy,1000,12,6,-0.24610567626203833,16,-0.17637590520435503,16,-0.29820429561386996,16,-0.2887383425051988,16,-0.3020099542256147,16
noisy,1000,12,7,0.0017432883326782105,16,-0.2646375114082641,16,-0.49186517008139335,16,-0.389385701181457,16,-0.3486839731368926,16
noisy,1000,12,8,-0.4115201532819893,16,-0.1737257852964081,16,-0.25384622153965686,16,-0.4154799578085853,16,-0.414512287785513,16
noisy,1000,12,9,-0.4264802710463369,16,-0.3339728104000111,16,-0.42831016115837356,16,-0.5142526376256811,16,-0.26094974050074365,16
noisy,1000,12,10,-0.3574884703822475,16,-0.12157167972756222,16,-0.18172222401064997,16,-0.42976370363250904,16,-0.3122890702436718,16
noisy,1000,12,11,-0.41488556339107746,16,-0.1807913179957353,16,-0.3319394634084059,16,-0.32976359717830994,16,-0.3610560080506404,16
noisy,1000,13,0,-0.4389860874832557,16,-0.36214405073249945,16,-0.22312101354189298,16,-0.35392442807474306,16,-0.47111610655907693,16
noisy,1000,13,1,-0.3322900414772368,16,-0.36483856602166886,16,-0.3859672985975334,16,-0.41233337135925563,16,-0.36624239034127015,16
noisy,1000,13,2,-0.28159862479875564,16,-0.362160163091889,16,-0.1327236245361372,16,-0.3964917855974027,16,-0.4322360036624592,16
noisy,1000,13,3,-0.3294373442327777,16,-0.23774324093808918,16,-0.1778074798536662,16,-0.35368100532635477,16,-0.41972111449652316,16
noisy,1000,13,4,-0.2672880560148464,16,-0.2693300573727072,16,-0.325645111770358,16,-0.3909231986718154,16,-0.1857411062898749,16
noisy,1000,13,5,-0.4027058482300769,16,-0.41618400296374414,16,-0.4431026119450313,16,-0.4797663333351422,16,-0.4608795888450169,16
noisy,1000,13,6,-0.28763227007015746,16,-0.16656021314168415,16,-0.3287835584505992,16,-0.2819384229064767,16,-0.3105837919787877,16
noisy,1000,13,7,-0.4744805928682619,16,-0.36946920365965946,16,-0.41206169319135666,16,-0.4603121743249511,16,-0.25444107946064776,16
noisy,1000,13,8,-0.30250467253948515,16,-0.32421938870546985,16,-0.3443097870171423,16,-0.34869035930309034,16,-0.32546208461095705,16
noisy,1000,13,9,-0.4066358028518974,16,-0.38099747487761393,16,-0.4665515066947405,16,-0.38814219515103265,16,-0.3792150870630192,16
noisy,1000,13,10,-0.37902190226382004,16,-0.3303937565952217,16,-0.23251927772672776,16,-0.2929904465595386,16,-0.3215482316428181,16
noisy,1000,13,11,-0.3055118470753263,16,-0.2180895775738928,16,-0.47641922363827083,16,-0.3536063335613657,16,-0.34038474797938256,16
noisy,1000,14,0,-0.4738269299292886,16,-0.28362194162031523,16,-0.29673729505336816,16,-0.34019696907883784,16,-0.3648505994544936,16
noisy,1000,14,1,-0.27061773769564634,16,-0.42273423631240914,16,-0.46485088723222856,16,-0.2958496855879087,16,-0.36857854076808194,16
noisy,1000,14,2,-0.344861284373878,16,-0.3874061958339222,16,-0.2789113577138006,16,-0.3064397812300843,16,-0.3852171199195845,16
noisy,1000,14,3,-0.13184612156162395,16,-0.33774736098451286,16,-0.3648724213943607,16,-0.37742512356814717,16,-0.25393351820749105,16
noisy,1000,14,4,-0.3274189328581797,16,-0.27147215446863265,16,-0.5894249306729822,16,-0.30079805890881084,16,-0.3560571668670354,16
noisy,1000,14,5,-0.2213903092534763,16,-0.22390991933025373,16,-0.07022119161124657,16,-0.39550120150180146,16,-0.3159260010076137,16
noisy,1000,14,6,-0.25360456103869744,16,-0.20334889863102276,16,-0.29520393891923474,16,-0.3735421123094954,16,-0.2075584282552585,16
noisy,1000,14,7,-0.3686314532909334,16,-0.199346799826298,16,-0.21672469961880922,16,-0.37171140025039284,16,-0.21617602144622305,16
noisy,1000,14,8,-0.04141541520597473,16,-0.2495777981595559,16,-0.37469469095489194,16,-0.3042876035932073,16,-0.22847590814354146,16
noisy,1000,14,9,-0.3686447597996575,16,-0.22703338161337452,16,-0.2364110130968642,16,-0.4046574233225551,16,-0.3689487572589968,16
noisy,1000,14,10,-0.29495022572143315,16,-0.2733647657654319,16,-0.2892288804239338,16,-0.4101091651665211,16,-0.3516238506727577,16
noisy,1000,14,11,-0.2238816666763169,16,-0.3253273593337697,16,-0.27180765021269515,16,-0.32118301171606245,16,-0.387242225961693,16
noisy,1000,15,0,-0.3852519830403326,16,-0.32201152600010596,16,-0.16642074247572947,16,-0.39644615848905834,16,-0.3699385970414481,16
noisy,1000,15,1,-0.1410559258674836,16,-0.5641518794207154,16,-0.4978425922179165,16,-0.23274703866542693,16,-0.4320864544354752,16
noisy,1000,15,2,-0.3404204177849239,16,-0.5544041799397912,16,-0.4171601141164031,16,-0.3663112107297519,16,-0.3887432794320749,16
noisy,1000,15,3,-0.291794262957185,16,-0.3588477740212831,16,-0.2872819971424495,16,-0.46504714457956947,16,-0.3640272157134882,16
noisy,1000,15,4,-0.24314651834134343,16,-0.3439458099514826,16,-0.3968077398680504,16,-0.49049597757813274,16,-0.41792689176374764,16
noisy,1000,15,5,-0.3782954478925086,16,-0.2698966417198822,16,-0.3818243980096725,16,-0.32206217009092397,16,-0.2206488324678017,16
noisy,1000,15,6,-0.07180789648909106,16,-0.2438378608435885,16,-0.23061375172457965,16,-0.20448061646714608,16,-0.2745256247150495,16
noisy,1000,15,7,-0.2131332627335106,16,-0.48006272543803347,16,-0.2915582259508621,16,-0.2710100575749879,16,-0.33308359238522833,16
noisy,1000,15,8,-0.26189076327559985,16,-0.1568771541428809,16,-0.2911201619533539,16,-0.3326220652368574,16,-0.37097383766268843,16
noisy,1000,15,9,-0.2582467260065391,16,-0.21040904074320121,16,-0.26649845531175825,16,-0.19991155458620302,16,-0.3550100266833077,16
noisy,1000,15,10,-0.3268218535157853,16,-0.2461942947795731,16,-0.34620927292975767,16,-0.3315392247906666,16,-0.3731960526221642,16
noisy,1000,15,11,-0.4686358225585759,16,-0.3469766588392883,16,-0.3790942282408751,16,-0.4179144243815993,16,-0.4453475758555888,16
noisy,1000,16,0,-0.13129408413865606,16,-0.35693672601264365,16,-0.42990671739211395,16,-0.4946562861097171,16,-0.3682527658997776,16
noisy,1000,16,1,-0.40979657884350107,16,-0.4170068072423817,16,-0.25622003746548194,16,-0.4666808748977657,16,-0.44362264408207797,16
noisy,1000,16,2,-0.3008998176938593,16,-0.28318749046089897,16,-0.4658041283992497,16,-0.5116224913649616,16,-0.355415191987666,16
noisy,1000,16,3,-0.248717293694791,16,-0.2655314334357895,16,-0.18755536961292635,16,-0.38733480056583774,16,-0.34153960302805714,16
noisy,1000,16,4,-0.3782183673154196,16,-0.31319154097172697,16,-0.4664391636839144,16,-0.38299284231485875,16,-0.38670358773240227,16
noisy,1000,16,5,-0.39267755291163764,16,-0.39977599016831283,16,-0.35666310721388583,16,-0.4723453182306404,16,-0.3602025451917585,16
noisy,1000,16,6,-0.40561076929012757,16,-0.15892237367349965,16,-0.32657209168037105,16,-0.3710886120938537,16,-0.38248185318916095,16
noisy,1000,16,7,-0.21851350849547949,16,-0.41827400426164857,16,-0.2684436007644514,16,-0.35335471321448575,16,-0.3502892051576003,16
noisy,1000,16,8,-0.49420866145958714,16,-0.1967199721413303,16,-0.2321249193779545,16,-0.48050674949858463,16,-0.41137093392091434,16
noisy,1000,16,9,-0.6790167879519626,16,-0.2407669246378271,16,-0.26297926558473295,16,-0.36548887967666505,16,-0.3331611804413984,16
noisy,1000,16,10,-0.27406948829630967,16,-0.41555857508980243,16,-0.22726129350941954,16,-0.30719509461406413,16,-0.3634142241701453,16
noisy,1000,16,11,-0.3617838776319035,16,-0.2697597026078102,16,-0.2187449442693048,16,-0.4173058046679114,16,-0.35392540202135714,16
noisy,1000,17,0,-0.27166764531087173,16,-0.3510717384827094,16,-0.2759974194357374,16,-0.38427198266410756,16,-0.4090696414839112,16
noisy,1000,17,1,-0.27514678023702804,16,-0.17506182952567811,16,-0.24881601328325603,16,-0.5610639795473037,16,-0.34324610268413824,16
noisy,1000,17,2,-0.49673731573776325,16,-0.11133837344619969,16,-0.24002995402944183,16,-0.29305242183073765,16,-0.4356791954409249,16
noisy,1000,17,3,-0.23487045345829688,16,-0.16500464601259152,16,-0.3486169487898263,16,-0.5127757599132124,16,-0.37289575819276577,16
noisy,1000,17,4,-0.3668093077424207,16,-0.14331865179580333,16,-0.23910937930774734,16,-0.4929284081824576,16,-0.4225344540280585,16
noisy,1000,17,5,-0.1723794707064201,16,-0.183917029701201,16,-0.26878210980921524,16,-0.4837993378413719,16,-0.36559653219485494,16
noisy,1000,17,6,-0.263020748223572,16,-0.3414790847202103,16,-0.2849538694455944,16,-0.38109642063074967,16,-0.4254956622872119,16
noisy,1000,17,7,-0.34478645089294424,16,-0.3364272968679479,16,-0.42482596234900694,16,-0.38221732337149095,16,-0.35335313865234536,16
noisy,1000,17,8,-0.11095065020186229,16,-0.12194935070060231,16,-0.4883985029598328,16,-0.6023662711913456,16,-0.3990319082670545,16
noisy,1000,17,9,-0.5035175580405218,16,-0.4156573276774199,16,-0.1763637954703632,16,-0.43220445667295576,16,-0.31133651077906643,16
noisy,1000,17,10,-0.20475130267333816,16,-0.23306676234110632,16,-0.45586944825567516,16,-0.44389588497879773,16,-0.3573733748556584,16
noisy,1000,17,11,-0.4511114647286533,16,-0.2451775817499275,16,-0.26607091835728175,16,-0.4728221298153948,16,-0.4032484657734119,16
noisy,1000,18,0,-0.24281553316432666,16,-0.31988736700336595,16,-0.22171536355211904,16,-0.3616192592604186,16,-0.4004640608570877,16
noisy,1000,18,1,-0.3802462227124761,16,-0.381543291044763,16,-0.561378894252597,16,-0.35950359073151267,16,-0.401134807357336,16
noisy,1000,18,2,-0.24358816077607617,16,-0.36578366074162305,16,-0.37398364380299415,16,-0.6182650602964326,16,-0.39883933992359843,16
noisy,1000,18,3,-0.2887275065718954,16,-0.30777799274384937,16,-0.3583530931510211,16,-0.5363657693878802,16,-0.3217934664543476,16
noisy,1000,18,4,-0.426874553329438,16,-0.5024287870233397,16,-0.3571870030124245,16,-0.4183357762336708,16,-0.2296159500877928,16
noisy,1000,18,5,-0.36010570489320626,16,-0.33317164589272863,16,-0.35583639881690193,16,-0.3101117016049727,16,-0.4107046137952355,16
noisy,1000,18,6,-0.3065545643760019,16,-0.23705598551756935,16,-0.3194799871425207,16,-0.4709540166316984,16,-0.30269618860230607,16
noisy,1000,18,7,-0.28253853504557036,16,-0.32436578244063186,16,-0.4456245090788497,16,-0.24671167399843263,16,-0.2728297013819644,16
noisy,1000,18,8,-0.2437740334354877,16,-0.29577270546990697,16,-0.28727742024726827,16,-0.4688565313369366,16,-0.300062815822396,16
noisy,1000,18,9,-0.4320363893242585,16,-0.12124950693932823,16,-0.24797257208839868,16,-0.4645640142268119,16,-0.4980570883027339,16
noisy,1000,18,10,-0.48427007902860986,16,-0.30009698495526715,16,-0.3516943455013803,16,-0.28164701818693605,16,-0.3257505151411393,16
noisy,1000,18,11,-0.2901064408949097,16,-0.2854293984505155,16,-0.5268290156529375,16,-0.3237595503087395,16,-0.267741377945134,16
noisy,1000,19,0,-0.5057036847875176,16,-0.32656732669209815,16,-0.3835671321263059,16,-0.42786943405666633,16,-0.3342413838553788,16
noisy,1000,19,1,-0.325331842570339,16,-0.18855460352601244,16,-0.24007799798184803,16,-0.3896574205024987,16,-0.22663250321081063,16
noisy,1000,19,2,-0.2994716247350411,16,-0.14211794422493912,16,-0.27644390254970563,16,-0.39943707704019804,16,-0.33759695905564935,16
noisy,1000,19,3,-0.18771882458606134,16,-0.24264682543933105,16,-0.2937294210097571,16,-0.2893911982104398,16,-0.41051252463617605,16
noisy,1000,19,4,-0.2132643297934603,16,-0.14942527839297406,16,-0.405685503561932,16,-0.35629146916111204,16,-0.33119887101940243,16
noisy,1000,19,5,-0.5793804413557886,16,-0.19308724948020306,16,-0.44432497310424024,16,-0.3722439908085331,16,-0.5168255404181036,16
noisy,1000,19,6,-0.25494928717848664,16,-0.1434075739177936,16,-0.336803986493009,16,-0.42008067407687477,16,-0.37381944677447587,16
noisy,1000,19,7,-0.21126729673428546,16,-0.1484240641647897,16,-0.5378690562479208,16,-0.41650097337349823,16,-0.32311611496811127,16
noisy,1000,19,8,-0.3533037867468214,16,-0.04275167179248828,16,-0.3267164510521683,16,-0.5269587667060184,16,-0.46659949026540415,16
noisy,1000,19,9,-0.3840207587663139,16,-0.3080891376006176,16,-0.6644411675577395,16,-0.3107187154165522,16,-0.4976989921597162,16
noisy,1000,19,10,-0.2235635333073038,16,-0.15684013170912714,16,-0.015623581981287406,16,-0.49665911823202885,16,-0.38394373777288476,16
noisy,1000,19,11,-0.21196225117373643,16,-0.253688049836125,16,-0.27560349250790195,16,-0.38802306268494996,16,-0.3545688762482714,16
noisy,1000,20,0,-0.28139773776440413,16,-0.30151473345754753,16,-0.48323257578189094,16,-0.3992310083885855,16,-0.5084947438575624,16
noisy,1000,20,1,-0.4092059214076996,16,-0.5001135751568997,16,-0.5605858739412471,16,-0.5975705742333952,16,-0.5283978670384042,16
noisy,1000,20,2,-0.4274568862535435,16,-0.3185980017883875,16,-0.30369360502584986,16,-0.6663093263483878,16,-0.3391211075344758,16
noisy,1000,20,3,-0.48344183516945066,16,-0.3031541043577064,16,-0.6795826933867497,16,-0.4711419858172159,16,-0.6553230858612078,16
noisy,1000,20,4,-0.2727808225654157,16,-0.2869306217486822,16,-0.29792327191308265,16,-0.4677312558831392,16,-0.5339882631798246,16
noisy,1000,20,5,-0.6476420714906529,16,-0.7551116014891595,16,-0.7920627701556513,16,-0.5301763062938147,16,-0.6261004389665197,16
noisy,1000,20,6,-0.33694483819238435,16,-0.21498707489835506,16,-0.3943465404744094,16,-0.3655116018750276,16,-0.4155363029582503,16
noisy,1000,20,7,-0.40835681643262284,16,-0.36378123417818997,16,-1.0168389197941332,16,-0.4724793796709109,16,-0.5664617797256487,16
noisy,1000,20,8,-0.2608618486818307,16,-0.14336645914673507,16,-0.39980503372825443,16,-0.5154871532789769,16,-0.5772721082700574,16
noisy,1000,20,9,-0.33278342996713567,16,-0.14451280903580951,16,-0.46279224532956964,16,-0.622973504112494,16,-0.5524044286421712,16
noisy,1000,20,10,-0.4280296061996268,16,-0.23627680475480523,16,-0.4331995064711095,16,-0.4953572122105972,16,-0.4378998003591022,16
noisy,1000,20,11,-0.21809550647556386,16,-0.1552267394332082,16,-0.3211828816233423,16,-0.509142041072371,16,-0.42661113234618636,16
noisy,1000,21,0,-0.4600455843330146,16,-0.3229161222746486,16,-0.22697238543601345,16,-0.516279997089051,16,-0.5426845154951403,16
noisy,1000,21,1,-0.3682160194371173,16,-0.19001994674519757,16,-0.4361244341875141,16,-0.4752309593691027,16,-0.49839511017669436,16
noisy,1000,21,2,-0.26913287433206023,16,-0.2312207285227561,16,-0.25336891997873356,16,-0.5248951863976657,16,-0.5538796915723193,16
noisy,1000,21,3,-0.2894800988395389,16,-0.15243604604198163,16,-0.27198720396404963,16,-0.4595583694558248,16,-0.4665599541874278,16
noisy,1000,21,4,-0.42258656601353906,16,-0.191226485813215,16,-0.45164557682872847,16,-0.5233676278983095,16,-0.527894304080208,16
noisy,1000,21,5,-0.6087113488616313,16,-0.3025998020349568,16,-0.29550232754759387,16,-0.7663179548244552,16,-0.5670700532634113,16
noisy,1000,21,6,-0.4660843106361188,16,-0.28213061647867843,16,-0.42577590766983076,16,-0.4817400805966112,16,-0.39581222736189325,16
noisy,1000,21,7,-0.3841978391419322,16,-0.2487827687098621,16,-0.44563553285644486,16,-0.4788167529541596,16,-0.4335305331985615,16
noisy,1000,21,8,-0.2804623733827529,16,-0.11864300074445266,16,-0.38796811657336716,16,-0.5257748377381968,16,-0.714836991995,16
noisy,1000,21,9,-0.33737965506182954,16,-0.18562608426462657,16,-0.08802070742518017,16,-0.48344761975125444,16,-0.4505729842108799,16
noisy,1000,21,10,-0.3875520676799521,16,-0.13805667293058466,16,-0.015412223990095569,16,-0.5865460312761537,16,-0.4843433240373318,16
noisy,1000,21,11,-0.28049274797207174,16,-0.1994543413275845,16,-0.6384102824758562,16,-0.5907978097512483,16,-0.5985773061098603,16
noisy,1000,22,0,-0.3236492378895952,16,-0.36782477963314497,16,-0.4400558630632402,16,-0.3486839617313487,16,-0.5007793192683575,16
noisy,1000,22,1,-0.38722651309548184,16,-0.506301551651012,16,-0.5288896183109164,16,-0.5107644465614083,16,-0.5338611981607273,16
noisy,1000,22,2,-0.3449930638330898,16,-0.11939740395201362,16,-0.46246081582146925,16,-0.45554122262124813,16,-0.3890816380116315,16
noisy,1000,22,3,-0.3056889903339514,16,-0.16267357787475245,16,-0.12665291217761762,16,-0.38010388332743994,16,-0.44907387852110126,16
noisy,1000,22,4,-0.264790155162416,16,-0.3584459999538717,16,-0.5966580409776836,16,-0.3946521098078602,16,-0.5045950457660855,16
noisy,1000,22,5,-0.4301033115197846,16,-0.3893128379439141,16,-0.43879612137607277,16,-0.3871852636749804,16,-0.4788957178688277,16
noisy,1000,22,6,-0.4189113326953309,16,-0.2368493532743074,16,-0.3431335215194033,16,-0.46727808061293113,16,-0.5206690194061392,16
noisy,1000,22,7,-0.26461270526407465,16,-0.07168943698464716,16,-0.2263890437773708,16,-0.5808129700826811,16,-0.49872780442444214,16
noisy,1000,22,8,-0.09015605550544964,16,-0.1235203628298244,16,-0.37519107585385036,16,-0.3143874707023928,16,-0.4963865322042117,16
noisy,1000,22,9,-0.3131349609795523,16,-0.1811786178318977,16,-0.3083103603632738,16,-0.3141828974107722,16,-0.41219425085004946,16
noisy,1000,22,10,-0.4775999693390015,16,-0.310355584016757,16,-0.3124430264607339,16,-0.45728995875092016,16,-0.45776545458001894,16
noisy,1000,22,11,-0.2949819725933639,16,-0.16418725261838688,16,-0.3323150215596169,16,-0.4286530216728025,16,-0.3435229436860434,16
noisy,1000,23,0,-0.26711216205841126,16,-0.24667845045111136,16,-0.47957769825188795,16,-0.36994746354553437,16,-0.46297217738543495,16
noisy,1000,23,1,-0.42340360889405515,16,-0.20666680408039126,16,-0.18751061950236664,16,-0.43949181774170565,16,-0.4818983153576175,16
noisy,1000,23,2,-0.21792664813748314,16,-0.05993538791823801,16,-0.2730016484200431,16,-0.32078674362302434,16,-0.362630954197948,16
noisy,1000,23,3,-0.43520974062831974,16,-0.25492635932519087,16,-0.5086262091229945,16,-0.4457339812899444,16,-0.47441935823232784,16
noisy,1000,23,4,-0.28652950792940646,16,-0.4406996866067273,16,-0.4339886592013916,16,-0.2639274733317547,16,-0.32486531753328474,16
noisy,1000,23,5,-0.3233518934762684,16,-0.18638081460545464,16,-0.352737962043731,16,-0.2551912609649263,16,-0.4296923855478294,16
noisy,1000,23,6,-0.5334119336691332,16,-0.38569566385488807,16,-0.2665133711346732,16,-0.33740951267803687,16,-0.3718341800507091,16
noisy,1000,23,7,-0.17771738110627405,16,-0.09412400276098619,16,-0.3235512727634481,16,-0.41343549254947864,16,-0.3224324339848715,16
noisy,1000,23,8,-0.2990744814272434,16,-0.3858479382470977,16,-0.25287979362199253,16,-0.1161356457068773,16,-0.3368466373204959,16
noisy,1000,23,9,-0.3240665474389308,16,-0.24861709687207229,16,-0.36434780682990187,16,-0.3408185365981059,16,-0.43199275647035096,16
noisy,1000,23,10,-0.4393724843107844,16,-0.16268757263256128,16,-0.278077167911674,16,-0.4153121919961326,16,-0.38627436393043224,16
noisy,1000,23,11,-0.36272216948433356,16,-0.29556049703070464,16,-0.4761223775349571,16,-0.49930102310068114,16,-0.4690946634185193,16
noisy,1000,24,0,-0.2979637422425745,16,-0.07010787927748566,16,-0.27935007260484185,16,-0.35589146668156474,16,-0.3204996637857882,16
noisy,1000,24,1,-0.3449766736786879,16,-0.21175818979537958,16,-0.2657209176847278,16,-0.3471267589036582,16,-0.4320265641363607,16
noisy,1000,24,2,-0.5672627018610576,16,-0.17757032382861015,16,-0.3600289445761975,16,-0.34921483649067553,16,-0.41824705053456435,16
noisy,1000,24,3,-0.3264888236618033,16,-0.1327048693683495,16,-0.48939637617933907,16,-0.2932657032931585,16,-0.4525839436910247,16
noisy,1000,24,4,-0.32305181886007134,16,-0.12819640193761583,16,-0.577870458101096,16,-0.4201420049679261,16,-0.4144702931154549,16
noisy,1000,24,5,-0.32906184589823895,16,-0.13510104659396632,16,-0.39287070663726287,16,-0.33265987511609846,16,-0.4064838515343141,16
noisy,1000,24,6,-0.3591520381937453,16,-0.22945785374546634,16,-0.364569217936974,16,-0.3348479330328281,16,-0.3244557173916322,16
noisy,1000,24,7,-0.2946290666320166,16,-0.2533993677186705,16,-0.31709519587293394,16,-0.355723356100806,16,-0.3798668667453116,16
noisy,1000,24,8,-0.4052506250843493,16,-0.27244126835267163,16,-0.40641759413198686,16,-0.24563776131778398,16,-0.40520147579458937,16
noisy,1000,24,9,-0.32268226272407136,16,-0.24655355372943133,16,-0.4919232381832517,16,-0.11695240812285114,16,-0.38167857362962,16
noisy,1000,24,10,-0.34725278222402417,16,-0.1643115080846586,16,-0.25621235100706197,16,-0.276665199147352,16,-0.3344252266882967,16
noisy,1000,24,11,-0.32996432103745676,16,-0.21419915002880233,16,-0.2842593325148399,16,-0.3188137886041937,16,-0.38728613658480626,16
noisy,1000,25,0,-0.3043043720257289,16,-0.20573283873244014,16,-0.4184551326356425,16,-0.31819317450541396,16,-0.4910459308603346,16
noisy,1000,25,1,-0.4750995448097234,16,-0.24628659152627444,16,-0.3391050577803143,16,-0.585815021039246,16,-0.42755271120260274,16
noisy,1000,25,2,-0.26519009288035855,16,-0.24664658969011255,16,-0.29007449448186834,16,-0.327145157233344,16,-0.41841535091558574,16
noisy,1000,25,3,-0.27890458645318883,16,-0.22421645969712145,16,-0.47430510418769256,16,-0.32979611916940815,16,-0.343275407907893,16
noisy,1000,25,4,-0.37440287370374425,16,-0.19452111876721445,16,-0.32540886888282033,16,-0.3407624627299699,16,-0.39053507900148227,16
noisy,1000,25,5,-0.41840638848346523,16,-0.20973650283454065,16,-0.45579841999989124,16,-0.4819158437129495,16,-0.503547822547718,16
noisy,1000,25,6,-0.29203478125627086,16,-0.10516653039373167,16,-0.37867586849993173,16,-0.5022316658708014,16,-0.4201573136588971,16
noisy,1000,25,7,-0.18287079342441626,16,-0.09953960204308984,16,-0.3147070005555348,16,-0.4306862941826311,16,-0.4593372301128149,16
noisy,1000,25,8,-0.14290559690977908,16,-0.2481269685056432,16,-0.5368011709754938,16,-0.32899864811784296,16,-0.3583251790715773,16
noisy,1000,25,9,-0.3909788446636514,16,-0.14170769000710562,16,-0.42368896746839346,16,-0.41044792191710555,16,-0.41960978584570685,16
noisy,1000,25,10,-0.5321784446586619,16,-0.1789111813516325,16,-0.3630262917713588,16,-0.3689659672394552,16,-0.32615806487743615,16
noisy,1000,25,11,-0.25757246411877394,16,-0.10249453647615024,16,-0.24971102268460824,16,-0.43444640850878335,16,-0.337656935434707,16
noisy,1000,26,0,-0.1658063149551105,16,-0.12806634181408488,16,-0.4657878702551461,16,-0.3109511103206574,16,-0.4537874909746551,16
noisy,1000,26,1,-0.6215580665975986,16,-0.25776645340752646,16,-0.5361826268450463,16,-0.3399527472305374,16,-0.4953215396867553,16
noisy,1000,26,2,-0.23299185590885624,16,-0.21722640356732514,16,-0.43961148213101653,16,-0.44297953260765444,16,-0.47279066797263924,16
noisy,1000,26,3,-0.31074955981500896,16,-0.036794063764819814,16,-0.16436895367954313,16,-0.5101025854337321,16,-0.4296622610496035,16
noisy,1000,26,4,-0.3249155300179545,16,-0.1532172040082177,16,-0.488591568819215,16,-0.48335018790167905,16,-0.5001161727344067,16
noisy,1000,26,5,-0.3461670371754744,16,-0.31622975796780983,16,-0.3439163291614,16,-0.4045447699934188,16,-0.4006972558584115,16
noisy,1000,26,6,-0.16572054058687696,16,-0.098165839631563,16,-0.2881938953338071,16,-0.2789582872093218,16,-0.346745862050228,16
noisy,1000,26,7,-0.5746020188723135,16,-0.31079082971560423,16,-0.560104785069363,16,-0.4531725545817584,16,-0.5470856965694347,16
noisy,1000,26,8,-0.10462347623152152,16,-0.40370846134868343,16,-0.30671277732942437,16,-0.35083829856515414,16,-0.4302046486562089,16
noisy,1000,26,9,-0.23985869430333961,16,-0.3974322237090545,16,-0.4996519953446717,16,-0.38023930141648077,16,-0.3974152752690773,16
noisy,1000,26,10,-0.09138798489561176,16,-0.3286868420942822,16,-0.30329026215067556,16,-0.4584751373403862,16,-0.3074472077696131,16
noisy,1000,26,11,-0.397704657666335,16,-0.27202971058927294,16,-0.39809481624385235,16,-0.4088902367047223,16,-0.5796681955838994,16
noisy,1000,27,0,-0.2493974081756917,16,-0.043944310267768884,16,-0.3192865677174199,16,-0.30828851857229633,16,-0.42285139685208395,16
noisy,1000,27,1,-0.5952179441950263,16,-0.05968031363410968,16,-0.3542992262304199,16,-0.4133091124588766,16,-0.4580538882263657,16
noisy,1000,27,2,-0.183575422816251,16,-0.15520332008224885,16,-0.41617583933240154,16,-0.37965723220237746,16,-0.46023117461013535,16
noisy,1000,27,3,-0.20906233221520645,16,-0.15353690320165386,16,-0.4454972807670927,16,-0.3560119350966364,16,-0.37815966808796364,16
noisy,1000,27,4,-0.2404641275145704,16,-0.025145185281324672,16,-0.3965184379604901,16,-0.40692445972850655,16,-0.2865697676791221,16
noisy,1000,27,5,-0.3350290836167156,16,-0.02185999671844211,16,-0.3304680758551144,16,-0.36207141616901956,16,-0.4119149374260026,16
noisy,1000,27,6,-0.3966066847799666,16,-0.05521558954253593,16,-0.4999091419832259,16,-0.41474886269254446,16,-0.5032760961065408,16
noisy,1000,27,7,-0.46898208925563145,16,-0.06493831602434455,16,-0.35507574038087775,16,-0.3767922492675575,16,-0.3762625685423586,16
noisy,1000,27,8,-0.31821188373139286,16,-0.09258979057596547,16,-0.3095590994451859,16,-0.32621332433626743,16,-0.4367769864755606,16
noisy,1000,27,9,-0.23515165236204388,16,-0.05345647185785403,16,-0.24739847436926726,16,-0.4618331198275864,16,-0.5612164472096663,16
noisy,1000,27,10,-0.2547931439197924,16,-0.19760075282697717,16,-0.22006144671800745,16,-0.33454116327216854,16,-0.32155404111959474,16
noisy,1000,27,11,-0.30529081868658525,16,-0.19580371518601614,16,-0.4235440383402388,16,-0.5487288818051971,16,-0.24058144453253566,16
noisy,1000,28,0,-0.21184741871175053,16,-0.0031025258747762524,16,-0.0885382737788584,16,-0.5260204784869628,16,-0.31677527284184953,16
noisy,1000,28,1,-0.21187959121826327,16,-0.04907670097488194,16,-0.47730538912543385,16,-0.38652413799965246,16,-0.4511060958509795,16
noisy,1000,28,2,-0.3967777880892406,16,-0.08631078964706643,16,-0.290143186958349,16,-0.27308595637417366,16,-0.2406404099000893,16
noisy,1000,28,3,-0.3310644063100613,16,-0.03658076557287987,16,-0.18503045025953185,16,-0.3062904686872603,16,-0.2766448253628126,16
noisy,1000,28,4,-0.3392642387968934,16,-0.020715908752596032,16,-0.45796016981643706,16,-0.3981780688258122,16,-0.40511978644713864,16
noisy,1000,28,5,-0.2554438951921215,16,-0.02683668601301421,16,-0.2085518596568477,16,-0.357136283794556,16,-0.3135903707427775,16
noisy,1000,28,6,-0.16727159888421156,16,-0.15388135493608854,16,-0.31659966208533297,16,-0.3528507140066451,16,-0.40133727844261535,16
noisy,1000,28,7,-0.5242855458625454,16,-0.007812585226736035,16,-0.16939600260212934,16,-0.3745268017283837,16,-0.4320839252052211,16
noisy,1000,28,8,-0.17459842638075418,16,-0.057953525903169226,16,-0.2761386822086822,16,-0.4005167159782061,16,-0.4931579580053433,16
noisy,1000,28,9,-0.44054251441821296,16,-0.11700394013515512,16,-0.18303630112874436,16,-0.3450177456919293,16,-0.3109233205006714,16
noisy,1000,28,10,-0.2603787300643465,16,-0.14291381983399254,16,-0.4177861794605128,16,-0.3291320832076019,16,-0.3761322332204208,16
noisy,1000,28,11,-0.3471900399969285,16,-0.0015725533555017602,16,-0.016144628590960573,16,-0.28271765417238026,16,-0.331666769406381,16
noisy,1000,29,0,-0.1969054613422941,16,-0.07023131172820862,16,-0.24863117929665,16,-0.43303302372306984,16,-0.30481163579230935,16
noisy,1000,29,1,-0.35251715367933895,16,-0.013030991017285812,16,-0.4068661699995803,16,-0.44359344941948015,16,-0.3771342040445085,16
noisy,1000,29,2,-0.10384431986802431,16,-0.013357261173169039,16,-0.07835380189756139,16,-0.40946851270104045,16,-0.24942157515097965,16
noisy,1000,29,3,-0.42570707569664357,16,-0.10804123377414387,16,-0.27403794201805465,16,-0.27410286870229994,16,-0.3038020681765774,16
noisy,1000,29,4,-0.1822014451765186,16,-0.032656585738711934,16,-0.37682700407120895,16,-0.344275273211847,16,-0.3723773920806815,16
noisy,1000,29,5,-0.12629981890117736,16,-0.05333862469529668,16,-0.32845688609412027,16,-0.24256766125135854,16,-0.28775096472096917,16
noisy,1000,29,6,-0.14336688823585986,16,-0.008131576244149952,16,-0.40829561319730506,16,-0.2046653443090154,16,-0.3003318625956678,16
noisy,1000,29,7,-0.22658394829049716,16,-0.05591344901813455,16,-0.16240350297033174,16,-0.51930595358185,16,-0.3870976373184556,16
noisy,1000,29,8,-0.15004507287965307,16,-0.0452115249721681,16,-0.3409874739186587,16,-0.2672057919789388,16,-0.30337599741808163,16
noisy,1000,29,9,-0.21591634224663547,16,-0.08798199145188956,16,-0.37888666998835485,16,-0.5146556231715369,16,-0.2969116863692308,16
noisy,1000,29,10,-0.34448983694462104,16,-0.018285023967388913,16,-0.29596053364492814,16,-0.575444488564131,16,-0.3514750953385829,16
noisy,1000,29,11,-0.21782422129647705,16,-0.047861512793389197,16,-0.27424860482272273,16,-0.37709943528501166,16,-0.3851352582842097,16
