cohort,base_seed,candidate,control,window,effective_seed,source_index,motion_group,delta_imaging_quality,delta_dynamic_degree,delta_official_quality_score,delta_subject_consistency
v219,21600,ours_correct,sf_fifo21,full,21601,1,dd_tied,-0.002625350952148442,0.0,0.10054281052897807,0.002097495690413509
v219,21600,ours_correct,sf_fifo21,full,21602,2,dd_down,0.022752815246582125,-0.06666666666666665,-0.25417385185429,0.0004942705825862204
v219,21600,ours_correct,sf_fifo21,full,21604,4,dd_tied,-0.0009832681020102152,0.0,-0.07742155161584208,0.00021099784387046405
v219,21600,ours_correct,sf_fifo21,full,21605,5,dd_tied,-0.0006134015719095887,0.0,0.05983608625126635,0.00035733339815890997
v219,21600,ours_correct,sf_fifo21,full,21609,9,dd_tied,0.008399374326070186,0.0,0.2512014584879694,0.00040080364397188095
v219,21600,ours_correct,sf_fifo21,full,21610,10,dd_tied,0.0022940680980683137,0.0,-0.07143497728476689,-5.156020095564706e-05
v219,21600,ours_correct,sf_fifo21,full,21612,12,dd_tied,-0.008551933924357158,0.0,0.13796994497427306,0.0015808013805754806
v219,21600,ours_correct,sf_fifo21,full,21613,13,dd_down,-0.015598163366317919,-0.06666666666666676,-0.4639850063614688,0.0007122695526331491
v219,21600,ours_correct,sf_fifo21,full,21617,17,dd_tied,-0.002908661206563301,0.0,0.09500451302315582,-0.0005060994864682922
v219,21600,ours_correct,sf_fifo21,full,21618,18,dd_tied,0.0008523921966552273,0.0,0.10165027634685941,0.0003845734330489847
v219,21600,ours_correct,sf_fifo21,full,21620,20,dd_up,0.002718276341756254,0.06666666666666671,0.17826931438823124,0.00035741094031471743
v219,21600,ours_correct,sf_fifo21,full,21621,21,dd_up,0.02999855772654214,0.06666666666666665,2.1192307621878115,-0.000142392572741179
v219,21600,ours_correct,sf_fifo21,full,21625,25,dd_down,0.006162482102711975,-0.06666666666666665,0.03785147415059953,0.003183992665925728
v219,21600,ours_correct,sf_fifo21,full,21626,26,dd_down,-0.001226723353068171,-0.20000000000000007,-0.6524686997273221,0.00535714884830274
v219,21600,ours_correct,sf_fifo21,full,21628,28,dd_down,0.015115968545277858,-0.06666666666666671,-0.5109744969020795,-0.00011897772898350478
v219,21600,ours_correct,sf_fifo21,full,21629,29,dd_up,0.0021661763985951765,0.06666666666666667,0.5612923365623033,-0.0004281936509448192
v219,21600,ours_correct,sf_fifo21,full,21633,33,dd_tied,0.02268256910641986,0.0,0.48032290937771904,-0.001924754824494057
v219,21600,ours_correct,sf_fifo21,full,21634,34,dd_down,0.021775580724080257,-0.2666666666666667,-1.932732160177551,-0.004830156491642423
v219,21600,ours_correct,sf_fifo21,full,21636,36,dd_up,0.004809438546498512,0.06666666666666665,0.5598455503579771,-0.0007958909836748296
v219,21600,ours_correct,sf_fifo21,full,21637,37,dd_tied,-0.0009083743095398278,0.0,0.11930999215923066,0.000562296703118581
v219,21600,ours_correct,sf_fifo21,full,21641,41,dd_tied,0.0016648003260295585,0.0,0.03357428137317697,7.807265527703944e-05
v219,21600,ours_correct,sf_fifo21,full,21642,42,dd_down,0.003603857040405334,-0.13333333333333333,-0.9252810722987448,0.0005318670529314007
v219,21600,ours_correct,sf_fifo21,full,21644,44,dd_down,0.014656097571055127,-0.13333333333333333,-0.5735400841101921,0.004272190151781374
v219,21600,ours_correct,sf_fifo21,full,21645,45,dd_down,0.002952930768330808,-0.06666666666666665,-0.7499240812374808,-0.00017047901866906745
v219,21600,ours_correct,sf_fifo21,full,21649,49,dd_tied,0.003030229330062917,0.0,0.18562183271434662,0.00011221924637994096
v219,21600,ours_correct,sf_fifo21,full,21650,50,dd_tied,-0.0048168601989747595,0.0,-0.3708610638218346,-0.0004960823927393498
v219,21600,ours_correct,sf_fifo21,full,21652,52,dd_tied,0.0007996412913003903,0.0,0.02041507615099647,-0.00017499369848117396
v219,21600,ours_correct,sf_fifo21,full,21653,53,dd_tied,0.00030301125844323096,0.0,0.011878240772603021,0.00017412943491879052
v219,21600,ours_correct,sf_fifo21,full,21657,57,dd_tied,-0.0009077013333639306,0.0,0.002878783440067423,-4.45604827782331e-05
v219,21600,ours_correct,sf_fifo21,full,21658,58,dd_down,0.00465725413958229,-0.06666666666666668,-0.44948237850039163,0.0001036560647486029
v219,21600,ours_correct,sf_fifo21,full,21660,60,dd_up,-0.0003115668296812535,0.06666666666666665,0.6470941407649633,0.00299953452633972
v219,21600,ours_correct,sf_fifo21,full,21661,61,dd_tied,-0.031895430962244675,0.0,-0.9468050780983504,-0.008171812987597393
v219,21600,ours_correct,sf_fifo21,full,21665,65,dd_tied,0.0003929204940796849,0.0,0.006062775573241197,1.5721691931758208e-05
v219,21600,ours_correct,sf_fifo21,full,21666,66,dd_tied,-0.0033656879266102946,0.0,-0.015610480764848944,2.6723484773727435e-05
v219,21600,ours_correct,sf_fifo21,full,21668,68,dd_tied,-0.0008332692782083706,0.0,0.033769746521556954,0.00017899108763397287
v219,21600,ours_correct,sf_fifo21,full,21669,69,dd_tied,8.781472841901117e-05,0.0,-0.15385286075041904,-0.0023765528864243546
v219,21600,ours_correct,sf_fifo21,full,21673,73,dd_tied,-0.0054580988883972115,0.0,-0.06402158347012232,-0.001160449863689128
v219,21600,ours_correct,sf_fifo21,full,21674,74,dd_up,0.008704879522323572,0.1333333333333333,1.148296945651424,-0.0033010665529900063
v219,21600,ours_correct,sf_fifo21,full,21676,76,dd_down,-0.03535298649470009,-0.06666666666666665,-1.472110158313015,-0.0008308415013660309
v219,21600,ours_correct,sf_fifo21,full,21677,77,dd_tied,-0.0007713006337483064,0.0,-0.07722614000640249,0.0006407148734568491
v219,21600,ours_correct,sf_fifo21,full,21681,81,dd_up,-0.017455263535181786,0.1333333333333333,0.48651284687881,-0.0034406205263531886
v219,21600,ours_correct,sf_fifo21,full,21682,82,dd_tied,0.0049258528153101055,0.0,1.2577934405426063,0.0036232581869790614
v219,21600,ours_correct,sf_fifo21,full,21684,84,dd_down,-0.04178269771734866,-0.2,-2.053604413041114,0.004950295573851626
v219,21600,ours_correct,sf_fifo21,full,21685,85,dd_tied,0.04383719229698185,0.0,-3.4041738243958974,-0.02569769693625301
v219,21600,ours_correct,sf_fifo21,full,21689,89,dd_tied,0.020754886786143012,0.0,0.7049317769719892,0.004972430006800255
v219,21600,ours_correct,sf_fifo21,full,21690,90,dd_tied,0.0015413994789122976,0.0,0.03884659103816546,5.787816879387897e-05
v219,21600,ours_correct,sf_fifo21,full,21692,92,dd_tied,0.000454137643178254,0.0,0.07902635477228159,-0.00019330322814137268
v219,21600,ours_correct,sf_fifo21,full,21693,93,dd_tied,-0.0049245908260345805,0.0,-0.346895182639841,-0.002048326326844152
v219,21600,ours_correct,sf_fifo21,full,21697,97,dd_tied,-0.007426410039266029,0.0,-0.32196196521184106,-0.0024497764078831308
v219,21600,ours_correct,sf_fifo21,full,21698,98,dd_tied,0.010738179206848164,0.0,0.11681101693943674,0.00491192992381273
v219,21600,ours_correct,sf_fifo21,full,21700,100,dd_down,-0.019535947481791105,-0.13333333333333333,-1.3870251221238163,0.0007452254984958717
v219,21600,ours_correct,sf_fifo21,full,21701,101,dd_up,0.009398662408192981,0.3333333333333333,2.6061790884708103,0.0010782498013537367
v219,21600,ours_correct,sf_fifo21,full,21705,105,dd_tied,0.005644931793212904,0.0,-0.03667327088203365,-0.0033788333233211176
v219,21600,ours_correct,sf_fifo21,full,21706,106,dd_tied,0.0058705324331918,0.0,0.10504344868074611,0.0003610885202922631
v219,21600,ours_correct,sf_fifo21,full,21708,108,dd_down,-0.0017266623179118534,-0.06666666666666665,-0.01445109994280358,0.0022475318700373448
v219,21600,ours_correct,sf_fifo21,full,21709,109,dd_tied,-0.0035350616772970023,0.0,-0.09739349513434092,6.188237805382357e-05
v219,21600,ours_correct,sf_fifo21,full,21713,113,dd_tied,0.09906597407658896,0.0,1.461743555941851,0.0016063428569346172
v219,21600,ours_correct,sf_fifo21,full,21714,114,dd_up,0.05622486805915827,0.06666666666666665,1.1932295720065866,0.004298118955699204
v219,21600,ours_correct,sf_fifo21,full,21716,116,dd_tied,0.017418482383092293,0.0,0.3217997242021653,-0.00042763796733258364
v219,21600,ours_correct,sf_fifo21,full,21717,117,dd_tied,-0.02014295744895922,0.0,-0.333864671219402,-0.0036985360801343736
v219,21600,ours_correct,sf_fifo21,full,21721,121,dd_down,0.028224952459335206,-0.1333333333333333,-0.5696979773191089,-0.0005033079687714048
v219,21600,ours_correct,sf_fifo21,full,21722,122,dd_tied,-0.003735556523005168,0.0,-0.41512747836026165,-0.010099805439127474
v219,21600,ours_correct,sf_fifo21,full,21724,124,dd_down,-0.0031301145553589427,-0.06666666666666665,-0.7494501463905436,-0.000539178911626137
v219,21600,ours_correct,sf_fifo21,full,21725,125,dd_tied,-0.0016036709149677142,0.0,0.005818314731271812,-0.00016984159803667964
v219,21600,ours_correct,sf_fifo21,early_half,21601,1,dd_tied,-0.0006569651194980874,0.0,0.021742040498239135,0.0007282279516873658
v219,21600,ours_correct,sf_fifo21,early_half,21602,2,dd_down,6.563799721859276e-05,-0.14285714285714285,-1.119974796394203,0.0003276184999215781
v219,21600,ours_correct,sf_fifo21,early_half,21604,4,dd_tied,0.00011030878339501893,0.0,0.0017367252639388653,4.6107586609278606e-05
v219,21600,ours_correct,sf_fifo21,early_half,21605,5,dd_tied,0.0005837328093393213,0.0,0.03531553817150268,0.00014533241249303774
v219,21600,ours_correct,sf_fifo21,early_half,21609,9,dd_tied,0.0013847422599793102,0.0,-0.0169663967897975,0.00011179339774336494
v219,21600,ours_correct,sf_fifo21,early_half,21610,10,dd_tied,-0.0019407638481686584,0.0,-0.14001432354949372,-0.0001329095036854966
v219,21600,ours_correct,sf_fifo21,early_half,21612,12,dd_tied,-0.00028042691094531946,0.0,-0.024599647801352376,0.0003662306075798982
v219,21600,ours_correct,sf_fifo21,early_half,21613,13,dd_down,-0.008421768971851873,-0.1428571428571429,-0.9958499629316577,0.0021487191147997464
v219,21600,ours_correct,sf_fifo21,early_half,21617,17,dd_tied,-0.002650435992649469,0.0,-0.008487798165006666,-0.0006670783239647315
v219,21600,ours_correct,sf_fifo21,early_half,21618,18,dd_tied,-0.0025479957035610123,0.0,0.04798638517556242,-0.00037338910090622957
v219,21600,ours_correct,sf_fifo21,early_half,21620,20,dd_up,0.0006491286414009867,0.1428571428571429,1.0542357303932164,-0.00046219446548112497
v219,21600,ours_correct,sf_fifo21,early_half,21621,21,dd_tied,0.00831045627593996,0.0,0.2966309161399323,7.20254911403817e-05
v219,21600,ours_correct,sf_fifo21,early_half,21625,25,dd_up,-0.0016193110602241712,0.1428571428571429,1.0726476796538833,0.0021504610810614277
v219,21600,ours_correct,sf_fifo21,early_half,21626,26,dd_tied,-0.0011837233815874537,0.0,0.1953590820627369,0.0022580187519622985
v219,21600,ours_correct,sf_fifo21,early_half,21628,28,dd_down,0.0011087380136761693,-0.1428571428571428,-1.3475621994678875,-0.00013899937322292555
v219,21600,ours_correct,sf_fifo21,early_half,21629,29,dd_up,-0.000502329894474518,0.14285714285714285,1.1602203538380849,-0.0002757166652448406
v219,21600,ours_correct,sf_fifo21,early_half,21633,33,dd_tied,0.000852835518973416,0.0,-0.13198605400626207,-0.0012668762258180033
v219,21600,ours_correct,sf_fifo21,early_half,21634,34,dd_down,0.010945413623537403,-0.1428571428571429,-0.6610661199567573,-0.0006773270936177855
v219,21600,ours_correct,sf_fifo21,early_half,21636,36,dd_up,0.0030451975549969923,0.1428571428571429,1.1702541766937458,-0.00013281183396318674
v219,21600,ours_correct,sf_fifo21,early_half,21637,37,dd_tied,0.00014261892863687287,0.0,0.011775616458152172,1.3173059754789662e-05
v219,21600,ours_correct,sf_fifo21,early_half,21641,41,dd_tied,7.848399026044728e-05,0.0,0.04260562486871322,-6.496021708868316e-05
v219,21600,ours_correct,sf_fifo21,early_half,21642,42,dd_tied,-0.004888874803270604,0.0,-0.10184517540373861,0.00048556648074715714
v219,21600,ours_correct,sf_fifo21,early_half,21644,44,dd_tied,-0.003977827685219815,0.0,0.18392357195179443,0.003405367415910021
v219,21600,ours_correct,sf_fifo21,early_half,21645,45,dd_tied,0.0021693079812185045,0.0,0.14269978647513426,-0.0038034565823337196
v219,21600,ours_correct,sf_fifo21,early_half,21649,49,dd_tied,-0.000235101836068341,0.0,-0.05107721362922746,0.0003096683531543798
v219,21600,ours_correct,sf_fifo21,early_half,21650,50,dd_tied,-0.00041891949517391947,0.0,-0.07635061905679663,0.00044356725289462773
v219,21600,ours_correct,sf_fifo21,early_half,21652,52,dd_tied,0.0006359025410241914,0.0,-0.012148610854282538,-2.1002722758067804e-05
v219,21600,ours_correct,sf_fifo21,early_half,21653,53,dd_tied,-5.6478977203289205e-05,0.0,-0.007914053544467947,0.00014302501656304756
v219,21600,ours_correct,sf_fifo21,early_half,21657,57,dd_tied,0.0013212372575487352,0.0,0.005636864996915847,-2.9706043935595616e-05
v219,21600,ours_correct,sf_fifo21,early_half,21658,58,dd_down,-0.0014152186257498922,-0.14285714285714285,-1.2339245649167765,-0.00010408461712951844
v219,21600,ours_correct,sf_fifo21,early_half,21660,60,dd_tied,0.0034156222002846848,0.0,0.09536954682691601,0.0027468808519266474
v219,21600,ours_correct,sf_fifo21,early_half,21661,61,dd_tied,0.00016848291669580018,0.0,0.4022753837989512,-0.003927324601448845
v219,21600,ours_correct,sf_fifo21,early_half,21665,65,dd_tied,6.670236587524858e-05,0.0,-0.014360039290664872,-5.963425468769046e-06
v219,21600,ours_correct,sf_fifo21,early_half,21666,66,dd_tied,-0.007032831055777455,0.0,-0.07609746157521613,0.00010083671495864088
v219,21600,ours_correct,sf_fifo21,early_half,21668,68,dd_tied,0.0009495902061462669,0.0,0.012806264647878152,0.00012301033659178895
v219,21600,ours_correct,sf_fifo21,early_half,21669,69,dd_tied,0.003386911153793415,0.0,0.11200610322414661,-0.0005949631871933203
v219,21600,ours_correct,sf_fifo21,early_half,21673,73,dd_tied,-0.005643518652234669,0.0,-0.26062018161279354,-0.0011108220521941492
v219,21600,ours_correct,sf_fifo21,early_half,21674,74,dd_tied,0.0010999713625227114,0.0,0.09569907649651554,0.00010388051859100411
v219,21600,ours_correct,sf_fifo21,early_half,21676,76,dd_tied,0.014245940957750558,0.0,0.016197536764195775,-0.0009332991023540682
v219,21600,ours_correct,sf_fifo21,early_half,21677,77,dd_tied,0.0005686545372010077,0.0,-0.03725614076542172,9.70000174174146e-05
v219,21600,ours_correct,sf_fifo21,early_half,21681,81,dd_tied,1.184735979353757e-05,0.0,-0.17652727982024885,-0.003361401517432916
v219,21600,ours_correct,sf_fifo21,early_half,21682,82,dd_tied,-0.010060648577553899,0.0,0.04313242801646311,-0.0012097044632084497
v219,21600,ours_correct,sf_fifo21,early_half,21684,84,dd_down,0.013364417638097481,-0.1428571428571429,-0.7110212898931536,0.006963933727088589
v219,21600,ours_correct,sf_fifo21,early_half,21685,85,dd_tied,-0.023911013858658903,0.0,-0.7762523776581958,0.0021127122247102115
v219,21600,ours_correct,sf_fifo21,early_half,21689,89,dd_tied,0.004114821127482848,0.0,0.04168455881486466,0.0032702757198048715
v219,21600,ours_correct,sf_fifo21,early_half,21690,90,dd_tied,0.002004941190992038,0.0,0.07504504839766923,0.00010599844514669332
v219,21600,ours_correct,sf_fifo21,early_half,21692,92,dd_tied,0.00018955060413894387,0.0,-0.04266795073715457,-7.113756194354615e-05
v219,21600,ours_correct,sf_fifo21,early_half,21693,93,dd_tied,-0.00930224946566971,0.0,-0.30597253872207375,-0.0016317984392011375
v219,21600,ours_correct,sf_fifo21,early_half,21697,97,dd_tied,-0.002227302619389082,0.0,-0.12404141073163544,-0.0012439563017416777
v219,21600,ours_correct,sf_fifo21,early_half,21698,98,dd_tied,-0.0015532643454415629,0.0,-0.11887838866169886,-0.00022494702204178818
v219,21600,ours_correct,sf_fifo21,early_half,21700,100,dd_tied,-0.006439610038484922,0.0,-0.10910635871357499,0.0014532689043991187
v219,21600,ours_correct,sf_fifo21,early_half,21701,101,dd_up,-0.0049097111395427495,0.14285714285714285,0.8991668531195245,0.0016341211025198144
v219,21600,ours_correct,sf_fifo21,early_half,21705,105,dd_down,0.002553010668073341,-0.1428571428571428,-1.1901442723846003,0.002315236654408359
v219,21600,ours_correct,sf_fifo21,early_half,21706,106,dd_tied,-0.0003266899926321898,0.0,0.0804700511950216,-0.0001428115088508708
v219,21600,ours_correct,sf_fifo21,early_half,21708,108,dd_down,0.0007806771142142566,-0.1428571428571429,-0.7084888965488148,0.0006902717225996113
v219,21600,ours_correct,sf_fifo21,early_half,21709,109,dd_tied,0.00038928065981191917,0.0,0.020419996843287436,-0.00014723914018366369
v219,21600,ours_correct,sf_fifo21,early_half,21713,113,dd_down,0.033901181561606264,-0.1428571428571429,-0.621272485715366,0.006277275393418602
v219,21600,ours_correct,sf_fifo21,early_half,21714,114,dd_up,0.004992781026022741,0.1428571428571429,1.2805103885021794,0.00315288985964568
v219,21600,ours_correct,sf_fifo21,early_half,21716,116,dd_tied,0.004459228175027086,0.0,0.055700768744671336,-0.0007977504088014786
v219,21600,ours_correct,sf_fifo21,early_half,21717,117,dd_tied,-0.0027833848340169665,0.0,-0.16783071779309466,-0.0022214626610219668
v219,21600,ours_correct,sf_fifo21,early_half,21721,121,dd_tied,0.0044610302788870015,0.0,0.265547715561695,0.0002174341380325462
v219,21600,ours_correct,sf_fifo21,early_half,21722,122,dd_tied,-0.010208282981600147,0.0,-0.7984489234407448,-0.007832576110986755
v219,21600,ours_correct,sf_fifo21,early_half,21724,124,dd_tied,-0.0091810802051,0.0,-0.1573784571338166,0.00041884701079730746
v219,21600,ours_correct,sf_fifo21,early_half,21725,125,dd_tied,-0.00017647811344700948,0.0,0.011751395085937588,-0.0002759171277153527
v219,21600,ours_correct,sf_fifo21,late_half,21601,1,dd_tied,-0.004347688555717433,0.0,0.169493484305832,0.003295604961798926
v219,21600,ours_correct,sf_fifo21,late_half,21602,2,dd_tied,0.04260409533977516,0.0,0.5034019746181428,0.0006400911549175881
v219,21600,ours_correct,sf_fifo21,late_half,21604,4,dd_tied,-0.001940147876739462,0.0,-0.14668504388561132,0.0003552768189740707
v219,21600,ours_correct,sf_fifo21,late_half,21605,5,dd_tied,-0.0016608941555023016,0.0,0.08129156582111818,0.0005428342606160763
v219,21600,ours_correct,sf_fifo21,late_half,21609,9,dd_tied,0.014537177383899702,0.0,0.48584833185609,0.0006536876094217492
v219,21600,ours_correct,sf_fifo21,late_half,21610,10,dd_tied,0.005999546051025484,0.0,-0.011428049303106036,1.9620438933221074e-05
v219,21600,ours_correct,sf_fifo21,late_half,21612,12,dd_tied,-0.01578950256109235,0.0,0.28021833865297197,0.0026435508069468927
v219,21600,ours_correct,sf_fifo21,late_half,21613,13,dd_tied,-0.021877508461475403,0.0,0.0013968306375318207,-0.0005446238142623461
v219,21600,ours_correct,sf_fifo21,late_half,21617,17,dd_tied,-0.003134608268737793,0.0,0.18556028531284596,-0.00036524300365858853
v219,21600,ours_correct,sf_fifo21,late_half,21618,18,dd_tied,0.0038277316093445757,0.0,0.14860618112180646,0.0010477906502597278
v219,21600,ours_correct,sf_fifo21,late_half,21620,20,dd_tied,0.00452878057956696,0.0,-0.5882012996161308,0.0010745656703858852
v219,21600,ours_correct,sf_fifo21,late_half,21621,21,dd_up,0.04897564649581909,0.125,3.714005627479679,-0.000330008378637614
v219,21600,ours_correct,sf_fifo21,late_half,21625,25,dd_down,0.012971551120281144,-0.25,-0.8675952056648555,0.004088332802681727
v219,21600,ours_correct,sf_fifo21,late_half,21626,26,dd_down,-0.001264348328113618,-0.375,-1.3943180087936042,0.008068887682600723
v219,21600,ours_correct,sf_fifo21,late_half,21628,28,dd_tied,0.02737229526042939,0.0,0.2210397428430042,-0.00010145879027434468
v219,21600,ours_correct,sf_fifo21,late_half,21629,29,dd_tied,0.004501119405031173,0.0,0.037230321446017456,-0.0005616110134323282
v219,21600,ours_correct,sf_fifo21,late_half,21633,33,dd_tied,0.041783585995435635,0.0,1.0160932523386208,-0.002500398598335729
v219,21600,ours_correct,sf_fifo21,late_half,21634,34,dd_down,0.031251976937055614,-0.375,-3.045439945370802,-0.008463882214914342
v219,21600,ours_correct,sf_fifo21,late_half,21636,36,dd_tied,0.006353149414062509,0.0,0.025738002314184882,-0.0013760852396731416
v219,21600,ours_correct,sf_fifo21,late_half,21637,37,dd_tied,-0.0018279933929443715,0.0,0.213402570897685,0.0010427798910618291
v219,21600,ours_correct,sf_fifo21,late_half,21641,41,dd_tied,0.0030528271198272394,0.0,0.025671855814579203,0.0002032264185969357
v219,21600,ours_correct,sf_fifo21,late_half,21642,42,dd_down,0.011034997403621682,-0.25,-1.6457874820819143,0.0005723800535929469
v219,21600,ours_correct,sf_fifo21,late_half,21644,44,dd_down,0.030960782170295742,-0.25,-1.236320783164416,0.005030660045668878
v219,21600,ours_correct,sf_fifo21,late_half,21645,45,dd_down,0.0036386007070541293,-0.125,-1.5309699654860225,0.003008376349537545
v219,21600,ours_correct,sf_fifo21,late_half,21649,49,dd_tied,0.005887394100427601,0.0,0.3927334982649313,-6.054872204785955e-05
v219,21600,ours_correct,sf_fifo21,late_half,21650,50,dd_tied,-0.008665058314800245,0.0,-0.628557702991202,-0.0013182758326689692
v219,21600,ours_correct,sf_fifo21,late_half,21652,52,dd_tied,0.0009429126977920088,0.0,0.04890830228065113,-0.00030973580223814245
v219,21600,ours_correct,sf_fifo21,late_half,21653,53,dd_tied,0.0006175652146339639,0.0,0.029196498300080975,0.0002013458009806346
v219,21600,ours_correct,sf_fifo21,late_half,21657,57,dd_tied,-0.0028580226004124576,0.0,0.00046546207782682814,-5.755811676644296e-05
v219,21600,ours_correct,sf_fifo21,late_half,21658,58,dd_tied,0.009970667809248046,0.0,0.23690453461395578,0.0002854291613921811
v219,21600,ours_correct,sf_fifo21,late_half,21660,60,dd_up,-0.003572857230901727,0.125,1.1298531604607405,0.003220606491450728
v219,21600,ours_correct,sf_fifo21,late_half,21661,61,dd_tied,-0.05995135560631748,0.0,-2.1272504822585176,-0.011885740325476957
v219,21600,ours_correct,sf_fifo21,late_half,21665,65,dd_tied,0.0006783613562584279,0.0,0.023932738579105717,3.46961696575665e-05
v219,21600,ours_correct,sf_fifo21,late_half,21666,66,dd_tied,-0.00015693768858904278,0.0,0.03731562744424366,-3.812559163862694e-05
v219,21600,ours_correct,sf_fifo21,late_half,21668,68,dd_tied,-0.00239327132701872,0.0,0.05211279316105788,0.00022797424479537032
v219,21600,ours_correct,sf_fifo21,late_half,21669,69,dd_tied,-0.0027988946437835782,0.0,-0.38647945422818,-0.00393544387325151
v219,21600,ours_correct,sf_fifo21,late_half,21673,73,dd_tied,-0.005295856595039394,0.0,0.10800218990466703,-0.0012038741987470125
v219,21600,ours_correct,sf_fifo21,late_half,21674,74,dd_up,0.01535917416214938,0.25,2.069320081161976,-0.006280395240623293
v219,21600,ours_correct,sf_fifo21,late_half,21676,76,dd_down,-0.07875204801559454,-0.125,-2.774379391505491,-0.0007411911005021921
v219,21600,ours_correct,sf_fifo21,late_half,21677,77,dd_tied,-0.00194376140832897,0.0,-0.11219988934225,0.0011164653724913265
v219,21600,ours_correct,sf_fifo21,late_half,21681,81,dd_up,-0.03273898556828503,0.25,1.066672957740451,-0.0035099371591587047
v219,21600,ours_correct,sf_fifo21,late_half,21682,82,dd_tied,0.018039041534066158,0.0,2.3206218265029506,0.007852100505893356
v219,21600,ours_correct,sf_fifo21,late_half,21684,84,dd_down,-0.09003642365336417,-0.25,-3.228364645795608,0.003188362189768812
v219,21600,ours_correct,sf_fifo21,late_half,21685,85,dd_tied,0.1031168726831675,0.0,-5.703605090291376,-0.050031804952095804
v219,21600,ours_correct,sf_fifo21,late_half,21689,89,dd_tied,0.035314944237470614,0.0,1.285273092859498,0.006461815007921312
v219,21600,ours_correct,sf_fifo21,late_half,21690,90,dd_tied,0.001135800480842608,0.0,0.007172940848647613,1.5772926984958247e-05
v219,21600,ours_correct,sf_fifo21,late_half,21692,92,dd_tied,0.0006856513023376642,0.0,0.1855088720929956,-0.0003001981860645264
v219,21600,ours_correct,sf_fifo21,late_half,21693,93,dd_tied,-0.0010941395163535095,0.0,-0.38270249606792106,-0.00241278822853197
v219,21600,ours_correct,sf_fifo21,late_half,21697,97,dd_tied,-0.011975629031658164,0.0,-0.4951424503820476,-0.0035048690007569716
v219,21600,ours_correct,sf_fifo21,late_half,21698,98,dd_tied,0.021493192315101606,0.0,0.3230392468404517,0.009406697251435503
v219,21600,ours_correct,sf_fifo21,late_half,21700,100,dd_down,-0.030995242744684237,-0.25,-2.505204040107813,0.00012568751833030856
v219,21600,ours_correct,sf_fifo21,late_half,21701,101,dd_up,0.021918489262461677,0.5,4.099814794403159,0.0005918624128334882
v219,21600,ours_correct,sf_fifo21,late_half,21705,105,dd_up,0.008350362777709952,0.125,0.9726138554326553,-0.00836114455383452
v219,21600,ours_correct,sf_fifo21,late_half,21706,106,dd_tied,0.011293102055788096,0.0,0.12654517148077105,0.000802001045792311
v219,21600,ours_correct,sf_fifo21,late_half,21708,108,dd_tied,-0.003920584321022047,0.0,0.5928319720874384,0.0036101344990451256
v219,21600,ours_correct,sf_fifo21,late_half,21709,109,dd_tied,-0.006968861222267142,0.0,-0.20048030061475686,0.00024486370651166656
v219,21600,ours_correct,sf_fifo21,late_half,21713,113,dd_up,0.15608516752719886,0.125,3.2843825923918786,-0.002480723112488925
v219,21600,ours_correct,sf_fifo21,late_half,21714,114,dd_tied,0.10105294421315192,0.0,1.1168588575729643,0.005300194414746384
v219,21600,ours_correct,sf_fifo21,late_half,21716,116,dd_tied,0.028757829815149294,0.0,0.554636310227437,-0.00010378958104750868
v219,21600,ours_correct,sf_fifo21,late_half,21717,117,dd_tied,-0.03533258348703383,0.0,-0.4791443804674316,-0.004990975321857771
v219,21600,ours_correct,sf_fifo21,late_half,21721,121,dd_down,0.0490183843672275,-0.25,-1.3005379585897998,-0.0011339573122248758
v219,21600,ours_correct,sf_fifo21,late_half,21722,122,dd_tied,0.0019280791282653142,0.0,-0.07972121391487974,-0.012083631101250991
v219,21600,ours_correct,sf_fifo21,late_half,21724,124,dd_down,0.0021644803881645247,-0.125,-1.2675128744902366,-0.0013774515937471365
v219,21600,ours_correct,sf_fifo21,late_half,21725,125,dd_tied,-0.0028524646162987333,0.0,0.0006268694209836667,-7.702550956800724e-05
v219,21600,ours_correct,ours_random,full,21601,1,dd_tied,-0.00043740908304856774,0.0,-0.08069723843972554,-0.0007913767706755337
v219,21600,ours_correct,ours_random,full,21602,2,dd_down,0.01139299535751348,-0.06666666666666665,-0.35984678264378545,-0.00018386815467386075
v219,21600,ours_correct,ours_random,full,21604,4,dd_tied,0.0007907814979553063,0.0,0.007426690003427439,0.00011106118226789086
v219,21600,ours_correct,ours_random,full,21605,5,dd_tied,-0.0005083026885986941,0.0,0.1034951967087494,0.001526120986455326
v219,21600,ours_correct,ours_random,full,21609,9,dd_tied,0.0005162092049917355,0.0,0.09201251584278225,0.000479915407768039
v219,21600,ours_correct,ours_random,full,21610,10,dd_tied,-0.004385105768839437,0.0,0.029935270990520735,-0.000141337292879129
v219,21600,ours_correct,ours_random,full,21612,12,dd_tied,-0.007501525084177563,0.0,0.07387488674004317,-0.00023430566630811
v219,21600,ours_correct,ours_random,full,21613,13,dd_tied,-0.008174069484074953,0.0,-0.4322068876344076,-0.0026267001297825
v219,21600,ours_correct,ours_random,full,21617,17,dd_tied,-0.001695939461390128,0.0,0.08739626245409227,0.0001625993157194916
v219,21600,ours_correct,ours_random,full,21618,18,dd_up,0.010930061737696284,0.06666666666666665,0.35680108171227687,-0.0016766850056143534
v219,21600,ours_correct,ours_random,full,21620,20,dd_up,0.0031512571970622183,0.06666666666666671,0.4264624124299843,0.00044340828368860663
v219,21600,ours_correct,ours_random,full,21621,21,dd_tied,0.014591034094492583,0.0,0.7013283472505663,0.002271025041900576
v219,21600,ours_correct,ours_random,full,21625,25,dd_down,-0.0010602254867554395,-0.20000000000000007,-1.441653872517179,0.0013526390934168742
v219,21600,ours_correct,ours_random,full,21626,26,dd_down,0.0010678375562030995,-0.13333333333333341,0.2198602579640152,0.004709921295565134
v219,21600,ours_correct,ours_random,full,21628,28,dd_down,-0.003638052781422929,-0.06666666666666671,-0.7935268562817868,-0.00014523494795881664
v219,21600,ours_correct,ours_random,full,21629,29,dd_down,-0.002017573833465569,-0.33333333333333337,-2.689494657132684,0.0001936881971759119
v219,21600,ours_correct,ours_random,full,21633,33,dd_tied,-0.016501164913177435,0.0,-0.448700141200419,-0.0031829164073576832
v219,21600,ours_correct,ours_random,full,21634,34,dd_down,0.024477140188217117,-0.2666666666666667,-1.5382103046128321,0.0018511085734917998
v219,21600,ours_correct,ours_random,full,21636,36,dd_up,-0.000671486536661714,0.06666666666666665,0.37724026935792665,-0.0004561767457151866
v219,21600,ours_correct,ours_random,full,21637,37,dd_tied,0.00030564546585087893,0.0,0.13032267305514722,0.00036863963589606197
v219,21600,ours_correct,ours_random,full,21641,41,dd_tied,0.0010684892336527696,0.0,-0.0012485268811275319,2.1101215795793493e-06
v219,21600,ours_correct,ours_random,full,21642,42,dd_tied,-0.0039003931681313997,0.0,-0.058153976247467654,0.0005569710692592267
v219,21600,ours_correct,ours_random,full,21644,44,dd_down,0.029330308755238788,-0.06666666666666668,0.04398806536551092,0.0019051114178999518
v219,21600,ours_correct,ours_random,full,21645,45,dd_up,0.001916844844818133,0.06666666666666665,-0.08944582624540942,0.0019900782584028054
v219,21600,ours_correct,ours_random,full,21649,49,dd_tied,-0.011716388384501064,0.0,-0.029547838412526062,0.0003866281276503347
v219,21600,ours_correct,ours_random,full,21650,50,dd_tied,-0.0022210710843405534,0.0,-0.2127405297960081,-0.00024367941582525976
v219,21600,ours_correct,ours_random,full,21652,52,dd_tied,-7.917817433678032e-05,0.0,0.012637875295965273,-0.00014138261175056233
v219,21600,ours_correct,ours_random,full,21653,53,dd_tied,0.0005583016077678193,0.0,0.04224606831837718,0.00014321623745383594
v219,21600,ours_correct,ours_random,full,21657,57,dd_tied,0.01371215089162181,0.0,0.2875151922692396,0.00012915204856822626
v219,21600,ours_correct,ours_random,full,21658,58,dd_tied,-0.0021660261154176075,0.0,-0.047981363924549214,0.00015404072127300772
v219,21600,ours_correct,ours_random,full,21660,60,dd_up,0.00039613612492894745,0.06666666666666665,0.6143017614705428,0.002240564184740168
v219,21600,ours_correct,ours_random,full,21661,61,dd_tied,-0.01606349039077759,0.0,-0.6862622518491435,-0.005835655404944573
v219,21600,ours_correct,ours_random,full,21665,65,dd_tied,0.0002035838762920461,0.0,-0.04543009530156894,7.66050133587104e-05
v219,21600,ours_correct,ours_random,full,21666,66,dd_tied,0.010304820617039967,0.0,0.1816510931827935,-0.0006127104728828048
v219,21600,ours_correct,ours_random,full,21668,68,dd_tied,0.001159240722656274,0.0,0.04534327652437753,6.760870410749131e-05
v219,21600,ours_correct,ours_random,full,21669,69,dd_tied,0.001183477560679158,0.0,0.050005180026559515,0.0006835279867561939
v219,21600,ours_correct,ours_random,full,21673,73,dd_tied,-0.004948508659998518,0.0,-0.0040297564944182795,-0.004058196411310222
v219,21600,ours_correct,ours_random,full,21674,74,dd_up,-0.009193986892700234,0.06666666666666665,-0.38628274431144405,-0.0029672677278442805
v219,21600,ours_correct,ours_random,full,21676,76,dd_down,-0.010623094320297177,-0.06666666666666665,-0.8636103505846506,-0.0010665865905751248
v219,21600,ours_correct,ours_random,full,21677,77,dd_tied,0.008835535049438459,0.0,0.09261117540414432,0.0002319783282146437
v219,21600,ours_correct,ours_random,full,21681,81,dd_tied,0.00442269682884211,0.0,0.26569260723857724,-0.0011299548805246973
v219,21600,ours_correct,ours_random,full,21682,82,dd_tied,-0.0012622783382733593,0.0,-0.07150168173793503,-0.0007310725032321219
v219,21600,ours_correct,ours_random,full,21684,84,dd_down,-0.04353992319107047,-0.3333333333333333,-3.3201205867784864,0.0059503986787475815
v219,21600,ours_correct,ours_random,full,21685,85,dd_tied,0.01270276957750327,0.0,-2.993903458901471,-0.036018289674787374
v219,21600,ours_correct,ours_random,full,21689,89,dd_tied,0.011900810082753566,0.0,0.7864108037981907,0.00637630252201693
v219,21600,ours_correct,ours_random,full,21690,90,dd_tied,-0.004761614481608167,0.0,0.13140593498442854,-0.00042901490383628893
v219,21600,ours_correct,ours_random,full,21692,92,dd_tied,-0.00021269369125376247,0.0,-0.02174315658560033,0.00020488359219417163
v219,21600,ours_correct,ours_random,full,21693,93,dd_tied,0.003735483566919995,0.0,-0.0747125709251435,-0.0009063663289509138
v219,21600,ours_correct,ours_random,full,21697,97,dd_tied,-0.011193149248759027,0.0,-0.486714188187932,-0.0037233430617299446
v219,21600,ours_correct,ours_random,full,21698,98,dd_tied,0.007490092277526728,0.0,-0.044983781180917504,-7.368883658809278e-05
v219,21600,ours_correct,ours_random,full,21700,100,dd_tied,-0.05426336320241287,0.0,-1.3168829933280364,-0.0013172411997907085
v219,21600,ours_correct,ours_random,full,21701,101,dd_up,0.012046049793561331,0.26666666666666666,2.016159768127025,-0.002240219536605581
v219,21600,ours_correct,ours_random,full,21705,105,dd_down,-0.005371903181076054,-0.06666666666666676,-0.8865106168802583,-0.00615417716863631
v219,21600,ours_correct,ours_random,full,21706,106,dd_tied,0.00869265580177303,0.0,0.14204692542034536,0.0005160213208018627
v219,21600,ours_correct,ours_random,full,21708,108,dd_tied,0.00046423617998747613,0.0,0.0015976396322230357,-0.0012965251574091896
v219,21600,ours_correct,ours_random,full,21709,109,dd_down,-0.0016177776654561216,-0.06666666666666665,-0.5407583122443924,0.0003501653122478521
v219,21600,ours_correct,ours_random,full,21713,113,dd_up,0.035986067533493094,0.26666666666666666,2.763965434760209,-0.0010104561796225875
v219,21600,ours_correct,ours_random,full,21714,114,dd_up,-0.006458045641581256,0.06666666666666665,0.4425161725074105,-0.0001382640288807302
v219,21600,ours_correct,ours_random,full,21716,116,dd_tied,0.007421346028645859,0.0,0.1290812915863313,0.0021080340863054436
v219,21600,ours_correct,ours_random,full,21717,117,dd_down,-0.000887041012446077,-0.19999999999999996,-1.4079442146328631,0.001127557458554862
v219,21600,ours_correct,ours_random,full,21721,121,dd_down,0.023179528236389024,-0.19999999999999996,-1.2126669113314108,-0.0014381125430489305
v219,21600,ours_correct,ours_random,full,21722,122,dd_tied,0.004085656404495208,0.0,0.26992722963389326,-0.0014256622533499463
v219,21600,ours_correct,ours_random,full,21724,124,dd_tied,0.0011571466128031949,0.0,-0.05821350552261606,-0.0011594173317872603
v219,21600,ours_correct,ours_random,full,21725,125,dd_tied,-0.003591858069101894,0.0,-0.11357625687351458,0.000582182475376114
v219,21600,ours_correct,ours_random,early_half,21601,1,dd_tied,0.00030667441231857495,0.0,0.005196267689896672,-0.000517300605533344
v219,21600,ours_correct,ours_random,early_half,21602,2,dd_tied,-0.0009434948648724406,0.0,-0.1485789456833828,-0.0002805724608148097
v219,21600,ours_correct,ours_random,early_half,21604,4,dd_tied,-0.00026292119707371775,0.0,0.03208696132641364,0.00011653675700884492
v219,21600,ours_correct,ours_random,early_half,21605,5,dd_tied,-0.00025362014770513586,0.0,-0.012032660588843669,-0.0006088348401708243
v219,21600,ours_correct,ours_random,early_half,21609,9,dd_tied,-0.00030497091157100087,0.0,0.04222176461796323,0.0004019059885903564
v219,21600,ours_correct,ours_random,early_half,21610,10,dd_tied,0.002131515741348178,0.0,-0.029642133829426598,-6.160642305963471e-06
v219,21600,ours_correct,ours_random,early_half,21612,12,dd_tied,0.0010959703581674418,0.0,-0.030338044722043378,0.0004554373877700968
v219,21600,ours_correct,ours_random,early_half,21613,13,dd_tied,-0.002698660067149583,0.0,-0.08792014678131466,-0.00036968973415663076
v219,21600,ours_correct,ours_random,early_half,21617,17,dd_tied,-0.0004071291855403114,0.0,0.12384119739692778,-0.00012846632023277849
v219,21600,ours_correct,ours_random,early_half,21618,18,dd_tied,0.0006235490526471654,0.0,0.05795073417895935,-0.00019629783835029002
v219,21600,ours_correct,ours_random,early_half,21620,20,dd_up,0.0011678535597664519,0.1428571428571429,1.0226498347334285,0.00011369528447380262
v219,21600,ours_correct,ours_random,early_half,21621,21,dd_tied,0.002055112293788297,0.0,0.2711707239903376,0.0017936370946627367
v219,21600,ours_correct,ours_random,early_half,21625,25,dd_down,0.0017248650959560408,-0.1428571428571428,-1.092937252336867,0.001245016713335989
v219,21600,ours_correct,ours_random,early_half,21626,26,dd_tied,0.00027936765125824436,0.0,0.08408786576576688,0.0013558395414373647
v219,21600,ours_correct,ours_random,early_half,21628,28,dd_down,0.00016029460089539427,-0.1428571428571428,-1.2869926441010477,-0.00010816893437681774
v219,21600,ours_correct,ours_random,early_half,21629,29,dd_down,0.001345219952719634,-0.14285714285714285,-1.0626509138964906,-0.0001955452861547302
v219,21600,ours_correct,ours_random,early_half,21633,33,dd_tied,4.366414887568837e-05,0.0,-0.029258740744609213,-0.0016085373069462117
v219,21600,ours_correct,ours_random,early_half,21634,34,dd_up,-0.004468963486807698,0.1428571428571428,1.0689076558368669,0.0007884014031283026
v219,21600,ours_correct,ours_random,early_half,21636,36,dd_tied,0.0004025053977966264,0.0,0.04995356576245058,-0.00031963419198943743
v219,21600,ours_correct,ours_random,early_half,21637,37,dd_tied,0.00021340097699851235,0.0,0.03778760871567499,0.00014284500925854093
v219,21600,ours_correct,ours_random,early_half,21641,41,dd_tied,-0.0005019681794302677,0.0,-0.009014698362165063,1.8079789878444608e-05
v219,21600,ours_correct,ours_random,early_half,21642,42,dd_tied,0.0001809317725045556,0.0,-0.021556213368882027,0.000165356700824959
v219,21600,ours_correct,ours_random,early_half,21644,44,dd_tied,-0.0008991040502275283,0.0,-0.023725313475566168,3.0211233248311764e-05
v219,21600,ours_correct,ours_random,early_half,21645,45,dd_tied,0.004010771342686237,0.0,0.0040624892466638585,-0.00016544611025692824
v219,21600,ours_correct,ours_random,early_half,21649,49,dd_tied,-0.0001651992116654677,0.0,-0.039709318131286864,0.0006656721293497592
v219,21600,ours_correct,ours_random,early_half,21650,50,dd_tied,-0.00023122583116808038,0.0,-0.128301309502163,0.0001786114581420195
v219,21600,ours_correct,ours_random,early_half,21652,52,dd_tied,-0.0005521259989058613,0.0,-0.00047236211921131144,-0.00010949825608808084
v219,21600,ours_correct,ours_random,early_half,21653,53,dd_tied,-0.00021030664443966174,0.0,0.017635821033650245,0.00014168067622666314
v219,21600,ours_correct,ours_random,early_half,21657,57,dd_tied,0.000730596269880035,0.0,0.026844627557821354,0.0001272386479119758
v219,21600,ours_correct,ours_random,early_half,21658,58,dd_tied,-0.0009192286218914214,0.0,-0.08963167518521686,0.00029024188504700454
v219,21600,ours_correct,ours_random,early_half,21660,60,dd_tied,0.001469328744070908,0.0,0.033248379232659886,0.0008112030751971089
v219,21600,ours_correct,ours_random,early_half,21661,61,dd_tied,-0.0008726079123361208,0.0,0.267448258979897,-0.003933157518981267
v219,21600,ours_correct,ours_random,early_half,21665,65,dd_tied,0.00017599650791710886,0.0,0.0051547126169282365,9.263213925314595e-05
v219,21600,ours_correct,ours_random,early_half,21666,66,dd_tied,-0.0012501289163318052,0.0,-0.023731518414592756,0.00011179460058108326
v219,21600,ours_correct,ours_random,early_half,21668,68,dd_tied,0.0004296180180141107,0.0,0.06417355755567655,0.00020415607839330274
v219,21600,ours_correct,ours_random,early_half,21669,69,dd_tied,-0.001303100245339528,0.0,0.005632634972201345,0.0001731405276473863
v219,21600,ours_correct,ours_random,early_half,21673,73,dd_tied,0.00047806143760686926,0.0,-0.21220193787677033,-0.0038482867338045512
v219,21600,ours_correct,ours_random,early_half,21674,74,dd_tied,-0.004402035474777244,0.0,-0.03352152929740271,9.8075777748452e-05
v219,21600,ours_correct,ours_random,early_half,21676,76,dd_down,-0.006632264852523884,-0.14285714285714285,-1.2615946981758128,-0.0014601847316007
v219,21600,ours_correct,ours_random,early_half,21677,77,dd_tied,0.00016454628535689242,0.0,0.013485104422230165,-7.622296557685537e-05
v219,21600,ours_correct,ours_random,early_half,21681,81,dd_tied,-0.00026708671024877617,0.0,0.0882126752757415,-0.0017222313299185554
v219,21600,ours_correct,ours_random,early_half,21682,82,dd_tied,-0.0006850703699248228,0.0,0.07336553883199315,0.001900991541604058
v219,21600,ours_correct,ours_random,early_half,21684,84,dd_down,-0.0021021681172507245,-0.2857142857142857,-1.9826627045548975,0.00634593199306277
v219,21600,ours_correct,ours_random,early_half,21685,85,dd_tied,0.013636850714683568,0.0,-0.17935927862714607,-0.007246139860096701
v219,21600,ours_correct,ours_random,early_half,21689,89,dd_tied,0.005113206250326963,0.0,0.12941888780051158,0.003532915767737843
v219,21600,ours_correct,ours_random,early_half,21690,90,dd_tied,-0.0014405771664210976,0.0,-0.042399049762067875,-0.0002104007462095936
v219,21600,ours_correct,ours_random,early_half,21692,92,dd_tied,-0.0001188785689217875,0.0,-0.05211925191353828,3.6392143152874645e-05
v219,21600,ours_correct,ours_random,early_half,21693,93,dd_tied,-0.003623056922639978,0.0,-0.07393167537786383,-0.0002805875370430755
v219,21600,ours_correct,ours_random,early_half,21697,97,dd_tied,-0.0008189048085893713,0.0,-0.1556002312336915,-0.001962999598356774
v219,21600,ours_correct,ours_random,early_half,21698,98,dd_tied,0.0012167620658875,0.0,-0.12400908880655948,-0.0002981720374364283
v219,21600,ours_correct,ours_random,early_half,21700,100,dd_tied,-0.001385549817766507,0.0,0.022736560766659863,9.735212654060632e-05
v219,21600,ours_correct,ours_random,early_half,21701,101,dd_up,-0.00021385056631906263,0.14285714285714285,1.055514805417289,1.4175071187394472e-05
v219,21600,ours_correct,ours_random,early_half,21705,105,dd_down,-0.0024332598277501116,-0.2857142857142857,-2.2249400645661126,0.0023738088339544383
v219,21600,ours_correct,ours_random,early_half,21706,106,dd_tied,0.0035929812703814346,0.0,0.10140583461843278,0.0004087979484962423
v219,21600,ours_correct,ours_random,early_half,21708,108,dd_tied,0.0015988940852028621,0.0,0.0635340682390364,-3.22006523844065e-05
v219,21600,ours_correct,ours_random,early_half,21709,109,dd_tied,-0.00023061207362584657,0.0,0.006042756961463169,0.00013748926964607389
v219,21600,ours_correct,ours_random,early_half,21713,113,dd_up,0.002937499625342177,0.1428571428571428,1.1412150316335925,0.00015539680563492198
v219,21600,ours_correct,ours_random,early_half,21714,114,dd_tied,0.0024692981583730456,0.0,0.03371940098340076,-0.00036955151652162677
v219,21600,ours_correct,ours_random,early_half,21716,116,dd_tied,0.0017685886791775074,0.0,-0.09571622746304342,0.0010383661097327357
v219,21600,ours_correct,ours_random,early_half,21717,117,dd_down,-0.0013142400128499654,-0.1428571428571429,-1.201166534749433,0.0009775635465055776
v219,21600,ours_correct,ours_random,early_half,21721,121,dd_tied,0.0016206509726387486,0.0,-0.007749948379938587,-0.0009244606263576483
v219,21600,ours_correct,ours_random,early_half,21722,122,dd_tied,-0.007923887797764428,0.0,-0.4912012056462629,-0.004941744011708327
v219,21600,ours_correct,ours_random,early_half,21724,124,dd_tied,0.0005094145025524854,0.0,-0.0961242307730572,-0.002461481662134335
v219,21600,ours_correct,ours_random,early_half,21725,125,dd_tied,0.00035712139947075006,0.0,-0.03276270756478539,0.0005123782673061017
v219,21600,ours_correct,ours_random,late_half,21601,1,dd_tied,-0.0010884821414948176,0.0,-0.15585405630314142,-0.0010311934151748803
v219,21600,ours_correct,ours_random,late_half,21602,2,dd_down,0.02218742430210119,-0.125,-0.5447061399841289,-9.925188680026675e-05
v219,21600,ours_correct,ours_random,late_half,21604,4,dd_tied,0.0017127713561058133,0.0,-0.014151047404197925,0.00010627005436947279
v219,21600,ours_correct,ours_random,late_half,21605,5,dd_tied,-0.000731149911880502,0.0,0.20458207184417176,0.00339420733475293
v219,21600,ours_correct,ours_random,late_half,21609,9,dd_tied,0.0012347418069839078,0.0,0.1355794231645433,0.0005481736495484002
v219,21600,ours_correct,ours_random,late_half,21610,10,dd_tied,-0.010087149590253808,0.0,0.0820655002080457,-0.0002596168621307182
v219,21600,ours_correct,ours_random,late_half,21612,12,dd_tied,-0.015024333596229567,0.0,0.16506120176931915,-0.0008378308386260969
v219,21600,ours_correct,ours_random,late_half,21613,13,dd_tied,-0.012965052723884596,0.0,-0.7334577858808302,-0.004601584225955024
v219,21600,ours_correct,ours_random,late_half,21617,17,dd_tied,-0.0028236484527587313,0.0,0.05550694437908987,0.00041728174717770017
v219,21600,ours_correct,ours_random,late_half,21618,18,dd_up,0.019948260337114387,0.125,0.6182951358040043,-0.002972023776970256
v219,21600,ours_correct,ours_random,late_half,21620,20,dd_tied,0.004886735379695861,0.0,-0.09520158208555074,0.0007319071580016434
v219,21600,ours_correct,ours_random,late_half,21621,21,dd_tied,0.025559965670108875,0.0,1.0777162676032646,0.002688739495733672
v219,21600,ours_correct,ours_random,late_half,21625,25,dd_down,-0.0034971797466278876,-0.25,-1.7467809151750089,0.0014468086759875654
v219,21600,ours_correct,ours_random,late_half,21626,26,dd_down,0.0017577487230300282,-0.25,0.3386611011374896,0.007644742830427154
v219,21600,ours_correct,ours_random,late_half,21628,28,dd_tied,-0.006961606740951476,0.0,-0.36174429193988544,-0.00017766770984350977
v219,21600,ours_correct,ours_random,late_half,21629,29,dd_down,-0.004960018396377608,-0.5,-4.112982932464348,0.0005342674950902238
v219,21600,ours_correct,ours_random,late_half,21633,33,dd_tied,-0.030977890342474,0.0,-0.8157113665993165,-0.0045604981202175265
v219,21600,ours_correct,ours_random,late_half,21634,34,dd_down,0.04980498090386387,-0.625,-3.8194385200063294,0.0027809773475595545
v219,21600,ours_correct,ours_random,late_half,21636,36,dd_up,-0.0016112294793129145,0.125,0.6636161350039487,-0.0005756514802254253
v219,21600,ours_correct,ours_random,late_half,21637,37,dd_tied,0.00038635939359665805,0.0,0.21129085435218542,0.0005662099342036431
v219,21600,ours_correct,ours_random,late_half,21641,41,dd_tied,0.0024426394701003717,0.0,0.005546873164760768,-1.1863338182038774e-05
v219,21600,ours_correct,ours_random,late_half,21642,42,dd_tied,-0.007471552491188027,0.0,-0.09017701876621231,0.0008996336416392525
v219,21600,ours_correct,ours_random,late_half,21644,44,dd_down,0.05578104496002201,-0.125,0.10323727185145515,0.0035456490794703033
v219,21600,ours_correct,ours_random,late_half,21645,45,dd_up,8.465915918343114e-05,0.125,-0.1712656023009913,0.0038761620809799613
v219,21600,ours_correct,ours_random,late_half,21649,49,dd_tied,-0.021823678910732336,0.0,-0.020656543658589044,0.00014246462616351874
v219,21600,ours_correct,ours_random,late_half,21650,50,dd_tied,-0.003962185680866259,0.0,-0.2866248475531137,-0.0006131839305463238
v219,21600,ours_correct,ours_random,late_half,21652,52,dd_tied,0.0003346511721610268,0.0,0.024109333034289193,-0.00016928142295480342
v219,21600,ours_correct,ours_random,late_half,21653,53,dd_tied,0.0012308338284492404,0.0,0.06378003469251325,0.00014455985352812561
v219,21600,ours_correct,ours_random,late_half,21657,57,dd_tied,0.02507101118564603,0.0,0.5156019363917466,0.00013082627414184866
v219,21600,ours_correct,ours_random,late_half,21658,58,dd_tied,-0.0032569739222526595,0.0,-0.011537341571496995,3.4864702971093564e-05
v219,21600,ours_correct,ours_random,late_half,21660,60,dd_up,-0.0005429074168205039,0.125,1.122723470928733,0.003491255155590456
v219,21600,ours_correct,ours_random,late_half,21661,61,dd_tied,-0.02935551255941382,0.0,-1.5207589488245503,-0.007500341055162396
v219,21600,ours_correct,ours_random,late_half,21665,65,dd_tied,0.00022772282361982477,0.0,-0.0896918022303339,6.25812782006907e-05
v219,21600,ours_correct,ours_random,late_half,21666,66,dd_tied,0.020415401458740212,0.0,0.3613608783304727,-0.0012466524121637068
v219,21600,ours_correct,ours_random,late_half,21668,68,dd_tied,0.001797660589218153,0.0,0.028866780622067267,-5.187024839270471e-05
v219,21600,ours_correct,ours_random,late_half,21669,69,dd_tied,0.003359233140945439,0.0,0.08883115694912647,0.0011301170134764282
v219,21600,ours_correct,ours_random,late_half,21673,73,dd_tied,-0.009696757495403219,0.0,0.1781209022150847,-0.004241867379127129
v219,21600,ours_correct,ours_random,late_half,21674,74,dd_up,-0.013386944383382837,0.125,-0.6949488074487675,-0.005649443295237977
v219,21600,ours_correct,ours_random,late_half,21676,76,dd_tied,-0.014115070104599003,0.0,-0.5153740464423748,-0.0007221882171777327
v219,21600,ours_correct,ours_random,late_half,21677,77,dd_tied,0.016422650218009927,0.0,0.16184648751334407,0.0005016544602822748
v219,21600,ours_correct,ours_random,late_half,21681,81,dd_tied,0.00852625742554658,0.0,0.42098754770606206,-0.000611712987305002
v219,21600,ours_correct,ours_random,late_half,21682,82,dd_tied,-0.0017673353105783773,0.0,-0.1982604997366657,-0.0030341285424637654
v219,21600,ours_correct,ours_random,late_half,21684,84,dd_down,-0.07979795888066288,-0.375,-4.490396233724098,0.005604307028721944
v219,21600,ours_correct,ours_random,late_half,21685,85,dd_tied,0.011885448582470481,0.0,-5.456629616641521,-0.061193920762641296
v219,21600,ours_correct,ours_random,late_half,21689,89,dd_tied,0.017839963436126705,0.0,1.361278730296192,0.008864265932011062
v219,21600,ours_correct,ours_random,late_half,21690,90,dd_tied,-0.007667522132396631,0.0,0.2834852966376502,-0.000620302291760022
v219,21600,ours_correct,ours_random,late_half,21692,92,dd_tied,-0.00029478192329401853,0.0,0.00483592682631695,0.00035231361010501505
v219,21600,ours_correct,ours_random,late_half,21693,93,dd_tied,0.01017420649528511,0.0,-0.07539585452903452,-0.0014539227718706194
v219,21600,ours_correct,ours_random,late_half,21697,97,dd_tied,-0.020270613133907323,0.0,-0.7764389005229475,-0.005263643592181677
v219,21600,ours_correct,ours_random,late_half,21698,98,dd_tied,0.012979256212711343,0.0,0.02416336299154409,0.00012273396415385385
v219,21600,ours_correct,ours_random,late_half,21700,100,dd_tied,-0.10053144991397855,0.0,-2.4890501031608494,-0.0025550103603305674
v219,21600,ours_correct,ours_random,late_half,21701,101,dd_up,0.02277346260845664,0.375,2.8567241104980496,-0.004212814818424393
v219,21600,ours_correct,ours_random,late_half,21705,105,dd_up,-0.007943216115236296,0.125,0.2846151498448535,-0.013616164920903562
v219,21600,ours_correct,ours_random,late_half,21706,106,dd_tied,0.013154871016740843,0.0,0.17760787987204196,0.0006098417715693083
v219,21600,ours_correct,ours_random,late_half,21708,108,dd_tied,-0.0005285894870757923,0.0,-0.052596735398779515,-0.0024028090993065687
v219,21600,ours_correct,ours_random,late_half,21709,109,dd_down,-0.002831547558307612,-0.125,-1.019209247799509,0.0005362568495249631
v219,21600,ours_correct,ours_random,late_half,21713,113,dd_up,0.06490356445312506,0.375,4.183872037496073,-0.0020305775417228666
v219,21600,ours_correct,ours_random,late_half,21714,114,dd_up,-0.014269471466541228,0.125,0.8002133475909119,6.411252280491553e-05
v219,21600,ours_correct,ours_random,late_half,21716,116,dd_tied,0.012367508709430708,0.0,0.32577912075458926,0.0030439935658066464
v219,21600,ours_correct,ours_random,late_half,21717,117,dd_down,-0.0005132418870925637,-0.25,-1.5888746845308503,0.0012588021315981246
v219,21600,ours_correct,ours_random,late_half,21721,121,dd_down,0.04204354584217074,-0.375,-2.266969253913956,-0.0018875579701539413
v219,21600,ours_correct,ours_random,late_half,21722,122,dd_tied,0.014594007581472335,0.0,0.9359146105039855,0.0016509092852136087
v219,21600,ours_correct,ours_random,late_half,21724,124,dd_tied,0.0017239122092723713,0.0,-0.025041620928519137,-2.0111042733361728e-05
v219,21600,ours_correct,ours_random,late_half,21725,125,dd_tied,-0.007047215104103111,0.0,-0.18428811251861532,0.0006432611574370695
v219,21600,ours_correct,pooled_correct,full,21601,1,dd_tied,0.0010878613789876423,0.0,0.21114826152548005,0.0009045537407978976
v219,21600,ours_correct,pooled_correct,full,21602,2,dd_up,0.003974719365437918,0.06666666666666665,0.5154416092958627,0.00032009899762264205
v219,21600,ours_correct,pooled_correct,full,21604,4,dd_tied,0.0007035156885782934,0.0,-0.022912818199770868,0.00019658305045844315
v219,21600,ours_correct,pooled_correct,full,21605,5,dd_tied,-0.0017034360567729223,0.0,0.02952048895296855,0.00048228466096345013
v219,21600,ours_correct,pooled_correct,full,21609,9,dd_tied,0.0012659431298573942,0.0,-0.04028099206676927,0.0001577422228880021
v219,21600,ours_correct,pooled_correct,full,21610,10,dd_tied,-0.006204268376032496,0.0,-0.18133877761700035,-0.0006807799192216635
v219,21600,ours_correct,pooled_correct,full,21612,12,dd_tied,-0.017786920706431064,0.0,-0.29349983691810166,-0.0001858386999689099
v219,21600,ours_correct,pooled_correct,full,21613,13,dd_up,-0.012037710030873727,0.1333333333333333,0.9025397226585596,0.000587024393903457
v219,21600,ours_correct,pooled_correct,full,21617,17,dd_tied,-0.0066871275107065475,0.0,-0.19866800387593742,0.0006696349427045556
v219,21600,ours_correct,pooled_correct,full,21618,18,dd_tied,-0.004702114105224697,0.0,-0.030992896413806648,-0.0007034241247606543
v219,21600,ours_correct,pooled_correct,full,21620,20,dd_up,-0.004592112700144257,0.06666666666666671,0.24192419122506692,0.001136451813582462
v219,21600,ours_correct,pooled_correct,full,21621,21,dd_up,-0.0007705696423847552,0.06666666666666665,0.4428262896669537,-0.0009244246268403922
v219,21600,ours_correct,pooled_correct,full,21625,25,dd_down,-0.008368268489837627,-0.06666666666666665,-0.7866282032331497,-0.00026771709722694936
v219,21600,ours_correct,pooled_correct,full,21626,26,dd_down,-0.003085174083709785,-0.13333333333333341,-1.000109305603658,0.000573289717324843
v219,21600,ours_correct,pooled_correct,full,21628,28,dd_tied,0.009031740029652902,0.0,-0.14618538597262898,0.00013859693186801803
v219,21600,ours_correct,pooled_correct,full,21629,29,dd_down,0.00028278652826940753,-0.6,-4.6176710641775145,-0.0001810300016286126
v219,21600,ours_correct,pooled_correct,full,21633,33,dd_tied,-0.0214129087924958,0.0,-0.3364658191028127,-0.004562246062613462
v219,21600,ours_correct,pooled_correct,full,21634,34,dd_up,0.00013861441612228464,0.1333333333333333,0.5557602005110169,-0.005079593159067142
v219,21600,ours_correct,pooled_correct,full,21636,36,dd_tied,0.0029123422304788704,0.0,0.14018623855146473,-0.0003943022132311125
v219,21600,ours_correct,pooled_correct,full,21637,37,dd_tied,0.0009744591712952388,0.0,0.09534741950290027,0.00023677047638270832
v219,21600,ours_correct,pooled_correct,full,21641,41,dd_tied,0.0024711745580038302,0.0,0.053362091506500064,0.00014731645904753066
v219,21600,ours_correct,pooled_correct,full,21642,42,dd_tied,-0.004436525344848508,0.0,-0.12241543705570734,-0.00010833610446892017
v219,21600,ours_correct,pooled_correct,full,21644,44,dd_tied,0.029496246337890608,0.0,0.6977200185199877,0.0025246409580155227
v219,21600,ours_correct,pooled_correct,full,21645,45,dd_up,0.0012075386047363246,0.06666666666666665,-0.5952066363047379,-0.00872021289190672
v219,21600,ours_correct,pooled_correct,full,21649,49,dd_tied,0.005736369609832814,0.0,0.1328683889668696,-0.0002080707726490605
v219,21600,ours_correct,pooled_correct,full,21650,50,dd_tied,-0.00031908925374357633,0.0,-0.06566727565785868,0.00015519337271507894
v219,21600,ours_correct,pooled_correct,full,21652,52,dd_tied,-0.0006851496696472781,0.0,-0.04943801733361397,-2.8342185444008017e-05
v219,21600,ours_correct,pooled_correct,full,21653,53,dd_tied,-0.00012378533681223214,0.0,-0.0051317133425072825,0.00010899483601189974
v219,21600,ours_correct,pooled_correct,full,21657,57,dd_tied,-0.0006459965705871706,0.0,0.018363438483802952,0.00013300593175169517
v219,21600,ours_correct,pooled_correct,full,21658,58,dd_tied,0.0008607027530669331,0.0,-0.10942828467213417,-0.0006701575445902108
v219,21600,ours_correct,pooled_correct,full,21660,60,dd_up,0.001686637083689435,0.06666666666666665,0.5034035724976889,0.00011017305585225845
v219,21600,ours_correct,pooled_correct,full,21661,61,dd_tied,-0.028505472819010502,0.0,-1.1267991570758653,-0.001090107948927721
v219,21600,ours_correct,pooled_correct,full,21665,65,dd_tied,-0.0002327656745909623,0.0,-0.0292115172083669,-5.5219584696675206e-05
v219,21600,ours_correct,pooled_correct,full,21666,66,dd_tied,-0.0023509058157602514,0.0,-0.01868995823484454,-0.0008599090915349938
v219,21600,ours_correct,pooled_correct,full,21668,68,dd_tied,0.00034520594278975025,0.0,0.01702603111738199,0.00012150543911815248
v219,21600,ours_correct,pooled_correct,full,21669,69,dd_tied,0.0005718586444855012,0.0,0.025331890609436414,-0.0001942469476757802
v219,21600,ours_correct,pooled_correct,full,21673,73,dd_tied,-0.00036285233497623803,0.0,-0.12732982485471211,-0.0019628111132024006
v219,21600,ours_correct,pooled_correct,full,21674,74,dd_up,0.009677331765492792,0.2666666666666667,1.2498111988181506,-0.0052707830429944424
v219,21600,ours_correct,pooled_correct,full,21676,76,dd_down,0.02440973949432379,-0.3333333333333333,-1.346462307257056,0.00796265752342229
v219,21600,ours_correct,pooled_correct,full,21677,77,dd_tied,0.008157830397288013,0.0,0.0846323877786972,0.001577021054953276
v219,21600,ours_correct,pooled_correct,full,21681,81,dd_up,-0.019371268431345623,0.19999999999999996,1.1549887690291882,-0.0018792417623902935
v219,21600,ours_correct,pooled_correct,full,21682,82,dd_tied,-0.0017411117752393346,0.0,-0.16981958440866407,-0.001550517795003814
v219,21600,ours_correct,pooled_correct,full,21684,84,dd_down,0.0014041118224461524,-0.13333333333333336,-0.7291888873312615,0.005616044446765445
v219,21600,ours_correct,pooled_correct,full,21685,85,dd_up,0.02284778332710269,0.06666666666666665,-1.110322181015988,-0.021249407457445968
v219,21600,ours_correct,pooled_correct,full,21689,89,dd_tied,-0.0002666985193887639,0.0,0.33278349274650054,0.009046137785441943
v219,21600,ours_correct,pooled_correct,full,21690,90,dd_tied,0.0005880549748737973,0.0,-0.02823453802879783,0.0002929001728413372
v219,21600,ours_correct,pooled_correct,full,21692,92,dd_tied,1.7690658569269324e-05,0.0,-0.017351388161813475,-0.0001883933841354546
v219,21600,ours_correct,pooled_correct,full,21693,93,dd_tied,0.0002767900625865183,0.0,0.1225184844602154,0.000607636220041452
v219,21600,ours_correct,pooled_correct,full,21697,97,dd_tied,-0.008431274573008185,0.0,-0.47920626762477525,-0.0026671518053679177
v219,21600,ours_correct,pooled_correct,full,21698,98,dd_tied,0.004567511876424124,0.0,0.06497016138565925,0.0023301514591443917
v219,21600,ours_correct,pooled_correct,full,21700,100,dd_tied,0.007744504133860297,0.0,-0.21989293804338672,-0.002549045631039526
v219,21600,ours_correct,pooled_correct,full,21701,101,dd_up,0.007027933975060796,0.06666666666666665,0.6492253463728161,0.004298759896077975
v219,21600,ours_correct,pooled_correct,full,21705,105,dd_up,-0.00089837288856498,0.1333333333333333,0.9334357386845653,-0.003735726215646662
v219,21600,ours_correct,pooled_correct,full,21706,106,dd_tied,0.011878761370976654,0.0,0.20114072312907183,0.00034502414033343864
v219,21600,ours_correct,pooled_correct,full,21708,108,dd_tied,-0.003002920309702617,0.0,-0.11117405639625133,-0.0008873174705585907
v219,21600,ours_correct,pooled_correct,full,21709,109,dd_tied,-0.0012426656087238808,0.0,0.04534709786078395,0.0003586637946436655
v219,21600,ours_correct,pooled_correct,full,21713,113,dd_up,0.048399126609166454,0.1333333333333333,1.3404027826510827,-0.0010725842554183407
v219,21600,ours_correct,pooled_correct,full,21714,114,dd_tied,0.019559415976206473,0.0,0.2997086944388627,-0.0008961288899628217
v219,21600,ours_correct,pooled_correct,full,21716,116,dd_tied,0.0057184520562491015,0.0,0.0009836677136689786,0.0007868210148707089
v219,21600,ours_correct,pooled_correct,full,21717,117,dd_up,-0.005976826826731285,0.06666666666666665,0.371888544473876,0.0008574610576677077
v219,21600,ours_correct,pooled_correct,full,21721,121,dd_down,0.02243648099899287,-0.1333333333333333,-0.8160136135169438,0.0003557484251596188
v219,21600,ours_correct,pooled_correct,full,21722,122,dd_tied,-0.00407913382848113,0.0,-0.12253615122199335,0.001171148210171724
v219,21600,ours_correct,pooled_correct,full,21724,124,dd_down,0.000858704408009836,-0.06666666666666665,-0.42982828944114715,-0.0004363388822998804
v219,21600,ours_correct,pooled_correct,full,21725,125,dd_tied,-0.0033861325581867607,0.0,-0.07346807516292131,-0.00020627351019564255
v219,21600,ours_correct,pooled_correct,early_half,21601,1,dd_tied,0.0004294477190289747,0.0,0.06205052816065404,0.0004909036084369545
v219,21600,ours_correct,pooled_correct,early_half,21602,2,dd_tied,-0.0001042577198573369,0.0,-0.10352651678975633,0.00030627186451714916
v219,21600,ours_correct,pooled_correct,early_half,21604,4,dd_tied,-0.0006133937835692826,0.0,0.09306509506458838,0.00012844454042393316
v219,21600,ours_correct,pooled_correct,early_half,21605,5,dd_tied,-0.0002610581261770495,0.0,-0.02467418161647572,-0.0004883367117340942
v219,21600,ours_correct,pooled_correct,early_half,21609,9,dd_tied,0.0007252398559025597,0.0,-0.12058381161665466,0.0002909808160760363
v219,21600,ours_correct,pooled_correct,early_half,21610,10,dd_tied,0.0019171501908983313,0.0,-0.12500851724853135,-0.0005028250150931335
v219,21600,ours_correct,pooled_correct,early_half,21612,12,dd_tied,0.0008004951477050826,0.0,-0.015916040395296704,0.00020842173014745669
v219,21600,ours_correct,pooled_correct,early_half,21613,13,dd_down,0.0010180316652570465,-0.1428571428571429,-0.7393506162088386,0.004618668727429331
v219,21600,ours_correct,pooled_correct,early_half,21617,17,dd_tied,0.00020934190068933045,0.0,0.08480830507453163,0.0005761285630935253
v219,21600,ours_correct,pooled_correct,early_half,21618,18,dd_tied,-0.0014018453870501268,0.0,-0.051747553940870716,-0.00017170905709340545
v219,21600,ours_correct,pooled_correct,early_half,21620,20,dd_up,-0.0014743382590156617,0.1428571428571429,1.005391117500011,0.0003839054236849382
v219,21600,ours_correct,pooled_correct,early_half,21621,21,dd_tied,0.0003014802932739258,0.0,0.1215412337734989,0.0001875578315406745
v219,21600,ours_correct,pooled_correct,early_half,21625,25,dd_down,0.0013349982670375349,-0.1428571428571428,-1.0026410584381296,0.0007842816866886482
v219,21600,ours_correct,pooled_correct,early_half,21626,26,dd_tied,-5.805492401123047e-05,0.0,-0.0960655923894933,0.0013009148101109647
v219,21600,ours_correct,pooled_correct,early_half,21628,28,dd_tied,-0.0008130489076886294,0.0,-0.2808017764055535,-5.5466992739838794e-05
v219,21600,ours_correct,pooled_correct,early_half,21629,29,dd_down,0.0019479111262730164,-0.14285714285714285,-1.0759066248102727,-0.0003171927291046872
v219,21600,ours_correct,pooled_correct,early_half,21633,33,dd_tied,-0.0008672119889939767,0.0,0.061876539155264254,-0.0020942654433965258
v219,21600,ours_correct,pooled_correct,early_half,21634,34,dd_tied,0.002242052725383248,0.0,0.04263946025977816,-0.0011059137062531255
v219,21600,ours_correct,pooled_correct,early_half,21636,36,dd_tied,0.0006702933992658311,0.0,0.11099321205416857,-0.00022312971796956127
v219,21600,ours_correct,pooled_correct,early_half,21637,37,dd_tied,0.00033900465284075754,0.0,0.08745569307117762,7.023093296432137e-05
v219,21600,ours_correct,pooled_correct,early_half,21641,41,dd_tied,-6.634882518230523e-05,0.0,0.019215365275769614,3.041910182310925e-05
v219,21600,ours_correct,pooled_correct,early_half,21642,42,dd_tied,0.0011075098173959352,0.0,-0.045714098497384725,1.9132653812592437e-05
v219,21600,ours_correct,pooled_correct,early_half,21644,44,dd_tied,-0.0015596195629663523,0.0,0.010389997479407498,0.0004623150803044762
v219,21600,ours_correct,pooled_correct,early_half,21645,45,dd_tied,0.002891952650887486,0.0,-0.25364189412039195,-0.0060871229202912325
v219,21600,ours_correct,pooled_correct,early_half,21649,49,dd_tied,-0.00042551687785552517,0.0,-0.04244729867568253,0.0002401053776652784
v219,21600,ours_correct,pooled_correct,early_half,21650,50,dd_tied,0.0005528644153049989,0.0,-0.0032704450837712784,0.0003400845682396403
v219,21600,ours_correct,pooled_correct,early_half,21652,52,dd_tied,-0.0002556412560600352,0.0,-0.019495842290822907,4.025181028488589e-05
v219,21600,ours_correct,pooled_correct,early_half,21653,53,dd_tied,-0.00010531527655455175,0.0,-0.01245088411121742,8.30063868626496e-05
v219,21600,ours_correct,pooled_correct,early_half,21657,57,dd_tied,0.0004688872609819317,0.0,0.012161981007963618,0.0001429993005140906
v219,21600,ours_correct,pooled_correct,early_half,21658,58,dd_tied,-0.00014063767024452556,0.0,-0.1114317334028243,-0.000257947386284485
v219,21600,ours_correct,pooled_correct,early_half,21660,60,dd_tied,0.0005442655086517201,0.0,-0.008624308931246105,-0.00025026269514139
v219,21600,ours_correct,pooled_correct,early_half,21661,61,dd_tied,0.004344819273267464,0.0,0.2704634367333938,0.001710408425538823
v219,21600,ours_correct,pooled_correct,early_half,21665,65,dd_tied,-0.0002248467717852476,0.0,-0.0163342018159085,-1.681512180606859e-05
v219,21600,ours_correct,pooled_correct,early_half,21666,66,dd_tied,-0.0017307119710106011,0.0,0.03102703084772429,-0.00031914041251546177
v219,21600,ours_correct,pooled_correct,early_half,21668,68,dd_tied,0.0002648356982640765,0.0,-0.01072506991998523,0.00015151413915492906
v219,21600,ours_correct,pooled_correct,early_half,21669,69,dd_tied,-0.0016314930575234143,0.0,-0.026145261963847588,-3.565071200617442e-05
v219,21600,ours_correct,pooled_correct,early_half,21673,73,dd_tied,-0.001132583107267049,0.0,-0.15911186684964207,-0.0017649940965287492
v219,21600,ours_correct,pooled_correct,early_half,21674,74,dd_tied,-0.009571710484368445,0.0,-0.1685309597018545,-0.0007348801322928367
v219,21600,ours_correct,pooled_correct,early_half,21676,76,dd_down,0.006122926814215557,-0.14285714285714285,-0.8436133194022801,0.0004949805793412754
v219,21600,ours_correct,pooled_correct,early_half,21677,77,dd_tied,0.0002615267889841677,0.0,-0.042684459063664804,0.00019645396941159188
v219,21600,ours_correct,pooled_correct,early_half,21681,81,dd_tied,-0.0008170621735709149,0.0,0.08383105365059862,-0.0028130741366099166
v219,21600,ours_correct,pooled_correct,early_half,21682,82,dd_tied,0.002245159276894171,0.0,-0.13473788737726977,0.0018997672424750922
v219,21600,ours_correct,pooled_correct,early_half,21684,84,dd_down,0.005322025588580526,-0.1428571428571429,-0.8340910774631709,0.0024892995825914754
v219,21600,ours_correct,pooled_correct,early_half,21685,85,dd_tied,0.0018021949699946749,0.0,-0.31915744025273796,0.0043075487346633246
v219,21600,ours_correct,pooled_correct,early_half,21689,89,dd_tied,-0.0007287059511457139,0.0,-0.09272176203219828,-9.662648202557467e-05
v219,21600,ours_correct,pooled_correct,early_half,21690,90,dd_tied,0.0009846670286994819,0.0,0.09977773641280407,-6.3335472090253475e-06
v219,21600,ours_correct,pooled_correct,early_half,21692,92,dd_tied,0.00033772468566894975,0.0,-0.05053537255149365,-7.316112065991476e-05
v219,21600,ours_correct,pooled_correct,early_half,21693,93,dd_tied,-0.0008185395172661813,0.0,0.07596342861556593,0.00010713228227166027
v219,21600,ours_correct,pooled_correct,early_half,21697,97,dd_tied,-0.0018983602523804377,0.0,-0.1000262582752498,-0.0012262456881455552
v219,21600,ours_correct,pooled_correct,early_half,21698,98,dd_tied,0.0015103173255920366,0.0,-0.06120070807611455,0.0006079864645835986
v219,21600,ours_correct,pooled_correct,early_half,21700,100,dd_tied,-0.0009680945532661855,0.0,0.11337165794095938,-0.0008976306951833379
v219,21600,ours_correct,pooled_correct,early_half,21701,101,dd_tied,0.0011085515788623046,0.0,0.05201851139733549,0.0034573823304150375
v219,21600,ours_correct,pooled_correct,early_half,21705,105,dd_down,-0.004108838013240357,-0.1428571428571428,-1.1895883599229222,0.0027052894029073737
v219,21600,ours_correct,pooled_correct,early_half,21706,106,dd_tied,0.0023213202612740735,0.0,-0.026220875267881638,0.0001647282706480624
v219,21600,ours_correct,pooled_correct,early_half,21708,108,dd_tied,0.00026922804968687597,0.0,0.009902403823303985,-3.743806454403753e-05
v219,21600,ours_correct,pooled_correct,early_half,21709,109,dd_tied,0.00010592324393132735,0.0,0.0013052462726221847,3.8340568737638137e-05
v219,21600,ours_correct,pooled_correct,early_half,21713,113,dd_up,0.0019466778210230906,0.1428571428571428,1.0290508989801168,-2.92341054595191e-05
v219,21600,ours_correct,pooled_correct,early_half,21714,114,dd_up,0.013179375955036599,0.1428571428571429,1.3455460622404587,-0.0012814036040020849
v219,21600,ours_correct,pooled_correct,early_half,21716,116,dd_tied,-0.0005344401087080675,0.0,-0.04204464046355838,-2.1157735869747896e-05
v219,21600,ours_correct,pooled_correct,early_half,21717,117,dd_tied,-0.002272052424294513,0.0,-0.10282553429887287,0.0009196003464716496
v219,21600,ours_correct,pooled_correct,early_half,21721,121,dd_tied,0.0038647859437124232,0.0,0.028561234137740144,-3.4093574899363155e-05
v219,21600,ours_correct,pooled_correct,early_half,21722,122,dd_tied,-0.021280604260308422,0.0,-0.3957146014870858,-0.0037124558092966886
v219,21600,ours_correct,pooled_correct,early_half,21724,124,dd_tied,-0.005666302953447722,0.0,-0.022206844308186646,-0.0008265902316771934
v219,21600,ours_correct,pooled_correct,early_half,21725,125,dd_tied,9.481566292768306e-06,0.0,-0.0229977923027036,-0.00027300569853605516
v219,21600,ours_correct,pooled_correct,late_half,21601,1,dd_tied,0.0016639733314514071,0.0,0.3416087782196797,0.0012664976066136813
v219,21600,ours_correct,pooled_correct,late_half,21602,2,dd_up,0.007543824315071168,0.125,1.057038719620806,0.000332197739090101
v219,21600,ours_correct,pooled_correct,late_half,21604,4,dd_tied,0.0018558114767075473,0.0,-0.12439349230602659,0.0002562042467388892
v219,21600,ours_correct,pooled_correct,late_half,21605,5,dd_tied,-0.0029655167460441723,0.0,0.07694082570120031,0.0013315783620738708
v219,21600,ours_correct,pooled_correct,late_half,21609,9,dd_tied,0.0017390584945679022,0.0,0.0299839750394284,4.1158453848666454e-05
v219,21600,ours_correct,pooled_correct,late_half,21610,10,dd_tied,-0.013310509622097011,0.0,-0.23062775543938585,-0.0008364904603341827
v219,21600,ours_correct,pooled_correct,late_half,21612,12,dd_tied,-0.03405090957880019,0.0,-0.5363856588755738,-0.0005308165763204808
v219,21600,ours_correct,pooled_correct,late_half,21613,13,dd_up,-0.023461484014988043,0.375,2.3391937691675793,-0.002940664397931725
v219,21600,ours_correct,pooled_correct,late_half,21617,17,dd_tied,-0.0127215382456779,0.0,-0.4467097742075623,0.0007514530248641238
v219,21600,ours_correct,pooled_correct,late_half,21618,18,dd_tied,-0.007589849233627266,0.0,-0.012832571077538546,-0.0011686748089693166
v219,21600,ours_correct,pooled_correct,late_half,21620,20,dd_tied,-0.007320165336132001,0.0,-0.4261093692655322,0.00179492990474317
v219,21600,ours_correct,pooled_correct,late_half,21621,21,dd_up,-0.0017086133360861844,0.125,0.7239507135737426,-0.0018974092779240337
v219,21600,ours_correct,pooled_correct,late_half,21625,25,dd_tied,-0.01685862690210349,0.0,-0.5976169549288954,-0.0011882160331533331
v219,21600,ours_correct,pooled_correct,late_half,21626,26,dd_down,-0.005733903348445923,-0.25,-1.7911475546660256,-6.338223886304117e-05
v219,21600,ours_correct,pooled_correct,late_half,21628,28,dd_tied,0.017645930349826866,0.0,-0.028396044343807603,0.0003084028658996152
v219,21600,ours_correct,pooled_correct,late_half,21629,29,dd_down,-0.0011741974949837086,-1.0,-7.716714948623832,-6.188761508707508e-05
v219,21600,ours_correct,pooled_correct,late_half,21633,33,dd_tied,-0.03939039349555973,0.0,-0.6850153825786975,-0.00672172910442792
v219,21600,ours_correct,pooled_correct,late_half,21634,34,dd_up,-0.001701894104480739,0.25,1.0047408482307958,-0.008556562680279822
v219,21600,ours_correct,pooled_correct,late_half,21636,36,dd_tied,0.0048741349577903215,0.0,0.16573013673657044,-0.0005440781465854139
v219,21600,ours_correct,pooled_correct,late_half,21637,37,dd_tied,0.0015304818749427573,0.0,0.10225268013064692,0.00038249257687394955
v219,21600,ours_correct,pooled_correct,late_half,21641,41,dd_tied,0.0046915075182915045,0.0,0.08324047695840875,0.0002496016466186912
v219,21600,ours_correct,pooled_correct,late_half,21642,42,dd_tied,-0.009287556111812645,0.0,-0.18952910829422365,-0.00021987126796496614
v219,21600,ours_correct,pooled_correct,late_half,21644,44,dd_tied,0.05667012900114066,0.0,1.2991337869304829,0.004329176101012688
v219,21600,ours_correct,pooled_correct,late_half,21645,45,dd_up,-0.0002663236856460527,0.125,-0.8940757857160975,-0.011024166617070508
v219,21600,ours_correct,pooled_correct,late_half,21649,49,dd_tied,0.011128020286560014,0.0,0.28626961565412046,-0.0006002249041744401
v219,21600,ours_correct,pooled_correct,late_half,21650,50,dd_tied,-0.0010820487141608437,0.0,-0.12026450241016562,-6.586423368482031e-06
v219,21600,ours_correct,pooled_correct,late_half,21652,52,dd_tied,-0.0010609695315361156,0.0,-0.07563742049603661,-8.836193170624895e-05
v219,21600,ours_correct,pooled_correct,late_half,21653,53,dd_tied,-0.000139946639537869,0.0,0.0012725610800856657,0.00013173472901772953
v219,21600,ours_correct,pooled_correct,late_half,21657,57,dd_tied,-0.0016215199232102462,0.0,0.023789713775158816,0.00012426173408430774
v219,21600,ours_correct,pooled_correct,late_half,21658,58,dd_tied,0.0017368756234645844,0.0,-0.10767526703277497,-0.0010308414331074989
v219,21600,ours_correct,pooled_correct,late_half,21660,60,dd_up,0.002686212211847394,0.125,0.9514279687480212,0.0004255543379714233
v219,21600,ours_correct,pooled_correct,late_half,21661,61,dd_tied,-0.05724947839975347,0.0,-2.3494039266589652,-0.003540559776585739
v219,21600,ours_correct,pooled_correct,late_half,21665,65,dd_tied,-0.0002396947145462125,0.0,-0.04047916817680175,-8.88234897258311e-05
v219,21600,ours_correct,pooled_correct,late_half,21666,66,dd_tied,-0.0028935754299164174,0.0,-0.06219232368215444,-0.001333081685677362
v219,21600,ours_correct,pooled_correct,late_half,21668,68,dd_tied,0.00041552990674975643,0.0,0.04130824452509785,9.524782658587583e-05
v219,21600,ours_correct,pooled_correct,late_half,21669,69,dd_tied,0.002499791383743233,0.0,0.07037439911110255,-0.0003330186538862412
v219,21600,ours_correct,pooled_correct,late_half,21673,73,dd_tied,0.0003106620907783464,0.0,-0.09952053810917505,-0.002135901002791374
v219,21600,ours_correct,pooled_correct,late_half,21674,74,dd_up,0.026520243734121318,0.5,2.4908605875231444,-0.009239698089857917
v219,21600,ours_correct,pooled_correct,late_half,21676,76,dd_down,0.040410700589418425,-0.5,-1.7864551716299815,0.014496874849492691
v219,21600,ours_correct,pooled_correct,late_half,21677,77,dd_tied,0.015067096054553919,0.0,0.19603462876580124,0.002785017254801958
v219,21600,ours_correct,pooled_correct,late_half,21681,81,dd_up,-0.035606198906898534,0.375,2.092251769985509,-0.0010621384349481788
v219,21600,ours_correct,pooled_correct,late_half,21682,82,dd_tied,-0.005229098945856103,0.0,-0.20051606931116694,-0.004569517202797746
v219,21600,ours_correct,pooled_correct,late_half,21684,84,dd_down,-0.002024062722921327,-0.125,-0.6373994709658177,0.00835194620291746
v219,21600,ours_correct,pooled_correct,late_half,21685,85,dd_up,0.04126267313957216,0.125,-1.8025913291838265,-0.043611744125541696
v219,21600,ours_correct,pooled_correct,late_half,21689,89,dd_tied,0.00013755798339842862,0.0,0.70510059067783,0.01704605651947544
v219,21600,ours_correct,pooled_correct,late_half,21690,90,dd_tied,0.00024101942777643437,0.0,-0.1402452781651533,0.0005547296778846134
v219,21600,ours_correct,pooled_correct,late_half,21692,92,dd_tied,-0.00026233911514284003,0.0,0.011684598179101613,-0.0002892216146768156
v219,21600,ours_correct,pooled_correct,late_half,21693,93,dd_tied,0.0012352034449577554,0.0,0.16325415832427836,0.0010455771655897284
v219,21600,ours_correct,pooled_correct,late_half,21697,97,dd_tied,-0.014147574603557644,0.0,-0.8109887758056544,-0.003927944657937554
v219,21600,ours_correct,pooled_correct,late_half,21698,98,dd_tied,0.007242557108402159,0.0,0.17536967216474864,0.003837045829384822
v219,21600,ours_correct,pooled_correct,late_half,21700,100,dd_tied,0.015368027985095956,0.0,-0.5114994595296878,-0.0039940336999136905
v219,21600,ours_correct,pooled_correct,late_half,21701,101,dd_up,0.012207393571734448,0.125,1.1717813269763298,0.005034965266033087
v219,21600,ours_correct,pooled_correct,late_half,21705,105,dd_up,0.0019107840955256972,0.375,2.791081824966099,-0.009371614881881651
v219,21600,ours_correct,pooled_correct,late_half,21706,106,dd_tied,0.02024152234196669,0.0,0.400082121726399,0.000502783026308018
v219,21600,ours_correct,pooled_correct,late_half,21708,108,dd_tied,-0.005866050124168409,0.0,-0.2171159590884173,-0.0016309619508220186
v219,21600,ours_correct,pooled_correct,late_half,21709,109,dd_tied,-0.0024226808547973544,0.0,0.08388371800045036,0.0006389466173116753
v219,21600,ours_correct,pooled_correct,late_half,21713,113,dd_up,0.08904501929879194,0.125,1.6128356808632702,-0.0019855156366324067
v219,21600,ours_correct,pooled_correct,late_half,21714,114,dd_down,0.025141950994730045,-0.125,-0.615399002387548,-0.0005590135151787301
v219,21600,ours_correct,pooled_correct,late_half,21716,116,dd_tied,0.011189732700586319,0.0,0.03863343736871627,0.00149380242176822
v219,21600,ours_correct,pooled_correct,late_half,21717,117,dd_up,-0.009218504428863517,0.125,0.7872633634000152,0.0008030891799639672
v219,21600,ours_correct,pooled_correct,late_half,21721,121,dd_down,0.038686714172363246,-0.25,-1.5550166052147603,0.0006968601752109782
v219,21600,ours_correct,pooled_correct,late_half,21722,122,dd_tied,0.010972152799367918,0.0,0.11649499275995367,0.005444301727206224
v219,21600,ours_correct,pooled_correct,late_half,21724,124,dd_down,0.0065680858492851435,-0.125,-0.7864970539325356,-9.486895159471764e-05
v219,21600,ours_correct,pooled_correct,late_half,21725,125,dd_tied,-0.006357294917106682,0.0,-0.11762957266557805,-0.00014788284539768437
v219,21600,ours_random,sf_fifo21,full,21601,1,dd_tied,-0.002187941869099874,0.0,0.1812400489687036,0.0028888724610890426
v219,21600,ours_random,sf_fifo21,full,21602,2,dd_tied,0.011359819889068645,0.0,0.10567293078949547,0.0006781387372600811
v219,21600,ours_random,sf_fifo21,full,21604,4,dd_tied,-0.0017740495999655215,0.0,-0.08484824161926952,9.99366616025732e-05
v219,21600,ours_random,sf_fifo21,full,21605,5,dd_tied,-0.00010509888331089456,0.0,-0.04365911045748305,-0.001168787588296416
v219,21600,ours_random,sf_fifo21,full,21609,9,dd_tied,0.00788316512107845,0.0,0.15918894264518713,-7.911176379615803e-05
v219,21600,ours_random,sf_fifo21,full,21610,10,dd_tied,0.0066791738669077505,0.0,-0.10137024827528762,8.977709192348193e-05
v219,21600,ours_random,sf_fifo21,full,21612,12,dd_tied,-0.0010504088401795952,0.0,0.0640950582342299,0.0018151070468835906
v219,21600,ours_random,sf_fifo21,full,21613,13,dd_down,-0.007424093882242966,-0.06666666666666676,-0.031778118727061155,0.003338969682415649
v219,21600,ours_random,sf_fifo21,full,21617,17,dd_tied,-0.001212721745173173,0.0,0.007608250569063557,-0.0006686988021877838
v219,21600,ours_random,sf_fifo21,full,21618,18,dd_down,-0.010077669541041057,-0.06666666666666665,-0.25515080536541745,0.002061258438663338
v219,21600,ours_random,sf_fifo21,full,21620,20,dd_tied,-0.0004329808553059644,0.0,-0.24819309804175305,-8.59973433738892e-05
v219,21600,ours_random,sf_fifo21,full,21621,21,dd_up,0.015407523632049558,0.06666666666666665,1.4179024149372452,-0.002413417614641755
v219,21600,ours_random,sf_fifo21,full,21625,25,dd_up,0.007222707589467414,0.13333333333333341,1.4795053466677786,0.0018313535725088537
v219,21600,ours_random,sf_fifo21,full,21626,26,dd_down,-0.0022945609092712704,-0.06666666666666665,-0.8723289576913373,0.0006472275527376059
v219,21600,ours_random,sf_fifo21,full,21628,28,dd_tied,0.018754021326700787,0.0,0.28255235937970724,2.6257218975311858e-05
v219,21600,ours_random,sf_fifo21,full,21629,29,dd_up,0.004183750232060746,0.4,3.2507869936949874,-0.0006218818481207311
v219,21600,ours_random,sf_fifo21,full,21633,33,dd_tied,0.039183734019597294,0.0,0.929023050578138,0.0012581615828636261
v219,21600,ours_random,sf_fifo21,full,21634,34,dd_tied,-0.00270155946413686,0.0,-0.39452185556471875,-0.006681265065134223
v219,21600,ours_random,sf_fifo21,full,21636,36,dd_tied,0.005480925083160226,0.0,0.18260528100005047,-0.00033971423795964295
v219,21600,ours_random,sf_fifo21,full,21637,37,dd_tied,-0.0012140197753907067,0.0,-0.01101268089591656,0.00019365706722251907
v219,21600,ours_random,sf_fifo21,full,21641,41,dd_tied,0.0005963110923767889,0.0,0.034822808254304505,7.596253369746009e-05
v219,21600,ours_random,sf_fifo21,full,21642,42,dd_down,0.0075042502085367335,-0.13333333333333333,-0.8671270960512771,-2.5104016327825995e-05
v219,21600,ours_random,sf_fifo21,full,21644,44,dd_down,-0.014674211184183661,-0.06666666666666665,-0.617528149475703,0.0023670787338814225
v219,21600,ours_random,sf_fifo21,full,21645,45,dd_down,0.0010360859235126751,-0.1333333333333333,-0.6604782549920714,-0.002160557277071873
v219,21600,ours_random,sf_fifo21,full,21649,49,dd_tied,0.014746617714563981,0.0,0.21516967112687269,-0.00027440888127039376
v219,21600,ours_random,sf_fifo21,full,21650,50,dd_tied,-0.002595789114634206,0.0,-0.1581205340258265,-0.0002524029769140901
v219,21600,ours_random,sf_fifo21,full,21652,52,dd_tied,0.0008788194656371706,0.0,0.007777200855031197,-3.361108673061164e-05
v219,21600,ours_random,sf_fifo21,full,21653,53,dd_tied,-0.0002552903493245884,0.0,-0.030367827545774162,3.091319746495458e-05
v219,21600,ours_random,sf_fifo21,full,21657,57,dd_tied,-0.014619852224985741,0.0,-0.2846364088291722,-0.00017371253134645936
v219,21600,ours_random,sf_fifo21,full,21658,58,dd_down,0.006823280254999897,-0.06666666666666668,-0.4015010145758424,-5.0384656524404825e-05
v219,21600,ours_random,sf_fifo21,full,21660,60,dd_tied,-0.0007077029546102009,0.0,0.03279237929442047,0.0007589703415995519
v219,21600,ours_random,sf_fifo21,full,21661,61,dd_tied,-0.015831940571467085,0.0,-0.2605428262492069,-0.0023361575826528203
v219,21600,ours_random,sf_fifo21,full,21665,65,dd_tied,0.00018933661778763877,0.0,0.05149287087481014,-6.0883321426952186e-05
v219,21600,ours_random,sf_fifo21,full,21666,66,dd_tied,-0.013670508543650262,0.0,-0.19726157394764243,0.0006394339576565322
v219,21600,ours_random,sf_fifo21,full,21668,68,dd_tied,-0.0019925100008646446,0.0,-0.011573530002820576,0.00011138238352648155
v219,21600,ours_random,sf_fifo21,full,21669,69,dd_tied,-0.001095662832260147,0.0,-0.20385804077697856,-0.0030600808731805484
v219,21600,ours_random,sf_fifo21,full,21673,73,dd_tied,-0.0005095902283986931,0.0,-0.05999182697570404,0.002897746547621094
v219,21600,ours_random,sf_fifo21,full,21674,74,dd_up,0.017898866415023806,0.06666666666666665,1.534579689962868,-0.0003337988251457258
v219,21600,ours_random,sf_fifo21,full,21676,76,dd_tied,-0.024729892174402912,0.0,-0.6084998077283643,0.00023574508920909398
v219,21600,ours_random,sf_fifo21,full,21677,77,dd_tied,-0.009606835683186765,0.0,-0.1698373154105468,0.0004087365452422054
v219,21600,ours_random,sf_fifo21,full,21681,81,dd_up,-0.021877960364023896,0.1333333333333333,0.22082023964023278,-0.0023106656458284913
v219,21600,ours_random,sf_fifo21,full,21682,82,dd_tied,0.006188131153583465,0.0,1.3292951222805414,0.004354330690211183
v219,21600,ours_random,sf_fifo21,full,21684,84,dd_up,0.001757225473721813,0.1333333333333333,1.2665161737373722,-0.0010001031048959552
v219,21600,ours_random,sf_fifo21,full,21685,85,dd_tied,0.031134422719478583,0.0,-0.4102703654944264,0.010320592738534362
v219,21600,ours_random,sf_fifo21,full,21689,89,dd_tied,0.008854076703389446,0.0,-0.08147902682620156,-0.0014038725152166753
v219,21600,ours_random,sf_fifo21,full,21690,90,dd_tied,0.006303013960520465,0.0,-0.09255934394626308,0.0004868930726301679
v219,21600,ours_random,sf_fifo21,full,21692,92,dd_tied,0.0006668313344320165,0.0,0.10076951135788192,-0.0003981868203355443
v219,21600,ours_random,sf_fifo21,full,21693,93,dd_tied,-0.008660074392954575,0.0,-0.2721826117146975,-0.0011419599978932382
v219,21600,ours_random,sf_fifo21,full,21697,97,dd_tied,0.0037667392094929975,0.0,0.16475222297609093,0.0012735666538468138
v219,21600,ours_random,sf_fifo21,full,21698,98,dd_tied,0.0032480869293214365,0.0,0.16179479812035424,0.004985618760400823
v219,21600,ours_random,sf_fifo21,full,21700,100,dd_down,0.03472741572062177,-0.13333333333333333,-0.07014212879577997,0.0020624666982865802
v219,21600,ours_random,sf_fifo21,full,21701,101,dd_up,-0.0026473873853683494,0.06666666666666665,0.5900193203437851,0.0033184693379593178
v219,21600,ours_random,sf_fifo21,full,21705,105,dd_up,0.011016834974288958,0.06666666666666676,0.8498373459982247,0.0027753438453151924
v219,21600,ours_random,sf_fifo21,full,21706,106,dd_tied,-0.002822123368581231,0.0,-0.03700347673959925,-0.00015493280050959957
v219,21600,ours_random,sf_fifo21,full,21708,108,dd_down,-0.0021908984978993296,-0.06666666666666665,-0.016048739575026616,0.0035440570274465344
v219,21600,ours_random,sf_fifo21,full,21709,109,dd_up,-0.0019172840118408807,0.06666666666666665,0.4433648171100515,-0.0002882829341940285
v219,21600,ours_random,sf_fifo21,full,21713,113,dd_down,0.06307990654309586,-0.26666666666666666,-1.302221878818358,0.0026167990365572047
v219,21600,ours_random,sf_fifo21,full,21714,114,dd_tied,0.06268291370073953,0.0,0.7507133994991761,0.004436382984579934
v219,21600,ours_random,sf_fifo21,full,21716,116,dd_tied,0.009997136354446434,0.0,0.192718432615834,-0.0025356720536380273
v219,21600,ours_random,sf_fifo21,full,21717,117,dd_up,-0.019255916436513143,0.19999999999999996,1.0740795434134611,-0.004826093538689236
v219,21600,ours_random,sf_fifo21,full,21721,121,dd_up,0.005045424222946182,0.06666666666666665,0.6429689340123019,0.0009348045742775257
v219,21600,ours_random,sf_fifo21,full,21722,122,dd_tied,-0.007821212927500376,0.0,-0.6850547079941549,-0.008674143185777528
v219,21600,ours_random,sf_fifo21,full,21724,124,dd_down,-0.0042872611681621375,-0.06666666666666665,-0.6912366408679276,0.0006202384201611233
v219,21600,ours_random,sf_fifo21,full,21725,125,dd_tied,0.00198818715413418,0.0,0.11939457160478639,-0.0007520240734127936
v219,21600,ours_random,sf_fifo21,early_half,21601,1,dd_tied,-0.0009636395318166624,0.0,0.016545772808342463,0.0012455285572207098
v219,21600,ours_random,sf_fifo21,early_half,21602,2,dd_down,0.0010091328620910334,-0.14285714285714285,-0.9713958507108202,0.0006081909607363878
v219,21600,ours_random,sf_fifo21,early_half,21604,4,dd_tied,0.0003732299804687367,0.0,-0.030350236062474778,-7.042917039956631e-05
v219,21600,ours_random,sf_fifo21,early_half,21605,5,dd_tied,0.0008373529570444571,0.0,0.04734819876034635,0.0007541672526638621
v219,21600,ours_random,sf_fifo21,early_half,21609,9,dd_tied,0.001689713171550311,0.0,-0.05918816140776073,-0.0002901125908469915
v219,21600,ours_random,sf_fifo21,early_half,21610,10,dd_tied,-0.004072279589516836,0.0,-0.11037218972006713,-0.00012674886137953312
v219,21600,ours_random,sf_fifo21,early_half,21612,12,dd_tied,-0.0013763972691127613,0.0,0.005738396920691002,-8.920678019019856e-05
v219,21600,ours_random,sf_fifo21,early_half,21613,13,dd_down,-0.00572310890470229,-0.1428571428571429,-0.9079298161503431,0.002518408848956377
v219,21600,ours_random,sf_fifo21,early_half,21617,17,dd_tied,-0.0022433068071091578,0.0,-0.13232899556193445,-0.0005386120037319531
v219,21600,ours_random,sf_fifo21,early_half,21618,18,dd_tied,-0.0031715447562081778,0.0,-0.009964349003396933,-0.00017709126255593954
v219,21600,ours_random,sf_fifo21,early_half,21620,20,dd_tied,-0.0005187249183654652,0.0,0.031585895659787866,-0.0005758897499549276
v219,21600,ours_random,sf_fifo21,early_half,21621,21,dd_tied,0.006255343982151662,0.0,0.025460192149594718,-0.001721611603522355
v219,21600,ours_random,sf_fifo21,early_half,21625,25,dd_up,-0.003344176156180212,0.2857142857142857,2.1655849319907503,0.0009054443677254387
v219,21600,ours_random,sf_fifo21,early_half,21626,26,dd_tied,-0.001463091032845698,0.0,0.11127121629697001,0.0009021792105249338
v219,21600,ours_random,sf_fifo21,early_half,21628,28,dd_tied,0.000948443412780775,0.0,-0.06056955536683972,-3.083043884610781e-05
v219,21600,ours_random,sf_fifo21,early_half,21629,29,dd_up,-0.001847549847194152,0.2857142857142857,2.2228712677345754,-8.01713790901104e-05
v219,21600,ours_random,sf_fifo21,early_half,21633,33,dd_tied,0.0008091713700977277,0.0,-0.10272731326165285,0.00034166108112820837
v219,21600,ours_random,sf_fifo21,early_half,21634,34,dd_down,0.015414377110345101,-0.2857142857142857,-1.7299737757936242,-0.0014657284967460882
v219,21600,ours_random,sf_fifo21,early_half,21636,36,dd_up,0.002642692157200366,0.1428571428571429,1.1203006109312952,0.0001868223580262507
v219,21600,ours_random,sf_fifo21,early_half,21637,37,dd_tied,-7.078204836163948e-05,0.0,-0.02601199225752282,-0.00012967194950375127
v219,21600,ours_random,sf_fifo21,early_half,21641,41,dd_tied,0.000580452169690715,0.0,0.051620323230878284,-8.304000696712777e-05
v219,21600,ours_random,sf_fifo21,early_half,21642,42,dd_tied,-0.00506980657577516,0.0,-0.08028896203485658,0.0003202097799221981
v219,21600,ours_random,sf_fifo21,early_half,21644,44,dd_tied,-0.0030787236349922864,0.0,0.2076488854273606,0.0033751561826617094
v219,21600,ours_random,sf_fifo21,early_half,21645,45,dd_tied,-0.0018414633614677323,0.0,0.1386372972284704,-0.0036380104720767914
v219,21600,ours_random,sf_fifo21,early_half,21649,49,dd_tied,-6.990262440287331e-05,0.0,-0.011367895497940594,-0.0003560037761953794
v219,21600,ours_random,sf_fifo21,early_half,21650,50,dd_tied,-0.0001876936640058391,0.0,0.051950690445366376,0.0002649557947526082
v219,21600,ours_random,sf_fifo21,early_half,21652,52,dd_tied,0.0011880285399300528,0.0,-0.011676248735071226,8.849553333001303e-05
v219,21600,ours_random,sf_fifo21,early_half,21653,53,dd_tied,0.00015382766723637253,0.0,-0.025549874578118192,1.3443403363844197e-06
v219,21600,ours_random,sf_fifo21,early_half,21657,57,dd_tied,0.0005906409876687002,0.0,-0.021207762560905508,-0.00015694469184757143
v219,21600,ours_random,sf_fifo21,early_half,21658,58,dd_down,-0.0004959900038584708,-0.14285714285714285,-1.1442928897315596,-0.000394326502176523
v219,21600,ours_random,sf_fifo21,early_half,21660,60,dd_tied,0.0019462934562137768,0.0,0.06212116759425612,0.0019356777767295386
v219,21600,ours_random,sf_fifo21,early_half,21661,61,dd_tied,0.001041090829031921,0.0,0.13482712481905423,5.8329175324223215e-06
v219,21600,ours_random,sf_fifo21,early_half,21665,65,dd_tied,-0.00010929414204186028,0.0,-0.01951475190759311,-9.8595564721915e-05
v219,21600,ours_random,sf_fifo21,early_half,21666,66,dd_tied,-0.00578270213944565,0.0,-0.052365943160623374,-1.0957885622442376e-05
v219,21600,ours_random,sf_fifo21,early_half,21668,68,dd_tied,0.0005199721881321562,0.0,-0.0513672929077984,-8.11457418015138e-05
v219,21600,ours_random,sf_fifo21,early_half,21669,69,dd_tied,0.004690011399132943,0.0,0.10637346825194527,-0.0007681037148407066
v219,21600,ours_random,sf_fifo21,early_half,21673,73,dd_tied,-0.0061215800898415385,0.0,-0.048418243736023214,0.002737464681610402
v219,21600,ours_random,sf_fifo21,early_half,21674,74,dd_tied,0.005502006837299955,0.0,0.12922060579391825,5.804740842552114e-06
v219,21600,ours_random,sf_fifo21,early_half,21676,76,dd_up,0.02087820581027444,0.14285714285714285,1.2777922349400086,0.0005268856292466317
v219,21600,ours_random,sf_fifo21,early_half,21677,77,dd_tied,0.00040410825184411525,0.0,-0.050741245187651884,0.00017322298299426997
v219,21600,ours_random,sf_fifo21,early_half,21681,81,dd_tied,0.00027893407004231374,0.0,-0.26473995509599035,-0.0016391701875143605
v219,21600,ours_random,sf_fifo21,early_half,21682,82,dd_tied,-0.009375578207629076,0.0,-0.03023311081553004,-0.0031106960048125076
v219,21600,ours_random,sf_fifo21,early_half,21684,84,dd_up,0.015466585755348206,0.1428571428571428,1.2716414146617439,0.0006180017340258193
v219,21600,ours_random,sf_fifo21,early_half,21685,85,dd_tied,-0.03754786457334247,0.0,-0.5968930990310497,0.009358852084806912
v219,21600,ours_random,sf_fifo21,early_half,21689,89,dd_tied,-0.0009983851228441143,0.0,-0.08773432898564693,-0.0002626400479329716
v219,21600,ours_random,sf_fifo21,early_half,21690,90,dd_tied,0.0034455183574131354,0.0,0.11744409815973711,0.0003163991913562869
v219,21600,ours_random,sf_fifo21,early_half,21692,92,dd_tied,0.00030842917306073137,0.0,0.009451301176383708,-0.00010752970509642079
v219,21600,ours_random,sf_fifo21,early_half,21693,93,dd_tied,-0.005679192543029732,0.0,-0.23204086334420992,-0.001351210902158062
v219,21600,ours_random,sf_fifo21,early_half,21697,97,dd_tied,-0.0014083978107997108,0.0,0.03155882050205605,0.0007190432966150961
v219,21600,ours_random,sf_fifo21,early_half,21698,98,dd_tied,-0.002770026411329063,0.0,0.0051307001448606115,7.32250153946401e-05
v219,21600,ours_random,sf_fifo21,early_half,21700,100,dd_tied,-0.005054060220718415,0.0,-0.13184291948023485,0.0013559167778585124
v219,21600,ours_random,sf_fifo21,early_half,21701,101,dd_tied,-0.004695860573223687,0.0,-0.15634795229776444,0.0016199460313324199
v219,21600,ours_random,sf_fifo21,early_half,21705,105,dd_up,0.004986270495823453,0.1428571428571429,1.0347957921815123,-5.8572179546079184e-05
v219,21600,ours_random,sf_fifo21,early_half,21706,106,dd_tied,-0.003919671263013624,0.0,-0.02093578342341118,-0.0005516094573471131
v219,21600,ours_random,sf_fifo21,early_half,21708,108,dd_down,-0.0008182169709886056,-0.1428571428571429,-0.7720229647878512,0.0007224723749840178
v219,21600,ours_random,sf_fifo21,early_half,21709,109,dd_tied,0.0006198927334377657,0.0,0.014377239881824266,-0.00028472840982973757
v219,21600,ours_random,sf_fifo21,early_half,21713,113,dd_down,0.030963681936264087,-0.2857142857142857,-1.7624875173489585,0.00612187858778368
v219,21600,ours_random,sf_fifo21,early_half,21714,114,dd_up,0.0025234828676496956,0.1428571428571429,1.2467909875187786,0.003522441376167307
v219,21600,ours_random,sf_fifo21,early_half,21716,116,dd_tied,0.0026906394958495783,0.0,0.15141699620771476,-0.0018361165185342143
v219,21600,ours_random,sf_fifo21,early_half,21717,117,dd_up,-0.001469144821167001,0.1428571428571429,1.0333358169563382,-0.0031990262075275444
v219,21600,ours_random,sf_fifo21,early_half,21721,121,dd_tied,0.002840379306248253,0.0,0.2732976639416336,0.0011418947643901944
v219,21600,ours_random,sf_fifo21,early_half,21722,122,dd_tied,-0.002284395183835719,0.0,-0.3072477177944819,-0.0028908320992784287
v219,21600,ours_random,sf_fifo21,early_half,21724,124,dd_tied,-0.009690494707652486,0.0,-0.06125422636075939,0.0028803286729316424
v219,21600,ours_random,sf_fifo21,early_half,21725,125,dd_tied,-0.0005335995129177595,0.0,0.044514102650722975,-0.0007882953950214544
v219,21600,ours_random,sf_fifo21,late_half,21601,1,dd_tied,-0.003259206414222615,0.0,0.3253475406089734,0.004326798376973806
v219,21600,ours_random,sf_fifo21,late_half,21602,2,dd_up,0.020416671037673972,0.125,1.0481081146022717,0.0007393430417178548
v219,21600,ours_random,sf_fifo21,late_half,21604,4,dd_tied,-0.0036529192328452753,0.0,-0.1325339964814134,0.0002490067646045979
v219,21600,ours_random,sf_fifo21,late_half,21605,5,dd_tied,-0.0009297442436217995,0.0,-0.12329050602305358,-0.0028513730741368537
v219,21600,ours_random,sf_fifo21,late_half,21609,9,dd_tied,0.013302435576915794,0.0,0.3502689086915467,0.000105513959873349
v219,21600,ours_random,sf_fifo21,late_half,21610,10,dd_tied,0.01608669564127929,0.0,-0.09349354951115174,0.0002792373010639393
v219,21600,ours_random,sf_fifo21,late_half,21612,12,dd_tied,-0.0007651689648627835,0.0,0.11515713688365281,0.0034813816455729896
v219,21600,ours_random,sf_fifo21,late_half,21613,13,dd_tied,-0.008912455737590808,0.0,0.734854616518362,0.004056960411692678
v219,21600,ours_random,sf_fifo21,late_half,21617,17,dd_tied,-0.00031095981597906164,0.0,0.1300533409337561,-0.0007825247508362887
v219,21600,ours_random,sf_fifo21,late_half,21618,18,dd_down,-0.01612052872776981,-0.125,-0.46968895468219785,0.004019814427229984
v219,21600,ours_random,sf_fifo21,late_half,21620,20,dd_tied,-0.00035795480012890124,0.0,-0.49299971753058003,0.00034265851238424183
v219,21600,ours_random,sf_fifo21,late_half,21621,21,dd_up,0.023415680825710217,0.125,2.6362893598764146,-0.003018747874371286
v219,21600,ours_random,sf_fifo21,late_half,21625,25,dd_tied,0.01646873086690903,0.0,0.8791857095101534,0.0026415241266941614
v219,21600,ours_random,sf_fifo21,late_half,21626,26,dd_down,-0.0030220970511436462,-0.125,-1.7329791099310938,0.0004241448521735691
v219,21600,ours_random,sf_fifo21,late_half,21628,28,dd_tied,0.03433390200138087,0.0,0.5827840347828896,7.620891956916509e-05
v219,21600,ours_random,sf_fifo21,late_half,21629,29,dd_up,0.009461137801408781,0.5,4.1502132539103656,-0.001095878508522552
v219,21600,ours_random,sf_fifo21,late_half,21633,33,dd_tied,0.07276147633790964,0.0,1.8318046189379373,0.0020600995218817975
v219,21600,ours_random,sf_fifo21,late_half,21634,34,dd_up,-0.018553003966808257,0.25,0.7739985746355273,-0.011244859562473897
v219,21600,ours_random,sf_fifo21,late_half,21636,36,dd_down,0.007964378893375423,-0.125,-0.6378781326897638,-0.0008004337594477162
v219,21600,ours_random,sf_fifo21,late_half,21637,37,dd_tied,-0.0022143527865410295,0.0,0.0021117165454995757,0.00047656995685818604
v219,21600,ours_random,sf_fifo21,late_half,21641,41,dd_tied,0.0006101876497268677,0.0,0.020124982649818435,0.00021508975677897446
v219,21600,ours_random,sf_fifo21,late_half,21642,42,dd_down,0.01850654989480971,-0.25,-1.555610463315702,-0.00032725358804630567
v219,21600,ours_random,sf_fifo21,late_half,21644,44,dd_down,-0.024820262789726266,-0.125,-1.3395580550158712,0.0014850109661985744
v219,21600,ours_random,sf_fifo21,late_half,21645,45,dd_down,0.003553941547870698,-0.25,-1.3597043631850312,-0.0008677857314424164
v219,21600,ours_random,sf_fifo21,late_half,21649,49,dd_tied,0.027711073011159937,0.0,0.41339004192352036,-0.00020301334821137829
v219,21600,ours_random,sf_fifo21,late_half,21650,50,dd_tied,-0.0047028726339339855,0.0,-0.34193285543808827,-0.0007050919021226454
v219,21600,ours_random,sf_fifo21,late_half,21652,52,dd_tied,0.000608261525630982,0.0,0.024798969246361935,-0.00014045437928333904
v219,21600,ours_random,sf_fifo21,late_half,21653,53,dd_tied,-0.0006132686138152765,0.0,-0.03458353639243228,5.678594745250898e-05
v219,21600,ours_random,sf_fifo21,late_half,21657,57,dd_tied,-0.027929033786058488,0.0,-0.5151364743139197,-0.00018838439090829162
v219,21600,ours_random,sf_fifo21,late_half,21658,58,dd_tied,0.013227641731500706,0.0,0.24844187618545277,0.00025056445842108754
v219,21600,ours_random,sf_fifo21,late_half,21660,60,dd_tied,-0.003029949814081223,0.0,0.007129689532007433,-0.00027064866413972766
v219,21600,ours_random,sf_fifo21,late_half,21661,61,dd_tied,-0.03059584304690366,0.0,-0.6064915334339673,-0.0043853992703145606
v219,21600,ours_random,sf_fifo21,late_half,21665,65,dd_tied,0.0004506385326386031,0.0,0.11362454080943962,-2.7885108543124204e-05
v219,21600,ours_random,sf_fifo21,late_half,21666,66,dd_tied,-0.020572339147329255,0.0,-0.32404525088622904,0.0012085268205250799
v219,21600,ours_random,sf_fifo21,late_half,21668,68,dd_tied,-0.004190931916236873,0.0,0.023246012538990612,0.00027984449318807503
v219,21600,ours_random,sf_fifo21,late_half,21669,69,dd_tied,-0.006158127784729017,0.0,-0.47531061117730644,-0.005065560886727938
v219,21600,ours_random,sf_fifo21,late_half,21673,73,dd_tied,0.004400900900363824,0.0,-0.07011871231041766,0.0030379931803801163
v219,21600,ours_random,sf_fifo21,late_half,21674,74,dd_up,0.028746118545532218,0.125,2.7642688886107436,-0.0006309519453853163
v219,21600,ours_random,sf_fifo21,late_half,21676,76,dd_down,-0.06463697791099554,-0.125,-2.259005345063116,-1.900288332445932e-05
v219,21600,ours_random,sf_fifo21,late_half,21677,77,dd_tied,-0.018366411626338897,0.0,-0.2740463768555941,0.0006148109122090517
v219,21600,ours_random,sf_fifo21,late_half,21681,81,dd_up,-0.04126524299383161,0.25,0.645685410034389,-0.0028982241718537027
v219,21600,ours_random,sf_fifo21,late_half,21682,82,dd_tied,0.019806376844644535,0.0,2.5188823262396163,0.010886229048357121
v219,21600,ours_random,sf_fifo21,late_half,21684,84,dd_up,-0.010238464772701295,0.125,1.2620315879284902,-0.0024159448389531324
v219,21600,ours_random,sf_fifo21,late_half,21685,85,dd_tied,0.09123142410069701,0.0,-0.2469754736498544,0.011162115810545492
v219,21600,ours_random,sf_fifo21,late_half,21689,89,dd_tied,0.01747498080134391,0.0,-0.07600563743669397,-0.0024024509240897496
v219,21600,ours_random,sf_fifo21,late_half,21690,90,dd_tied,0.00880332261323924,0.0,-0.2763123557890026,0.0006360752187449803
v219,21600,ours_random,sf_fifo21,late_half,21692,92,dd_tied,0.0009804332256316828,0.0,0.18067294526667865,-0.0006525117961695415
v219,21600,ours_random,sf_fifo21,late_half,21693,93,dd_tied,-0.01126834601163862,0.0,-0.30730664153888654,-0.0009588654566613508
v219,21600,ours_random,sf_fifo21,late_half,21697,97,dd_tied,0.008294984102249159,0.0,0.2812964501408999,0.0017587745914247055
v219,21600,ours_random,sf_fifo21,late_half,21698,98,dd_tied,0.008513936102390263,0.0,0.2988758838489076,0.009283963287281649
v219,21600,ours_random,sf_fifo21,late_half,21700,100,dd_down,0.06953620716929432,-0.25,-0.016153936946963654,0.002680697878660876
v219,21600,ours_random,sf_fifo21,late_half,21701,101,dd_up,-0.0008549733459949638,0.125,1.243090683905109,0.004804677231257881
v219,21600,ours_random,sf_fifo21,late_half,21705,105,dd_tied,0.016293578892946248,0.0,0.6879987055878019,0.005255020367069041
v219,21600,ours_random,sf_fifo21,late_half,21706,106,dd_tied,-0.0018617689609527477,0.0,-0.05106270839127092,0.00019215927422300272
v219,21600,ours_random,sf_fifo21,late_half,21708,108,dd_tied,-0.0033919948339462547,0.0,0.645428707486218,0.006012943598351694
v219,21600,ours_random,sf_fifo21,late_half,21709,109,dd_up,-0.00413731366395953,0.125,0.8187289471847521,-0.00029139314301329655
v219,21600,ours_random,sf_fifo21,late_half,21713,113,dd_down,0.0911816030740738,-0.25,-0.8994894451041944,-0.00045014557076605843
v219,21600,ours_random,sf_fifo21,late_half,21714,114,dd_down,0.11532241567969315,-0.125,0.31664550998205243,0.005236081891941469
v219,21600,ours_random,sf_fifo21,late_half,21716,116,dd_tied,0.016390321105718586,0.0,0.22885718947284772,-0.003147783146854155
v219,21600,ours_random,sf_fifo21,late_half,21717,117,dd_up,-0.03481934159994127,0.25,1.1097303040634188,-0.006249777453455896
v219,21600,ours_random,sf_fifo21,late_half,21721,121,dd_up,0.006974838525056759,0.125,0.9664312953241563,0.0007536006579290655
v219,21600,ours_random,sf_fifo21,late_half,21722,122,dd_tied,-0.01266592845320702,0.0,-1.0156358244188652,-0.0137345403864646
v219,21600,ours_random,sf_fifo21,late_half,21724,124,dd_down,0.0004405681788921534,-0.125,-1.2424712535617175,-0.0013573405510137748
v219,21600,ours_random,sf_fifo21,late_half,21725,125,dd_tied,0.004194750487804377,0.0,0.184914981939599,-0.0007202866670050767
v219,21600,pooled_correct,sf_fifo21,full,21601,1,dd_tied,-0.0037132123311360843,0.0,-0.11060545099650199,0.0011929419496156113
v219,21600,pooled_correct,sf_fifo21,full,21602,2,dd_down,0.018778095881144208,-0.1333333333333333,-0.7696154611501527,0.00017417158496357832
v219,21600,pooled_correct,sf_fifo21,full,21604,4,dd_tied,-0.0016867837905885086,0.0,-0.05450873341607121,1.4414793412020899e-05
v219,21600,pooled_correct,sf_fifo21,full,21605,5,dd_tied,0.0010900344848633337,0.0,0.030315597298297803,-0.00012495126280454016
v219,21600,pooled_correct,sf_fifo21,full,21609,9,dd_tied,0.007133431196212792,0.0,0.29148245055473865,0.00024306142108387885
v219,21600,pooled_correct,sf_fifo21,full,21610,10,dd_tied,0.00849833647410081,0.0,0.10990380033223346,0.0006292197182660164
v219,21600,pooled_correct,sf_fifo21,full,21612,12,dd_tied,0.009234986782073906,0.0,0.4314697818923747,0.0017666400805443905
v219,21600,pooled_correct,sf_fifo21,full,21613,13,dd_down,-0.0035604533354441914,-0.20000000000000007,-1.3665247290200284,0.0001252451587296921
v219,21600,pooled_correct,sf_fifo21,full,21617,17,dd_tied,0.0037784663041432465,0.0,0.29367251689909324,-0.0011757344291728478
v219,21600,pooled_correct,sf_fifo21,full,21618,18,dd_tied,0.0055545063018799246,0.0,0.13264317276066606,0.001087997557809639
v219,21600,pooled_correct,sf_fifo21,full,21620,20,dd_tied,0.007310389041900511,0.0,-0.06365487683683568,-0.0007790408732677445
v219,21600,pooled_correct,sf_fifo21,full,21621,21,dd_tied,0.030769127368926896,0.0,1.6764044725208578,0.0007820320540992132
v219,21600,pooled_correct,sf_fifo21,full,21625,25,dd_tied,0.014530750592549602,0.0,0.8244796773837493,0.003451709763152677
v219,21600,pooled_correct,sf_fifo21,full,21626,26,dd_down,0.0018584507306416143,-0.06666666666666665,0.34764060587633594,0.004783859130977897
v219,21600,pooled_correct,sf_fifo21,full,21628,28,dd_down,0.0060842285156249565,-0.06666666666666671,-0.36478911092945054,-0.0002575746608515228
v219,21600,pooled_correct,sf_fifo21,full,21629,29,dd_up,0.001883389870325769,0.6666666666666666,5.178963400739818,-0.0002471636493162066
v219,21600,pooled_correct,sf_fifo21,full,21633,33,dd_tied,0.04409547789891566,0.0,0.8167887284805317,0.002637491238119405
v219,21600,pooled_correct,sf_fifo21,full,21634,34,dd_down,0.021636966307957972,-0.4,-2.488492360688568,0.00024943666742471837
v219,21600,pooled_correct,sf_fifo21,full,21636,36,dd_up,0.001897096316019642,0.06666666666666665,0.4196593118065124,-0.0004015887704437171
v219,21600,pooled_correct,sf_fifo21,full,21637,37,dd_tied,-0.0018828334808350666,0.0,0.023962572656330394,0.0003255262267358727
v219,21600,pooled_correct,sf_fifo21,full,21641,41,dd_tied,-0.0008063742319742717,0.0,-0.01978781013332309,-6.924380377049122e-05
v219,21600,pooled_correct,sf_fifo21,full,21642,42,dd_down,0.008040382385253841,-0.13333333333333333,-0.8028656352430374,0.0006402031574003209
v219,21600,pooled_correct,sf_fifo21,full,21644,44,dd_down,-0.014840148766835481,-0.13333333333333333,-1.2712601026301797,0.0017475491937658516
v219,21600,pooled_correct,sf_fifo21,full,21645,45,dd_down,0.0017453921635944836,-0.1333333333333333,-0.15471744493274286,0.008549733873237653
v219,21600,pooled_correct,sf_fifo21,full,21649,49,dd_tied,-0.0027061402797698975,0.0,0.052753443747477036,0.00032029001902900145
v219,21600,pooled_correct,sf_fifo21,full,21650,50,dd_tied,-0.004497770945231183,0.0,-0.3051937881639759,-0.0006512757654544288
v219,21600,pooled_correct,sf_fifo21,full,21652,52,dd_tied,0.0014847909609476684,0.0,0.06985309348461044,-0.00014665151303716595
v219,21600,pooled_correct,sf_fifo21,full,21653,53,dd_tied,0.0004267965952554631,0.0,0.017009954115110304,6.513459890689077e-05
v219,21600,pooled_correct,sf_fifo21,full,21657,57,dd_tied,-0.0002617047627767599,0.0,-0.015484655043735529,-0.00017756641452992827
v219,21600,pooled_correct,sf_fifo21,full,21658,58,dd_down,0.0037965513865153566,-0.06666666666666668,-0.34005409382825746,0.0007738136093388137
v219,21600,pooled_correct,sf_fifo21,full,21660,60,dd_tied,-0.0019982039133706886,0.0,0.14369056826727444,0.0028893614704874615
v219,21600,pooled_correct,sf_fifo21,full,21661,61,dd_tied,-0.003389958143234173,0.0,0.17999407897751496,-0.007081705038669672
v219,21600,pooled_correct,sf_fifo21,full,21665,65,dd_tied,0.0006256861686706472,0.0,0.035274292781608096,7.094127662843341e-05
v219,21600,pooled_correct,sf_fifo21,full,21666,66,dd_tied,-0.0010147821108500432,0.0,0.003079477469995595,0.0008866325763087213
v219,21600,pooled_correct,sf_fifo21,full,21668,68,dd_tied,-0.0011784752209981209,0.0,0.016743715404174964,5.748564851582039e-05
v219,21600,pooled_correct,sf_fifo21,full,21669,69,dd_tied,-0.00048404391606649,0.0,-0.17918475135985545,-0.0021823059387485744
v219,21600,pooled_correct,sf_fifo21,full,21673,73,dd_tied,-0.0050952465534209734,0.0,0.06330824138458979,0.0008023612495132726
v219,21600,pooled_correct,sf_fifo21,full,21674,74,dd_down,-0.0009724522431692195,-0.13333333333333341,-0.10151425316672658,0.001969716490004436
v219,21600,pooled_correct,sf_fifo21,full,21676,76,dd_up,-0.05976272598902388,0.26666666666666666,-0.12564785105595888,-0.00879349902478832
v219,21600,pooled_correct,sf_fifo21,full,21677,77,dd_tied,-0.00892913103103632,0.0,-0.16185852778509968,-0.0009363061814964269
v219,21600,pooled_correct,sf_fifo21,full,21681,81,dd_down,0.0019160048961638365,-0.06666666666666665,-0.6684759221503782,-0.001561378763962895
v219,21600,pooled_correct,sf_fifo21,full,21682,82,dd_tied,0.00666696459054944,0.0,1.4276130249512704,0.0051737759819828755
v219,21600,pooled_correct,sf_fifo21,full,21684,84,dd_down,-0.04318680953979481,-0.06666666666666665,-1.3244155257098527,-0.0006657488729138183
v219,21600,pooled_correct,sf_fifo21,full,21685,85,dd_down,0.020989408969879164,-0.06666666666666665,-2.2938516433799094,-0.004448289478807044
v219,21600,pooled_correct,sf_fifo21,full,21689,89,dd_tied,0.021021585305531776,0.0,0.3721482842254886,-0.004073707778641689
v219,21600,pooled_correct,sf_fifo21,full,21690,90,dd_tied,0.0009533445040385002,0.0,0.06708112906696329,-0.0002350220040474582
v219,21600,pooled_correct,sf_fifo21,full,21692,92,dd_tied,0.0004364469846089847,0.0,0.09637774293409507,-4.909844005918096e-06
v219,21600,pooled_correct,sf_fifo21,full,21693,93,dd_tied,-0.005201380888621099,0.0,-0.4694136671000564,-0.002655962546885604
v219,21600,pooled_correct,sf_fifo21,full,21697,97,dd_tied,0.0010048645337421558,0.0,0.1572443024129342,0.00021737539748478696
v219,21600,pooled_correct,sf_fifo21,full,21698,98,dd_tied,0.00617066733042404,0.0,0.05184085555377749,0.0025817784646683384
v219,21600,pooled_correct,sf_fifo21,full,21700,100,dd_down,-0.027280451615651402,-0.13333333333333333,-1.1671321840804296,0.0032942711295353977
v219,21600,pooled_correct,sf_fifo21,full,21701,101,dd_up,0.0023707284331321854,0.26666666666666666,1.956953742097994,-0.003220510094724238
v219,21600,pooled_correct,sf_fifo21,full,21705,105,dd_down,0.006543304681777884,-0.1333333333333333,-0.970109009566599,0.00035689289232554433
v219,21600,pooled_correct,sf_fifo21,full,21706,106,dd_tied,-0.006008228937784854,0.0,-0.09609727444832572,1.6064379958824482e-05
v219,21600,pooled_correct,sf_fifo21,full,21708,108,dd_down,0.0012762579917907635,-0.06666666666666665,0.09672295645344775,0.0031348493405959355
v219,21600,pooled_correct,sf_fifo21,full,21709,109,dd_tied,-0.0022923960685731215,0.0,-0.14274059299512487,-0.0002967814165898419
v219,21600,pooled_correct,sf_fifo21,full,21713,113,dd_down,0.050666847467422504,-0.1333333333333333,0.12134077329076831,0.002678927112352958
v219,21600,pooled_correct,sf_fifo21,full,21714,114,dd_up,0.0366654520829518,0.06666666666666665,0.8935208775677239,0.005194247845662026
v219,21600,pooled_correct,sf_fifo21,full,21716,116,dd_tied,0.011700030326843192,0.0,0.3208160564884963,-0.0012144589822032925
v219,21600,pooled_correct,sf_fifo21,full,21717,117,dd_down,-0.014166130622227935,-0.06666666666666665,-0.705753215693278,-0.004555997137802081
v219,21600,pooled_correct,sf_fifo21,full,21721,121,dd_tied,0.005788471460342337,0.0,0.24631563619783492,-0.0008590563939310236
v219,21600,pooled_correct,sf_fifo21,full,21722,122,dd_tied,0.00034357730547596166,0.0,-0.2925913271382683,-0.011270953649299198
v219,21600,pooled_correct,sf_fifo21,full,21724,124,dd_tied,-0.003988818963368779,0.0,-0.3196218569493965,-0.00010284002932625658
v219,21600,pooled_correct,sf_fifo21,full,21725,125,dd_tied,0.0017824616432190465,0.0,0.07928638989419312,3.643191215896291e-05
v219,21600,pooled_correct,sf_fifo21,early_half,21601,1,dd_tied,-0.0010864128385270622,0.0,-0.040308487662414905,0.0002373243432504113
v219,21600,pooled_correct,sf_fifo21,early_half,21602,2,dd_down,0.00016989571707592965,-0.14285714285714285,-1.0164482796044467,2.1346635404428937e-05
v219,21600,pooled_correct,sf_fifo21,early_half,21604,4,dd_tied,0.0007237025669643016,0.0,-0.09132836980064951,-8.233695381465456e-05
v219,21600,pooled_correct,sf_fifo21,early_half,21605,5,dd_tied,0.0008447909355163707,0.0,0.0599897197879784,0.000633669124227132
v219,21600,pooled_correct,sf_fifo21,early_half,21609,9,dd_tied,0.0006595024040767505,0.0,0.10361741482685716,-0.00017918741833267138
v219,21600,pooled_correct,sf_fifo21,early_half,21610,10,dd_tied,-0.0038579140390669897,0.0,-0.015005806300962377,0.0003699155114076369
v219,21600,pooled_correct,sf_fifo21,early_half,21612,12,dd_tied,-0.001080922058650402,0.0,-0.008683607406055671,0.00015780887743244154
v219,21600,pooled_correct,sf_fifo21,early_half,21613,13,dd_tied,-0.00943980063710892,0.0,-0.25649934672281915,-0.002469949612629585
v219,21600,pooled_correct,sf_fifo21,early_half,21617,17,dd_tied,-0.0028597778933387996,0.0,-0.0932961032395383,-0.0012432068870582569
v219,21600,pooled_correct,sf_fifo21,early_half,21618,18,dd_tied,-0.0011461503165108855,0.0,0.09973393911643313,-0.00020168004381282412
v219,21600,pooled_correct,sf_fifo21,early_half,21620,20,dd_tied,0.0021234669004166484,0.0,0.04884461289320541,-0.0008460998891660632
v219,21600,pooled_correct,sf_fifo21,early_half,21621,21,dd_tied,0.008008975982666033,0.0,0.1750896823664334,-0.00011553234040029281
v219,21600,pooled_correct,sf_fifo21,early_half,21625,25,dd_up,-0.002954309327261706,0.2857142857142857,2.075288738092013,0.0013661793943727796
v219,21600,pooled_correct,sf_fifo21,early_half,21626,26,dd_tied,-0.0011256684575762232,0.0,0.2914246744522302,0.0009571039418513339
v219,21600,pooled_correct,sf_fifo21,early_half,21628,28,dd_down,0.0019217869213647987,-0.1428571428571428,-1.066760423062334,-8.353238048308675e-05
v219,21600,pooled_correct,sf_fifo21,early_half,21629,29,dd_up,-0.0024502410207475345,0.2857142857142857,2.2361269786483575,4.147606385984659e-05
v219,21600,pooled_correct,sf_fifo21,early_half,21633,33,dd_tied,0.0017200475079673927,0.0,-0.19386259316152632,0.0008273892175785225
v219,21600,pooled_correct,sf_fifo21,early_half,21634,34,dd_down,0.008703360898154155,-0.1428571428571429,-0.7037055802165355,0.0004285866126353399
v219,21600,pooled_correct,sf_fifo21,early_half,21636,36,dd_up,0.002374904155731161,0.1428571428571429,1.0592609646395772,9.031788400637453e-05
v219,21600,pooled_correct,sf_fifo21,early_half,21637,37,dd_tied,-0.00019638572420388467,0.0,-0.07568007661302545,-5.7057873209531706e-05
v219,21600,pooled_correct,sf_fifo21,early_half,21641,41,dd_tied,0.0001448328154427525,0.0,0.023390259592943607,-9.537931891179241e-05
v219,21600,pooled_correct,sf_fifo21,early_half,21642,42,dd_tied,-0.005996384620666539,0.0,-0.05613107690635388,0.0004664338269345647
v219,21600,pooled_correct,sf_fifo21,early_half,21644,44,dd_tied,-0.0024182081222534624,0.0,0.17353357447238693,0.002943052335605545
v219,21600,pooled_correct,sf_fifo21,early_half,21645,45,dd_tied,-0.0007226446696689814,0.0,0.3963416805955262,0.002283666337957513
v219,21600,pooled_correct,sf_fifo21,early_half,21649,49,dd_tied,0.00019041504178718416,0.0,-0.008629914953544926,6.95629754891014e-05
v219,21600,pooled_correct,sf_fifo21,early_half,21650,50,dd_tied,-0.0009717839104789183,0.0,-0.07308017397302535,0.00010348268465498744
v219,21600,pooled_correct,sf_fifo21,early_half,21652,52,dd_tied,0.0008915437970842266,0.0,0.007347231436540369,-6.12545330429537e-05
v219,21600,pooled_correct,sf_fifo21,early_half,21653,53,dd_tied,4.8836299351262547e-05,0.0,0.004536830566749472,6.001862970039795e-05
v219,21600,pooled_correct,sf_fifo21,early_half,21657,57,dd_tied,0.0008523499965668035,0.0,-0.006525116011047771,-0.00017270534444968622
v219,21600,pooled_correct,sf_fifo21,early_half,21658,58,dd_down,-0.0012745809555053667,-0.14285714285714285,-1.1224928315139522,0.00015386276915496655
v219,21600,pooled_correct,sf_fifo21,early_half,21660,60,dd_tied,0.0028713566916329647,0.0,0.10399385575816211,0.0029971435470680374
v219,21600,pooled_correct,sf_fifo21,early_half,21661,61,dd_tied,-0.004176336356571664,0.0,0.13181194706555743,-0.005637733026987668
v219,21600,pooled_correct,sf_fifo21,early_half,21665,65,dd_tied,0.00029154913766049617,0.0,0.001974162525243628,1.0851696337299543e-05
v219,21600,pooled_correct,sf_fifo21,early_half,21666,66,dd_tied,-0.005302119084766854,0.0,-0.10712449242294042,0.00041997712747410265
v219,21600,pooled_correct,sf_fifo21,early_half,21668,68,dd_tied,0.0006847545078821904,0.0,0.023531334567863382,-2.8503802563140113e-05
v219,21600,pooled_correct,sf_fifo21,early_half,21669,69,dd_tied,0.005018404211316829,0.0,0.1381513651879942,-0.0005593124751871459
v219,21600,pooled_correct,sf_fifo21,early_half,21673,73,dd_tied,-0.00451093554496762,0.0,-0.10150831476315147,0.0006541720443346
v219,21600,pooled_correct,sf_fifo21,early_half,21674,74,dd_tied,0.010671681846891157,0.0,0.26423003619837004,0.0008387606508838408
v219,21600,pooled_correct,sf_fifo21,early_half,21676,76,dd_up,0.008123014143535001,0.14285714285714285,0.8598108561664759,-0.0014282796816953436
v219,21600,pooled_correct,sf_fifo21,early_half,21677,77,dd_tied,0.00030712774821683997,0.0,0.005428318298243084,-9.945395199417728e-05
v219,21600,pooled_correct,sf_fifo21,early_half,21681,81,dd_tied,0.0008289095333644525,0.0,-0.26035833347084747,-0.0005483273808229994
v219,21600,pooled_correct,sf_fifo21,early_half,21682,82,dd_tied,-0.01230580785444807,0.0,0.17787031539373288,-0.003109471705683542
v219,21600,pooled_correct,sf_fifo21,early_half,21684,84,dd_tied,0.008042392049516955,0.0,0.1230697875700173,0.004474634144497114
v219,21600,pooled_correct,sf_fifo21,early_half,21685,85,dd_tied,-0.025713208828653578,0.0,-0.4570949374054578,-0.002194836509953113
v219,21600,pooled_correct,sf_fifo21,early_half,21689,89,dd_tied,0.004843527078628562,0.0,0.13440632084706294,0.003366902201830446
v219,21600,pooled_correct,sf_fifo21,early_half,21690,90,dd_tied,0.001020274162292556,0.0,-0.02473268801513484,0.00011233199235571867
v219,21600,pooled_correct,sf_fifo21,early_half,21692,92,dd_tied,-0.00014817408153000589,0.0,0.007867421814339082,2.023558716368612e-06
v219,21600,pooled_correct,sf_fifo21,early_half,21693,93,dd_tied,-0.008483709948403528,0.0,-0.3819359673376397,-0.0017389307214727978
v219,21600,pooled_correct,sf_fifo21,early_half,21697,97,dd_tied,-0.00032894236700864443,0.0,-0.024015152456385636,-1.771061359612247e-05
v219,21600,pooled_correct,sf_fifo21,early_half,21698,98,dd_tied,-0.0030635816710335995,0.0,-0.05767768058558431,-0.0008329334866253868
v219,21600,pooled_correct,sf_fifo21,early_half,21700,100,dd_tied,-0.005471515485218736,0.0,-0.22247801665453437,0.0023508995995824566
v219,21600,pooled_correct,sf_fifo21,early_half,21701,101,dd_up,-0.006018262718405054,0.14285714285714285,0.847148341722189,-0.0018232612278952232
v219,21600,pooled_correct,sf_fifo21,early_half,21705,105,dd_tied,0.006661848681313698,0.0,-0.0005559124616780764,-0.0003900527484990146
v219,21600,pooled_correct,sf_fifo21,early_half,21706,106,dd_tied,-0.0026480102539062633,0.0,0.10669092646290324,-0.0003075397794989332
v219,21600,pooled_correct,sf_fifo21,early_half,21708,108,dd_down,0.0005114490645273806,-0.1428571428571429,-0.7183913003721187,0.0007277097871436489
v219,21600,pooled_correct,sf_fifo21,early_half,21709,109,dd_tied,0.0002833574158805918,0.0,0.01911475057066525,-0.00018557970892130182
v219,21600,pooled_correct,sf_fifo21,early_half,21713,113,dd_down,0.03195450374058317,-0.2857142857142857,-1.6503233846954828,0.006306509498878121
v219,21600,pooled_correct,sf_fifo21,early_half,21714,114,dd_tied,-0.008186594929013857,0.0,-0.06503567373827934,0.004434293463647765
v219,21600,pooled_correct,sf_fifo21,early_half,21716,116,dd_tied,0.004993668283735153,0.0,0.09774540920822972,-0.0007765926729317307
v219,21600,pooled_correct,sf_fifo21,early_half,21717,117,dd_tied,-0.0005113324097224536,0.0,-0.0650051834942218,-0.0031410630074936163
v219,21600,pooled_correct,sf_fifo21,early_half,21721,121,dd_tied,0.0005962443351745783,0.0,0.23698648142395484,0.00025152771293190934
v219,21600,pooled_correct,sf_fifo21,early_half,21722,122,dd_tied,0.011072321278708275,0.0,-0.402734321953659,-0.004120120301690067
v219,21600,pooled_correct,sf_fifo21,early_half,21724,124,dd_tied,-0.003514777251652279,0.0,-0.13517161282562995,0.0012454372424745008
v219,21600,pooled_correct,sf_fifo21,early_half,21725,125,dd_tied,-0.00018595967973977778,0.0,0.03474918738864119,-2.911429179297542e-06
v219,21600,pooled_correct,sf_fifo21,late_half,21601,1,dd_tied,-0.00601166188716884,0.0,-0.17211529391384772,0.0020291073551852445
v219,21600,pooled_correct,sf_fifo21,late_half,21602,2,dd_down,0.03506027102470399,-0.125,-0.5536367450026631,0.0003078934158274871
v219,21600,pooled_correct,sf_fifo21,late_half,21604,4,dd_tied,-0.0037959593534470093,0.0,-0.022291551579584734,9.907257223518151e-05
v219,21600,pooled_correct,sf_fifo21,late_half,21605,5,dd_tied,0.0013046225905418707,0.0,0.004350740119917873,-0.0007887441014577945
v219,21600,pooled_correct,sf_fifo21,late_half,21609,9,dd_tied,0.0127981188893318,0.0,0.4558643568166616,0.0006125291555730827
v219,21600,pooled_correct,sf_fifo21,late_half,21610,10,dd_tied,0.019310055673122495,0.0,0.21919970613627981,0.0008561108992674038
v219,21600,pooled_correct,sf_fifo21,late_half,21612,12,dd_tied,0.018261407017707842,0.0,0.8166039975285457,0.0031743673832673736
v219,21600,pooled_correct,sf_fifo21,late_half,21613,13,dd_down,0.0015839755535126399,-0.375,-2.3377969385300474,0.0023960405836693788
v219,21600,pooled_correct,sf_fifo21,late_half,21617,17,dd_tied,0.009586929976940106,0.0,0.6322700595204083,-0.0011166960285227123
v219,21600,pooled_correct,sf_fifo21,late_half,21618,18,dd_tied,0.011417580842971842,0.0,0.161438752199345,0.0022164654592290445
v219,21600,pooled_correct,sf_fifo21,late_half,21620,20,dd_tied,0.01184894591569896,0.0,-0.16209193035059855,-0.0007203642343572847
v219,21600,pooled_correct,sf_fifo21,late_half,21621,21,dd_tied,0.050684259831905276,0.0,2.9900549139059365,0.0015674008992864197
v219,21600,pooled_correct,sf_fifo21,late_half,21625,25,dd_down,0.029830178022384635,-0.25,-0.26997825073596005,0.00527654883583506
v219,21600,pooled_correct,sf_fifo21,late_half,21626,26,dd_down,0.004469555020332305,-0.125,0.39682954587242136,0.008132269921463764
v219,21600,pooled_correct,sf_fifo21,late_half,21628,28,dd_tied,0.009726364910602525,0.0,0.2494357871868118,-0.00040986165617395987
v219,21600,pooled_correct,sf_fifo21,late_half,21629,29,dd_up,0.005675316900014882,1.0,7.753945270069849,-0.0004997233983452531
v219,21600,pooled_correct,sf_fifo21,late_half,21633,33,dd_tied,0.08117397949099536,0.0,1.7011086349173183,0.004221330506092191
v219,21600,pooled_correct,sf_fifo21,late_half,21634,34,dd_down,0.03295387104153635,-0.625,-4.050180793601598,9.268046536548002e-05
v219,21600,pooled_correct,sf_fifo21,late_half,21636,36,dd_tied,0.0014790144562721874,0.0,-0.13999213442238556,-0.0008320070930877277
v219,21600,pooled_correct,sf_fifo21,late_half,21637,37,dd_tied,-0.003358475267887129,0.0,0.11114989076703807,0.0006602873141878796
v219,21600,pooled_correct,sf_fifo21,late_half,21641,41,dd_tied,-0.001638680398464265,0.0,-0.057568621143829546,-4.637522802175553e-05
v219,21600,pooled_correct,sf_fifo21,late_half,21642,42,dd_down,0.020322553515434327,-0.25,-1.4562583737876906,0.000792251321557913
v219,21600,pooled_correct,sf_fifo21,late_half,21644,44,dd_down,-0.025709346830844915,-0.25,-2.535454570094899,0.0007014839446561894
v219,21600,pooled_correct,sf_fifo21,late_half,21645,45,dd_down,0.003904924392700182,-0.25,-0.636894179769925,0.014032542966608053
v219,21600,pooled_correct,sf_fifo21,late_half,21649,49,dd_tied,-0.005240626186132413,0.0,0.10646388261081086,0.0005396761821265805
v219,21600,pooled_correct,sf_fifo21,late_half,21650,50,dd_tied,-0.007583009600639401,0.0,-0.5082932005810363,-0.0013116894093004872
v219,21600,pooled_correct,sf_fifo21,late_half,21652,52,dd_tied,0.0020038822293281244,0.0,0.12454572277668774,-0.0002213738705318935
v219,21600,pooled_correct,sf_fifo21,late_half,21653,53,dd_tied,0.0007575118541718329,0.0,0.02792393721999531,6.961107196290506e-05
v219,21600,pooled_correct,sf_fifo21,late_half,21657,57,dd_tied,-0.0012365026772022114,0.0,-0.023324251697331988,-0.0001818198508507507
v219,21600,pooled_correct,sf_fifo21,late_half,21658,58,dd_tied,0.008233792185783462,0.0,0.34457980164673074,0.00131627059449968
v219,21600,pooled_correct,sf_fifo21,late_half,21660,60,dd_tied,-0.006259069442749121,0.0,0.1784251917127193,0.002795052153479305
v219,21600,pooled_correct,sf_fifo21,late_half,21661,61,dd_tied,-0.0027018772065640073,0.0,0.2221534444004476,-0.008345180548891218
v219,21600,pooled_correct,sf_fifo21,late_half,21665,65,dd_tied,0.0009180560708046404,0.0,0.06441190675590747,0.0001235196593833976
v219,21600,pooled_correct,sf_fifo21,late_half,21666,66,dd_tied,0.0027366377413273746,0.0,0.0995079511263981,0.001294956094038735
v219,21600,pooled_correct,sf_fifo21,late_half,21668,68,dd_tied,-0.0028088012337684765,0.0,0.010804548635960032,0.0001327264182094945
v219,21600,pooled_correct,sf_fifo21,late_half,21669,69,dd_tied,-0.005298686027526811,0.0,-0.4568538533392825,-0.0036024252193652684
v219,21600,pooled_correct,sf_fifo21,late_half,21673,73,dd_tied,-0.005606518685817741,0.0,0.20752272801384208,0.0009320268040443613
v219,21600,pooled_correct,sf_fifo21,late_half,21674,74,dd_down,-0.011161069571971938,-0.25,-0.42154050636116835,0.002959302849234624
v219,21600,pooled_correct,sf_fifo21,late_half,21676,76,dd_up,-0.11916274860501297,0.375,-0.9879242198755094,-0.015238065949994883
v219,21600,pooled_correct,sf_fifo21,late_half,21677,77,dd_tied,-0.01701085746288289,0.0,-0.30823451810805125,-0.0016685518823106316
v219,21600,pooled_correct,sf_fifo21,late_half,21681,81,dd_down,0.0028672133386135057,-0.125,-1.0255788122450582,-0.002447798724210526
v219,21600,pooled_correct,sf_fifo21,late_half,21682,82,dd_tied,0.02326814047992226,0.0,2.5211378958141175,0.012421617708691102
v219,21600,pooled_correct,sf_fifo21,late_half,21684,84,dd_down,-0.08801236093044285,-0.125,-2.5909651748297904,-0.005163584013148648
v219,21600,pooled_correct,sf_fifo21,late_half,21685,85,dd_down,0.061854199543595334,-0.125,-3.9010137611075493,-0.006420060826554108
v219,21600,pooled_correct,sf_fifo21,late_half,21689,89,dd_tied,0.035177386254072185,0.0,0.5801725021816679,-0.010584241511554127
v219,21600,pooled_correct,sf_fifo21,late_half,21690,90,dd_tied,0.0008947810530661737,0.0,0.14741821901380092,-0.0005389567508996551
v219,21600,pooled_correct,sf_fifo21,late_half,21692,92,dd_tied,0.0009479904174805043,0.0,0.173824273913894,-1.0976571387710798e-05
v219,21600,pooled_correct,sf_fifo21,late_half,21693,93,dd_tied,-0.002329342961311265,0.0,-0.5459566543921994,-0.0034583653941216985
v219,21600,pooled_correct,sf_fifo21,late_half,21697,97,dd_tied,0.0021719455718994807,0.0,0.3158463254236068,0.0004230756571805827
v219,21600,pooled_correct,sf_fifo21,late_half,21698,98,dd_tied,0.014250635206699447,0.0,0.14766957467570307,0.005569651422050681
v219,21600,pooled_correct,sf_fifo21,late_half,21700,100,dd_down,-0.04636327072978019,-0.25,-1.9937045805781253,0.004119721218243999
v219,21600,pooled_correct,sf_fifo21,late_half,21701,101,dd_up,0.009711095690727228,0.375,2.928033467426829,-0.004443102853199599
v219,21600,pooled_correct,sf_fifo21,late_half,21705,105,dd_down,0.006439578682184255,-0.25,-1.8184679695334438,0.0010104703280471306
v219,21600,pooled_correct,sf_fifo21,late_half,21706,106,dd_tied,-0.008948420286178593,0.0,-0.27353695024562796,0.00029921801948429305
v219,21600,pooled_correct,sf_fifo21,late_half,21708,108,dd_tied,0.0019454658031463623,0.0,0.8099479311758557,0.005241096449867144
v219,21600,pooled_correct,sf_fifo21,late_half,21709,109,dd_tied,-0.004546180367469788,0.0,-0.2843640186152072,-0.0003940829108000088
v219,21600,pooled_correct,sf_fifo21,late_half,21713,113,dd_tied,0.06704014822840693,0.0,1.6715469115286083,-0.0004952074758565184
v219,21600,pooled_correct,sf_fifo21,late_half,21714,114,dd_up,0.07591099321842187,0.125,1.7322578599605123,0.005859207929925114
v219,21600,pooled_correct,sf_fifo21,late_half,21716,116,dd_tied,0.017568097114562975,0.0,0.5160028728587207,-0.0015975920028157287
v219,21600,pooled_correct,sf_fifo21,late_half,21717,117,dd_down,-0.026114079058170314,-0.125,-1.2664077438674468,-0.0057940645018217385
v219,21600,pooled_correct,sf_fifo21,late_half,21721,121,dd_tied,0.01033167019486425,0.0,0.25447864662496045,-0.001830817487435854
v219,21600,pooled_correct,sf_fifo21,late_half,21722,122,dd_tied,-0.009044073671102604,0.0,-0.19621620667483342,-0.017527932828457216
v219,21600,pooled_correct,sf_fifo21,late_half,21724,124,dd_tied,-0.004403605461120619,0.0,-0.4810158205577011,-0.001282582642152419
v219,21600,pooled_correct,sf_fifo21,late_half,21725,125,dd_tied,0.0035048303008079484,0.0,0.11825644208656172,7.085733582967713e-05
v219,21600,pooled_correct,ours_random,full,21601,1,dd_tied,-0.00152527046203621,0.0,-0.2918454999652056,-0.0016959305114734313
v219,21600,pooled_correct,ours_random,full,21602,2,dd_down,0.0074182759920755625,-0.1333333333333333,-0.8752883919396481,-0.0005039671522965028
v219,21600,pooled_correct,ours_random,full,21604,4,dd_tied,8.726580937701289e-05,0.0,0.030339508203198307,-8.55218681905523e-05
v219,21600,pooled_correct,ours_random,full,21605,5,dd_tied,0.0011951333681742282,0.0,0.07397470775578086,0.0010438363254918759
v219,21600,pooled_correct,ours_random,full,21609,9,dd_tied,-0.0007497339248656587,0.0,0.13229350790955152,0.0003221731848800369
v219,21600,pooled_correct,ours_random,full,21610,10,dd_tied,0.0018191626071930589,0.0,0.21127404860752108,0.0005394426263425345
v219,21600,pooled_correct,ours_random,full,21612,12,dd_tied,0.010285395622253501,0.0,0.36737472365814483,-4.846696633920011e-05
v219,21600,pooled_correct,ours_random,full,21613,13,dd_down,0.0038636405467987744,-0.1333333333333333,-1.3347466102929673,-0.003213724523685957
v219,21600,pooled_correct,ours_random,full,21617,17,dd_tied,0.00499118804931642,0.0,0.2860642663300297,-0.000507035626985064
v219,21600,pooled_correct,ours_random,full,21618,18,dd_up,0.01563217584292098,0.06666666666666665,0.3877939781260835,-0.0009732608808536991
v219,21600,pooled_correct,ours_random,full,21620,20,dd_tied,0.007743369897206476,0.0,0.18453822120491736,-0.0006930435298938553
v219,21600,pooled_correct,ours_random,full,21621,21,dd_down,0.015361603736877338,-0.06666666666666665,0.25850205758361255,0.0031954496687409684
v219,21600,pooled_correct,ours_random,full,21625,25,dd_down,0.0073080430030821875,-0.13333333333333341,-0.6550256692840293,0.0016203561906438235
v219,21600,pooled_correct,ours_random,full,21626,26,dd_tied,0.004153011639912885,0.0,1.2199695635676733,0.004136631578240291
v219,21600,pooled_correct,ours_random,full,21628,28,dd_down,-0.01266979281107583,-0.06666666666666671,-0.6473414703091578,-0.00028383187982683467
v219,21600,pooled_correct,ours_random,full,21629,29,dd_up,-0.0023003603617349766,0.2666666666666666,1.9281764070448304,0.0003747181988045245
v219,21600,pooled_correct,ours_random,full,21633,33,dd_tied,0.004911743879318364,0.0,-0.11223432209760631,0.0013793296552557788
v219,21600,pooled_correct,ours_random,full,21634,34,dd_down,0.024338525772094832,-0.4,-2.093970505123849,0.0069307017325589415
v219,21600,pooled_correct,ours_random,full,21636,36,dd_up,-0.0035838287671405844,0.06666666666666665,0.23705403080646192,-6.187453248407415e-05
v219,21600,pooled_correct,ours_random,full,21637,37,dd_tied,-0.0006688137054443599,0.0,0.034975253552246954,0.00013186915951335365
v219,21600,pooled_correct,ours_random,full,21641,41,dd_tied,-0.0014026853243510606,0.0,-0.054610618387627596,-0.0001452063374679513
v219,21600,pooled_correct,ours_random,full,21642,42,dd_tied,0.0005361321767171079,0.0,0.06426146080823969,0.0006653071737281469
v219,21600,pooled_correct,ours_random,full,21644,44,dd_down,-0.00016593758265182057,-0.06666666666666668,-0.6537319531544767,-0.0006195295401155709
v219,21600,pooled_correct,ours_random,full,21645,45,dd_tied,0.0007093062400818084,0.0,0.5057608100593285,0.010710291150309525
v219,21600,pooled_correct,ours_random,full,21649,49,dd_tied,-0.01745275799433388,0.0,-0.16241622737939565,0.0005946989002993952
v219,21600,pooled_correct,ours_random,full,21650,50,dd_tied,-0.0019019818305969771,0.0,-0.14707325413814942,-0.0003988727885403387
v219,21600,pooled_correct,ours_random,full,21652,52,dd_tied,0.0006059714953104978,0.0,0.062075892629579243,-0.00011304042630655431
v219,21600,pooled_correct,ours_random,full,21653,53,dd_tied,0.0006820869445800515,0.0,0.047377781660884466,3.4221401441936194e-05
v219,21600,pooled_correct,ours_random,full,21657,57,dd_tied,0.014358147462208981,0.0,0.26915175378543665,-3.853883183468909e-06
v219,21600,pooled_correct,ours_random,full,21658,58,dd_tied,-0.0030267288684845406,0.0,0.061446920747584954,0.0008241982658632185
v219,21600,pooled_correct,ours_random,full,21660,60,dd_tied,-0.0012905009587604876,0.0,0.11089818897285397,0.0021303911288879096
v219,21600,pooled_correct,ours_random,full,21661,61,dd_tied,0.012441982428232912,0.0,0.44053690522672184,-0.004745547456016852
v219,21600,pooled_correct,ours_random,full,21665,65,dd_tied,0.0004363495508830084,0.0,-0.01621857809320204,0.0001318245980553856
v219,21600,pooled_correct,ours_random,full,21666,66,dd_tied,0.012655726432800218,0.0,0.20034105141763803,0.00024719861865218906
v219,21600,pooled_correct,ours_random,full,21668,68,dd_tied,0.0008140347798665237,0.0,0.02831724540699554,-5.389673501066117e-05
v219,21600,pooled_correct,ours_random,full,21669,69,dd_tied,0.0006116189161936569,0.0,0.0246732894171231,0.0008777749344319741
v219,21600,pooled_correct,ours_random,full,21673,73,dd_tied,-0.00458565632502228,0.0,0.12330006836029384,-0.0020953852981078214
v219,21600,pooled_correct,ours_random,full,21674,74,dd_down,-0.018871318658193026,-0.20000000000000007,-1.6360939431295947,0.002303515315150162
v219,21600,pooled_correct,ours_random,full,21676,76,dd_up,-0.03503283381462097,0.26666666666666666,0.48285195667240544,-0.009029244113997414
v219,21600,pooled_correct,ours_random,full,21677,77,dd_tied,0.000677704652150446,0.0,0.007978787625447126,-0.0013450427267386322
v219,21600,pooled_correct,ours_random,full,21681,81,dd_down,0.023793965260187733,-0.19999999999999996,-0.889296161790611,0.0007492868818655962
v219,21600,pooled_correct,ours_random,full,21682,82,dd_tied,0.00047883343696597525,0.0,0.09831790267072904,0.0008194452917716921
v219,21600,pooled_correct,ours_random,full,21684,84,dd_down,-0.044944035013516626,-0.19999999999999996,-2.590931699447225,0.0003343542319821369
v219,21600,pooled_correct,ours_random,full,21685,85,dd_down,-0.010145013749599419,-0.06666666666666665,-1.883581277885483,-0.014768882217341406
v219,21600,pooled_correct,ours_random,full,21689,89,dd_tied,0.01216750860214233,0.0,0.4536273110516902,-0.0026698352634250133
v219,21600,pooled_correct,ours_random,full,21690,90,dd_tied,-0.005349669456481965,0.0,0.15964047301322637,-0.0007219150766776261
v219,21600,pooled_correct,ours_random,full,21692,92,dd_tied,-0.0002303843498230318,0.0,-0.004391768423786857,0.0003932769763296262
v219,21600,pooled_correct,ours_random,full,21693,93,dd_tied,0.0034586935043334766,0.0,-0.1972310553853589,-0.0015140025489923659
v219,21600,pooled_correct,ours_random,full,21697,97,dd_tied,-0.0027618746757508417,0.0,-0.007507920563156745,-0.0010561912563620268
v219,21600,pooled_correct,ours_random,full,21698,98,dd_tied,0.0029225804011026035,0.0,-0.10995394256657676,-0.0024038402957324845
v219,21600,pooled_correct,ours_random,full,21700,100,dd_tied,-0.06200786733627317,0.0,-1.0969900552846497,0.0012318044312488174
v219,21600,pooled_correct,ours_random,full,21701,101,dd_up,0.005018115818500535,0.2,1.366934421754209,-0.006538979432683556
v219,21600,pooled_correct,ours_random,full,21705,105,dd_down,-0.004473530292511074,-0.20000000000000007,-1.8199463555648236,-0.002418450952989648
v219,21600,pooled_correct,ours_random,full,21706,106,dd_tied,-0.0031861055692036233,0.0,-0.05909379770872647,0.00017099718046842405
v219,21600,pooled_correct,ours_random,full,21708,108,dd_tied,0.003467156489690093,0.0,0.11277169602847437,-0.00040920768685059894
v219,21600,pooled_correct,ours_random,full,21709,109,dd_down,-0.0003751120567322408,-0.06666666666666665,-0.5861054101051764,-8.498482395813411e-06
v219,21600,pooled_correct,ours_random,full,21713,113,dd_up,-0.01241305907567336,0.13333333333333336,1.4235626521091262,6.212807579575319e-05
v219,21600,pooled_correct,ours_random,full,21714,114,dd_up,-0.02601746161778773,0.06666666666666665,0.14280747806854777,0.0007578648610820915
v219,21600,pooled_correct,ours_random,full,21716,116,dd_tied,0.0017028939723967573,0.0,0.12809762387266233,0.0013212130714347348
v219,21600,pooled_correct,ours_random,full,21717,117,dd_down,0.005089785814285208,-0.2666666666666666,-1.779832759106739,0.00027009640088715425
v219,21600,pooled_correct,ours_random,full,21721,121,dd_down,0.000743047237396155,-0.06666666666666665,-0.396653297814467,-0.0017938609682085493
v219,21600,pooled_correct,ours_random,full,21722,122,dd_tied,0.008164790232976338,0.0,0.3924633808558866,-0.0025968104635216704
v219,21600,pooled_correct,ours_random,full,21724,124,dd_up,0.0002984422047933588,0.06666666666666665,0.3716147839185311,-0.0007230784494873799
v219,21600,pooled_correct,ours_random,full,21725,125,dd_tied,-0.00020572551091513347,0.0,-0.04010818171059327,0.0007884559855717566
v219,21600,pooled_correct,ours_random,early_half,21601,1,dd_tied,-0.00012277330671039977,0.0,-0.05685426047075737,-0.0010082042139702985
v219,21600,pooled_correct,ours_random,early_half,21602,2,dd_tied,-0.0008392371450151037,0.0,-0.045052428893626484,-0.0005868443253319588
v219,21600,pooled_correct,ours_random,early_half,21604,4,dd_tied,0.0003504725864955649,0.0,-0.060978133738174733,-1.1907783415088247e-05
v219,21600,pooled_correct,ours_random,early_half,21605,5,dd_tied,7.437978471913631e-06,0.0,0.012641521027632052,-0.00012049812843673013
v219,21600,pooled_correct,ours_random,early_half,21609,9,dd_tied,-0.0010302107674735606,0.0,0.1628055762346179,0.0001109251725143201
v219,21600,pooled_correct,ours_random,early_half,21610,10,dd_tied,0.0002143655504498465,0.0,0.09536638341910475,0.00049666437278717
v219,21600,pooled_correct,ours_random,early_half,21612,12,dd_tied,0.00029547521046235925,0.0,-0.014422004326746674,0.0002470156576226401
v219,21600,pooled_correct,ours_random,early_half,21613,13,dd_up,-0.0037166917324066295,0.1428571428571429,0.6514304694275239,-0.004988358461585962
v219,21600,pooled_correct,ours_random,early_half,21617,17,dd_tied,-0.0006164710862296419,0.0,0.03903289232239615,-0.0007045948833263038
v219,21600,pooled_correct,ours_random,early_half,21618,18,dd_tied,0.0020253944396972923,0.0,0.10969828811983007,-2.4588781256884573e-05
v219,21600,pooled_correct,ours_random,early_half,21620,20,dd_tied,0.0026421918187821136,0.0,0.017258717233417542,-0.00027021013921113557
v219,21600,pooled_correct,ours_random,early_half,21621,21,dd_tied,0.0017536320005143713,0.0,0.1496294902168387,0.0016060792631220622
v219,21600,pooled_correct,ours_random,early_half,21625,25,dd_tied,0.0003898668289185059,0.0,-0.09029619389873744,0.0004607350266473409
v219,21600,pooled_correct,ours_random,early_half,21626,26,dd_tied,0.00033742257526947483,0.0,0.18015345815526018,5.492473132640008e-05
v219,21600,pooled_correct,ours_random,early_half,21628,28,dd_down,0.0009733435085840236,-0.1428571428571428,-1.0061908676954943,-5.2701941636978944e-05
v219,21600,pooled_correct,ours_random,early_half,21629,29,dd_tied,-0.0006026911735533824,0.0,0.013255710913782082,0.000121647442949957
v219,21600,pooled_correct,ours_random,early_half,21633,33,dd_tied,0.000910876137869665,0.0,-0.09113527989987347,0.0004857281364503141
v219,21600,pooled_correct,ours_random,early_half,21634,34,dd_up,-0.006711016212190946,0.1428571428571428,1.0262681955770887,0.001894315109381428
v219,21600,pooled_correct,ours_random,early_half,21636,36,dd_tied,-0.00026778800146920467,0.0,-0.061039646291717986,-9.650447401987616e-05
v219,21600,pooled_correct,ours_random,early_half,21637,37,dd_tied,-0.0001256036758422452,0.0,-0.04966808435550263,7.261407629421956e-05
v219,21600,pooled_correct,ours_random,early_half,21641,41,dd_tied,-0.0004356193542479625,0.0,-0.028230063637934677,-1.2339311944664644e-05
v219,21600,pooled_correct,ours_random,early_half,21642,42,dd_tied,-0.0009265780448913796,0.0,0.0241578851285027,0.00014622404701236658
v219,21600,pooled_correct,ours_random,early_half,21644,44,dd_tied,0.000660515512738824,0.0,-0.034115310954973666,-0.00043210384705616445
v219,21600,pooled_correct,ours_random,early_half,21645,45,dd_tied,0.0011188186917987508,0.0,0.2577043833670558,0.005921676810034304
v219,21600,pooled_correct,ours_random,early_half,21649,49,dd_tied,0.00026031766619005747,0.0,0.0027379805443956684,0.00042556675168448077
v219,21600,pooled_correct,ours_random,early_half,21650,50,dd_tied,-0.0007840902464730792,0.0,-0.12503086441839173,-0.00016147311009762078
v219,21600,pooled_correct,ours_random,early_half,21652,52,dd_tied,-0.00029648474284582615,0.0,0.019023480171611595,-0.00014975006637296673
v219,21600,pooled_correct,ours_random,early_half,21653,53,dd_tied,-0.00010499136788510999,0.0,0.030086705144867665,5.867428936401353e-05
v219,21600,pooled_correct,ours_random,early_half,21657,57,dd_tied,0.00026170900889810333,0.0,0.014682646549857736,-1.576065260211479e-05
v219,21600,pooled_correct,ours_random,early_half,21658,58,dd_tied,-0.0007785909516468958,0.0,0.021800058217607443,0.0005481892713314895
v219,21600,pooled_correct,ours_random,early_half,21660,60,dd_tied,0.0009250632354191879,0.0,0.04187268816390599,0.0010614657703384989
v219,21600,pooled_correct,ours_random,early_half,21661,61,dd_tied,-0.005217427185603585,0.0,-0.0030151777534968005,-0.00564356594452009
v219,21600,pooled_correct,ours_random,early_half,21665,65,dd_tied,0.00040084327970235645,0.0,0.021488914432836737,0.00010944726105921454
v219,21600,pooled_correct,ours_random,early_half,21666,66,dd_tied,0.0004805830546787959,0.0,-0.05475854926231705,0.00043093501309654503
v219,21600,pooled_correct,ours_random,early_half,21668,68,dd_tied,0.0001647823197500342,0.0,0.07489862747566178,5.264193923837368e-05
v219,21600,pooled_correct,ours_random,early_half,21669,69,dd_tied,0.0003283928121838864,0.0,0.03177789693604893,0.00020879123965356072
v219,21600,pooled_correct,ours_random,early_half,21673,73,dd_tied,0.0016106445448739182,0.0,-0.05309007102712826,-0.002083292637275802
v219,21600,pooled_correct,ours_random,early_half,21674,74,dd_tied,0.005169675009591201,0.0,0.1350094304044518,0.0008329559100412887
v219,21600,pooled_correct,ours_random,early_half,21676,76,dd_tied,-0.01275519166673944,0.0,-0.4179813787735327,-0.0019551653109419753
v219,21600,pooled_correct,ours_random,early_half,21677,77,dd_tied,-9.698050362727528e-05,0.0,0.05616956348589497,-0.00027267693498844725
v219,21600,pooled_correct,ours_random,early_half,21681,81,dd_tied,0.0005499754633221388,0.0,0.004381621625142884,0.0010908428066913611
v219,21600,pooled_correct,ours_random,early_half,21682,82,dd_tied,-0.0029302296468189937,0.0,0.20810342620926292,1.2242991289657112e-06
v219,21600,pooled_correct,ours_random,early_half,21684,84,dd_down,-0.00742419370583125,-0.1428571428571428,-1.1485716270917266,0.0038566324104712946
v219,21600,pooled_correct,ours_random,early_half,21685,85,dd_tied,0.011834655744688893,0.0,0.1397981616255919,-0.011553688594760025
v219,21600,pooled_correct,ours_random,early_half,21689,89,dd_tied,0.0058419122014726765,0.0,0.22214064983270987,0.0036295422497634178
v219,21600,pooled_correct,ours_random,early_half,21690,90,dd_tied,-0.0024252441951205794,0.0,-0.14217678617487195,-0.00020406719900056824
v219,21600,pooled_correct,ours_random,early_half,21692,92,dd_tied,-0.00045660325459073725,0.0,-0.0015838793620446268,0.0001095532638127894
v219,21600,pooled_correct,ours_random,early_half,21693,93,dd_tied,-0.0028045174053737965,0.0,-0.14989510399342976,-0.00038771981931473576
v219,21600,pooled_correct,ours_random,early_half,21697,97,dd_tied,0.0010794554437910664,0.0,-0.055573972958441686,-0.0007367539102112186
v219,21600,pooled_correct,ours_random,early_half,21698,98,dd_tied,-0.00029355525970453655,0.0,-0.06280838073044492,-0.0009061585020200269
v219,21600,pooled_correct,ours_random,early_half,21700,100,dd_tied,-0.00041745526450032155,0.0,-0.09063509717429952,0.0009949828217239443
v219,21600,pooled_correct,ours_random,early_half,21701,101,dd_up,-0.0013224021451813672,0.14285714285714285,1.0034962940199534,-0.003443207259227643
v219,21600,pooled_correct,ours_random,early_half,21705,105,dd_down,0.0016755781854902452,-0.1428571428571429,-1.0353517046431904,-0.00033148056895293543
v219,21600,pooled_correct,ours_random,early_half,21706,106,dd_tied,0.001271661009107361,0.0,0.12762670988631442,0.0002440696778481799
v219,21600,pooled_correct,ours_random,early_half,21708,108,dd_tied,0.0013296660355159862,0.0,0.053631664415732416,5.2374121596310275e-06
v219,21600,pooled_correct,ours_random,early_half,21709,109,dd_tied,-0.0003365353175571739,0.0,0.004737510688840985,9.914870090843575e-05
v219,21600,pooled_correct,ours_random,early_half,21713,113,dd_tied,0.0009908218043190864,0.0,0.11216413265347569,0.00018463091109444107
v219,21600,pooled_correct,ours_random,early_half,21714,114,dd_down,-0.010710077796663553,-0.1428571428571429,-1.311826661257058,0.0009118520874804581
v219,21600,pooled_correct,ours_random,early_half,21716,116,dd_tied,0.002303028787885575,0.0,-0.053671586999485044,0.0010595238456024836
v219,21600,pooled_correct,ours_random,early_half,21717,117,dd_down,0.0009578124114445474,-0.1428571428571429,-1.09834100045056,5.7963200033928075e-05
v219,21600,pooled_correct,ours_random,early_half,21721,121,dd_tied,-0.0022441349710736747,0.0,-0.03631118251767873,-0.0008903670514582851
v219,21600,pooled_correct,ours_random,early_half,21722,122,dd_tied,0.013356716462543994,0.0,-0.09548660415917709,-0.001229288202411638
v219,21600,pooled_correct,ours_random,early_half,21724,124,dd_tied,0.006175717456000207,0.0,-0.07391738646487056,-0.0016348914304571416
v219,21600,pooled_correct,ours_random,early_half,21725,125,dd_tied,0.00034763983317798175,0.0,-0.009764915262081786,0.0007853839658421569
v219,21600,pooled_correct,ours_random,late_half,21601,1,dd_tied,-0.0027524554729462247,0.0,-0.49746283452282114,-0.0022976910217885615
v219,21600,pooled_correct,ours_random,late_half,21602,2,dd_down,0.01464359998703002,-0.25,-1.6017448596049348,-0.00043144962589036773
v219,21600,pooled_correct,ours_random,late_half,21604,4,dd_tied,-0.000143040120601734,0.0,0.11024244490182866,-0.0001499341923694164
v219,21600,pooled_correct,ours_random,late_half,21605,5,dd_tied,0.00223436683416367,0.0,0.12764124614297145,0.002062628972679059
v219,21600,pooled_correct,ours_random,late_half,21609,9,dd_tied,-0.0005043166875839944,0.0,0.1055954481251149,0.0005070151956997337
v219,21600,pooled_correct,ours_random,late_half,21610,10,dd_tied,0.003223360031843203,0.0,0.31269325564743156,0.0005768735982034645
v219,21600,pooled_correct,ours_random,late_half,21612,12,dd_tied,0.019026575982570626,0.0,0.7014468606448929,-0.000307014262305616
v219,21600,pooled_correct,ours_random,late_half,21613,13,dd_down,0.010496431291103447,-0.375,-3.0726515550484095,-0.0016609198280232995
v219,21600,pooled_correct,ours_random,late_half,21617,17,dd_tied,0.009897889792919168,0.0,0.5022167185866522,-0.00033417127768642363
v219,21600,pooled_correct,ours_random,late_half,21618,18,dd_up,0.027538109570741653,0.125,0.6311277068815428,-0.0018033489680009396
v219,21600,pooled_correct,ours_random,late_half,21620,20,dd_tied,0.012206900715827862,0.0,0.3309077871799815,-0.0010630227467415265
v219,21600,pooled_correct,ours_random,late_half,21621,21,dd_down,0.02726857900619506,-0.125,0.3537655540295219,0.004586148773657706
v219,21600,pooled_correct,ours_random,late_half,21625,25,dd_down,0.013361447155475603,-0.25,-1.1491639602461134,0.0026350247091408985
v219,21600,pooled_correct,ours_random,late_half,21626,26,dd_tied,0.007491652071475952,0.0,2.129808655803515,0.007708125069290195
v219,21600,pooled_correct,ours_random,late_half,21628,28,dd_tied,-0.024607537090778342,0.0,-0.33334824759607784,-0.00048607057574312496
v219,21600,pooled_correct,ours_random,late_half,21629,29,dd_up,-0.0037858209013938993,0.5,3.6037320161594835,0.0005961551101772988
v219,21600,pooled_correct,ours_random,late_half,21633,33,dd_tied,0.008412503153085726,0.0,-0.130695984020619,0.002161230984210394
v219,21600,pooled_correct,ours_random,late_half,21634,34,dd_down,0.05150687500834461,-0.875,-4.824179368237125,0.011337540027839377
v219,21600,pooled_correct,ours_random,late_half,21636,36,dd_up,-0.006485364437103236,0.125,0.4978859982673782,-3.157333364001147e-05
v219,21600,pooled_correct,ours_random,late_half,21637,37,dd_tied,-0.0011441224813460993,0.0,0.1090381742215385,0.00018371735732969352
v219,21600,pooled_correct,ours_random,late_half,21641,41,dd_tied,-0.0022488680481911327,0.0,-0.07769360379364798,-0.00026146498480073
v219,21600,pooled_correct,ours_random,late_half,21642,42,dd_tied,0.0018160036206246177,0.0,0.09935208952801133,0.0011195049096042187
v219,21600,pooled_correct,ours_random,late_half,21644,44,dd_down,-0.0008890840411186485,-0.125,-1.1958965150790277,-0.0007835270215423851
v219,21600,pooled_correct,ours_random,late_half,21645,45,dd_tied,0.00035098284482948383,0.0,0.7228101834151062,0.014900328698050469
v219,21600,pooled_correct,ours_random,late_half,21649,49,dd_tied,-0.03295169919729235,0.0,-0.3069261593127095,0.0007426895303379588
v219,21600,pooled_correct,ours_random,late_half,21650,50,dd_tied,-0.0028801369667054155,0.0,-0.16636034514294806,-0.0006065975071778418
v219,21600,pooled_correct,ours_random,late_half,21652,52,dd_tied,0.0013956207036971424,0.0,0.0997467535303258,-8.091949124855446e-05
v219,21600,pooled_correct,ours_random,late_half,21653,53,dd_tied,0.0013707804679871094,0.0,0.06250747361242759,1.282512451039608e-05
v219,21600,pooled_correct,ours_random,late_half,21657,57,dd_tied,0.026692531108856277,0.0,0.49181222261658775,6.564540057540924e-06
v219,21600,pooled_correct,ours_random,late_half,21658,58,dd_tied,-0.004993849545717244,0.0,0.09613792546127797,0.0010657061360785924
v219,21600,pooled_correct,ours_random,late_half,21660,60,dd_tied,-0.003229119628667898,0.0,0.17129550218071188,0.0030657008176190326
v219,21600,pooled_correct,ours_random,late_half,21661,61,dd_tied,0.027893965840339652,0.0,0.8286449778344149,-0.003959781278576657
v219,21600,pooled_correct,ours_random,late_half,21665,65,dd_tied,0.00046741753816603726,0.0,-0.049212634053532156,0.0001514047679265218
v219,21600,pooled_correct,ours_random,late_half,21666,66,dd_tied,0.02330897688865663,0.0,0.42355320201262714,8.642927351365515e-05
v219,21600,pooled_correct,ours_random,late_half,21668,68,dd_tied,0.0013821306824683965,0.0,-0.01244146390303058,-0.00014711807497858054
v219,21600,pooled_correct,ours_random,late_half,21669,69,dd_tied,0.0008594417572022062,0.0,0.01845675783802392,0.0014631356673626694
v219,21600,pooled_correct,ours_random,late_half,21673,73,dd_tied,-0.010007419586181565,0.0,0.27764144032425975,-0.002105966376335755
v219,21600,pooled_correct,ours_random,late_half,21674,74,dd_down,-0.039907188117504155,-0.375,-3.185809394971912,0.0035902547946199403
v219,21600,pooled_correct,ours_random,late_half,21676,76,dd_up,-0.05452577069401743,0.5,1.2710811251876066,-0.015219063066670424
v219,21600,pooled_correct,ours_random,late_half,21677,77,dd_tied,0.0013555541634560075,0.0,-0.03418814125245717,-0.0022833627945196833
v219,21600,pooled_correct,ours_random,late_half,21681,81,dd_down,0.044132456332445114,-0.375,-1.6712642222794472,0.0004504254476431768
v219,21600,pooled_correct,ours_random,late_half,21682,82,dd_tied,0.003461763635277726,0.0,0.002255569574501237,0.0015353886603339806
v219,21600,pooled_correct,ours_random,late_half,21684,84,dd_down,-0.07777389615774155,-0.25,-3.8529967627582806,-0.0027476391741955153
v219,21600,pooled_correct,ours_random,late_half,21685,85,dd_down,-0.029377224557101678,-0.125,-3.654038287457695,-0.0175821766370996
v219,21600,pooled_correct,ours_random,late_half,21689,89,dd_tied,0.017702405452728276,0.0,0.6561781396183619,-0.008181790587464377
v219,21600,pooled_correct,ours_random,late_half,21690,90,dd_tied,-0.007908541560173066,0.0,0.4237305748028035,-0.0011750319696446354
v219,21600,pooled_correct,ours_random,late_half,21692,92,dd_tied,-3.2442808151178504e-05,0.0,-0.006848671352784663,0.0006415352247818307
v219,21600,pooled_correct,ours_random,late_half,21693,93,dd_tied,0.008939003050327354,0.0,-0.2386500128533129,-0.0024994999374603477
v219,21600,pooled_correct,ours_random,late_half,21697,97,dd_tied,-0.006123038530349678,0.0,0.03454987528270692,-0.0013356989342441228
v219,21600,pooled_correct,ours_random,late_half,21698,98,dd_tied,0.005736699104309184,0.0,-0.15120630917320455,-0.003714311865230968
v219,21600,pooled_correct,ours_random,late_half,21700,100,dd_tied,-0.11589947789907451,0.0,-1.9775506436311616,0.0014390233395831231
v219,21600,pooled_correct,ours_random,late_half,21701,101,dd_up,0.010566069036722192,0.25,1.68494278352172,-0.00924778008445748
v219,21600,pooled_correct,ours_random,late_half,21705,105,dd_down,-0.009854000210761993,-0.25,-2.5064666751212457,-0.00424455003902191
v219,21600,pooled_correct,ours_random,late_half,21706,106,dd_tied,-0.007086651325225846,0.0,-0.22247424185435705,0.00010705874526129033
v219,21600,pooled_correct,ours_random,late_half,21708,108,dd_tied,0.005337460637092617,0.0,0.16451922368963778,-0.0007718471484845502
v219,21600,pooled_correct,ours_random,late_half,21709,109,dd_down,-0.0004088667035102578,-0.125,-1.1030929657999593,-0.00010268976778671224
v219,21600,pooled_correct,ours_random,late_half,21713,113,dd_up,-0.024141454845666876,0.25,2.5710363566328027,-4.506190509045993e-05
v219,21600,pooled_correct,ours_random,late_half,21714,114,dd_up,-0.03941142246127127,0.25,1.4156123499784599,0.0006231260379836456
v219,21600,pooled_correct,ours_random,late_half,21716,116,dd_tied,0.001177776008844389,0.0,0.287145683385873,0.0015501911440384264
v219,21600,pooled_correct,ours_random,late_half,21717,117,dd_down,0.008705262541770953,-0.375,-2.3761380479308656,0.00045571295163415737
v219,21600,pooled_correct,ours_random,late_half,21721,121,dd_down,0.003356831669807492,-0.125,-0.7119526486991958,-0.0025844181453649195
v219,21600,pooled_correct,ours_random,late_half,21722,122,dd_tied,0.0036218547821044167,0.0,0.8194196177440318,-0.0037933924419926157
v219,21600,pooled_correct,ours_random,late_half,21724,124,dd_up,-0.004844173640012772,0.125,0.7614554330040164,7.475790886135592e-05
v219,21600,pooled_correct,ours_random,late_half,21725,125,dd_tied,-0.0006899201869964289,0.0,-0.06665853985303727,0.0007911440028347538
