operator,call_index,layer,head,discovery_mean_gain,validation_mean_gain,discovery_horizon_slope,validation_horizon_slope
landmark,0,0,0,-7.460002879842706,-7.293566715436767,-0.3124972590315744,-0.3140030921907642
landmark,0,0,1,-7.495534295750647,-7.442993939004918,0.5685668900474454,0.6069033321279133
landmark,0,0,2,-2.2431165796577455,-2.1550624763955804,0.26394632646365795,0.23356952931639532
landmark,0,0,3,-2.5531513920870172,-2.5018312152376327,0.22910941712501198,0.25415445941352655
landmark,0,0,4,-4.185194703965382,-4.1826825451176495,-1.1943990025218916,-1.1525423353285478
landmark,0,0,5,-5.790127441681811,-5.724803371154014,-1.923267087591716,-1.7431119905745245
landmark,0,0,6,-4.9266538859219695,-4.923160737475473,-1.0244142971421397,-0.9415663475363291
landmark,0,0,7,-6.737260977850368,-6.816083757602006,-1.0600500667174786,-1.0588912777339408
landmark,0,0,8,-2.5185095550769065,-2.38068225426656,0.22518528899105802,0.21905212466956303
landmark,0,0,9,-0.6975043587629143,-0.6981082318731566,0.6015558189187178,0.5921965613688202
landmark,0,0,10,6.700381999837507,6.610554940837183,0.8484682328463313,0.920709078003617
landmark,0,0,11,-5.212408947887666,-5.163369678190686,-1.2307390850157491,-1.189378624981505
landmark,0,1,0,-2.923392680941173,-2.888177362610229,0.29791076369010894,0.23174849755877105
landmark,0,1,1,-6.621265161731468,-6.513031612424299,-3.037242064338881,-2.814482914197331
landmark,0,1,2,-3.4510598866105595,-3.3549381807257213,-0.13182848443227432,-0.2264154594470021
landmark,0,1,3,-2.568728754240771,-2.4722010675429487,0.1216679584239131,0.0872141755053146
landmark,0,1,4,-3.6329224369112647,-3.8079301503136893,0.9637484448174352,0.9345209258010047
landmark,0,1,5,-1.6113851469121883,-1.5200202378393268,0.4564429706727573,0.4304658011878291
landmark,0,1,6,-0.1820189127611677,-0.3226241110783319,0.21906262874838128,0.21507876773799064
landmark,0,1,7,-2.1771820189415187,-2.0662769034268447,0.36564131228186714,0.5594452797816389
landmark,0,1,8,-3.889529574105589,-3.4283028618989912,-1.7883429749669153,-1.7258152497090926
landmark,0,1,9,-4.688861909166671,-4.671598665528717,0.22711366907216513,0.194713458117994
landmark,0,1,10,-0.28068595143016933,-0.1456112513175569,0.5898084954927232,0.6600929801026364
landmark,0,1,11,-3.636702771189102,-3.515707180773789,0.006257738051262535,0.06530013851118835
landmark,0,2,0,-2.527256263416355,-2.6039231418923583,0.12749707728953621,0.1321488058844147
landmark,0,2,1,-1.9407527081106337,-1.8866098374617442,0.2303468636261823,0.32003589405001714
landmark,0,2,2,-4.076497354397179,-3.624012761530602,1.0942322900450638,1.2233795553907583
landmark,0,2,3,-3.4641917422740334,-3.364692147232566,-0.9699124380611319,-0.8249843766238221
landmark,0,2,4,-13.168998936160635,-12.962197868655847,-3.227641918424581,-3.3171742900572414
landmark,0,2,5,-2.129576423899245,-1.9056085628918347,1.701219166832638,1.8229620647401292
landmark,0,2,6,-1.1821683823943303,-1.26041234865301,0.20514066007915768,0.2654897368585344
landmark,0,2,7,-2.3376855996436787,-2.193455515496533,-0.29780915258662516,-0.2534499258370779
landmark,0,2,8,-3.1045477071821073,-2.8307637736981146,-0.3448167860261589,-0.414597869251442
landmark,0,2,9,-0.8369803691802408,-0.6806455913584132,1.7820209977198234,1.8558073071823582
landmark,0,2,10,-1.0004658932623849,-0.9477501950143866,-0.4373406983362935,-0.40605590817874837
landmark,0,2,11,-2.141309503581691,-1.913846866703605,-0.10334206652076926,-0.027000677656944486
landmark,0,3,0,-6.168455095933329,-6.517878128286331,-2.1490385074608223,-1.9260595580485453
landmark,0,3,1,-3.1138296166898596,-3.1002235349955876,-0.2288464853829105,-0.13756790201226957
landmark,0,3,2,-4.44849148414837,-4.3178607837308585,-1.4378635252882994,-1.3619285731875643
landmark,0,3,3,-1.5589131556967537,-1.556441020183956,0.24925704555693057,0.3412931299177618
landmark,0,3,4,-2.6212073109330416,-2.5684007308954167,-2.0247143578104896,-1.9205153847854444
landmark,0,3,5,-3.1803651509608906,-3.2951756022412675,0.6440099042039232,0.636136826608434
landmark,0,3,6,-1.7620017367044367,-1.835684170607691,0.41998002856777833,0.34777729397567164
landmark,0,3,7,-0.5403646529253768,-0.6890591966862498,-0.2942816945890877,-0.29959999177893687
landmark,0,3,8,-2.471054676312713,-2.4114199937491247,0.22052128986975444,0.19426238518700367
landmark,0,3,9,-0.6972260142192578,-0.8705398933684831,0.5273286764539011,0.5264819728617142
landmark,0,3,10,-1.3469564345526752,-1.3948259607993698,0.620804757490264,0.6497056351071551
landmark,0,3,11,-2.463772408079652,-2.560448545619003,-0.24963758788024265,-0.18840362179713036
landmark,0,4,0,-2.8425637825428223,-2.6608940483920507,-0.5844366616275167,-0.47403402128925665
landmark,0,4,1,-3.322894480714398,-3.365353629672026,0.5294384261071295,0.5854431810002976
landmark,0,4,2,-3.3306581667152124,-3.124736679692035,0.23801861866065077,0.4014902471996388
landmark,0,4,3,-3.2414473894963485,-2.9299172474541133,1.1130839259426792,0.9536344928906054
landmark,0,4,4,-3.022651102934468,-3.0008302131100693,-0.46088545811064285,-0.4482327326384351
landmark,0,4,5,-1.1311151457987758,-0.9163915532040313,-0.4027341424627779,-0.6169699449508141
landmark,0,4,6,-2.3320820442360026,-2.2893833839210185,0.4525052813251373,0.3875868274632353
landmark,0,4,7,-2.5086233702895253,-2.5269551951030915,0.28286565315944395,0.18734826401162905
landmark,0,4,8,-0.08299734505574757,-0.021631039198111296,0.5349414868888228,0.6041943276493013
landmark,0,4,9,-1.5447012129047397,-1.62474834968424,0.46226642954973224,0.5774689704577698
landmark,0,4,10,-3.282582414374108,-3.2612292290488916,0.39689310802176164,0.4729379375099566
landmark,0,4,11,-1.929230866683423,-1.9784685302635205,0.24386575278542671,0.21446369454188322
landmark,0,5,0,-7.457640014987061,-7.19918051773132,0.6260401419489211,0.8527934989785566
landmark,0,5,1,-2.9518306723775414,-2.784992032798957,-0.46358867210475097,-0.5258117678990861
landmark,0,5,2,-2.4773670847768323,-2.461652848111593,-1.425355517832081,-1.6117771527728897
landmark,0,5,3,-1.3577599698778648,-1.233237075520603,0.29767711674333125,0.3204079295511846
landmark,0,5,4,-2.120755729324803,-2.0962581376851466,-1.4681769167238194,-1.4663302591641776
landmark,0,5,5,-3.3376161949979486,-3.225806977440165,0.9228291800775587,0.9468610717886047
landmark,0,5,6,-4.052700339295478,-3.7403630408037856,-0.10343484117534282,-0.13882684674599075
landmark,0,5,7,-3.959341078752019,-3.9556877270044795,1.2983227024450907,1.3240980758090963
landmark,0,5,8,-1.4642818272607228,-1.3556694193431769,0.09245685535033527,0.06798319070113605
landmark,0,5,9,-6.435688059714483,-6.394540470955203,-1.2531169577104038,-1.353213451222942
landmark,0,5,10,-2.5857082166320478,-2.6018167479308985,2.511077163768136,2.55282593254482
landmark,0,5,11,-4.455783523251317,-4.274772880273038,-0.6106439073459152,-0.5957612459091007
landmark,0,6,0,-2.734696106031349,-2.7793114098216933,0.2436854637671831,0.34922627790891064
landmark,0,6,1,-2.3956979567508463,-2.397585828553574,0.3821928512633977,0.46819921780813556
landmark,0,6,2,-2.7483641567217596,-2.804466726140728,-0.12147667387030689,-0.08716451094509482
landmark,0,6,3,-1.3892301537994232,-1.4673181772958517,0.3087523139124465,0.4129703216880905
landmark,0,6,4,-3.129209178364793,-3.086526105085826,0.3081299207213592,0.5041477971887774
landmark,0,6,5,-1.8236798612720848,-1.8129667805224035,0.4452039460595441,0.5237384789549057
landmark,0,6,6,-1.2456665869388592,-1.2793641517654153,0.5275100065673607,0.5963627078828667
landmark,0,6,7,-1.7729624124798242,-1.90667305844482,0.35652859364492356,0.37283416715987533
landmark,0,6,8,-2.3995550464537394,-2.439918285950328,0.37962526891597265,0.4451900033612107
landmark,0,6,9,-2.670674770236135,-2.6989767688531274,0.37206395791239855,0.4313542477819681
landmark,0,6,10,-2.0917388235103522,-2.10454444206226,0.12347640735966785,0.23452822125177122
landmark,0,6,11,0.5142470653225958,0.5777392605887931,-0.24948083094436654,-0.38656515890711296
landmark,0,7,0,-4.013414685138758,-4.066295406163269,-0.7540116404971199,-0.783438836559277
landmark,0,7,1,-5.176449768944898,-5.550086099869993,0.7346157567862894,0.708949024136686
landmark,0,7,2,-2.501399551215442,-2.5779475182027696,0.30308801220347475,0.23432259683441453
landmark,0,7,3,-3.876655640958948,-3.8044732918022515,-0.49607271874454606,-0.6049648856869542
landmark,0,7,4,-4.574263588900865,-4.587444304214678,-0.4077415484774638,-0.2978985733323841
landmark,0,7,5,-3.4609291343415234,-3.5047092812662144,-0.039036987363372695,-0.004653245330126156
landmark,0,7,6,-3.2353006056833924,-3.2711967792107206,0.6296567978676498,0.6280785934445183
landmark,0,7,7,-6.967262736837838,-6.9543864480243505,-0.1646900860835352,-0.14346914350583218
landmark,0,7,8,-4.484175438044137,-4.545172197500465,-1.7552692678603596,-1.7469864091177099
landmark,0,7,9,-3.9300442299338307,-4.001488808414024,-0.055288973922240574,0.06265789812271327
landmark,0,7,10,-2.3488931345521205,-2.3840538916458587,0.6341278337646508,0.6297827814033842
landmark,0,7,11,-3.830496962911379,-3.8124718939206157,0.3154307015908838,0.34225828869239594
landmark,0,8,0,-4.5122874288784915,-4.3793597323805775,-0.4062789173745027,-0.3744673854161966
landmark,0,8,1,-7.066708086439121,-6.9745548355150335,-0.42913799615898907,-0.3137345711164765
landmark,0,8,2,-1.9399194061977063,-1.931794839967287,-0.4735273297333359,-0.4378326201979069
landmark,0,8,3,-3.4099663198746093,-3.443293475389273,-0.04063344191539319,-0.15110136902709262
landmark,0,8,4,-2.8312392073499235,-2.7873915909761204,0.4555577835161938,0.3940866811298287
landmark,0,8,5,-4.957569806264339,-4.779884478788451,-0.8161977699480595,-0.7182327513696949
landmark,0,8,6,0.46441099450023726,0.54612467459915,0.4529086665440026,0.30425074956727016
landmark,0,8,7,-4.758044515376096,-4.6677490802545645,0.4646675233100626,0.36445536789410304
landmark,0,8,8,-5.045101564333967,-4.965797672916255,0.4998104980372914,0.6249839255086492
landmark,0,8,9,-2.161843517607046,-2.1959957941492445,0.5543582647704695,0.5737217845936898
landmark,0,8,10,-4.440611448551921,-4.339560475710726,-0.34484151421006576,-0.3305329166269395
landmark,0,8,11,-8.006059367886028,-7.996511808165645,-1.073733906975664,-0.8118922399000199
landmark,0,9,0,-3.6704574105850742,-3.8066517574968866,0.21693651427684313,0.39197582730817715
landmark,0,9,1,-1.7855573417708273,-1.8438890395206844,-0.10340332910342022,-0.05280058318811365
landmark,0,9,2,-2.3038150615091477,-2.308807095569189,0.7172283467494603,0.8473761740270909
landmark,0,9,3,-2.5746292855793667,-2.531640655630498,0.2166685133483327,0.5365860357270059
landmark,0,9,4,-3.724398142912315,-3.6987598211762744,-0.8345101964071138,-0.6675906658274932
landmark,0,9,5,-2.2511086369756406,-2.295284738130272,0.18867432527391292,0.2236610116100316
landmark,0,9,6,-2.4439777802735514,-2.506582994386514,0.19653397424197028,0.4835970196447646
landmark,0,9,7,-5.122138019919366,-5.011137824917158,0.17037884887768348,0.2876379231114967
landmark,0,9,8,-3.828131279121541,-3.8521760133633474,-0.1943690367423408,-0.07112646214244159
landmark,0,9,9,-4.4692230586405435,-4.488178441815244,-0.22255080023764529,-0.255486692555835
landmark,0,9,10,-4.086427334731124,-4.040487243870353,0.11967189800188695,0.3211759298211341
landmark,0,9,11,-1.4565081045873567,-1.4469400629065812,0.279768319555496,0.3868576890983476
landmark,0,10,0,-5.137299412644613,-4.951768467198596,-0.15760222723955472,-0.12661343232688674
landmark,0,10,1,-2.835072802763538,-2.87460638259004,-0.361310706881612,-0.26639134226539096
landmark,0,10,2,-2.893198147095657,-2.8259313298317355,-0.0492371639699962,-0.03260623630585312
landmark,0,10,3,-3.097257413105369,-3.1472939945970464,0.4777256368621165,0.5726300908664479
landmark,0,10,4,-2.0213265345785687,-2.0094645831175497,-0.017608432549604328,0.08205502745457398
landmark,0,10,5,-2.43887685432976,-2.4155599273842587,-0.311035422642993,-0.1454349279773795
landmark,0,10,6,-3.0385793082343984,-2.9114468346818345,0.43937434835655736,0.535450521474928
landmark,0,10,7,-1.8231900006996637,-1.7312904981359896,0.5825086512915247,0.6502026112774928
landmark,0,10,8,-1.8721145292214116,-1.8067190487306073,0.16819335685603867,0.25889092782221257
landmark,0,10,9,-2.9556096798258267,-2.829427652222645,-0.4432433480603716,-0.32952831007099986
landmark,0,10,10,-2.9261659290426785,-2.9167856254280973,-0.2641093567804883,-0.1420338165935771
landmark,0,10,11,-4.89767100947553,-4.781067270724119,0.11881641170524758,0.2339330795244465
landmark,0,11,0,-3.4315867990284112,-3.42966266886163,-0.6825417759208305,-0.6328651495260023
landmark,0,11,1,-3.6846530937258435,-3.708014747993392,-0.14672259062064974,-0.047017266637269864
landmark,0,11,2,-3.0769010123089644,-3.01438686112864,0.3324040020471513,0.2754433798929992
landmark,0,11,3,-4.480809227074741,-4.454098077638476,-0.28509292288688176,-0.32929733751732054
landmark,0,11,4,-3.6525276321232822,-3.5047630036072923,-0.18117084673456324,-0.11375636770459595
landmark,0,11,5,-3.707824767258025,-3.506318365798369,0.250012768068725,0.21858331933653455
landmark,0,11,6,-3.421389433542067,-3.480827777163148,-0.27471470756185756,-0.22950414780002995
landmark,0,11,7,-4.106294927953013,-4.10479799718603,-0.27440023020576987,-0.23846800804049856
landmark,0,11,8,-2.1285082040936483,-1.948948122035789,0.10785213879274234,0.08138674399336554
landmark,0,11,9,-4.250986563191558,-4.050498754422224,-0.4606145821316428,-0.5695484033312519
landmark,0,11,10,-1.611832465849864,-1.5907370645486971,0.2791216414165812,0.2966908995424658
landmark,0,11,11,-2.2376432685557743,-2.183156324951361,-0.09009071651312106,-0.09019051117032663
landmark,0,12,0,-5.319669343483162,-5.165937852619329,-0.14602741886437084,-0.12196074821563992
landmark,0,12,1,-3.6715873823345837,-3.538940382656431,0.03147792934868499,0.014695048590374456
landmark,0,12,2,-5.274615211374349,-4.8808798203635755,0.034039971284331255,-0.3851569178292687
landmark,0,12,3,-1.9974840963700167,-1.9154350829868905,0.011446847076444867,0.013654499684389844
landmark,0,12,4,-2.3579898790983425,-2.234870158398934,0.1509323692899619,0.11183401178689718
landmark,0,12,5,-2.305036641624847,-2.221285781441131,0.13003393212203496,0.0776745981510255
landmark,0,12,6,-6.091009698031752,-5.97950880138356,-0.1548056805773462,-0.0363746705799105
landmark,0,12,7,-6.30346750419501,-6.075482795112386,-0.10533611155608437,-0.06230647169054279
landmark,0,12,8,-6.667472215623204,-6.593676743862697,-0.814609748375547,-1.0331495617153097
landmark,0,12,9,-5.333619639342879,-5.3745839020072514,-0.40938836713293797,-0.4322769666235096
landmark,0,12,10,-3.565503020362184,-3.2914822989519528,-0.3824101489446821,-0.5138846858038202
landmark,0,12,11,-4.676632552277195,-4.724113009982106,0.10549969939503609,0.054347772598497185
landmark,0,13,0,-2.7008240625993376,-2.632485999401346,0.29369208662197943,0.26530200407460786
landmark,0,13,1,-3.3011155890319483,-3.3459056944398315,-0.1570940106799622,-0.15824027025600215
landmark,0,13,2,-2.6099647717633587,-2.5203601218551888,0.29351771334992904,0.19533517095195482
landmark,0,13,3,-2.8737549912830467,-2.7263662083552913,0.17184838541544828,0.13720497335977466
landmark,0,13,4,-2.6695993697056544,-2.5403397884687724,0.30887991696256056,0.2453078169966027
landmark,0,13,5,-3.6507248198788034,-3.5676091059349115,-0.4800538951420853,-0.4384181794487914
landmark,0,13,6,-2.9648448461193397,-2.814206693371929,0.1744853712206651,0.15887306248399183
landmark,0,13,7,-3.6868685644059656,-3.6858979607070723,-0.38207254309225647,-0.4149549746899348
landmark,0,13,8,-3.4059462374418836,-3.31073695355148,0.49795539504098973,0.48258266832945157
landmark,0,13,9,-4.0585124278651605,-3.9155414752219175,-0.05832852975819156,-0.06520334338273148
landmark,0,13,10,-2.5462113788631586,-2.496111368829095,0.14172051805509706,0.03965693883714834
landmark,0,13,11,-4.236350061287015,-4.1113633014770254,-0.08183158841127801,-0.05505700503469494
landmark,0,14,0,-4.939824129807826,-4.633733503089904,0.28590659099128085,0.3039272487463164
landmark,0,14,1,-3.8945561520412286,-3.821636895425843,-0.22787790480257436,-0.1222131833271652
landmark,0,14,2,-2.806806839023961,-2.82843843753961,-0.17017131669134497,-0.13555494732023077
landmark,0,14,3,-5.604940054150359,-5.547701444753244,-0.2653087147451522,-0.16541879792047434
landmark,0,14,4,-4.753130167919415,-4.5843399914603085,0.10907673226810334,0.06198638590050889
landmark,0,14,5,-5.290177637183952,-5.118044534075459,-0.5935220539678987,-0.48819208091333843
landmark,0,14,6,-2.7919075905173725,-2.7213093288356682,0.12512160989157511,0.1926481706433501
landmark,0,14,7,-3.875475516153626,-3.770919344921351,0.027665504593140853,0.04451631518493633
landmark,0,14,8,-5.356294401208831,-5.078225193143979,-0.4494014975549388,-0.3720214015748107
landmark,0,14,9,-2.6061207544796,-2.594328609452975,0.16871090854811951,0.21472895848724008
landmark,0,14,10,-5.128958845257586,-5.010500042200505,-0.3335878038737484,-0.1082424809481913
landmark,0,14,11,-3.3098168790357367,-3.287913724111156,-0.11342072396829693,-0.035763361814900654
landmark,0,15,0,-2.8485168594717316,-2.8695989407216356,-0.007132155752593215,0.07167556155776646
landmark,0,15,1,-3.5633971888806584,-3.5516266798388916,-0.7364380976716524,-0.5213606587837111
landmark,0,15,2,-2.9382142539683644,-3.0009959089370426,-0.6771412964187754,-0.47529430021894836
landmark,0,15,3,-2.20619095136006,-2.2723362011404,0.13128430204792715,0.1749339365314607
landmark,0,15,4,-4.033708947431946,-4.083252637766518,-0.6209121920040062,-0.35644476354872084
landmark,0,15,5,-3.50027435366511,-3.6134603035038366,-0.04660172600495827,0.06662217521727053
landmark,0,15,6,-2.143781778200722,-2.194787552431827,0.006474993003300924,0.058440159778606844
landmark,0,15,7,-2.190001582717865,-2.194215518152555,-0.18028002567428136,-0.06574710993298805
landmark,0,15,8,-3.9334969168610123,-3.6790319768318347,-0.09228452561998415,0.019753816767838772
landmark,0,15,9,-2.7548985018653305,-2.7651390718894713,-0.0011057128990745917,0.14366161089654408
landmark,0,15,10,-2.5276616584102496,-2.562387235356901,0.3100025959078201,0.36207758476830654
landmark,0,15,11,-4.071274312897544,-3.947941151878899,0.08998386566036366,0.18123464942109907
landmark,0,16,0,-4.655246887889269,-4.561978540427838,-0.18965781363863052,0.05860818104731555
landmark,0,16,1,-1.9614452903308859,-1.9154294870142194,0.2044722486361172,0.2143944252847203
landmark,0,16,2,-5.766051850537912,-5.513271907842111,-0.038213139078906555,0.20668859824855
landmark,0,16,3,-2.0592782918193326,-2.0308514320856523,0.17640416387585034,0.23127194025065462
landmark,0,16,4,-4.050231876357258,-4.049469752772329,0.1575486694320929,0.3174252051401805
landmark,0,16,5,-4.231958403932379,-4.045401822259166,0.297733368764079,0.45458051492934415
landmark,0,16,6,-4.281072635266383,-4.143164179108306,-0.18897623464830487,-0.16218193430530312
landmark,0,16,7,-2.4346718459602905,-2.5067132726744332,0.05195275798736074,0.07333471849138382
landmark,0,16,8,-4.1376283152029805,-3.980112810238919,0.08709692242785037,0.19004981950300995
landmark,0,16,9,-6.542708226160538,-6.279896060889275,-0.5142552078976256,-0.3590160221666544
landmark,0,16,10,-2.1228330144982075,-2.1068524870767944,-0.05950102108649179,-0.016238827913273225
landmark,0,16,11,-2.4671472392691736,-2.5878614910269406,0.09704825233253002,0.06160980312558626
landmark,0,17,0,-3.5832100479140485,-3.66864254545575,-0.29267784525942064,-0.05297292191642762
landmark,0,17,1,-3.4889226883454127,-3.336198705907617,-0.8330572880061596,-0.8132464535569601
landmark,0,17,2,-3.261981729048559,-3.051436066373274,0.2549411155998112,0.346279059910265
landmark,0,17,3,-5.377717662626576,-5.352022900512732,0.03614391539957698,0.23646010791232733
landmark,0,17,4,-2.9215443817560067,-2.880400553355108,0.04839967134581323,0.1873033097850145
landmark,0,17,5,-5.115671024479423,-5.03113333499813,-0.020653967198926475,0.05814504344847854
landmark,0,17,6,-3.407727733064592,-3.397019355796371,-0.34140895160832374,-0.12968069517032732
landmark,0,17,7,-6.442840396928536,-6.091717975459265,-0.3438275537016273,-0.24180194757524637
landmark,0,17,8,-7.228688982343987,-7.051173253152104,-0.40765522516722014,-0.11047236828820592
landmark,0,17,9,-2.003325518419567,-1.908902057740753,0.19174975212754228,0.29292303528082986
landmark,0,17,10,-5.572197200359057,-5.4732254021889695,-0.12205961210994183,0.12366897661122833
landmark,0,17,11,-2.3945789228080314,-2.4301284475907265,0.15122929043893252,0.35204558413053566
landmark,0,18,0,-2.343537768124523,-2.313538716728799,-0.007006007481931734,0.09079120782194851
landmark,0,18,1,-5.168159157163658,-5.19277940824579,-1.157721342999562,-0.8603803876864289
landmark,0,18,2,-5.027997774671097,-4.99217826457484,-1.0879386843079324,-0.860275632986373
landmark,0,18,3,-5.202338240599002,-5.237590220958228,-1.2299024803634573,-0.9689101258827681
landmark,0,18,4,-3.0912885807149277,-3.0714298056148817,-0.2993825468264995,-0.14281684216791823
landmark,0,18,5,-4.758357778862542,-4.747108958006617,-0.9161883838240251,-0.6865962363779672
landmark,0,18,6,-4.517406828439621,-4.510474537892789,-0.6242632054109744,-0.49053652702453987
landmark,0,18,7,-4.244277062567539,-4.370408228225933,-0.9300926485059365,-0.6398613379818715
landmark,0,18,8,-5.055077966157204,-4.914524313037008,-1.033241215712229,-0.9087048254680241
landmark,0,18,9,-1.7736367620327638,-1.8210942979932667,0.19796793129172102,0.23628411894485793
landmark,0,18,10,-4.416002548555835,-4.379995407092761,-0.8139168248940178,-0.5979345739786701
landmark,0,18,11,-3.6412903229355886,-3.876991149220748,-0.35819349374117776,-0.22344296077617629
landmark,0,19,0,-1.863504306228558,-1.887815420086816,0.19880938689321082,0.19684440431187078
landmark,0,19,1,-5.099593664173965,-5.046556652894785,-0.16167986012633265,-0.04771304921157664
landmark,0,19,2,-6.0638024236483945,-5.4447205739356574,-0.6200995948126786,-0.5252342794398047
landmark,0,19,3,-5.062745845652594,-5.054444297909086,-0.6990873597059053,-0.502508826496144
landmark,0,19,4,-4.08642864638399,-3.9734884926044156,0.37883312117873774,0.5653868975422418
landmark,0,19,5,-6.244358915792955,-6.015595691088806,-0.2272903462507424,-0.16372952991332346
landmark,0,19,6,-2.8857370464459415,-2.9056967210312936,0.1403942233927772,0.21869112543276653
landmark,0,19,7,-4.184205472096021,-4.042376368418694,-0.24187215758796846,-0.22107952898343525
landmark,0,19,8,-2.009598667190936,-1.9060825832614323,0.27262829395163984,0.2425419862852171
landmark,0,19,9,-4.3591643003113845,-4.3287756181010595,-0.038746152129911074,-0.005480009590034839
landmark,0,19,10,-4.107565701178475,-3.887571843107027,-0.38031406281167407,-0.2489537465459209
landmark,0,19,11,-5.829820903550927,-5.747858315644769,-0.2752962505213893,-0.20019183637319443
landmark,0,20,0,-4.4742757893267795,-4.520852127547788,-0.34815402267847373,-0.23773950014715692
landmark,0,20,1,-2.6750773671118018,-2.3346929845565323,-0.40146312797416417,-0.5908323290601374
landmark,0,20,2,-4.193020784995007,-4.172998362899444,-1.3446401547574538,-1.259233566465074
landmark,0,20,3,-2.687570523972314,-2.497785629704436,-0.8033361799942587,-0.9802334777969447
landmark,0,20,4,-3.4078158766818056,-3.648595406296305,0.19392914600129363,0.15959525718990544
landmark,0,20,5,-5.39950770365292,-5.201714841828397,-1.3674980539698645,-1.5441730220405483
landmark,0,20,6,-3.013752931846009,-2.9875649649868365,-0.12440302381629657,-0.05770546550974644
landmark,0,20,7,-9.399911941259562,-9.206833852804358,-2.3035311306058595,-2.8754603082965597
landmark,0,20,8,-4.73020804250315,-4.648024098446498,-0.1349805058034141,-0.13503429670007425
landmark,0,20,9,-3.0527526090876975,-2.9315083046503267,-0.46437188446261174,-0.42800590408313927
landmark,0,20,10,-2.2791699869691664,-2.3945193824296056,0.3745380775637717,0.4677439211794553
landmark,0,20,11,-5.854384005545018,-5.697046410976134,-0.5418607612551427,-0.7685170343376991
landmark,0,21,0,-4.693625642751539,-4.538741270079512,-0.8148913687991979,-0.789455431591215
landmark,0,21,1,-4.6054273896235935,-4.452845492978997,0.05303626627160088,0.1320898947517295
landmark,0,21,2,-3.2941451780501207,-3.253261414156856,0.41574562114494185,0.4995063758907668
landmark,0,21,3,-2.5884421145470085,-2.3061330554588153,-0.5031944662547235,-0.6063569847955059
landmark,0,21,4,-3.0061931037440104,-2.981565350774314,0.5370368995810034,0.5271330077205973
landmark,0,21,5,-2.0196880072336976,-1.9641596168880104,0.23055828989592644,0.21060180379453827
landmark,0,21,6,-3.379985948672221,-3.390134246072422,0.10414094587815904,0.1341355860273994
landmark,0,21,7,-4.476132288486597,-4.653892477012973,-0.1782972005278418,-0.02351423809994274
landmark,0,21,8,-7.936840545767935,-7.895978217132062,0.9120563395468037,0.9572020959043577
landmark,0,21,9,-1.2261597036886716,-1.435717332713896,-0.48655434035242234,-0.6331228837484781
landmark,0,21,10,-4.336298231642481,-4.443713777356901,-1.1929871280969642,-1.1054373286321975
landmark,0,21,11,-4.56459369650496,-4.454910673081666,-2.206262381132079,-2.115479108452038
landmark,0,22,0,-2.1580916939090873,-2.148978114237478,0.05262746011932576,0.06526392182190582
landmark,0,22,1,-2.982855337127008,-3.0091535719575844,-0.28495030414486144,-0.20811581922720643
landmark,0,22,2,-3.3021288095638694,-3.256812929239327,0.27411924578742647,0.3810239739737508
landmark,0,22,3,-4.277792103318784,-4.172015214251426,-0.31240495600847323,-0.20967371968051596
landmark,0,22,4,-2.3940880393868156,-2.3310047164245415,-0.10377703337203385,-0.08598517486454393
landmark,0,22,5,-4.203829241528632,-4.093524427416469,-0.5766924450688135,-0.42167074598970156
landmark,0,22,6,-1.9536572417688252,-2.1620588543114345,0.3562642899538558,0.35066309019802855
landmark,0,22,7,-2.1669365248683694,-2.0869894496624872,-0.17311879782882178,-0.02466943243071381
landmark,0,22,8,-5.071162582635375,-4.840737339207618,-0.6311721377641076,-0.38072870774235373
landmark,0,22,9,-0.8621604612404409,-0.9817553354912921,0.3237135850559967,0.3555564573567156
landmark,0,22,10,-3.451659355987441,-3.5453364451285947,-0.2210548799492264,-0.11815460238608236
landmark,0,22,11,-2.9039211397758447,-2.9533905659811115,-1.2296707499865405,-1.0016196777450668
landmark,0,23,0,-2.926380434085346,-2.968207314320773,0.3092238769185628,0.4213830471791563
landmark,0,23,1,-5.682370415475696,-5.225486210045168,-0.9641391915343696,-0.7538100706786728
landmark,0,23,2,0.021743762444242535,0.4149730362788198,0.3273496234126132,0.479609357231662
landmark,0,23,3,-3.6910822833227477,-3.6688565471315524,-0.08102200011258143,-0.005111576164573578
landmark,0,23,4,-3.2439874118041927,-3.139461649238466,-0.45822056249634463,-0.38501651716772134
landmark,0,23,5,-2.8722207171298475,-2.9657396061747368,-0.03367761062736228,0.044848360441933535
landmark,0,23,6,-2.1901357012830256,-2.2263459423649095,0.13638086709114344,0.19891353696249672
landmark,0,23,7,-3.674961980107414,-3.409219370112362,-0.27401817651861754,-0.22459897822698655
landmark,0,23,8,-2.6384722921659303,-2.5450651964141042,-0.12580506117179704,-0.09776568164871517
landmark,0,23,9,-4.522435772309874,-4.2788859008340285,-0.6242236549326937,-0.28692359557555025
landmark,0,23,10,-4.185493748592779,-3.384501224439036,-0.3251115650661286,-0.5358894982367904
landmark,0,23,11,-4.473642719992507,-4.259364374422279,-0.1512773919733314,-0.09655027836153685
landmark,0,24,0,-4.959885043908765,-4.735006658266676,-0.7045792614244288,-0.33294619723719404
landmark,0,24,1,-4.940195464022402,-4.604671437539059,-0.5583657326983237,-0.41639896176414504
landmark,0,24,2,-3.836024331572395,-3.871226108530321,-1.9111696468927917,-1.8778800451416275
landmark,0,24,3,-1.1298138413297887,-1.1364143599493965,0.21502085849600713,0.30582673247124686
landmark,0,24,4,-1.7447977576450293,-1.6790911549089425,0.3669913639361923,0.4314778947226699
landmark,0,24,5,-3.9670324948770372,-3.9677020143559965,0.15715016468693413,0.2320866971484958
landmark,0,24,6,-4.389733908610361,-4.1485817648761865,-0.8936667280542229,-0.5153011588392077
landmark,0,24,7,-5.423673918645259,-4.8956282796250825,-0.8039897382830385,-0.6113935375850986
landmark,0,24,8,-3.743982878183322,-3.611507662827727,-0.18498019835692622,-0.10994892459024526
landmark,0,24,9,-2.7049355427565716,-2.6233934448589147,-0.18347511930051436,0.08462826433595698
landmark,0,24,10,-3.3201264293444965,-3.4144773404694457,0.06023793527526313,0.12607516456602458
landmark,0,24,11,-4.869020556726577,-4.515070593757565,-0.7141470139885074,-0.4203478908316127
landmark,0,25,0,-2.786380004278522,-2.6614308247797633,-0.015248472481287549,-0.03511888153788235
landmark,0,25,1,-4.4349742995930646,-4.083910566998692,-0.5951478116801382,-0.5386952961349815
landmark,0,25,2,-4.134720114717084,-4.076456277798514,-0.37720829830730573,-0.3972874494389693
landmark,0,25,3,-3.6602026295727383,-3.5647666793672443,-0.5600500480335248,-0.42420632832573724
landmark,0,25,4,-2.8462930367134534,-2.8682851469606336,-0.27899125022815235,-0.20013925785594605
landmark,0,25,5,-1.1947735775934374,-1.190177508227008,0.08541404662579943,0.05338701663147208
landmark,0,25,6,-3.4141378686375603,-3.270640747196461,-0.8392824633048172,-0.8697502292382223
landmark,0,25,7,-1.552085340637179,-1.1783183939570991,-1.8898956724810172,-1.838941185740631
landmark,0,25,8,-3.113491909277973,-3.223670562664729,-0.6331917654170991,-0.5516039964373161
landmark,0,25,9,-2.517491764439369,-2.462660810865219,-1.099892410405532,-1.0941118947915625
landmark,0,25,10,-2.181431467623586,-2.1460078389927504,0.10880931955882615,0.09057068382168494
landmark,0,25,11,-3.892006241231434,-3.7315608298200957,-0.22381509588013648,-0.2566669029555212
landmark,0,26,0,-1.3655595796894062,-1.3762480416784448,0.027291791623905923,0.12391223937281817
landmark,0,26,1,-3.2108348970618477,-3.322548909303576,-1.05711468915064,-1.2079553039563546
landmark,0,26,2,-4.865583697044989,-4.730090342030369,-0.1858824374801556,-0.07155358669690742
landmark,0,26,3,-1.3869271575703588,-1.3319397242840265,0.17805820430679598,0.2637034447442122
landmark,0,26,4,-2.1321946676306163,-2.064624852113979,-1.0738115136380155,-1.0176104269240118
landmark,0,26,5,-3.1810014377259583,-2.8711420087460744,-0.5637045531510141,-0.3062212633865808
landmark,0,26,6,-3.9205602080142796,-3.759202247706341,-0.4250383439162903,-0.27362641384074754
landmark,0,26,7,-3.2710693179450967,-3.1186335080102263,-0.5722707404553091,-0.47212015110220307
landmark,0,26,8,-5.137664645118551,-4.955555892201832,-0.8012492142012362,-0.6995362592563668
landmark,0,26,9,-3.7383966619747913,-3.6131401641388314,-0.4444259896652653,-0.3599173441141633
landmark,0,26,10,-3.5913680248775415,-3.476563158999641,-0.8374395904554142,-0.9388378664157901
landmark,0,26,11,-2.332004355160732,-2.4626449092830636,-0.003019540490602374,0.07021707478266931
landmark,0,27,0,-2.4045676581719957,-2.3973695452654513,-0.03337462852170577,0.135067753450818
landmark,0,27,1,-3.4733872913696353,-3.8498662419940195,0.7578750942507588,0.7694602134319918
landmark,0,27,2,-6.595818793514565,-6.440526966063968,-0.6842421531391124,-0.3945759125238126
landmark,0,27,3,-6.10190145764485,-5.78366890681168,-0.24942567350648545,-0.20059685502351723
landmark,0,27,4,-2.5396135833707665,-2.211245184640698,0.11106076456752799,0.21498712380768445
landmark,0,27,5,-2.407536051323445,-2.4657619365943444,0.016234675774752346,0.11492908393597814
landmark,0,27,6,-3.9685896768074063,-3.777858650069924,-1.899869923855921,-1.630539900984988
landmark,0,27,7,-1.624373423083518,-1.6624689712662504,-0.9331284931551701,-0.8962118394322836
landmark,0,27,8,-4.230326419737806,-4.420672870916628,-0.3629386572997217,-0.244308848742054
landmark,0,27,9,-4.194803135908429,-4.028458548086192,-0.6173533992626612,-0.5723222263374605
landmark,0,27,10,-3.5962407023936955,-3.5593131272133207,-1.1712518103176557,-0.8882533557480209
landmark,0,27,11,-4.088958484041348,-4.166416407317468,-0.4861284221031818,-0.4269370000404086
landmark,0,28,0,-12.897075005419437,-12.97229880035792,2.259466467909407,2.5173635949299644
landmark,0,28,1,-8.322966241602003,-8.338030099586192,0.19649901627064076,0.2564328853045135
landmark,0,28,2,-5.62263608078126,-5.5475614302996155,-0.7418084949978352,-0.5752063764135441
landmark,0,28,3,-3.1738074582381315,-3.3923748110669583,-0.1894977174089352,-0.16506162360442536
landmark,0,28,4,-4.728606725183047,-5.017295725214585,-0.0883559266165657,-0.048096836791541336
landmark,0,28,5,-3.7589663821417516,-3.7536782835073894,-1.0941422008541832,-1.0322758671868435
landmark,0,28,6,-3.62386424306102,-3.546611609586057,-1.1042949270875937,-1.1618362565989042
landmark,0,28,7,-1.1429014329246252,-1.4864292585904861,0.6953838931742825,0.6795992674941297
landmark,0,28,8,-3.4359041233589296,-3.407224571078959,-0.5152100603876061,-0.6167849878158915
landmark,0,28,9,-5.283455845741713,-5.410380426819471,-0.6358294030721614,-0.5917860269722838
landmark,0,28,10,-5.078525818487576,-5.251402708526659,-2.41398846390718,-2.4978983529706507
landmark,0,28,11,-3.4316880647835664,-3.4592778041715335,-0.47826510506358405,-0.5356769038929473
landmark,0,29,0,-8.741759971140672,-8.799965540117874,-1.8016902650510151,-1.6212511089877568
landmark,0,29,1,-2.9762459371659933,-2.9369778171051357,0.2855628535725841,0.2612305157043321
landmark,0,29,2,-2.729595673868286,-2.4572215651979703,-0.7174966128243878,-0.6720761212806994
landmark,0,29,3,-6.090946827954194,-5.902701260494837,-0.4185118040444732,-0.2735468423013117
landmark,0,29,4,-5.510063660781257,-5.262688516430333,-0.11391472223398381,-0.06312429287416813
landmark,0,29,5,-3.947369301232428,-3.9345573791872446,0.8787951136934429,0.8172451913836547
landmark,0,29,6,-2.9851177224869283,-2.98409073643189,0.10247226509037496,0.14531455386769299
landmark,0,29,7,-2.9435102551247945,-2.7909956861634453,-0.48743945195104676,-0.49256226149922466
landmark,0,29,8,-4.666579028608638,-4.686158700686651,-0.2529754000778028,-0.13347170873705327
landmark,0,29,9,-7.542566942877578,-6.451765214871176,0.8617808177189568,1.5393019981516145
landmark,0,29,10,-2.5125433733469293,-2.3057682006129214,-0.03121319979553923,-0.0038470380770070645
landmark,0,29,11,-4.173222344729778,-4.183471037916416,0.04168820345928343,-0.11495303949176425
landmark,1,0,0,-7.521102832087162,-7.351982585694003,-0.31921376091817305,-0.33124299211345476
landmark,1,0,1,-7.450023686374693,-7.400760238081614,0.6057732116368636,0.6017702381861606
landmark,1,0,2,-2.1663062230328394,-2.0687148274792615,0.29744324322699106,0.2371152566899653
landmark,1,0,3,-2.4739606523378534,-2.418862997123748,0.245770293512667,0.25761391708730125
landmark,1,0,4,-4.153517965026544,-4.166632812133854,-1.2341870732649334,-1.2863427543403327
landmark,1,0,5,-6.344801006533873,-6.404748915918323,-1.8737154731487613,-1.967752702409323
landmark,1,0,6,-4.527193261508438,-4.52488390679525,-1.0382610010842508,-0.9869324320100364
landmark,1,0,7,-6.4142766529744435,-6.486125844276491,-0.9728524954322558,-0.9839465274663381
landmark,1,0,8,-2.4607971493804857,-2.3254493027245493,0.24723683030349422,0.2320610194771519
landmark,1,0,9,-0.6648175366253154,-0.6723944852142378,0.6380262477545975,0.6284572266407461
landmark,1,0,10,7.115726746265712,7.021735277602574,0.8878820083406601,0.9604851752497927
landmark,1,0,11,-4.892959808524618,-4.8392956360454376,-1.2497267575379,-1.2222705650026264
landmark,1,1,0,-3.377588505511375,-3.3061312650252552,0.20029772673847937,0.10264015231441273
landmark,1,1,1,-6.898672156082099,-6.37747282737335,-3.29927762056859,-2.984976350729212
landmark,1,1,2,-4.117438756667796,-4.064503186948564,-0.09490605581259176,-0.1963593579718635
landmark,1,1,3,-2.7925319468014376,-2.6993463965846236,0.1854899151415495,0.11618006143358145
landmark,1,1,4,-3.986889283090615,-4.088496382088007,0.8558230932354328,0.8188698125699885
landmark,1,1,5,-1.7130199051737396,-1.5925130328485784,0.41555464805008635,0.4108907747492676
landmark,1,1,6,-0.6471342182644496,-0.756861057469354,0.31227964685410303,0.31045485595192107
landmark,1,1,7,-2.483202033635578,-2.421643164423013,0.07697382105887454,0.22663093769494927
landmark,1,1,8,-4.118924745472229,-3.769105561068727,-1.906378060899723,-1.8831476281792292
landmark,1,1,9,-4.33482173882931,-4.334436782562807,0.27260993470788303,0.252140538615811
landmark,1,1,10,-0.7649662579374157,-0.6712916736300233,0.5229761181926782,0.5694982191033661
landmark,1,1,11,-3.4361324390406174,-3.339033121897725,-0.19758601563514744,-0.14723743003987833
landmark,1,2,0,-2.676243995490374,-2.732373048506167,-0.08799018291591099,0.02128975612634728
landmark,1,2,1,-2.6852776809559784,-2.5962462750018687,0.14852931753140078,0.23831469204975395
landmark,1,2,2,-3.996117735541114,-3.5204739752461953,1.1051539924880345,1.2452509113040513
landmark,1,2,3,-4.308281370102715,-4.246433351470714,-0.9798626490652652,-0.9026695232387987
landmark,1,2,4,-13.015202446418577,-12.7780502143043,-3.344074241121185,-3.1270254157826285
landmark,1,2,5,-2.0659127505031223,-1.8650041192564946,1.603475548304675,1.6694346227060073
landmark,1,2,6,-1.3294253737486577,-1.4131638806158533,-0.02166245893691634,0.05400131956144716
landmark,1,2,7,-2.491696542796543,-2.237058362482217,0.13307528796834472,0.1372306114257302
landmark,1,2,8,-3.146978726241542,-2.972285687888762,-0.14339673970589006,-0.2698653913473189
landmark,1,2,9,-0.32200393993292303,-0.20698370733152668,1.6222353639316773,1.6514297835569807
landmark,1,2,10,-0.8798569137527624,-0.8637138007161358,-0.564329822322955,-0.5759375865780788
landmark,1,2,11,-2.669590959501898,-2.457805463493797,-0.022118106411283995,-0.025177096048931442
landmark,1,3,0,-5.188981823526983,-5.475633492249596,-2.1134133089253537,-2.2637518951243334
landmark,1,3,1,-3.6101261892564804,-3.588817240500768,-0.14748821960469316,-0.08869555086978953
landmark,1,3,2,-3.9989677544987177,-3.9331422169888124,-1.3403107253146618,-1.2669572642347473
landmark,1,3,3,-1.7016199775655008,-1.7329147872278794,0.16648841142472606,0.2323331563374483
landmark,1,3,4,-2.3349842561707264,-2.3598131537024063,-1.7939298446031768,-1.7224713701969239
landmark,1,3,5,-3.472710702700877,-3.5133632337479566,0.3649701639528228,0.3806420498291781
landmark,1,3,6,-2.3636477579600697,-2.392489483480084,0.21278023569421067,0.15498488628471543
landmark,1,3,7,-0.5231645162992059,-0.6406394768931138,-0.022629454714130307,0.08390887812915604
landmark,1,3,8,-2.905070981991718,-2.8927490294885665,0.021714767593071758,0.022028054587149907
landmark,1,3,9,-1.394631862837772,-1.4927044720572598,0.34244861430661616,0.3330372932940963
landmark,1,3,10,-1.4890218016029682,-1.514781544296641,0.4909782399780576,0.5242804742012757
landmark,1,3,11,-2.7424044995785324,-2.795139915586802,-0.3592600937137401,-0.3070576358439425
landmark,1,4,0,-3.0387230100419464,-2.8006827265754737,-0.5297847975746564,-0.5252003788261637
landmark,1,4,1,-3.653165947082197,-3.6571408633258056,0.19418950855189993,0.28171062785326595
landmark,1,4,2,-4.095146767934728,-3.799167319879871,-0.2646324358632781,0.05186623239102398
landmark,1,4,3,-3.5313472525213396,-3.2045013040256833,1.2138878255326782,1.052628846399463
landmark,1,4,4,-3.4865144543571116,-3.4740340385634174,-0.694978659199222,-0.6141703613085364
landmark,1,4,5,-1.5116204177349084,-1.3481095279213928,-0.36530646433573216,-0.6047410517043967
landmark,1,4,6,-2.6210816769097964,-2.594098133384994,0.47986981550909613,0.4122058425013568
landmark,1,4,7,-3.0630679762203776,-3.034159365684154,0.1455807950551838,0.05421326701994433
landmark,1,4,8,-0.4468746023610824,-0.40442503640007854,0.39415496420672036,0.46324780853961095
landmark,1,4,9,-1.2914894384235505,-1.455018068297883,0.5309680054725006,0.6154941585881962
landmark,1,4,10,-3.415172550156404,-3.444802533272,0.28900641942177435,0.35685392330903803
landmark,1,4,11,-2.5587785634985183,-2.6283676503682796,-0.014797850052491993,-0.010727804243312003
landmark,1,5,0,-6.831883789738541,-6.650550443987117,0.5976449722555912,0.8294628571038812
landmark,1,5,1,-3.355632106569127,-3.1658851992169392,-0.5087353595411799,-0.44722813697892944
landmark,1,5,2,-2.867184698325891,-2.8026042585619813,-1.3094167110183446,-1.5981970791819247
landmark,1,5,3,-1.2267477314890696,-1.0836720998706115,0.30496567738958597,0.3179383615113451
landmark,1,5,4,-2.288076580876817,-2.2752900994331573,-1.2122383098657308,-1.220457592033921
landmark,1,5,5,-3.2206736971593735,-3.0978111974698312,0.7967442987762665,0.8129826864436467
landmark,1,5,6,-4.267897651355727,-4.022588365929114,-0.11103105580960188,-0.14582892811427414
landmark,1,5,7,-3.8208400454362903,-3.830130683937945,1.1396290546476755,1.2080600738691052
landmark,1,5,8,-1.689636704787846,-1.5892999467176407,0.06399056473530121,0.07331936594843523
landmark,1,5,9,-5.9086589223398205,-5.827963307268632,-1.3210281681820168,-1.3905411783891288
landmark,1,5,10,-2.8260182073100104,-2.8636858670087264,2.4789239821274798,2.508934683484864
landmark,1,5,11,-3.951514539928693,-3.8221188385729814,-0.527267181072316,-0.49231639287988443
landmark,1,6,0,-2.6948618411437946,-2.705024852621087,0.2317551668805039,0.36949330517874995
landmark,1,6,1,-2.3518371159336815,-2.34630536590666,0.2640561695887254,0.34698325862745916
landmark,1,6,2,-3.8301039351787174,-3.8383577754949134,-0.21783542114405474,-0.14676514793201412
landmark,1,6,3,-1.527439798591125,-1.5809294719620446,0.2028363683628978,0.316555699417879
landmark,1,6,4,-3.2164957392209987,-3.201025473527917,-0.10168712376248101,0.12597446403852727
landmark,1,6,5,-1.5460215863366837,-1.5948335956224433,0.4483694828495414,0.5272069215693596
landmark,1,6,6,-1.2584568519204933,-1.314028672982839,0.48755409560066,0.5456248932475054
landmark,1,6,7,-2.111347495030523,-2.2318317290564833,0.24016180583956911,0.28044748483025034
landmark,1,6,8,-2.5332986178776813,-2.5891134697209695,0.20182015258284125,0.3053708497912863
landmark,1,6,9,-2.9349692189436283,-2.951747177672964,0.23245674113734294,0.36793134558790447
landmark,1,6,10,-2.479711470170298,-2.4775476636557454,-0.10925443063287822,0.0008623660818976647
landmark,1,6,11,-0.5880537027842456,-0.4794180126755478,-0.008627919881249061,-0.19864125076649286
landmark,1,7,0,-4.032053429450981,-4.266916263841609,-0.6445943693612912,-0.5958669366922189
landmark,1,7,1,-5.282376242722675,-5.636249119348712,0.5280548613686187,0.5416420067985435
landmark,1,7,2,-2.690503442057041,-2.7752211565891565,0.21071860762355524,0.10924219400663973
landmark,1,7,3,-3.997356517424365,-3.8359527063044188,-0.2298931848588482,-0.39819815863127056
landmark,1,7,4,-4.3370400235424285,-4.3656764730237585,-0.291618627361113,-0.18956995637199106
landmark,1,7,5,-3.174020858743306,-3.2506810628713123,-0.35354097299825593,-0.24950246412146065
landmark,1,7,6,-3.341949462253995,-3.397064721698414,0.40451881995937683,0.4289767198131132
landmark,1,7,7,-6.388040164807516,-6.467014127430424,-0.025023200747770175,-0.04349993598653373
landmark,1,7,8,-4.565879956138999,-4.617485299011574,-1.6750015788822121,-1.7517733945232388
landmark,1,7,9,-3.746175218804572,-3.860065730832782,-0.24611303171646456,-0.1389816856033037
landmark,1,7,10,-2.0409040573852786,-2.087619677395821,0.5448108878215195,0.5521469200413444
landmark,1,7,11,-3.77423597909979,-3.8242581819243515,0.14060573433076243,0.1882137561192396
landmark,1,8,0,-4.859549413837204,-4.749260590475735,-0.34439480074328965,-0.356315141201001
landmark,1,8,1,-6.859225622537722,-6.794739475709856,-0.33536298812312876,-0.2122665704367665
landmark,1,8,2,-2.0409763925451396,-1.9583971898098314,-0.4039416208283497,-0.38204862033566267
landmark,1,8,3,-3.2535184826570247,-3.342784037439151,0.24677334132593073,0.15051723480012966
landmark,1,8,4,-3.4103859018337683,-3.2851533062167735,0.30713931075220474,0.17003659698281387
landmark,1,8,5,-4.90524444929263,-4.697167684973368,-0.7231592325921743,-0.7095517394249197
landmark,1,8,6,0.5856995384860695,0.6455816555517946,0.36826451704375174,0.25024304254293167
landmark,1,8,7,-4.669013796175125,-4.640661447396452,0.5107698942879652,0.38160456061382364
landmark,1,8,8,-5.033867551415785,-4.994361222397314,0.45833425100130676,0.5598829726584303
landmark,1,8,9,-2.3375369813300733,-2.363647499689361,0.521122637064147,0.5158250236194645
landmark,1,8,10,-4.4562433984132825,-4.381931210201977,-0.1479402437436517,-0.1811002266652487
landmark,1,8,11,-7.698336856130889,-7.69717181610946,-0.8980474062869397,-0.7739532282143444
landmark,1,9,0,-3.338025198235409,-3.4894172232250162,0.26333627794550013,0.4061092991650312
landmark,1,9,1,-1.7620181969523558,-1.7701017666949246,-0.11392033182931412,-0.10658974684662764
landmark,1,9,2,-2.2492436146031296,-2.262617031198,0.5178459685893593,0.6806503498585218
landmark,1,9,3,-3.1017467298253263,-3.044108644682319,-0.16048831621518517,0.16368648480389433
landmark,1,9,4,-3.525996992889961,-3.497075870155212,-0.5896273471972108,-0.48742047187971493
landmark,1,9,5,-2.1287988113731395,-2.155359012112467,0.1838311231611483,0.22733323475710013
landmark,1,9,6,-3.0833340285460626,-3.061843122397192,-0.10812566363695328,0.16156083372552388
landmark,1,9,7,-4.7990898715330585,-4.7320327132930275,0.24948452947552108,0.37741621409423765
landmark,1,9,8,-4.10958295650242,-4.006790066141043,-0.22744052852754287,-0.11237460114490731
landmark,1,9,9,-4.248721568796034,-4.335341556867744,-0.2669006172528842,-0.3128945373460948
landmark,1,9,10,-3.8893401193460906,-3.8537636790357666,0.09922588508105003,0.3029879678899483
landmark,1,9,11,-1.7388970497661154,-1.6861435026938814,0.1553897925943666,0.24378204567399087
landmark,1,10,0,-4.580567312273785,-4.435101674750383,-0.09682905811810263,-0.06966646341327455
landmark,1,10,1,-3.138132395330531,-3.2424439435749335,-0.6892728962334878,-0.5800589281693536
landmark,1,10,2,-3.060458892053704,-2.9623928718205064,-0.1862358117353461,-0.1434859549655429
landmark,1,10,3,-3.3290098234170276,-3.323162679234302,0.29967675471508703,0.462381084672659
landmark,1,10,4,-2.0250759131747365,-2.0485778528039313,-0.13534573395528504,-0.04242281558110677
landmark,1,10,5,-2.6766438259781236,-2.6253628820630808,-0.54034548456013,-0.3972688642918717
landmark,1,10,6,-3.1408993118563977,-2.9790761999071496,0.2961351084577749,0.436123580960539
landmark,1,10,7,-1.8829643465339039,-1.7858912502813922,0.49706710267718723,0.5638643225799095
landmark,1,10,8,-1.92652261122544,-1.8284208867052891,0.12833979752818936,0.23818042124723682
landmark,1,10,9,-2.991022185121269,-2.857915775682899,-0.3361393533977966,-0.20900869558626728
landmark,1,10,10,-3.5578562910963023,-3.5638018159156672,-0.5926444671292973,-0.4500132103104302
landmark,1,10,11,-4.582724782863879,-4.5227450703604575,0.0732600323381275,0.1902141539381644
landmark,1,11,0,-3.56436137455773,-3.576242434351934,-0.8310995501041116,-0.747253476909298
landmark,1,11,1,-3.522164200920956,-3.589601033708861,-0.3521020811160379,-0.22965144483683883
landmark,1,11,2,-2.8859965901291678,-2.852732556482534,0.18892610542650096,0.20545213598363368
landmark,1,11,3,-4.284190160577137,-4.242435845939364,-0.23675615126216862,-0.1967132908548334
landmark,1,11,4,-3.6766916092369297,-3.5704202636788085,-0.21275757949509994,-0.14705459891072625
landmark,1,11,5,-3.7094451133436173,-3.569117326830147,0.22207696061460103,0.22036395836858735
landmark,1,11,6,-3.3886123911583397,-3.4472745637729347,-0.4408942684077117,-0.3413564917257463
landmark,1,11,7,-3.6463728056045377,-3.6809918904676455,-0.31232610181993986,-0.24235895676644378
landmark,1,11,8,-2.2418688100305437,-2.112399288958486,0.08377749934240934,0.08527589395448847
landmark,1,11,9,-4.3107323619603095,-4.047721523629722,-0.32108135322371295,-0.3333554969693538
landmark,1,11,10,-1.5878895966667084,-1.5651146285867685,0.22475369611863863,0.23199867544307254
landmark,1,11,11,-2.205363767788612,-2.161843321748638,-0.20665900772086934,-0.1516610237830744
landmark,1,12,0,-5.221378328501511,-5.154222537922402,-0.23369585913497548,-0.19210804558883984
landmark,1,12,1,-3.4500112877999443,-3.382615845190994,-0.16293783605839388,-0.15784363446890043
landmark,1,12,2,-5.371334580117022,-5.05937757949193,-0.03423304402007384,-0.34868314924964516
landmark,1,12,3,-1.9074818205165576,-1.8583370038479987,0.0506369342441376,0.04843048809330745
landmark,1,12,4,-2.2690997816659455,-2.1906769699130657,0.023709097971469226,-0.004119281827110829
landmark,1,12,5,-2.053687705291857,-1.968041995805912,0.1483412170839578,0.09108292630165925
landmark,1,12,6,-5.835138329285775,-5.7918611242364655,-0.09332904376750228,-0.055785792644782256
landmark,1,12,7,-5.765282328419391,-5.619480714338764,0.008099307132116668,0.09274369050034195
landmark,1,12,8,-5.667701436028854,-5.680790058829825,-0.3238204708656954,-0.45819550575348805
landmark,1,12,9,-5.315344523593239,-5.337913097698034,-0.5074386749016468,-0.5381652062549538
landmark,1,12,10,-3.7233706041547125,-3.3805298634602003,-0.34958089643507784,-0.3413260774938447
landmark,1,12,11,-4.31811257679293,-4.3757117987492,0.1225607873048173,0.13709477025915975
landmark,1,13,0,-2.6875364881421397,-2.6804632654966203,0.07072693450817928,0.11436503497256442
landmark,1,13,1,-3.5177633049159813,-3.591915870969205,-0.32539239258466585,-0.29199974517897503
landmark,1,13,2,-2.609659391504683,-2.469440501686932,0.17674573132712565,0.1543356580061614
landmark,1,13,3,-2.5276928105484364,-2.423776196616151,0.1699947157581734,0.1496156728385973
landmark,1,13,4,-2.3818300783473596,-2.2702800293263268,0.2085727689257161,0.16032955471937185
landmark,1,13,5,-3.4437436457381416,-3.4684031835649596,-0.6041242768417634,-0.5973509237084782
landmark,1,13,6,-2.6942677699844855,-2.5799115214315997,0.11783012311569413,0.13151921496587654
landmark,1,13,7,-3.3989610160598036,-3.46901193282566,-0.4709698862235688,-0.5044978518699487
landmark,1,13,8,-3.4421102044564225,-3.3513416535094014,0.42043509394399453,0.4509600758642212
landmark,1,13,9,-3.93386031017091,-3.886282905804688,-0.22898730357879818,-0.21703653584767904
landmark,1,13,10,-2.4217837530453257,-2.35102955682981,0.04337766295564073,-0.059613706902967425
landmark,1,13,11,-3.8529646025506055,-3.7235248289604392,-0.050213135345774616,-0.03818378278165025
landmark,1,14,0,-4.6553771126988535,-4.390222185536216,0.2427522139422883,0.2606937385530757
landmark,1,14,1,-3.8439544151938083,-3.807312001034717,-0.35470815538275624,-0.2620721697345021
landmark,1,14,2,-2.8695910891672227,-2.9201648475678605,-0.29078018589811727,-0.23796385486986843
landmark,1,14,3,-5.281066302340337,-5.217063161077567,-0.25440465152370834,-0.07949172862376985
landmark,1,14,4,-4.5864224191405585,-4.305095438701724,0.221853497430696,0.21309564331245562
landmark,1,14,5,-5.099450547162241,-4.993984253947653,-0.49275314773535916,-0.3996892379165771
landmark,1,14,6,-2.8454631030368187,-2.780945426260875,0.12213769237540921,0.17350773579348058
landmark,1,14,7,-3.702784468235309,-3.6265863186606997,-0.0057125102573590564,-0.002420263479337029
landmark,1,14,8,-5.224354147388012,-4.995277094761213,-0.4000643176496745,-0.3400308592346079
landmark,1,14,9,-2.3672302636917633,-2.321901952506476,0.1250431496976209,0.1898803280525005
landmark,1,14,10,-5.247225548192465,-5.11334156342052,-0.31662495620533043,-0.18059474262613973
landmark,1,14,11,-3.21339264567874,-3.215457569557677,-0.21349299133202518,-0.15461122697932675
landmark,1,15,0,-2.700863824263839,-2.7470893987006693,-0.04098754968743147,0.03794582272308032
landmark,1,15,1,-3.1955988812774763,-3.2805774630091715,-0.7788629034390401,-0.5759708493682237
landmark,1,15,2,-3.0180994641601036,-3.157043439073829,-0.8246513252445767,-0.6482147367553064
landmark,1,15,3,-2.307903206122386,-2.3373254301693307,0.02079540313803222,0.02509696218198812
landmark,1,15,4,-3.6923169988083324,-3.7982544174412802,-0.6633338038068434,-0.43911443647687787
landmark,1,15,5,-3.4340601085448186,-3.5604043500289353,-0.1501210876127926,-0.031644516778049636
landmark,1,15,6,-2.156769861449115,-2.241307088870588,-0.02247211797751983,0.02258297001510517
landmark,1,15,7,-2.366157600644488,-2.4127081323896777,-0.32191026544142715,-0.1974009690711313
landmark,1,15,8,-3.958760595520735,-3.7143967294278717,-0.028437617187933313,0.0598015934669453
landmark,1,15,9,-2.6286562109441163,-2.6563544865277104,-0.09713624294082346,0.03059305539188217
landmark,1,15,10,-2.6769975883373536,-2.7332791847040987,0.2646484056837636,0.32727931769689417
landmark,1,15,11,-3.9974569349012796,-3.8598124578293906,0.12470486313308923,0.2538797992487867
landmark,1,16,0,-4.827833559803888,-4.830887964589224,-0.41467559570686247,-0.1733305678720928
landmark,1,16,1,-2.273417279696414,-2.2088805897429604,0.1363625905376736,0.14393901835258568
landmark,1,16,2,-5.982500571904843,-5.672124859712333,-0.2829248886326835,0.08855789080613138
landmark,1,16,3,-2.069164293080341,-2.062806422930627,0.1368406806322809,0.16690781559474058
landmark,1,16,4,-3.7596615194821905,-3.8050952494120183,0.1330061225162717,0.26434452244466905
landmark,1,16,5,-4.425670401687622,-4.289445949644636,0.17533396583689728,0.34808040832638854
landmark,1,16,6,-4.172159696122894,-4.087495329701688,-0.1000559040824061,-0.09027236607506053
landmark,1,16,7,-2.4983078272411654,-2.571050406937904,-0.04371042701685709,-0.012126059344327776
landmark,1,16,8,-4.187889372401914,-4.047757853998557,0.09223898780195659,0.19036560678176387
landmark,1,16,9,-6.6752456984973065,-6.424602515153513,-0.4284107577143345,-0.3363135530327829
landmark,1,16,10,-2.2423465360840233,-2.244254126036457,-0.171741722716701,-0.13895883842924237
landmark,1,16,11,-2.3539939360890405,-2.502405847203074,0.04388000867104959,0.007864141552169563
landmark,1,17,0,-3.6455036358062807,-3.7972455265023566,-0.43928878468217747,-0.21657684456734244
landmark,1,17,1,-3.5156974977612916,-3.4108141792053477,-0.6982496502908792,-0.7147110135132444
landmark,1,17,2,-3.162667014262451,-2.990628356198776,0.2890035834439025,0.41995356765351166
landmark,1,17,3,-4.823714208964574,-4.863949455129521,0.13150250755571927,0.3824691904373152
landmark,1,17,4,-2.9370884299665305,-2.9317698916413786,0.02035103558220819,0.17973392029560137
landmark,1,17,5,-4.689780313764927,-4.673286193850545,0.05538970261653814,0.19614017837470812
landmark,1,17,6,-3.5009575884019584,-3.533002860965311,-0.4875793441374858,-0.32102291364473806
landmark,1,17,7,-6.136125165618985,-5.92306714863713,-0.2911276375710806,-0.17716235239135505
landmark,1,17,8,-6.249344048224142,-6.110990865826865,-0.1936949799804482,0.1684501560208273
landmark,1,17,9,-2.3228051474977147,-2.2026488690532027,-0.01266440800995635,0.12847280266789826
landmark,1,17,10,-5.3058904627096295,-5.277307126276525,-0.1926143702976361,0.08174258612116156
landmark,1,17,11,-2.5912909251036926,-2.602015691810196,0.05223172732992409,0.24742144156173856
landmark,1,18,0,-2.366916300789222,-2.3641941736190275,-0.04899600636418065,0.024688537389833464
landmark,1,18,1,-5.233843630354033,-5.336678775680778,-1.2647690530199893,-1.0124194717497865
landmark,1,18,2,-5.0541467036656735,-5.080406256600626,-1.142706030806153,-1.0068690979268926
landmark,1,18,3,-5.187473625810929,-5.2845677848312205,-1.260061028947455,-1.0165337903320848
landmark,1,18,4,-3.1691233764132356,-3.1902581565279213,-0.3309839677208514,-0.2655173262132067
landmark,1,18,5,-4.7200587986053435,-4.77335119972863,-1.023263756552761,-0.8622336043799672
landmark,1,18,6,-4.587800156338877,-4.640413969028907,-0.6709407150289809,-0.5610029869789687
landmark,1,18,7,-4.339487830966788,-4.501985836995723,-1.0111852021487975,-0.7367864221782885
landmark,1,18,8,-5.0945661375193145,-5.050760381958647,-1.0966447544546938,-0.9974080571152699
landmark,1,18,9,-1.6295241615753049,-1.670534505661436,0.23626703821613404,0.2604669231717422
landmark,1,18,10,-4.55363284202418,-4.586800738827303,-0.9632575148046545,-0.7259763379384804
landmark,1,18,11,-3.7260731298151213,-3.9940819008606208,-0.44175331192922135,-0.361459196738491
landmark,1,19,0,-1.878462159607463,-1.9104271183790953,0.1626248731664558,0.1598909873179611
landmark,1,19,1,-5.21842684266291,-5.187055998744948,-0.24048689061715675,-0.1772811453773942
landmark,1,19,2,-5.967289619413468,-5.294967434548801,-0.48170139304937626,-0.43081998208391503
landmark,1,19,3,-5.200286598860692,-5.169579356161093,-0.8109510868367813,-0.6416312116425529
landmark,1,19,4,-4.129834821884598,-4.047842647483432,0.2882161535538137,0.5278071147014959
landmark,1,19,5,-5.952816643140051,-5.739967203815996,-0.1288610527235141,-0.02471967241047259
landmark,1,19,6,-2.7009058806270185,-2.749132549380677,0.1170276361599561,0.17311440482165244
landmark,1,19,7,-4.037211216001589,-3.9189794547979404,-0.23541925837912825,-0.21640170642577314
landmark,1,19,8,-1.9497294119570745,-1.8517710788881185,0.26729761715717637,0.25127021627533047
landmark,1,19,9,-4.32943838731844,-4.335595494188029,-0.0889572257364911,-0.09379704735051923
landmark,1,19,10,-4.242670226282147,-3.971845017113365,-0.5172954049056302,-0.34422872075164423
landmark,1,19,11,-5.818570876254984,-5.746841126221965,-0.36103932185718657,-0.2778701211516817
landmark,1,20,0,-4.370513267847171,-4.396798172985488,-0.41037355500372813,-0.2735042670751525
landmark,1,20,1,-3.069327363310363,-2.7352259444214475,-0.4962560160789188,-0.6894474492872448
landmark,1,20,2,-4.335297618395212,-4.253858546905348,-1.2898368563468545,-1.2534431363718332
landmark,1,20,3,-2.4404542243582656,-2.241408326221828,-0.6543451312288397,-0.7539499550816382
landmark,1,20,4,-3.5176454285072114,-3.79518011792752,0.07721059170637194,0.036053215195501885
landmark,1,20,5,-4.87718119161931,-4.650952898044964,-1.2626203304758068,-1.2270728800726902
landmark,1,20,6,-2.925608403711251,-2.9164867684985922,-0.19405584229583753,-0.148140297957135
landmark,1,20,7,-9.089202102419103,-8.958864125533784,-2.2015487803588383,-2.443112615902362
landmark,1,20,8,-4.903955472165094,-4.84178543553982,-0.09497221517912713,-0.13517681170286736
landmark,1,20,9,-3.3079615454412106,-3.1588045511411464,-0.4810009435854527,-0.45311922901371654
landmark,1,20,10,-2.2451757721991883,-2.367725403643272,0.310902491196635,0.4171700986388037
landmark,1,20,11,-5.47066624212905,-5.3166990762624735,-0.39573940494287085,-0.5014390504152024
landmark,1,21,0,-5.024613961344034,-4.882671894474977,-0.9266779196182434,-0.8569142120067309
landmark,1,21,1,-4.471823499824668,-4.315036291469961,0.030361074659711527,0.06114997949472753
landmark,1,21,2,-3.1511446435239834,-3.1202184774190584,0.3346480461242913,0.377929263449128
landmark,1,21,3,-2.564654931783202,-2.3145446022759004,-0.5072090324639212,-0.5189567101244964
landmark,1,21,4,-3.1102555696225913,-3.119788803370754,0.46196428600411366,0.47225566505573774
landmark,1,21,5,-1.9238097829250032,-1.9026907470349965,0.17502759161048398,0.1708240900423015
landmark,1,21,6,-3.3548732191037605,-3.3753429706605282,0.06309899734415798,0.056338339605909546
landmark,1,21,7,-4.2958602627969,-4.499069722137508,-0.18694844256293808,-0.04528096855312323
landmark,1,21,8,-7.934300036814218,-7.843426859417054,0.9223988958008816,0.9480328834984431
landmark,1,21,9,-2.424014077605206,-2.6798623991124866,-0.6552214956404078,-0.7657400191978329
landmark,1,21,10,-4.035796038488966,-4.109258734402785,-0.9682649799179988,-0.8977794693932597
landmark,1,21,11,-4.426225876433013,-4.250127106449031,-1.9954066239745505,-2.23198167335202
landmark,1,22,0,-2.213441900309659,-2.227197552272043,-0.02066703604372152,-0.03447366081417301
landmark,1,22,1,-3.0594944516630616,-3.124306057783647,-0.3016820406602783,-0.23662462414651442
landmark,1,22,2,-3.3082195250327686,-3.2474554388664316,0.1834908550617233,0.26876872489262155
landmark,1,22,3,-4.164649610383607,-4.094993722542076,-0.38676859047066453,-0.30714313784312725
landmark,1,22,4,-2.4857554341866788,-2.430227992623672,-0.12974095312246847,-0.12682156047352713
landmark,1,22,5,-4.3139442553163265,-4.178427725505217,-0.6670954106343785,-0.5441438863812943
landmark,1,22,6,-1.9097290510430727,-2.1558107941343114,0.3098513374610782,0.33673362132172213
landmark,1,22,7,-2.0628722189418256,-2.0118646416724375,-0.2824255492512173,-0.16001114243087258
landmark,1,22,8,-5.069613183727419,-4.876841861892834,-0.6696698642891137,-0.41759585974389796
landmark,1,22,9,-0.9154675019553434,-1.030168615165646,0.25404369365173796,0.2660328326899377
landmark,1,22,10,-3.4128643257433544,-3.481967722840034,-0.29848341775024095,-0.168909398529286
landmark,1,22,11,-2.895177764551592,-2.960589220084756,-1.2783148001826021,-1.0220307940697373
landmark,1,23,0,-2.9794565600513203,-3.0214566073357485,0.22494044086853696,0.3079218501451528
landmark,1,23,1,-5.815678186849553,-5.391019623230423,-0.8405030571073117,-0.6207516382521706
landmark,1,23,2,-0.13360074238997846,0.23381464068242322,0.25922865804394707,0.40681229203594005
landmark,1,23,3,-3.740385686945783,-3.7478694012468448,-0.12871272060928157,-0.05986543203306571
landmark,1,23,4,-3.2902929139816703,-3.2341494174856975,-0.5605781591149934,-0.5704758733853957
landmark,1,23,5,-2.8762645375175904,-2.9657926391858656,-0.05463082824216622,0.009202503731279364
landmark,1,23,6,-2.1942089645590745,-2.252808764313475,0.08223846228696516,0.12899025845451567
landmark,1,23,7,-3.799096391014928,-3.56241026998261,-0.33361918646239563,-0.29541135788488454
landmark,1,23,8,-2.7546081229118524,-2.65917309217198,-0.22093026050474748,-0.20280045602616983
landmark,1,23,9,-4.58736247889044,-4.339415504821942,-0.6054413728627284,-0.290367967462921
landmark,1,23,10,-4.432432660327945,-3.524223119992808,-0.18904665330781834,-0.3717727177511656
landmark,1,23,11,-4.5554388677535815,-4.333562417659585,-0.2473674500161463,-0.17879735354589135
landmark,1,24,0,-4.999885293926417,-4.763951278508229,-0.8175396418440429,-0.4187514554017513
landmark,1,24,1,-4.924227658519162,-4.588316408867471,-0.5861430864199,-0.4810843697008002
landmark,1,24,2,-3.772952648709859,-3.766096153556117,-2.0197497359837966,-1.9653535416184056
landmark,1,24,3,-1.2071560947590172,-1.2029727951527156,0.19958255869529282,0.29894699925760426
landmark,1,24,4,-1.7316660375919024,-1.6727393503514207,0.3005894294820045,0.3679054103969375
landmark,1,24,5,-3.803906699699104,-3.831628381605578,0.09102644465136382,0.1539914254094948
landmark,1,24,6,-4.54051123825782,-4.298180761508633,-0.9330072398214134,-0.5615935145544894
landmark,1,24,7,-5.592821472141225,-5.062032365808066,-0.9241250327974702,-0.7276552332661244
landmark,1,24,8,-3.8716547337674996,-3.7417820424198243,-0.16579663692097152,-0.14840040338359048
landmark,1,24,9,-2.715550625068482,-2.6285283010780094,-0.18371619378175288,0.08325884746938983
landmark,1,24,10,-3.3545047317059526,-3.5102515679995854,-0.015381772459460739,0.045099502707022954
landmark,1,24,11,-5.026206457094316,-4.662880983761288,-0.8424235813155542,-0.49154177140176525
landmark,1,25,0,-2.8113866618141827,-2.697718765299704,-0.07170207632593895,-0.09839832890197531
landmark,1,25,1,-4.380049428179482,-4.047750833689762,-0.5913694376087302,-0.577456711196356
landmark,1,25,2,-4.140307644485929,-4.088981222344165,-0.43187820180643,-0.4473754647509284
landmark,1,25,3,-3.5162818045404727,-3.4387738705310866,-0.5226163184839686,-0.33906900389186456
landmark,1,25,4,-2.8427184748730654,-2.8653378151732674,-0.31297401022650717,-0.2668499324447834
landmark,1,25,5,-1.354601715489048,-1.3440074897808671,-0.057394032055781946,-0.0759043348124679
landmark,1,25,6,-3.6090531237235557,-3.46920700662974,-0.982782950510722,-1.081948151383447
landmark,1,25,7,-1.4631930307160725,-0.9878292168871156,-1.8768427316258134,-1.8037504067320427
landmark,1,25,8,-3.156755810871825,-3.2398614372980514,-0.697908441126686,-0.5866953050292664
landmark,1,25,9,-2.622176294493713,-2.527537215536634,-1.1924322746826796,-1.2087369110452926
landmark,1,25,10,-2.1019094438501305,-2.045288240968995,0.12475813158623487,0.12050128570074545
landmark,1,25,11,-3.868619079727212,-3.717321226549741,-0.22763948944204823,-0.24423326786776245
landmark,1,26,0,-1.358458973306816,-1.3758144616031387,-0.06315439228263431,0.03551719615466575
landmark,1,26,1,-3.376717733064991,-3.4576237534351244,-1.0148911795014108,-1.0605581456679638
landmark,1,26,2,-5.068862139338767,-4.920122915426688,-0.27922879920052146,-0.19818515248663754
landmark,1,26,3,-1.6593786622140063,-1.5956954612494236,0.0770971935018489,0.185742407979046
landmark,1,26,4,-2.1833543890424907,-2.10031418006263,-1.0841493897758754,-1.0470579825377666
landmark,1,26,5,-3.2275996751879217,-2.9631843247106637,-0.5157933624463482,-0.29379634840585517
landmark,1,26,6,-3.905349661056354,-3.768716836895905,-0.5275553543842344,-0.38553037448833904
landmark,1,26,7,-3.467199048593271,-3.291377501557726,-0.5873523284601009,-0.4935707787853756
landmark,1,26,8,-5.36216205510875,-5.108894010160559,-0.9120057742818787,-0.8686920419877373
landmark,1,26,9,-3.786815409624715,-3.6525015478719816,-0.506239716838805,-0.4470354768502068
landmark,1,26,10,-4.00007713463143,-3.8749060603488936,-0.8954348850023603,-1.0298944843684077
landmark,1,26,11,-2.2936057904946376,-2.4236029199508002,-0.09214096580993746,-0.02748013122032466
landmark,1,27,0,-2.653923268425792,-2.6303284332762535,-0.0767321289860464,0.11219011830001302
landmark,1,27,1,-3.589317628389662,-3.9562132530751764,0.797736432189504,0.7980834698496417
landmark,1,27,2,-6.825436143092026,-6.559247842893774,-0.6919404015387164,-0.6335946797587334
landmark,1,27,3,-5.927154675536669,-5.6713958262837165,-0.13413419766117235,-0.06973996601750003
landmark,1,27,4,-2.5200951514657,-2.2243610163356506,0.1101718895479617,0.22686360732082783
landmark,1,27,5,-2.40316762707549,-2.481686218462282,-0.00992025068410666,0.10007884456143168
landmark,1,27,6,-4.206290001164557,-4.085002757160216,-1.7257482332176521,-1.6628862045234172
landmark,1,27,7,-1.6236480765822578,-1.7100250535329093,-0.872625655108375,-0.8361427237265214
landmark,1,27,8,-4.206560053606511,-4.40406281876606,-0.40111908379843636,-0.3127726160593115
landmark,1,27,9,-4.143024041662829,-4.009229776367602,-0.530270377914648,-0.5493245518248613
landmark,1,27,10,-3.7506244968068874,-3.6227538405326896,-1.1459525483098294,-0.9484918396138421
landmark,1,27,11,-3.7320875998808716,-3.7724186641735087,-0.3594788498394937,-0.21345605865288136
landmark,1,28,0,-13.143894184254696,-13.254227110902184,2.191128999175902,2.447643135031764
landmark,1,28,1,-8.226878113234777,-8.237924979617071,0.2701214562100757,0.3510788378245635
landmark,1,28,2,-5.754995832443908,-5.688068959230453,-0.7002671398851628,-0.5074692768039333
landmark,1,28,3,-3.596055738334316,-3.7898821841229076,-0.25244082776572474,-0.24180365743108845
landmark,1,28,4,-4.279329498149533,-4.569682445885706,-0.02303962183407219,0.022003477052734543
landmark,1,28,5,-3.801758677061249,-3.8353951737676026,-1.0889225712889314,-1.0457067802148527
landmark,1,28,6,-3.5457337336785226,-3.4933058946851463,-0.9629044375094216,-0.9928665613902831
landmark,1,28,7,-1.2523769674485121,-1.5740138284520115,0.6235001018426292,0.6233392781693767
landmark,1,28,8,-3.4021755818097166,-3.3606481217315114,-0.41725358090089665,-0.4353490351586845
landmark,1,28,9,-5.297815674705649,-5.403797428625345,-0.6526243440274729,-0.6191206833048566
landmark,1,28,10,-5.041210602460345,-5.225898943981295,-2.366034642688487,-2.4066070890755236
landmark,1,28,11,-3.3373329609674536,-3.309361527232495,-0.2918635776893975,-0.33894267814825396
landmark,1,29,0,-8.721428025726423,-8.649253295877367,-1.5730177724274839,-1.6403521937792054
landmark,1,29,1,-2.964844097413163,-2.9322779093692684,0.23836537394355758,0.2228740102039075
landmark,1,29,2,-2.7958396264481196,-2.6062814252544286,-0.6428668864153392,-0.6466036037689418
landmark,1,29,3,-6.157982924132461,-5.973962729440655,-0.3449484229681573,-0.2356918329125287
landmark,1,29,4,-5.270751988165482,-5.047625197089699,-0.024604020064964968,0.00783767831918459
landmark,1,29,5,-3.7552208339699553,-3.7693180754747515,0.9078329942970383,0.8968220894314692
landmark,1,29,6,-3.0468281599873914,-3.0508189777180093,0.08068728501574675,0.11984741323207818
landmark,1,29,7,-3.283234733903406,-3.146541113182707,-0.4792108776777764,-0.4790731580020542
landmark,1,29,8,-4.8930025876197085,-4.923392221362968,-0.27957923745802465,-0.14490647478094115
landmark,1,29,9,-7.881342485244152,-6.744660850610258,1.1988312286444351,1.7786757036806344
landmark,1,29,10,-2.4308185857339586,-2.2524300866312466,-0.04603911750163809,-0.004506808802423991
landmark,1,29,11,-4.049866443321086,-4.094366548922879,0.10521895531533057,-0.03683535048242843
landmark,2,0,0,-7.48094224895688,-7.314786213623844,-0.3371580743635501,-0.34806535556124435
landmark,2,0,1,-7.083078131959329,-7.0553617515199205,0.6291769223525824,0.5850311632342938
landmark,2,0,2,-2.023512363803738,-1.9276292474565684,0.3373622076942966,0.25069355423765277
landmark,2,0,3,-2.3616668616388634,-2.3108593728390248,0.26822675513954897,0.2597110986541115
landmark,2,0,4,-4.126261073079964,-4.176030517411395,-1.2951203888544305,-1.3224689278443056
landmark,2,0,5,-6.700539476626143,-6.796956783333923,-1.8610323703647373,-1.7237839934328916
landmark,2,0,6,-4.186606758516102,-4.189950277631216,-0.9999661239816021,-0.9409785389230554
landmark,2,0,7,-6.003640023767436,-6.066859455834044,-0.8295646264995664,-0.8456398847953581
landmark,2,0,8,-2.3421489960858546,-2.216238740709802,0.2822478002360099,0.2611332378177138
landmark,2,0,9,-0.6244046860103425,-0.6212884493718228,0.6621611975666832,0.64691988517772
landmark,2,0,10,7.4779027542565695,7.37676718348823,0.9275471041609792,0.9985823386353869
landmark,2,0,11,-4.616000039626037,-4.560370064531774,-1.2073681646714416,-1.2427457319770434
landmark,2,1,0,-3.7387001976926038,-3.6926222073266763,-0.057143695520055056,-0.1723616751146543
landmark,2,1,1,-6.941334130165146,-6.432754356578939,-3.1125605675577446,-3.2471408312796077
landmark,2,1,2,-4.4849495671278286,-4.462503569957684,-0.12839304717282263,-0.20470257051040122
landmark,2,1,3,-2.8559179081522132,-2.7756877378997515,0.16103229981814898,0.12116743813786525
landmark,2,1,4,-4.348891352011052,-4.352636677232449,0.7804253984791157,0.7814353796835403
landmark,2,1,5,-1.8371620335493024,-1.705140282644818,0.39251594818610863,0.394966855669649
landmark,2,1,6,-0.7360003038091251,-0.8212976306179386,0.38648724284256564,0.3810982895085392
landmark,2,1,7,-2.8228483413206935,-2.8083930893265077,-0.13240280694599119,-0.03183373654251235
landmark,2,1,8,-4.949758838770015,-4.67849891314135,-1.9989244561610622,-1.8984427835787203
landmark,2,1,9,-4.141216004588142,-4.1563087476896685,0.3054843516363309,0.2955966545375167
landmark,2,1,10,-1.2006004106972437,-1.1519098067254931,0.46458286096337065,0.49912248180587976
landmark,2,1,11,-3.3353719676138316,-3.3389943106318856,-0.3650427348966554,-0.3607687312561138
landmark,2,2,0,-2.934814519098381,-2.9698887745394216,-0.22817298677957165,-0.1474812711832365
landmark,2,2,1,-3.067392510401618,-2.987898716162919,0.048952535138893936,0.15321878458162344
landmark,2,2,2,-3.945912537655967,-3.48349008755917,1.0598067874249941,1.1923139997830887
landmark,2,2,3,-4.474811147919452,-4.427988128500188,-0.990607624148958,-0.9336316561505762
landmark,2,2,4,-12.490660177716004,-12.39428479356708,-3.2145298300617067,-3.4156463619301434
landmark,2,2,5,-2.1346513970666714,-1.9453380397007523,1.4734308853655036,1.5356329042395909
landmark,2,2,6,-1.4866758306616195,-1.632082025218711,-0.14970497285269108,-0.07458310403567446
landmark,2,2,7,-2.3291110485826305,-2.080462728791455,0.2607342854163424,0.25927235735355303
landmark,2,2,8,-3.0046337036595907,-2.865139444266253,-0.20278507998713433,-0.28955927797897235
landmark,2,2,9,-0.14631023708163232,-0.04136739889877481,1.4652912946924757,1.5301142072329197
landmark,2,2,10,-0.8212514312353703,-0.8324763147526527,-0.6585205020124233,-0.6203885688587595
landmark,2,2,11,-2.8053017695543345,-2.592510550737139,0.02057619540911783,-0.04224049689640745
landmark,2,3,0,-4.191697720183332,-4.625817981404359,-1.8484447165436968,-1.7282053448368404
landmark,2,3,1,-3.7744828488633853,-3.7650376254354634,-0.06565536344706727,-0.024574245470376024
landmark,2,3,2,-3.679993689093941,-3.6272091108163185,-1.3062683391303285,-1.2339975587278942
landmark,2,3,3,-1.6745051407943172,-1.7628534619639435,0.11196454987163103,0.16785311338713035
landmark,2,3,4,-2.3320925751305017,-2.3821890678082682,-1.7980492009906515,-1.7189088054072403
landmark,2,3,5,-3.633364733648373,-3.7107096758317244,0.1728743414807076,0.1969310148524355
landmark,2,3,6,-2.7232344164421574,-2.752325109088863,0.02642942825847612,-0.009928576061776774
landmark,2,3,7,-0.6818613340448821,-0.8335569140111095,0.004998538374061622,-0.050605533769155595
landmark,2,3,8,-3.2228637227601413,-3.233050655584179,-0.10753348503215422,-0.14633928432408
landmark,2,3,9,-2.1448244733062416,-2.1841685681635536,0.1250156851463197,0.1443385795034289
landmark,2,3,10,-1.6853734996600125,-1.7194677177224478,0.42771467656464773,0.45801091948067135
landmark,2,3,11,-2.963309997428634,-3.0103078517026245,-0.4573131909819581,-0.41990530578024937
landmark,2,4,0,-2.9793938912738835,-2.7716624709199578,-0.5239031289473346,-0.5480326923592114
landmark,2,4,1,-4.072081243514865,-4.025728959799903,-0.0932206717186124,0.0024555444815556465
landmark,2,4,2,-4.3256137730719635,-4.068675443599471,-0.4376265438695759,-0.17456279862307375
landmark,2,4,3,-3.7710206529708095,-3.4669825645257615,1.1968844156477259,1.005544967730246
landmark,2,4,4,-3.6888685536870445,-3.6650234488833355,-0.8118756412602625,-0.6540460924438191
landmark,2,4,5,-1.7994194633814702,-1.6117873575959083,-0.2732670725791217,-0.4830947911139068
landmark,2,4,6,-2.6825844507597867,-2.667473487975805,0.49217934723831747,0.4525479238600065
landmark,2,4,7,-3.2483593206625625,-3.248681727369675,0.07066865629110415,-0.006861690404553445
landmark,2,4,8,-0.6892612132377179,-0.6393525275736011,0.28371848727547117,0.3283004076544914
landmark,2,4,9,-1.0805430860738066,-1.2580944542752286,0.5330916985158415,0.593993811755331
landmark,2,4,10,-3.2766186014811916,-3.303079706565524,0.24123849732538757,0.31780445723109557
landmark,2,4,11,-2.825803584538329,-2.910953568857174,-0.09436568255408914,-0.058474198099572994
landmark,2,5,0,-6.390706226237197,-6.234700602277919,0.5617009779738408,0.7598414473808959
landmark,2,5,1,-3.2315963328558084,-3.001927554795881,-0.44662665341202273,-0.3985871151758334
landmark,2,5,2,-3.2227595657327686,-3.048957562029179,-1.451449001467228,-1.3646877840776876
landmark,2,5,3,-1.1488892704174927,-1.001997328011646,0.2960559910523206,0.3014825548723468
landmark,2,5,4,-2.3726166053488202,-2.3390188347267995,-1.0005786116930284,-1.0574162316114064
landmark,2,5,5,-3.0777423009584486,-2.952292168091947,0.7081505290868082,0.7446840107014027
landmark,2,5,6,-3.958395661187582,-3.7315646343634614,-0.10866453622782765,-0.20790899209031682
landmark,2,5,7,-3.750612891721197,-3.771115691422471,1.0229138494545766,1.1052924724394095
landmark,2,5,8,-1.7504802792721799,-1.6581849418967989,0.061942598842541885,0.078280786919984
landmark,2,5,9,-5.565233710989929,-5.486989274264343,-1.369910424680471,-1.4604804003522638
landmark,2,5,10,-3.0957758926114276,-3.134213831177501,2.4902848000703957,2.520997160982656
landmark,2,5,11,-3.5332416753025946,-3.418890022930722,-0.46614273497364256,-0.46743999284605486
landmark,2,6,0,-2.744129506257942,-2.762047096080891,0.18680719564909004,0.33686946812316115
landmark,2,6,1,-2.3092331522872533,-2.291428770652362,0.1983902102009949,0.3023113879312711
landmark,2,6,2,-4.4049010086268305,-4.356039597282824,-0.24555841316386395,-0.1379096280274422
landmark,2,6,3,-1.6792634500874044,-1.7374094704579368,0.10017051234978487,0.2269193715755572
landmark,2,6,4,-3.3821351967093105,-3.37117666423919,-0.33285356088561463,-0.13406688178992604
landmark,2,6,5,-1.2909638649717934,-1.356117378518278,0.44393181766998807,0.5242604710673391
landmark,2,6,6,-1.228778123799738,-1.281866000069902,0.4485186500860971,0.500038262593578
landmark,2,6,7,-2.3104062867638095,-2.4267028337842227,0.1630315356876538,0.2047484353665411
landmark,2,6,8,-2.620413893033961,-2.687834230900861,0.0987812150153422,0.20196430082128572
landmark,2,6,9,-2.9370129724278944,-2.9562514203796124,0.16557378352998559,0.31727817882278525
landmark,2,6,10,-2.650546616840089,-2.6748850663464085,-0.21872819343115624,-0.10057402219007035
landmark,2,6,11,-1.2686297788704737,-1.0963500746687063,0.05024621596053806,-0.146880325418929
landmark,2,7,0,-4.009512666720303,-4.119854831762901,-0.6029113500977481,-0.37345939809085105
landmark,2,7,1,-5.383449737866524,-5.697784627840108,0.402000095403847,0.48152634889326495
landmark,2,7,2,-2.7082425955800153,-2.790587647583555,0.16908423241810383,0.09569455620131143
landmark,2,7,3,-3.833852017563148,-3.622952402961935,-0.08499269180561886,-0.18859637629240555
landmark,2,7,4,-4.303386671646316,-4.316804132230382,-0.2700311444762357,-0.17852780943901259
landmark,2,7,5,-3.1179937335690613,-3.2282349035696716,-0.4756279280012811,-0.40201953836256515
landmark,2,7,6,-3.1695768393565413,-3.2038093732951727,0.28222005340760703,0.3659251307908968
landmark,2,7,7,-5.866348959947554,-5.951439380721052,0.051072146239367164,0.08572770729488237
landmark,2,7,8,-4.549890061655897,-4.5903092881793635,-1.6258575523228063,-1.6857158256675153
landmark,2,7,9,-3.522008120738434,-3.694429195227736,-0.3410779880492711,-0.2234187615685898
landmark,2,7,10,-1.8352862385923132,-1.8674360710451678,0.49713147839481064,0.5063855846329884
landmark,2,7,11,-3.7542718395702113,-3.8252205041413667,0.03188170953779884,0.08130015880447593
landmark,2,8,0,-4.698895408241101,-4.606464350263011,-0.2718914520433091,-0.29341867512924674
landmark,2,8,1,-6.461437030943323,-6.417873564936818,-0.21169574766694352,-0.098735446460516
landmark,2,8,2,-1.9434148429406266,-1.8364591390282403,-0.3325925571608067,-0.3347619025045256
landmark,2,8,3,-3.012826636233555,-3.0767875445827726,0.3259106409873701,0.203503291828553
landmark,2,8,4,-3.3846048331228853,-3.3344339877171265,0.27905643373754035,0.3129638079324269
landmark,2,8,5,-4.74425693619282,-4.587139182663996,-0.6158661783178214,-0.4104892877790005
landmark,2,8,6,0.6116850396066402,0.6795430425934739,0.32174691256224575,0.1934473182779137
landmark,2,8,7,-4.557618489299116,-4.522902971277358,0.5001677184117457,0.39988420446193546
landmark,2,8,8,-4.824373540094807,-4.806278187197779,0.42832060664317984,0.5718354017843907
landmark,2,8,9,-2.345842428084222,-2.3340590054128394,0.4962741029671525,0.5060397431611771
landmark,2,8,10,-4.102114734522908,-4.080983686535777,-0.04977902379129032,-0.016340414326930053
landmark,2,8,11,-7.16109492810347,-7.1176486805658605,-0.6925325849095257,-0.6041088084719202
landmark,2,9,0,-3.1533627375077784,-3.264365203218539,0.2183678161117408,0.41223881346992464
landmark,2,9,1,-1.6442851594932908,-1.6810944731036115,-0.06925779640389954,-0.08200905253891408
landmark,2,9,2,-2.077935675076048,-2.0850157887851095,0.43346817211303784,0.6150098143134676
landmark,2,9,3,-3.29406181422207,-3.2694944230494087,-0.32340495209054837,-0.008852590054765562
landmark,2,9,4,-3.3246693624895634,-3.300808929729179,-0.4338062771437652,-0.3651938212906225
landmark,2,9,5,-2.011771356168642,-2.0095350843318394,0.18835378364094643,0.2275833911188001
landmark,2,9,6,-3.2765847249703994,-3.278245635047623,-0.24629521020666376,0.014245706475998841
landmark,2,9,7,-4.647766188755871,-4.581699770377444,0.27598566638959077,0.38892677304879636
landmark,2,9,8,-4.094243177754781,-4.043688797163822,-0.24160675390174163,-0.1045989685669668
landmark,2,9,9,-3.9590942137947174,-4.069897345277739,-0.20834076305936292,-0.2330439605113589
landmark,2,9,10,-3.625442234426757,-3.604908110880561,0.10071180339523636,0.32137419581903204
landmark,2,9,11,-1.787320213181661,-1.7434170891289362,0.1187579806587507,0.20166856689902624
landmark,2,10,0,-4.293481279400429,-4.171232174404215,-0.12375459609401109,-0.05345058872432202
landmark,2,10,1,-3.2322594900517987,-3.411383575822873,-0.8081225363539495,-0.7169942595717339
landmark,2,10,2,-3.158318889704527,-3.0554503939010904,-0.28048059593990976,-0.21186953395342287
landmark,2,10,3,-3.2687159658302627,-3.221789303945147,0.21660923233703983,0.41400655799490793
landmark,2,10,4,-1.9943886786386287,-2.0215507752445157,-0.20085534473309466,-0.12213427669920322
landmark,2,10,5,-2.754178598327643,-2.713635953953473,-0.6327554309320028,-0.5389637139449123
landmark,2,10,6,-3.1936261725254265,-3.0013148512747865,0.19904244876109956,0.36405485935074683
landmark,2,10,7,-1.829870681598882,-1.7355637713247942,0.4133341414327258,0.4973869263528287
landmark,2,10,8,-1.8686005714156524,-1.7572904646053125,0.10813124680268907,0.20826657774869903
landmark,2,10,9,-2.981292723736709,-2.8538915072866042,-0.29710436771654075,-0.15754767200262557
landmark,2,10,10,-3.7838521626075,-3.8242645593796367,-0.7530292212763874,-0.6331792248398015
landmark,2,10,11,-4.296987309986073,-4.240993574744189,0.034395457404143986,0.1710667664045838
landmark,2,11,0,-3.5171452218867354,-3.5213031180808763,-0.8624799018023367,-0.7790582652449773
landmark,2,11,1,-3.329933233508721,-3.410739945371526,-0.47175008974996296,-0.3050420303510321
landmark,2,11,2,-2.7612191437685047,-2.728254841741741,0.13242640720900908,0.13308761974550629
landmark,2,11,3,-4.2038269323539055,-4.086173993590918,-0.23254415860592345,-0.0790791139483836
landmark,2,11,4,-3.5606303948660405,-3.4674015541137426,-0.2575201965637217,-0.15326094065562973
landmark,2,11,5,-3.769204791343722,-3.6162362563855996,0.1956220255842059,0.2157650242517792
landmark,2,11,6,-3.289922604674397,-3.3744847274348015,-0.504994126503302,-0.3877352350182989
landmark,2,11,7,-3.3260022789863157,-3.3780794989337526,-0.3442993246485153,-0.2779055798178132
landmark,2,11,8,-2.2810939264765357,-2.158594064824362,0.061819248591804474,0.0776462257863279
landmark,2,11,9,-4.2437533967969925,-3.9167185380021237,-0.21627964906623778,-0.19158642798207798
landmark,2,11,10,-1.5135185801281372,-1.4864712588509723,0.16767860627055742,0.19851604555069186
landmark,2,11,11,-2.1860481961005997,-2.135163423659456,-0.2696023592557728,-0.21406662737906113
landmark,2,12,0,-4.951540716892004,-4.917673757800996,-0.3374224710244034,-0.31958448950361007
landmark,2,12,1,-3.3572780638977213,-3.3159536689354563,-0.28509853897468707,-0.30998360695083294
landmark,2,12,2,-5.033309430748205,-4.795001708510503,0.01914220160030471,-0.3440822073625277
landmark,2,12,3,-1.893796622790347,-1.8420423907147414,0.05014374292198586,0.02703461636898539
landmark,2,12,4,-2.258295180382664,-2.2008553368175114,-0.0577986869502381,-0.07561892093521788
landmark,2,12,5,-1.8660255880773295,-1.7852325854022375,0.11814190389563095,0.07937569446112143
landmark,2,12,6,-5.676440701480878,-5.633499293667136,-0.11628980003877229,-0.06661600930357545
landmark,2,12,7,-5.4920855321760556,-5.282460089551213,-0.011565228213566037,0.08296844267650183
landmark,2,12,8,-4.850960159594795,-4.846933442157439,-0.1404234695090759,-0.09942461012203939
landmark,2,12,9,-5.175142590672691,-5.188812786393885,-0.5865605321497918,-0.566505621511278
landmark,2,12,10,-3.751395913604807,-3.3877727923024543,-0.3239736912575165,-0.32626943505523454
landmark,2,12,11,-4.085870553782139,-4.132014078483052,0.13709818299724585,0.09987540801955068
landmark,2,13,0,-2.63822812005017,-2.627327794412823,-0.009521693825688182,0.012817195647442298
landmark,2,13,1,-3.6307328484289623,-3.713073530954023,-0.42312182943535076,-0.41213632870385314
landmark,2,13,2,-2.6277193325271075,-2.458024289958002,0.07839820737296152,0.08479789006940998
landmark,2,13,3,-2.3053137950934395,-2.1980212921744795,0.1305380367548964,0.10964508515328232
landmark,2,13,4,-2.183883968422182,-2.0686002662482044,0.13570230979777265,0.10360051115529378
landmark,2,13,5,-3.2738731594376618,-3.3470349610681875,-0.6890674472449392,-0.6877951816609624
landmark,2,13,6,-2.5111793325060288,-2.401974809473924,0.0724175344154762,0.08042054832008053
landmark,2,13,7,-3.2358254958779997,-3.3240722188788983,-0.5101142498946978,-0.531503154925652
landmark,2,13,8,-3.418800462718334,-3.3165185283241976,0.3440876851202093,0.37174724330732917
landmark,2,13,9,-3.824376089859589,-3.813073319131368,-0.366841459207231,-0.3730269182471266
landmark,2,13,10,-2.342638453513769,-2.248951409522759,-0.01811680030517997,-0.08764065491799099
landmark,2,13,11,-3.619961960044756,-3.5001938738247893,-0.032984534783610304,-0.022581493682714147
landmark,2,14,0,-4.404775747437321,-4.140106172377749,0.2675146388833047,0.25126465671024345
landmark,2,14,1,-3.7858255338698537,-3.7743948570128754,-0.4668322743188551,-0.40461060629093915
landmark,2,14,2,-2.898172529240252,-2.973407292086975,-0.39216544786407,-0.34445690500926307
landmark,2,14,3,-5.029276998940698,-4.9636128073219306,-0.27182607479793347,-0.11871473618227911
landmark,2,14,4,-4.4181992899883324,-4.126202303466001,0.2991189550054235,0.2696857851610758
landmark,2,14,5,-4.89778710622097,-4.764228686367486,-0.46340221110310265,-0.32131905026043195
landmark,2,14,6,-2.8114356862023597,-2.768525143355461,0.09839773200864677,0.13301818852928166
landmark,2,14,7,-3.5809102267590034,-3.503263817575838,-0.08369646741450593,-0.04922802325545014
landmark,2,14,8,-5.024588985987623,-4.825787309117945,-0.33340273451801916,-0.25906296864210404
landmark,2,14,9,-2.1859320098332486,-2.140931676751943,0.0927734678383603,0.16180479212716972
landmark,2,14,10,-5.15495204159953,-5.011448897177932,-0.2874829979200627,-0.1503833941032014
landmark,2,14,11,-3.0836671676507112,-3.107407297557662,-0.27554173584021274,-0.22934694291996352
landmark,2,15,0,-2.5794829754219477,-2.6154201498496796,-0.060524538419685595,-0.006894312430570227
landmark,2,15,1,-2.9984049744430137,-3.1170161271720005,-0.8154379011897476,-0.6451701191123562
landmark,2,15,2,-3.002215642385467,-3.1793826640603284,-0.8975283119966152,-0.805114065816976
landmark,2,15,3,-2.3264277444433943,-2.3339042942668295,-0.044160192573764655,-0.045077061154768255
landmark,2,15,4,-3.5237164733145527,-3.6594074067810607,-0.7256599398680293,-0.5232426818812171
landmark,2,15,5,-3.278978953771425,-3.39611115494199,-0.19637173581501535,-0.106156301933762
landmark,2,15,6,-2.139178666935941,-2.2306246799559784,-0.03072115303488309,0.007283252514724857
landmark,2,15,7,-2.4603436006904897,-2.489793289368098,-0.3777960073646218,-0.2598259933279088
landmark,2,15,8,-3.8777660771387663,-3.6384173354958516,0.007636981749249228,0.14403016598612084
landmark,2,15,9,-2.465745738433973,-2.5109376240769783,-0.14166531215343434,-0.03872553070966349
landmark,2,15,10,-2.7443453573559276,-2.8012899568652565,0.2224403111391796,0.2897719384448647
landmark,2,15,11,-3.901238569030493,-3.7800412073387126,0.14550963914842133,0.2137256625468839
landmark,2,16,0,-4.832121399280866,-4.8779547173574676,-0.5410809747711036,-0.37106664409561174
landmark,2,16,1,-2.532136452824419,-2.4517301055609777,0.05835491957647251,0.11797297996720346
landmark,2,16,2,-5.961437178218449,-5.640174349906263,-0.24105680899412324,-0.0218104263522969
landmark,2,16,3,-2.0454665561878294,-2.035352963228323,0.11565402840653151,0.16755614977048683
landmark,2,16,4,-3.596187777555525,-3.6292157503061535,0.059484443921854535,0.1980315394189725
landmark,2,16,5,-4.460794441822625,-4.327607672437053,0.11390632464478576,0.29232204627304786
landmark,2,16,6,-4.039504688980611,-3.9408383816837627,-0.06984509891017453,0.018973402439589726
landmark,2,16,7,-2.4833904378939136,-2.5309626384556068,-0.09802589537662315,-0.0746661496313053
landmark,2,16,8,-4.144387080578888,-4.009233204096527,0.08538423041842663,0.1942075395911916
landmark,2,16,9,-6.549908642709224,-6.279691447636153,-0.35330737537563595,-0.24415665743893972
landmark,2,16,10,-2.2929115248601506,-2.298058352266813,-0.24194703914996546,-0.18839761928544815
landmark,2,16,11,-2.26120253338314,-2.386885866045287,-0.0015247525499042115,0.021162245535695692
landmark,2,17,0,-3.658894312863394,-3.795088033707303,-0.5500999896103803,-0.3618143878329974
landmark,2,17,1,-3.518355323733528,-3.4244809845520336,-0.6470438722395969,-0.6135032907720883
landmark,2,17,2,-3.1183763158981512,-2.937896087113474,0.3375366869515477,0.4528296400674047
landmark,2,17,3,-4.513605629580255,-4.584557469125727,0.1087907101315294,0.39478066883219437
landmark,2,17,4,-2.963014116968745,-2.9441366756889242,-0.01018607400616775,0.1262212997757513
landmark,2,17,5,-4.4365834497814705,-4.419884681714019,0.0405766984107162,0.1890266193217832
landmark,2,17,6,-3.487664938652024,-3.5258027120941318,-0.6036755928064691,-0.4304703617791409
landmark,2,17,7,-5.922292710999617,-5.71039109116041,-0.2184317257945009,-0.03075226047516985
landmark,2,17,8,-5.609962944034652,-5.523857644467127,-0.0944915165274068,0.2469725220073474
landmark,2,17,9,-2.4966679120303668,-2.351940158342653,-0.12443631742566914,0.02484053024810284
landmark,2,17,10,-5.182352356066531,-5.1737450588916,-0.2624395956749851,-0.04470843374287499
landmark,2,17,11,-2.686249020348948,-2.6847777229321097,-0.02081610298504899,0.16624492615638362
landmark,2,18,0,-2.3252512982568248,-2.355769677926381,-0.08584831541616764,-0.017426276309546785
landmark,2,18,1,-5.16867246985421,-5.3095258794218845,-1.3215757768965988,-1.0381508404546909
landmark,2,18,2,-5.0497695724311225,-5.103182433133924,-1.225610344921288,-1.025385564205924
landmark,2,18,3,-5.171413437586944,-5.258684532867626,-1.3033854139319547,-1.0016098625208947
landmark,2,18,4,-3.1889709276238967,-3.2302272129734426,-0.3770788830612346,-0.30016903033596054
landmark,2,18,5,-4.647759038213499,-4.715414355852526,-1.0904053147874775,-0.9500934947627738
landmark,2,18,6,-4.603344226598517,-4.665622276909974,-0.7846108768189659,-0.6579856357067175
landmark,2,18,7,-4.316047164060147,-4.494774909073208,-1.050391045811308,-0.8016115686255577
landmark,2,18,8,-5.074269524176267,-5.061172597721204,-1.1770992016190926,-1.0979032213938893
landmark,2,18,9,-1.4887704264821533,-1.5386995712396752,0.2530548820369108,0.24738644256371492
landmark,2,18,10,-4.575685677323973,-4.656463130393415,-1.047868291509837,-0.8522970143149391
landmark,2,18,11,-3.7174601062529486,-4.007999599240278,-0.5169884705352115,-0.4678858127536817
landmark,2,19,0,-1.8682756876322761,-1.9120720572709022,0.13272505939553736,0.10524815510573182
landmark,2,19,1,-5.211434964220238,-5.188032812650644,-0.301451798822424,-0.20865826129047674
landmark,2,19,2,-5.805691775341903,-5.136095051890872,-0.4674664548707945,-0.35067088049308653
landmark,2,19,3,-5.157562622466582,-5.152014948914186,-0.8788384238823842,-0.7655411034565963
landmark,2,19,4,-4.100274330144799,-3.961310991635321,0.23075154678753876,0.41459687458724626
landmark,2,19,5,-5.683473240210618,-5.494733904111919,-0.06975665941503711,-0.009924130609481845
landmark,2,19,6,-2.5898326241122853,-2.649451638359642,0.06744630284089768,0.11335139549448921
landmark,2,19,7,-3.9184257890125633,-3.810726616865931,-0.24229820204115338,-0.23683367619126608
landmark,2,19,8,-1.909813124561821,-1.8129112968023646,0.24308974416272214,0.23900884435784261
landmark,2,19,9,-4.242140454702131,-4.271395784363744,-0.14538883527020624,-0.14893755516308524
landmark,2,19,10,-4.317812447550072,-4.06161794041788,-0.642283706222854,-0.4737351185932073
landmark,2,19,11,-5.704067993018424,-5.628292481945322,-0.40149366411533915,-0.3535764162342191
landmark,2,20,0,-4.216387575734194,-4.235555363373229,-0.45487971559949564,-0.2984604371090434
landmark,2,20,1,-3.1006561393781453,-2.788720766795214,-0.49679827036679824,-0.7678298503996259
landmark,2,20,2,-4.420231663156019,-4.2172655393793494,-1.3438471480768048,-1.2276034271816494
landmark,2,20,3,-2.239678481057275,-2.0154233649945907,-0.5083272572851282,-0.49301474205757023
landmark,2,20,4,-3.5153347197401814,-3.795607533860839,0.01722147987971433,-0.05127844688932626
landmark,2,20,5,-4.662892853547862,-4.3072991883381855,-1.180764663283006,-1.1679207454344371
landmark,2,20,6,-2.8483012173695634,-2.8665891494608733,-0.2274205338193943,-0.17207161891522446
landmark,2,20,7,-8.598291456474412,-8.635862125808263,-1.9138799102924948,-2.7103321112081025
landmark,2,20,8,-4.801854862205455,-4.719093513460685,-0.10371590396396849,-0.16868419142371507
landmark,2,20,9,-3.3711041027767705,-3.227670915079153,-0.48764613985983324,-0.5136636387598449
landmark,2,20,10,-2.195120885713473,-2.3381170040397667,0.2604323077054589,0.3555122038299466
landmark,2,20,11,-5.301577418552646,-5.080493115137799,-0.3109406273514267,-0.4682411041103675
landmark,2,21,0,-5.15324705461824,-5.045778285318192,-0.9828506516684096,-0.8712368345787026
landmark,2,21,1,-4.376134194588258,-4.208462249960836,-0.044546938093478726,-0.016840060401350464
landmark,2,21,2,-3.005079115526655,-3.004474126757082,0.28211815932864015,0.30905128730103276
landmark,2,21,3,-2.297359191442635,-2.1609885389791246,-0.42404012581179806,-0.512528348324607
landmark,2,21,4,-3.1528227668605653,-3.1832628707962285,0.4080208863574209,0.40976594864366134
landmark,2,21,5,-1.8077616742746667,-1.8032922593865557,0.15181198456494563,0.14484375565955912
landmark,2,21,6,-3.3278691334318644,-3.3346376991563695,0.016579992776769213,0.0147547555936987
landmark,2,21,7,-4.140902230352161,-4.379432429033075,-0.22241058390021917,-0.09472877125425593
landmark,2,21,8,-7.820465827886146,-7.710507656709272,0.8645251249928881,0.9353341506267201
landmark,2,21,9,-3.1944230726575573,-3.431902367295873,-0.7179094470851212,-0.8997909128925086
landmark,2,21,10,-3.8508616486118576,-3.9274839344509904,-0.8940775538856924,-0.8822382085154888
landmark,2,21,11,-4.433862104054782,-4.239987481997949,-2.0285499649695997,-2.0032678554219996
landmark,2,22,0,-2.222741586714277,-2.244714909267238,-0.09691088616226941,-0.1034044377168627
landmark,2,22,1,-3.1470995875210837,-3.192642142068521,-0.2916318531421712,-0.28750299553451253
landmark,2,22,2,-3.1913100957699254,-3.146913744063824,0.11027188473227731,0.1912293375765096
landmark,2,22,3,-4.101171831775848,-4.019732652395494,-0.4422962405009832,-0.34592390482230956
landmark,2,22,4,-2.5725336798459217,-2.5167196642930056,-0.18263983839628686,-0.21139435250965308
landmark,2,22,5,-4.284545746435591,-4.153102602202195,-0.7080496489164843,-0.5726937466423672
landmark,2,22,6,-1.9233543915272906,-2.1716321323303935,0.2631003293533969,0.27657211071198207
landmark,2,22,7,-1.8926102263809874,-1.864864541248515,-0.31076311379758775,-0.21328961744645009
landmark,2,22,8,-5.025657223633478,-4.842640405192781,-0.7029287677733527,-0.43611882087945686
landmark,2,22,9,-0.9474652165933956,-1.0635595321920794,0.21961415119430633,0.22387619359227473
landmark,2,22,10,-3.30318252180343,-3.389167838917805,-0.31632184508675454,-0.19158039762257958
landmark,2,22,11,-2.9064422476663636,-2.926389077702517,-1.3243933963818526,-1.1018632349032338
landmark,2,23,0,-2.934112872262043,-2.973721106696526,0.1659295874730775,0.25637452676854905
landmark,2,23,1,-5.779793366761258,-5.375203981357404,-0.7716483875431299,-0.506052265075694
landmark,2,23,2,-0.22109106440306056,0.1334618724692568,0.2170564592552784,0.3406737074646099
landmark,2,23,3,-3.6984131667838818,-3.7466361395997754,-0.17625496667464996,-0.058085225421759104
landmark,2,23,4,-3.2379369728751164,-3.2019326364211853,-0.5899118617258838,-0.6291483471227243
landmark,2,23,5,-2.857525937026189,-2.9325210310809706,-0.0762388540850667,-0.02936410319201136
landmark,2,23,6,-2.162727598073972,-2.2501287822734164,0.036725332043869255,0.07557671818810624
landmark,2,23,7,-3.833970677021039,-3.608977760374865,-0.375379920642991,-0.3265108097011846
landmark,2,23,8,-2.7389530912477276,-2.65811688884963,-0.25773895637762556,-0.2553269476953367
landmark,2,23,9,-4.5783402502587025,-4.32682829509573,-0.604956687008228,-0.30170339777249233
landmark,2,23,10,-4.611244351103987,-3.6168074077951395,-0.09262418109151603,-0.3333042278090054
landmark,2,23,11,-4.490917065033382,-4.300167363068234,-0.2854542948259513,-0.20909557497374587
landmark,2,24,0,-4.9354693650787675,-4.738880012062018,-0.8856571235940194,-0.4670447612178833
landmark,2,24,1,-4.863673944829425,-4.51852462029716,-0.6380020968151574,-0.5031039298859203
landmark,2,24,2,-3.7350762462736267,-3.6883895488906013,-2.0594184177670734,-1.929860138119653
landmark,2,24,3,-1.2994560039927485,-1.289148679795915,0.17092099978420253,0.2485501588059465
landmark,2,24,4,-1.7294741562938596,-1.6717869362335271,0.24778336997054803,0.3195324829296952
landmark,2,24,5,-3.6242105109570697,-3.663653130303946,0.05985402481857729,0.10330223112674372
landmark,2,24,6,-4.570018138884238,-4.336997607980682,-0.9527446533466333,-0.5535230820956913
landmark,2,24,7,-5.616250913211054,-5.075446282392266,-1.0133261399132916,-0.8060579666637062
landmark,2,24,8,-3.831239705813074,-3.7147544429157175,-0.15111239792873515,-0.16958419284699913
landmark,2,24,9,-2.742342712679557,-2.6453193119754514,-0.20574783776726144,0.07509921677826054
landmark,2,24,10,-3.331262164839412,-3.4875280265734587,-0.05690368474798591,0.008301458354590955
landmark,2,24,11,-5.0388955690395365,-4.657698785291717,-0.9145626883593821,-0.5677060751071397
landmark,2,25,0,-2.8130525207641823,-2.6900436325158403,-0.1400106396561935,-0.19384643479807634
landmark,2,25,1,-4.335392453464006,-3.972537136242167,-0.5804173425185768,-0.5969142367461102
landmark,2,25,2,-4.074090864406899,-3.987751190904524,-0.4729731149616787,-0.5040247603284017
landmark,2,25,3,-3.4850157519675764,-3.3764388331377497,-0.47624425795310454,-0.31114160264846225
landmark,2,25,4,-2.7705788709993207,-2.8216518753452693,-0.3455563835626983,-0.30615035948797403
landmark,2,25,5,-1.50204388097678,-1.506833759141469,-0.14377707330847836,-0.13673898510163218
landmark,2,25,6,-3.4945082018242157,-3.40051829105103,-1.0984316583675287,-1.134765130838535
landmark,2,25,7,-1.4426479502671652,-0.9239318229214618,-1.8022451072535681,-1.7482544972807188
landmark,2,25,8,-3.140776831776631,-3.238492842114818,-0.7097429620217172,-0.6105011125700797
landmark,2,25,9,-2.643383286446235,-2.524395596080239,-1.270979473789602,-1.2591287464548726
landmark,2,25,10,-2.066879005779125,-2.0008826018795696,0.119954191797402,0.11663669094314716
landmark,2,25,11,-3.7693879874006875,-3.6237569130141796,-0.22974535251755862,-0.23419408998779404
landmark,2,26,0,-1.385878981623579,-1.3935963795969377,-0.11340500795108215,-0.016939135299218946
landmark,2,26,1,-3.383760656671152,-3.4857645133864392,-0.9509640006669376,-0.97495087609854
landmark,2,26,2,-5.0689178996236235,-4.88458308164362,-0.3775690604287149,-0.25077343660003426
landmark,2,26,3,-1.7693665081560435,-1.7071295998038885,0.027366968786512486,0.14931004899520037
landmark,2,26,4,-2.220186236106176,-2.145874465681658,-1.0801249534554154,-1.029195659372654
landmark,2,26,5,-3.226523000434892,-2.9473919039363996,-0.511426043608317,-0.2662921467619252
landmark,2,26,6,-3.9623640850995403,-3.819132976703186,-0.5944628050237584,-0.4327152450187346
landmark,2,26,7,-3.4935500314570618,-3.277644234601446,-0.6321175191994568,-0.4811800906521532
landmark,2,26,8,-5.34729863553529,-5.086154817912137,-0.9780595910708533,-0.9585653989211678
landmark,2,26,9,-3.7849791866141644,-3.657190093287736,-0.5732793794094202,-0.5182027263433848
landmark,2,26,10,-4.227235054522191,-4.116070165622476,-0.9093939331158154,-0.9235592426051596
landmark,2,26,11,-2.246432709359008,-2.3753086074004766,-0.14969179950416728,-0.11666393993519353
landmark,2,27,0,-2.9108883919541246,-2.8616547436551,-0.15258530103440476,0.07954473245342522
landmark,2,27,1,-3.587670188414221,-3.94450430559791,0.8204607141430897,0.8021725460687078
landmark,2,27,2,-6.824540186912007,-6.563420674688007,-0.7698691562202211,-0.6560217835456909
landmark,2,27,3,-5.667668120452284,-5.429082837596792,-0.05545073655486884,0.03471885882029234
landmark,2,27,4,-2.461515989274291,-2.1840033205401186,0.1106839811878977,0.22373321053170966
landmark,2,27,5,-2.340005853047247,-2.4310534287359626,-0.016448100853793966,0.09444383307931392
landmark,2,27,6,-4.246590871279373,-4.208886577490651,-1.6106441468386017,-1.5566420128100953
landmark,2,27,7,-1.5913228815039766,-1.6769347449690217,-0.831811366587191,-0.8023940341479807
landmark,2,27,8,-4.110170577517376,-4.327073463453618,-0.4183545672851017,-0.36496721282066674
landmark,2,27,9,-4.006541134777328,-3.912008171874359,-0.48443410250890484,-0.5071492659103882
landmark,2,27,10,-3.7830227601611157,-3.6807636798894037,-1.1994615700203655,-0.9316721188197629
landmark,2,27,11,-3.4066214330702906,-3.3691127872637665,-0.1751626660725965,-0.014153182528291106
landmark,2,28,0,-13.414537497510828,-13.432106564666576,2.307045779192446,2.297681487117012
landmark,2,28,1,-8.01025437224238,-8.000452408003065,0.28213764474275166,0.3642730827255041
landmark,2,28,2,-5.728251103125619,-5.682945625123054,-0.655471854120783,-0.45945916394482933
landmark,2,28,3,-3.787557755333982,-3.9734588667251436,-0.3310956396936449,-0.3137276943166202
landmark,2,28,4,-3.9534417074638664,-4.220576896802242,0.008420474883032094,0.04214001369835071
landmark,2,28,5,-3.82671409365155,-3.8643986681422313,-1.083539666673998,-1.0431760821206475
landmark,2,28,6,-3.408392034517373,-3.371590866015687,-0.8223651035172915,-0.8210765823391694
landmark,2,28,7,-1.223592873596172,-1.517066663062379,0.5606052338579258,0.55631986866198
landmark,2,28,8,-3.473631340943406,-3.4143204955747,-0.30750479883041754,-0.39403045977465856
landmark,2,28,9,-5.13821747015943,-5.238980641298926,-0.6940450484408883,-0.6334402324322728
landmark,2,28,10,-4.912763862515431,-5.09926562956226,-2.3883696689820053,-2.3277285097821245
landmark,2,28,11,-3.285078954109767,-3.3062576647262034,-0.13432629671159246,-0.13721921985405727
landmark,2,29,0,-8.640346289612431,-8.486573219724225,-1.5540902283851317,-1.6043342038418915
landmark,2,29,1,-2.9091658158218627,-2.87225912934394,0.18519496173712013,0.16972790116694458
landmark,2,29,2,-2.815906774501288,-2.716013609441413,-0.554727459269587,-0.5831228768941408
landmark,2,29,3,-6.128326228134667,-5.94841396876791,-0.31881685961097783,-0.1922205418132777
landmark,2,29,4,-4.981163742050765,-4.778661272797045,0.03931898445549306,0.07241234818057285
landmark,2,29,5,-3.5826077402653804,-3.5960052991130644,0.9254340559833598,0.941875363424441
landmark,2,29,6,-3.1331503780838816,-3.136161978622978,0.04269684364915369,0.09845093165449839
landmark,2,29,7,-3.4637808184451777,-3.3176503399517348,-0.4721142350456487,-0.4718904515221248
landmark,2,29,8,-5.024929049504473,-5.046663908598137,-0.3186483169787227,-0.16729506511825554
landmark,2,29,9,-7.934069789467551,-6.814206134597679,1.4698828474973233,2.0351654693292174
landmark,2,29,10,-2.307526037823165,-2.1444675870507655,-0.0627300450847672,-0.0187327737537124
landmark,2,29,11,-3.90285128550479,-3.9712990396259635,0.11467140371892921,-0.03443570197901411
landmark,3,0,0,-7.171019587433169,-6.994567774890644,-0.32120782167112133,-0.3321789409509003
landmark,3,0,1,-6.32573275518201,-6.305127895691924,0.6622124072844985,0.5815603003182486
landmark,3,0,2,-1.7156790466645397,-1.6137658777287653,0.4265271936263114,0.30285369775344156
landmark,3,0,3,-2.149821318211728,-2.0823200295594204,0.31861470774508693,0.27997986209361514
landmark,3,0,4,-4.149893122646433,-4.2157463700594615,-1.2900750602609283,-1.2781182586995679
landmark,3,0,5,-6.43380935863522,-6.4234099302403616,-1.9707050076270731,-1.7981252494178246
landmark,3,0,6,-3.785344398928649,-3.7718614437528064,-0.8594502078609404,-0.8117227863001305
landmark,3,0,7,-5.3645636709690985,-5.365792973832646,-0.569152603087454,-0.5898475381216057
landmark,3,0,8,-2.0824295584433616,-1.95346955220743,0.3581538086858503,0.34283388994521646
landmark,3,0,9,-0.5853380056511792,-0.5627980515007407,0.7149257060836238,0.6792523329737854
landmark,3,0,10,7.796837626902814,7.682838604826245,0.9714253549482562,1.0488172571357195
landmark,3,0,11,-4.28586215108858,-4.309696700268884,-1.170280915689406,-1.2083448482106207
landmark,3,1,0,-3.945803151083174,-3.8518614028818363,-0.4948764740182229,-0.5511516277923969
landmark,3,1,1,-5.98444875397098,-5.627479063005006,-2.9946967008053624,-2.478285731635601
landmark,3,1,2,-4.769281700181232,-4.776289631527748,-0.17423534088014994,-0.24114603539360846
landmark,3,1,3,-3.0282774476288234,-2.938672952768394,0.03610340472167954,-0.020809507695866328
landmark,3,1,4,-4.835287835297714,-4.783365701544393,0.7742374192899344,0.8213381979634503
landmark,3,1,5,-1.9568989726246657,-1.8162416780694661,0.3622338871915187,0.3701942306554607
landmark,3,1,6,-0.2716040183082368,-0.3323795715831191,0.47168567569265984,0.44195107789007043
landmark,3,1,7,-3.3166312365035644,-3.315375353042592,-0.3591283737496443,-0.21842289587965913
landmark,3,1,8,-6.836209544108287,-6.584399973815731,-2.381976663277678,-1.9837461316540002
landmark,3,1,9,-3.7908509351920205,-3.7558402298847646,0.39537600926941524,0.3902900564194517
landmark,3,1,10,-1.7165212659185995,-1.6789703599466776,0.429723002988817,0.46194162784403237
landmark,3,1,11,-3.1957626597709528,-3.260804109408998,-0.6154098995110076,-0.5885357221983858
landmark,3,2,0,-3.238737776215494,-3.2549094145874506,-0.3528938390672881,-0.18555304818842594
landmark,3,2,1,-3.249029029753347,-3.1344906691493244,-0.08456588143101301,0.034514725507635645
landmark,3,2,2,-3.851818071431868,-3.435890439988785,0.9571482193012959,1.101701477165732
landmark,3,2,3,-4.278507946089399,-4.176853377129288,-0.9774568071994043,-0.8994891240432645
landmark,3,2,4,-11.174115657650939,-11.105329205019595,-2.9544358527409207,-2.7103410610780774
landmark,3,2,5,-2.1686362110418744,-1.9707473425661044,1.3005749561132378,1.3457972267854152
landmark,3,2,6,-1.8125495153175952,-1.975421739096879,-0.24954697702861306,-0.14536185765624185
landmark,3,2,7,-1.8929038021226494,-1.7227963369031543,0.28897710189832154,0.3467960237520771
landmark,3,2,8,-2.4572654732713297,-2.307408753644216,-0.49436800536131326,-0.5013319853738071
landmark,3,2,9,-0.03529877513288548,0.07521836158861551,1.303848909607262,1.3528784699231222
landmark,3,2,10,-0.8394920591252294,-0.86780469480254,-0.6684242747308229,-0.6386964774668854
landmark,3,2,11,-2.765959310863462,-2.5550201197055857,0.03040979908139764,-0.05962565483520747
landmark,3,3,0,-4.145634158531576,-4.227469522726268,-1.916763587835077,-1.669310489645638
landmark,3,3,1,-3.6442016558133417,-3.6359625107787017,-0.02162843489867642,0.01229199095916699
landmark,3,3,2,-3.074941865982634,-3.0820194419304427,-1.1553684984249117,-1.0987875525881736
landmark,3,3,3,-1.5436113450007605,-1.682351151733476,0.10161054977334569,0.15847616150899052
landmark,3,3,4,-2.6152724487969237,-2.6927601775935663,-1.7648863690196683,-1.6679973026989818
landmark,3,3,5,-3.746294056347768,-3.8508219929251855,-0.05054153864925193,0.026130963117370745
landmark,3,3,6,-3.0477626410850873,-3.082172535329155,-0.19465876657222725,-0.22002009127162767
landmark,3,3,7,-0.9087227141397567,-1.0678227658418866,-0.30133846529878566,-0.1291229359139135
landmark,3,3,8,-3.533330262208066,-3.538659939903084,-0.24810985016743634,-0.2826625919632521
landmark,3,3,9,-2.9027597900806885,-2.825653902765779,-0.0778734378267668,-0.06782560659641157
landmark,3,3,10,-1.8432478133086567,-1.8626897968390592,0.379167977418456,0.42613740244180826
landmark,3,3,11,-3.087547356897403,-3.1413378079236387,-0.4897361502527087,-0.43544155064952544
landmark,3,4,0,-2.74299373100675,-2.516034089551478,-0.5366874162133589,-0.5262275402490455
landmark,3,4,1,-4.584282212421179,-4.483343102377731,-0.4238919896474948,-0.33816535330525344
landmark,3,4,2,-4.375870572884163,-4.1694152004676495,-0.6243682437873737,-0.2604800288496676
landmark,3,4,3,-4.055330325050307,-3.7775425601900388,1.1596751242614534,0.9748041616002998
landmark,3,4,4,-3.704036219102162,-3.6603070662415504,-0.8987491023119769,-0.6601671193001329
landmark,3,4,5,-1.9765791660481398,-1.8205692970710101,-0.19129737758565685,-0.4273426228552271
landmark,3,4,6,-2.6048060189974014,-2.598341733971511,0.536167892804325,0.5283771318165069
landmark,3,4,7,-3.2719461140037875,-3.2689955288013306,0.024492123497079125,-0.019135597567367088
landmark,3,4,8,-0.8987540348749906,-0.8388596830307383,0.19505313789403023,0.23004569375939385
landmark,3,4,9,-0.8850837373324256,-1.067062245857911,0.5113547369074491,0.5811523849050328
landmark,3,4,10,-2.9734692698421683,-2.9923623592008854,0.21582755495284092,0.29259382411636825
landmark,3,4,11,-3.043051321559932,-3.125104895612525,-0.13928234906170542,-0.10263557485829032
landmark,3,5,0,-5.845133596071347,-5.692998244798542,0.541056969800772,0.7316665673113364
landmark,3,5,1,-2.861713918447063,-2.679053214183563,-0.37172516636718345,-0.37211446981714114
landmark,3,5,2,-3.6011627357187694,-3.353778082706569,-1.572276729739794,-1.6293656195430064
landmark,3,5,3,-1.0721737430400686,-0.9209442998640051,0.28452676437845575,0.27686516452701865
landmark,3,5,4,-2.230767852750805,-2.183275814295893,-0.9632734075776637,-0.9850964119804935
landmark,3,5,5,-2.946462636112132,-2.813416014690566,0.6210945886284479,0.6734122716355525
landmark,3,5,6,-3.4671175383702586,-3.2540831047343435,-0.19982366497195694,-0.2881023953147285
landmark,3,5,7,-3.5934460534845134,-3.611481876900825,0.9702885115137312,1.0346332324909018
landmark,3,5,8,-1.70546597360208,-1.6286032423229149,0.05103102161227134,0.06997004105247215
landmark,3,5,9,-5.246546020301515,-5.197482645774507,-1.366954091558128,-1.4095832131068142
landmark,3,5,10,-3.5020813682931777,-3.5414873835250074,2.6180672656409256,2.6346010172149636
landmark,3,5,11,-2.9680926604952926,-2.8921902636304995,-0.49356561899455437,-0.4357552547167899
landmark,3,6,0,-2.703508201335065,-2.7257355510634897,0.10561374959799037,0.22124269932381938
landmark,3,6,1,-2.217436596168054,-2.198189124960195,0.16575596418871233,0.27229205663284695
landmark,3,6,2,-4.874498958802139,-4.786499030276551,-0.28562876008614274,-0.19289981852312096
landmark,3,6,3,-1.7392628015621785,-1.8199081857264028,-0.026842349068780105,0.08498192040773915
landmark,3,6,4,-3.4768187731335387,-3.5151321168150518,-0.5402412914791012,-0.32788469071990634
landmark,3,6,5,-0.9756133217253681,-1.0262028415691857,0.43522693303894494,0.5207149999301022
landmark,3,6,6,-1.1595725987518348,-1.1997651467958315,0.4132879381016664,0.45433485396839784
landmark,3,6,7,-2.4015677129093844,-2.5163039398065856,0.08403993084902416,0.1553576645720866
landmark,3,6,8,-2.6357187535671236,-2.7094037368965687,-0.036863522841638734,0.025820159116393647
landmark,3,6,9,-2.7887759549197124,-2.8251823182850964,0.09106284853236252,0.20677125837261745
landmark,3,6,10,-2.689829404753582,-2.7244862051783563,-0.2958067807710413,-0.19687711134566127
landmark,3,6,11,-1.677085821788201,-1.4843725758217727,0.0559916073695638,-0.06546253069001085
landmark,3,7,0,-3.8239952763430813,-3.9976990316220262,-0.5379930257920145,-0.42072348672961973
landmark,3,7,1,-5.51727114560054,-5.754336128492425,0.2558750123458741,0.3752237202479075
landmark,3,7,2,-2.602575600533054,-2.700995600313767,0.13010727705765474,0.05572400151657954
landmark,3,7,3,-3.507087244930984,-3.3761359163244014,-0.011521522135417437,-0.12380370856853368
landmark,3,7,4,-4.113856838104962,-4.096364261937576,-0.21845368403802648,-0.16334572536796615
landmark,3,7,5,-3.0404791829822595,-3.1715526547515007,-0.6100921557033111,-0.48062371475916066
landmark,3,7,6,-2.781986954062503,-2.834806398453839,0.20927894481278664,0.32283815666806387
landmark,3,7,7,-5.306178459118238,-5.444430318195605,0.11957052586996028,0.1732964963163168
landmark,3,7,8,-4.606813472545702,-4.595987709213323,-1.5765378837024686,-1.5680733733478238
landmark,3,7,9,-3.1807964803784103,-3.4055377411378474,-0.34334008590104903,-0.2699372386624527
landmark,3,7,10,-1.607535305896883,-1.6269058725489458,0.45867709815322605,0.47362932438506167
landmark,3,7,11,-3.6478729879195626,-3.7268765854492885,-0.05352694114084614,0.012168703203768009
landmark,3,8,0,-4.403538923773632,-4.3452698199873625,-0.27149869022675216,-0.2571124023340835
landmark,3,8,1,-5.995475256062291,-5.984427369592073,-0.12534094345357807,-0.021314079255353904
landmark,3,8,2,-1.7166185356671309,-1.6492132643862947,-0.26820161784083013,-0.27656610026625306
landmark,3,8,3,-2.842128371627794,-2.9758778860248127,0.37162667987155484,0.20098414081561553
landmark,3,8,4,-3.2716874765830064,-3.2461988650150553,0.26508622261539355,0.2904901443266444
landmark,3,8,5,-4.485952148898551,-4.367807277312683,-0.48233861410830275,-0.3304732028650726
landmark,3,8,6,0.720987442523874,0.7980399026917387,0.2551439897397742,0.14207107280388728
landmark,3,8,7,-4.384569423563989,-4.370690827787622,0.4970467722291892,0.4167289404486116
landmark,3,8,8,-4.494307894936217,-4.476066106339986,0.42525393743850726,0.5651294789102365
landmark,3,8,9,-2.334184027160063,-2.3030778940031476,0.4817631300839987,0.490924718616428
landmark,3,8,10,-3.7042418572299063,-3.7517994009250355,-0.01014112836651549,0.0764931299040425
landmark,3,8,11,-6.641235846666368,-6.640618442371679,-0.5972648235960034,-0.5421356547689804
landmark,3,9,0,-3.0026284416488633,-3.117918188569736,0.18861652651231955,0.35699910304511895
landmark,3,9,1,-1.5000112976942876,-1.527440742647876,-0.007452246192347094,-0.018600319006058037
landmark,3,9,2,-1.8413751767561877,-1.8420897104430247,0.37018442243541194,0.5645555187960138
landmark,3,9,3,-3.3971978122891158,-3.3861312893635573,-0.40361573014219315,-0.12032180418690708
landmark,3,9,4,-3.1228521617609135,-3.096349019223279,-0.37735218129944637,-0.33538313293159006
landmark,3,9,5,-1.8636862366174396,-1.8398885864253183,0.1826709381509084,0.23575819629264447
landmark,3,9,6,-3.4304469563735314,-3.401545193025225,-0.3434023056942747,-0.1043470508434997
landmark,3,9,7,-4.447580790028122,-4.404857715358847,0.28750487672546654,0.3872592862109891
landmark,3,9,8,-4.0526056776014565,-3.9865420532687943,-0.22071561991154331,-0.10932735764270857
landmark,3,9,9,-3.613023796751955,-3.783097362333729,-0.197163469630713,-0.17235448704295236
landmark,3,9,10,-3.3461743312582075,-3.3555621379778486,0.09212965692093285,0.3111123499279202
landmark,3,9,11,-1.808463509744182,-1.7342023730222074,0.08306927556439209,0.15988193091608016
landmark,3,10,0,-3.923788209908484,-3.816270661986017,-0.12691482157205444,-0.01901401538879146
landmark,3,10,1,-3.2950011291657653,-3.507074918299981,-0.8860509254895846,-0.7916022787847176
landmark,3,10,2,-3.1396329025378544,-3.0544407641624347,-0.34680669045153173,-0.30010973091145926
landmark,3,10,3,-3.1689352941016913,-3.1011250374413755,0.18073959107976303,0.304415775297453
landmark,3,10,4,-1.883708901847509,-1.92517750570941,-0.24255166948345835,-0.17011259316882002
landmark,3,10,5,-2.7308322788021933,-2.7687713647723187,-0.7364432381937782,-0.6484128751613597
landmark,3,10,6,-3.191864900971231,-2.9992150018229506,0.1310407667720379,0.30053504990082824
landmark,3,10,7,-1.6999537004121381,-1.6124980555245323,0.35317329285052634,0.43763920841712145
landmark,3,10,8,-1.7633735630616652,-1.6579483273906022,0.11993791597450337,0.19923441369764466
landmark,3,10,9,-2.9000998830777536,-2.7811268728944403,-0.2516561411230413,-0.08512217824180958
landmark,3,10,10,-3.949107919154553,-4.069707852091809,-0.8462430031214299,-0.7636793500216461
landmark,3,10,11,-3.972010609577064,-3.9488919110698846,-0.0038687805413666087,0.1406354149498416
landmark,3,11,0,-3.42276180930415,-3.475217762156444,-0.9182670430328151,-0.8015589339558832
landmark,3,11,1,-3.0773998287440363,-3.190447127879944,-0.4739633800711481,-0.3349457944953693
landmark,3,11,2,-2.6192535609767975,-2.5952350039118257,0.0750018918336517,0.07643680322116479
landmark,3,11,3,-4.04474255089045,-3.933379895556184,-0.16461299503000862,-0.05008540211096804
landmark,3,11,4,-3.477687631582898,-3.4236717695845456,-0.2677431951658729,-0.18262827825920985
landmark,3,11,5,-3.7705717811100494,-3.6508920720823,0.15816584770654557,0.2090430725241938
landmark,3,11,6,-3.1499114213407418,-3.2246527419804916,-0.6141736879860683,-0.43442451144864885
landmark,3,11,7,-2.9563926803999685,-3.037203206688749,-0.3484922122949515,-0.2857360108975621
landmark,3,11,8,-2.231670186477366,-2.1208555230208646,0.05758320654489813,0.08432102140364298
landmark,3,11,9,-3.988235124240805,-3.702091198972566,-0.09432529368551221,-0.0967572755687754
landmark,3,11,10,-1.3604897780932859,-1.3415041071594886,0.11530002205111625,0.14492804705201942
landmark,3,11,11,-2.0936529305568374,-2.066889660019345,-0.2887959776118319,-0.24198414194945148
landmark,3,12,0,-4.674370704044494,-4.701696740169754,-0.41074790041097786,-0.3992020592135063
landmark,3,12,1,-3.218941763363489,-3.20218574610147,-0.39651226551185603,-0.3644432274093614
landmark,3,12,2,-4.488720949293687,-4.344324394676308,-0.040590172672836045,-0.20940759274358833
landmark,3,12,3,-1.8827053848659296,-1.8402662580235865,0.05391056140145737,0.03792777546492941
landmark,3,12,4,-2.198412550238911,-2.1655351518221577,-0.14024376842077052,-0.12419964993201896
landmark,3,12,5,-1.6022193295170821,-1.5542382719724557,0.11211679162148858,0.09791638694752611
landmark,3,12,6,-5.490770358986405,-5.456700644400459,-0.15527840175474997,-0.11401537475212925
landmark,3,12,7,-5.214524173472016,-5.081392694793773,-0.03429601835072747,0.026135956975900154
landmark,3,12,8,-3.918051374035882,-3.9652816587364046,0.06089366458018075,0.06850016216793564
landmark,3,12,9,-4.989890720659257,-5.012246418831337,-0.6147103636743904,-0.5801708455802734
landmark,3,12,10,-3.5840386575749026,-3.2807136644781227,-0.2866149338594521,-0.2988304472591969
landmark,3,12,11,-3.8371166401382393,-3.8746985498400233,0.12568049239631496,0.08021613421152074
landmark,3,13,0,-2.595031469066442,-2.5897189887305747,-0.10172829065186523,-0.07867687498353973
landmark,3,13,1,-3.711885775167627,-3.7753239447216305,-0.5302167599627643,-0.4545904084208281
landmark,3,13,2,-2.5202154726181445,-2.340029989980457,-0.009096970135770096,0.029721296291701414
landmark,3,13,3,-1.9697976268202788,-1.8731256463677637,0.1287649211813597,0.11968088296269155
landmark,3,13,4,-1.907439446391458,-1.809777099305519,0.07833693580295333,0.06045656147514414
landmark,3,13,5,-3.038688798882943,-3.134147153299178,-0.7239113931003546,-0.7118426426392042
landmark,3,13,6,-2.2389926856030575,-2.1333065038270043,0.0438607246111196,0.03582410293181984
landmark,3,13,7,-3.044010588722688,-3.1679506430277162,-0.5465474650283846,-0.5485692892067595
landmark,3,13,8,-3.3271199595401026,-3.2217475758258307,0.2664446259807096,0.30950937755317787
landmark,3,13,9,-3.689342715366367,-3.684542211307751,-0.46952763708993756,-0.47652340889720457
landmark,3,13,10,-2.1752289005575483,-2.0761068676886536,-0.048928199715933485,-0.12697070005367722
landmark,3,13,11,-3.4362722908775587,-3.327336449900118,0.005447010682782219,0.03373938177561979
landmark,3,14,0,-4.135076385265439,-3.8810330048879993,0.20607488835086146,0.2513191608247485
landmark,3,14,1,-3.673892390007099,-3.6806824603340424,-0.5547234818618265,-0.5153425419698414
landmark,3,14,2,-2.933668515118788,-2.995084299856496,-0.4758944089905849,-0.4249143794970668
landmark,3,14,3,-4.800043143717904,-4.695153723690317,-0.32527996071472726,-0.1664002449521843
landmark,3,14,4,-4.3013953679476655,-4.020731499510661,0.26873050419870237,0.24853374971503123
landmark,3,14,5,-4.726719094596227,-4.615255070801656,-0.3901897736675429,-0.28182830684112375
landmark,3,14,6,-2.701680188039083,-2.660736913180148,0.08688614400402518,0.13922380018498598
landmark,3,14,7,-3.36437549585299,-3.3034414884780894,-0.15734513745779502,-0.08368680119744851
landmark,3,14,8,-4.773345756840164,-4.63081539340321,-0.2868060142136305,-0.20095049099178586
landmark,3,14,9,-2.0036960013762672,-1.936180804532939,0.08674480391983874,0.15551692990746538
landmark,3,14,10,-4.908308263227293,-4.7909760313932,-0.22635967283614378,-0.1419422796470692
landmark,3,14,11,-2.8724986658043257,-2.9089446767796887,-0.3012703230271382,-0.2651489561837803
landmark,3,15,0,-2.406081197198116,-2.4290485089252836,-0.05898441592336114,0.0006015434883705744
landmark,3,15,1,-2.8160192355841853,-2.945073041143567,-0.8192303655345281,-0.677179416976132
landmark,3,15,2,-2.9314152387106875,-3.1258360208728537,-0.9274328819181726,-0.8021155032976098
landmark,3,15,3,-2.261644716897159,-2.276919818473159,-0.11732817572188815,-0.09040981571856349
landmark,3,15,4,-3.292042351891146,-3.4306485297786793,-0.7726713823405714,-0.5592131642713907
landmark,3,15,5,-3.0725537768280766,-3.16462971514956,-0.23322806940008248,-0.13675921765624968
landmark,3,15,6,-2.0301043344129455,-2.1174656361640682,-0.02244337109720198,-0.0019413700139536121
landmark,3,15,7,-2.4678651366791398,-2.4975427495820512,-0.38918186936274446,-0.29463668520516795
landmark,3,15,8,-3.6741994772949074,-3.4522244309615195,0.10489124756938731,0.21139303659710235
landmark,3,15,9,-2.2718359059954305,-2.314578876297009,-0.15971260920776734,-0.08019408121413864
landmark,3,15,10,-2.689954717686651,-2.75577118822893,0.19271627836762675,0.2629198424732925
landmark,3,15,11,-3.721479092529855,-3.6320460607706173,0.18053054339603603,0.24901292819852094
landmark,3,16,0,-4.81532195683015,-4.877046516396546,-0.6620930503882705,-0.4299673040337524
landmark,3,16,1,-2.7202715168441896,-2.6814975078594894,-0.0443687171768736,0.015434690103455113
landmark,3,16,2,-5.704112809910178,-5.339635009048933,-0.23672933619006503,0.041549612959217906
landmark,3,16,3,-1.9870194215595705,-1.9731298175044232,0.11336897475500428,0.1678550973768193
landmark,3,16,4,-3.459491906542271,-3.5042184637527103,-0.020264863438289923,0.11708135664125521
landmark,3,16,5,-4.447358653996584,-4.326948987987678,0.07186318640682139,0.23694350806478204
landmark,3,16,6,-3.9191189464710994,-3.786609531967878,-0.03660097612831048,0.040515427020045645
landmark,3,16,7,-2.4145964182140083,-2.4526337789601986,-0.13582638490827553,-0.08795592778189959
landmark,3,16,8,-4.007977095820947,-3.8928360738043275,0.07543593911134652,0.1813865784851168
landmark,3,16,9,-6.33358704204258,-6.020363622034999,-0.2871692997365227,-0.1850970681235709
landmark,3,16,10,-2.3349515467446884,-2.3461451211373765,-0.31604528244294844,-0.24580173730318036
landmark,3,16,11,-2.108043091226831,-2.23426130057246,0.008382841469580082,0.008373369237908303
landmark,3,17,0,-3.669226862734888,-3.802604827919749,-0.6338676037389244,-0.4401159587529374
landmark,3,17,1,-3.5389092432328138,-3.3956230054099295,-0.6361606181583626,-0.6317377302085145
landmark,3,17,2,-3.0914780122297265,-2.9154274603602115,0.3170127646456009,0.4254155607842692
landmark,3,17,3,-4.181354722466605,-4.23657048911411,0.11043506255563351,0.40765808527225955
landmark,3,17,4,-2.9957491203457565,-2.9662322947242163,-0.05818593385833719,0.11166590036276
landmark,3,17,5,-4.158855077672489,-4.102916237458149,0.053846301560910956,0.1882737651532849
landmark,3,17,6,-3.4900399840774377,-3.530252730600471,-0.6875322387312115,-0.4894142836923056
landmark,3,17,7,-5.627575739151147,-5.404485717045849,-0.16563650455255535,0.003898993215770437
landmark,3,17,8,-4.864444772757688,-4.810124182216315,0.013904777264102452,0.3966864360559916
landmark,3,17,9,-2.679182224790184,-2.537082931574572,-0.2296127420262065,-0.07692329500661253
landmark,3,17,10,-5.00909402740018,-4.99527302427928,-0.34842052221843983,-0.12801346294919708
landmark,3,17,11,-2.7859670917166213,-2.7834550652706347,-0.09412501479602489,0.06062873934701108
landmark,3,18,0,-2.28985128310038,-2.3286169267493526,-0.12227256456285768,-0.03664345215879746
landmark,3,18,1,-5.090910893766952,-5.242424962563825,-1.3421657632542636,-1.1089922327501949
landmark,3,18,2,-5.064850817251436,-5.080343076607215,-1.2806008652322236,-1.0795216585332852
landmark,3,18,3,-5.109343881932207,-5.209761108345019,-1.3492715954563457,-1.0570613789853067
landmark,3,18,4,-3.22907036181976,-3.289340961109166,-0.4380562097143959,-0.3498397989529602
landmark,3,18,5,-4.624938922512812,-4.7087122755421555,-1.1623314080774938,-1.0550906887634661
landmark,3,18,6,-4.63971540181528,-4.70166724028051,-0.8886836574982975,-0.7164249511264064
landmark,3,18,7,-4.29975192609736,-4.506505358148936,-1.1079149378770605,-0.8544129861488967
landmark,3,18,8,-5.077943126202224,-5.08672563866006,-1.259662620165826,-1.1707176841578468
landmark,3,18,9,-1.3194293068657206,-1.36324784826896,0.2097385180684556,0.2433607581294924
landmark,3,18,10,-4.618276077781977,-4.711810684225166,-1.0932944833128853,-0.9158760775703851
landmark,3,18,11,-3.6560822614408433,-3.9781368017818175,-0.5248675171250666,-0.5107615846032848
landmark,3,19,0,-1.8161131790868643,-1.8585865091742626,0.09191114646363407,0.09698763644472103
landmark,3,19,1,-5.127761794695899,-5.0934652241903375,-0.36389012002467014,-0.2668417375173222
landmark,3,19,2,-5.502585958758669,-4.8578351821497066,-0.4751185691795371,-0.37800779696055764
landmark,3,19,3,-5.134767147450762,-5.1555378560271405,-0.9507069794377041,-0.8258566150758108
landmark,3,19,4,-4.015617347453293,-3.95378522240579,0.1370172279995791,0.37496820280531395
landmark,3,19,5,-5.2925894131390265,-5.119446749321951,-0.03585935911205983,0.049056524249517966
landmark,3,19,6,-2.5140219646488178,-2.5747322100384555,0.015883752460571443,0.052835783983694526
landmark,3,19,7,-3.7974663255118553,-3.69733887643025,-0.23385577846233097,-0.20893290677048212
landmark,3,19,8,-1.883945764146211,-1.8036145628729707,0.22397682313576847,0.22357774372175984
landmark,3,19,9,-4.099452368909449,-4.122917378046154,-0.1922071949962171,-0.18551159129970773
landmark,3,19,10,-4.372931988811176,-4.108988890921324,-0.6690774426393963,-0.5709963063981822
landmark,3,19,11,-5.597492475946498,-5.5002256308034845,-0.5286364826569844,-0.43742995726048955
landmark,3,20,0,-3.9970861771901744,-3.9923656390873923,-0.4562017650220475,-0.3033211899584641
landmark,3,20,1,-2.964089539610723,-2.698800549920451,-0.4727447132031079,-0.6559186259503519
landmark,3,20,2,-4.35719745750395,-4.285519232128404,-1.2809245768544222,-1.2574956042548604
landmark,3,20,3,-1.9614607324330746,-1.744249139417474,-0.371512247220439,-0.37981841933873556
landmark,3,20,4,-3.4740611723910004,-3.781140425995458,-0.027568839761359574,-0.14685329917336334
landmark,3,20,5,-4.514660963671232,-4.352051095002498,-1.0606000604489818,-1.2112941723150878
landmark,3,20,6,-2.7152033803273485,-2.755936568659886,-0.23379646864688536,-0.17092799733545325
landmark,3,20,7,-7.770528274634311,-7.8469684049276935,-2.1057244700239375,-2.7655097835733455
landmark,3,20,8,-4.4889979066002175,-4.399485854005426,-0.10874949952595314,-0.13085115355896756
landmark,3,20,9,-3.270865038434915,-3.103983162973632,-0.5319123285880296,-0.5519011760094298
landmark,3,20,10,-2.1567680995676257,-2.31401949016888,0.21485292512915144,0.29111724055717364
landmark,3,20,11,-4.9952169731636715,-4.724774405217354,-0.2402026029922526,-0.37545657568601565
landmark,3,21,0,-5.171006253325003,-5.075915852125232,-1.0080685333899968,-0.9661250500165869
landmark,3,21,1,-4.279717787232386,-4.110630993738028,-0.15443693944042905,-0.07971015935774906
landmark,3,21,2,-2.9291523254642935,-2.9260653656112514,0.2109892424427999,0.2407687387859743
landmark,3,21,3,-1.8736926459031389,-1.7885223293282602,-0.3142527664211523,-0.42257391474115263
landmark,3,21,4,-3.166352729434123,-3.2006905066853157,0.3367170855443765,0.36727608256406213
landmark,3,21,5,-1.6636257218734662,-1.6694286608026807,0.11822721577278739,0.10721548906896157
landmark,3,21,6,-3.2835945144704546,-3.2797656143340386,-0.0325814388584134,-0.024892478368984602
landmark,3,21,7,-3.8665464247698402,-4.0933447021483085,-0.229694565550558,-0.07565678770907999
landmark,3,21,8,-7.551772005393944,-7.436730443201185,0.8106014518470017,0.8983556882662689
landmark,3,21,9,-3.9152301680415977,-4.180027025197192,-0.7777943499123409,-0.8639675022088884
landmark,3,21,10,-3.566348320449096,-3.638398025634211,-0.7309739608167825,-0.6432077995948019
landmark,3,21,11,-4.500889627876251,-4.355543478100968,-1.9750646433907137,-1.9960733980433216
landmark,3,22,0,-2.24402657085736,-2.288431949759438,-0.21358586218037773,-0.21838935160524806
landmark,3,22,1,-3.2644620211151367,-3.310999546581661,-0.3512195178800678,-0.3582920003470694
landmark,3,22,2,-2.9662314732184334,-2.94070597604435,0.05079154614307695,0.13993470307843425
landmark,3,22,3,-4.06186923533572,-3.93121783651204,-0.5208506189586398,-0.4304084145259291
landmark,3,22,4,-2.6731058254098907,-2.6396698554354163,-0.29625713482465,-0.28630879280356625
landmark,3,22,5,-4.26249059127586,-4.129140977779862,-0.7813295445147991,-0.6675049124545698
landmark,3,22,6,-1.9945068063757827,-2.2549091825733805,0.1631425044174425,0.1930137546985946
landmark,3,22,7,-1.637120449802606,-1.642235153995107,-0.304229297467353,-0.23395897152514913
landmark,3,22,8,-4.964336017815225,-4.763164947320103,-0.7216593183637776,-0.4825506621202216
landmark,3,22,9,-0.980652457254262,-1.09257747461861,0.18021110146369576,0.1913411228479427
landmark,3,22,10,-3.173050097081125,-3.2905519026459102,-0.36317015220614685,-0.248356123325445
landmark,3,22,11,-2.810856867031632,-2.8309430232087998,-1.3513089978413637,-1.1521805438682864
landmark,3,23,0,-2.7608526845340413,-2.778567126378689,0.1089848895749388,0.17907616921159736
landmark,3,23,1,-5.602715132410375,-5.244924200293144,-0.6970312093207274,-0.4455349493818737
landmark,3,23,2,-0.30343734058670957,0.0135022883431356,0.14491252106978042,0.27034491978126807
landmark,3,23,3,-3.63540251090412,-3.678561472069268,-0.20900235844158718,-0.13828148186478553
landmark,3,23,4,-3.183125773442771,-3.1941054792503505,-0.6306384778856798,-0.6387703962989206
landmark,3,23,5,-2.8264883818007474,-2.918349631397859,-0.1469777152568429,-0.03966147489409903
landmark,3,23,6,-2.1484826957939926,-2.2516541834058654,0.0006843181967934545,0.03690562025401484
landmark,3,23,7,-3.7519839652812426,-3.5476965440598778,-0.43050501050078505,-0.39518282309370123
landmark,3,23,8,-2.6852661301468252,-2.6119257013824004,-0.3159135448636917,-0.288565922285905
landmark,3,23,9,-4.521826790658658,-4.27871218012616,-0.6013393357990705,-0.3066879976403857
landmark,3,23,10,-4.664185605256273,-3.646506276969712,-0.06787462772684226,-0.3116783998355409
landmark,3,23,11,-4.429924985363042,-4.246052457982285,-0.31849263345455725,-0.2775945992672621
landmark,3,24,0,-4.805551515232716,-4.5966110956578055,-0.9083945440470768,-0.4740905803068723
landmark,3,24,1,-4.782374348831743,-4.4218423107471185,-0.6637367629575215,-0.5609607751712152
landmark,3,24,2,-3.7032258752629503,-3.636024434915287,-2.0739391207979097,-1.9168800227764957
landmark,3,24,3,-1.4617959999914423,-1.4527994746579502,0.10886437315270613,0.1789151570595306
landmark,3,24,4,-1.7168770988005972,-1.659096408355176,0.18560315436997007,0.26500901749136463
landmark,3,24,5,-3.3477657415986033,-3.4134431060180046,0.03179989547825095,0.08948906760846391
landmark,3,24,6,-4.513972603139403,-4.308724074388848,-0.972965294082338,-0.555339456951218
landmark,3,24,7,-5.569845269800855,-5.050858297368553,-1.1042283677181244,-0.857446249099985
landmark,3,24,8,-3.691878613689706,-3.5873773686777355,-0.16573877717157517,-0.11948672165727743
landmark,3,24,9,-2.7911081686148065,-2.6928773356791873,-0.23275217892621466,0.05322970033146061
landmark,3,24,10,-3.3189532928486103,-3.4600864554752353,-0.11865025077741401,-0.04721763001379015
landmark,3,24,11,-4.963203928734621,-4.621938786705332,-1.013855014719288,-0.645170239658081
landmark,3,25,0,-2.7941341534796393,-2.671818812193491,-0.21548699399985838,-0.2566926814391228
landmark,3,25,1,-4.27006919688605,-3.890238105666588,-0.5938505310488965,-0.5856666282415568
landmark,3,25,2,-3.9820219144358506,-3.8961763484894725,-0.5093193035702241,-0.515624053089836
landmark,3,25,3,-3.4010036078025423,-3.2674052359751937,-0.45266226301974855,-0.27826680672385345
landmark,3,25,4,-2.6480744457117336,-2.697410722916892,-0.34486293731900625,-0.31392426566129294
landmark,3,25,5,-1.6988884986247756,-1.709841148637356,-0.2251288484322966,-0.20562084106013911
landmark,3,25,6,-3.294308102726123,-3.2068312256665776,-1.1418136178465046,-1.1655266219896017
landmark,3,25,7,-1.5496114268858714,-0.9427953862617668,-1.6650751367693755,-1.6487175460395243
landmark,3,25,8,-3.132603043701961,-3.234448878953214,-0.7204845286656142,-0.6368463915785098
landmark,3,25,9,-2.6358396632789005,-2.5241877661387346,-1.3085408915511088,-1.311558776251119
landmark,3,25,10,-2.0635057000831494,-1.9895401670715784,0.12534846333311112,0.12572806465610692
landmark,3,25,11,-3.601399491025479,-3.4562169104288283,-0.25215571875606324,-0.2359709039446051
landmark,3,26,0,-1.4461183073133508,-1.4530982746547612,-0.14683823324716586,-0.06216339540249806
landmark,3,26,1,-3.472487937271147,-3.556178360788582,-0.8608754422433663,-0.9316559714485617
landmark,3,26,2,-4.970565723756081,-4.784623029466117,-0.4905253457453582,-0.41947573680285144
landmark,3,26,3,-1.8619549704687646,-1.8109112017256221,0.008239919460433651,0.1255671788281205
landmark,3,26,4,-2.2241046409953276,-2.1355083829921013,-1.0681533377618604,-0.9885094700739328
landmark,3,26,5,-3.049224662591192,-2.7944781736633666,-0.4791014451824592,-0.23486434224948521
landmark,3,26,6,-4.049456516573281,-3.9186692785505475,-0.6592868774501038,-0.5071375389701914
landmark,3,26,7,-3.362221251818687,-3.1896564754089876,-0.6718120823539275,-0.517697886331814
landmark,3,26,8,-5.272530471471924,-5.015357822466692,-1.0251268133246227,-1.062644138645544
landmark,3,26,9,-3.7373404091251623,-3.6089809477631594,-0.6411411079406404,-0.5920085099871587
landmark,3,26,10,-4.522551490534681,-4.355620928476969,-1.0393501815831225,-1.1166176593283086
landmark,3,26,11,-2.1713351897599265,-2.3142893116187575,-0.1981820115471344,-0.16177929557698487
landmark,3,27,0,-3.2016050404630474,-3.12917624539937,-0.2341101839859231,0.013764511543074356
landmark,3,27,1,-3.5603327929783446,-3.9171840345630735,0.8190838879138451,0.8175359016765795
landmark,3,27,2,-6.709130888114924,-6.4260427909449795,-0.7720336965581179,-0.7249697989065282
landmark,3,27,3,-5.268970636627038,-5.040907348527257,0.03892154477310922,0.14483545023924624
landmark,3,27,4,-2.399337524866049,-2.134710240113416,0.09720330717689893,0.19922819361894478
landmark,3,27,5,-2.2455366654316062,-2.3406969570296736,-0.009036141657932548,0.09931830927886262
landmark,3,27,6,-4.328021143027644,-4.16175073474161,-1.6626518816493496,-1.575915444644927
landmark,3,27,7,-1.5607017277365927,-1.6443603434461869,-0.8123254452125148,-0.7714385935612749
landmark,3,27,8,-3.9126904383660808,-4.116788491965164,-0.4364176310720756,-0.3616503068633587
landmark,3,27,9,-3.7534612307976567,-3.6922599936496727,-0.41013031826974544,-0.4745082995649955
landmark,3,27,10,-3.7584735484478564,-3.702943894466875,-1.2246535479934846,-1.0286430665549169
landmark,3,27,11,-2.8788423694275633,-2.901226799685237,-0.11841919839836237,0.07604704122338465
landmark,3,28,0,-13.569986840583837,-13.66972319183982,2.242281421858035,2.3310532072617
landmark,3,28,1,-7.674403181350008,-7.6541571650835545,0.33557521161765,0.3658993852697353
landmark,3,28,2,-5.4895817521936605,-5.437956426897675,-0.6625787796799592,-0.41858189801387563
landmark,3,28,3,-3.9071702349407844,-4.078084785722722,-0.38940384887521096,-0.3663334525986277
landmark,3,28,4,-3.689391613881647,-3.940172545401499,0.047399801869275164,0.06786090755485534
landmark,3,28,5,-3.8816535308126165,-3.948037914017999,-1.077985884101117,-1.0290771341989198
landmark,3,28,6,-3.2579907826406536,-3.2424521960057806,-0.7177509024358996,-0.7236244673988409
landmark,3,28,7,-1.1419233466132115,-1.4222309309914312,0.5091665419764466,0.5068505952419252
landmark,3,28,8,-3.574977481416887,-3.489534115654123,-0.23842057483215054,-0.25400580693800123
landmark,3,28,9,-4.9788269475349045,-5.083850166417617,-0.7521618300843878,-0.7029371254593104
landmark,3,28,10,-4.6226248358241255,-4.739332008688384,-2.2962756740550847,-2.2146551226627595
landmark,3,28,11,-3.402409255111515,-3.461961938034595,-0.02235336326334558,-0.00805371927235464
landmark,3,29,0,-8.455880860464013,-8.448613262037554,-1.5702269580321524,-1.685541865714344
landmark,3,29,1,-2.8216748906229903,-2.760920210318913,0.11262579350498049,0.10741363651461358
landmark,3,29,2,-2.9811517105882714,-2.9701548700751768,-0.4388619321071923,-0.4701977764087283
landmark,3,29,3,-6.061327071428939,-5.873731677871864,-0.2847436438806178,-0.1582125686945729
landmark,3,29,4,-4.537741246641867,-4.3660951518766495,0.13725790848193287,0.16050322601666556
landmark,3,29,5,-3.3575123892657612,-3.3743091744773532,0.9232805334465383,0.9755082425859076
landmark,3,29,6,-3.288097958084594,-3.2916063340132915,-0.01196674947897313,0.06071559306700901
landmark,3,29,7,-3.6091528583976102,-3.4326364475534787,-0.42496259945012327,-0.41397944312735063
landmark,3,29,8,-5.160524029892486,-5.160083505630957,-0.4090649032272328,-0.2304621086611524
landmark,3,29,9,-8.08344071201688,-6.992868252338494,1.613052171148363,2.0636324668472694
landmark,3,29,10,-2.11815719349068,-1.9826176238295015,-0.07761343511204405,-0.0328921148539216
landmark,3,29,11,-3.6636921081498297,-3.739476530647814,0.14817757142587956,0.06992666296877434
retrieval,0,0,0,-4.62049188545963,-4.61354284786706,-0.6030146723824628,-0.676077783840108
retrieval,0,0,1,-5.447830332112598,-5.4140654776652655,0.3343073688299014,0.3369309733072568
retrieval,0,0,2,0.2075353632010777,0.21966016224733395,0.10316321011144876,0.12599666499017353
retrieval,0,0,3,-0.27690775894252057,-0.23180627722960687,-0.02655577097602239,0.053040692254280514
retrieval,0,0,4,-2.884863448221474,-2.877326476039119,-1.464719842857992,-1.4814186750590683
retrieval,0,0,5,-4.367943662391064,-4.271339237218672,-2.177337781043874,-2.1506521072100537
retrieval,0,0,6,-3.425736038031482,-3.426767432144348,-1.3336151214944945,-1.2824989329787613
retrieval,0,0,7,-4.6502078329030825,-4.7174316334842485,-1.2835730023829461,-1.3163445979147204
retrieval,0,0,8,-0.15878729688158236,-0.140893095638671,0.055118008548291166,0.05494962896945575
retrieval,0,0,9,1.7350651426495949,1.7906583043204718,0.6814759137393239,0.7068921832051471
retrieval,0,0,10,10.471902989327338,10.539745657725824,0.8305935965901693,0.8926293041589732
retrieval,0,0,11,-3.9023039859264377,-3.872491666596582,-1.5669574103488169,-1.5586333546047197
retrieval,0,1,0,-1.7572720385143805,-1.7862149875308206,-0.10527535261637924,-0.17332481219115503
retrieval,0,1,1,-5.039250624227051,-5.0174170143697205,-2.769828393602858,-2.658718432835422
retrieval,0,1,2,-2.3689125389914394,-2.39636654424436,-0.49312678508703517,-0.5881827105162696
retrieval,0,1,3,-1.5117096549032603,-1.4945562000919141,-0.16055947895702363,-0.19521544019068202
retrieval,0,1,4,-2.75408040722276,-3.0625019838937924,1.0397719888573655,1.053681307874117
retrieval,0,1,5,0.3378072619554957,0.3266337813821349,0.344130863857809,0.31842604549220344
retrieval,0,1,6,-0.3412469965232363,-0.42245440811110496,-0.42541707847778554,-0.4509805727943089
retrieval,0,1,7,-1.2720287070482459,-1.3024692034327334,0.41567663437043034,0.6050972446306467
retrieval,0,1,8,-2.64838264135509,-2.250241651778676,-2.030950088395229,-1.9110018003052474
retrieval,0,1,9,-4.363100245785613,-4.4238384082637205,-0.08515464441123946,-0.1004305342230752
retrieval,0,1,10,1.6707312177107345,1.7641226330147217,0.1966435759295571,0.27717572047892175
retrieval,0,1,11,-3.308342873720792,-3.160398889857634,-0.17614465701233673,-0.1002753080217004
retrieval,0,2,0,-0.7072013456109084,-0.8391333473805109,0.12701401866892031,0.08902704285730705
retrieval,0,2,1,-0.0696815893635472,-0.11421799746376292,0.2536236646397113,0.2408040182969212
retrieval,0,2,2,-2.6804448863879595,-2.465457972171386,1.0080779630806576,1.0248585872762124
retrieval,0,2,3,-1.907228350770124,-1.8594836909829302,-1.0887019649787208,-1.018143774718441
retrieval,0,2,4,-12.981940921616882,-12.750708374575737,-3.604944156621532,-3.695034964016525
retrieval,0,2,5,0.01344148443349528,0.008823317029220873,1.781571818905261,1.7904112074281455
retrieval,0,2,6,0.6574157682253,0.5366561494046248,0.11651448468975123,0.07459467554466873
retrieval,0,2,7,-0.5774996652192418,-0.5594366336881315,-0.31942286459468683,-0.33587222981175013
retrieval,0,2,8,-1.6994589166415166,-1.5308714863129058,-0.48959419334549203,-0.6592356542410915
retrieval,0,2,9,-0.13137372750590293,-0.04281525084502216,1.2937350585782397,1.3031303756302357
retrieval,0,2,10,-0.24824625562642375,-0.2801614215513337,-0.5470291304648821,-0.5376336889628881
retrieval,0,2,11,-0.19171981900367732,-0.11078220665143619,-0.03744130799889661,0.01964610246829943
retrieval,0,3,0,-5.598134994392383,-6.06539373172189,-2.3809869430025943,-2.0765269165578975
retrieval,0,3,1,-1.8716170813793667,-1.7909692400535342,-0.5356993830866871,-0.539267772426711
retrieval,0,3,2,-3.2892668649839347,-3.1758616864636804,-1.225100075424844,-1.2011624811123651
retrieval,0,3,3,0.38017836101231256,0.43061058435614524,0.2545068457539411,0.3128149938164911
retrieval,0,3,4,-1.6085742232069278,-1.4706213697865778,-2.196458404772427,-2.101667261701848
retrieval,0,3,5,-2.357096219094816,-2.4274614227557447,0.4755147325939279,0.44908075114291635
retrieval,0,3,6,-0.8507427648338882,-0.8742621803048783,0.13256195258864106,0.0910126780438634
retrieval,0,3,7,0.6076296292804549,0.49453109961273056,-0.545094913551769,-0.5250568763224487
retrieval,0,3,8,-1.238676982306608,-1.1767857298641338,-0.0970549150451551,-0.18593294776455657
retrieval,0,3,9,0.08721211852036527,-0.004068691240731829,0.2267248127369291,0.19998280586029024
retrieval,0,3,10,-0.32450062526518714,-0.4004299920469599,0.4354633928682817,0.407701979348959
retrieval,0,3,11,-1.5851800351644727,-1.638304360939876,-0.7097311863560285,-0.6796745648559052
retrieval,0,4,0,-1.8758658091627047,-1.7135949779820334,-0.8564768253023443,-0.7110933687029184
retrieval,0,4,1,-2.778524260824247,-2.812618262999083,0.32032303576423327,0.4180850075195209
retrieval,0,4,2,-2.58360624228289,-2.5377985120535462,-0.008151075436756328,0.13887172429415168
retrieval,0,4,3,-3.411324772037711,-3.124093489930781,0.7352247882677875,0.6511405916680026
retrieval,0,4,4,-1.8147077681140669,-1.9101697036660414,-0.7197237971375715,-0.7210153516484133
retrieval,0,4,5,-0.8543833140517382,-0.6445386151606399,-0.7589408608652104,-0.9042933435118046
retrieval,0,4,6,-1.305239375371029,-1.3282328330740756,0.1608115976447829,0.04946975286317509
retrieval,0,4,7,-1.2715400628503277,-1.3230503340101303,-0.007362231489959234,-0.09657042185085082
retrieval,0,4,8,1.1033905199272864,1.0515680737791009,0.3531978821793073,0.38192408955328855
retrieval,0,4,9,-0.2342134285355197,-0.2254873355838676,0.04110994193781374,0.14143494904010132
retrieval,0,4,10,-2.031661921046686,-2.1128656148826352,0.06696429448169361,0.15699270578606586
retrieval,0,4,11,-0.7679590031424479,-0.7911598312891904,0.05193676971571394,0.035480261395974114
retrieval,0,5,0,-6.263171269769022,-6.095104610884391,0.6071320707956638,0.7867196805584799
retrieval,0,5,1,-1.6794475385289147,-1.618413571303697,-0.6607822140339481,-0.757876980710332
retrieval,0,5,2,-1.3259809947740717,-1.3631502315624286,-1.5901928337343063,-1.7856886103297538
retrieval,0,5,3,0.4195988791951321,0.44566038799766594,0.0564048217475531,0.030211255655723752
retrieval,0,5,4,-1.0705882026893063,-1.1264425589717597,-1.7087552115962243,-1.7068516334850785
retrieval,0,5,5,-1.3848099134119725,-1.3799339527830936,0.803604953772571,0.7958557762765099
retrieval,0,5,6,-2.7565531031098693,-2.5379466976186316,-0.3517421884374856,-0.3988541816488212
retrieval,0,5,7,-2.8159337196423517,-2.857996943720163,1.2627265210246714,1.3325117464905962
retrieval,0,5,8,0.31294717773788644,0.2844556546506885,-0.15246739743378673,-0.17893022558706478
retrieval,0,5,9,-6.339898070414279,-6.326033528966483,-1.8588243372896804,-1.8839172719198956
retrieval,0,5,10,-1.013142449401391,-1.036457035770418,2.5146741822465004,2.5226705001220977
retrieval,0,5,11,-3.076953312886777,-3.039065166715901,-0.8370772293083137,-0.8156032757382339
retrieval,0,6,0,-0.9303799906179918,-0.996092248610765,-0.08039236074671659,-0.020251560556318823
retrieval,0,6,1,-0.9501098876260031,-0.9147848593030754,0.08118503465055872,0.0724353231858749
retrieval,0,6,2,-0.7412617855194616,-0.7402643992576831,-0.36937938869916703,-0.3898345588706772
retrieval,0,6,3,-0.10929941458625751,-0.14722952941943682,0.024648940238332473,0.03081465351234052
retrieval,0,6,4,-2.324134353761674,-2.209098897107188,-0.04122294416682734,0.07044747409897247
retrieval,0,6,5,-0.6191205903462972,-0.5303890599422676,0.15756612391997304,0.19483537112831484
retrieval,0,6,6,0.31991346863141973,0.33354155026870097,0.17101313125990028,0.15743420217293513
retrieval,0,6,7,0.3257165472139864,0.17110941932433485,0.20814568737800987,0.10085243533890392
retrieval,0,6,8,-0.6172782437543333,-0.6174799531657488,0.058483063856755696,0.0915957193918902
retrieval,0,6,9,-1.004893312737204,-1.023931131762559,0.08613041228280094,0.033177276207450486
retrieval,0,6,10,-0.9762482556692881,-0.9114495192537433,-0.32161307846696713,-0.3399608608726772
retrieval,0,6,11,1.4363756489210961,1.4280898901722197,-0.42045045351234883,-0.5704088799680038
retrieval,0,7,0,-2.452587909181568,-2.4828661157855074,-1.1143508742101553,-1.0917527552730752
retrieval,0,7,1,-3.8573279220764065,-4.073219788855245,0.2611449204104722,0.24478404053030003
retrieval,0,7,2,-0.5630507111726127,-0.5502903395143269,-0.01608774164779997,-0.06121425246214127
retrieval,0,7,3,-2.5258283853179706,-2.304754240743487,-0.8450893471765452,-0.9426188558784677
retrieval,0,7,4,-2.8730801762407836,-2.7837460484441787,-0.662133281404475,-0.5533239945449684
retrieval,0,7,5,-2.0270804230964714,-2.024574263256975,-0.3395288118555293,-0.32542627752302994
retrieval,0,7,6,-2.0400958955076,-2.173183645490504,0.13471398054209693,0.09412024798528236
retrieval,0,7,7,-5.826315300480644,-5.759193847293855,-0.42439226235149746,-0.42672459984674627
retrieval,0,7,8,-3.8177474138815,-3.821991226860156,-2.2043638324584602,-2.2366928317196044
retrieval,0,7,9,-2.2573472121380576,-2.279795475799784,-0.3471422591129597,-0.27478012198899004
retrieval,0,7,10,-0.39556653953018167,-0.3910233571085491,0.3706090573366115,0.3631794856072187
retrieval,0,7,11,-1.8023643102297875,-1.766790874004509,0.0857346158666651,0.08559931414223697
retrieval,0,8,0,-3.8085655318285276,-3.8181335881686653,-0.7675432665617198,-0.6640298272634951
retrieval,0,8,1,-6.182803969829357,-6.123444753226122,-0.6789168892610389,-0.5210571783912532
retrieval,0,8,2,-0.5814493196856162,-0.5899754034934704,-0.77450815368633,-0.751657754361613
retrieval,0,8,3,-2.551660634959829,-2.632118720671496,-0.3106623470040472,-0.41673780118894665
retrieval,0,8,4,-1.257304294316067,-1.4014975056692813,0.24346083480132094,0.2180183770353083
retrieval,0,8,5,-3.942309269111696,-3.8227420193658634,-1.0853716082250644,-0.9549029713285113
retrieval,0,8,6,1.707360106690521,1.7166237509086057,0.07402275079491066,0.07397952824416834
retrieval,0,8,7,-3.3655846933535236,-3.372108911601529,0.20744814110892557,0.12023500960623228
retrieval,0,8,8,-3.581691968119722,-3.6489180110059745,0.14337800394532743,0.25003893430265256
retrieval,0,8,9,-0.869159305236645,-0.9723460848531794,0.24954732109671576,0.2486078604539526
retrieval,0,8,10,-4.11372460764858,-4.071329351038886,-0.750202007226525,-0.6603851011735212
retrieval,0,8,11,-7.082532973144546,-7.190298905511349,-1.3027015096748056,-0.9982467393416619
retrieval,0,9,0,-2.0880754077446277,-2.2235846881253187,0.11985930797488138,0.13937989831559197
retrieval,0,9,1,-0.5668899819481238,-0.6632517913888917,-0.31846788037698653,-0.34935458604501873
retrieval,0,9,2,-1.2645634969468589,-1.283755249400236,0.42340020642801446,0.5109412278432576
retrieval,0,9,3,-0.9065562576146872,-0.8455012704145314,-0.05734451356084835,0.09584131680321255
retrieval,0,9,4,-2.443278717531875,-2.4363722569554502,-1.0414806046256475,-0.984997619905344
retrieval,0,9,5,-0.7473211963553208,-0.882583155040004,-0.06859736958604208,-0.12249679367236954
retrieval,0,9,6,-0.7704583818651723,-0.7805175603818011,0.017400154450938947,0.16815845184959025
retrieval,0,9,7,-3.7721534419960925,-3.6841173928594384,-0.05982155327228965,0.0002047793376358728
retrieval,0,9,8,-2.101410047700821,-2.146107728697472,-0.2770393985411562,-0.25024356033711403
retrieval,0,9,9,-2.9941634683756693,-3.0945455825059938,-0.3747810895783488,-0.3789761556356219
retrieval,0,9,10,-1.8500510198855944,-1.8519969500432216,-0.07468509868556382,-0.04503869198595728
retrieval,0,9,11,0.05859082741757866,-0.022700456264164375,0.03601260998268218,0.018405250043329848
retrieval,0,10,0,-3.3661905891593995,-3.3092493489700323,-0.232382149865847,-0.24838627430492163
retrieval,0,10,1,-0.8996454999688629,-0.940216090932981,-0.5012583207678646,-0.5154028738216074
retrieval,0,10,2,-1.0040658386537697,-1.0313236947278746,-0.16869692075244672,-0.19203910543187705
retrieval,0,10,3,-0.792894280508076,-0.9645663977325108,0.5637613896756887,0.6146028982993834
retrieval,0,10,4,-0.03881780970992059,-0.08589120534934876,-0.2225465263331704,-0.16716077614295402
retrieval,0,10,5,-0.730953784097102,-0.7149188464010424,-0.5827425391122939,-0.4815705340757612
retrieval,0,10,6,-0.6058322469949405,-0.6219138053638453,0.5483328142274737,0.5212019106971653
retrieval,0,10,7,0.01880501891310937,0.005570457578628801,0.452824385821787,0.45386727238906105
retrieval,0,10,8,0.3720037750741762,0.3062272385181186,0.11887154480025958,0.12813065950387276
retrieval,0,10,9,-0.5929342746097058,-0.5856383450329535,-0.3899071863698191,-0.39936331036825856
retrieval,0,10,10,-0.7949498480697597,-0.8918299895688979,-0.39180720136196895,-0.3327466245340465
retrieval,0,10,11,-2.4611364763001977,-2.4869022865664,0.002020562141489267,0.0623540853968021
retrieval,0,11,0,-1.7831019048669996,-1.8042617696706233,-0.8700667511943575,-0.8560356163390566
retrieval,0,11,1,-1.8652243859633721,-2.032678695123059,-0.33513945707537207,-0.17032743359565536
retrieval,0,11,2,-0.9596472979175116,-1.0140286661308695,0.17721900775648897,0.1391153600432784
retrieval,0,11,3,-2.447466604364232,-2.4951911022717193,-0.2839403052752519,-0.3389510742986222
retrieval,0,11,4,-1.937006034260296,-1.7856256023403614,-0.3338493278050199,-0.28461246711290483
retrieval,0,11,5,-2.0118750931425704,-1.9979591140203958,0.1302291447601319,0.1392388349298342
retrieval,0,11,6,-2.0165340712246245,-2.0484031954278596,-0.4469276928015866,-0.35964703736728443
retrieval,0,11,7,-2.3700346987186567,-2.459824986168861,-0.4176977802995196,-0.3482324800699864
retrieval,0,11,8,-0.23049266376376057,-0.1952750352153494,0.009336875583215016,-0.023037125358991314
retrieval,0,11,9,-2.0898563887784447,-2.3848697040366837,-0.5283875356637509,-0.7262198475527154
retrieval,0,11,10,0.18555378973888678,0.15568019462278454,0.013865277902398708,0.07156280695922268
retrieval,0,11,11,-0.3335343574766037,-0.3756001150091593,-0.16905736097436658,-0.1637370100669123
retrieval,0,12,0,-3.1759064767820284,-3.072864860988321,-0.2802213082288796,-0.1411278958109513
retrieval,0,12,1,-1.6328426598099914,-1.6457111702231373,-0.09802595690257933,-0.0901570659493249
retrieval,0,12,2,-2.9794230657189495,-2.9332657715519717,-0.011971707246286729,-0.2941661200853175
retrieval,0,12,3,-0.24107593724527332,-0.2699078259762576,-0.04452678223933267,-0.0018331728000129336
retrieval,0,12,4,-0.0819897886079103,-0.1462879678435242,-0.04208022908917776,-0.054585939159645755
retrieval,0,12,5,0.17189915618137952,0.09037484226947308,-0.02037687493583225,-0.04724089746559505
retrieval,0,12,6,-4.052979047148591,-4.053047094280523,0.037331078852479785,0.13157554346887798
retrieval,0,12,7,-4.659209023128626,-4.56412713826978,-0.07929142512703584,-0.025420350375557947
retrieval,0,12,8,-5.102390220858919,-5.179033001440064,-0.739647794833614,-0.9222451581685787
retrieval,0,12,9,-3.1640174081409516,-3.2411194333652946,-0.48935147716824556,-0.46982970909457067
retrieval,0,12,10,-1.3973444093584009,-1.337787294659537,-0.3579113093517687,-0.44033299171340934
retrieval,0,12,11,-2.4361550857489993,-2.5711089832527745,0.14560012479401313,0.14519800804939526
retrieval,0,13,0,-1.0031772794538696,-0.9665599879474157,-0.00040719395482742733,0.12990901356890006
retrieval,0,13,1,-1.4806332729780214,-1.544313866568186,-0.32248798381422455,-0.2889309064206917
retrieval,0,13,2,-0.9457984938670206,-1.0114934091518972,0.03317166231904634,0.057390258795204166
retrieval,0,13,3,-1.5255647576937774,-1.5178008537148264,-0.10299065627233821,-0.10439182441635676
retrieval,0,13,4,-1.1206159611594428,-1.1532934038940212,-0.08687360843356225,-0.09171016645985813
retrieval,0,13,5,-2.031540459170353,-2.0200629162123604,-0.8238205572796844,-0.7195669506693724
retrieval,0,13,6,-1.1623746218973694,-1.1247809130917832,-0.16874467127794543,-0.13270233030033168
retrieval,0,13,7,-1.9154970704259628,-2.0531004919788196,-0.5616240325021178,-0.5486809942945184
retrieval,0,13,8,-1.6647469079354906,-1.789582526382973,0.21876817250827751,0.30127865156446426
retrieval,0,13,9,-2.75613756920391,-2.71880313945136,-0.3805299773462816,-0.331889367709585
retrieval,0,13,10,-0.7125343098008895,-0.8172749380200209,-0.20428390848856595,-0.2204648871721204
retrieval,0,13,11,-2.418164327512407,-2.4428430088943904,-0.38897900899989474,-0.3133833359396798
retrieval,0,14,0,-2.6777193827252304,-2.6525500469141337,0.24188997138036658,0.19036009123503558
retrieval,0,14,1,-1.6125685212275265,-1.6554003447611514,-0.2926155194639698,-0.2714565747717978
retrieval,0,14,2,-0.8161336086798784,-0.8714538666088506,-0.3028486045195387,-0.2691209540028193
retrieval,0,14,3,-3.8298511080179405,-3.893300913445568,-0.3671454889126422,-0.33046291519234405
retrieval,0,14,4,-2.7234167320202562,-2.7917644192009337,0.0344475615310478,-0.17803959971787384
retrieval,0,14,5,-3.293688950928246,-3.3237571839587137,-0.5487159429923272,-0.4690261076701782
retrieval,0,14,6,-0.7581800739732835,-0.8045401115879259,-0.014463140894473456,0.011064977916201094
retrieval,0,14,7,-1.5761227725244407,-1.60135145205055,-0.00336638236687741,0.007975402341042498
retrieval,0,14,8,-3.2690221351289686,-3.2176275409791164,-0.44652009875895865,-0.4326066620505498
retrieval,0,14,9,-0.41768789054804917,-0.44512298742427575,-0.00893228631072623,0.015462799272087314
retrieval,0,14,10,-3.158672676189982,-3.1748857684064853,-0.3323907317674476,-0.22647232383385976
retrieval,0,14,11,-0.8116969927375616,-0.880217054089778,-0.2595423515279642,-0.21478847119600258
retrieval,0,15,0,-0.9562891095863323,-0.9987964504708459,-0.20026696049269238,-0.14800096641284158
retrieval,0,15,1,-1.6161647709599098,-1.59708930297228,-0.8466093304640523,-0.6643515441445031
retrieval,0,15,2,-0.9844814886440724,-0.9435686863101291,-0.7992847115074256,-0.6711381939455574
retrieval,0,15,3,-0.3647903058302959,-0.4378901365641612,-0.058084258670098865,-0.0727452268882862
retrieval,0,15,4,-2.118257531537495,-2.0762777994018977,-0.766437652489641,-0.6183444512584735
retrieval,0,15,5,-1.3658230843949708,-1.4831478083260927,-0.2301760504844495,-0.16932031372747175
retrieval,0,15,6,-0.43523251485039177,-0.4545860285070711,-0.21654767429882427,-0.18681785995442834
retrieval,0,15,7,-0.32852997104471054,-0.35448145395510405,-0.32010779383511007,-0.2712775725589445
retrieval,0,15,8,-1.2247859925231819,-1.2072980641079403,0.029722544893560267,0.011641430491526475
retrieval,0,15,9,-0.7597126890368157,-0.6603319507733677,-0.19491731592839018,-0.06244399981542435
retrieval,0,15,10,-0.6988025342094831,-0.8044206170850616,0.1088034678119487,0.2035058630860692
retrieval,0,15,11,-1.9127053368094202,-1.8501621981243863,0.14076005303020303,0.1277480916079054
retrieval,0,16,0,-2.3496195152572583,-2.336280930527632,-0.32083300262744857,-0.17269976833588757
retrieval,0,16,1,-0.3492622535355075,-0.4023030461292867,-0.1471664673838931,-0.1232149189025682
retrieval,0,16,2,-4.136047521859322,-4.019648419024546,-0.0931539639840544,0.07402379284919311
retrieval,0,16,3,-0.4009823583628945,-0.3985402973872381,-0.15509052681430127,-0.12847416095802972
retrieval,0,16,4,-2.0258038083544547,-2.1394787160409834,-0.2946905261220947,-0.18902600220785043
retrieval,0,16,5,-2.4955821440947195,-2.426034320084569,0.21548611791516697,0.2909513559169442
retrieval,0,16,6,-2.65571646833665,-2.67558622188138,-0.3735398756926634,-0.41665140544034457
retrieval,0,16,7,-0.8935354410847195,-0.9899948842734344,-0.28729289563400584,-0.2505518871106119
retrieval,0,16,8,-2.9028067932151003,-2.960036608819936,0.04376009633847991,0.001219923422255004
retrieval,0,16,9,-4.847894361975442,-4.641714122940017,-0.5631101634977089,-0.41384530621747406
retrieval,0,16,10,-0.44575571851948675,-0.464885993333548,-0.31086714192398485,-0.27379562003329466
retrieval,0,16,11,-1.1219683778926388,-1.2922889259454153,-0.21485955119664704,-0.16958314010491793
retrieval,0,17,0,-1.4579097948501285,-1.6238002046534143,-0.6239415934644735,-0.4730765120212693
retrieval,0,17,1,-2.1290550758481745,-2.041358607988234,-0.9819550001600763,-1.0056730688164444
retrieval,0,17,2,-1.1990932307868802,-1.2292737343703517,0.19851253052824314,0.10710415915853905
retrieval,0,17,3,-3.9075908651356954,-4.071361799600202,-0.04263296501304035,0.10962882484977612
retrieval,0,17,4,-1.3660997276262654,-1.4045075822684845,-0.17641474683512243,-0.16682683247972904
retrieval,0,17,5,-3.5538510383883786,-3.6419374967344975,-0.08574214680994884,-0.06833689480542074
retrieval,0,17,6,-1.5411834684162489,-1.5527755028457264,-0.6000112797732345,-0.4616136886325529
retrieval,0,17,7,-5.140030417686638,-4.9972739029496225,-0.4623147015084279,-0.29632372551164965
retrieval,0,17,8,-6.10142556966687,-6.054003898583873,-0.5419597671519168,-0.3600178488812426
retrieval,0,17,9,-0.31514925556115386,-0.2922221894152393,0.033053135473682466,0.039799741131495286
retrieval,0,17,10,-3.9820460661809505,-4.000370575645072,-0.21020756429984702,-0.0010388637128745
retrieval,0,17,11,-1.1217872628167798,-1.2208508060189343,0.014127870844246387,0.0606513189826067
retrieval,0,18,0,-0.47506623163041134,-0.4541632883203816,-0.23495564973511807,-0.23066666466895167
retrieval,0,18,1,-2.479100379978926,-2.459552480271041,-1.3528986157324112,-1.0783456381806193
retrieval,0,18,2,-2.821279661174787,-2.6327936405872747,-1.1757037623985669,-1.0246525018836425
retrieval,0,18,3,-2.831088962284122,-2.7695723679480984,-1.3094344377199088,-1.0829928962696724
retrieval,0,18,4,-1.2106693741413401,-1.1148055429744657,-0.4180229271879919,-0.2858107686725211
retrieval,0,18,5,-2.3967322851965505,-2.3598573447433933,-1.0164305110928649,-0.8892931581297754
retrieval,0,18,6,-2.4952339331185702,-2.4084200320017133,-0.6724025157628408,-0.7002777917785394
retrieval,0,18,7,-1.8472427463542307,-1.943643694524762,-1.083335324462762,-0.9149216390133986
retrieval,0,18,8,-2.9365974231897423,-2.7863034799985424,-1.1213488890468115,-1.04564724940225
retrieval,0,18,9,-0.5335967457427894,-0.5214358755097349,-0.07733558656614217,-0.06040723796367169
retrieval,0,18,10,-2.0026515712553175,-2.002765132338644,-0.950117467454434,-0.7622680600864067
retrieval,0,18,11,-1.8077491820511404,-1.8840585159097032,-0.5247137095152441,-0.547123775854812
retrieval,0,19,0,-0.2974624827831657,-0.44639800523875645,-0.13656562409478784,-0.09367693313055493
retrieval,0,19,1,-3.0437471609766207,-3.08366616683367,-0.36050197906229486,-0.2797795858203679
retrieval,0,19,2,-4.331026510341784,-4.244371275731173,-0.8210904459806967,-0.9254580833905881
retrieval,0,19,3,-2.9993888947868794,-3.0194962409411192,-0.9542422193571228,-0.7728298913558215
retrieval,0,19,4,-1.9116201237596382,-1.7813392768306493,0.4329520814312456,0.4924788620843575
retrieval,0,19,5,-4.521977286506179,-4.511104677583249,-0.4731537648639257,-0.45996757357069135
retrieval,0,19,6,-1.4490027557615852,-1.5680139449965893,-0.24934047049507949,-0.1441245161552898
retrieval,0,19,7,-2.2484797360834485,-2.2287635655162057,-0.4961445596350934,-0.4769384269787194
retrieval,0,19,8,-0.49979680127535037,-0.4604085843364812,0.06628739194907732,0.09240738405907083
retrieval,0,19,9,-2.5825652060594377,-2.5644650380134912,-0.4510752389421925,-0.3440366075035964
retrieval,0,19,10,-2.0156254393143103,-1.9859073170904165,-0.5392701584682468,-0.4543370467034054
retrieval,0,19,11,-3.413000491309138,-3.395231867070155,-0.29563347586800615,-0.2519017297104192
retrieval,0,20,0,-2.6061753624679276,-2.538033928234849,-0.6894499530672843,-0.5399514313419593
retrieval,0,20,1,-1.5501040733998421,-1.4061484821384864,-0.6953755806689916,-0.8352487892914388
retrieval,0,20,2,-2.8461456657447077,-2.8415546771924642,-1.5881928516182744,-1.4939480561860186
retrieval,0,20,3,-2.0482121022450053,-2.0426057906684325,-1.1385700308321918,-1.3221555235619205
retrieval,0,20,4,-1.0638887683940956,-1.2748107407861855,-0.17727625402495248,-0.12191624158662306
retrieval,0,20,5,-4.240437787068516,-4.283277280184881,-1.62914300995446,-1.9903467123693845
retrieval,0,20,6,-1.1237799369923385,-1.1168674417427786,-0.4008871653053172,-0.35033099767291154
retrieval,0,20,7,-7.946048600885855,-7.968435721426911,-2.304863645530244,-2.849712439057353
retrieval,0,20,8,-3.5927160189831007,-3.5780202866291333,-0.3344549321580453,-0.3310582802062138
retrieval,0,20,9,-1.918798148723995,-1.8446971445305758,-0.717777534489353,-0.7275725521291669
retrieval,0,20,10,-0.6223085152109377,-0.6449202604831976,0.011481425911696654,0.11485652140365236
retrieval,0,20,11,-4.768600367929291,-4.702385143985437,-0.8157719457526889,-1.1225111550484823
retrieval,0,21,0,-3.5673462232865365,-3.3994533086275265,-1.1498284034052662,-1.1499279811574392
retrieval,0,21,1,-3.0116854679224048,-2.8489340632136204,-0.3095167710891157,-0.22053779589150938
retrieval,0,21,2,-1.604438423737449,-1.5059735387070772,-0.030084787219656975,0.12365217331207108
retrieval,0,21,3,-1.9714226907360144,-1.7788730334767429,-0.9075668758398188,-0.9348317904891331
retrieval,0,21,4,-1.5996721873202613,-1.5094608827196183,0.09726576516029145,0.05410532000402961
retrieval,0,21,5,-0.8923823837121002,-0.9020622536591634,-0.15340443974815435,-0.16712610910777306
retrieval,0,21,6,-1.8722581762066481,-1.811042868027293,-0.3038282864103967,-0.3168894973383868
retrieval,0,21,7,-2.9077733451226124,-3.008646740972145,-0.4655402659242075,-0.48429129631361234
retrieval,0,21,8,-7.521719392582264,-7.4545685744635035,0.6003509657749122,0.6469625078704697
retrieval,0,21,9,-0.03760252395606676,-0.2775800614706779,-0.8508850229556628,-0.9601161353591372
retrieval,0,21,10,-3.5574425026618517,-3.565796649644384,-1.5110087715380078,-1.434218762139708
retrieval,0,21,11,-3.5249212430626446,-3.4012656800685206,-2.54508348410726,-2.46884624943854
retrieval,0,22,0,-0.9780164219476873,-0.993087539976397,-0.13896736101180743,-0.1336989823803927
retrieval,0,22,1,-1.8329909282588999,-1.7330179294410364,-0.39337316828111873,-0.3503851656952389
retrieval,0,22,2,-2.3652711301863203,-2.3301857757766764,-0.08996299225029498,0.02457963089610357
retrieval,0,22,3,-2.8286862273839777,-2.7731744060723327,-0.5352968122155874,-0.42135809297444626
retrieval,0,22,4,-1.4597951632309056,-1.338972755665906,-0.3606741882405465,-0.3143795772247963
retrieval,0,22,5,-2.7564000581563364,-2.737691784749538,-0.7579290460523075,-0.5834357386074189
retrieval,0,22,6,-0.7027992075347552,-0.8580288606469271,0.08429846389837799,0.042582896728731716
retrieval,0,22,7,-1.1420622501339293,-1.1101394490743648,-0.4555947718970572,-0.4006446774901577
retrieval,0,22,8,-3.661616423894719,-3.6699318204689355,-0.8925401622804066,-0.6975998856730302
retrieval,0,22,9,-0.11978737554221693,-0.11064920089339701,-0.05567114750013375,-0.008917754090368204
retrieval,0,22,10,-2.159782761010814,-2.3084287473312464,-0.4962357034591101,-0.4440103257955975
retrieval,0,22,11,-2.007769431611036,-2.0568044053041423,-1.44713014768274,-1.3109482523154774
retrieval,0,23,0,-2.111737654542759,-2.11270718499815,-0.04442689077758215,0.015692718969776205
retrieval,0,23,1,-4.557632993001955,-4.456244855873611,-1.274494254029668,-1.2328477236474604
retrieval,0,23,2,1.4355185856248776,1.5460498949594577,-0.045676946032579734,0.07074538844302368
retrieval,0,23,3,-2.291081262249699,-2.442913146380888,-0.5573571163578785,-0.41445338205895893
retrieval,0,23,4,-1.8231414042578737,-1.8340406944138614,-0.65365583444195,-0.5813725222616096
retrieval,0,23,5,-1.871177171653768,-2.034971348061377,-0.39664391732449633,-0.388272842361734
retrieval,0,23,6,-1.0118414327738496,-1.116297967968952,-0.14259359019439866,-0.09134110888211897
retrieval,0,23,7,-2.551061853114678,-2.4045091587757295,-0.661081228149044,-0.703190108815479
retrieval,0,23,8,-1.7058672821509904,-1.7156211075203351,-0.37833115876876705,-0.36610655326602104
retrieval,0,23,9,-2.9372449375664575,-2.915978060494771,-1.0749615920948596,-0.654195145495118
retrieval,0,23,10,-4.283444312606183,-4.3375707742780145,-0.8502971516792234,-1.7910031897315282
retrieval,0,23,11,-2.736920461646602,-2.772727486946468,-0.5401413546982015,-0.5834099203128883
retrieval,0,24,0,-3.0018171783950276,-2.9489133876054017,-0.8726702510167713,-0.5663312015501025
retrieval,0,24,1,-3.2118931624973137,-3.0434199341767343,-0.666268963969773,-0.5354484476404512
retrieval,0,24,2,-2.8209981312365406,-2.862157923416945,-2.1046494025105655,-2.183077108883796
retrieval,0,24,3,-0.26232337472828476,-0.35623162941869885,-0.11892867459231393,-0.053116256975696455
retrieval,0,24,4,-0.9336876307594641,-0.961579381272891,-0.031473388894421576,-0.004836847478362324
retrieval,0,24,5,-3.03693769021014,-3.095676135307994,-0.18738009617934978,-0.15241024970935413
retrieval,0,24,6,-2.910684059297111,-2.7158648052323966,-1.0657480898947898,-0.6457961645847569
retrieval,0,24,7,-3.7702803429628347,-3.4414981063630408,-0.9075768680641545,-0.7605077502528037
retrieval,0,24,8,-2.5506706349088564,-2.4982397068995463,-0.4148020310096617,-0.4381388797671685
retrieval,0,24,9,-1.8078826355208346,-1.6992903904803118,-0.5291531376133025,-0.2780350837378434
retrieval,0,24,10,-1.9629352249841225,-2.1642592941037084,-0.31928773015339174,-0.2754842458457064
retrieval,0,24,11,-3.44470530060995,-3.2130231055513434,-0.9079432438732022,-0.6509493609132628
retrieval,0,25,0,-1.7724642056042497,-1.704307619882887,-0.24603276101815466,-0.22866761160482843
retrieval,0,25,1,-3.090881105710384,-2.779984741481828,-0.6449474198447295,-0.646926775147756
retrieval,0,25,2,-2.599038882657745,-2.5916742353434254,-0.5281036087503476,-0.48692400841632905
retrieval,0,25,3,-2.5705016728617935,-2.4828216875263887,-0.6662747529507103,-0.4957933601343901
retrieval,0,25,4,-1.9057015571608387,-1.9588418363910494,-0.478104653358053,-0.4420188519043427
retrieval,0,25,5,-0.42114612217027,-0.4475359213470951,-0.27960567243247564,-0.19288662216691874
retrieval,0,25,6,-2.7483682364412445,-2.778603339697176,-1.010420846377739,-1.0688242885156976
retrieval,0,25,7,-1.663486662639195,-1.732812655969844,-2.2811721277645507,-2.3246300758464593
retrieval,0,25,8,-1.731926200112768,-1.833455039290044,-0.7825278841812757,-0.6524224593347933
retrieval,0,25,9,-1.3108824745160115,-1.3705921115112318,-1.3368005871054092,-1.2723652177129738
retrieval,0,25,10,-1.1036636232072432,-1.0942777258136713,-0.19456724744477769,-0.1527292922652837
retrieval,0,25,11,-2.6264549146558953,-2.5409932373377484,-0.3632138531510735,-0.27949465265009804
retrieval,0,26,0,-0.7915893743813771,-0.7562220134068304,-0.36340961404083877,-0.27281810502121884
retrieval,0,26,1,-2.2793796680567753,-2.463006717596055,-1.4308876667609935,-1.490434447620665
retrieval,0,26,2,-3.507105777623463,-3.3410796654723423,-0.40054756474286535,-0.24487063853547186
retrieval,0,26,3,-0.34156177992823666,-0.2835320808733876,-0.15506873871824856,-0.07428116424941328
retrieval,0,26,4,-1.6582513676871826,-1.5984459279094778,-1.4813389357454776,-1.450439456595444
retrieval,0,26,5,-2.1103954507877396,-1.9072766555802447,-0.9075078500785848,-0.7033886407717418
retrieval,0,26,6,-2.41251900690334,-2.26174462189292,-0.8378246812438791,-0.5779211813307229
retrieval,0,26,7,-2.3535405277026284,-2.2594751903013974,-0.9144996086235736,-0.8730424384656192
retrieval,0,26,8,-3.740752958196199,-3.3786408792907103,-1.053592505850391,-0.74851841549169
retrieval,0,26,9,-2.5535667682755396,-2.3541445014350546,-0.6526680436256048,-0.46352681534696094
retrieval,0,26,10,-3.0592966363103495,-2.9399304689024963,-1.3503433790278445,-1.3065445992239988
retrieval,0,26,11,-1.1686319611789948,-1.2672384878287992,-0.20233658722390288,-0.128450891349991
retrieval,0,27,0,-0.10252369757338231,-0.10210287323682136,-0.10387630970850935,-0.0438228698775058
retrieval,0,27,1,-1.5540054782804462,-1.5765816159600459,0.6423114050737888,0.625616653777117
retrieval,0,27,2,-4.051585612571353,-3.787060398418408,-0.7783231139622412,-0.6280946262992089
retrieval,0,27,3,-3.643633121528729,-3.5540017515448987,-0.15995461639067743,-0.20558684032595512
retrieval,0,27,4,-0.6984635966713943,-0.5504926032100422,-0.0051964196879485175,0.07942015888560125
retrieval,0,27,5,-0.4108659655680597,-0.45579707509544704,-0.04980435035226171,0.009430678522241153
retrieval,0,27,6,-2.9296013529357574,-2.8500218158292436,-2.0405071975082656,-1.9833571456173664
retrieval,0,27,7,-0.5043960174192637,-0.5006000097159445,-0.9690886914726388,-0.9753529142464564
retrieval,0,27,8,-2.357504728843273,-2.4147455186018933,-0.34776944058639436,-0.3100344721279538
retrieval,0,27,9,-3.256868724017707,-3.1838740196162494,-0.7295228099562256,-0.7543479808810681
retrieval,0,27,10,-1.2278127092805,-1.0713926243546317,-1.1541742577281169,-1.0119746304495665
retrieval,0,27,11,-2.9357601252920005,-2.90326457684916,-0.6307774883268928,-0.41566633186595997
retrieval,0,28,0,-11.480285321202926,-11.42903841530282,2.2300195633295345,2.3961025676726493
retrieval,0,28,1,-7.4889866162090435,-7.531362300440889,0.36712455870822436,0.44066443630216146
retrieval,0,28,2,-4.385225180933433,-4.315713318839364,-0.3053943676097542,-0.14767886346856274
retrieval,0,28,3,-1.4862874888977897,-1.4623261912598107,-0.15581344692975752,-0.04778409304584072
retrieval,0,28,4,-2.5725852970351473,-2.6126406060217504,-0.10316615186632452,0.01016510614752308
retrieval,0,28,5,-2.0890757602038854,-2.034677863072653,-1.1332780896083128,-1.0901101983755352
retrieval,0,28,6,-2.234100622232963,-2.2886978433373275,-1.1984613361896566,-1.334611533834313
retrieval,0,28,7,0.30022567191690286,0.2156807794490659,0.6016685106304055,0.6513058853452889
retrieval,0,28,8,-1.1445897727749765,-1.094932097370965,-0.42096050830227183,-0.5733136373037561
retrieval,0,28,9,-2.2886413089103805,-2.2955189225831507,-0.48861632596893034,-0.5172322223657598
retrieval,0,28,10,-3.587774948022656,-3.7420537127928886,-2.5296983419255645,-2.5667066992837966
retrieval,0,28,11,-1.407985828858018,-1.3541627431037908,-0.42928547233604913,-0.575278535676156
retrieval,0,29,0,-7.1626196369978175,-7.6702751117471335,-1.912113730954678,-1.9750384060682096
retrieval,0,29,1,-1.5057644157970638,-1.4691963272543933,0.16242979834777374,0.17352310030486098
retrieval,0,29,2,-0.05907415459516121,-0.16339205141036345,-0.5404720052083759,-0.5370405080786139
retrieval,0,29,3,-3.2966014719681027,-3.145985341509391,-0.45832573179077063,-0.362320499226232
retrieval,0,29,4,-3.6901164796029824,-3.6334340575320763,-0.020511043382626593,-0.019940160729703622
retrieval,0,29,5,-2.9183339199656486,-3.156237808073461,0.36096608281018616,0.36015932125670475
retrieval,0,29,6,-1.4647636705330134,-1.5049370435749605,0.0694865339726525,0.12473222175398066
retrieval,0,29,7,0.19717421112122288,0.1747730864234692,-0.43543579233985424,-0.5127008777580733
retrieval,0,29,8,-2.33160738380749,-2.464013593596928,-0.03183110381605416,0.024092150119238324
retrieval,0,29,9,-1.6133145807076275,-1.9827143872289115,3.200113312770618,3.2766775906058445
retrieval,0,29,10,-0.28367622201800313,-0.20330990024434217,0.08409467432085012,0.0467471406990349
retrieval,0,29,11,-3.4091946355598477,-3.700315644057237,-0.5852052067929064,-0.6745524631662956
retrieval,1,0,0,-4.708858028096573,-4.704745177328347,-0.6275460357826667,-0.7045371068509589
retrieval,1,0,1,-5.623980506704993,-5.590792606824601,0.40617797747807993,0.3910459259956066
retrieval,1,0,2,0.20213425780736852,0.2084546678257669,0.11529782080783305,0.1178784602449805
retrieval,1,0,3,-0.26062224371437875,-0.21162812280388335,-0.017919931306358106,0.050996680121760944
retrieval,1,0,4,-2.8796034695758497,-2.893967575426626,-1.5235773281688139,-1.571503299917835
retrieval,1,0,5,-4.820232110423487,-4.83554368837439,-2.2027228398518583,-2.229908281686155
retrieval,1,0,6,-3.2191092752064474,-3.223007615613341,-1.3597434927890246,-1.3391807960428195
retrieval,1,0,7,-4.377980320465458,-4.436125749336721,-1.1949507031045978,-1.2328488417927488
retrieval,1,0,8,-0.1469497061295934,-0.13348200227907597,0.07285447744853951,0.04959227008816335
retrieval,1,0,9,1.7616029154756807,1.8246271118448112,0.712371051166768,0.729589298404959
retrieval,1,0,10,10.85797293498208,10.921051277660672,0.8769288123170619,0.9375098743046362
retrieval,1,0,11,-3.6419874576419797,-3.6163055845634777,-1.5791889954920453,-1.5767519093899132
retrieval,1,1,0,-2.2491007164595787,-2.2665164456539304,-0.21951972976704767,-0.2874387111920903
retrieval,1,1,1,-4.699213266386288,-4.487923389934163,-2.778495158936609,-2.5783496335131817
retrieval,1,1,2,-3.083304758353522,-3.157152388743888,-0.48407686353490953,-0.5541794821993671
retrieval,1,1,3,-1.7576243667217295,-1.7612346399868164,-0.11519864890174084,-0.18001693566285804
retrieval,1,1,4,-3.2398566121030083,-3.468414244690282,0.9350010694786881,0.9071949995606691
retrieval,1,1,5,0.27724423482082,0.28789634703584915,0.3284150466690811,0.304449673287428
retrieval,1,1,6,-0.1600176194280176,-0.234549842267088,-0.25815566127345424,-0.27735128976245155
retrieval,1,1,7,-1.5852496200250599,-1.5968109588981492,0.2100297818748845,0.33941721107426376
retrieval,1,1,8,-2.7738954302578755,-2.467913489304815,-2.0704893373722277,-2.0004933290199935
retrieval,1,1,9,-3.8975667155545266,-3.9850901759931507,-0.0453763348176996,-0.05317614946769955
retrieval,1,1,10,0.9130448763712878,0.9859707573965282,0.1240275039734706,0.211030871842778
retrieval,1,1,11,-3.1370497683614036,-2.997312810452984,-0.3282897900270487,-0.25078848611112026
retrieval,1,2,0,-0.7618763279088006,-0.8279134063670409,-0.046809880939599674,-0.023171305126429682
retrieval,1,2,1,-0.8011196813308366,-0.8387503440551117,0.12613133089589654,0.11656988858954104
retrieval,1,2,2,-2.5820587904386647,-2.3661212263993314,1.0423357891082152,1.0764895580101186
retrieval,1,2,3,-2.88668482571792,-2.8774181631050175,-1.109211132002706,-1.1009797103883818
retrieval,1,2,4,-12.562000748286737,-12.367511334976193,-3.642533329219053,-3.442105380060594
retrieval,1,2,5,-0.09590302390394471,-0.10678096862685267,1.6471080112943972,1.6287670436491557
retrieval,1,2,6,0.5905996937318491,0.43411621945223006,-0.09004374418448316,-0.13138023580866673
retrieval,1,2,7,-0.7603847853351722,-0.6286160133775743,0.09379271326729757,0.05865247904086093
retrieval,1,2,8,-1.876983729535177,-1.7895550958971513,-0.30894576555306763,-0.48948281868430843
retrieval,1,2,9,0.19691432934216893,0.31036195599318483,1.1705511978708232,1.2013110534334386
retrieval,1,2,10,-0.07977857421320962,-0.13284371347525917,-0.6278205209872757,-0.6503907606524801
retrieval,1,2,11,-0.8547707316695741,-0.7940923955153765,0.01780369413211199,0.03721845064342053
retrieval,1,3,0,-4.011235321920762,-4.483355727223929,-2.300890336450653,-2.2273597839529633
retrieval,1,3,1,-2.4412489787060445,-2.326574548692833,-0.45490292307619934,-0.4910342502506802
retrieval,1,3,2,-2.878636872846814,-2.807677112586267,-1.138350627731388,-1.1149620010163277
retrieval,1,3,3,0.28467916213032923,0.2967720562049343,0.20021802715037323,0.2156767689000411
retrieval,1,3,4,-1.2464716722063354,-1.2378923935165804,-1.9601725540614308,-1.9261719858349604
retrieval,1,3,5,-2.5755218693468227,-2.601544489335616,0.21187662009428893,0.17500567145040205
retrieval,1,3,6,-1.479124733867488,-1.4792477758525262,-0.05336519760506102,-0.10986312138105504
retrieval,1,3,7,0.6010232444293339,0.5173477357320554,-0.2811401576015911,-0.11630353663770224
retrieval,1,3,8,-1.7052310651087403,-1.6953396840096844,-0.2870584218159799,-0.3460301737043559
retrieval,1,3,9,-0.3911356661978583,-0.43701987906980144,0.03637095703245571,0.007603944326065767
retrieval,1,3,10,-0.4285564006538358,-0.47471721366437064,0.3210543829473766,0.2881247325697139
retrieval,1,3,11,-1.8649520511464637,-1.9001017761985703,-0.7990883875697302,-0.7883098384120679
retrieval,1,4,0,-2.1137800567108935,-1.9540632559102,-0.8270978550059714,-0.7966662680477093
retrieval,1,4,1,-2.835035833657798,-2.8265459053176785,0.03445359132237611,0.15561482197359022
retrieval,1,4,2,-3.168768344043109,-3.0595784111680078,-0.44074691557068385,-0.22797569457471503
retrieval,1,4,3,-3.717258266417892,-3.447324174789911,0.8259071335714531,0.7237888857114517
retrieval,1,4,4,-2.2756845425484147,-2.3728245768899767,-0.9218610280469558,-0.8771610431961858
retrieval,1,4,5,-1.1388910706558149,-1.0059223989919799,-0.6728805848147068,-0.9198551765625624
retrieval,1,4,6,-1.6705469486792506,-1.7043518171806082,0.22576490321401801,0.09826836099672366
retrieval,1,4,7,-1.8080040635834385,-1.7960940746732748,-0.14020573029650288,-0.2210322823568224
retrieval,1,4,8,0.8650143857880058,0.8038351498402109,0.2255457827383768,0.2305722788133711
retrieval,1,4,9,0.12831898280886175,0.06567929451274367,0.16648410129603167,0.19968486505266564
retrieval,1,4,10,-2.2269712617777264,-2.3363305384296,-0.03998900557129497,0.04350014631204729
retrieval,1,4,11,-1.282928016456961,-1.2825872601160329,-0.16011849714731421,-0.17836686785147224
retrieval,1,5,0,-5.592374924177069,-5.477822497409618,0.5590960834339149,0.7258232606440319
retrieval,1,5,1,-2.1923804479717353,-2.1192011413692433,-0.7375766581571831,-0.6439639177559671
retrieval,1,5,2,-1.6571878374324645,-1.7243341544174176,-1.5033068683726498,-1.7130128695229692
retrieval,1,5,3,0.5262863993958652,0.5614457155679728,0.055817055660908825,0.02341469691884767
retrieval,1,5,4,-1.1909276010069674,-1.2632252197842075,-1.4437043778620091,-1.4750249984661064
retrieval,1,5,5,-1.4210768511154728,-1.4063743489759297,0.6933747330004081,0.6599251203937602
retrieval,1,5,6,-3.1966984725705845,-3.0045036243499745,-0.36614321007909,-0.45218101562690155
retrieval,1,5,7,-2.5191901648873913,-2.577286378876222,1.1223110258336528,1.212931140202258
retrieval,1,5,8,0.08521320007408778,0.04864363063987245,-0.18801782629672661,-0.1974658063640982
retrieval,1,5,9,-5.814566586067724,-5.777237153484703,-1.927324584670727,-1.9459327976772034
retrieval,1,5,10,-1.44859451933672,-1.5161017357603326,2.451472899176404,2.4537000678838616
retrieval,1,5,11,-2.654596428004783,-2.6496507068417587,-0.7228808220785513,-0.7092472465346366
retrieval,1,6,0,-0.9474156215980649,-0.9502296686290413,-0.08408266389386793,0.006639533560351636
retrieval,1,6,1,-0.9830232278145515,-0.9545726763237071,0.04675773512801106,0.03996022803705306
retrieval,1,6,2,-1.7301393814519956,-1.6691589379704272,-0.4722177690413828,-0.4807392638669916
retrieval,1,6,3,-0.302858783504429,-0.2991460778059056,-0.04657259448053327,-0.01133186982711466
retrieval,1,6,4,-2.146054083176352,-2.0587120664128027,-0.30823413050715504,-0.18343864115077
retrieval,1,6,5,-0.4144234458036898,-0.3730123759354571,0.1838805899170093,0.216042628712006
retrieval,1,6,6,0.2308411489341622,0.23101224874482296,0.14858735330364994,0.1446815894396342
retrieval,1,6,7,-0.011589710087098066,-0.15176425881000574,0.09741178092850472,0.03356491596578752
retrieval,1,6,8,-0.8660248404382899,-0.8642743194272153,-0.061572567070958754,-0.04967427192888272
retrieval,1,6,9,-1.2396162404764326,-1.2353679823723667,0.0003859113236281894,-0.0012047552968215338
retrieval,1,6,10,-1.294037282816834,-1.2270866758561725,-0.39202255517837703,-0.4113075760559478
retrieval,1,6,11,0.4053121781037447,0.4464719569788668,-0.18929488999704022,-0.4393253070456981
retrieval,1,7,0,-2.508286204626829,-2.6722042836937785,-0.9614989791551312,-0.9285248933096526
retrieval,1,7,1,-3.9797544074811673,-4.1993960874197365,0.09969276454075214,0.09785330679862811
retrieval,1,7,2,-0.9329252148171626,-0.9052283202921648,-0.07195154350129404,-0.15858080234941724
retrieval,1,7,3,-2.727457715647534,-2.3476425330003137,-0.5786368544205689,-0.7073824048401047
retrieval,1,7,4,-2.722707107961158,-2.669206038260953,-0.5354244238644901,-0.45714700290438137
retrieval,1,7,5,-1.690729008904099,-1.7050385063061524,-0.5834662887698234,-0.5250756816479535
retrieval,1,7,6,-2.1090384418277472,-2.2522120137371577,-0.0027871249572401927,0.01222269758400621
retrieval,1,7,7,-5.200389803142834,-5.247295666644874,-0.2668179973070831,-0.3208408223704585
retrieval,1,7,8,-3.770717259444817,-3.7942681057391003,-2.1216780158878366,-2.2159050722707905
retrieval,1,7,9,-2.140588746360404,-2.187878230853007,-0.4791165169425459,-0.42210613040256534
retrieval,1,7,10,-0.23799921818340722,-0.2309282787309305,0.29945251361212827,0.2889800466388577
retrieval,1,7,11,-1.8678091802892922,-1.8496781949595844,-0.05993771791710122,-0.040825493541331456
retrieval,1,8,0,-4.053575356565812,-4.06403367964179,-0.6305348092860398,-0.588719880041541
retrieval,1,8,1,-5.940916315134164,-5.9035495918517595,-0.5175839682717258,-0.3952318155781882
retrieval,1,8,2,-0.8049554347065547,-0.7581674724279005,-0.7063136607022491,-0.7041253209748961
retrieval,1,8,3,-2.3662611633189745,-2.465368788203367,0.01461818038543964,-0.017506959239668232
retrieval,1,8,4,-1.892904551722583,-1.9500329658945648,0.08527600124445592,-0.017057329039813288
retrieval,1,8,5,-3.9543039203411023,-3.7835315897198982,-0.9656947169396896,-0.913826769131057
retrieval,1,8,6,1.661474285425698,1.6841479435868065,-0.018336551541100227,-0.007023115523934408
retrieval,1,8,7,-3.4053233192259764,-3.4340870830184635,0.23345138924515937,0.14674286652041302
retrieval,1,8,8,-3.59727852449755,-3.6847192662995014,0.13769217970086284,0.2217082755566037
retrieval,1,8,9,-1.1430615554629127,-1.1881194122047039,0.21249319782125828,0.20894203377637116
retrieval,1,8,10,-4.0447946713412,-3.998110624284014,-0.5229289489607529,-0.4418976664291547
retrieval,1,8,11,-6.772989640669203,-6.8725984464782455,-1.0921967391356915,-0.9880225793943902
retrieval,1,9,0,-1.7022703398040655,-1.87902914586853,0.14736841797788613,0.13009217051834937
retrieval,1,9,1,-0.7332109208281609,-0.76220354378174,-0.30902269657324405,-0.3449855527920563
retrieval,1,9,2,-1.07500576927708,-1.130544901886199,0.29360236528087424,0.37971467141885473
retrieval,1,9,3,-1.4907663402693705,-1.429649422435286,-0.39263183211761554,-0.23944330587847423
retrieval,1,9,4,-2.2488937985119466,-2.2491858167308934,-0.7765367096210782,-0.7920460719099282
retrieval,1,9,5,-0.7277793047795015,-0.82951943189532,-0.054185050837175036,-0.09137117970551488
retrieval,1,9,6,-1.4563994944184866,-1.3970562880611623,-0.24140654079400917,-0.1304725446404693
retrieval,1,9,7,-3.483954728228292,-3.452562893399513,0.042079443672267965,0.09489917557958504
retrieval,1,9,8,-2.517322295056165,-2.47416902986355,-0.2549042406909344,-0.24037571189387183
retrieval,1,9,9,-2.8387140862590727,-2.9670171505328553,-0.39669932353553344,-0.4040035537470708
retrieval,1,9,10,-1.6716595131193819,-1.6661656364265518,-0.08453131974825397,-0.05581270865721874
retrieval,1,9,11,-0.22323512955379501,-0.24481034755358164,-0.0653407574332147,-0.10547212787855036
retrieval,1,10,0,-2.848808392164956,-2.800403886141257,-0.1567027704585056,-0.203061523307306
retrieval,1,10,1,-1.2515073322270924,-1.3116638402785064,-0.7707777894690995,-0.8091379300000774
retrieval,1,10,2,-1.2886998421671536,-1.2801579459007242,-0.28106752498290577,-0.2767720684513611
retrieval,1,10,3,-1.1437090756070176,-1.2308950054110213,0.37577309687742216,0.4726974600481191
retrieval,1,10,4,-0.0705673449734745,-0.12583933346722107,-0.31703202782559436,-0.2697635549740172
retrieval,1,10,5,-0.8876414506843383,-0.8544718569585195,-0.7447736271902065,-0.685513831097709
retrieval,1,10,6,-0.9262905184371378,-0.8640142401782086,0.3929040604404784,0.41808759389982786
retrieval,1,10,7,-0.09665345766695559,-0.09271645752309371,0.37815906776996544,0.3789322524570649
retrieval,1,10,8,0.10396331758822225,0.10721356255680714,0.06776695321558168,0.10227448500760292
retrieval,1,10,9,-0.7206224495560017,-0.6884251947854815,-0.2850298716949029,-0.3063089980506802
retrieval,1,10,10,-1.4009862863759992,-1.465906747373019,-0.664410930242969,-0.5956801831455426
retrieval,1,10,11,-2.258472437616829,-2.2745878906264623,-0.027493452469929132,0.023630999495453983
retrieval,1,11,0,-1.969630309378723,-1.9698965977623184,-0.986851005029901,-0.9867296213742129
retrieval,1,11,1,-1.726388974879856,-1.89502629826035,-0.5240099614220806,-0.36355103131260497
retrieval,1,11,2,-0.9258994482367585,-0.9810062735426209,0.0926738517579686,0.0667686466402252
retrieval,1,11,3,-2.4203873710912718,-2.420166914445772,-0.27233136755995235,-0.2432151011166818
retrieval,1,11,4,-1.9366700497214433,-1.8310774027545211,-0.33586094929155397,-0.3319026696093182
retrieval,1,11,5,-2.184394200950113,-2.1901175041511185,0.10496634670489935,0.13598080136808843
retrieval,1,11,6,-1.9261110661185032,-1.9560866003172206,-0.5536420652587284,-0.4831123588031769
retrieval,1,11,7,-2.0077640601013376,-2.1077257091374966,-0.4587602951822654,-0.3728779549379207
retrieval,1,11,8,-0.5505188666165975,-0.5149299648348781,-0.016078099912125464,-0.02540765496577679
retrieval,1,11,9,-2.2003596289095144,-2.3673582976362666,-0.4025634218106286,-0.5318633207400023
retrieval,1,11,10,0.14149277966990878,0.130340273025899,-0.024889632748369552,0.017086812187208145
retrieval,1,11,11,-0.46753951210795347,-0.48100410121863685,-0.27937126996802497,-0.2605376534173249
retrieval,1,12,0,-3.0763660655980125,-3.0459339299062864,-0.29293872478660266,-0.2400945450884837
retrieval,1,12,1,-1.4656569440015097,-1.4940022406862639,-0.23831834726096301,-0.24267010394215577
retrieval,1,12,2,-3.1386565036160614,-3.1425774272878217,0.025234347813898998,-0.16813328698984953
retrieval,1,12,3,-0.3180078671933446,-0.3248166139925854,-0.012470335753037552,0.039481006103319456
retrieval,1,12,4,-0.2681819870245919,-0.320913222195754,-0.13792857266625527,-0.1437497897853104
retrieval,1,12,5,0.09210796630726446,0.03988194863190525,-0.03611413726279025,-0.06471918589460617
retrieval,1,12,6,-3.9130485310097414,-3.9351471387572006,0.07986389931688306,0.1363019195260689
retrieval,1,12,7,-4.1007829445007635,-4.0820337866045735,0.07639736648724497,0.15042814998423037
retrieval,1,12,8,-4.039338709142188,-4.2134143096060415,-0.2307737841441524,-0.34011884654646457
retrieval,1,12,9,-3.2006236755254176,-3.250763284501294,-0.5308728572051291,-0.511620299816828
retrieval,1,12,10,-1.7750424897513197,-1.6235940055556473,-0.2767488741838582,-0.3865410683796064
retrieval,1,12,11,-2.2527139925992454,-2.3720067575591397,0.1978203055717255,0.20096648433658892
retrieval,1,13,0,-1.036718017791362,-1.039563922727133,-0.1792782888326939,-0.04629168163512529
retrieval,1,13,1,-1.834179439200444,-1.8925512954963313,-0.44850312566342215,-0.4169406498864046
retrieval,1,13,2,-1.034246040656204,-1.078198793648887,-0.047036101908857944,-0.014891808992471306
retrieval,1,13,3,-1.2601816351692403,-1.265784198270249,-0.09289711507090924,-0.10176132404730054
retrieval,1,13,4,-0.9939599778753122,-1.019099578358795,-0.16648384881843037,-0.1650926391639078
retrieval,1,13,5,-1.8694146816029382,-1.8877177318501037,-0.9138523334875922,-0.8508826338702205
retrieval,1,13,6,-1.0437044957707113,-1.0074037252937853,-0.18260119878014358,-0.13648644257034165
retrieval,1,13,7,-1.7174680314094575,-1.873484482372062,-0.6561179796459347,-0.6402182035359413
retrieval,1,13,8,-1.8191241441135777,-1.923518313221303,0.1690409497401883,0.2783350746114122
retrieval,1,13,9,-2.5271467898747715,-2.5160332181929044,-0.5029931941825593,-0.44866889109724606
retrieval,1,13,10,-0.7102678611792603,-0.7913470268637548,-0.26206717817998426,-0.2969782078001303
retrieval,1,13,11,-2.1085140223300223,-2.110989928225453,-0.33973028392031734,-0.27995818523475274
retrieval,1,14,0,-2.4326280567623217,-2.421011273166185,0.24048239867126986,0.22527793380187905
retrieval,1,14,1,-1.6623240903817649,-1.6896208381318558,-0.4004075663914496,-0.3764609282000422
retrieval,1,14,2,-0.9752790387452075,-1.0379949749336477,-0.4034248020196445,-0.3617926888482401
retrieval,1,14,3,-3.504959114067318,-3.553380357087754,-0.32129341355475316,-0.2905803705797865
retrieval,1,14,4,-2.639436077637621,-2.6539819302756515,0.1651125359906095,0.04616314213790385
retrieval,1,14,5,-3.250658634017515,-3.3574535123906917,-0.454984480248973,-0.42535377334410873
retrieval,1,14,6,-0.970580668517905,-1.0183731181199414,-0.020235192432616695,0.007407704606447846
retrieval,1,14,7,-1.6278569105429617,-1.6524247505939151,-0.018283230187463882,-0.018909734629775438
retrieval,1,14,8,-3.2139820887812554,-3.191892718795456,-0.3938428619700794,-0.3818283205759748
retrieval,1,14,9,-0.36975280921296827,-0.35650788305742775,-0.03732258456588369,0.006354259491800196
retrieval,1,14,10,-3.377915678733108,-3.361803092832799,-0.328391102908243,-0.2621879495753099
retrieval,1,14,11,-0.8613724029145743,-0.929506784091271,-0.3635276470391408,-0.3093119995820885
retrieval,1,15,0,-0.9746158441060991,-1.0121596986374797,-0.2258054400599427,-0.18283970446225237
retrieval,1,15,1,-1.373734498869631,-1.3709747767384386,-0.922365622660775,-0.756137250525672
retrieval,1,15,2,-1.2446312568548534,-1.2317367981568792,-0.921436258151489,-0.8237568807889817
retrieval,1,15,3,-0.6320812293043947,-0.6850730117564593,-0.1735292475221006,-0.18023402096443283
retrieval,1,15,4,-1.8551916966931274,-1.8435863552831506,-0.8280740401483908,-0.7150851039067496
retrieval,1,15,5,-1.4516930989389527,-1.5570618429087038,-0.3151053009390007,-0.2593672648848969
retrieval,1,15,6,-0.6216556925838473,-0.6488665102474728,-0.25119434323541145,-0.2216794852981623
retrieval,1,15,7,-0.6395144596448914,-0.642516706405642,-0.4549285804003262,-0.40214006061335633
retrieval,1,15,8,-1.3093952995613796,-1.2866879509642324,0.0732785988971747,0.05984379396994598
retrieval,1,15,9,-0.7338683612154052,-0.6718339643788696,-0.29481781001374624,-0.18539452385457023
retrieval,1,15,10,-1.0095686313370418,-1.0595596995929435,0.06246027409161054,0.16544828776798987
retrieval,1,15,11,-2.0819154272214004,-1.963271168857829,0.1264613054151995,0.13953200145842679
retrieval,1,16,0,-2.6575357675047413,-2.6699880646739644,-0.5432505859727379,-0.397707280959911
retrieval,1,16,1,-0.7359362355840721,-0.7347989382411738,-0.21502441649854057,-0.18004701496001765
retrieval,1,16,2,-4.376735082302303,-4.2109298408112075,-0.2600857603450712,-0.05488553069188188
retrieval,1,16,3,-0.5640245908020274,-0.5659937617646716,-0.17294629381792426,-0.1630278679691627
retrieval,1,16,4,-1.8287584815988698,-1.9351396226272362,-0.2621284216484628,-0.16689981930160502
retrieval,1,16,5,-2.87983914384364,-2.7881206833969063,0.08692782419216437,0.20260645080771195
retrieval,1,16,6,-2.6404914426333064,-2.6589175676213705,-0.2754391242466462,-0.326374069106713
retrieval,1,16,7,-1.020353758317819,-1.076192946550172,-0.3619106511482592,-0.3346292536285636
retrieval,1,16,8,-3.019378352354529,-3.0670870564537824,0.04156187296879774,0.015760270258189674
retrieval,1,16,9,-5.007568641220388,-4.743057734947762,-0.4844847795023158,-0.4148980491677182
retrieval,1,16,10,-0.6455316440949274,-0.657360807201237,-0.3846393569718351,-0.3619543733461781
retrieval,1,16,11,-1.1492816036611753,-1.2963865893085644,-0.24479785468254278,-0.1991172285156618
retrieval,1,17,0,-1.5581822127723874,-1.7439664643578674,-0.7302721393010806,-0.5937312739693773
retrieval,1,17,1,-2.11317251271259,-2.0350093192443643,-0.8017627573642911,-0.9084132861881805
retrieval,1,17,2,-1.1164862039598493,-1.1690810206738413,0.24980525469848877,0.14350596826120085
retrieval,1,17,3,-3.3859779415310864,-3.5955013362475285,0.06510700359857208,0.21754080208336551
retrieval,1,17,4,-1.4299387197286506,-1.4749404298862092,-0.18064403121649533,-0.1358917290569845
retrieval,1,17,5,-3.154341907889324,-3.2913776114108106,0.012348691237833359,0.07612083419166743
retrieval,1,17,6,-1.6651347304636346,-1.67334533077012,-0.7168309609507264,-0.6088154749899557
retrieval,1,17,7,-4.856789709456884,-4.785052211870979,-0.4026060222443845,-0.19626342322291498
retrieval,1,17,8,-5.043643092392117,-5.029082212698633,-0.2814902551798489,-0.0633599059188281
retrieval,1,17,9,-0.6914440698339731,-0.6398864857747549,-0.099364534696136,-0.10833129533407093
retrieval,1,17,10,-3.712623544818044,-3.761329646839241,-0.24030353936973026,-0.05415637984079698
retrieval,1,17,11,-1.3384494098544302,-1.4119883831128153,-0.058404797571086485,-0.017895782725038466
retrieval,1,18,0,-0.5498258694885433,-0.5319244344499318,-0.27012603540861985,-0.2707419377565919
retrieval,1,18,1,-2.592917004147869,-2.5944514979283775,-1.4493172810525505,-1.1856646145026357
retrieval,1,18,2,-2.877670457199939,-2.726989370433751,-1.251172267433275,-1.1201613715225156
retrieval,1,18,3,-2.848419874042023,-2.7869957399903242,-1.3449891728516095,-1.11446502933872
retrieval,1,18,4,-1.3395402793084425,-1.2601350308984132,-0.4661899752422512,-0.37585227703112234
retrieval,1,18,5,-2.397877141702357,-2.393149564166339,-1.1199709165153446,-1.0344700826219793
retrieval,1,18,6,-2.600370321183689,-2.532492736408661,-0.7620618806979002,-0.7767053941665939
retrieval,1,18,7,-1.9499747850126485,-2.0353523660245387,-1.1704216811159327,-0.9932534643760238
retrieval,1,18,8,-3.0264746150868107,-2.9022355209791613,-1.1864317679977665,-1.1359745336660787
retrieval,1,18,9,-0.4432216219247844,-0.434808254963494,-0.03326908600154897,-0.027224531250732858
retrieval,1,18,10,-2.1837527826840812,-2.1927495135384123,-1.0346464239382476,-0.8434773935233816
retrieval,1,18,11,-1.8406574772566346,-1.9573459320267295,-0.5731793993510451,-0.598635990194003
retrieval,1,19,0,-0.3801151778679081,-0.5185434105200538,-0.16877151593478948,-0.13204552076770618
retrieval,1,19,1,-3.2600023187280094,-3.3025197804306097,-0.37629788173769707,-0.35755320843223004
retrieval,1,19,2,-4.13436837679654,-4.067605687162488,-0.7439809658183866,-0.8384924265789069
retrieval,1,19,3,-3.1197137763648026,-3.136053516184583,-1.0315782292731188,-0.8937712314537001
retrieval,1,19,4,-1.9866198829172055,-1.859464007680714,0.3261172731682081,0.4579930361661464
retrieval,1,19,5,-4.309501406903984,-4.298387550988272,-0.386884775148143,-0.33851081322317134
retrieval,1,19,6,-1.3692426302435503,-1.483657319510647,-0.23195727395472374,-0.153467103940443
retrieval,1,19,7,-2.092065222855262,-2.079619979935503,-0.5070895908965667,-0.46865620718172335
retrieval,1,19,8,-0.44639796896638734,-0.4166695791934188,0.06295566076371747,0.09736491808131045
retrieval,1,19,9,-2.590420647394479,-2.572362068878289,-0.4741333342078585,-0.3949582089187164
retrieval,1,19,10,-2.089583252412299,-1.9738871539260778,-0.6500462019898007,-0.5079338956940523
retrieval,1,19,11,-3.41029506350725,-3.3705920018852087,-0.3843314352005288,-0.37559086375189377
retrieval,1,20,0,-2.466495602714527,-2.37206049362064,-0.7159363653444946,-0.5549757550613293
retrieval,1,20,1,-2.018982557954358,-1.8818572248538452,-0.7484090558513803,-0.9075274881302373
retrieval,1,20,2,-2.999587957075717,-2.968467251130423,-1.5634238232459545,-1.50564573262555
retrieval,1,20,3,-1.847920582918798,-1.8201437503997913,-0.947959638706102,-1.1078218256425756
retrieval,1,20,4,-1.210647836244022,-1.4558274585670183,-0.26035799754941263,-0.1982907913831636
retrieval,1,20,5,-3.8605695279706977,-3.565754528775886,-1.487290307358214,-1.4396734414773849
retrieval,1,20,6,-1.1228170663470203,-1.1016796934690702,-0.42963934528351777,-0.3862423933710707
retrieval,1,20,7,-7.531237024546609,-7.819775872082478,-2.3129529320289204,-2.3817148812315607
retrieval,1,20,8,-3.6806829286746563,-3.675355074651828,-0.27296423682821847,-0.31127305877255923
retrieval,1,20,9,-2.078699330091858,-1.9879209868622858,-0.7254169671837357,-0.7414648822873663
retrieval,1,20,10,-0.6820518166617081,-0.7112300108648956,-0.03369605088945829,0.061294770928797954
retrieval,1,20,11,-4.421500386891926,-4.39925790085439,-0.7055332253831277,-0.9206888905418027
retrieval,1,21,0,-3.9239321833279113,-3.7743770978926547,-1.24355430779105,-1.209937183092379
retrieval,1,21,1,-2.9078079013200693,-2.7166770106494638,-0.31854008845855825,-0.2783995951188753
retrieval,1,21,2,-1.5283614658961735,-1.4204366905673034,-0.11919886521281997,0.031833112737706934
retrieval,1,21,3,-1.9065348154553874,-1.7423450251327663,-0.8802054341566978,-0.8232333648686011
retrieval,1,21,4,-1.761474322331121,-1.6924242317895677,0.022727464677370995,-0.015032077945947011
retrieval,1,21,5,-0.7970472547305278,-0.8317588309555038,-0.16748629150804817,-0.16320296904459938
retrieval,1,21,6,-1.9032027131863003,-1.8453933777355278,-0.33186083119183674,-0.35993361449496064
retrieval,1,21,7,-2.8017882179684386,-2.9664942017733176,-0.46092361252494424,-0.5043641671376882
retrieval,1,21,8,-7.500317262961914,-7.396826481954865,0.6242832365854711,0.6602037059805522
retrieval,1,21,9,-1.432286651490443,-1.6840862029209245,-1.0087190920433418,-1.0584440770676118
retrieval,1,21,10,-3.289740393435818,-3.255031883253207,-1.2895680338015225,-1.248855621198284
retrieval,1,21,11,-3.4067690231953267,-3.246031058608491,-2.4318063946867987,-2.49021844547118
retrieval,1,22,0,-1.0478311398285907,-1.0612146876823283,-0.21417883500139778,-0.2037119641425619
retrieval,1,22,1,-1.9544518341873267,-1.8654747380041143,-0.4352004125703848,-0.40630744651620837
retrieval,1,22,2,-2.4071420315456553,-2.3556269119956963,-0.1714713860947522,-0.07343510549950523
retrieval,1,22,3,-2.713839076458502,-2.6912171290013323,-0.581595181389273,-0.49231601501694744
retrieval,1,22,4,-1.6015313565632352,-1.4822097672931112,-0.4088496694758657,-0.36077756019644314
retrieval,1,22,5,-2.8786303788357235,-2.8408408397996965,-0.8427289032206051,-0.7084744168098751
retrieval,1,22,6,-0.7355419293025274,-0.9246392181849102,0.011366871885042113,0.02823979071819041
retrieval,1,22,7,-1.0889855805830762,-1.066427963597241,-0.5538159400483696,-0.5018788764336517
retrieval,1,22,8,-3.6272276962453542,-3.632994429501989,-0.9274178705098198,-0.7324928824578623
retrieval,1,22,9,-0.22903332406261234,-0.22507863643477796,-0.11196529111608285,-0.06854488124023811
retrieval,1,22,10,-2.197862294212693,-2.3326023112864824,-0.5467441006314416,-0.48227236798588013
retrieval,1,22,11,-1.9396472808373817,-2.01799253447113,-1.489429116349968,-1.319789870270643
retrieval,1,23,0,-2.2100229792210437,-2.208081847787349,-0.13463707389553667,-0.07373911053131574
retrieval,1,23,1,-4.680108301774271,-4.573860478152601,-1.1760881387324795,-1.1083677410282093
retrieval,1,23,2,1.248462697449918,1.36380190344805,-0.07818990924832238,0.03102555876605626
retrieval,1,23,3,-2.3690584425715477,-2.518212003458096,-0.5996155394142073,-0.4515161760807591
retrieval,1,23,4,-1.8683897810142367,-1.8989388042493411,-0.7338484062476927,-0.7334667511744614
retrieval,1,23,5,-1.9134114601579943,-2.084685780949799,-0.415989036094981,-0.4271655983276502
retrieval,1,23,6,-1.0498941140927556,-1.167892063146672,-0.1969609348226517,-0.14562532650772794
retrieval,1,23,7,-2.7096693034437576,-2.594544132197903,-0.7071384652964678,-0.7591302074110288
retrieval,1,23,8,-1.7945705801447052,-1.7908596020023977,-0.438612721250014,-0.4336146443993956
retrieval,1,23,9,-2.9787541892750267,-2.9439757816475107,-1.053155735987595,-0.6983460404469337
retrieval,1,23,10,-4.518620284137737,-4.497859737032598,-0.7628946901626655,-1.6288775050031639
retrieval,1,23,11,-2.8079225822438545,-2.8427245973376407,-0.6315168363584885,-0.5956500255866739
retrieval,1,24,0,-3.0068446587747815,-2.9601506594926748,-0.9374414188409463,-0.6305061840453887
retrieval,1,24,1,-3.2166064498823013,-3.0485822845027606,-0.6979602145422988,-0.577943951762687
retrieval,1,24,2,-2.7383051525836826,-2.753531687251239,-2.1820075129428185,-2.2396321146899525
retrieval,1,24,3,-0.33100238941830823,-0.40482649573426865,-0.13215650140520524,-0.06239194736552337
retrieval,1,24,4,-0.9600643039781604,-0.971041668279592,-0.07598672068664747,-0.04256231732828884
retrieval,1,24,5,-2.9208798126085505,-2.9903996675642364,-0.2206554722218434,-0.21914374198778014
retrieval,1,24,6,-3.100515110767112,-2.86693243704443,-1.0679710615830214,-0.7063083892861184
retrieval,1,24,7,-3.9367132018625726,-3.6035109053003147,-1.006711239059033,-0.8818395257861668
retrieval,1,24,8,-2.671236302852865,-2.65881454329007,-0.40142509562595075,-0.46459636121026604
retrieval,1,24,9,-1.855761149143336,-1.7351934491715475,-0.5304170893469238,-0.2878629970312145
retrieval,1,24,10,-2.002569898721635,-2.2757143888225637,-0.38723206498780083,-0.37786012909819133
retrieval,1,24,11,-3.592969768455916,-3.33567143193628,-1.0071996210158543,-0.7295811066454556
retrieval,1,25,0,-1.7740595047904952,-1.7130616859297492,-0.3140788328258669,-0.3044131267868385
retrieval,1,25,1,-3.098568391886147,-2.775740853560229,-0.6346148784805895,-0.6713133362420319
retrieval,1,25,2,-2.629169367660434,-2.626168844183404,-0.5696688638255923,-0.5049992394149039
retrieval,1,25,3,-2.4800384799074635,-2.397489161552261,-0.6355759303839958,-0.4617743150040159
retrieval,1,25,4,-1.9079019598979372,-1.9684622403234215,-0.5010403933693842,-0.5117499720222225
retrieval,1,25,5,-0.6156520185950217,-0.6225478536559589,-0.41086117818600826,-0.29709872816699984
retrieval,1,25,6,-3.003189787873442,-3.0498331989385714,-1.1376027478842903,-1.2716137841405661
retrieval,1,25,7,-1.7206779677744724,-1.7501231847460283,-2.2797332453140897,-2.3809969371182627
retrieval,1,25,8,-1.7906115716506485,-1.8856480797716515,-0.8067573145634132,-0.6953430700005334
retrieval,1,25,9,-1.3599140431983094,-1.4096134320964637,-1.3761820965635363,-1.3342843561427347
retrieval,1,25,10,-1.0596694937481346,-1.0267662810279008,-0.17576132502379604,-0.12341670275367647
retrieval,1,25,11,-2.62837894500157,-2.5394238753130605,-0.33287538392177923,-0.2667455370005237
retrieval,1,26,0,-0.7349063488849527,-0.7140566051536069,-0.4234048756229383,-0.34023788831225443
retrieval,1,26,1,-2.508336545925258,-2.662404827136043,-1.3575093424120828,-1.3732380342319022
retrieval,1,26,2,-3.6788119735374942,-3.4575029123360994,-0.4915934307304134,-0.36795018746422226
retrieval,1,26,3,-0.6707062591833944,-0.5977074670061656,-0.236839840477917,-0.12872306620550872
retrieval,1,26,4,-1.725486252341921,-1.6590057741649042,-1.4884199693973017,-1.472372761160424
retrieval,1,26,5,-2.1561861611662207,-2.002805798185612,-0.8106721816253578,-0.6578551508385153
retrieval,1,26,6,-2.39568904818928,-2.2330231734873203,-0.9310039786261121,-0.6738559475003987
retrieval,1,26,7,-2.5143345984035923,-2.4347279464568294,-0.9069659692200697,-0.9110826499965742
retrieval,1,26,8,-3.9290647559341703,-3.5097821735875443,-1.1153613214531266,-0.8870949574648215
retrieval,1,26,9,-2.6000909182944443,-2.403967309299789,-0.7010712210244994,-0.5239951142345755
retrieval,1,26,10,-3.4028682707783204,-3.242995498766993,-1.371361814847882,-1.395972887494521
retrieval,1,26,11,-1.1373651847252872,-1.2325135192244174,-0.2957495490424869,-0.21288789458082819
retrieval,1,27,0,-0.47518482026134895,-0.4618018863040329,-0.10963941788234907,-0.03733827729709456
retrieval,1,27,1,-1.7296772327620917,-1.7722463814166434,0.6910468115655483,0.6583562099862803
retrieval,1,27,2,-4.220196063433263,-3.9039689849331825,-0.8577957948582867,-0.753390695202382
retrieval,1,27,3,-3.491928766247271,-3.4310670062351356,-0.047519354814671615,-0.08307335746619915
retrieval,1,27,4,-0.7801615047083974,-0.6316522008951277,0.00659528004644859,0.10473821576415387
retrieval,1,27,5,-0.5561337563547449,-0.5918019525724737,-0.0695780871189491,0.0058796777394689225
retrieval,1,27,6,-3.154774335413512,-3.110603554580052,-1.8972537842662045,-1.875360970043303
retrieval,1,27,7,-0.5436111108018266,-0.5833208553492192,-0.8811937029607604,-0.8986586030075538
retrieval,1,27,8,-2.2976061895205553,-2.374176136984912,-0.38834152294349805,-0.3793083169778356
retrieval,1,27,9,-3.2852142303197085,-3.2258764501469805,-0.6494774666894081,-0.7255148697619466
retrieval,1,27,10,-1.450642360747452,-1.2115824701246236,-1.136714822432388,-1.1006627801344273
retrieval,1,27,11,-2.568737014066628,-2.485202254401415,-0.4970680486723059,-0.2966616261193947
retrieval,1,28,0,-11.800726329101806,-11.766053142576423,2.2341523244052635,2.392393457374387
retrieval,1,28,1,-7.320715013827158,-7.3541627524494375,0.46425035948707744,0.5341358060868883
retrieval,1,28,2,-4.534691359461641,-4.449195975633123,-0.26394504903762267,-0.07683321707503504
retrieval,1,28,3,-1.8835429690852301,-1.869386592132089,-0.24460512994418843,-0.15861692122950466
retrieval,1,28,4,-2.247356475819789,-2.2976265399667297,-0.02206887397412263,0.08406674531636145
retrieval,1,28,5,-2.2398277769643884,-2.2170377391114457,-1.1208566645419342,-1.0961099602685054
retrieval,1,28,6,-2.2470425851504863,-2.312396333747033,-1.0350593334022538,-1.155052422147107
retrieval,1,28,7,0.18860215596614538,0.12097918781721324,0.5426298102649042,0.6205646838191231
retrieval,1,28,8,-1.079906219348732,-1.0080024439861386,-0.293789972803348,-0.3864974258285667
retrieval,1,28,9,-2.3666613381900823,-2.33373489546546,-0.5469329558095279,-0.5301283144103313
retrieval,1,28,10,-3.5565367803884045,-3.696311919550793,-2.47455293556255,-2.48987414123081
retrieval,1,28,11,-1.1136034521367402,-1.0418916572709793,-0.1900115236892952,-0.35584330283140925
retrieval,1,29,0,-7.307513580503179,-7.432237776980855,-1.9596143775907908,-2.1355106207936374
retrieval,1,29,1,-1.5665504324391464,-1.5286082892802482,0.15897001349485276,0.16559417974730958
retrieval,1,29,2,-0.10813475150482066,-0.2775001845943333,-0.4502473667466291,-0.47388571653619194
retrieval,1,29,3,-3.495512117277339,-3.340289460181415,-0.4338947069017776,-0.3605588628096327
retrieval,1,29,4,-3.5204650378614666,-3.489022321936998,0.0828675629530461,0.0625672624567739
retrieval,1,29,5,-2.8212238967817242,-3.1093941550841695,0.3973068639370193,0.43005560623416816
retrieval,1,29,6,-1.6119138148755139,-1.6457173483549725,0.08405946425447369,0.13202649733368463
retrieval,1,29,7,-0.13216429644197888,-0.14560523045205406,-0.4695590482438774,-0.5334444557634133
retrieval,1,29,8,-2.5029078501788997,-2.6258020918809155,-0.05381386786066958,0.0015751462556531648
retrieval,1,29,9,-1.3162069292159666,-1.6293752751186317,3.3563002276842777,3.26936897340794
retrieval,1,29,10,-0.384660012295906,-0.28889151610544145,0.08481287529884067,0.0457321839554135
retrieval,1,29,11,-3.1317259150627392,-3.4768099392980285,-0.4088239360681945,-0.49940228700893513
retrieval,2,0,0,-4.766793779393789,-4.766312168401405,-0.6525305743663411,-0.7272320415817674
retrieval,2,0,1,-5.543485467102246,-5.5374138268684385,0.49214818764032076,0.44903693320535343
retrieval,2,0,2,0.21297637922261906,0.2117309228158524,0.1278341032056682,0.11932073094487261
retrieval,2,0,3,-0.23795045746962015,-0.19772772167250305,-0.00749008615160586,0.043895899133117616
retrieval,2,0,4,-2.908681387437536,-2.964055032204431,-1.5418077693896128,-1.5514058002715705
retrieval,2,0,5,-5.025088859537792,-5.101577323497644,-2.1317717359148,-2.168514427056483
retrieval,2,0,6,-3.0023155934197523,-3.012908220860186,-1.3223928690307902,-1.2931021508518672
retrieval,2,0,7,-4.086955520299814,-4.1345192888189795,-1.0610037931275123,-1.094803072848949
retrieval,2,0,8,-0.12918611466216154,-0.10840240551914675,0.09297467289251195,0.05514960408503173
retrieval,2,0,9,1.7892037211267662,1.8523030580656217,0.7343607131533265,0.7457703106592568
retrieval,2,0,10,11.192350148243108,11.249652058676517,0.9183155838680486,0.9770413889444188
retrieval,2,0,11,-3.4104512923029664,-3.4051428568220543,-1.562895165021424,-1.569986576306927
retrieval,2,1,0,-2.5826865332647313,-2.631151430041416,-0.445031256901217,-0.553351401454984
retrieval,2,1,1,-4.648303864151157,-4.413306787446541,-2.8163061498206594,-2.803323747033825
retrieval,2,1,2,-3.4515678855366683,-3.5473456689005913,-0.5114789185116395,-0.588607223062679
retrieval,2,1,3,-1.7825049458210342,-1.791269159014778,-0.13892469514094252,-0.16045751063415184
retrieval,2,1,4,-3.6959969825270456,-3.84396394409659,0.844004434115909,0.833455818734366
retrieval,2,1,5,0.13879888347264394,0.16103642451127556,0.3194205397188746,0.2970189246295358
retrieval,2,1,6,0.005522426739912156,-0.06398110477736899,-0.11451831551249632,-0.13928711049582457
retrieval,2,1,7,-1.8120645110834115,-1.8107457135362877,0.000843906624898858,0.06571740976314724
retrieval,2,1,8,-3.30261317715391,-3.157248805149509,-2.1619597286872927,-2.0481270034355585
retrieval,2,1,9,-3.6024107008803274,-3.704632659693578,0.0035629357513628666,0.011329054521817358
retrieval,2,1,10,0.40673698848405554,0.45390773059590406,0.11625498958508791,0.1908819853619568
retrieval,2,1,11,-3.039968295698975,-2.9439296349799364,-0.4885332294440408,-0.44497040669061794
retrieval,2,2,0,-0.9250966418373827,-0.947802185200866,-0.17739131348873416,-0.17261078913571157
retrieval,2,2,1,-1.191377308273707,-1.2175513617686287,-0.0010225086812258705,0.01603543589724203
retrieval,2,2,2,-2.529975530000193,-2.3299610178789676,1.019653448002139,1.027595077698097
retrieval,2,2,3,-3.1490947354739824,-3.1761495616797664,-1.117714073176053,-1.1097874171104918
retrieval,2,2,4,-11.732161949681569,-11.924441899007626,-3.398445644987087,-3.3594682325767087
retrieval,2,2,5,-0.18020851492167592,-0.21868264485370115,1.51419401886691,1.5066683715858489
retrieval,2,2,6,0.4941487087500323,0.3181239075860673,-0.2118335583166627,-0.24064326954554188
retrieval,2,2,7,-0.6370574455220211,-0.5232942524737345,0.21565922737227805,0.16788134950736927
retrieval,2,2,8,-1.846576688434503,-1.7621235436773466,-0.366403408561186,-0.4845749000435214
retrieval,2,2,9,0.3922464104490439,0.4852288341038565,1.0749690291063807,1.1493061174045134
retrieval,2,2,10,-0.00037154044663646746,-0.04824940366859883,-0.7034913201646348,-0.6899833324419687
retrieval,2,2,11,-1.0657529130614372,-1.0051839161792493,0.044541990297317716,0.009270728613123226
retrieval,2,3,0,-2.792495255501434,-2.9568848969858834,-2.057450858465488,-1.8698970306347045
retrieval,2,3,1,-2.5739210061631597,-2.460166422306375,-0.3334721652190102,-0.3861432449977334
retrieval,2,3,2,-2.513881742869845,-2.4710230536991005,-1.083596795194402,-1.0533577425384568
retrieval,2,3,3,0.23954541280618244,0.20408934339941273,0.15732405177319136,0.15643152793777285
retrieval,2,3,4,-1.226829129379391,-1.2671714884636058,-1.9555577953275736,-1.8853714347586812
retrieval,2,3,5,-2.626955022684586,-2.6869886380448107,0.014293123014020364,-0.02863717504612043
retrieval,2,3,6,-1.7409963748585942,-1.753436007541125,-0.22623598495045777,-0.27928469334246575
retrieval,2,3,7,0.3129441083447289,0.2201432678952888,-0.2476123322041991,-0.24258458686870352
retrieval,2,3,8,-2.054904202710397,-2.075364986781869,-0.4188556081680783,-0.5274357713819938
retrieval,2,3,9,-0.9779946678953334,-0.9965071639593607,-0.18851870817654293,-0.21723892744721254
retrieval,2,3,10,-0.5775300577974274,-0.622104755815628,0.24541583749687462,0.19988194030468256
retrieval,2,3,11,-2.084120829951571,-2.1226678543867883,-0.8874985639129833,-0.8878900348663411
retrieval,2,4,0,-2.0359662864590438,-1.9215400046729136,-0.8411998469287391,-0.8467578471124275
retrieval,2,4,1,-2.9818902598109536,-2.950259440648791,-0.20036813733861603,-0.11340838037184836
retrieval,2,4,2,-3.260112798907169,-3.176784625034321,-0.5574014097470845,-0.44163258780515113
retrieval,2,4,3,-3.9541292484635524,-3.7337266547884194,0.783464965860825,0.6788281062177567
retrieval,2,4,4,-2.511976163610212,-2.5804496391068077,-1.0322402783357785,-0.9192090927538309
retrieval,2,4,5,-1.3351290598528973,-1.1808845916986035,-0.5736899885371637,-0.7375343903271975
retrieval,2,4,6,-1.7505460048937789,-1.7944607684591458,0.26682075913027065,0.16006525083377202
retrieval,2,4,7,-1.9844015006178155,-1.9883259059117657,-0.2004155495595358,-0.28469263068736206
retrieval,2,4,8,0.7233350257196807,0.6585171298312823,0.10347515466036354,0.07288324015921217
retrieval,2,4,9,0.37391581488028297,0.29232645535369267,0.19264350168654612,0.19742293258456767
retrieval,2,4,10,-2.1620966770357035,-2.2655435217505557,-0.09228806599688358,-0.00941733894304026
retrieval,2,4,11,-1.4988487385947182,-1.505146345612311,-0.25193499568399164,-0.23289403519074903
retrieval,2,5,0,-5.16409222742559,-5.061372155478932,0.47377767149053834,0.6461857475392006
retrieval,2,5,1,-2.1516370054915854,-2.0338924410996646,-0.6769915626289414,-0.6310544707148403
retrieval,2,5,2,-1.957101639760883,-1.9486707088373558,-1.5747302510558192,-1.6217172920468195
retrieval,2,5,3,0.6125545148299878,0.6430947087108708,0.05264612153356305,0.015229230708054296
retrieval,2,5,4,-1.2726991283539288,-1.3093430129421137,-1.2335555690537552,-1.301243860867469
retrieval,2,5,5,-1.368339318618782,-1.3348435565904815,0.6077986609942791,0.6046980325143408
retrieval,2,5,6,-2.946484137805007,-2.768371781717492,-0.3422729812254583,-0.5091701618121734
retrieval,2,5,7,-2.368335441898837,-2.4550980697842486,1.013487793864532,1.0884461704905768
retrieval,2,5,8,0.026854244837101502,-0.012595878469162276,-0.18412197942584632,-0.1920838352120295
retrieval,2,5,9,-5.492613297876084,-5.444574131502019,-1.9638364726588056,-1.9916024196298168
retrieval,2,5,10,-1.8347786642385548,-1.9091349490685,2.4483215244523415,2.4649376378072163
retrieval,2,5,11,-2.2846779674327293,-2.285392974127737,-0.6366086014435542,-0.6504403616230794
retrieval,2,6,0,-1.0012332893639133,-1.0014549599612395,-0.11975024822568002,-0.032816674488093694
retrieval,2,6,1,-0.91744980262401,-0.8965417229079037,0.014797015023570984,0.024999816316903584
retrieval,2,6,2,-2.269094135797807,-2.1479609429335693,-0.4918246873185944,-0.45561571336592094
retrieval,2,6,3,-0.45712508185026074,-0.4429984337559448,-0.11088374893005547,-0.05897083715069879
retrieval,2,6,4,-2.0801226636798633,-2.00829027461045,-0.48693975159482134,-0.3838381471318983
retrieval,2,6,5,-0.17059501855390027,-0.14481092957231573,0.2045414639165059,0.23343298467149134
retrieval,2,6,6,0.19127032533832744,0.18851926760915885,0.1286509067779898,0.13785625494391227
retrieval,2,6,7,-0.27686398407102003,-0.39517126247333145,0.013232858015952068,-0.03659461947439164
retrieval,2,6,8,-0.9867401573038633,-0.9686246360058212,-0.16740530740604023,-0.1461587485022183
retrieval,2,6,9,-1.2449907811554184,-1.2087768250602504,-0.027869607793677753,0.0026249649946799526
retrieval,2,6,10,-1.388787698843623,-1.3435972227772854,-0.4456876601266796,-0.46107961420380933
retrieval,2,6,11,-0.3000486118283557,-0.1923210168125734,-0.12692255228062388,-0.39200318643689325
retrieval,2,7,0,-2.443579308942246,-2.5111689344710086,-0.8827396437899167,-0.6540497005400544
retrieval,2,7,1,-4.033304885708634,-4.253959389040944,-0.011498157038176363,0.05416618719233221
retrieval,2,7,2,-1.0388697579316413,-1.018858160254924,-0.09876766753603321,-0.16050562853951594
retrieval,2,7,3,-2.5796326310128355,-2.1742078799904494,-0.3685642731684715,-0.4976364616252107
retrieval,2,7,4,-2.7466845798243402,-2.7169945773589563,-0.48798669651173565,-0.4074704266914267
retrieval,2,7,5,-1.5759002099347683,-1.589186163483913,-0.6909873695182892,-0.6523354588717474
retrieval,2,7,6,-1.941862318767632,-2.0782694026421535,-0.0291239772052646,0.016685548823113072
retrieval,2,7,7,-4.632591872493518,-4.7077730072191715,-0.1980082027147053,-0.1450926036629686
retrieval,2,7,8,-3.6544553736177474,-3.6564418447249767,-2.034373265235314,-2.1072339834246323
retrieval,2,7,9,-1.9483510215618736,-2.0144845182074396,-0.548654518044346,-0.49513694064540853
retrieval,2,7,10,-0.1264805464440477,-0.10972546346934664,0.25979853035340034,0.2571378706638784
retrieval,2,7,11,-1.9029779468711483,-1.8812939097450936,-0.15718275406854193,-0.12805749482423995
retrieval,2,8,0,-3.8353969081027155,-3.8574890295276827,-0.553060378881486,-0.5496919609384768
retrieval,2,8,1,-5.510106471330126,-5.457200524998924,-0.40581775760155203,-0.22274964812593606
retrieval,2,8,2,-0.7508617785338284,-0.687414274787423,-0.6224368167435448,-0.6354944744969248
retrieval,2,8,3,-2.0791205263389005,-2.1715550690379097,0.13315474171734273,0.023360655478007395
retrieval,2,8,4,-1.9059982575579804,-2.021713883113566,0.06151008318812199,0.07956533678207106
retrieval,2,8,5,-3.78684325204337,-3.6400152636068825,-0.7930185199328514,-0.5939486402468431
retrieval,2,8,6,1.6187232365172886,1.6507656195822837,-0.053228911813098446,-0.06303545428358984
retrieval,2,8,7,-3.3070779499224625,-3.315836104496569,0.24816414420402522,0.17756055255696995
retrieval,2,8,8,-3.383923518893496,-3.47441878845404,0.10807610474423755,0.2416956751172037
retrieval,2,8,9,-1.1599095188455113,-1.162798040944754,0.21858292776231641,0.21730789732866668
retrieval,2,8,10,-3.6034058398042235,-3.607063589231579,-0.41509016399834675,-0.3153731662087787
retrieval,2,8,11,-6.191641018954336,-6.286571951007094,-0.8735347182099261,-0.7448545523678893
retrieval,2,9,0,-1.5142078309206337,-1.6502155776168508,0.1045384973462699,0.1138763183611129
retrieval,2,9,1,-0.7251751084352841,-0.753738827940219,-0.25713932447940685,-0.3106238676799422
retrieval,2,9,2,-0.8299515633497035,-0.8789315739918641,0.21214404313766994,0.32062911792708854
retrieval,2,9,3,-1.706245136935902,-1.6614697622300862,-0.5377118190334281,-0.3768902165943467
retrieval,2,9,4,-2.073653596280169,-2.1000856062414637,-0.6172573381822876,-0.6507182950367452
retrieval,2,9,5,-0.677858928657295,-0.761789710711675,-0.028303527289508162,-0.06684306541565822
retrieval,2,9,6,-1.6656764340552435,-1.6146796750697392,-0.36467683670362183,-0.28679530604060643
retrieval,2,9,7,-3.340930194360411,-3.3191106717751784,0.07474375128365407,0.10972185340128388
retrieval,2,9,8,-2.5847544844727097,-2.5292394000612535,-0.2723097901424543,-0.24368285419415026
retrieval,2,9,9,-2.5862164218149863,-2.6823953975266845,-0.29648240292536926,-0.27710568489094817
retrieval,2,9,10,-1.477462894881931,-1.4750212953592827,-0.07293898793779273,-0.028854291040441286
retrieval,2,9,11,-0.27090167438439844,-0.2958494341325204,-0.08037403426599139,-0.13706548208631114
retrieval,2,10,0,-2.563137632367812,-2.5205719748399456,-0.16747885997116413,-0.12851671502583997
retrieval,2,10,1,-1.4546347881303257,-1.5531765183293074,-0.8959566732365892,-0.9056218006595433
retrieval,2,10,2,-1.4508767154443156,-1.4383154955042878,-0.3273379523359183,-0.30946064641325033
retrieval,2,10,3,-1.1221611674393481,-1.196253687334705,0.3205296284018512,0.3954785309098612
retrieval,2,10,4,-0.10213340040259618,-0.1539470564259062,-0.3734616659619904,-0.3375476197054882
retrieval,2,10,5,-0.9618876188119505,-0.9331058644619729,-0.8140663114998641,-0.7716069396886627
retrieval,2,10,6,-1.120765613944435,-1.0318843076116695,0.3086908158333473,0.3429858897846665
retrieval,2,10,7,-0.11087980280903738,-0.10114618535462339,0.31795954748858923,0.33244748583281486
retrieval,2,10,8,0.06588002427437095,0.09770536477790043,0.04177903074696123,0.08572546752448112
retrieval,2,10,9,-0.7474406633773363,-0.7178838671832196,-0.242493053557092,-0.23247863738519603
retrieval,2,10,10,-1.6554430893855396,-1.7667772220047968,-0.7802549265314004,-0.727014779720453
retrieval,2,10,11,-2.0723526010651923,-2.0836101983136923,-0.03378138154719402,0.016861630036748745
retrieval,2,11,0,-1.9831958826042406,-1.9771854342675441,-1.0094443259779642,-1.0120108230044693
retrieval,2,11,1,-1.5845402993411835,-1.7420629755713044,-0.6017435263598544,-0.4297787576092065
retrieval,2,11,2,-0.8565549546083934,-0.8999043584615366,0.04767098737036183,0.027264897686342496
retrieval,2,11,3,-2.410830359040618,-2.35738717917824,-0.21770021923915941,-0.13582418610066346
retrieval,2,11,4,-1.7841974259130675,-1.7002652195552752,-0.31725907255507846,-0.29530909297484653
retrieval,2,11,5,-2.2919701970224327,-2.2982680890888143,0.09085606342623828,0.11769142576648149
retrieval,2,11,6,-1.8142501112025318,-1.8482619047796407,-0.6103867868576326,-0.5297391715153368
retrieval,2,11,7,-1.7606477023580436,-1.8508310651001738,-0.4784011035631869,-0.4010039883587441
retrieval,2,11,8,-0.6961053438060935,-0.6412493644501329,-0.03591394918870973,-0.02435085157713769
retrieval,2,11,9,-2.2099511014309177,-2.2720250529777046,-0.29281149505334847,-0.3454099458598287
retrieval,2,11,10,0.1246221248356937,0.12461596828514955,-0.04672380849438683,-0.01026333297671965
retrieval,2,11,11,-0.5624419775320737,-0.55722497810134,-0.3179984315253446,-0.2935204065007881
retrieval,2,12,0,-2.790458191214609,-2.7790147991441168,-0.3386138446702141,-0.2575787005863327
retrieval,2,12,1,-1.417543527882801,-1.4190589782019476,-0.3342992812434582,-0.3210815067444268
retrieval,2,12,2,-2.8123075442716394,-2.8598926703416474,0.14534432049048857,-0.09817406284704146
retrieval,2,12,3,-0.36530444064050444,-0.3508250842036568,0.010345603037468,0.024752055281202855
retrieval,2,12,4,-0.3953395109560518,-0.4430926713895367,-0.18167091905844826,-0.18870410162837123
retrieval,2,12,5,0.07384585083790816,0.03632396555388665,-0.042143077005082644,-0.05965339820544499
retrieval,2,12,6,-3.746346062366811,-3.7969621825034157,0.05643265415425985,0.11354983843541241
retrieval,2,12,7,-3.777410069319482,-3.7057332078107272,0.09009063668136204,0.18277574441856176
retrieval,2,12,8,-3.1700468493534046,-3.300742883225187,0.00010901101306458327,0.01943547621445041
retrieval,2,12,9,-3.055409188576217,-3.096496036019168,-0.5739960697561977,-0.5255507252457493
retrieval,2,12,10,-1.8758493390838267,-1.7136741523455523,-0.2574335864443921,-0.3626957947324051
retrieval,2,12,11,-2.0577742396547674,-2.157089064706275,0.24236428198284662,0.23173005136973224
retrieval,2,13,0,-1.018113887606543,-1.0515537063751816,-0.2680705370177862,-0.11030059955356986
retrieval,2,13,1,-2.012564984756897,-2.051640752823871,-0.5430306864486187,-0.5411756782001226
retrieval,2,13,2,-1.1001649883701894,-1.10964756796201,-0.12032961546291351,-0.061040730342072407
retrieval,2,13,3,-1.0815401427027402,-1.0779669763615363,-0.12532724267491363,-0.11465541009799395
retrieval,2,13,4,-0.8875850852100742,-0.9073383747688321,-0.21959840792404764,-0.21440271446020615
retrieval,2,13,5,-1.7337289581416175,-1.782540655799527,-0.9682441854689982,-0.8781829387584227
retrieval,2,13,6,-0.9445166916287224,-0.9168483001162021,-0.20723412132831812,-0.1545725073882025
retrieval,2,13,7,-1.6385953288899948,-1.7986290076590243,-0.679360937154147,-0.6706616522579452
retrieval,2,13,8,-1.848691895489244,-1.9397750676958283,0.11720245516368498,0.23138117340381165
retrieval,2,13,9,-2.354646385508437,-2.3701516800651254,-0.5955223422757615,-0.5146245553730541
retrieval,2,13,10,-0.7331578991378443,-0.7872361587404885,-0.2988287837568551,-0.32510458394571745
retrieval,2,13,11,-1.8966652838716982,-1.915579439113273,-0.29744388483287904,-0.24760743872637975
retrieval,2,14,0,-2.1965995449575897,-2.2152741636405633,0.26985644240666806,0.2732031522858409
retrieval,2,14,1,-1.6738509997294566,-1.6794635716122837,-0.4817425586746713,-0.4417206884250533
retrieval,2,14,2,-1.085438660696809,-1.1504210976549796,-0.46140666913555267,-0.42183992939169856
retrieval,2,14,3,-3.2341347719453535,-3.3148820293430323,-0.2800501116875696,-0.21804121256002065
retrieval,2,14,4,-2.5148179327508924,-2.5117656980154117,0.23887728001651895,0.08037289323480727
retrieval,2,14,5,-3.0282866478272936,-3.116692482914397,-0.3918372665668083,-0.3142062246418102
retrieval,2,14,6,-1.0313978341294228,-1.0973288346873225,-0.03081146900146157,-0.00506074690107087
retrieval,2,14,7,-1.6150183655422061,-1.639547704624609,-0.07441867942632135,-0.04530456869296385
retrieval,2,14,8,-3.0410151425001364,-3.0221555384164147,-0.31480786541142286,-0.2760654408097678
retrieval,2,14,9,-0.31546168094986043,-0.29065549308900435,-0.06252485261723949,0.007598895271707971
retrieval,2,14,10,-3.2955661041099464,-3.279974563874473,-0.30565892891023283,-0.20280052590058606
retrieval,2,14,11,-0.86425082793287,-0.9204905632825334,-0.4161830928849349,-0.3632106074507337
retrieval,2,15,0,-0.9491428633592403,-0.9656758549430946,-0.24923823161033462,-0.19346162238906492
retrieval,2,15,1,-1.27483631747903,-1.2927383292787877,-0.9488446584782692,-0.780987057554176
retrieval,2,15,2,-1.338956353672528,-1.3620169913652866,-0.9742468302707908,-0.9132532949588507
retrieval,2,15,3,-0.7886676545419373,-0.8158060564346744,-0.2506799197102677,-0.23398331734514746
retrieval,2,15,4,-1.7539810510723752,-1.7454731739231784,-0.896608196556161,-0.7446785293233257
retrieval,2,15,5,-1.416178353736089,-1.5033063527712118,-0.3426599322588342,-0.2928264316940526
retrieval,2,15,6,-0.678741715193584,-0.7066413821091259,-0.26373369090592713,-0.23586661604076567
retrieval,2,15,7,-0.8157178494966488,-0.8056083225401153,-0.5078224256308302,-0.4335488797823804
retrieval,2,15,8,-1.2196890211363418,-1.2272458998058056,0.14092325527738073,0.14381038892676565
retrieval,2,15,9,-0.6348799812468215,-0.5958318188887194,-0.34116974856840215,-0.24905022918707032
retrieval,2,15,10,-1.1443853755511972,-1.1810982116845945,0.038615199299894536,0.13914599776716974
retrieval,2,15,11,-2.111472768737821,-1.9963745074315933,0.1292725567095355,0.1326514836889597
retrieval,2,16,0,-2.6919376344265165,-2.733593709773696,-0.631612076950429,-0.5307460006133146
retrieval,2,16,1,-1.0709045809710647,-1.0329307785058592,-0.2717219755015606,-0.22245328106937726
retrieval,2,16,2,-4.353493434593713,-4.160063250550724,-0.1953630319996322,-0.1087304717041376
retrieval,2,16,3,-0.6192984786529266,-0.616321784849362,-0.17294520825845258,-0.13698505074440737
retrieval,2,16,4,-1.691272903177402,-1.7713818354610005,-0.28484538475988097,-0.18515109202938518
retrieval,2,16,5,-2.971334981440979,-2.8918702193475627,0.03318420412684808,0.1627820906677757
retrieval,2,16,6,-2.5128379304543804,-2.511849936236661,-0.2190219805464179,-0.17252803330578015
retrieval,2,16,7,-1.037149468793642,-1.072409289488511,-0.4089098862982008,-0.3803668998923301
retrieval,2,16,8,-2.9757663427456618,-3.0131153000330535,0.04187195006321606,0.03881797544966309
retrieval,2,16,9,-4.880599918505639,-4.636081669234856,-0.3597958365699922,-0.32401842409884535
retrieval,2,16,10,-0.7407830666055416,-0.7468449345992436,-0.4282477805327745,-0.4002537620372406
retrieval,2,16,11,-1.1006288633781665,-1.2497905709465909,-0.22763896271086798,-0.20283711571745233
retrieval,2,17,0,-1.6184073146398905,-1.8115464764513505,-0.7799113310586102,-0.6925341092747946
retrieval,2,17,1,-2.105161697232777,-2.0589131879569185,-0.7603525635060865,-0.7806263569483862
retrieval,2,17,2,-1.0828273520782172,-1.1247303791586811,0.2753492319294661,0.15467858513182173
retrieval,2,17,3,-3.095063924066143,-3.3201356964373865,0.06810579245334544,0.2530060144361204
retrieval,2,17,4,-1.4916581552740087,-1.5175524885888514,-0.1793891962598839,-0.1419725064735876
retrieval,2,17,5,-2.921679485304757,-3.048103402017492,0.0164363900285085,0.07673995043790205
retrieval,2,17,6,-1.667324762143358,-1.6841977907087635,-0.786435193469115,-0.6820393464760031
retrieval,2,17,7,-4.670973552481679,-4.575495942931682,-0.3053152336474693,-0.09970270514973535
retrieval,2,17,8,-4.340659942097432,-4.346378534197039,-0.17246288726380693,0.048758231156312
retrieval,2,17,9,-0.9245649576791113,-0.8785272428402516,-0.18223021756244856,-0.1706512171982257
retrieval,2,17,10,-3.5934497555794276,-3.6442351178144925,-0.30079637056693737,-0.1448308057424593
retrieval,2,17,11,-1.431712333848142,-1.5069273905115628,-0.11868325624839081,-0.06678041201837037
retrieval,2,18,0,-0.5673298060874501,-0.5509264532025727,-0.29331163660850373,-0.29832159757278987
retrieval,2,18,1,-2.5747700692720445,-2.5862193963410425,-1.4826608913351893,-1.2046698107400196
retrieval,2,18,2,-2.8592082028682935,-2.732436962913493,-1.3064412508423016,-1.1723898973218019
retrieval,2,18,3,-2.8203330098705806,-2.765221842998512,-1.39635037024421,-1.1414145280127899
retrieval,2,18,4,-1.3753159501920205,-1.2991227096941476,-0.5145647906915979,-0.4270056195430372
retrieval,2,18,5,-2.3535341224525794,-2.3753810457933575,-1.1554199389125064,-1.0946626675902573
retrieval,2,18,6,-2.631228642233151,-2.5740475688532487,-0.83541473148292,-0.8411278940092345
retrieval,2,18,7,-1.9682491271533082,-2.0601375512739035,-1.199161274857216,-1.0209086774288756
retrieval,2,18,8,-2.9995565432994122,-2.8882951169436644,-1.2286235594531094,-1.1925191277163103
retrieval,2,18,9,-0.3252851286493847,-0.31282478124134705,-0.021017240300074513,-0.02686523794911841
retrieval,2,18,10,-2.24383997305091,-2.25734629483857,-1.0698257703247662,-0.9065974266018029
retrieval,2,18,11,-1.8603786661548274,-1.9932335012641669,-0.596881133935674,-0.6449841669474139
retrieval,2,19,0,-0.4091610457542159,-0.5331316021695617,-0.196566179159536,-0.18692965604027761
retrieval,2,19,1,-3.2914527662309783,-3.317866145872801,-0.4104875452232723,-0.3866165668124103
retrieval,2,19,2,-3.9413048510980713,-3.8798977745289265,-0.7206974446441119,-0.7682592262768445
retrieval,2,19,3,-3.107893026597542,-3.1193697731789367,-1.0551556338368562,-0.9304738297604314
retrieval,2,19,4,-1.947666815949048,-1.8355746597274534,0.25144286806592153,0.37761421303004944
retrieval,2,19,5,-4.06190038890212,-4.061635831488396,-0.3276851823326309,-0.3176158793344805
retrieval,2,19,6,-1.294075314473678,-1.399588787294813,-0.25334635765581837,-0.17727401875502705
retrieval,2,19,7,-1.9872906497540856,-1.9924697507801497,-0.5155977183313922,-0.49800634615758266
retrieval,2,19,8,-0.40133791508010574,-0.3792661905336476,0.052399438911561354,0.08851863855496014
retrieval,2,19,9,-2.518585899725618,-2.509471414391998,-0.5116240638361932,-0.44259368645072494
retrieval,2,19,10,-2.072272903971174,-1.9788746979933156,-0.725845498879996,-0.5898300022172771
retrieval,2,19,11,-3.312612255251111,-3.267314835398872,-0.4488799503271349,-0.45274231052835306
retrieval,2,20,0,-2.2836273242359955,-2.1681266459974746,-0.7432779671314762,-0.5630949439190179
retrieval,2,20,1,-2.0853491908554482,-1.9772159918810142,-0.716800453360805,-0.9860943793363587
retrieval,2,20,2,-3.088718449764294,-2.9875389488176016,-1.6088873206216117,-1.5134952326239817
retrieval,2,20,3,-1.662181564994898,-1.593862985932148,-0.802767490263826,-0.8412078868025005
retrieval,2,20,4,-1.2460221045519626,-1.5053118968206682,-0.29289037957159525,-0.27150610879694254
retrieval,2,20,5,-3.634571613315435,-3.4047575449305696,-1.3415750587105442,-1.4863155507050467
retrieval,2,20,6,-1.0748479116052687,-1.0545759177751006,-0.4559280212477084,-0.38759099322814955
retrieval,2,20,7,-7.080312983462051,-7.0458685092656195,-2.2450465950509297,-2.6651808867696323
retrieval,2,20,8,-3.5357541684645213,-3.4987371970393997,-0.29007295683409984,-0.35045145611777434
retrieval,2,20,9,-2.1047008758837134,-1.993581388407306,-0.7393905125504499,-0.7837300261204134
retrieval,2,20,10,-0.6972574815548381,-0.728527647598511,-0.07952534581250614,0.011852984534892863
retrieval,2,20,11,-4.246116971033293,-4.1496097493728135,-0.5255187833670961,-0.831868313818978
retrieval,2,21,0,-4.07183630173654,-3.9411421896568046,-1.2893508097230408,-1.1993521985400406
retrieval,2,21,1,-2.7936352303183534,-2.593593020469417,-0.3718895566229294,-0.32741558640298374
retrieval,2,21,2,-1.436355358613664,-1.3555381049301483,-0.18581454660069713,-0.04287605318415234
retrieval,2,21,3,-1.6397646232985483,-1.5721192157736643,-0.7801653906439303,-0.7438939209690899
retrieval,2,21,4,-1.8312529765910612,-1.7799831293500115,-0.02522482917359284,-0.05748225445476306
retrieval,2,21,5,-0.6802146573502413,-0.7128477464892474,-0.18197247537107025,-0.1810562349766296
retrieval,2,21,6,-1.8825109087648155,-1.8110782418023865,-0.3656098066329508,-0.3780320872962661
retrieval,2,21,7,-2.693792123786808,-2.8789412068498255,-0.4891512434266703,-0.5511449566963278
retrieval,2,21,8,-7.360613959897933,-7.252647971026893,0.5675992568603767,0.6335068719925611
retrieval,2,21,9,-2.303100996258802,-2.5312769653920557,-1.0478718992015599,-1.1925797728626528
retrieval,2,21,10,-3.0856140045390723,-3.065443998628815,-1.2110191704419881,-1.1095543714623006
retrieval,2,21,11,-3.35720783160336,-3.2362741505573354,-2.3950117319140256,-2.4069585875132335
retrieval,2,22,0,-1.0616630960088422,-1.0632215421988465,-0.28049648511659087,-0.25620875761764045
retrieval,2,22,1,-2.028755354627004,-1.958024090235867,-0.45113468223590336,-0.44932091163742444
retrieval,2,22,2,-2.3122651235855054,-2.2618123542289488,-0.2483654214136805,-0.13740110804422334
retrieval,2,22,3,-2.6439984472441025,-2.6046014263148414,-0.6094332541654945,-0.5039482328285628
retrieval,2,22,4,-1.697669228241642,-1.5894693160841031,-0.4640731821297804,-0.42630281031589046
retrieval,2,22,5,-2.8493684349194885,-2.8056187563482737,-0.8810425778069058,-0.744986622274334
retrieval,2,22,6,-0.7895910210040872,-0.9859452959087726,-0.04769092842263516,-0.01846241402788299
retrieval,2,22,7,-0.9540692335127244,-0.9455474803505416,-0.5901746386686545,-0.5512845317487334
retrieval,2,22,8,-3.554656666615301,-3.5523137915994045,-0.9562622270067401,-0.7412060154167379
retrieval,2,22,9,-0.29612558207690426,-0.2916950009612112,-0.1419810079878999,-0.10253996853119773
retrieval,2,22,10,-2.150741623020776,-2.2899096105140657,-0.5789018490015753,-0.503279968425514
retrieval,2,22,11,-1.9161212603405955,-1.9462161348508336,-1.5275576878312995,-1.3818893829662624
retrieval,2,23,0,-2.167918233262805,-2.171011692307546,-0.19355638845051748,-0.12097044647767324
retrieval,2,23,1,-4.630708051787303,-4.527756733406895,-1.1189360352836495,-0.986375399300213
retrieval,2,23,2,1.138318872728213,1.2570401294429847,-0.1103910151468492,-0.009914374853295209
retrieval,2,23,3,-2.348302749976075,-2.538858010378049,-0.6163587464348121,-0.44129324425607475
retrieval,2,23,4,-1.8494249571452517,-1.8821391916661157,-0.7363361341319545,-0.7824893266899919
retrieval,2,23,5,-1.9340508519181592,-2.0942833950703537,-0.43147281380384955,-0.45111307037261106
retrieval,2,23,6,-1.053065689898031,-1.181029834348237,-0.2014594864000883,-0.19434901131730223
retrieval,2,23,7,-2.773466295509308,-2.6664022192364842,-0.7575338888690535,-0.7936137374754276
retrieval,2,23,8,-1.7737790391987334,-1.7720578469433725,-0.4632362433930945,-0.4714450610801306
retrieval,2,23,9,-2.987433681701834,-2.9232397333017848,-1.0471383004472814,-0.6975562147000431
retrieval,2,23,10,-4.657282370062629,-4.561012808025681,-0.6588888527755333,-1.5944300483863851
retrieval,2,23,11,-2.774969574226487,-2.829751669032541,-0.6490441370914115,-0.6374536443741348
retrieval,2,24,0,-2.951553827721744,-2.912268880400285,-0.9889013805031759,-0.6553440072863659
retrieval,2,24,1,-3.1805485366965396,-2.991321110911784,-0.7296260999613178,-0.6001983363929836
retrieval,2,24,2,-2.6936769729742065,-2.646940510805198,-2.2149189729276766,-2.2068278719568366
retrieval,2,24,3,-0.39502626413992464,-0.45299481224212584,-0.16716312897694496,-0.10515271046954155
retrieval,2,24,4,-0.9660672482416425,-0.9537453027024867,-0.1156632127515048,-0.0731002076785089
retrieval,2,24,5,-2.765594655219175,-2.8326368049656145,-0.25188479879466624,-0.25744320009062227
retrieval,2,24,6,-3.142729848597351,-2.9141655322604394,-1.1080834055900632,-0.7129879514440972
retrieval,2,24,7,-3.9504933901258936,-3.6115636022138786,-1.0552441026221684,-0.9304253595939723
retrieval,2,24,8,-2.6344080913244974,-2.5994442022529154,-0.38202900382689287,-0.4774924445983172
retrieval,2,24,9,-1.88805162594101,-1.7617889322897156,-0.5486435648844594,-0.2933591291641125
retrieval,2,24,10,-2.009867643796626,-2.251004310114228,-0.4009510522920149,-0.4167370627518711
retrieval,2,24,11,-3.5793943589807835,-3.3281007361121735,-1.057486845378696,-0.7698955916873991
retrieval,2,25,0,-1.764305554650008,-1.7126853507137134,-0.36607826232273977,-0.3608976199531899
retrieval,2,25,1,-3.065070604797942,-2.7361945968521604,-0.6177564613299327,-0.702604743964
retrieval,2,25,2,-2.5934328971099414,-2.5727350976086285,-0.6168418594440401,-0.5567258456781315
retrieval,2,25,3,-2.4701616759725673,-2.380716786119118,-0.6214986796865836,-0.4667390060792691
retrieval,2,25,4,-1.8597426621155189,-1.9360225316839141,-0.5099563641733348,-0.5225362577441721
retrieval,2,25,5,-0.755103416046452,-0.7625402471376446,-0.4926921792501202,-0.35224890851180346
retrieval,2,25,6,-2.874656038115422,-2.9765867775318955,-1.2430974376362633,-1.323507712133671
retrieval,2,25,7,-1.7307023787131195,-1.777563098359255,-2.2290918310865853,-2.3976379332180335
retrieval,2,25,8,-1.7972226847173145,-1.9009027140619346,-0.8341497491888298,-0.7098343122226785
retrieval,2,25,9,-1.3714582929593357,-1.415402484741513,-1.453166319329435,-1.3909873812773537
retrieval,2,25,10,-1.037041508986485,-0.9935746013118204,-0.17793267729104476,-0.12500959903948392
retrieval,2,25,11,-2.5766573989939743,-2.486151540004131,-0.36034715814210766,-0.259309152215164
retrieval,2,26,0,-0.6996527682582979,-0.6639869399245292,-0.46642039187253315,-0.3831624145225671
retrieval,2,26,1,-2.5473035726581656,-2.720576574900193,-1.2945247693699993,-1.3235275037381362
retrieval,2,26,2,-3.6651734871650556,-3.4504007895285613,-0.5807837808745681,-0.41863820210522784
retrieval,2,26,3,-0.7792366677085543,-0.7027530775497994,-0.27885521483063264,-0.1604923933501436
retrieval,2,26,4,-1.741620259662259,-1.6834585525453492,-1.48197128478775,-1.4514125499594683
retrieval,2,26,5,-2.136722953233536,-1.980198310549224,-0.7954151737196076,-0.6288115175083427
retrieval,2,26,6,-2.4483712270881526,-2.263529677907728,-1.0026317084173753,-0.712341209881559
retrieval,2,26,7,-2.53505486529461,-2.421545089573522,-0.9398260285993665,-0.896130546530717
retrieval,2,26,8,-3.9041640210698745,-3.5045952109507206,-1.1369449488413945,-0.9268834857970891
retrieval,2,26,9,-2.6026659378422123,-2.4242199799595734,-0.7463786268291699,-0.5793827290866846
retrieval,2,26,10,-3.5678293596209856,-3.4926537502709305,-1.4628226932022348,-1.3150223792529134
retrieval,2,26,11,-1.104763836701913,-1.2067886974531359,-0.3581635668843845,-0.27319269266859664
retrieval,2,27,0,-0.7283976620980712,-0.6987739774160081,-0.15380510114738657,-0.06380413635229107
retrieval,2,27,1,-1.7531768301289532,-1.796525463805761,0.7158912513386729,0.6771948396262296
retrieval,2,27,2,-4.182327544345009,-3.848024191868081,-0.8872373931645905,-0.765689354643197
retrieval,2,27,3,-3.2439544985952486,-3.198695133273118,0.028140126685630075,0.022781633644958
retrieval,2,27,4,-0.7621840453484996,-0.6051478462733851,0.012864683703232991,0.11047194855339126
retrieval,2,27,5,-0.5653432965133991,-0.5904984896253535,-0.07354631495740832,0.0069570694763868325
retrieval,2,27,6,-3.2187062395735198,-3.2267860551518908,-1.8401566260497366,-1.855122212944863
retrieval,2,27,7,-0.5250024797639238,-0.5507902310917302,-0.843570582193812,-0.8622973003877583
retrieval,2,27,8,-2.1845700833954145,-2.280603872066725,-0.4164246651399285,-0.4243550928338941
retrieval,2,27,9,-3.1871888571593416,-3.1546132961727267,-0.6054621660293689,-0.6863223339337299
retrieval,2,27,10,-1.5318866361164265,-1.3422548301959145,-1.1471327389393824,-1.068739053280205
retrieval,2,27,11,-2.2436380631319603,-2.060883753074989,-0.32471118791708975,-0.1444013740158942
retrieval,2,28,0,-12.07488175728613,-12.032615009176206,2.2672089150055426,2.3670123908779264
retrieval,2,28,1,-7.041131374722155,-7.048450249983642,0.5018973834789829,0.5847546351169952
retrieval,2,28,2,-4.508680437284969,-4.429843110798172,-0.24843485749674563,-0.03683395463522578
retrieval,2,28,3,-2.0222758811905726,-2.008353747147901,-0.33919156346611495,-0.2500930581826227
retrieval,2,28,4,-1.9754250383279295,-2.0003894474572284,0.02131645388321261,0.11094338489667628
retrieval,2,28,5,-2.345328475482211,-2.3268507166341132,-1.119968682136723,-1.0910047807401713
retrieval,2,28,6,-2.175905102210805,-2.2536868529436904,-0.8719096014429083,-0.9488881377052131
retrieval,2,28,7,0.2094644357515226,0.17532098440997287,0.4838949175685434,0.550005823372102
retrieval,2,28,8,-1.0900651003602164,-1.0078139673252846,-0.17922786480677297,-0.3305164478283601
retrieval,2,28,9,-2.2580849631288618,-2.228985452073959,-0.5692525230764847,-0.5513824682752291
retrieval,2,28,10,-3.432717568871626,-3.538147961539251,-2.4702409695720937,-2.384776525016394
retrieval,2,28,11,-0.937587762168953,-0.9088560868321869,0.029951593566905035,-0.13291138580288508
retrieval,2,29,0,-7.1039641575383525,-7.409085049039594,-1.8325419608560602,-1.9152645602273166
retrieval,2,29,1,-1.565889296827242,-1.5254333832453637,0.13639168955692424,0.13527598081654474
retrieval,2,29,2,-0.14792700644290466,-0.3839530401217843,-0.3657012118778089,-0.4103971415481131
retrieval,2,29,3,-3.5589311155636287,-3.4011132152238983,-0.42333338031678486,-0.33784391105825967
retrieval,2,29,4,-3.294565448981205,-3.2889547862219004,0.164047551403463,0.14378538146290792
retrieval,2,29,5,-2.7248457885713577,-3.0266986233356294,0.41665964286158014,0.47058685283751805
retrieval,2,29,6,-1.7106284185050293,-1.7344393978543742,0.07448254784194912,0.1317554498493103
retrieval,2,29,7,-0.30774206899030626,-0.3096957145289673,-0.49767829158118626,-0.5444225940066533
retrieval,2,29,8,-2.5857949153759834,-2.695289739547109,-0.09435153001261215,-0.03854592263530868
retrieval,2,29,9,-1.0306957728960828,-1.3983472652791542,3.7383331606745758,3.5629953017138463
retrieval,2,29,10,-0.4536730057627283,-0.34751715419541246,0.07382918090177384,0.04182269387410639
retrieval,2,29,11,-2.9969915938554195,-3.378245750815877,-0.3695312268452468,-0.42007999673941043
retrieval,3,0,0,-4.745238517438563,-4.743563427322147,-0.6540475301237506,-0.7411347367151923
retrieval,3,0,1,-5.079667997755764,-5.097036694270064,0.612270284179266,0.5318517174258468
retrieval,3,0,2,0.26408142689050046,0.24867870525932523,0.17630076736934383,0.1383387729549265
retrieval,3,0,3,-0.1887825658133706,-0.16046593102478546,0.03348710505564815,0.04944631083665002
retrieval,3,0,4,-2.9705351293713664,-3.01420802682577,-1.5134467218934884,-1.5200267874961022
retrieval,3,0,5,-4.9107182754948004,-4.991484402631433,-2.072816269834386,-1.90836791898465
retrieval,3,0,6,-2.794018659346593,-2.805028469788384,-1.1738244096317183,-1.1731548076900389
retrieval,3,0,7,-3.667353342480176,-3.6841321484507312,-0.819631439359136,-0.8489018930829678
retrieval,3,0,8,-0.04667988256206246,-0.01997406405670135,0.14181212173977886,0.09831980197127202
retrieval,3,0,9,1.8140344507916357,1.8678996619803,0.7644909863584983,0.7499963196516948
retrieval,3,0,10,11.48303076681816,11.531720147848963,0.9625228996182063,1.0269350692801358
retrieval,3,0,11,-3.1562967912066235,-3.1923773715364425,-1.4916940747121656,-1.486854920319214
retrieval,3,1,0,-2.724032660649852,-2.7446643096920926,-0.843533943572425,-0.9122139421046187
retrieval,3,1,1,-3.8970589971789185,-3.7071340505881376,-2.534184870493083,-2.1997399768890418
retrieval,3,1,2,-3.7033231486260285,-3.820510007290133,-0.526189530844175,-0.5986149856399234
retrieval,3,1,3,-1.8921923753589505,-1.8735023040339718,-0.22222462961711775,-0.26828570275340197
retrieval,3,1,4,-4.305882869696704,-4.392144326102886,0.8206871731834676,0.8371362106127883
retrieval,3,1,5,-0.10763044838004289,-0.06656131657939714,0.3322209816836333,0.31497079358062385
retrieval,3,1,6,0.5626590116873943,0.5029364125850718,0.05196062270953237,0.004506698233706117
retrieval,3,1,7,-2.214593053777864,-2.1532666874580886,-0.27326841747594544,-0.19015263202294486
retrieval,3,1,8,-4.848184901940955,-4.5228342134137405,-2.087706555639603,-2.1854484106803023
retrieval,3,1,9,-3.0950135889616237,-3.1382873957420307,0.13972397292153854,0.15580280075737124
retrieval,3,1,10,-0.13216101683943976,-0.0971622805494642,0.12464823853582258,0.19046232764267526
retrieval,3,1,11,-2.938534629564526,-2.8763094612824553,-0.7445983301206857,-0.6838512571620379
retrieval,3,2,0,-1.161732672545358,-1.1490900150352445,-0.2874677109190286,-0.22087075200141176
retrieval,3,2,1,-1.3817854318931986,-1.3570310940537056,-0.13521319157136763,-0.10466990334181923
retrieval,3,2,2,-2.4020982856768973,-2.234343656080221,0.9465470609892468,0.9498867153796767
retrieval,3,2,3,-3.121161180161394,-3.083898001860651,-1.0928438424237024,-1.0580501956371655
retrieval,3,2,4,-10.301827287530838,-10.395809611089108,-3.12633830724427,-3.0116046558670915
retrieval,3,2,5,-0.18868124148031631,-0.23502000769663214,1.3634767844619395,1.3568271924401107
retrieval,3,2,6,0.10974463298266135,-0.05886668018652702,-0.3309517853453448,-0.3257544465092738
retrieval,3,2,7,-0.2944147938050845,-0.24444863206312575,0.23035570990883986,0.22195892399855452
retrieval,3,2,8,-1.5309878331987026,-1.3962181772872073,-0.6611628298027582,-0.6984694910369282
retrieval,3,2,9,0.5523646321111233,0.6320831901528573,0.9645183367764695,1.029472541396011
retrieval,3,2,10,-0.002894671950826294,-0.05396911348408052,-0.7062866307108466,-0.6802317672556014
retrieval,3,2,11,-1.102646191961939,-1.0788457685263202,0.037558441567395434,-0.04137043025101262
retrieval,3,3,0,-2.492985662659301,-2.778141972904144,-2.072466538960634,-2.0386913856341002
retrieval,3,3,1,-2.321500323907633,-2.2296087722155704,-0.21644180635205076,-0.2827299727967186
retrieval,3,3,2,-1.8566987304042237,-1.8766563099890938,-0.899191977406812,-0.9007070801261435
retrieval,3,3,3,0.2516519246630866,0.17988718657905833,0.14932565148034554,0.14038374818749266
retrieval,3,3,4,-1.4664767100038814,-1.530132081326915,-1.9008883428935677,-1.913189109833405
retrieval,3,3,5,-2.6659188680926746,-2.765848283753685,-0.19956276541524937,-0.199867517087646
retrieval,3,3,6,-1.9860076796349777,-2.0032141228058995,-0.44046432444649736,-0.48826295934575553
retrieval,3,3,7,-0.11451283902927312,-0.17282295998140743,-0.5742571626065751,-0.3798841587496581
retrieval,3,3,8,-2.3978378487263368,-2.409234630696863,-0.5584326355327051,-0.6806682203087272
retrieval,3,3,9,-1.6236811117795364,-1.55283894964468,-0.3661215996037898,-0.4673859552600698
retrieval,3,3,10,-0.7527137141595874,-0.7717070020558148,0.19211168523326083,0.15134953201022852
retrieval,3,3,11,-2.2544962035726948,-2.307122530679926,-0.9196458152025608,-0.9015934766488963
retrieval,3,4,0,-1.7957800021199557,-1.6810479986739464,-0.8619631509040028,-0.8239204705375137
retrieval,3,4,1,-3.2961718747770057,-3.187035709716121,-0.5388529293895249,-0.453660838815497
retrieval,3,4,2,-3.1626570578977105,-3.068025832475449,-0.6826530667893717,-0.47082596054810655
retrieval,3,4,3,-4.295556291801197,-4.115960642704841,0.7199170060176859,0.6210096855087068
retrieval,3,4,4,-2.556973676179318,-2.593510870797845,-1.084915144270602,-0.9127088923136659
retrieval,3,4,5,-1.4834948465405453,-1.384331865993411,-0.5348743888567263,-0.6814085086703462
retrieval,3,4,6,-1.666612392650059,-1.7227542141776422,0.3420142974843195,0.2707740416620692
retrieval,3,4,7,-1.9828246998577352,-1.986949198268918,-0.23147868324523285,-0.30404365323515203
retrieval,3,4,8,0.5831392761964557,0.5361154898501269,-0.0006707156541473692,-0.03991137275773215
retrieval,3,4,9,0.5827047722879886,0.47906392577730034,0.17918338494780064,0.19434382398537695
retrieval,3,4,10,-1.9321610903275908,-2.0289561913242973,-0.1183095474264244,-0.0326110693077243
retrieval,3,4,11,-1.713849619327431,-1.7101287813648334,-0.31524652040980367,-0.32885055014199727
retrieval,3,5,0,-4.653965639391502,-4.562531582851109,0.450524910726847,0.6093073238965226
retrieval,3,5,1,-1.8543034368934865,-1.7869081236158741,-0.6300586167127971,-0.574065554816353
retrieval,3,5,2,-2.232111800225901,-2.1421846784168586,-1.693030763569874,-1.7884448438131906
retrieval,3,5,3,0.7451517359962537,0.7784977574350785,0.05492771124031163,0.019759084115720634
retrieval,3,5,4,-1.1797140721043344,-1.2081245906127105,-1.164855966299733,-1.2145151246425074
retrieval,3,5,5,-1.279582558179267,-1.2288498157170842,0.5370270775077515,0.5425450460502625
retrieval,3,5,6,-2.4861403508676854,-2.299724648849965,-0.4412502329720072,-0.5871787210245215
retrieval,3,5,7,-2.142651847626996,-2.2293133059426284,0.9490672117036995,1.0292261814150967
retrieval,3,5,8,0.05368301611335049,0.01318193242768325,-0.17896220467085838,-0.18202462157442065
retrieval,3,5,9,-5.156969350989811,-5.1409620542552075,-1.9604961298755517,-1.9427084419148173
retrieval,3,5,10,-2.3402104705063675,-2.4098220189993813,2.5566752579335583,2.5650827780359458
retrieval,3,5,11,-1.796199834366048,-1.8355972711002664,-0.6415024144602309,-0.6143637547737637
retrieval,3,6,0,-0.9574002007767723,-0.9597910639845092,-0.15996312700974702,-0.09783422570928978
retrieval,3,6,1,-0.7662024917759775,-0.7615460388491404,0.014747938600507268,0.025955212726854113
retrieval,3,6,2,-2.723528654902477,-2.5875914312229398,-0.5156824405955407,-0.5070768166222781
retrieval,3,6,3,-0.5095071745994367,-0.5099775096286886,-0.1881712746679292,-0.14041775182202945
retrieval,3,6,4,-1.964184229826942,-1.9392562528836044,-0.6431565688845265,-0.5734743311955267
retrieval,3,6,5,0.1725333295549865,0.18264861244624475,0.22781726610868022,0.2597809264826944
retrieval,3,6,6,0.21220788877437188,0.2036957663523478,0.11610911279142189,0.12682258350525055
retrieval,3,6,7,-0.5043366773096184,-0.5844318130565349,-0.0576010051106223,-0.07977353146489269
retrieval,3,6,8,-1.014574259152434,-1.0019404444372384,-0.2714240954183479,-0.2701524194490629
retrieval,3,6,9,-1.0839911705476297,-1.0595289093711937,-0.04307690070322695,-0.043236415231961034
retrieval,3,6,10,-1.3535871675691649,-1.322718918832053,-0.4780539081497469,-0.4816413504897728
retrieval,3,6,11,-0.7607019210491659,-0.6350451671073657,-0.14749457313304243,-0.3160270703967661
retrieval,3,7,0,-2.2350188411546683,-2.3876372706998232,-0.8175485042150091,-0.6684388040347835
retrieval,3,7,1,-4.08292143851526,-4.265048192420693,-0.09785401406925623,-0.0032550846395073274
retrieval,3,7,2,-1.016739978763742,-1.0006047729228524,-0.11225722441802582,-0.1586524608716131
retrieval,3,7,3,-2.2902218685033984,-1.967306307585938,-0.29547450129974817,-0.4036795861808712
retrieval,3,7,4,-2.621666103345289,-2.5785256109629215,-0.4126566890741368,-0.35537719489557906
retrieval,3,7,5,-1.484784958539458,-1.494584204859839,-0.7884484151972818,-0.734133786904355
retrieval,3,7,6,-1.5902927367945219,-1.7315531220146083,-0.03579004053502707,0.029846471050798934
retrieval,3,7,7,-4.0137547977991135,-4.159545661893323,-0.1262423026382616,-0.0633034211515883
retrieval,3,7,8,-3.642549751499844,-3.663411053201337,-1.9914128935084021,-2.0056701225196645
retrieval,3,7,9,-1.6582175975291171,-1.7370416918688454,-0.5463859848065437,-0.5262212979460007
retrieval,3,7,10,0.006337126798494638,0.039818955546874035,0.23466875123515396,0.24160787282259003
retrieval,3,7,11,-1.8330718680998699,-1.797076364125421,-0.2258339265067158,-0.19950522701906834
retrieval,3,8,0,-3.451552933014461,-3.532927699731452,-0.510527497426888,-0.4904531948218656
retrieval,3,8,1,-4.982893468142613,-4.971869078362179,-0.3000562078108252,-0.18908966190007995
retrieval,3,8,2,-0.523090905063762,-0.4930386420412956,-0.5247940034818436,-0.5692955196896153
retrieval,3,8,3,-1.8968714706592935,-2.0446605130722166,0.17167328437612725,0.05935954963154548
retrieval,3,8,4,-1.8121778752002058,-1.9696409063711693,0.0604441772191284,0.025854829496927665
retrieval,3,8,5,-3.5131073658528,-3.4234033686226812,-0.6816074039705766,-0.504182192513347
retrieval,3,8,6,1.6568759096615864,1.7081525657014704,-0.10938634268555217,-0.10059213562494489
retrieval,3,8,7,-3.107227182507723,-3.1064976715968715,0.2606284815423435,0.2048041727759469
retrieval,3,8,8,-3.006899154148647,-3.1059137710853535,0.09842600594861962,0.2362872712609414
retrieval,3,8,9,-1.1217299881022262,-1.0971800303110764,0.220447286159371,0.21901905802653815
retrieval,3,8,10,-3.0889968563624017,-3.2470822672150006,-0.3218991809501697,-0.21761108846706642
retrieval,3,8,11,-5.664971877542904,-5.798364024108358,-0.7915581429769668,-0.714688875435033
retrieval,3,9,0,-1.395136359269822,-1.5309116207340858,0.04823559229071905,0.05237824133066407
retrieval,3,9,1,-0.6385150726710922,-0.6437470764152954,-0.16278369700253942,-0.22786360204163042
retrieval,3,9,2,-0.5165771923694975,-0.5603578764617538,0.14915655829440996,0.2524082659003348
retrieval,3,9,3,-1.7985829847882548,-1.779470441326356,-0.571672070212372,-0.4682573070159958
retrieval,3,9,4,-1.8701489711139134,-1.914166836018041,-0.5414163694294701,-0.5945097879760833
retrieval,3,9,5,-0.6175621820199368,-0.6756819737279337,-0.010608096832582284,-0.03868152695497068
retrieval,3,9,6,-1.7983242540296962,-1.7497458086451345,-0.4483853875238407,-0.4092630488901798
retrieval,3,9,7,-3.1439746761299197,-3.1391777772039666,0.10680634616109756,0.10978166805043943
retrieval,3,9,8,-2.602539098268251,-2.542429545482164,-0.2668682649039441,-0.17112488787633656
retrieval,3,9,9,-2.245499627422848,-2.3980207061351955,-0.2891640277604215,-0.2674612009004427
retrieval,3,9,10,-1.2817646511624627,-1.2965576139596862,-0.07319162825295566,-0.027717606366098838
retrieval,3,9,11,-0.2871532276509136,-0.2735091154779521,-0.09232069263053101,-0.14920634513025582
retrieval,3,10,0,-2.1976015881116076,-2.1424155603995985,-0.16574772336662136,-0.08975296553463975
retrieval,3,10,1,-1.650632198594221,-1.7546314789173403,-0.9249767254351539,-0.9618195911009935
retrieval,3,10,2,-1.5439521159656844,-1.527092471507446,-0.3290654281614392,-0.3429006423749807
retrieval,3,10,3,-1.0794145248400555,-1.140043706079726,0.2558977184347851,0.31702809910310037
retrieval,3,10,4,-0.09995252808772441,-0.1388298080702299,-0.40319473156200125,-0.35853822377319655
retrieval,3,10,5,-0.9409384931010694,-0.941297140082324,-0.8556233178180986,-0.8479745676936888
retrieval,3,10,6,-1.251806909368247,-1.1434214229018675,0.24400747230200018,0.27154653279508423
retrieval,3,10,7,-0.09844491638219179,-0.06175233525414477,0.28080756730798406,0.29568590083732565
retrieval,3,10,8,0.07674447617735972,0.13293711624005505,0.051966344259177975,0.08485806799322984
retrieval,3,10,9,-0.6970270698267041,-0.6743832272269293,-0.21708389407531803,-0.17836470448154285
retrieval,3,10,10,-1.8834379114731672,-2.0036078811723304,-0.8598538826891204,-0.819788514493037
retrieval,3,10,11,-1.8255633029409564,-1.8559656341681336,-0.06958085410549612,0.003948411061281212
retrieval,3,11,0,-1.956786451711589,-1.945638921176717,-1.0489380804497517,-1.0377982596280984
retrieval,3,11,1,-1.4187525477831713,-1.5705605329218735,-0.613861719595032,-0.4695318473189222
retrieval,3,11,2,-0.795322640522642,-0.8409053564500263,0.01996560047594131,-0.004740148466463921
retrieval,3,11,3,-2.2713791947201742,-2.25227358029337,-0.1854014498507287,-0.14237359330268895
retrieval,3,11,4,-1.6561935030548225,-1.6168495289477798,-0.3300304801794174,-0.32886148193700077
retrieval,3,11,5,-2.341883641155892,-2.332548260918957,0.0680603565693248,0.10310264625158917
retrieval,3,11,6,-1.6617723772803406,-1.6979423071898367,-0.6894884329198964,-0.5858648464885617
retrieval,3,11,7,-1.4739606648674315,-1.5517317796936727,-0.49491120435840763,-0.4110147972630952
retrieval,3,11,8,-0.7525388455744616,-0.6713396040933696,-0.059910646960244326,-0.04223270886439553
retrieval,3,11,9,-2.0397001194166404,-2.065133671311495,-0.17542879914556203,-0.19708402108391707
retrieval,3,11,10,0.12600020863798767,0.13815638385446674,-0.08833990292460596,-0.04278020937424012
retrieval,3,11,11,-0.6173591112463086,-0.60759997418015,-0.325426487411248,-0.3120586204613356
retrieval,3,12,0,-2.443288437417032,-2.500489473711705,-0.39255050668121894,-0.35018205655269474
retrieval,3,12,1,-1.3075060220798427,-1.3089887940651357,-0.4148955128466641,-0.3657407057090509
retrieval,3,12,2,-2.245442952340009,-2.3767822961032015,0.10400108174036006,-0.021091419413127428
retrieval,3,12,3,-0.3880638843505378,-0.37528872283045916,0.024881649148628268,0.04098729396881319
retrieval,3,12,4,-0.5187155749875335,-0.5522980652232398,-0.22295073677248717,-0.2126634858725707
retrieval,3,12,5,0.04772965456052868,0.02574877840504647,-0.0311944580188181,-0.03636102934756424
retrieval,3,12,6,-3.538767383544661,-3.6137836346141143,-0.0017688645941802124,0.0035078351987267026
retrieval,3,12,7,-3.4813894797227802,-3.444166226656883,0.041319802516655985,0.11752193056385131
retrieval,3,12,8,-2.2058739161186867,-2.4185493332264976,0.22299588150465566,0.20646830138905017
retrieval,3,12,9,-2.848980702464304,-2.9199851629058635,-0.5947885547818539,-0.5501776885792303
retrieval,3,12,10,-1.7771938052278704,-1.6182714150126982,-0.22491354825317422,-0.3368700415322806
retrieval,3,12,11,-1.7954636507697825,-1.912000038680423,0.24333736612233534,0.2235768627292307
retrieval,3,13,0,-0.9873426206481075,-1.0279913319721234,-0.35345918895571776,-0.20099459043988632
retrieval,3,13,1,-2.1693232698426637,-2.196656761897602,-0.6486654964045435,-0.5872391949434852
retrieval,3,13,2,-1.0675162381254504,-1.0140873197999867,-0.16467186439022805,-0.10000483839152396
retrieval,3,13,3,-0.795756949634297,-0.7926773069146584,-0.11858986843336623,-0.10830978009628721
retrieval,3,13,4,-0.7411054832271334,-0.7581998392341042,-0.24178623459503787,-0.2296817192741915
retrieval,3,13,5,-1.5540007643849776,-1.626349407886172,-0.962134409611707,-0.8748402278553578
retrieval,3,13,6,-0.7814310293340753,-0.75332050394586,-0.21710310231305713,-0.17313085797153005
retrieval,3,13,7,-1.564181194325729,-1.6945084842515568,-0.7101838504381472,-0.6674701722066781
retrieval,3,13,8,-1.799219613294132,-1.8685157937199082,0.07138697764221602,0.1791495660202215
retrieval,3,13,9,-2.145539493285594,-2.1762824731641417,-0.6526355737297932,-0.6022564037975109
retrieval,3,13,10,-0.7178615344669615,-0.7568566247553347,-0.3051200632402275,-0.34034959668456644
retrieval,3,13,11,-1.709412040734936,-1.7523116202210236,-0.2558128009919761,-0.19673484236692196
retrieval,3,14,0,-1.9055617628162576,-1.948590258984665,0.2550930192522282,0.2376163418915813
retrieval,3,14,1,-1.6723824271348515,-1.6615683231487053,-0.5236621010686706,-0.5099623905812217
retrieval,3,14,2,-1.2037079107717932,-1.2406358303656362,-0.4991360464036871,-0.4564004570780761
retrieval,3,14,3,-2.9419071239167565,-3.0228600603637275,-0.3155181297110117,-0.250747603222704
retrieval,3,14,4,-2.3917226910012848,-2.379995788445059,0.2330244435369582,0.07372138242439973
retrieval,3,14,5,-2.8026069663418824,-2.88726140409419,-0.34022347567841404,-0.277288211393599
retrieval,3,14,6,-1.0474356661587614,-1.1099581730590875,-0.038377854187519225,0.015736961143913854
retrieval,3,14,7,-1.5391000141884283,-1.5555299880802853,-0.11399126158965542,-0.08506393445764279
retrieval,3,14,8,-2.750953776136986,-2.7792817853581475,-0.29635480649434903,-0.21450845774422786
retrieval,3,14,9,-0.27369481594191586,-0.22733494410893593,-0.04330117924311078,0.015170441036034536
retrieval,3,14,10,-3.0240128848776493,-3.0611277470693348,-0.22585816160810088,-0.15134985496873826
retrieval,3,14,11,-0.8236415180672879,-0.866198283649292,-0.4396267051751634,-0.3848224806546009
retrieval,3,15,0,-0.8868273764306683,-0.8789122500086631,-0.24083897996129572,-0.2009474185641322
retrieval,3,15,1,-1.222450963084768,-1.2362948270196747,-0.9313592776397032,-0.7777638200302244
retrieval,3,15,2,-1.4253154812567914,-1.4605039704224865,-0.9679679980678725,-0.9033746370249451
retrieval,3,15,3,-0.8949049279352126,-0.8993962914333437,-0.29953229510057866,-0.26875618437565313
retrieval,3,15,4,-1.6391724696434633,-1.6478318274933266,-0.9120878336390955,-0.7568468505466847
retrieval,3,15,5,-1.3481322744280926,-1.402302604715836,-0.3667204202661339,-0.3195584962139232
retrieval,3,15,6,-0.6913184966237803,-0.7109411845831346,-0.24575850135399735,-0.22000160578436018
retrieval,3,15,7,-0.9511357912639701,-0.9242351131772235,-0.5249187062948628,-0.4571366411428015
retrieval,3,15,8,-1.018218479321532,-1.0425155394197632,0.24527203414288382,0.22004348798432488
retrieval,3,15,9,-0.5183962787439711,-0.4766613453491697,-0.3608713634950841,-0.28130793623278466
retrieval,3,15,10,-1.183963297386014,-1.2138446802912655,0.027650377020506902,0.12448281885406702
retrieval,3,15,11,-2.0549680991533523,-1.9498923432293402,0.148145532261801,0.15773434795196745
retrieval,3,16,0,-2.693749176767151,-2.7729626230500872,-0.6939044838169578,-0.6230963743959308
retrieval,3,16,1,-1.369083564680519,-1.3365611484354198,-0.34481071705243543,-0.26641385484598845
retrieval,3,16,2,-4.071490695253867,-3.8909705531757557,-0.18432773020019724,-0.018409925975386487
retrieval,3,16,3,-0.652208450555364,-0.6303759885487746,-0.1406566015170234,-0.11450874842027725
retrieval,3,16,4,-1.5737637949452292,-1.6557401641130927,-0.30230834172162846,-0.22857717119145005
retrieval,3,16,5,-3.019894489167147,-2.9472105656464955,-0.01462068810461364,0.10749147346128249
retrieval,3,16,6,-2.338065769709492,-2.3425698651549722,-0.1688196188877543,-0.16145641686041445
retrieval,3,16,7,-1.0330793378077017,-1.047904351324313,-0.4337148272944826,-0.3759399334342934
retrieval,3,16,8,-2.8030850468433393,-2.8406662527308106,0.033653592564084345,0.04932079959489178
retrieval,3,16,9,-4.661808667725718,-4.4122389494170635,-0.2991977290475082,-0.2742196653896986
retrieval,3,16,10,-0.8185690214255104,-0.8147528421808211,-0.4679124521703754,-0.43965511020968767
retrieval,3,16,11,-1.0413788060299636,-1.1580061482092627,-0.1673665301838532,-0.19419413540683889
retrieval,3,17,0,-1.7089152516974953,-1.8811014975962366,-0.7948588838383996,-0.7265872601622207
retrieval,3,17,1,-2.0911915219977497,-2.044853703853719,-0.7365036036517314,-0.7854743575502545
retrieval,3,17,2,-1.0817559110818706,-1.1331548790617691,0.26254869442108697,0.1378014301968406
retrieval,3,17,3,-2.8105821828122575,-3.0280196020719607,0.05736531655114629,0.2417674590821318
retrieval,3,17,4,-1.5730060909574748,-1.5865043462512232,-0.20597327749440286,-0.1410843675265797
retrieval,3,17,5,-2.66287707246317,-2.7696376707639563,-0.006331861787528123,0.08806298007364625
retrieval,3,17,6,-1.6766807329406828,-1.7031142737558354,-0.8337260346512495,-0.7386127839836112
retrieval,3,17,7,-4.412854175401392,-4.338146192627823,-0.3004062461948143,-0.06641760009006155
retrieval,3,17,8,-3.5123212961267303,-3.5686547860046915,-0.061764540093251497,0.19283491540790568
retrieval,3,17,9,-1.1935461045013545,-1.1268564596861788,-0.24690015221214157,-0.22211347244092383
retrieval,3,17,10,-3.395499266962876,-3.441794017919848,-0.3854017763186855,-0.1795965609192152
retrieval,3,17,11,-1.5575503842786222,-1.6368297536259628,-0.18729992069518042,-0.15320413373419964
retrieval,3,18,0,-0.5923547064732148,-0.5591626189375017,-0.3247772675629531,-0.3037522951616176
retrieval,3,18,1,-2.55972854914844,-2.5732599728187955,-1.4710197114340757,-1.2213234023066784
retrieval,3,18,2,-2.8684037596114655,-2.7461552987001485,-1.3274665704655995,-1.1947294539825324
retrieval,3,18,3,-2.7711401983523842,-2.730613241015464,-1.390165101216606,-1.16003470221091
retrieval,3,18,4,-1.455932073573255,-1.4044808581100432,-0.5746060684970904,-0.4903371896622769
retrieval,3,18,5,-2.3371347265271267,-2.360404841185392,-1.2089032429045448,-1.1496283409332633
retrieval,3,18,6,-2.698685401858319,-2.6419814933992836,-0.9571802262722096,-0.9122728383175828
retrieval,3,18,7,-1.991086209102958,-2.0869912188776065,-1.1982515851650386,-1.0346822947084129
retrieval,3,18,8,-2.975690433814956,-2.9058508546463107,-1.2639524412944483,-1.2390958210467435
retrieval,3,18,9,-0.16130137394639263,-0.1552995370222833,-0.011438571160455067,-0.012684580404157701
retrieval,3,18,10,-2.305752084450632,-2.340445044616909,-1.1018071314262334,-0.9380287100837029
retrieval,3,18,11,-1.846054510626556,-1.9831794678719943,-0.5884030777315897,-0.6541938655679609
retrieval,3,19,0,-0.3988104442951253,-0.5270742038303037,-0.21845186339319422,-0.18409575709082043
retrieval,3,19,1,-3.2607691804177166,-3.287143113827652,-0.467468491326609,-0.42887690225639347
retrieval,3,19,2,-3.6446005167043034,-3.5722120332863927,-0.733894655148904,-0.7323505620300521
retrieval,3,19,3,-3.091099573112004,-3.1041112305178715,-1.098980055066088,-0.9905724150588349
retrieval,3,19,4,-1.893119683447255,-1.7999608679099037,0.13262974890090384,0.34138942598687333
retrieval,3,19,5,-3.691418862370772,-3.701450241144446,-0.2919596897160889,-0.26450850826905237
retrieval,3,19,6,-1.228438505494889,-1.3238991219334444,-0.28258049667590385,-0.21295491343284725
retrieval,3,19,7,-1.9043434228795568,-1.8906530853001406,-0.5201478139536018,-0.4770913681658156
retrieval,3,19,8,-0.4099968644905772,-0.4019963037713858,0.03462111863565544,0.08065296789533316
retrieval,3,19,9,-2.4077446357507473,-2.38529134889843,-0.5291429320989831,-0.45629436243519156
retrieval,3,19,10,-2.0995546877359623,-1.9868919725733394,-0.7609785954286454,-0.6264008752287683
retrieval,3,19,11,-3.2325443729520082,-3.138388185926314,-0.5677068145785192,-0.5469633832145373
retrieval,3,20,0,-2.049299855659719,-1.9208087372857188,-0.7304060285123611,-0.5528651910221829
retrieval,3,20,1,-1.969549275583205,-1.9091185217300393,-0.6905386989044827,-0.8549255019584238
retrieval,3,20,2,-3.0806070648117347,-3.0808519151764155,-1.51233008097969,-1.4809267848471124
retrieval,3,20,3,-1.4360097790712156,-1.3691148565730986,-0.6778309662844592,-0.7043210399603024
retrieval,3,20,4,-1.2511490634325841,-1.519980447694197,-0.33401085117215085,-0.3505006943446837
retrieval,3,20,5,-3.4586970259954337,-3.415941402378041,-1.3122176259997371,-1.3632643456294604
retrieval,3,20,6,-0.9826020833093891,-0.9667415634485682,-0.4335980573337516,-0.35293560836774523
retrieval,3,20,7,-6.224378410516114,-6.491884585851902,-2.229163172611756,-2.521735153523895
retrieval,3,20,8,-3.2106290194092684,-3.163211172753312,-0.2828471719204354,-0.2846488654370902
retrieval,3,20,9,-1.973488768772114,-1.8937295683230413,-0.7422506417220834,-0.8109146956908149
retrieval,3,20,10,-0.7156332023742843,-0.7616102703672945,-0.093551225768369,-0.033260273917880084
retrieval,3,20,11,-3.9609437256649485,-3.8680349621965533,-0.4320048657234452,-0.6501753048517585
retrieval,3,21,0,-4.1044298261522645,-4.0123995367138825,-1.3219993456322325,-1.2643211187867454
retrieval,3,21,1,-2.660315712758164,-2.459141633218543,-0.4595730713555013,-0.37543890876557623
retrieval,3,21,2,-1.3984653956722959,-1.3083049126014576,-0.2655192849617933,-0.11849591263270376
retrieval,3,21,3,-1.2351252031169955,-1.233591951082956,-0.698316012117479,-0.6903019870457859
retrieval,3,21,4,-1.8751793763948346,-1.8204645439273275,-0.08087217926352908,-0.08647582558644396
retrieval,3,21,5,-0.5659560060719946,-0.6094218200654213,-0.18313147306319807,-0.1917019646137721
retrieval,3,21,6,-1.8295677251431792,-1.7572459891747414,-0.40100140556206465,-0.393694482171448
retrieval,3,21,7,-2.4777223318317954,-2.6424004230709977,-0.4729289645727665,-0.5377499418765004
retrieval,3,21,8,-7.044569351898187,-6.959041677914058,0.5253686107749858,0.619031374739181
retrieval,3,21,9,-3.087775535175607,-3.3554376940491424,-1.0968243844364154,-1.1323227649092844
retrieval,3,21,10,-2.759526166260944,-2.7735271051774735,-1.041408806483138,-0.9229898199278244
retrieval,3,21,11,-3.4746279529197444,-3.302703399136016,-2.293535058765329,-2.3707255229709636
retrieval,3,22,0,-1.0802698026275606,-1.0905552917506272,-0.3926279872843238,-0.3388673794685419
retrieval,3,22,1,-2.1504396632073135,-2.075229787556817,-0.5078768092536861,-0.48174032429449165
retrieval,3,22,2,-2.1226515919517572,-2.0854529744296726,-0.30231262755215377,-0.17775475112760022
retrieval,3,22,3,-2.5809262120678405,-2.4995456807820626,-0.6736951387178074,-0.5629709357138707
retrieval,3,22,4,-1.7971718621320962,-1.7188228779800383,-0.5668588625984193,-0.47482011299085825
retrieval,3,22,5,-2.8142163349580205,-2.7762562129268407,-0.9485220288185385,-0.831376060423182
retrieval,3,22,6,-0.9130003507952993,-1.1235915184563854,-0.14842258832035116,-0.10538369763009706
retrieval,3,22,7,-0.7586244454096045,-0.7600673111930493,-0.5927143825034193,-0.5644034689481077
retrieval,3,22,8,-3.4500803264056485,-3.4322929997263354,-0.9512706071292777,-0.7411342397701797
retrieval,3,22,9,-0.33395790180959484,-0.34266013010276025,-0.1707619770299287,-0.1296024318649017
retrieval,3,22,10,-2.0791558151479017,-2.2219898410706818,-0.6414643233419747,-0.5512965691015782
retrieval,3,22,11,-1.811151506343179,-1.809929169102519,-1.5413607116421235,-1.415963262854309
retrieval,3,23,0,-1.9892699857642668,-1.9677216495733951,-0.24907410182163806,-0.18522741941393034
retrieval,3,23,1,-4.44719663872239,-4.374679132003251,-1.0521551455419242,-0.9180917796597191
retrieval,3,23,2,1.0267116410618837,1.138850590893676,-0.14632896230511683,-0.06187122840366198
retrieval,3,23,3,-2.2941240773060003,-2.491651005866896,-0.6420966759591462,-0.49457792150151686
retrieval,3,23,4,-1.840730952684665,-1.8769775068796086,-0.7778058074363103,-0.7903118603506482
retrieval,3,23,5,-1.9253172770725933,-2.087279254926147,-0.47172470514098536,-0.4669154764341082
retrieval,3,23,6,-1.0716442565616153,-1.2077140721039092,-0.2566324336112053,-0.2337496726433182
retrieval,3,23,7,-2.7342001434910017,-2.6466484975911633,-0.8193552377529665,-0.8460449319883148
retrieval,3,23,8,-1.6911236006510204,-1.6900366565515792,-0.5082439575785499,-0.49622457387037266
retrieval,3,23,9,-2.9296753334435404,-2.8631396100723454,-1.0480835187904902,-0.6753331195905067
retrieval,3,23,10,-4.686902154548036,-4.630302653232891,-0.6630803354726941,-1.5523933532255982
retrieval,3,23,11,-2.7217604779915714,-2.764984710750927,-0.6771246830427994,-0.6652852936257361
retrieval,3,24,0,-2.8341220393473514,-2.7918696800768785,-1.0171155048590172,-0.6653773758480162
retrieval,3,24,1,-3.127481986760706,-2.922796589462779,-0.7831081960496081,-0.642065329837537
retrieval,3,24,2,-2.652406688546611,-2.5657840570151484,-2.233061248804542,-2.2016191019981077
retrieval,3,24,3,-0.5112334508218644,-0.5550711714078364,-0.22694725345170116,-0.1654157372195585
retrieval,3,24,4,-0.9395247525474977,-0.9038761653034605,-0.15942501621913027,-0.10918684840976332
retrieval,3,24,5,-2.518104121438732,-2.5988688104884514,-0.25899882918247985,-0.2405397340667806
retrieval,3,24,6,-3.1153923548971103,-2.9072426896396437,-1.1217277939116366,-0.7230282952640619
retrieval,3,24,7,-3.8970337400062385,-3.574947653739238,-1.120457711672241,-0.9509339426700765
retrieval,3,24,8,-2.4959590411600163,-2.4529798568585393,-0.4029933602140524,-0.414449892950516
retrieval,3,24,9,-1.923395474251716,-1.8025517402941693,-0.5664007393486026,-0.29950886885347977
retrieval,3,24,10,-2.003131357367677,-2.22344922555275,-0.4429681281168237,-0.4182545735762238
retrieval,3,24,11,-3.4934333640545625,-3.2629656806045872,-1.1123035954847145,-0.8269056173486721
retrieval,3,25,0,-1.704018208656415,-1.6570851694046709,-0.4153523225057888,-0.4133409356765133
retrieval,3,25,1,-3.0194050897717752,-2.695728535872986,-0.6284410116435356,-0.7196065209951058
retrieval,3,25,2,-2.537659399943297,-2.511251024990624,-0.6527349748679225,-0.6001920531856071
retrieval,3,25,3,-2.417752954196238,-2.320569384327309,-0.6007969715344252,-0.43673337950665453
retrieval,3,25,4,-1.7618265006165374,-1.8444366774897303,-0.5214889801224394,-0.5165949456553042
retrieval,3,25,5,-0.9405479227520906,-0.9472293867295026,-0.5508987658786642,-0.4115652125570994
retrieval,3,25,6,-2.6174853685292807,-2.7436857777897434,-1.2853427044601973,-1.3398794231927025
retrieval,3,25,7,-1.8265544462282648,-1.850424374947411,-2.1228963792927047,-2.3024148338857855
retrieval,3,25,8,-1.8200281024436016,-1.9084125905603153,-0.8299835455023994,-0.731532274905607
retrieval,3,25,9,-1.3860870449254676,-1.4099263997694547,-1.4737608705975176,-1.4433585952134096
retrieval,3,25,10,-1.0517392544984894,-0.9974230081605909,-0.1664658664792892,-0.11089319923847972
retrieval,3,25,11,-2.432676174280255,-2.353678103635284,-0.368493981247463,-0.26526724545201413
retrieval,3,26,0,-0.6704857900535783,-0.6303997227752657,-0.4964843027490892,-0.41807040897908915
retrieval,3,26,1,-2.6469548399022043,-2.791175677883773,-1.1946477941295428,-1.211999171981968
retrieval,3,26,2,-3.551998781457969,-3.329871276268951,-0.674413977975744,-0.54944262886687
retrieval,3,26,3,-0.876574529975647,-0.8031316747970555,-0.2914935740226352,-0.17343998683886933
retrieval,3,26,4,-1.7237986068455473,-1.6497789288488294,-1.4631179026048498,-1.3995164727856364
retrieval,3,26,5,-1.9550451571239789,-1.8241641728996374,-0.7477298793058667,-0.5623020603862959
retrieval,3,26,6,-2.550954064686901,-2.34122802418322,-1.0696374050455186,-0.7741484606314484
retrieval,3,26,7,-2.418735151875098,-2.3403755119620495,-0.971599578296623,-0.9105403914633811
retrieval,3,26,8,-3.8760656615839575,-3.473783762698901,-1.2133730317061835,-1.0275361981890188
retrieval,3,26,9,-2.5822523340882824,-2.407089394609647,-0.8121978347848458,-0.6563094263776791
retrieval,3,26,10,-3.8680904133060676,-3.7934817577789133,-1.4800270976258139,-1.4657371598753839
retrieval,3,26,11,-1.0501712405488723,-1.145633305505138,-0.42257487154305995,-0.3341868262270728
retrieval,3,27,0,-0.9554376975524029,-0.9057648710476446,-0.2035051475053283,-0.10590240631154327
retrieval,3,27,1,-1.7667704407349223,-1.8071890183712238,0.7126788646041269,0.6933050481016315
retrieval,3,27,2,-4.026927187021198,-3.7217177320858235,-0.9066618784542123,-0.8233535668128964
retrieval,3,27,3,-2.8525757581229407,-2.8266374593893673,0.1261842108963187,0.1278245556223919
retrieval,3,27,4,-0.7424546173232517,-0.5758117694047237,0.012121461055248146,0.10885231806809434
retrieval,3,27,5,-0.5378078837300252,-0.5535914833042096,-0.04734332272284152,0.03509531964671364
retrieval,3,27,6,-3.26902027319761,-3.2745702570065784,-1.8375314172373274,-1.7397325217851083
retrieval,3,27,7,-0.5085338715043116,-0.5381596669109621,-0.816524891920806,-0.8289156899975556
retrieval,3,27,8,-1.9445364591086316,-2.0437923138913985,-0.4427979201238498,-0.4681895414674368
retrieval,3,27,9,-2.966508697685494,-2.9693342224618573,-0.5388706382505359,-0.6443268134169859
retrieval,3,27,10,-1.5185290944644638,-1.3976064788509017,-1.1485193100932074,-1.1536518509411136
retrieval,3,27,11,-1.6778416172728734,-1.490803977685319,-0.26861269736163473,-0.0549900603611526
retrieval,3,28,0,-12.313583846080311,-12.248104008547335,2.283304432367704,2.2623769962538134
retrieval,3,28,1,-6.650776995230134,-6.626708090984668,0.5557466460447753,0.5907697468737569
retrieval,3,28,2,-4.250624902741026,-4.16322258249446,-0.2569993514717338,-0.03926628058624017
retrieval,3,28,3,-2.0876337944081595,-2.085353431162116,-0.39222270203687737,-0.3157461467877084
retrieval,3,28,4,-1.7472883415156495,-1.7595266885436498,0.07228798609487043,0.14838109958923923
retrieval,3,28,5,-2.453315769590269,-2.4515676599941796,-1.0992868925577781,-1.071097764103204
retrieval,3,28,6,-2.0924190322457186,-2.2031231760596404,-0.7553600748213951,-0.8341211424594285
retrieval,3,28,7,0.29211785476972674,0.26756888652240535,0.43059334352329215,0.493941916759133
retrieval,3,28,8,-1.1345224318839373,-1.0346911361091837,-0.10935605968631744,-0.19819394182705907
retrieval,3,28,9,-2.1806230228342725,-2.13823468691317,-0.6256582972814215,-0.6043202356354002
retrieval,3,28,10,-3.147229505744509,-3.2584853488460674,-2.386705758855871,-2.2750419909086976
retrieval,3,28,11,-0.9388655959687998,-0.9527748391702974,0.1443023592301722,0.07428218570528601
retrieval,3,29,0,-7.071769553160255,-7.202740459635268,-1.7729100086450371,-1.7680532186179803
retrieval,3,29,1,-1.4970159046132885,-1.4499904799622723,0.09548029807585742,0.09264568535036935
retrieval,3,29,2,-0.31182054691556577,-0.5803726167059479,-0.26197418135689987,-0.31041685803466484
retrieval,3,29,3,-3.5327686297298775,-3.3637705638758697,-0.4292563158660869,-0.3458805345551401
retrieval,3,29,4,-2.9079061436871068,-2.9417912917640794,0.28631804068814387,0.25315242926588455
retrieval,3,29,5,-2.554433145626789,-2.878457729406185,0.4249244056606459,0.5084065643835706
retrieval,3,29,6,-1.8091607522299438,-1.8231221878329358,0.051950015737098204,0.10928754391465531
retrieval,3,29,7,-0.44287158789186204,-0.4241089052805979,-0.5048123843413158,-0.5437778864266182
retrieval,3,29,8,-2.642563894827146,-2.7206156321752064,-0.1926233446266454,-0.12972205991419505
retrieval,3,29,9,-0.8078878878324559,-1.1904351607456987,3.629170620377443,3.531831989200061
retrieval,3,29,10,-0.48567381906709967,-0.3826024261782363,0.044218115883282866,0.026271007172711133
retrieval,3,29,11,-2.853108500917346,-3.219435896728138,-0.27395711786298244,-0.3075402979960558
