layer,head,reverse_relative_log_category_count,reverse_relative_log_dominant_category,reverse_relative_log_dominant_value,reverse_relative_log_range,reverse_relative_log_std,reverse_relative_log_positive_fraction,reverse_relative_log_absolute_entropy,freeze_latest_relative_log_category_count,freeze_latest_relative_log_dominant_category,freeze_latest_relative_log_dominant_value,freeze_latest_relative_log_range,freeze_latest_relative_log_std,freeze_latest_relative_log_positive_fraction,freeze_latest_relative_log_absolute_entropy,history_specificity_category_count,history_specificity_dominant_category,history_specificity_dominant_value,history_specificity_range,history_specificity_std,history_specificity_positive_fraction,history_specificity_absolute_entropy
0,0,3,clean:0,-0.8321187250240702,0.16992203851337506,0.07702764438630715,0.0,0.9949536727099848,3,noisy:1000,-0.28127082568985595,0.09668982495562367,0.041635209851192644,0.0,0.9859997420614063,3,noisy:500,-0.07209508121013641,0.009955719113349915,0.004249054349538051,0.0,0.9982005258017593
0,1,3,noisy:1000,-2.4097530123070587,1.541449053063004,0.6398612093600076,0.0,0.9314798050401947,3,noisy:500,-0.24919831923853591,0.09901577222205563,0.04618244075330057,0.0,0.9777538087557186,3,noisy:1000,-0.010658830404281616,0.0044976770877838135,0.001898399388741778,0.0,0.977529943973861
0,2,3,clean:0,-2.8984583293171475,0.25143989157560487,0.11076554168319515,0.0,0.9992641985758949,3,noisy:1000,-0.07553033237720883,0.04330322003551574,0.01999551268698412,0.0,0.9445730708637221,3,noisy:500,-0.1389116421341896,0.01991885155439377,0.008358909921801569,0.0,0.9981073555506146
0,3,3,clean:0,-4.8733477228318005,0.8429362542341758,0.35448118984944266,0.0,0.9970677261892071,3,noisy:1000,0.022063483314542484,0.008245491967797598,0.003446076310642088,1.0,0.9825248628955688,3,clean:0,-0.1873503252863884,0.009089089930057526,0.0037741721415460415,0.0,0.999805444073539
0,4,3,clean:0,-0.4923736008363913,0.06707803582456101,0.027524288258083358,0.0,0.9983536870096574,3,clean:0,-0.03318435044330027,0.0108761702044861,0.004624685454068774,0.0,0.9867993099089329,3,clean:0,-0.009039640426635742,0.0021104812622070312,0.0009074064156745724,0.0,0.9942694085845256
0,5,3,noisy:1000,-0.4026407651420091,0.03942846640389874,0.017223648913652266,0.0,0.9990665326866586,3,noisy:1000,-0.03792228751245334,0.006593738631043289,0.002703534274162077,0.0,0.9972067691550247,3,noisy:1000,-0.012760043144226074,0.00844159722328186,0.0034465580193447547,0.0,0.922786119231894
0,6,3,clean:0,-1.6109438834363536,0.7589741859734707,0.3450868392599474,0.0,0.9592936722579223,3,clean:0,-0.26451520452475985,0.1299377466962768,0.05923710785741524,0.0,0.9538117823349763,3,noisy:1000,-0.04755142331123352,0.04305136203765869,0.017841994428533656,0.0,0.7713099394578873
0,7,3,clean:0,-2.383081616485322,0.4575072273956975,0.18683288527568906,0.0,0.9965756902485123,3,clean:0,-0.1135453098430704,0.06354621765221191,0.02814297801418056,0.0,0.9377858254099852,3,noisy:1000,-0.02130553126335144,0.040189117193222046,0.01673927810301409,0.3333333333333333,0.9375158919357238
0,8,3,clean:0,-5.300361834311918,0.7539419414944071,0.31429412258130784,0.0,0.9981255203828518,3,clean:0,0.034233665309167535,0.009551576697683112,0.004060100455942273,1.0,0.9910507213238001,3,noisy:1000,-0.13609930872917175,0.00804591178894043,0.003391618272907525,0.0,0.9997013026837619
0,9,3,noisy:1000,-1.4605291863673235,0.07619358526031217,0.03232696232223977,0.0,0.9997637708828055,3,noisy:1000,-0.08655976411058204,0.05816921856433979,0.023785145047862784,0.0,0.9196732688084112,3,noisy:500,-0.10938453301787376,0.006561260670423508,0.002948283113944812,0.0,0.9996449591430392
0,10,3,noisy:1000,-0.7375144468724558,0.012122189306875808,0.005694184664773525,0.0,0.999972318446006,3,noisy:500,-0.3032381772999506,0.06174713553204947,0.0261517114168476,0.0,0.9958771867414875,3,noisy:1000,-0.0272405743598938,0.016001611948013306,0.006551942442325301,0.0,0.9465869156845707
0,11,3,noisy:1000,-0.5421764051605771,0.02892536242130317,0.011816957906668353,0.0,0.9997716234106915,3,noisy:1000,-0.049747944238156094,0.006245480000885692,0.0026587664491791586,0.0,0.998537535142641,3,noisy:1000,-0.009725362062454224,0.00464785099029541,0.001900036345073739,0.0,0.9692041553394926
1,0,3,noisy:500,-1.7893357055976904,0.8157580835463187,0.36442458271599987,0.0,0.9706254054619707,3,noisy:1000,-0.24306632135332612,0.09409668827749082,0.04149504641376715,0.0,0.9807255732030064,3,noisy:1000,-0.013981997966766357,0.009366422891616821,0.003981617707404362,0.0,0.9039668095993918
1,1,3,noisy:1000,-1.8402117597033154,1.1120775968278243,0.4553820619765939,0.0,0.9419828614717698,3,noisy:500,-0.15724452653235027,0.036219142801123885,0.01621202203885176,0.0,0.9940516026900331,3,noisy:1000,-0.04559104144573212,0.04775974154472351,0.01991379830243018,0.3333333333333333,0.6063471052193024
1,2,3,noisy:1000,-1.3414317377510825,0.4828380904725318,0.19927327785336232,0.0,0.9846477965726749,3,noisy:1000,-0.1789424980484915,0.047232927745728875,0.01996279346029735,0.0,0.9926433366575049,3,noisy:1000,-0.013968110084533691,0.007398813962936401,0.003023006066291244,0.0,0.9593155568406263
1,3,3,noisy:1000,-1.1780737223273228,0.6708537219007206,0.2778338164538699,0.0,0.9470086896038009,3,noisy:1000,-0.16084255770106362,0.024343725716782977,0.01019281401820554,0.0,0.9978827479697268,3,noisy:1000,-0.01044955849647522,0.002315312623977661,0.0009749512008656718,0.0,0.994876556836667
1,4,3,noisy:1000,-0.9282638704283486,0.5472678577439509,0.23369932869346854,0.0,0.9448573309271875,3,noisy:1000,-0.19308277501431986,0.0296947939846742,0.013133767869387863,0.0,0.9975842075786242,3,noisy:1000,-0.011537790298461914,0.013151407241821289,0.006015841186935249,0.6666666666666666,0.5184557001662098
1,5,3,clean:0,-2.4406412637647037,0.44844909948502165,0.20581934914876193,0.0,0.9959129964086824,3,clean:0,-0.3299711470309281,0.014579983815472874,0.006363630578138121,0.0,0.9998219556926118,3,noisy:500,-0.03186410665512085,0.006410390138626099,0.002922211695728064,0.0,0.9954444488538552
1,6,3,clean:0,-0.6333173564742025,0.060340387907925175,0.02515260414219566,0.0,0.9992131363600946,3,clean:0,-0.18567674784424085,0.021582128989596855,0.009063267938793404,0.0,0.9987655600165835,3,noisy:1000,-0.07072366774082184,0.028534188866615295,0.012371768335829801,0.0,0.9791785619809426
1,7,3,clean:0,-1.7976346616916112,1.5251080864240585,0.6638537998529462,0.0,0.7469356623692527,3,clean:0,-0.3778566262771642,0.13872472942203629,0.06521092474593235,0.0,0.9772859272417536,3,clean:0,0.2120530903339386,0.27135053277015686,0.11079193449524978,0.6666666666666666,0.857485455842261
1,8,3,noisy:1000,-1.442749074535518,0.6127843001422777,0.27836154646049294,0.0,0.9694890769511676,3,noisy:1000,-0.3027932650480498,0.05736878972260928,0.027003534622064562,0.0,0.9953625443521474,3,noisy:1000,-0.04149696230888367,0.06836238503456116,0.027961089861854926,0.3333333333333333,0.8910018096212092
1,9,3,clean:0,-1.1315261520603173,0.2314214069283329,0.10802546502855163,0.0,0.9945844950325782,3,clean:0,-0.16413562267227788,0.05983318319170469,0.02783511710557647,0.0,0.97829492153977,3,noisy:500,-0.014482766389846802,0.0095289945602417,0.004365532435712773,0.0,0.9194818613381136
1,10,3,clean:0,-2.11314347374162,0.5650637699894492,0.24737067840515453,0.0,0.9913078196369122,3,clean:0,-0.24698750487994534,0.057328950825387165,0.023449854614088134,0.0,0.9947091711708862,3,clean:0,0.09381300210952759,0.12526533007621765,0.051181539467306976,0.6666666666666666,0.8462593766463385
1,11,3,clean:0,-1.8991613744775444,0.29741581238992065,0.12143430618881257,0.0,0.9978053583939096,3,noisy:500,-0.3172090144392603,0.021522914729330545,0.009991983335380218,0.0,0.9995228815665036,3,clean:0,0.07097682356834412,0.10291464626789093,0.04205628189599971,0.6666666666666666,0.8960032745804976
2,0,3,noisy:1000,-1.9496039753417511,0.17481851897135714,0.0747737163862304,0.0,0.9992728478736934,3,clean:0,-0.1846948367457908,0.08231723756493592,0.034158210841437844,0.0,0.974666891599041,3,clean:0,0.11081549525260925,0.12522557377815247,0.052713447225569005,0.6666666666666666,0.8054140119749383
2,1,3,clean:0,-1.9688540622210904,0.21878969556671213,0.09299938049362341,0.0,0.9988731861871485,3,clean:0,-0.11881688551201088,0.05418930866277917,0.022200911383602792,0.0,0.9725394419501425,3,clean:0,0.05403071641921997,0.09889547526836395,0.04042665588599235,0.6666666666666666,0.8354804061560118
2,2,3,clean:0,-1.4155123797668439,0.5708544989163851,0.23814687158667264,0.0,0.9788935120953582,3,clean:0,-0.24103902531250068,0.09089083167576492,0.03762864321882808,0.0,0.9825973115033542,3,noisy:1000,-0.02069956064224243,0.027477532625198364,0.01128070610956225,0.3333333333333333,0.8964042915517649
2,3,3,noisy:1000,-0.6023301137789719,0.4070644224295461,0.17973288247914457,0.0,0.9157551042384597,3,noisy:1000,-0.09487407014429122,0.05168313507183982,0.023619294263520184,0.0,0.9521959937085521,3,noisy:1000,-0.015255391597747803,0.012410908937454224,0.005141538494862754,0.0,0.826797011277698
2,4,3,noisy:500,-0.27215947395561046,0.06857187510804472,0.028003525259311428,0.0,0.9936569434355627,3,noisy:500,0.015351657672255915,0.022138005681956938,0.009273314930706069,0.6666666666666666,0.944183282458066,3,noisy:1000,-0.02034696936607361,0.02114415168762207,0.008697709620977809,0.3333333333333333,0.6893411789435089
2,5,3,clean:0,-1.420217586346037,0.6085632228004294,0.2810210512279561,0.0,0.9673187641714261,3,noisy:500,-0.021837002390122227,0.026210061329112806,0.012005436932220809,0.6666666666666666,0.6604720902529826,3,noisy:1000,-0.03560727834701538,0.01376044750213623,0.0057124008100927865,0.0,0.9823040429607138
2,6,3,clean:0,-1.8878037763179054,0.3571913684203305,0.14760970363868067,0.0,0.996565946431271,3,clean:0,-0.11329216844523562,0.06472835995114981,0.02759416050032475,0.0,0.9411586270994752,3,clean:0,0.11998575925827026,0.1397806853055954,0.05711558031009411,0.6666666666666666,0.7861679798769748
2,7,3,noisy:1000,-0.2913705546220908,0.12349444622290273,0.05061185459715669,0.0,0.9779223087574489,3,noisy:500,-0.09674119719461263,0.006345339897713492,0.0026311270120388786,0.0,0.9996387505409611,3,noisy:1000,-0.014925315976142883,0.0063625723123550415,0.0029564271970716344,0.0,0.9672228870481152
2,8,3,noisy:500,-0.45278091748298777,0.2969859503971428,0.12722443285535442,0.0,0.9247604368572383,3,noisy:500,-0.07763502807323219,0.018524922414100864,0.007594444279051116,0.0,0.9944083018410462,3,noisy:1000,-0.010860800743103027,0.005970597267150879,0.0027409140029688197,0.0,0.9342301306134186
2,9,3,clean:0,-1.3963277892063748,0.22622864548206323,0.09504273078550385,0.0,0.9974665860353793,3,clean:0,0.08491768408716505,0.05872386640804863,0.027305912137148718,1.0,0.8533842078333901,3,noisy:1000,-0.03864440321922302,0.010686606168746948,0.004479863699605545,0.0,0.9919161950536696
2,10,3,noisy:500,-1.4392517326391188,0.1359324611551569,0.05718200693810547,0.0,0.9992021933614896,3,noisy:1000,-0.3298324567388466,0.056812845002377654,0.02350510098690616,0.0,0.9972539132207073,3,noisy:1000,-0.032696694135665894,0.02490350604057312,0.010279047975223821,0.0,0.8668041315317707
2,11,3,noisy:500,-0.9513502626956014,0.6272873445748632,0.2855417526331444,0.0,0.9194696288548867,3,noisy:500,-0.11495802900306332,0.06588382984640746,0.02834190563012629,0.0,0.9486886458280809,3,noisy:1000,-0.01387321949005127,0.007469385862350464,0.003049382899200048,0.0,0.9578109540590634
3,0,3,noisy:500,-0.4515259718381693,0.08672897900596299,0.03551266857304596,0.0,0.996531636413925,3,noisy:500,-0.16422321979064114,0.05665244625400759,0.02315999168759876,0.0,0.9867680692728406,3,noisy:1000,-0.03496885299682617,0.009559914469718933,0.004481923757690146,0.0,0.9891965739671422
3,1,3,clean:0,-2.1476703018901784,0.3863745729801442,0.1628636959267966,0.0,0.9968844245797147,3,clean:0,-0.03818630068394656,0.04581645130973505,0.018722105794920334,0.3333333333333333,0.8304679131896876,3,noisy:1000,-0.05120858550071716,0.017543286085128784,0.007164578103091711,0.0,0.986891849359171
3,2,3,clean:0,-1.197337895674295,0.20363910646134142,0.08394097453365651,0.0,0.997344615579141,3,noisy:500,-0.28131674175949556,0.009064732169020762,0.004165854673727427,0.0,0.9998975395485991,3,noisy:1000,-0.03260308504104614,0.03662249445915222,0.01497145481208212,0.3333333333333333,0.7524229170086557
3,3,3,noisy:1000,-2.175530694061141,0.087007421708174,0.03552233987078327,0.0,0.9998736651298223,3,clean:0,-0.03067564319829827,0.00816367270708563,0.003430980745755681,0.0,0.9922148648184143,3,clean:0,0.14699652791023254,0.20109321177005768,0.08209641590859665,0.6666666666666666,0.8684634543831187
3,4,3,noisy:1000,-1.113430777641684,0.3620446315636128,0.1507478481029145,0.0,0.987740723040235,3,clean:0,-0.20137349841369062,0.05996466636573233,0.02710592111511682,0.0,0.98783876768362,3,noisy:1000,-0.03736713528633118,0.04263600707054138,0.01801808169814248,0.3333333333333333,0.6428929093640268
3,5,3,clean:0,-2.5491570113599904,0.6467290440964752,0.28903340094180163,0.0,0.9919339627537572,3,clean:0,-0.18993519812107273,0.09435934388617993,0.03870635052421605,0.0,0.9665432838548982,3,clean:0,0.11271771788597107,0.12953422963619232,0.05288225535257469,0.6666666666666666,0.7869544926351233
3,6,3,clean:0,-2.2332041151557904,0.6175762740403035,0.2617217835560237,0.0,0.9913019487197446,3,clean:0,-0.26293744696702753,0.16456987761712893,0.06902417213914422,0.0,0.9262907190533084,3,clean:0,0.1916491985321045,0.20171736180782318,0.08248709354548156,0.6666666666666666,0.6735478751774854
3,7,3,noisy:500,-0.4560003962087986,0.13244827225488193,0.05457318272289733,0.0,0.9909108706067697,3,noisy:500,-0.191863578980455,0.06942866272758128,0.030014977953440703,0.0,0.9823766638725432,3,noisy:1000,-0.04177737236022949,0.015496999025344849,0.006396540570699415,0.0,0.9834459947391383
3,8,3,clean:0,-2.4498436024627135,0.6839274498440151,0.27987313835602756,0.0,0.991888602993852,3,clean:0,-0.32485492644070413,0.22027502835151788,0.09424351911876744,0.0,0.8977459577148144,3,clean:0,0.05377510190010071,0.08865278959274292,0.03671890412369666,0.3333333333333333,0.738588316070844
3,9,3,clean:0,-2.015308291924292,0.24847646906682508,0.10150420689422852,0.0,0.9986860525577943,3,clean:0,-0.2003283064860555,0.15084740104048655,0.06534117787538447,0.0,0.8454979225199858,3,clean:0,0.07899907231330872,0.1290598213672638,0.0526929416716789,0.6666666666666666,0.8562187856975643
3,10,3,clean:0,-2.289813177557863,0.6206163056028489,0.255686198550049,0.0,0.9922788328390447,3,clean:0,-0.03418664252864331,0.03502588759258816,0.014703919360394524,0.3333333333333333,0.5510047628300755,3,clean:0,0.08531191945075989,0.13628993928432465,0.055807370984530466,0.6666666666666666,0.7634970799781995
3,11,3,clean:0,-2.55175786247625,0.8697642559093655,0.35709594125744987,0.0,0.9867875836688421,3,clean:0,-0.1930333161555077,0.1393207771912168,0.0571348836086922,0.0,0.8930980390686151,3,clean:0,0.07606631517410278,0.11899128556251526,0.04857919961304107,0.6666666666666666,0.865956224678662
4,0,3,clean:0,-0.7379642402764387,0.17491776481558097,0.07826005818318092,0.0,0.9936650533544202,3,clean:0,-0.043685303096207176,0.009226100040581935,0.0042326221065842615,0.0,0.9948773303241485,3,noisy:1000,-0.03536544740200043,0.03947983682155609,0.01614167126039707,0.3333333333333333,0.772199726163626
4,1,3,clean:0,-2.389046790899032,1.6243305404748263,0.6956093312557533,0.0,0.8964802539956146,3,clean:0,-0.22732531376662513,0.08663757334573563,0.03675713691526377,0.0,0.9808710461024952,3,clean:0,0.13209249079227448,0.19096796214580536,0.07796783840175893,0.6666666666666666,0.8799237738369629
4,2,3,clean:0,-1.7694270128591725,0.26803252864792104,0.10949397027055151,0.0,0.9979610702764087,3,noisy:500,-0.0688870570294017,0.038920019186069105,0.015933042939511408,0.0,0.9522246131565164,3,noisy:1000,-0.029480725526809692,0.04463094472885132,0.01825735084635713,0.3333333333333333,0.8141047735836002
4,3,3,noisy:1000,-0.31124005033288604,0.04542784102315378,0.02006303799557378,0.0,0.997845598180379,3,clean:0,-0.15881616536425702,0.01486490587526354,0.006068711951439599,0.0,0.9992684375258909,3,noisy:1000,-0.012074679136276245,0.011373788118362427,0.0047012130483841,0.0,0.6751474953987858
4,4,3,noisy:1000,-1.1968692513560537,0.2505228052038069,0.10341092656901452,0.0,0.9957077081062812,3,clean:0,-0.030951591579330515,0.05416759199866407,0.022130858917067998,0.3333333333333333,0.7404801316962681,3,clean:0,0.046535342931747437,0.08904126286506653,0.03668451611389983,0.3333333333333333,0.8437912692532025
4,5,3,clean:0,-0.3639404813235977,0.09324220097195735,0.04049236525409393,0.0,0.9928197736296391,3,noisy:1000,-0.09053970323245619,0.035897882604008974,0.014878605052682247,0.0,0.9811754547354147,3,noisy:1000,-0.030038371682167053,0.029154062271118164,0.011952679624361175,0.0,0.6724655376268935
4,6,3,noisy:1000,-2.520087379590228,0.10879667488051359,0.04442088425473707,0.0,0.9998522456876826,3,noisy:1000,0.08254612351418299,0.02869793811511446,0.013373974791367897,1.0,0.9806970325479931,3,noisy:1000,-0.028091266751289368,0.01781509816646576,0.008187490762848814,0.0,0.9272505906502698
4,7,3,clean:0,-2.0866874172886396,0.522005450066725,0.23189429300456493,0.0,0.9929371343782141,3,clean:0,-0.04377407981812801,0.05089831136033522,0.021341625892084926,0.3333333333333333,0.6801462181220165,3,noisy:1000,-0.017100751399993896,0.032576143741607666,0.013318389634920023,0.3333333333333333,0.8109288435175788
4,8,3,clean:0,-1.2860528719288498,0.10035946073267832,0.04700851003273765,0.0,0.9993297185775456,3,clean:0,0.02576520003530541,0.04503444919043856,0.01838560022706685,0.6666666666666666,0.7954118293637112,3,clean:0,0.0612313449382782,0.10775415599346161,0.04406956512335662,0.6666666666666666,0.8658932034769995
4,9,3,clean:0,-2.0619507781927124,0.4125049938779186,0.17414049914731802,0.0,0.9959092965125297,3,noisy:500,0.11747116555586429,0.006953502525772426,0.0031647030093869912,1.0,0.99964530268007,3,noisy:1000,-0.06801094114780426,0.0586785227060318,0.024134639616825236,0.0,0.7886652979109857
4,10,3,noisy:500,-2.0007879582137282,0.41930151273339233,0.17722646924349122,0.0,0.9956210296104214,3,clean:0,-0.13298766315114757,0.08939997457866454,0.0369678598257841,0.0,0.9122150990094233,3,noisy:1000,-0.035053104162216187,0.053070396184921265,0.02176511835866744,0.3333333333333333,0.7766650137002385
4,11,3,clean:0,-1.8876525151853982,0.8444033080795463,0.36063056828683604,0.0,0.9703873859451976,3,clean:0,-0.1422901857254835,0.1597666491191065,0.06727248159894185,0.3333333333333333,0.647634341692745,3,clean:0,0.09412303566932678,0.12066206336021423,0.049400427626456085,0.6666666666666666,0.8749330618066911
5,0,3,clean:0,-1.533169956053011,0.3227495815224537,0.14005873789791443,0.0,0.9951077115657381,3,noisy:1000,-0.3002289507609798,0.0841203366183449,0.034767376360309,0.0,0.9915809376824382,3,noisy:1000,-0.013951867818832397,0.018801838159561157,0.007693010671548399,0.3333333333333333,0.8321371883160102
5,1,3,noisy:500,-1.0566076812781273,0.36327625577386047,0.14851413869828467,0.0,0.9868757253427708,3,noisy:1000,0.014593235511241576,0.02660976438345648,0.011275743432713058,0.6666666666666666,0.9706524050545321,3,noisy:1000,-0.016389936208724976,0.007665485143661499,0.003269343244275138,0.0,0.9667189171818579
5,2,3,noisy:1000,-0.3259027042699287,0.07941022385021013,0.03423696406852527,0.0,0.9932591951294443,3,noisy:1000,-0.10186132628900932,0.006152804683879132,0.0028021075529035427,0.0,0.9996295984332735,3,noisy:1000,-0.017951607704162598,0.023502379655838013,0.009674593401883815,0.3333333333333333,0.7868834271382636
5,3,3,clean:0,-2.4041693372586943,0.6557605082015847,0.2977469956941134,0.0,0.9900530024064195,3,noisy:500,-0.01823850679965441,0.011696982023196804,0.005384546174108829,0.0,0.8912647588871401,3,noisy:1000,-0.06462161242961884,0.046806856989860535,0.020162684696351452,0.0,0.8685009556269043
5,4,3,noisy:500,-0.5050571406499407,0.097380627273431,0.04138431791601998,0.0,0.9961756696327259,3,noisy:1000,-0.09691770716661584,0.027730531516811832,0.01219643210780851,0.0,0.9896716440214014,3,noisy:1000,-0.04309013485908508,0.035270631313323975,0.014561809662073754,0.0,0.8255229440010291
5,5,3,clean:0,-1.1644323770715261,0.16972453600183712,0.07303553792172093,0.0,0.9979501478980811,3,noisy:500,-0.05424519708414949,0.017205440424959625,0.007131394515037703,0.0,0.9885982759631903,3,noisy:1000,-0.03941944241523743,0.062189966440200806,0.02538902974959496,0.3333333333333333,0.8556370788072187
5,6,3,clean:0,-0.48460616556350844,0.2664052443974511,0.10932510472296271,0.0,0.9537934499197804,3,noisy:1000,-0.028131176584784846,0.03801951980818085,0.016178750661534916,0.6666666666666666,0.5833467398651121,3,noisy:1000,-0.015057772397994995,0.013671636581420898,0.00569892906045226,0.0,0.7697289794112746
5,7,3,noisy:500,-1.5781765525407694,0.5406338906557246,0.24909701459426944,0.0,0.9819394696540784,3,noisy:500,-0.33917028724331066,0.14581193173783333,0.06028436197875754,0.0,0.9757432760824218,3,noisy:1000,-0.018127024173736572,0.014959871768951416,0.006109239813372902,0.0,0.8361192553077754
5,8,3,clean:0,-2.4096947959627983,0.5789290684335575,0.24883434577159969,0.0,0.9935232574863179,3,clean:0,-0.0437583193500495,0.03344336993781352,0.014298890721541979,0.0,0.8445443573165304,3,clean:0,0.11129605770111084,0.13600009679794312,0.056147607036286316,0.6666666666666666,0.7606070457316592
5,9,3,noisy:500,-0.7190132266238914,0.11195052857242882,0.048581195979921346,0.0,0.9975034487750719,3,clean:0,0.1675866821333983,0.03321058604180541,0.014468084861569593,1.0,0.9956947679567455,3,noisy:1000,-0.011432260274887085,0.006317406892776489,0.0026190836886457514,0.0,0.9512737208612825
5,10,3,noisy:500,-0.9272819489081849,0.2076695536715628,0.08499195961168629,0.0,0.9951133116011746,3,noisy:500,-0.27585342695341664,0.042154009290152505,0.01948462411275638,0.0,0.99742016673975,3,noisy:1000,-0.012240678071975708,0.005118340253829956,0.00223707376042187,0.0,0.9736414852597721
5,11,3,clean:0,-0.6808575414452669,0.2589448739046243,0.10846138291751499,0.0,0.9816222939271161,3,noisy:1000,0.059525155084575856,0.01675319058131553,0.0068413690219118915,1.0,0.9918392105921253,3,noisy:1000,-0.017034396529197693,0.015173867344856262,0.00620282159746341,0.0,0.7793386948310372
6,0,3,clean:0,-1.4856629042379277,0.4450876116238591,0.18410452053799636,0.0,0.9901123716899728,3,noisy:500,0.06581849320709765,0.040994914830489684,0.01722534425352679,1.0,0.9269498064909607,3,noisy:1000,-0.059322208166122437,0.06759931147098541,0.028120333492680987,0.3333333333333333,0.6983470883167406
6,1,3,noisy:500,-2.7198605548049883,0.47282600164013555,0.20584414569332488,0.0,0.9969412589512345,3,clean:0,-0.019963273611252823,0.03524031914514847,0.014430693003706955,0.3333333333333333,0.8800839858803289,3,clean:0,0.07413384318351746,0.08675581216812134,0.036295413857826836,0.6666666666666666,0.835498228032469
6,2,3,clean:0,-1.3455542384025079,0.44431964498014087,0.18273595021018,0.0,0.9880487025720707,3,clean:0,-0.2630605045558947,0.1814430811441994,0.07412524471836644,0.0,0.910396291846655,3,clean:0,0.07753708958625793,0.10132107138633728,0.04139391373923655,0.6666666666666666,0.8431820357508358
6,3,3,clean:0,-2.829543426410255,0.6222767303616754,0.25405139912447905,0.0,0.9953540616952061,3,clean:0,-0.03252269720085868,0.03852849025623149,0.0163694743771391,0.3333333333333333,0.6275377654875116,3,clean:0,0.08342500030994415,0.12133926153182983,0.04968889904466046,0.6666666666666666,0.9101456714575994
6,4,3,clean:0,-2.173164574679038,1.0788825758516427,0.4409814843515245,0.0,0.9665254313016952,3,clean:0,-0.3133980413026226,0.1132705499389067,0.048366500707083454,0.0,0.982987417385491,3,clean:0,0.12824657559394836,0.1568264365196228,0.06423160452335205,0.6666666666666666,0.8001333328710271
6,5,3,noisy:500,-2.076876503887375,0.3448417959101757,0.15798250519113166,0.0,0.9969673965133832,3,clean:0,0.039329091780494554,0.007689787370674474,0.0034349900401359473,1.0,0.995578004120382,3,noisy:1000,-0.01433679461479187,0.02016010880470276,0.008344094581174803,0.3333333333333333,0.725757209223715
6,6,3,clean:0,-2.7321406979516083,0.5235754450929275,0.23271433659476434,0.0,0.9958215486367686,3,noisy:1000,0.0883499704324812,0.00915593010124334,0.0038543433676874422,1.0,0.9990277688579348,3,noisy:1000,-0.08524346351623535,0.06219063699245453,0.02538935005988983,0.0,0.8934399117708228
6,7,3,clean:0,-1.4039869537485425,0.23529123624279835,0.1016960801819173,0.0,0.9970907055400609,3,clean:0,-0.06013976560812105,0.108780195624461,0.04460023407908965,0.6666666666666666,0.7214003170216072,3,clean:0,0.08844614028930664,0.1067517101764679,0.04358785536350744,0.6666666666666666,0.8177217706075091
6,8,3,clean:0,-2.473176240601151,0.40103387428312676,0.16497803465291225,0.0,0.997613986573755,3,clean:0,-0.13931367988692633,0.12298634664094155,0.052035090398514054,0.0,0.732988449033276,3,clean:0,0.13373389840126038,0.1420820653438568,0.058820014320801195,0.6666666666666666,0.7279520120939854
6,9,3,clean:0,-1.1325410907281608,0.14689213389833355,0.0626208390139789,0.0,0.9984287367235405,3,noisy:500,-0.01735273889159747,0.01603091205610854,0.007065259304168165,0.0,0.7545596894315707,3,noisy:1000,-0.04372003674507141,0.06267404556274414,0.02583537225271648,0.3333333333333333,0.7516311139695304
6,10,3,noisy:500,-2.4675775547452985,0.37127091615176555,0.1669345357818031,0.0,0.997625575664408,3,noisy:500,0.025388126755994337,0.04886776036375713,0.022604488449565932,0.6666666666666666,0.9993787255643102,3,clean:0,0.04148569703102112,0.06503564119338989,0.02753995367939287,0.6666666666666666,0.9669441580620265
6,11,3,noisy:500,-0.7637169333075716,0.2938415063820897,0.12556369498730718,0.0,0.981832020022151,3,clean:0,-0.09385248760818782,0.047151610412128515,0.019265538281662584,0.0,0.9648476982002259,3,noisy:1000,-0.024302728474140167,0.006887167692184448,0.0028500124699226276,0.0,0.99160307475582
7,0,3,clean:0,-0.6256435475821578,0.10240430603091877,0.04669387458012958,0.0,0.9968887522250328,3,clean:0,-0.08344363143358369,0.030811944734424945,0.014227018276724818,0.0,0.981595709857828,3,noisy:1000,-0.02795696258544922,0.029179304838180542,0.012037717834567495,0.3333333333333333,0.6300261199394218
7,1,3,noisy:1000,-0.7883132688373512,0.12788495936979127,0.05237001838294188,0.0,0.9976276446559822,3,noisy:1000,-0.2308693613524677,0.024406942086371203,0.010272026443494738,0.0,0.9989863511246753,3,clean:0,0.024504899978637695,0.04646828770637512,0.01905244331303912,0.3333333333333333,0.779806938750419
7,2,3,clean:0,-1.5035166265013487,0.5584867263274913,0.22878695407143124,0.0,0.9841413567254533,3,noisy:1000,-0.06247824587208801,0.0022755168918171184,0.0010526556476187527,0.0,0.9998649651612406,3,noisy:1000,-0.025784790515899658,0.02487468719482422,0.010190313342610722,0.0,0.6821437853964059
7,3,3,clean:0,-1.2468275184926463,0.22015319929574373,0.09048519088568073,0.0,0.9971308595962207,3,noisy:500,-0.04875773936703105,0.014599347901075005,0.00678626916360305,0.0,0.9885772884369708,3,noisy:1000,-0.031671538949012756,0.0037002936005592346,0.0015572910138470567,0.0,0.9987700393863954
7,4,3,clean:0,-1.303278072588316,0.23059150884806767,0.09936122345436568,0.0,0.9967416046464233,3,clean:0,-0.14906285591327,0.008135681977303216,0.003366149873846126,0.0,0.9997539953879744,3,noisy:1000,-0.0329897403717041,0.019146651029586792,0.00804967811972199,0.0,0.9410124561083569
7,5,3,clean:0,-2.0339790326267764,0.5983448667547626,0.24437705162504933,0.0,0.9908971053012876,3,noisy:1000,0.024249522907877005,0.04772219451950399,0.021854267529364688,0.6666666666666666,0.9987412260984447,3,clean:0,0.10485580563545227,0.10911092162132263,0.04568291629536694,0.6666666666666666,0.7018759008153864
7,6,3,clean:0,-2.261485780048763,0.47668682274163476,0.1967139923913506,0.0,0.9957315336754552,3,clean:0,0.0915635668414595,0.04656296564905009,0.019954899111287384,1.0,0.9573986852434523,3,clean:0,0.05657024681568146,0.09559440612792969,0.0390343676928994,0.6666666666666666,0.8479703075206282
7,7,3,clean:0,-1.8913610638507796,0.31614064870628056,0.1290666057128347,0.0,0.9974720835340645,3,noisy:1000,-0.2442601798154201,0.06581237571053128,0.02688472666370623,0.0,0.9925822403100614,3,noisy:1000,-0.03991502523422241,0.046977490186691284,0.019223529037437587,0.3333333333333333,0.8217947853257085
7,8,3,noisy:500,-1.5796142231327133,0.4152456292828004,0.17190800131526926,0.0,0.9929356841032428,3,noisy:1000,-0.05659086888297153,0.06593856099655056,0.02711156700116436,0.3333333333333333,0.7552564784612877,3,noisy:1000,-0.0786169245839119,0.02193266898393631,0.009006442980839486,0.0,0.9918137875823444
7,9,3,noisy:500,-2.4866149243208135,0.7250683012241588,0.31301745780817347,0.0,0.9904414851229082,3,noisy:1000,0.04791725950200244,0.03782196908969661,0.016510387067847892,1.0,0.8636651951853443,3,clean:0,0.07552966475486755,0.13844075798988342,0.05651854481911931,0.6666666666666666,0.7567847456294899
7,10,3,noisy:500,-3.2504008069306245,0.6462555515692054,0.2783142863564691,0.0,0.9959760299276598,3,noisy:500,0.054718305595162574,0.00209360196395747,0.0008626805254441007,1.0,0.999882225448931,3,noisy:1000,-0.03352905809879303,0.020421504974365234,0.008366098024705665,0.0,0.9406622950519398
7,11,3,noisy:500,-2.615986745234023,0.13395518196465117,0.05478015625781574,0.0,0.9997899644708804,3,clean:0,-0.04722566416480982,0.026805281223991128,0.011805371899657555,0.0,0.9488022782423122,3,clean:0,0.06699618697166443,0.06682899594306946,0.0273926769939788,1.0,0.6079095366626951
8,0,3,noisy:500,-1.289544744116867,0.41927275011519893,0.1927331976027094,0.0,0.986434115189932,3,noisy:1000,-0.06853911244494379,0.06439833706623968,0.026336872006023714,0.0,0.7020735490888576,3,noisy:1000,-0.025422275066375732,0.01020781695842743,0.004187306163171744,0.0,0.9801786167539992
8,1,3,noisy:1000,-1.523281408009856,0.12507101882219662,0.05156499184080874,0.0,0.9994306598296626,3,noisy:1000,-0.28072776676269284,0.06207955764650136,0.02534618867697965,0.0,0.9952934665382185,3,noisy:1000,-0.037783876061439514,0.04282592236995697,0.01748651618593445,0.3333333333333333,0.7706511570848996
8,2,3,clean:0,-1.2613472067426224,0.1589937816327529,0.07008604962891557,0.0,0.9983676850354322,3,noisy:1000,-0.1206198023901674,0.0299466284281365,0.012292737995329692,0.0,0.9937632455226475,3,noisy:1000,-0.05159136652946472,0.057777345180511475,0.02361493361426926,0.3333333333333333,0.7742471980925809
8,3,3,clean:0,-0.9879271085001635,0.14256993920270422,0.058204530266093735,0.0,0.99816275803691,3,noisy:1000,-0.050479700284174756,0.08985974400762717,0.04000916037698898,0.3333333333333333,0.9934828014597602,3,noisy:1000,-0.0166245698928833,0.008385956287384033,0.003428122739672694,0.0,0.9650580952351926
8,4,3,clean:0,-0.7936250664300791,0.27053275902655016,0.11045610225343717,0.0,0.9870752283051936,3,clean:0,0.04807531154372099,0.04631369626683754,0.019003930136085225,1.0,0.6866442380380339,3,noisy:1000,-0.033724963665008545,0.021646440029144287,0.008854231949589775,0.0,0.9279625034830591
8,5,3,noisy:1000,-0.7386408449696429,0.27857562598994223,0.11592002514565763,0.0,0.9832885457834696,3,clean:0,-0.05610686964659281,0.017208626261643226,0.007025876566444876,0.0,0.9900009412278261,3,noisy:1000,-0.03219924867153168,0.03355689346790314,0.013744290156627991,0.3333333333333333,0.6879853145113823
8,6,3,noisy:1000,-1.373461986543338,0.11321213623598969,0.04632324776451823,0.0,0.9994356991085231,3,clean:0,0.06619451049769196,0.049055295425220496,0.02006781851975729,1.0,0.8897283936595389,3,noisy:1000,-0.035859569907188416,0.03260810673236847,0.014418833048982022,0.0,0.6269427360387188
8,7,3,noisy:1000,-1.9754626498176882,0.16504740769476878,0.06791470943451205,0.0,0.9994158698797263,3,clean:0,-0.3553512717459548,0.013444868132221122,0.0062312536059769,0.0,0.9998534587011292,3,noisy:1000,-0.04456397891044617,0.03287404775619507,0.013423246745881983,0.0,0.8901637396149998
8,8,3,clean:0,-1.5594720385694454,0.30017181209894805,0.12329322981277668,0.0,0.9964862407075106,3,noisy:1000,-0.14338308136606426,0.052991776289981446,0.02261349459600491,0.0,0.9835562628496981,3,noisy:1000,-0.025693058967590332,0.03098103404045105,0.012725860887349894,0.3333333333333333,0.7785932608416105
8,9,3,clean:0,-2.1242571063043783,0.4200256438544372,0.17757596815619844,0.0,0.9961476488665743,3,noisy:1000,-0.07961885986096223,0.029951051642692822,0.012413160718159929,0.0,0.9834708993035308,3,noisy:1000,-0.04457835853099823,0.016647115349769592,0.006911088545410498,0.0,0.9828806567125804
8,10,3,clean:0,-1.0070862678131618,0.1752032678053983,0.07153562321861803,0.0,0.9972386383613424,3,noisy:1000,-0.05340922934791684,0.07062396319065553,0.03115657821303874,0.3333333333333333,0.9179214671417486,3,noisy:1000,-0.022216498851776123,0.013876557350158691,0.005705143748533897,0.0,0.9320250120943875
8,11,3,noisy:1000,-1.1051498256467276,0.059452359600757676,0.02433155781792033,0.0,0.9997672606926445,3,noisy:1000,-0.2699848625505179,0.038121465187765546,0.015596089039335303,0.0,0.9982350197733679,3,noisy:1000,-0.034667909145355225,0.01754981279373169,0.008034069161281727,0.0,0.9489987799228534
9,0,3,clean:0,-2.205409145319571,0.8138466791178285,0.3537191674050013,0.0,0.981220972112006,3,noisy:1000,-0.17925743446353787,0.11101984681153906,0.04804211181671872,0.0,0.920891093168841,3,noisy:1000,-0.027131423354148865,0.0221395343542099,0.009423396169061933,0.0,0.8034544193899797
9,1,3,clean:0,-2.4748888007747443,0.3584490404985994,0.14635992477744014,0.0,0.9981466912137303,3,noisy:500,-0.026395444532776605,0.020176004470723798,0.008240914804976757,0.0,0.8734998868635356,3,noisy:1000,-0.03736311197280884,0.07049328833818436,0.028795688834614308,0.3333333333333333,0.7911946030055641
9,2,3,clean:0,-2.1180663463058296,0.2609027611291308,0.11330684060580355,0.0,0.9985431563114688,3,noisy:1000,-0.06547711792836541,0.08321261867823154,0.03573811677043447,0.3333333333333333,0.4931613498663242,3,noisy:1000,-0.01681506633758545,0.0226057767868042,0.009701564295709337,0.6666666666666666,0.6393590312425401
9,3,3,clean:0,-2.0429402873397535,0.5801788026377541,0.2376573645462061,0.0,0.9916613895255545,3,noisy:1000,-0.1445455820042409,0.03724206133906288,0.016872866266666776,0.0,0.9913592156234075,3,noisy:1000,-0.021254628896713257,0.02910853922367096,0.012356510096638735,0.6666666666666666,0.5979063610035076
9,4,3,noisy:1000,-0.6540691752081849,0.22209215638348262,0.09077607982450459,0.0,0.9871174080924967,3,noisy:1000,-0.11745859107877925,0.02831928733392282,0.011727635441119107,0.0,0.9940324067907412,3,noisy:1000,-0.0370078980922699,0.018125250935554504,0.008102605207460105,0.0,0.9567178755779971
9,5,3,noisy:500,-2.240871652128506,0.12670675803144515,0.05303076851336926,0.0,0.9997311156170504,3,clean:0,-0.07739097061007903,0.03402190941618927,0.015177063501296882,0.0,0.9732338405613502,3,noisy:1000,-0.03504684567451477,0.02968437969684601,0.012797146539659906,0.0,0.7585779082268678
9,6,3,clean:0,-2.377978244902549,0.1473338008179037,0.06046538423049495,0.0,0.9996859737636473,3,clean:0,-0.06790854750155634,0.06667321827986808,0.029361149008917686,0.0,0.6717632756643768,3,noisy:1000,-0.019244223833084106,0.02248966693878174,0.009216776689038964,0.3333333333333333,0.7714441352041509
9,7,3,clean:0,-2.381582643005629,0.292860270794308,0.11960614349909078,0.0,0.9986972204547434,3,noisy:1000,-0.1336675180882216,0.01870807038468683,0.008689045402549245,0.0,0.9977042659071467,3,noisy:1000,-0.025396287441253662,0.05055913329124451,0.020785677187445107,0.6666666666666666,0.8514868944635232
9,8,3,noisy:500,-1.325419062385992,0.05859886725677654,0.024863503373889647,0.0,0.9998331853128144,3,noisy:1000,-0.24320614267813265,0.042586275686657155,0.018618992296549855,0.0,0.9967099555189204,3,noisy:1000,-0.045360267162323,0.058191075921058655,0.023784131976119265,0.3333333333333333,0.8332097427478179
9,9,3,noisy:500,-1.7225549561733087,0.24225571478332042,0.09918993431272606,0.0,0.9982582011312026,3,noisy:1000,-0.16109579051031564,0.07264196926697578,0.030475631374022163,0.0,0.9735959013914763,3,noisy:1000,-0.0263206884264946,0.024813853204250336,0.010684106592350608,0.0,0.6026219147780548
9,10,3,clean:0,-2.3943685378021686,0.5639552334375677,0.2324399765660329,0.0,0.994533157703366,3,clean:0,-0.04243299678513654,0.011865999099020797,0.004914009131548247,0.0,0.9915753992824929,3,clean:0,0.053139716386795044,0.08821409940719604,0.0360556542228846,0.6666666666666666,0.8795834958427223
9,11,3,noisy:500,-2.3202896256760557,0.4199490976886757,0.18219569150833873,0.0,0.9966815469896487,3,noisy:500,-0.03101811462450015,0.014945159321750914,0.006805147668676001,0.0,0.9653685292680362,3,noisy:1000,-0.050969451665878296,0.060598224401474,0.024822226063927845,0.3333333333333333,0.7847740464212135
10,0,3,clean:0,-2.3283928458442285,0.19088129803316356,0.08072317955491264,0.0,0.9994006803230778,3,noisy:1000,-0.08839236408122544,0.03145801013106579,0.013812439274943996,0.0,0.9843521210661136,3,clean:0,0.027258306741714478,0.05009990930557251,0.020481230763128192,0.6666666666666666,0.8342538004129897
10,1,3,clean:0,-3.046621045335516,0.8418778541470129,0.3457001420356639,0.0,0.9921566415198587,3,clean:0,-0.05284736810833894,0.07876483000070708,0.0353146372173539,0.6666666666666666,0.9033867430521271,3,clean:0,0.07801410555839539,0.07329195737838745,0.03001281104577021,1.0,0.7219242112866882
10,2,3,clean:0,-2.689433780343452,0.1860660459569341,0.08319601822169469,0.0,0.9995378406482559,3,clean:0,-0.0588105579522145,0.0351086508301317,0.015571551600142652,0.0,0.9237531525982369,3,clean:0,0.10030117630958557,0.09311875700950623,0.038065209543649094,1.0,0.7344745475575838
10,3,3,clean:0,-1.8686212339776174,0.7910573254798803,0.3338665461541594,0.0,0.9752579548559136,3,noisy:1000,-0.169522574439877,0.026174182871583712,0.010711175166226822,0.0,0.9978710050750249,3,clean:0,0.031211823225021362,0.04703265428543091,0.019211081393079064,0.6666666666666666,0.8892720966914858
10,4,3,clean:0,-3.0629081902476187,0.19338609167533916,0.08167154561396285,0.0,0.9996567689043687,3,noisy:1000,-0.020548223710527794,0.04032425259817212,0.01646312288822412,0.3333333333333333,0.7010781732241199,3,clean:0,0.06203722953796387,0.055699825286865234,0.024332795266346043,1.0,0.7819976504037695
10,5,3,noisy:500,-2.6139616753825012,0.2617537773102603,0.10897912451552863,0.0,0.9991173015408245,3,clean:0,-0.0618891121804715,0.05762056060341363,0.024810921204766752,0.0,0.6277124766109763,3,clean:0,0.08676585555076599,0.10285547375679016,0.04199436493120519,0.6666666666666666,0.8149144533046713
10,6,3,clean:0,-1.99393778400376,0.6872249133484987,0.29325103614639414,0.0,0.9849183983272275,3,noisy:1000,-0.18640291172706588,0.02658714063082382,0.011659347810941993,0.0,0.9979750765403831,3,noisy:1000,-0.03463350236415863,0.05940154194831848,0.02427370392764674,0.3333333333333333,0.7537349317158406
10,7,3,clean:0,-1.9494180425388568,0.6016989099177079,0.24908717979423145,0.0,0.9893578103668071,3,noisy:1000,-0.06533077452725385,0.03200290076534545,0.01306898061467648,0.0,0.9673217184408376,3,noisy:1000,-0.04287327826023102,0.02431260049343109,0.010792993717687101,0.0,0.9347729240976642
10,8,3,clean:0,-1.1389139173681213,0.31805994247632574,0.1322074318343286,0.0,0.9915202255658948,3,noisy:1000,-0.15350711350979562,0.05307061926702433,0.021797255929423404,0.0,0.9863040600964706,3,noisy:1000,-0.04766104370355606,0.04161188751459122,0.01704890332104653,0.0,0.7833722899430523
10,9,3,clean:0,-0.9273236234792065,0.4328823262726811,0.17878837984567916,0.0,0.9699252950030307,3,clean:0,-0.15583984056008365,0.021714247760520555,0.00903709388309939,0.0,0.9982140568306024,3,clean:0,0.02416597306728363,0.047402456402778625,0.0197414878333423,0.6666666666666666,0.9262115822704249
10,10,3,clean:0,-2.6511563069989608,0.722691635848355,0.2951638475199026,0.0,0.9923857247776326,3,clean:0,-0.06682373612962886,0.06655898157659143,0.02996686169978991,0.0,0.2994119151125388,3,clean:0,0.0983433723449707,0.09404721856117249,0.038978545800270444,1.0,0.7051835579494097
10,11,3,clean:0,-2.6738549160880436,0.348146231014304,0.14214037394860113,0.0,0.9985266099593341,3,noisy:1000,-0.1701986774663234,0.04830971216613947,0.020030292005709632,0.0,0.9912461990645073,3,clean:0,0.033979445695877075,0.05591137707233429,0.02282590476963507,0.6666666666666666,0.8446533668082669
11,0,3,noisy:500,-2.677169153647223,0.1524628920664206,0.06356192040688836,0.0,0.999729156709479,3,clean:0,-0.1349192944957506,0.16271723164041513,0.06694238103842427,0.3333333333333333,0.7714874149323347,3,clean:0,0.08485746383666992,0.08458790183067322,0.03455602257892799,1.0,0.6003639886894522
11,1,3,noisy:500,-2.2663472874029598,0.38385232543519243,0.15950947917788222,0.0,0.9973336413378153,3,noisy:500,0.03528630207465265,0.037855567433460115,0.015734992471661,0.6666666666666666,0.7431224574800865,3,clean:0,0.02002549171447754,0.015738755464553833,0.006533960955080937,1.0,0.8672084643372577
11,2,3,clean:0,-1.970343595237718,0.8916904880830914,0.3823247985257148,0.0,0.9691058579950228,3,clean:0,-0.12645041817539981,0.0329725351970494,0.013461095746747634,0.0,0.9931566672076882,3,clean:0,0.06869751214981079,0.08807298541069031,0.036231353398675586,0.6666666666666666,0.8847615258405059
11,3,3,clean:0,-1.9764480509287845,0.5070026395436533,0.2083722769326367,0.0,0.9933857056930457,3,noisy:1000,-0.23209818117791975,0.0884466993652745,0.03613767842888811,0.0,0.9829084412389303,3,noisy:1000,-0.042719513177871704,0.03627803921699524,0.014816492706882218,0.0,0.8171265271903075
11,4,3,clean:0,-1.4998703777697886,0.628177106831018,0.25693496497622786,0.0,0.9781699323967095,3,clean:0,-0.17200115381040854,0.05849928167200652,0.023882352623489447,0.0,0.9871756609356729,3,clean:0,0.06973487138748169,0.08599960803985596,0.03532241468210511,0.6666666666666666,0.8611354394488786
11,5,3,noisy:500,-2.150534212716705,0.35149110653608817,0.15030190990981174,0.0,0.9974067843600694,3,noisy:1000,-0.20542049908673782,0.02493833818255453,0.010617570909375313,0.0,0.9986376667035948,3,noisy:1000,-0.013363808393478394,0.026041299104690552,0.011005313426249719,0.6666666666666666,0.9456960408380892
11,6,3,clean:0,-2.6032506698860876,0.7407208711167068,0.31498548781085034,0.0,0.9911761562063655,3,noisy:500,0.04537581222570652,0.010054105342736354,0.004240261011341544,1.0,0.9948573985085861,3,clean:0,0.07496359944343567,0.07192429900169373,0.02945544270359206,1.0,0.6633249803037965
11,7,3,clean:0,-3.1168601190316485,0.5894669539617352,0.2406489069251295,0.0,0.996684726709324,3,clean:0,0.06922773060953122,0.0642163716949097,0.029172641210956314,1.0,0.7491414420771523,3,clean:0,0.051003724336624146,0.05916798114776611,0.025202352401654738,0.6666666666666666,0.8311208630667449
11,8,3,clean:0,-2.533725312870155,0.45283860779503815,0.18920284937363668,0.0,0.9968943054262915,3,noisy:500,-0.14059147870152097,0.014088657216457662,0.006470652867469981,0.0,0.9989092252488235,3,noisy:1000,-0.03878284990787506,0.02954089641571045,0.013232590736354027,0.0,0.816909347264268
11,9,3,clean:0,-1.8723315050658016,0.10183870869210421,0.04548209608194907,0.0,0.999718638380679,3,clean:0,-0.06892188518969863,0.04527877345135198,0.019909696422426102,0.0,0.8989910585288732,3,noisy:1000,-0.0440686009824276,0.004085201770067215,0.0017866836202467323,0.0,0.9991873836199818
11,10,3,clean:0,-1.5750280710271478,0.2627746536360309,0.1100621309043784,0.0,0.997316668264373,3,clean:0,-0.016806624888631588,0.004448548811249538,0.0020955392067202707,0.0,0.989888677538626,3,clean:0,0.054203033447265625,0.057257577776908875,0.023600000505195146,0.6666666666666666,0.7166969405696519
11,11,3,clean:0,-2.962397750895751,0.5780162210567843,0.23866467288546234,0.0,0.9963300832967902,3,clean:0,-0.04563853042710578,0.051063723788463855,0.022970368101297836,0.6666666666666666,0.34372446088614184,3,clean:0,0.06975173950195312,0.08099573850631714,0.03315360500547161,0.6666666666666666,0.7729952491482944
12,0,3,clean:0,-2.250530213307992,1.1517830367355493,0.4705003959641769,0.0,0.9635845103375767,3,clean:0,-0.1821789777969821,0.0716651075594446,0.03221141326166319,0.0,0.9758150913679838,3,clean:0,0.10774189233779907,0.09279921650886536,0.037900621128189864,1.0,0.8015804870609369
12,1,3,noisy:500,-2.5433171600409663,0.417622380419175,0.1896143303644226,0.0,0.9970860442514868,3,noisy:1000,-0.04817129499066556,0.019073579062338412,0.00795282173330258,0.0,0.9798946544174052,3,clean:0,0.09540331363677979,0.08285057544708252,0.03390730419924,1.0,0.8027979069146152
12,2,3,noisy:500,-0.8174987935856658,0.11989367885578306,0.04931521753038135,0.0,0.998080321810669,3,noisy:1000,-0.0781463553444707,0.06545950720066747,0.02879898210293179,0.0,0.831912194981921,3,noisy:1000,-0.027508459985256195,0.005747813731431961,0.0023470651865576024,0.0,0.9958533437998953
12,3,3,clean:0,-1.7466578053156823,0.5180250690534622,0.228176280613896,0.0,0.9886979120681071,3,noisy:1000,-0.1722625600792677,0.01829103966147619,0.008230876093088736,0.0,0.9988617607007311,3,noisy:1000,-0.04353025555610657,0.03572973608970642,0.014615208060901651,0.0,0.8331524941580717
12,4,3,clean:0,-2.7481238278960918,0.7695662176114593,0.34076746780833056,0.0,0.99002830995324,3,noisy:500,-0.07082033561179671,0.026051833138575863,0.01190166562603709,0.0,0.9820462542355696,3,clean:0,0.08657926321029663,0.09613814949989319,0.03950920322092266,0.6666666666666666,0.7759764495114242
12,5,3,clean:0,-2.6906599653464545,0.3764126067160283,0.16054955903490786,0.0,0.9980972493817531,3,noisy:1000,0.028251200264439374,0.022044048092467072,0.00906523969453137,1.0,0.857230503099888,3,clean:0,0.06712937355041504,0.07197178900241852,0.029466364857218427,0.6666666666666666,0.7286764184535565
12,6,3,noisy:1000,-1.9652354439638215,0.37147397307460395,0.16311841169134242,0.0,0.9962746324065487,3,noisy:500,-0.3358722984934083,0.009021595016914907,0.0038296194958601796,0.0,0.9999390580443153,3,noisy:1000,-0.016109615564346313,0.020584940910339355,0.008911464888327244,0.3333333333333333,0.9000727154325071
12,7,3,clean:0,-1.740115873132054,0.12285581089113351,0.05081102069195574,0.0,0.9995844150372603,3,noisy:1000,-0.3430407315436885,0.07889272903202837,0.035140274466587615,0.0,0.9936347195801941,3,clean:0,0.022608518600463867,0.03424350917339325,0.014080053756810476,0.6666666666666666,0.9280032464199948
12,8,3,clean:0,-1.8061879990930987,0.14886865987725062,0.061642287366949926,0.0,0.999425684750784,3,noisy:1000,-0.22261066949488706,0.08333371244047696,0.037479930798136746,0.0,0.9817083005434027,3,noisy:1000,-0.03285990655422211,0.010658934712409973,0.004398444001512567,0.0,0.9881094898772964
12,9,3,clean:0,-2.7284023071973396,0.5194161900845753,0.22282973669632547,0.0,0.9963659375546411,3,clean:0,-0.3612914578004063,0.16529480514128522,0.06787524426266757,0.0,0.9730949253013889,3,clean:0,0.03820997476577759,0.04740680754184723,0.01982169759380353,0.6666666666666666,0.8777209195313245
12,10,3,clean:0,-0.754871565307597,0.032828836621544566,0.013795582585462565,0.0,0.9998406128132504,3,noisy:1000,-0.17064605058477272,0.05204313261972417,0.022873379128443012,0.0,0.987971296532109,3,noisy:1000,-0.023848414421081543,0.015112549066543579,0.006602638422037301,0.0,0.912162822292521
12,11,3,clean:0,-1.5397213082429868,0.34852292127315465,0.14495077358300648,0.0,0.9947792946897305,3,noisy:1000,-0.20816023621392182,0.05490408281074127,0.022846471242653467,0.0,0.992563090381962,3,clean:0,0.061185628175735474,0.05078801512718201,0.02083902386909146,1.0,0.8361306689085358
13,0,3,noisy:500,-1.8700978572699627,0.13881566408805535,0.056865184506140955,0.0,0.9995468513833392,3,noisy:500,0.06242374556812273,0.05677614772216134,0.025128483723357947,1.0,0.6249720577372015,3,noisy:1000,-0.013055697083473206,0.02411980926990509,0.010077933441812058,0.3333333333333333,0.9490050905067823
13,1,3,clean:0,-2.8612476905040234,1.2289239993647618,0.5017152726090908,0.0,0.9769920432700845,3,clean:0,-0.15401580131264248,0.0934307158184082,0.03918272091846435,0.0,0.9331103030326142,3,clean:0,0.06818503141403198,0.04806193709373474,0.019846080863942347,1.0,0.9075228279200094
13,2,3,clean:0,-2.4936338724799922,0.7339039300420647,0.303872463300893,0.0,0.9904966230754794,3,noisy:1000,-0.14116251595914686,0.03217228735704286,0.013176699319613568,0.0,0.9949652713078412,3,clean:0,0.08121412992477417,0.07678169012069702,0.03191819238390135,1.0,0.7225626876017361
13,3,3,noisy:500,-2.660142922566685,0.09747956608901998,0.04210006082498147,0.0,0.9998812004587898,3,noisy:1000,-0.1637814748197494,0.06265181734031931,0.026037941546613208,0.0,0.9827210929001816,3,clean:0,0.030169054865837097,0.046946972608566284,0.019256050735760286,0.6666666666666666,0.7552852818962374
13,4,3,clean:0,-3.1254238571291504,0.8007853844913582,0.36227581502032524,0.0,0.9923192579040201,3,clean:0,-0.10473438180283479,0.01513487693025714,0.00688482203837315,0.0,0.997647617564517,3,clean:0,0.10770291090011597,0.08737191557884216,0.03580313226936768,1.0,0.8491032300387278
13,5,3,noisy:500,-3.1797614685661384,0.30944590688804263,0.12994185104396483,0.0,0.99916624087823,3,clean:0,-0.1031283621763783,0.10634658587372195,0.04411384195608119,0.3333333333333333,0.6825325862181707,3,clean:0,0.07972487807273865,0.04648929834365845,0.01981343928804754,1.0,0.9466275481370067
13,6,3,clean:0,-2.664101424336724,0.2946036674167094,0.12699812579477934,0.0,0.9988252460371422,3,noisy:1000,-0.1098077872364672,0.009449690994863563,0.004274700308731484,0.0,0.999234822315889,3,noisy:500,0.08330404758453369,0.04826706647872925,0.022692837487279682,1.0,0.9418171594873855
13,7,3,clean:0,-3.0481130074112293,0.48507125452010946,0.21194427746970004,0.0,0.9974563956320719,3,clean:0,-0.1563404019358012,0.06873080425408902,0.029953380151003253,0.0,0.9701056758083665,3,clean:0,0.0993759036064148,0.075558602809906,0.03146756458682767,1.0,0.8815567423862462
13,8,3,noisy:500,-2.169965539344798,0.01966620632188887,0.00810258371154744,0.0,0.9999935989033193,3,noisy:1000,-0.2556316228174041,0.013283058569433182,0.005460661181738191,0.0,0.9997814770844112,3,clean:0,0.07269290089607239,0.047600582242012024,0.019434696518090867,1.0,0.9252295729795462
13,9,3,clean:0,-2.815852303673518,0.6693845217854069,0.2769415163434329,0.0,0.9943873520249422,3,noisy:500,-0.08654806740748797,0.029017727295435197,0.012294055204822789,0.0,0.9871149641217398,3,clean:0,0.05213698744773865,0.03343743085861206,0.013728144264104281,1.0,0.9308963474973881
13,10,3,clean:0,-3.2410255556845264,0.33789758950077964,0.15148506864925948,0.0,0.9989121324000096,3,noisy:1000,-0.04616880852008454,0.02805696908363841,0.012456163677686066,0.0,0.9190886411110394,3,clean:0,0.10053250193595886,0.07149609923362732,0.029874492576368775,1.0,0.9048257718621281
13,11,3,clean:0,-1.2952572262108415,0.32985243988331514,0.13588349378217637,0.0,0.9933218072343477,3,clean:0,-0.17314811099966915,0.039166309129966825,0.016006624335731242,0.0,0.9950586794926715,3,clean:0,0.01666666567325592,0.031611934304237366,0.013154484795547918,0.6666666666666666,0.9336906655733843
14,0,3,clean:0,-1.9949840208068625,0.3933239259385424,0.16095420568418972,0.0,0.9963628275180116,3,noisy:1000,-0.19398351969635122,0.01961418361250758,0.008653617982228039,0.0,0.999009707297109,3,noisy:1000,-0.02280883491039276,0.024779751896858215,0.010671707344442253,0.3333333333333333,0.548003746485002
14,1,3,noisy:500,-2.628864823162063,0.13737288860535113,0.05946481397666727,0.0,0.9997528947926974,3,clean:0,-0.08139293357246347,0.048154442961856836,0.02000471518842511,0.0,0.9399931313703184,3,clean:0,0.08634498715400696,0.051664143800735474,0.021395151341175034,1.0,0.9437358722430861
14,2,3,noisy:500,-2.9699388554998825,0.3119863940728038,0.14285449889843588,0.0,0.9988503335023992,3,clean:0,-0.16171373309965636,0.131260004993946,0.05717771913530088,0.0,0.7889495279639187,3,clean:0,0.10973022878170013,0.08273579180240631,0.033945826071043114,1.0,0.8838673225726773
14,3,3,clean:0,-2.150564846284019,0.5566232143584269,0.2273649851222856,0.0,0.9932439927159931,3,noisy:1000,-0.23331013216394014,0.1021015695522226,0.04286330785031668,0.0,0.9734000930043865,3,clean:0,0.020174920558929443,0.02554991841316223,0.010486135826852394,0.6666666666666666,0.874809240972073
14,4,3,clean:0,-1.8729003644695128,0.3600666921390616,0.15743296101005075,0.0,0.9959454223552549,3,noisy:500,-0.1198972399864586,0.043851993157293684,0.019012781618707137,0.0,0.981757692330326,3,noisy:1000,-0.05921838618814945,0.015730882063508034,0.006487051074484394,0.0,0.9928024790365063
14,5,3,clean:0,-1.4813208472740116,0.035625224777135145,0.014568077705627031,0.0,0.9999549210544326,3,noisy:1000,-0.3417969161146158,0.029096957937401635,0.012065330826749068,0.0,0.999378190777863,3,noisy:1000,-0.032882481813430786,0.022474095225334167,0.009535336912106954,0.0,0.8980294075304178
14,6,3,clean:0,-2.7690527221824244,0.4938375075264325,0.2030165925215381,0.0,0.9970664815178114,3,noisy:500,-0.1493524628141515,0.05025463346990419,0.023656856984913485,0.0,0.9847606613416418,3,clean:0,0.027319714426994324,0.05095700919628143,0.020834418344869498,0.3333333333333333,0.6776768547208956
14,7,3,noisy:1000,-2.456754177420237,0.07220340492426569,0.030775702467073153,0.0,0.9999266420065973,3,noisy:1000,-0.17204790071327292,0.056634833443170954,0.02556047424234542,0.0,0.9844926355783996,3,clean:0,0.07751831412315369,0.09749341011047363,0.03984476940476563,0.6666666666666666,0.8271407907136824
14,8,3,noisy:1000,-1.4859955717472197,0.2020173887036938,0.0838830251989091,0.0,0.9983153222217618,3,noisy:1000,-0.25273565196071457,0.03619546719437805,0.014796292563749786,0.0,0.998184211733977,3,noisy:1000,-0.016696840524673462,0.0251731276512146,0.010414175336756381,0.3333333333333333,0.940602117923304
14,9,3,clean:0,-2.421942343743421,0.3889361957898654,0.16515605848989934,0.0,0.9974545967856103,3,noisy:1000,-0.1310829741566329,0.023697537851638195,0.009679768503181124,0.0,0.9970012133785585,3,clean:0,0.06591293215751648,0.10874781012535095,0.04443952790202227,0.6666666666666666,0.7867733509981029
14,10,3,clean:0,-1.9105418536487053,0.02944783807082918,0.012148666875852589,0.0,0.9999813231906804,3,noisy:500,-0.20811110461744514,0.008369600619332784,0.0035287710237228804,0.0,0.9998632601142282,3,clean:0,0.03161182999610901,0.04094228148460388,0.01677345633025517,0.6666666666666666,0.8168130182324554
14,11,3,noisy:500,-2.343832938578096,0.11984622309572046,0.053698108734670146,0.0,0.9997504858326586,3,clean:0,0.015558879327123139,0.014829080113359448,0.0062320139190880615,1.0,0.7142072721614419,3,clean:0,0.08769473433494568,0.03933414816856384,0.016992841685638964,1.0,0.9730099652551011
15,0,3,clean:0,-2.8344975893768574,0.1801428725531844,0.07424643475058612,0.0,0.9996677368150644,3,noisy:1000,-0.1395557448461609,0.027056651350984937,0.012202807947324855,0.0,0.9958749280050333,3,clean:0,0.09070219099521637,0.09214375913143158,0.037636962309020514,0.6666666666666666,0.6312086092719696
15,1,3,clean:0,-3.0572878170016895,0.41970644931500267,0.17413072028248455,0.0,0.9983100372958111,3,noisy:500,0.14568790568219697,0.06288617361802812,0.027183671514994002,1.0,0.972168305686725,3,clean:0,0.11713051795959473,0.06068018078804016,0.02479896541451119,1.0,0.9616895841157359
15,2,3,clean:0,-3.3547051476890486,0.839104723160554,0.34270099589812086,0.0,0.9937597541535833,3,clean:0,-0.13055669508193699,0.081924544673012,0.0345716574904778,0.0,0.9241247924310674,3,clean:0,0.11362355947494507,0.05730968713760376,0.023691578893493753,1.0,0.9627372294613906
15,3,3,clean:0,-2.8184049866943406,0.8756882116261666,0.3670588604999553,0.0,0.9888256939211113,3,noisy:1000,-0.06915344645019435,0.061167802558956694,0.025109666313326475,0.0,0.7678528683467125,3,clean:0,0.08826175332069397,0.07706272602081299,0.031624867544150954,1.0,0.8002706314792866
15,4,3,clean:0,-3.362490010311899,0.3151760689278591,0.128953067652808,0.0,0.9992642815424009,3,noisy:500,0.0644294860619471,0.05640041050925961,0.023036204509699138,1.0,0.7875743263514711,3,noisy:500,0.07075190544128418,0.031990230083465576,0.013728276580273523,1.0,0.9726854848196297
15,5,3,clean:0,-2.7772214320717072,0.22718711641515243,0.09286208864411208,0.0,0.9994459900359771,3,clean:0,-0.11029252323962373,0.02220257668288561,0.009064192193046747,0.0,0.9961921713240308,3,clean:0,0.09499192237854004,0.05907118320465088,0.024116256787720274,1.0,0.9358197671753723
15,6,3,clean:0,-3.4532951050893645,0.9271022607381418,0.37856668517546677,0.0,0.992660112054941,3,noisy:1000,-0.022972033016725475,0.029908186920567566,0.01237836152573531,0.3333333333333333,0.8987412279448453,3,clean:0,0.062258630990982056,0.06532596051692963,0.02707914314093278,0.6666666666666666,0.7105717341366088
15,7,3,clean:0,-2.8283848729104015,0.3945986350766386,0.16578083850508768,0.0,0.9982117378003565,3,noisy:1000,0.04157493855934169,0.041306743486841616,0.0172633534922698,1.0,0.6361153116713811,3,clean:0,0.16578954458236694,0.08261361718177795,0.033768193190176245,1.0,0.9661893566438307
15,8,3,noisy:500,-1.8468411509852767,0.1454375692324037,0.06266841718591964,0.0,0.9994370877590969,3,noisy:500,-0.23367296521015668,0.04162434558648764,0.01774119259143258,0.0,0.9968921759953522,3,noisy:1000,-0.0437350869178772,0.017112135887145996,0.007980493631052937,0.0,0.973708885426489
15,9,3,noisy:500,-2.0084817906746393,0.09019510758788485,0.03700680663212486,0.0,0.9998380795099459,3,noisy:500,0.12665400464537524,0.02755972184677144,0.011306099625887652,1.0,0.9953898709775088,3,clean:0,0.09435638785362244,0.07815977931022644,0.031910630004603806,1.0,0.8329341188463706
15,10,3,noisy:1000,-2.222065074429395,0.23857157332766077,0.10548753088495258,0.0,0.9988724846924262,3,clean:0,-0.13150745406841655,0.013408118372584599,0.005525951748847421,0.0,0.9991112352408481,3,clean:0,0.05310767889022827,0.040707066655159,0.01775828713840552,1.0,0.8763666453238117
15,11,3,clean:0,-2.5244218852676874,0.6245360681722709,0.257270279752299,0.0,0.9937538730280454,3,noisy:500,-0.348462183488391,0.008198439374487665,0.003475925018199325,0.0,0.9999535311824562,3,clean:0,0.03863301873207092,0.03291143476963043,0.01363713873603378,1.0,0.8213860979476441
16,0,3,clean:0,-2.666549637042979,0.5167727938509872,0.2125388814389316,0.0,0.9964753332393692,3,clean:0,-0.15046948215316136,0.015842600734836537,0.006646527902467588,0.0,0.9990019518030613,3,clean:0,0.05978158116340637,0.05273738503456116,0.02175726514747867,1.0,0.7937672174596709
16,1,3,noisy:500,-2.6817998697406216,0.624316902241759,0.2645574105050259,0.0,0.9944405899579984,3,clean:0,-0.07302909738796087,0.10093314566648942,0.04174885616449355,0.3333333333333333,0.7409558301854768,3,clean:0,0.11861345171928406,0.08760038018226624,0.035767642273475585,1.0,0.8883980646204387
16,2,3,clean:0,-1.2035384204727246,0.08435386142296109,0.03912142636688426,0.0,0.9994757620295082,3,noisy:1000,-0.267171030875927,0.03531148137374274,0.014604294895537537,0.0,0.9984287937555156,3,clean:0,0.01950111985206604,0.020074665546417236,0.008216817508727804,0.6666666666666666,0.6652442449012771
16,3,3,clean:0,-2.339917922510993,0.27812017805695044,0.11365687965424888,0.0,0.9987874270690742,3,clean:0,-0.10160005249515794,0.029967210033092023,0.012684230122729482,0.0,0.9904781962753331,3,clean:0,0.0861377865076065,0.07274660468101501,0.030029376875246098,1.0,0.8266339886042491
16,4,3,clean:0,-2.7286622701888614,0.7065686047221145,0.2884747763248785,0.0,0.9932693628598258,3,noisy:500,-0.26998650059514284,0.032929170052231116,0.014819642336611271,0.0,0.9984766706758471,3,clean:0,0.04820403456687927,0.0461902916431427,0.018958532574291195,1.0,0.6956880683185837
16,5,3,noisy:500,-1.7716704451083727,0.41438973619950614,0.18654735700220387,0.0,0.9937857056551513,3,clean:0,-0.19739691263528875,0.02314410903415523,0.010179074584442387,0.0,0.9986565099807703,3,clean:0,0.051871538162231445,0.04578205943107605,0.01906957162176002,1.0,0.7952861471300727
16,6,3,clean:0,-1.363925010911443,0.2794794179550202,0.11415361480409121,0.0,0.9960257001574745,3,noisy:1000,-0.19209089636663101,0.045770608034941845,0.019016539605693255,0.0,0.9941439747461988,3,noisy:1000,-0.02606743574142456,0.01611056923866272,0.006741166291866766,0.0,0.9297066972690247
16,7,3,noisy:500,-2.4017588637551563,0.14406963150075125,0.06033746846343113,0.0,0.9996960036198261,3,clean:0,-0.14079985353880134,0.033406526494658625,0.013702887468882284,0.0,0.9943910323081719,3,clean:0,0.11206984519958496,0.05802635848522186,0.024748939823968443,1.0,0.9614028203051858
16,8,3,noisy:500,-2.3462063657347505,0.2466243299524331,0.10592185568853577,0.0,0.9989782027815375,3,noisy:1000,-0.2855885554951522,0.012575393486046804,0.00573532822595011,0.0,0.9998096350226431,3,clean:0,0.04798927903175354,0.045207202434539795,0.018947442146281458,1.0,0.7293514180145233
16,9,3,noisy:500,-1.3323488914391275,0.20834129147575497,0.08866959082372111,0.0,0.9976624564851607,3,noisy:1000,-0.23286205699914397,0.03158428692709561,0.012900832895746124,0.0,0.9983932032932817,3,clean:0,0.018749356269836426,0.03440237045288086,0.014330264823839478,0.6666666666666666,0.9439262972470728
16,10,3,noisy:500,-3.0708397613593412,0.2915816938332343,0.12639198194297468,0.0,0.999159845496987,3,clean:0,-0.09980555489027951,0.0437102306365072,0.0197952143471481,0.0,0.9671171372037173,3,clean:0,0.1213960349559784,0.08377736806869507,0.03603639488188995,1.0,0.9120512014105074
16,11,3,clean:0,-3.0088852815936926,0.1698958214739914,0.0704341015889249,0.0,0.9997366837417438,3,noisy:500,-0.043890964944688415,0.04150814580791066,0.016947780842872552,0.0,0.7048737976751173,3,clean:0,0.018765538930892944,0.030021458864212036,0.012335654559597122,0.6666666666666666,0.6952251255844853
17,0,3,clean:0,-3.085674381275042,0.43588343447207256,0.18039340130569723,0.0,0.9981836763231182,3,clean:0,-0.15929142250800704,0.06925965708741985,0.031806241262179284,0.0,0.9665015962709894,3,clean:0,0.08510667085647583,0.04419982433319092,0.018572038791841942,1.0,0.9616763804872902
17,1,3,noisy:500,-1.2941284712894736,0.20533160955490537,0.08962292424506703,0.0,0.9974773719223223,3,noisy:1000,-0.166213454881878,0.02684723746992071,0.011050696370206427,0.0,0.9976002124225483,3,clean:0,0.028248131275177002,0.021214723587036133,0.008800729852190036,1.0,0.8863115446303487
17,2,3,clean:0,-2.876533738422091,0.18402656665266726,0.07656195016748203,0.0,0.9996545087691682,3,clean:0,-0.39716481688578764,0.004111329915749806,0.001683288334781044,0.0,0.9999917413243916,3,noisy:1000,-0.0427970290184021,0.015124469995498657,0.006782917809519844,0.0,0.9817573376171751
17,3,3,noisy:1000,-2.013714816209955,0.1266857724048438,0.05185354744289289,0.0,0.9996786837238824,3,noisy:1000,-0.3262621493013661,0.09997005627257888,0.042770664236684734,0.0,0.9886199033802052,3,noisy:1000,-0.029568344354629517,0.014192402362823486,0.006540083983735047,0.0,0.9554173862603115
17,4,3,clean:0,-2.2259758344694367,0.9484916094659639,0.3907868553390158,0.0,0.9765593618095125,3,clean:0,-0.10367745409880766,0.02341637673954783,0.010035867070043666,0.0,0.9947067100940815,3,clean:0,0.0228613018989563,0.01894780993461609,0.00867434226029464,1.0,0.8350508175830115
17,5,3,clean:0,-1.9980740791295761,0.5828174856082622,0.2651775878615281,0.0,0.9882483721950343,3,noisy:1000,-0.24769933329651236,0.08723205474854986,0.03639533090192133,0.0,0.985005663911408,3,noisy:1000,-0.025342047214508057,0.0031605660915374756,0.0013445231405283808,0.0,0.9985597541923524
17,6,3,noisy:1000,-3.2761086933017936,0.044572098104085356,0.018235458968230176,0.0,0.9999857090373079,3,clean:0,-0.160354962275841,0.04602365078495599,0.02129441925288878,0.0,0.9882296275885825,3,clean:0,0.0763656497001648,0.033516108989715576,0.014291133375937853,1.0,0.9719871939235435
17,7,3,noisy:1000,-1.9055366221354717,0.17341740476272127,0.07763347522157724,0.0,0.9991829526372971,3,noisy:1000,-0.22160072681651405,0.030029464943349266,0.012270716850503632,0.0,0.998389988046778,3,noisy:1000,-0.018887817859649658,0.008510202169418335,0.003478132834694,0.0,0.9737029767775549
17,8,3,clean:0,-2.042662066162321,0.3589396004214529,0.149535498137326,0.0,0.9970986052075782,3,noisy:1000,-0.33826178263730905,0.16630332551104743,0.0682742050830823,0.0,0.966119532466091,3,noisy:500,-0.04058447480201721,0.00578916072845459,0.0024812177078364227,0.0,0.9979938179193717
17,9,3,clean:0,-1.9991625022127324,1.1121191760930276,0.48374311105356,0.0,0.9421741309222847,3,clean:0,-0.1472517440814767,0.06699086691876195,0.03134102837231516,0.0,0.9600128810292277,3,clean:0,0.12702476978302002,0.07805702090263367,0.031879850922849624,1.0,0.937675560781516
17,10,3,noisy:500,-2.1473768375316595,0.27541360477083554,0.11683191144580951,0.0,0.9984416046121786,3,noisy:1000,-0.22774629525173173,0.05910888868255057,0.025261799122399432,0.0,0.9923527685366962,3,noisy:1000,-0.013745665550231934,0.02701541781425476,0.011196016583673621,0.6666666666666666,0.8945589701274724
17,11,3,clean:0,-2.58776128060282,0.2552795848463547,0.10427637097651665,0.0,0.9991827759975719,3,noisy:1000,-0.16029087438969358,0.026894582418917096,0.011830332108531027,0.0,0.9969660863550519,3,clean:0,0.04761165380477905,0.03983163833618164,0.016303062437566542,1.0,0.8299149053641192
18,0,3,clean:0,-2.667862592387817,0.3430406919019702,0.14136250883984391,0.0,0.9985475469493532,3,noisy:1000,-0.09021005819355987,0.12052365504332581,0.051464435417697546,0.3333333333333333,0.9222743901644259,3,clean:0,0.03339278697967529,0.020443066954612732,0.008661411614527053,1.0,0.939022223269865
18,1,3,clean:0,-3.206217362006118,0.4307992478355631,0.1773866532645676,0.0,0.9983886413015585,3,clean:0,-0.40224430274849166,0.12344157145099466,0.05148609983658475,0.0,0.9892927768286761,3,clean:0,0.13282763957977295,0.030742913484573364,0.012855284741787447,1.0,0.9946287912071469
18,2,3,clean:0,-2.987372386613277,0.6626674902719101,0.2705458434245533,0.0,0.9952688781182129,3,clean:0,-0.38495928381989564,0.10091244432550983,0.04184386414715247,0.0,0.9927346335211049,3,clean:0,0.10777142643928528,0.03713101148605347,0.016475120913871225,1.0,0.9852826683348619
18,3,3,clean:0,-3.315594201415527,0.8406950041468941,0.3589760606123377,0.0,0.9927735877869055,3,clean:0,-0.3181512219362167,0.0201460690601602,0.008243129528783524,0.0,0.9996736983542147,3,clean:0,0.11121121048927307,0.041829586029052734,0.0170781834247928,1.0,0.9835432922886429
18,4,3,clean:0,-2.7204579288426753,0.9774175825758564,0.42796584244633046,0.0,0.9821132575030307,3,clean:0,-0.22833839018192176,0.10271045901113465,0.04355129089752696,0.0,0.9705484689692331,3,noisy:500,0.10563337802886963,0.03527188301086426,0.015210286952282888,1.0,0.9869046964326383
18,5,3,clean:0,-3.2345979945749295,0.5113371704256324,0.23426369387933485,0.0,0.9970888545322976,3,clean:0,-0.2893507995117547,0.04660434100051025,0.01939346114711356,0.0,0.9975530333214809,3,clean:0,0.11680090427398682,0.03215521574020386,0.013497034167855046,1.0,0.9919836575738064
18,6,3,clean:0,-2.8374325164720196,0.6116960397807336,0.2525321373816691,0.0,0.995410893935914,3,noisy:500,-0.2357079317531696,0.024005603702126982,0.009841181719817934,0.0,0.9991213169002936,3,noisy:500,0.0740143358707428,0.01615549623966217,0.006738350701848353,1.0,0.9951597248635984
18,7,3,clean:0,-3.2643309073984628,0.8416268284458588,0.3614756499140947,0.0,0.9923802578237484,3,clean:0,-0.22402664008087705,0.060822294628127854,0.025014185705549797,0.0,0.992285438212331,3,clean:0,0.08166384696960449,0.021929770708084106,0.009121918481199644,1.0,0.992530824681162
18,8,3,clean:0,-3.064866895571985,0.4996857696496644,0.20533526558803797,0.0,0.9975607340822964,3,clean:0,-0.34858792159884355,0.10889307057645789,0.04450174027318799,0.0,0.9894706855443588,3,clean:0,0.08408567309379578,0.029017120599746704,0.012626228718430119,1.0,0.9856511110419308
18,9,3,clean:0,-2.655874170511991,0.6461739223925762,0.2698360588318571,0.0,0.9937784443321427,3,noisy:500,-0.09234427037862694,0.03496787325964268,0.015638886350421658,0.0,0.981351438688973,3,noisy:1000,-0.01368752121925354,0.02049565315246582,0.008633210169901574,0.6666666666666666,0.7296453836414171
18,10,3,clean:0,-2.462936129505084,0.6033624175824455,0.2512994916434267,0.0,0.9937198655406637,3,clean:0,-0.14525655160547113,0.06285435159210707,0.02612571834467053,0.0,0.9749209431957491,3,noisy:500,0.05953320860862732,0.02460561692714691,0.010342654683802983,1.0,0.9787759375548886
18,11,3,clean:0,-3.146489236033556,0.8464719871840543,0.3633245730533602,0.0,0.9915928035559974,3,clean:0,-0.3512255063594828,0.08926040552278136,0.03950997970138825,0.0,0.992725399740883,3,clean:0,0.09600025415420532,0.040720194578170776,0.016623984762423768,1.0,0.9777362410663566
19,0,3,clean:0,-2.5200305693281773,0.6906023681351279,0.29198415066266037,0.0,0.99153535192161,3,clean:0,0.09232689039700417,0.043611085916942516,0.01795181649750303,1.0,0.9707163262107702,3,noisy:500,0.03898775577545166,0.02877458930015564,0.012001722135517371,1.0,0.8927265630584372
19,1,3,noisy:1000,-2.6212157030619774,0.6471238453717767,0.2672537111884044,0.0,0.9939005204418936,3,noisy:1000,-0.31992888615014325,0.10429775958198445,0.04394634918026993,0.0,0.9880392356202836,3,clean:0,0.027357131242752075,0.04485428333282471,0.01833337854869434,0.6666666666666666,0.785263975304781
19,2,3,clean:0,-2.1429869787284783,0.07083902212384441,0.031120867455017805,0.0,0.9999003061429947,3,noisy:1000,-0.09650010113969731,0.011130846994094515,0.004996781910769623,0.0,0.9986518732483441,3,noisy:1000,-0.024851471185684204,0.004743903875350952,0.001940557863935017,0.0,0.996588894308371
19,3,3,clean:0,-3.248446383426906,0.7996026930506006,0.3293101989334095,0.0,0.9938300129993005,3,noisy:500,-0.22293584907360653,0.05191507729172129,0.02129602895364526,0.0,0.99462431404672,3,clean:0,0.10456345975399017,0.05229555070400238,0.021350901357577553,1.0,0.9655305348663775
19,4,3,clean:0,-1.656063836986853,0.16314623847323495,0.06754544380493334,0.0,0.999157625349899,3,noisy:1000,-0.35827986815634594,0.09847052280434804,0.04037231435411778,0.0,0.9921323856588132,3,noisy:1000,-0.01529473066329956,0.016060680150985718,0.006595851106090183,0.3333333333333333,0.653330546023253
19,5,3,noisy:1000,-1.82197251591926,0.461254852700435,0.19101902305001797,0.0,0.9933210298136145,3,noisy:1000,-0.381171661881766,0.05707618154772032,0.02497616691875881,0.0,0.9977619676949262,3,clean:0,0.03553122282028198,0.01808050274848938,0.0078142081738599,1.0,0.9625914628674599
19,6,3,clean:0,-3.0900072310681272,0.39941709033331385,0.16314046923567374,0.0,0.9985506638510758,3,clean:0,-0.19668802818696016,0.08804506382466411,0.03855923999634978,0.0,0.9726686949966912,3,clean:0,0.0768151581287384,0.059446364641189575,0.024353989224079668,1.0,0.8725326844158205
19,7,3,clean:0,-2.2470765178216436,0.8939263119218435,0.36549558609392624,0.0,0.9808891139990974,3,noisy:500,-0.43671268309809463,0.046155844085763564,0.021281978729071106,0.0,0.9987678341147087,3,clean:0,0.038933008909225464,0.034398674964904785,0.0146923317679646,1.0,0.7207061599870989
19,8,3,noisy:1000,-2.5470644299282377,0.07648844026568957,0.03406104531855543,0.0,0.9999164969423456,3,noisy:500,0.03737166841020462,0.006668281610695138,0.0028998359475227616,1.0,0.9967695054743441,3,clean:0,0.02976691722869873,0.028613507747650146,0.011683668818770341,1.0,0.6724937170286007
19,9,3,clean:0,-2.7473131273421654,0.11103857389666683,0.04546879149543903,0.0,0.999870254215294,3,clean:0,-0.2585152591370595,0.07063291621235585,0.028855360983523884,0.0,0.9923869945279448,3,clean:0,0.08702823519706726,0.05953812599182129,0.0243671573136411,1.0,0.9152262754575549
19,10,3,clean:0,-1.275123572376175,0.4099678532618076,0.16737133442393423,0.0,0.9887910543430212,3,clean:0,-0.09781460821469999,0.05566796686121447,0.02283833845138339,0.0,0.9512994480762232,3,noisy:1000,-0.03137567639350891,0.01557604968547821,0.006950348075890258,0.0,0.9635571869593963
19,11,3,noisy:500,-2.9696301016559072,0.18177554808328233,0.07457014187437529,0.0,0.999694005580226,3,noisy:1000,-0.3317889104817216,0.04568846698896678,0.019825207788775938,0.0,0.9981569987777044,3,clean:0,0.04574859142303467,0.04372215270996094,0.01786675173603691,1.0,0.692575278783133
20,0,3,noisy:500,-3.102340685723593,0.3304630131619182,0.14245727632588787,0.0,0.9989420710291649,3,noisy:500,-0.36409662395556663,0.058309445051145936,0.02675236523422885,0.0,0.9969945165416577,3,clean:0,0.10106292366981506,0.05463138222694397,0.02230322684920941,1.0,0.9573861609112779
20,1,3,noisy:500,-1.3914481095784572,0.2711668218215777,0.11249521709515735,0.0,0.9962978387737563,3,clean:0,-0.06214951397650282,0.03664473750935145,0.015720430475332375,0.0,0.9446072965111572,3,noisy:1000,-0.011428624391555786,0.0021580159664154053,0.0009091868438129013,0.0,0.9964223670577128
20,2,3,clean:0,-0.9753454557054567,0.48667150282760474,0.2075199556942814,0.0,0.9602134106879655,3,clean:0,-0.11202238843370343,0.05128172037858772,0.021377760663339466,0.0,0.9706209981941679,3,noisy:1000,-0.014697879552841187,0.02318674325942993,0.009616351804114565,0.6666666666666666,0.6771216765737044
20,3,3,noisy:500,-0.991471862452326,0.11215427452278659,0.045822556404024516,0.0,0.9989056650025914,3,noisy:500,-0.04769828416677835,0.012350679658067382,0.005401685385754931,0.0,0.9925598860808192,3,noisy:1000,-0.020828306674957275,0.007864981889724731,0.003277769440177432,0.0,0.9832070212817736
20,4,3,clean:0,-2.6962424932436715,1.123502673290607,0.4838838314799961,0.0,0.9749027684903967,3,clean:0,-0.23927857726202045,0.11407867835229665,0.04665178173447164,0.0,0.9693447958973822,3,clean:0,0.12922948598861694,0.06987893581390381,0.030052298241424514,1.0,0.9562458227571288
20,5,3,noisy:500,-0.8613965189710588,0.1949494577409826,0.08397149864733049,0.0,0.9946380723554168,3,clean:0,-0.11951470714811727,0.03941354755496562,0.01616141395754059,0.0,0.988117561852546,3,noisy:1000,-0.01612299680709839,0.0049589574337005615,0.0021153235465811875,0.0,0.9886004690930157
20,6,3,noisy:500,-2.4130533334778583,0.1047308910137259,0.04585924768426868,0.0,0.9998272274759334,3,clean:0,-0.1856434221204421,0.030951740499991692,0.012644703433662292,0.0,0.9974786223550487,3,noisy:500,0.1216897964477539,0.0443556010723114,0.020320282265099784,1.0,0.9823599601283506
20,7,3,noisy:500,-0.37465329920953183,0.05983631131588285,0.026857376118069178,0.0,0.997154475699472,3,clean:0,-0.06734418640463694,0.01622818896917167,0.006663183161891693,0.0,0.9942716583722399,3,noisy:500,-0.02277994155883789,0.007952779531478882,0.003690189745066491,0.0,0.9837550016818338
20,8,3,clean:0,-1.0525593670125408,0.18989727426240588,0.0794074200588544,0.0,0.9969073097516247,3,noisy:1000,-0.20904828167261502,0.09901819236204876,0.04561889799835195,0.0,0.9663244494437957,3,noisy:1000,-0.028821885585784912,0.008205980062484741,0.0033554715726229734,0.0,0.991528518433246
20,9,3,noisy:500,-1.4551190497107527,0.26070850536801804,0.11039605439130218,0.0,0.9967795934224749,3,noisy:500,-0.12566821644560452,0.013111718838582975,0.005428907843116313,0.0,0.9990487848361138,3,noisy:1000,-0.020722538232803345,0.02000012993812561,0.008323656868874669,0.0,0.6156449791405295
20,10,3,clean:0,-2.2798285393865396,0.8592684117584501,0.3571016176904887,0.0,0.982425743402042,3,clean:0,-0.27846225873802544,0.12309196398700914,0.050436163880595,0.0,0.9746975961441139,3,clean:0,0.17537054419517517,0.09263071417808533,0.0378191674056224,1.0,0.9599290203364746
20,11,3,clean:0,-1.7755132080003408,0.129348463422861,0.060466974795505786,0.0,0.999440341156194,3,noisy:1000,-0.1344924882166033,0.020497588626245844,0.009355234116921216,0.0,0.9974927090852291,3,noisy:500,-0.04681912064552307,0.002878636121749878,0.0011752107549522417,0.0,0.9996946897736618
21,0,3,noisy:1000,-1.401077231857855,0.28283796297753505,0.12365017486329374,0.0,0.9957303963177877,3,noisy:1000,-0.26547778214502915,0.09481805883623318,0.04106721695974232,0.0,0.9845314314225035,3,clean:0,0.010984167456626892,0.010706081986427307,0.004511773210214376,1.0,0.5662774343289178
21,1,3,noisy:500,-2.969949952332821,0.12247683575061874,0.050139013767863054,0.0,0.9998648822260913,3,noisy:500,-0.36275768021005966,0.09918859960603738,0.04357838522164352,0.0,0.9915183599852674,3,noisy:500,0.08516907691955566,0.009030252695083618,0.003745756433867634,1.0,0.9990237723754881
21,2,3,clean:0,-2.359934488338509,0.11153039655908836,0.04740438824976474,0.0,0.9998064838174867,3,noisy:1000,-0.4362958256882651,0.05116060518890975,0.02092507361359371,0.0,0.998815279135015,3,clean:0,0.09315213561058044,0.021100565791130066,0.008689651998903786,1.0,0.9949997033399096
21,3,3,noisy:500,-1.1005598242848822,0.3339394814071158,0.14243710352339042,0.0,0.9897104209690426,3,noisy:500,-0.11826449750142232,0.04567920715409238,0.018928934026869185,0.0,0.9814581743038362,3,noisy:1000,-0.028988808393478394,0.0077936649322509766,0.0036347744370129713,0.0,0.9910022316593193
21,4,3,clean:0,-2.7916738534944723,0.3954816982865905,0.16225606909900436,0.0,0.9982254029250889,3,clean:0,0.05653514208080986,0.06071404881062072,0.028409264571254048,0.3333333333333333,0.40012926651239455,3,clean:0,0.06076163053512573,0.023444250226020813,0.009575040852979388,1.0,0.9825498184950523
21,5,3,clean:0,-2.365265940813333,0.31261521592253416,0.14063784371341068,0.0,0.9981096807622951,3,clean:0,-0.0601016460979104,0.03238375875618745,0.013385372317271277,0.0,0.9551562854670244,3,clean:0,0.035554081201553345,0.05247215926647186,0.022011909322019702,0.3333333333333333,0.6681824966279682
21,6,3,clean:0,-2.9309552568978976,0.6139753984934035,0.2601352513471533,0.0,0.9954233063339468,3,noisy:500,-0.18717406080062685,0.02472510303537198,0.01026334327806786,0.0,0.9984175423545832,3,noisy:500,0.15998616814613342,0.034942060708999634,0.014936392241453498,1.0,0.9948631778787375
21,7,3,clean:0,-2.7174323610474427,0.7965209426278173,0.32858719106992496,0.0,0.9906815628472733,3,clean:0,-0.02334079549391683,0.015362297846947476,0.006976609769553184,0.0,0.8866070082945684,3,clean:0,0.04005047678947449,0.03996440768241882,0.016349071976347152,1.0,0.6021910889086562
21,8,3,noisy:500,-1.4920058306019595,0.1727834723091637,0.07527141667153346,0.0,0.9986737587811991,3,noisy:500,-0.1724633894152299,0.031381542776158206,0.013304673867151482,0.0,0.9967742553031551,3,noisy:1000,-0.02614593505859375,0.002108335494995117,0.0008825554269159421,0.0,0.9994334742381293
21,9,3,clean:0,-0.757076495122299,0.2959766768749609,0.12326286918233319,0.0,0.9817232668672298,3,clean:0,0.051006166815430534,0.0373661674697662,0.015533895917654559,1.0,0.8953203112374404,3,noisy:1000,-0.031056806445121765,0.013772532343864441,0.005713952190521652,0.0,0.9749957540300839
21,10,3,noisy:500,-0.8570363306196456,0.1326708806403688,0.06189769742608016,0.0,0.9973031176640086,3,noisy:1000,-0.06027375727117648,0.00533792783884747,0.0022022943385252075,0.0,0.9993318747999917,3,clean:0,-0.033465251326560974,0.007160693407058716,0.002927353307309709,0.0,0.9956385027685005
21,11,3,noisy:1000,-0.6512099131732586,0.17420447988547105,0.0712420028794977,0.0,0.9926733704471874,3,noisy:1000,-0.16911551855661758,0.030172284506670616,0.012533463117975242,0.0,0.9970150589057065,3,noisy:1000,-0.020339488983154297,0.008069664239883423,0.003306741324760021,0.0,0.9808465139984975
22,0,3,clean:0,-2.794946733353209,0.42921038533452505,0.17534038869629984,0.0,0.9978923567932101,3,noisy:500,-0.11491690894676856,0.030393150932168767,0.013411432881902899,0.0,0.9913682060612834,3,clean:0,0.13767871260643005,0.04315078258514404,0.017878576827020053,1.0,0.9893522914821498
22,1,3,clean:0,-2.329219553697941,0.4674831364706564,0.1962798227688541,0.0,0.995931466386617,3,noisy:500,-0.32235522657829774,0.049582833776816715,0.02314201235647426,0.0,0.9973377927787417,3,clean:0,0.12471507489681244,0.04453144967556,0.020673575152856453,1.0,0.9828599549627476
22,2,3,clean:0,-2.4029046063759583,0.83760049443464,0.3599867033696047,0.0,0.9841983511071905,3,noisy:1000,-0.1514619427009719,0.12750171888917308,0.05426944876683147,0.0,0.8303135818029083,3,clean:0,0.042252957820892334,0.024586886167526245,0.010307694336911796,1.0,0.9411008697490344
22,3,3,clean:0,-3.1124169736504363,0.249738005634339,0.10544179559553794,0.0,0.9994289755223891,3,noisy:1000,-0.4382337240749776,0.06678774284639744,0.030962507963030943,0.0,0.9974212017666794,3,noisy:500,0.08134785294532776,0.022543251514434814,0.00954471681454661,1.0,0.9917524996040392
22,4,3,clean:0,-2.2918577085738123,0.6333101514980268,0.2676012347992163,0.0,0.9913805114821534,3,noisy:500,-0.1678919352976549,0.028748986143968425,0.01222692677160112,0.0,0.9971586248020468,3,noisy:500,0.11096099019050598,0.027894392609596252,0.011906381817646682,1.0,0.9933114349727465
22,5,3,noisy:1000,-2.949363971385294,0.11033079828076353,0.04506660976802865,0.0,0.9998896816123521,3,noisy:1000,-0.30033433055740966,0.09217626350770369,0.04246358447475444,0.0,0.9880839466058999,3,noisy:500,0.0972733199596405,0.0185602605342865,0.007652116053269396,1.0,0.9965819737799202
22,6,3,clean:0,-2.3914603024212733,0.6670120181319423,0.28819330142542426,0.0,0.9906940551405091,3,noisy:500,-0.12000466329033756,0.08917912370224282,0.03753513280469585,0.0,0.8900875295779352,3,noisy:500,0.022202998399734497,0.0032210946083068848,0.0015002919367076576,1.0,0.9976581806084556
22,7,3,clean:0,-1.8682646628186046,0.16533219559105405,0.07625902534717752,0.0,0.9991844060034093,3,noisy:500,-0.01937637625461583,0.017894940258538702,0.007315625535597346,0.0,0.7271728776477695,3,noisy:1000,-0.018787771463394165,0.027482151985168457,0.012673645856988377,0.6666666666666666,0.9187619615707162
22,8,3,clean:0,-3.6404265023961964,0.4774246096031609,0.19606535041726522,0.0,0.9984800142358731,3,noisy:500,-0.37582911539006414,0.073276293509276,0.031651043267985096,0.0,0.9961254328169916,3,clean:0,0.06642058491706848,0.010849952697753906,0.004468803464123021,1.0,0.9975709417078763
22,9,3,clean:0,-3.025184634690868,0.10362580245374442,0.04611135249614927,0.0,0.9998899569307013,3,noisy:1000,0.036779476790537814,0.039357680016956095,0.017295010735850283,0.6666666666666666,0.4607251189545502,3,clean:0,0.13271212577819824,0.0836646556854248,0.03772517473117163,1.0,0.9297977067364102
22,10,3,clean:0,-3.175193954634213,0.7766852057451872,0.32520124500386177,0.0,0.9936596023541604,3,noisy:500,-0.2643668187019869,0.07238001684783743,0.02974023176274093,0.0,0.9921527577360726,3,noisy:500,0.09275302290916443,0.021694272756576538,0.008980592967943292,1.0,0.9945848734201035
22,11,3,noisy:1000,-1.2182490772571908,0.23541056240824365,0.09618652994450134,0.0,0.9965256815809279,3,clean:0,-0.1405787041678023,0.07049918953599948,0.03026057117034931,0.0,0.9642837223528572,3,noisy:1000,-0.030800864100456238,0.01124979555606842,0.004865167799303326,0.0,0.981940977037437
23,0,3,clean:0,-2.433263083246908,0.6074830487431111,0.2634263912304251,0.0,0.9927686001008917,3,noisy:500,-0.1003242277481611,0.012540937336489713,0.005128098528617296,0.0,0.9986490078467766,3,noisy:500,0.17305195331573486,0.045605599880218506,0.02141203765211599,1.0,0.9913012650636371
23,1,3,clean:0,-2.1506979867369225,0.26314379687682843,0.10770084864752993,0.0,0.9987076753257363,3,noisy:1000,-0.16961669406257546,0.05461511586687373,0.023003029738059004,0.0,0.9883911931639907,3,noisy:1000,-0.05427130125463009,0.01024363748729229,0.004640206748846799,0.0,0.9957846324459559
23,2,3,clean:0,-2.6506119253692155,0.19807364617912793,0.08168801274287113,0.0,0.9995349453984524,3,noisy:1000,0.18909465601601883,0.05597995048073745,0.02417933174985071,1.0,0.990092808676171,3,noisy:500,0.07757361233234406,0.03713805973529816,0.016860060629208133,1.0,0.9660575479983096
23,3,3,clean:0,-3.557602907548648,0.6481540555877778,0.2682364873313509,0.0,0.99683140734643,3,noisy:500,-0.2938145924022594,0.04747873051530571,0.020404822629543712,0.0,0.9973490191881479,3,noisy:500,0.07889139652252197,0.014148890972137451,0.005896423923096463,1.0,0.996889026490395
23,4,3,clean:0,-3.1385717775035653,0.45521550004616573,0.18819568817239904,0.0,0.9980815491534781,3,clean:0,-0.19249389916213958,0.038099212351477396,0.01579495723792524,0.0,0.996173634456418,3,noisy:500,0.16532465815544128,0.06159847974777222,0.028946672254422295,1.0,0.9807031183906315
23,5,3,clean:0,-3.4874402159182414,0.3497787875523124,0.1479383401229455,0.0,0.9990999671967584,3,noisy:1000,-0.2804832531672762,0.1778719109094633,0.08174867271222423,0.0,0.9272565531897088,3,clean:0,0.0830581784248352,0.031448692083358765,0.012840188468463515,1.0,0.9833282474770588
23,6,3,clean:0,-2.288297105928293,0.1442765067578593,0.0614481133864041,0.0,0.9996521984768487,3,noisy:500,-0.24279949528233422,0.025292546134273397,0.011490883681615351,0.0,0.9988867013070772,3,clean:0,0.14826637506484985,0.057473406195640564,0.02379536427168464,1.0,0.9822218528073439
23,7,3,clean:0,-1.0450079952136737,0.3848481654409672,0.1581129597676052,0.0,0.9839735675519288,3,clean:0,-0.14301894500284662,0.02507549734236593,0.01086026697751532,0.0,0.9967697789580903,3,clean:0,0.020460188388824463,0.01757758855819702,0.007543013608252693,1.0,0.816750866332804
23,8,3,clean:0,-2.8879592686206212,0.923337451571355,0.3821085114337547,0.0,0.9884261963568607,3,clean:0,-0.10476706452894505,0.0439241120411459,0.018119558579876377,0.0,0.9784415397878544,3,clean:0,0.15032616257667542,0.030855298042297363,0.013966118969120794,1.0,0.9952982056677603
23,9,3,noisy:1000,-2.600752310852699,0.11090689311614677,0.05046231576729216,0.0,0.9998224838018646,3,noisy:500,-0.22975445062437894,0.08212030309907026,0.03406672607214181,0.0,0.9853947344150699,3,clean:0,0.07631179690361023,0.02777262032032013,0.011787304092034451,1.0,0.9842767275541714
23,10,3,clean:0,-1.6771374236469443,0.3067709259628635,0.1252410786303729,0.0,0.9969212739689349,3,noisy:1000,0.010653005920487247,0.020443114117923922,0.008518935123904043,0.6666666666666666,0.9342754070101346,3,clean:0,-0.030433470383286476,0.0025890935212373734,0.0010698771658319373,0.0,0.9993887913420505
23,11,3,clean:0,-3.4213618330265856,0.17334368937725486,0.07083379972807158,0.0,0.9997947603646687,3,noisy:1000,-0.3145784616550122,0.15995072507599228,0.06622729954864497,0.0,0.9642473230480824,3,noisy:500,0.11487147212028503,0.035380780696868896,0.01466673933873592,1.0,0.9897741837976575
24,0,3,noisy:500,-3.6883956508074838,0.20026048116123452,0.08204497028586814,0.0,0.9997623584223571,3,clean:0,-0.48280259395861935,0.09980650213624664,0.041356266805466405,0.0,0.9958867359397521,3,clean:0,0.08886903524398804,0.02841508388519287,0.01303380500507762,1.0,0.9849789775534975
24,1,3,clean:0,-3.453233927044714,0.3174098741094804,0.14916137936234947,0.0,0.9990467099744376,3,noisy:1000,-0.628905889751233,0.1645179694237679,0.06845555763620088,0.0,0.9929629984558471,3,clean:0,0.08683900535106659,0.005824640393257141,0.0025304924677187804,1.0,0.9995896362220297
24,2,3,clean:0,-1.6148761747331006,0.17804536790533465,0.07465893514481797,0.0,0.9989005306280119,3,clean:0,-0.24139225139498682,0.08161824485098845,0.03365836910067866,0.0,0.986870702984125,3,noisy:1000,-0.021805092692375183,0.024294093251228333,0.010796739859463764,0.3333333333333333,0.7931530132623373
24,3,3,clean:0,-2.7583650140872056,0.49677634833647044,0.22366969478627072,0.0,0.9962577811905996,3,clean:0,-0.15761914110536174,0.04771835925870874,0.019658961039780938,0.0,0.9902564090196253,3,noisy:500,0.11317569017410278,0.02432844042778015,0.011461122652143982,1.0,0.9944264237927525
24,4,3,clean:0,-3.138722008059563,0.07474500588166233,0.031440606946752415,0.0,0.999953137574627,3,noisy:1000,0.026493442537758594,0.016446754180708244,0.007085577380397137,1.0,0.9356357437786885,3,clean:0,0.10584208369255066,0.04235294461250305,0.01868032228206025,1.0,0.9791037541567307
24,5,3,clean:0,-2.2701485081020545,0.42117313826251634,0.18124842802844646,0.0,0.9963890994246519,3,noisy:500,-0.20238259865811395,0.037416068915402195,0.015891339639531477,0.0,0.9966499175722564,3,noisy:500,0.05335468053817749,0.03929375112056732,0.018409221529646594,1.0,0.8854909651504514
24,6,3,clean:0,-2.577984683064301,0.49486487649288247,0.2057028370342372,0.0,0.996403714125687,3,noisy:500,-0.2575799186474975,0.04840360446847891,0.01979268495238261,0.0,0.9967093438942173,3,clean:0,0.08548232913017273,0.03833743929862976,0.01571462523846674,1.0,0.9736763489004818
24,7,3,clean:0,-3.822466625877226,0.0798772062951425,0.03744215311030559,0.0,0.9999556065100987,3,noisy:500,-0.31396062618275594,0.06320062024095724,0.029367513117559044,0.0,0.9952841879468093,3,noisy:500,0.11267232894897461,0.007974445819854736,0.003694504987925583,1.0,0.9994661334303807
24,8,3,clean:0,-3.5415719762094033,0.13097277978502397,0.06075876812713144,0.0,0.9998598760064773,3,noisy:1000,-0.3083286334939689,0.15144963562473035,0.06457942074941803,0.0,0.9664301804928584,3,clean:0,0.03203922510147095,0.022611841559410095,0.009287806925102358,1.0,0.9068619615284043
24,9,3,clean:0,-3.3635569357080186,0.5155841738946436,0.22593732379301518,0.0,0.9975347230624737,3,clean:0,-0.3009236091981665,0.04721231215813004,0.02156393071266881,0.0,0.9973288266913114,3,clean:0,0.08822570741176605,0.007906302809715271,0.0034451954853361036,1.0,0.9992479462717269
24,10,3,clean:0,-3.0761767807321467,0.08525279108229356,0.03623876415454506,0.0,0.9999348803089058,3,noisy:1000,-0.3025775922336059,0.09284854847258181,0.04309099052294034,0.0,0.9879484940364811,3,clean:0,0.08246797323226929,0.023141488432884216,0.009617448669825456,1.0,0.9917437578338476
24,11,3,noisy:500,-3.5609970728324454,0.1715139860396384,0.07212600025864643,0.0,0.9998031975024216,3,noisy:500,-0.2513246881012752,0.09255012303889698,0.03931958253511103,0.0,0.9837995916095285,3,noisy:500,0.09356820583343506,0.011402100324630737,0.00466049976382734,1.0,0.9987163572429858
25,0,3,noisy:500,-2.720183447848604,0.25524584496152336,0.10433368150996941,0.0,0.9992636682028596,3,noisy:1000,-0.11740608052770982,0.013365035424008936,0.005619950826995471,0.0,0.9988158690975337,3,clean:0,0.11010357737541199,0.0323968231678009,0.014825246416416752,1.0,0.9892950309511799
25,1,3,noisy:1000,-2.593132873505529,0.23891306754772978,0.09754379582131034,0.0,0.9992917890956099,3,noisy:1000,-0.35045576082797425,0.053339159297823846,0.023061089920452818,0.0,0.9977319502050582,3,clean:0,0.13748788833618164,0.044992685317993164,0.018807202577320707,1.0,0.9880649000299848
25,2,3,noisy:500,-3.363396661280933,0.04877493637154906,0.02081748741625749,0.0,0.9999822837110418,3,noisy:1000,-0.3263664304301639,0.028196262452196863,0.011569276712812814,0.0,0.9993767319866111,3,clean:0,0.13931910693645477,0.043288275599479675,0.01827980227038388,1.0,0.9892854319363112
25,3,3,noisy:500,-2.8380596728716645,0.2094313272615569,0.08585704886497612,0.0,0.999551764083715,3,noisy:500,-0.416213794773,0.032218724471542226,0.013380885690665619,0.0,0.9994885091141831,3,noisy:500,0.1211758553981781,0.030716687440872192,0.013208945247785426,1.0,0.9931018086803959
25,4,3,clean:0,-2.928870908898628,0.3732638972685529,0.15480628524780987,0.0,0.9985590508036291,3,noisy:500,-0.13497321198182852,0.05188246815141785,0.021181629960310748,0.0,0.982638193966247,3,clean:0,0.11376911401748657,0.038482099771499634,0.01578424543172958,1.0,0.9873680348810258
25,5,3,noisy:1000,-2.5734269748454617,0.12389006397911206,0.056082065174554295,0.0,0.9997749563296816,3,noisy:1000,0.16818702677794126,0.033781590556050706,0.014412989930595949,1.0,0.9959499257053344,3,noisy:500,0.10340812802314758,0.007721394300460815,0.003332956251455088,1.0,0.9994851864876664
25,6,3,clean:0,-1.9839866185004804,0.6372475057989848,0.2622198045711678,0.0,0.9888071514442216,3,clean:0,-0.19981476097229517,0.05684543109683615,0.023987579213028562,0.0,0.991283002480097,3,noisy:1000,-0.03144671022891998,0.015266790986061096,0.00635240063540532,0.0,0.9682687901996925
25,7,3,noisy:1000,-1.5383184259936005,0.13304933686308673,0.05432140079544371,0.0,0.9993800167557256,3,noisy:1000,-0.2969226196215019,0.016629826436199036,0.006812281051450478,0.0,0.9997460443728019,3,noisy:1000,-0.032025717198848724,0.011352024972438812,0.005300237479153709,0.0,0.9796172140561983
25,8,3,clean:0,-3.227246405468441,0.2624426492596008,0.11132986844539845,0.0,0.9994068428703959,3,noisy:500,-0.2727821846623714,0.06047218911954255,0.024848393614008837,0.0,0.9952506835794596,3,noisy:500,0.13370802998542786,0.03647547960281372,0.015883789953319877,1.0,0.9916825773924864
25,9,3,noisy:1000,-1.7010661637413678,0.07820050176244742,0.03192872407974672,0.0,0.9998320433858116,3,clean:0,-0.05868714530041552,0.024382418127980976,0.010178673153481047,0.0,0.9786717814205599,3,noisy:500,-0.03569668158888817,0.009613435715436935,0.004000908722455534,0.0,0.9924756133877949
25,10,3,clean:0,-2.7286696730953945,0.8375071692179352,0.36289916976508385,0.0,0.9882055739914192,3,clean:0,-0.14669376904644038,0.04929932583421741,0.020157778001497335,0.0,0.9875798542747464,3,clean:0,0.09596166014671326,0.04386785626411438,0.018050498719355445,1.0,0.973127473802783
25,11,3,clean:0,-1.9206282721812586,0.22103182985105985,0.09199672295258389,0.0,0.9988149842578816,3,noisy:500,-0.125772266439948,0.010526367344909693,0.004682713786513576,0.0,0.9993034087054158,3,noisy:1000,-0.020042091608047485,0.023134499788284302,0.009700094507991053,0.3333333333333333,0.6772114684189768
26,0,3,noisy:1000,-2.3758569888889407,0.34835314635191006,0.15386648836065442,0.0,0.9977238470728589,3,clean:0,0.05373850429132516,0.004956204542364215,0.0022396122673733064,1.0,0.9991450328959735,3,clean:0,0.11961567401885986,0.02015073597431183,0.008238256840682285,1.0,0.9974294598244027
26,1,3,clean:0,-1.5958464518442275,0.26336263508756885,0.10803363033887914,0.0,0.9975316319079552,3,clean:0,0.021946656557348426,0.027684460640403433,0.011322286189225686,0.6666666666666666,0.8223610753291757,3,clean:0,0.024478405714035034,0.02487856149673462,0.010181762716465538,0.6666666666666666,0.6065826423457673
26,2,3,clean:0,-2.606374563552552,0.37197203708799,0.15990539814427557,0.0,0.9979782817943408,3,noisy:500,-0.32621354448500584,0.06044830567253545,0.02485791086815219,0.0,0.9968077051206264,3,clean:0,0.11816143989562988,0.04483368992805481,0.01879885680542239,1.0,0.9828782357363843
26,3,3,noisy:1000,-2.3281135144035434,0.20170100386054557,0.08273119124743679,0.0,0.9993702247899976,3,noisy:1000,0.1347640238153177,0.04693848222517946,0.019163906172779216,1.0,0.9863843911450415,3,clean:0,0.06613746285438538,0.02672290802001953,0.011130547999308217,1.0,0.9801598033320996
26,4,3,noisy:500,-1.0025873816021815,0.030541026978609054,0.014193543973397928,0.0,0.9999065314577239,3,clean:0,-0.06907540283410056,0.009544649439320138,0.003907813715743915,0.0,0.998312073131709,3,noisy:1000,-0.04849696159362793,0.004975497722625732,0.002057516935764809,0.0,0.9990846288315001
26,5,3,clean:0,-1.5250352139493795,0.2841327069147961,0.12528438226730768,0.0,0.9961481625436834,3,noisy:500,-0.15110601139537547,0.026194606033307394,0.011832268723337959,0.0,0.9967550162454426,3,clean:0,0.012427359819412231,0.006166547536849976,0.0027630811421901994,1.0,0.9634126149778632
26,6,3,noisy:1000,-2.503660234012531,0.4889226514322518,0.20981203367216605,0.0,0.9961552353388079,3,noisy:500,-0.31089684942348794,0.04047550715787812,0.017071137570749868,0.0,0.9984108964091167,3,noisy:500,0.13658976554870605,0.014877289533615112,0.006230688239696388,1.0,0.9989315118076562
26,7,3,clean:0,-1.9167107912528005,0.19840862370452816,0.08231539276651577,0.0,0.9990604196527544,3,clean:0,-0.1034564782806621,0.061419172899982916,0.026533367674419328,0.0,0.9431580824569981,3,noisy:1000,-0.03286580741405487,0.0052253007888793945,0.0022934687439705496,0.0,0.997440937824087
26,8,3,clean:0,-2.8048622667302094,0.40701680736119483,0.1807666314397152,0.0,0.9977477765701145,3,noisy:500,-0.444622399562449,0.02158562895617422,0.009995390889347271,0.0,0.9997559513008655,3,noisy:500,0.13758277893066406,0.01865309476852417,0.007986133865196485,1.0,0.9982073269041382
26,9,3,noisy:500,-2.671730685970653,0.2136033808671467,0.08943390040163154,0.0,0.9994432770411384,3,noisy:500,-0.17035989724129785,0.0203680445980699,0.008360039868981156,0.0,0.9987545614805275,3,clean:0,0.12949711084365845,0.019755274057388306,0.008843943176385047,1.0,0.9975734878048821
26,10,3,clean:0,-0.9354635324833684,0.30703872851271763,0.1258130822756132,0.0,0.9880233023567497,3,noisy:1000,-0.07734919040152247,0.05076125245076782,0.020803008189994657,0.0,0.9257362583955943,3,noisy:1000,-0.021278812550008297,0.002692929469048977,0.0012591728244051273,0.0,0.9981289325911671
26,11,3,clean:0,-2.9028871078910052,0.27671185596436176,0.11347341518972101,0.0,0.9992307706947612,3,noisy:1000,-0.10230405883080676,0.029172665695526734,0.011921049705144737,0.0,0.9915194280045054,3,noisy:500,0.1308753788471222,0.03658738732337952,0.015433070514543658,1.0,0.9916328006086422
27,0,3,clean:0,-2.581035943149923,0.17015089265575734,0.07934326165805913,0.0,0.9995464793855515,3,clean:0,-0.03802535568255255,0.06613416318195019,0.027000904466151207,0.3333333333333333,0.8218290722944909,3,noisy:500,0.08697038888931274,0.03378978371620178,0.014071069608967835,1.0,0.9820040723272508
27,1,3,noisy:1000,-1.768876297352607,0.3061961626114311,0.13200015162300857,0.0,0.9970212517885714,3,noisy:500,-0.033339014673049006,0.026984517169227226,0.012331636302252848,0.0,0.7465462922236271,3,noisy:1000,-0.019019335508346558,0.00960269570350647,0.003937790465057297,0.0,0.9637230023260447
27,2,3,clean:0,-2.620923661629182,0.370452864355558,0.1584337789130722,0.0,0.9980426456078092,3,noisy:1000,-0.5301265723202214,0.00864507566778594,0.0036603449297051647,0.0,0.999977912491396,3,clean:0,0.08549416065216064,0.030065804719924927,0.01228208061907233,1.0,0.9860035287399209
27,3,3,noisy:1000,-2.445971276325375,0.9714334027305807,0.44009917349364513,0.0,0.9786874030034491,3,noisy:1000,-0.3084482288115305,0.11364675742470509,0.05031832336808021,0.0,0.9827905624439709,3,noisy:500,0.008314430713653564,0.00595363974571228,0.002569197052851885,1.0,0.8729138875147701
27,4,3,noisy:500,-2.786560739440716,0.07471746699321491,0.0331051496771528,0.0,0.9999342656797892,3,noisy:1000,0.11624777405110152,0.015309001010547552,0.006436364220503111,1.0,0.9984169789422747,3,clean:0,0.05199390649795532,0.012567400932312012,0.005194298548216942,1.0,0.9941801865398664
27,5,3,noisy:500,-2.4879853831597716,0.25702022281407055,0.1055933853834315,0.0,0.9990847297229772,3,noisy:1000,0.15424674070367844,0.02812394923171141,0.011722003459252436,1.0,0.9967721066154137,3,noisy:1000,0.031324565410614014,0.005651533603668213,0.0025938064508790807,1.0,0.996361488551243
27,6,3,noisy:1000,-0.8968513429096424,0.27709760495820634,0.11335781974259156,0.0,0.9897021843808266,3,noisy:1000,-0.03597432348599168,0.009007007969510865,0.003677192881077007,0.0,0.9937687782944304,3,noisy:1000,-0.012477308511734009,0.0013020038604736328,0.000534761087576022,0.0,0.9990656436118748
27,7,3,noisy:500,-0.5996549684038026,0.0583753800925475,0.026086584772770496,0.0,0.9990629816321376,3,noisy:1000,-0.05187888275754064,0.009654881078723074,0.004273842422079171,0.0,0.9963478546235645,3,noisy:1000,-0.01564335823059082,0.003784358501434326,0.001575835944419884,0.0,0.9941038757723923
27,8,3,clean:0,-2.0172015489370203,0.6291679703959732,0.2641887372419734,0.0,0.9886702789170947,3,noisy:500,-0.16825058896447515,0.02408548263224536,0.010404609254848611,0.0,0.9979428249100788,3,clean:0,0.10725763440132141,0.04031968116760254,0.017663186104411845,1.0,0.9822165916030232
27,9,3,noisy:500,-1.3085462472669958,0.02934793146075454,0.012129130788787957,0.0,0.9999600470570623,3,noisy:500,-0.10665773384784595,0.007944934009912086,0.003719962225335897,0.0,0.9993925307428828,3,clean:0,-0.020217925310134888,0.0015138089656829834,0.0006202439661213458,0.0,0.9995366950939197
27,10,3,clean:0,-1.8466751559746326,0.24576329883613757,0.10350203103147093,0.0,0.9983761857432004,3,noisy:1000,-0.14056930610591656,0.03286678816356059,0.01361549411121892,0.0,0.9945832323060403,3,clean:0,0.026323169469833374,0.014189720153808594,0.0059363116079571765,1.0,0.9532568174038293
27,11,3,noisy:1000,-1.4744872187006708,0.34337191270772305,0.14297344877582294,0.0,0.9944137041591549,3,noisy:500,-0.4312235643865853,0.05031780689462484,0.020811311632490125,0.0,0.998796564655976,3,noisy:1000,-0.012217849493026733,0.004455238580703735,0.0018373283788079143,0.0,0.9841796561995659
28,0,3,noisy:1000,-1.7205824597932158,0.27700067489356206,0.12006393048493616,0.0,0.9974291262287632,3,noisy:500,-1.155320019600035,0.2285023347562969,0.09930939093848155,0.0,0.9959591954666003,3,noisy:1000,-0.015840649604797363,0.0007193386554718018,0.00033086923346486514,0.0,0.9997939311794165
28,1,3,noisy:500,-1.6312920840776102,0.12332300431262877,0.05352838478916364,0.0,0.9994755365534604,3,clean:0,-0.18747835926297965,0.057360578622599884,0.024946478533390975,0.0,0.9891916412591273,3,clean:0,-0.015840142965316772,0.00428357720375061,0.0018118680668369174,0.0,0.9917876508961421
28,2,3,clean:0,-1.8553574631416094,0.3152949866666386,0.12871982713319247,0.0,0.9973793119493302,3,noisy:500,-0.2805407076212232,0.043241373735759425,0.01766367547957529,0.0,0.9978829052010377,3,clean:0,0.04400867223739624,0.01263400912284851,0.005216156299151464,1.0,0.9913728701970915
28,3,3,noisy:1000,-1.840430096215424,0.6261560890001425,0.25695687546356916,0.0,0.987184647587378,3,noisy:1000,0.1625601411767442,0.06534847970854085,0.027628118107049522,1.0,0.9800482029120724,3,clean:0,0.07702553272247314,0.02277296781539917,0.009637107134784885,1.0,0.9904284664639265
28,4,3,noisy:500,-1.4972451615871631,0.22996078558421318,0.10722433166487375,0.0,0.9973508232127433,3,clean:0,0.18804413482982157,0.028656312841848497,0.012955040605062916,1.0,0.9975358953582631,3,clean:0,0.027343779802322388,0.02177533507347107,0.009198212574137356,1.0,0.8610610063442035
28,5,3,clean:0,-1.457378607614547,0.4281456164632944,0.1748265876874802,0.0,0.9909746598877475,3,clean:0,-0.09274144339336751,0.023356162454313933,0.00957869797992892,0.0,0.9935716201496816,3,noisy:500,0.004360795021057129,0.006411522626876831,0.0028352629385545447,0.6666666666666666,0.9601469432182081
28,6,3,noisy:1000,-0.5682824175467307,0.22889842549890937,0.09481746898068225,0.0,0.9804320517721458,3,clean:0,-0.053468112784637215,0.011633527592952858,0.0047573990952714485,0.0,0.9954334646529411,3,clean:0,-0.01511460542678833,0.0012094974517822266,0.0005294628022538515,0.0,0.999387148196595
28,7,3,noisy:500,-1.5287630373914989,0.16047768785379968,0.06615566919136381,0.0,0.9990458238265082,3,noisy:1000,0.27223161871729595,0.01017621479051345,0.0042694672744159135,1.0,0.9998834204919337,3,noisy:1000,-0.026694029569625854,0.01946735382080078,0.007957282735826028,0.0,0.8916629690892262
28,8,3,noisy:1000,-0.5347096979574628,0.12439942250495417,0.05539052507440263,0.0,0.9939716835347635,3,noisy:1000,-0.08858150435137432,0.015586320296071737,0.006456827085940205,0.0,0.9971171774128708,3,noisy:1000,-0.002080947160720825,0.0005236268043518066,0.00021736657254931748,0.0,0.9935825686544707
28,9,3,noisy:500,-2.156114399725463,0.19337339902800377,0.08209088492604565,0.0,0.9992704078380773,3,noisy:1000,-0.4833568993050847,0.116232060809553,0.04902477503702085,0.0,0.994064867981441,3,noisy:500,0.028169989585876465,0.007652372121810913,0.0031395299951204785,1.0,0.9924681113956995
28,10,3,clean:0,-1.3472342959800072,0.1610187608838547,0.06749944478252648,0.0,0.9987185950061166,3,noisy:500,-0.1514478584281424,0.01937980875490422,0.008339710817408086,0.0,0.9984468409058878,3,noisy:1000,-0.009359389543533325,0.011691570281982422,0.004995516971750345,0.3333333333333333,0.5691850670632865
28,11,3,noisy:500,-0.27377725113120843,0.00841006758437468,0.003700083124819669,0.0,0.999914620128157,3,noisy:1000,-0.06602469191130605,0.004448005878164976,0.0018272986486343329,0.0,0.9996257347625302,3,noisy:1000,-0.0036590993404388428,0.00035884976387023926,0.00014667731904982812,0.0,0.9991921548104149
29,0,3,clean:0,-0.6005821870394333,0.1527439978710906,0.0708081084875798,0.0,0.9911512658878562,3,clean:0,-0.0445958747615022,0.04114719760213091,0.017852429376547862,0.0,0.6319496717826666,3,noisy:1000,-0.012964725494384766,0.003241807222366333,0.0013992487124965898,0.0,0.9928219766455441
29,1,3,clean:0,-2.5230600025261976,0.7116634362768828,0.292666363623983,0.0,0.9915642478883392,3,noisy:1000,0.06813594410617616,0.1106256636560758,0.047589243699200375,0.6666666666666666,0.9780097104037397,3,clean:0,0.04708564281463623,0.025398194789886475,0.010372657848496947,1.0,0.957838179253516
29,2,3,clean:0,-0.407478233356357,0.09746880786817813,0.04551306917116673,0.0,0.9922101446626187,3,clean:0,-0.03757689078566318,0.007003357405113927,0.0029549610178481694,0.0,0.9966284017629033,3,noisy:500,-0.013237416744232178,0.00035569071769714355,0.0001532218449821575,0.0,0.9999371610027974
29,3,3,clean:0,-1.985122322600715,0.3832623192345199,0.15873804989947343,0.0,0.9963885831196767,3,clean:0,-0.397449781095645,0.08491311473375207,0.034748352864418595,0.0,0.9956078207535906,3,noisy:500,0.09797486662864685,0.018665045499801636,0.008399700867746343,1.0,0.9960446052174364
29,4,3,clean:0,-1.1500313473702026,0.19280036785200005,0.08127091799555204,0.0,0.9972481430007891,3,noisy:500,-0.09485923199913379,0.026359746713488674,0.01184115604822451,0.0,0.9908791803208332,3,noisy:1000,-0.014897823333740234,0.0024803578853607178,0.0010319862599439435,0.0,0.9974258949196615
29,5,3,noisy:1000,-1.230253171741869,0.43258880394939847,0.20274890061512985,0.0,0.9832270145947042,3,clean:0,0.10368284647164358,0.09329360377575487,0.03877015118765512,1.0,0.7320197268714299,3,clean:0,-0.00879812240600586,0.005654454231262207,0.002308478303139473,0.0,0.9293043889286325
29,6,3,clean:0,-2.2663789909504524,0.31831574345899516,0.13011349257741625,0.0,0.9982593491346389,3,noisy:1000,0.1400763173647941,0.03415079349465312,0.014476662996134525,1.0,0.9938281260895178,3,clean:0,0.04943627119064331,0.03197479248046875,0.013113359403246793,1.0,0.9251330958604038
29,7,3,clean:0,-1.423614343180161,0.2498993946809871,0.11200454625180446,0.0,0.9965020876265153,3,clean:0,0.06399722276601526,0.0744842887999106,0.03468988166181446,0.3333333333333333,0.6355461462267558,3,clean:0,0.0798138976097107,0.044894248247146606,0.01854144186174006,1.0,0.9493885754759891
29,8,3,clean:0,-2.5833410173340665,1.6142387344163862,0.6923305122472083,0.0,0.9209719244028957,3,clean:0,-0.1866207196276733,0.06844716488631279,0.02970237503583784,0.0,0.9834678716878004,3,clean:0,0.09555131196975708,0.017848074436187744,0.007458823661559271,1.0,0.9966661927693755
29,9,3,clean:0,-0.1403478150470232,0.02107381198217459,0.00866570329606511,0.0,0.9979578341011605,3,clean:0,-0.11982033398290595,0.02235851949985218,0.00940727806773968,0.0,0.9965263660399024,3,noisy:1000,-0.0009813308715820312,0.000281602144241333,0.00011573329247759653,0.0,0.9914289762861561
29,10,3,noisy:1000,-1.2886813136153585,0.04120244944322771,0.01743468607283792,0.0,0.9999142039826331,3,clean:0,0.11898028530432211,0.0767202481366164,0.031667155173996514,1.0,0.9237064054532121,3,noisy:1000,-0.02446112036705017,0.034428954124450684,0.01413809018178731,0.3333333333333333,0.9144560856546079
29,11,3,noisy:500,-0.9333146338270548,0.2998237325539639,0.13033002326905158,0.0,0.9878988892074516,3,clean:0,0.06507724074909989,0.0685855227569684,0.03000805481968393,0.6666666666666666,0.4669877011975478,3,noisy:1000,-0.005588710308074951,0.0014283359050750732,0.0005869193517086343,0.0,0.9934429980569797
