mode,nominal_timestep,layer,head,old_history_effect,old_history_effect_samples,reverse_effect,reverse_effect_samples,reverse_relative_log,reverse_relative_log_samples,phase_shift_effect,phase_shift_effect_samples,phase_shift_relative_log,phase_shift_relative_log_samples,freeze_latest_effect,freeze_latest_effect_samples,freeze_latest_relative_log,freeze_latest_relative_log_samples,value_mismatch_effect,value_mismatch_effect_samples,value_mismatch_relative_log,value_mismatch_relative_log_samples,reverse_vs_phase_log,reverse_vs_phase_log_samples,correct_top1,correct_top1_samples,correct_margin,correct_margin_samples,hard_wrong_top1,hard_wrong_top1_samples,random_wrong_top1,random_wrong_top1_samples,wrong_top1,wrong_top1_samples,history_specificity,history_specificity_samples,hard_history_specificity,hard_history_specificity_samples,correct_peak_age,correct_peak_age_samples
clean,0,0,0,0.0798114761710167,128,0.033115606755018234,128,-0.8321187250240702,128,0.0076110821682959795,128,-2.3303669837260674,128,0.06811897456645966,128,-0.18458100073423228,128,0.015554171986877918,128,-1.7609978095141805,128,1.573080940701311,128,0.528211772441864,128,0.0513790100812912,128,0.5002743154764175,128,0.5811072885990143,128,0.590734213590622,128,-0.0621393620967865,128,0.030346989631652832,128,1.0,128
clean,0,0,1,0.03078531287610531,128,0.013002625200897455,128,-0.8683039592440547,128,0.00828062416985631,128,-1.307260139852147,128,0.028536388650536537,128,-0.1501825470164803,128,0.008132160641252995,128,-1.3393938670886096,128,0.44575141582859645,128,0.8720501065254211,128,0.05669248104095459,128,0.8689008057117462,128,0.8759433925151825,128,0.8786717653274536,128,-0.006161153316497803,128,0.0027419626712799072,128,1.0,128
clean,0,0,2,0.10669847205281258,128,0.005734003847464919,128,-2.8984583293171475,128,0.002382710576057434,128,-3.6574362519719648,128,0.09943583607673645,128,-0.032227112341693086,128,0.023043183609843254,128,-1.5982832210217919,128,0.8127628318580449,128,0.32272471487522125,128,0.030402548611164093,128,0.2601368576288223,128,0.4286028742790222,128,0.44927652180194855,128,-0.11899279057979584,128,0.027749471366405487,128,17.0,128
clean,0,0,3,0.10253743454813957,128,0.0006070691742934287,128,-4.8733477228318005,128,0.0003551094850990921,128,-5.416325179622017,128,0.1055525653064251,128,0.013817991346744886,128,0.024924496188759804,128,-1.4712276827919757,128,0.4966408270687024,128,0.2381705418229103,128,0.028922682628035545,128,0.19714124500751495,128,0.4260690212249756,128,0.45391830801963806,128,-0.1873503252863884,128,0.03059358522295952,128,10.0,128
clean,0,0,4,0.05600958317518234,128,0.03406260162591934,128,-0.4923736008363913,128,0.018249938264489174,128,-1.1626859150992972,128,0.05798688158392906,128,-0.03318435044330027,128,0.01818969752639532,128,-1.121155596387832,128,0.6644699907831606,128,0.7929641008377075,128,0.054673343896865845,128,0.7918573319911957,128,0.8019055426120758,128,0.8047025203704834,128,-0.009039640426635742,128,0.0018427073955535889,128,18.0,128
clean,0,0,5,0.06462649255990982,128,0.04633728042244911,128,-0.36321229873811034,128,0.020033671520650387,128,-1.2109813974645554,128,0.0661311186850071,128,-0.031328548881410054,128,0.019763445481657982,128,-1.1982975993221359,128,0.8393045220405174,128,0.8545910716056824,128,0.021864205598831177,128,0.8514588475227356,128,0.8585284352302551,128,0.8593586385250092,128,-0.004318445920944214,128,0.002510666847229004,128,11.0,128
clean,0,0,6,0.07068634778261185,128,0.01343640498816967,128,-1.6109438834363536,128,0.015561537817120552,128,-1.4755263260242248,128,0.05418063700199127,128,-0.26451520452475985,128,0.019065982662141323,128,-1.3980821053447412,128,-0.1405870246676356,128,0.7675449550151825,128,0.028300940990447998,128,0.739439070224762,128,0.7580607831478119,128,0.767400324344635,128,-0.004500061273574829,128,0.021349012851715088,128,6.0,128
clean,0,0,7,0.06332919374108315,128,0.005719035863876343,128,-2.383081616485322,128,0.00416800263337791,128,-2.7979481301865565,128,0.06352019682526588,128,-0.1135453098430704,128,0.006248975405469537,128,-2.3681290344581605,128,0.34388085804302837,128,0.8298097252845764,128,0.022793710231781006,128,0.7868934869766235,128,0.7983298301696777,128,0.8052097856998444,128,0.018883585929870605,128,0.04061952233314514,128,18.0,128
clean,0,0,8,0.10907386988401413,128,0.0004174230562057346,128,-5.300361834311918,128,0.00026427187549415976,128,-5.723555267822729,128,0.11438383162021637,128,0.034233665309167535,128,0.028546194545924664,128,-1.3193498518553528,128,0.4510286432033106,128,0.29286058247089386,128,0.021858319640159607,128,0.26171189546585083,128,0.4073837101459503,128,0.42009851336479187,128,-0.12805339694023132,128,0.03563524782657623,128,12.0,128
clean,0,0,9,0.11003543063998222,128,0.029006418772041798,128,-1.403762916178584,128,0.015253759454935789,128,-2.0204056189360244,128,0.11424684524536133,128,-0.028390545546242252,128,0.03993660770356655,128,-1.1349757714364077,128,0.6178636120502121,128,0.33795902132987976,128,0.047809768468141556,128,0.32206328213214874,128,0.4124079942703247,128,0.4410752207040787,128,-0.10282327234745026,128,0.02507053315639496,128,18.0,128
clean,0,0,10,0.16854988783597946,128,0.07619823887944221,128,-0.7254787208253135,128,0.023220178671181202,128,-1.9916356884164,128,0.13050245493650436,128,-0.24149104176790115,128,0.05073249526321888,128,-1.1803830391989263,128,1.2212466359363643,128,0.840119481086731,128,0.01850399374961853,128,0.8333926498889923,128,0.850718080997467,128,0.8558986186981201,128,-0.011238962411880493,128,0.010436981916427612,128,18.0,128
clean,0,0,11,0.05114874430000782,128,0.031760504469275475,128,-0.5132510427392739,128,0.01385369012132287,128,-1.3558244024095152,128,0.04909016937017441,128,-0.04822400388421872,128,0.014325849246233702,128,-1.2983897309854064,128,0.8313225914955716,128,0.7908699214458466,128,0.010887324810028076,128,0.786840409040451,128,0.7971376478672028,128,0.7996454536914825,128,-0.0050775110721588135,128,0.004533499479293823,128,18.0,128
clean,0,1,0,0.06158231012523174,128,0.022659165784716606,128,-0.9735776220513717,128,0.008304432965815067,128,-1.9345790421494196,128,0.05483724735677242,128,-0.1489696330758353,128,0.008821108844131231,128,-1.8551663761930413,128,0.8508751577113804,128,0.8843024671077728,128,0.01821538805961609,128,0.8733007311820984,128,0.8855331242084503,128,0.8914898037910461,128,-0.004615575075149536,128,0.009017854928970337,128,6.0,128
clean,0,1,1,0.11211953684687614,128,0.05434835143387318,128,-0.7281341628754913,128,0.03915252722799778,128,-1.1163486119075798,128,0.09473111853003502,128,-0.15323686048925034,128,0.04628726840019226,128,-0.9331351109634989,128,0.393494046363708,128,0.6768240928649902,128,0.0660737007856369,128,0.6214908957481384,128,0.6548673212528229,128,0.6620061695575714,128,0.002168700098991394,128,0.043931812047958374,128,6.0,128
clean,0,1,2,0.05265425145626068,128,0.021706916391849518,128,-0.8585936472785507,128,0.00778323644772172,128,-1.8826751662669532,128,0.047033628448843956,128,-0.13170957030276262,128,0.007883941754698753,128,-1.8302518821169707,128,0.9588200812635466,128,0.7350588440895081,128,0.030280739068984985,128,0.7213935256004333,128,0.7384276986122131,128,0.7412718832492828,128,-0.00656929612159729,128,0.012673139572143555,128,3.0,128
clean,0,1,3,0.06452690437436104,128,0.04213355481624603,128,-0.5072200004266022,128,0.02026891428977251,128,-1.1848916300979608,128,0.05835628695785999,128,-0.13649883198428064,128,0.020014848560094833,128,-1.2147565773506792,128,0.7205744085395902,128,0.7458314597606659,128,0.01797279715538025,128,0.7376294136047363,128,0.7488102614879608,128,0.7536101341247559,128,-0.008785068988800049,128,0.0039085447788238525,128,18.0,128
clean,0,1,4,0.03316829912364483,128,0.02205574605613947,128,-0.3809960126843976,128,0.018190511502325535,128,-0.618175719392297,128,0.02844626735895872,128,-0.16338798102964566,128,0.018480142578482628,128,-0.5995154225628885,128,0.2171490418027842,128,0.9353353977203369,128,0.05035075545310974,128,0.9247587621212006,128,0.9328429102897644,128,0.933248370885849,128,0.001613616943359375,128,0.008633196353912354,128,1.0,128
clean,0,1,5,0.06564798206090927,128,0.007115738932043314,128,-2.4406412637647037,128,0.003273219452239573,128,-3.1641601916607804,128,0.061371609568595886,128,-0.3299711470309281,128,0.004988516680896282,128,-2.759763840103308,128,0.7028409828734337,128,0.41336794197559357,128,0.006723999977111816,128,0.4046825021505356,128,0.4273683428764343,128,0.4370570629835129,128,-0.02545371651649475,128,0.00473611056804657,128,9.0,128
clean,0,1,6,0.12402709573507309,128,0.07031724229454994,128,-0.6333173564742025,128,0.016947549767792225,128,-2.102449793974242,128,0.10509739071130753,128,-0.18567674784424085,128,0.01748900953680277,128,-1.9557560304033426,128,1.4807688026927233,128,0.4402419179677963,128,0.03956355154514313,128,0.4407578408718109,128,0.4707007259130478,128,0.4802950322628021,128,-0.04218947887420654,128,0.00553932785987854,128,16.0,128
clean,0,1,7,0.028963832184672356,128,0.004497362999245524,128,-1.7976346616916112,128,0.0011493423953652382,128,-3.077345476005596,128,0.020248220302164555,128,-0.3778566262771642,128,0.01077562291175127,128,-0.8809576913843427,128,1.077626657144815,128,0.8484969139099121,128,0.009389400482177734,128,0.545144259929657,128,0.5737195611000061,128,0.6210038363933563,128,0.2120530903339386,128,0.2865908145904541,128,1.5,128
clean,0,1,8,0.10383034870028496,128,0.04274347610771656,128,-0.8299647743932403,128,0.02828681841492653,128,-1.2531102559125538,128,0.07995619997382164,128,-0.24542447532544054,128,0.03416290692985058,128,-1.0921271436364566,128,0.44111904586996376,128,0.7673360705375671,128,0.03831058740615845,128,0.6916884779930115,128,0.7351230084896088,128,0.7454087734222412,128,0.02686542272567749,128,0.062472522258758545,128,11.0,128
clean,0,1,9,0.08463163301348686,128,0.028003918007016182,128,-1.1315261520603173,128,0.007974346168339252,128,-2.4946968772135483,128,0.08394237980246544,128,-0.16413562267227788,128,0.008764380123466253,128,-2.3893609248252923,128,1.355869289330812,128,0.8381166458129883,128,0.012317448854446411,128,0.826518714427948,128,0.8417609930038452,128,0.844512015581131,128,-0.0049537718296051025,128,0.009890258312225342,128,16.0,128
clean,0,1,10,0.04777976870536804,128,0.006136914482340217,128,-2.11314347374162,128,0.004302851157262921,128,-2.3638348380840237,128,0.03858942724764347,128,-0.24698750487994534,128,0.007831033086404204,128,-1.722198640530751,128,0.3369719867379085,128,0.7773026823997498,128,0.021925240755081177,128,0.6184906661510468,128,0.6684001386165619,128,0.6899569630622864,128,0.09381300210952759,128,0.13751336932182312,128,1.0,128
clean,0,1,11,0.062246669083833694,128,0.009196716360747814,128,-1.8991613744775444,128,0.0067325548734515905,128,-2.136171757993518,128,0.04535732790827751,128,-0.29568609970992976,128,0.013140887953341007,128,-1.5531265520476136,128,0.26718554522903154,128,0.7119005024433136,128,0.044409722089767456,128,0.5835170745849609,128,0.6215448379516602,128,0.6350078284740448,128,0.07097682356834412,128,0.12267982959747314,128,1.0,128
clean,0,2,0,0.046485140919685364,128,0.006299916654825211,128,-1.9095112356819623,128,0.003334370208904147,128,-2.6028797993275807,128,0.03953881002962589,128,-0.1846948367457908,128,0.01587020419538021,128,-1.0475324895328848,128,0.6951725452493736,128,0.7526194751262665,128,0.01055118441581726,128,0.5571959614753723,128,0.5861175954341888,128,0.6217141449451447,128,0.11081549525260925,128,0.17332297563552856,128,2.0,128
clean,0,2,1,0.06960663199424744,128,0.00984000088647008,128,-1.9688540622210904,128,0.005318453768268228,128,-2.592551165109045,128,0.06654816120862961,128,-0.11881688551201088,128,0.016861557960510254,128,-1.4696980633779533,128,0.6533555915873606,128,0.725581705570221,128,0.016949474811553955,128,0.6115410327911377,128,0.6424312889575958,128,0.6560887098312378,128,0.05403071641921997,128,0.11373129487037659,128,2.0,128
clean,0,2,2,0.061143629252910614,128,0.013428119011223316,128,-1.4155123797668439,128,0.003829553024843335,128,-2.797105683127726,128,0.04340985417366028,128,-0.24103902531250068,128,0.006151365349069238,128,-2.320495862082346,128,1.3623169284054775,128,0.880212128162384,128,0.006198495626449585,128,0.8533989489078522,128,0.8675254583358765,128,0.871744692325592,128,0.006777971982955933,128,0.023739486932754517,128,4.0,128
clean,0,2,3,0.06214372627437115,128,0.05166378617286682,128,-0.19526569134942584,128,0.02619239781051874,128,-0.8714029157472225,128,0.06019027717411518,128,-0.043190935072451406,128,0.025189696811139584,128,-0.8687339518085637,128,0.6921395670147656,128,0.6727854013442993,128,0.009702146053314209,128,0.6675357818603516,128,0.6732613146305084,128,0.6763776540756226,128,-0.002844482660293579,128,0.008628904819488525,128,6.0,128
clean,0,2,4,0.09618545696139336,128,0.08434587717056274,128,-0.20358759884756575,128,0.031635941937565804,128,-1.102061269991815,128,0.1003199853003025,128,0.008687900844553467,128,0.030912389047443867,128,-1.1149683663826742,128,0.9214181486267767,128,0.8525488376617432,128,0.02308693528175354,128,0.837049126625061,128,0.853715717792511,128,0.8555092215538025,128,0.0007971823215484619,128,0.016361325979232788,128,17.0,128
clean,0,2,5,0.08520501106977463,128,0.021151123568415642,128,-1.420217586346037,128,0.012272852938622236,128,-1.920936074530944,128,0.07853951305150986,128,0.0028162677742021094,128,0.014764875639230013,128,-1.690442643605553,128,0.4864591728605937,128,0.5929946601390839,128,0.021762967109680176,128,0.5868358910083771,128,0.617172122001648,128,0.6243171691894531,128,-0.02184683084487915,128,0.006598830223083496,128,7.0,128
clean,0,2,6,0.06145324558019638,128,0.008575371466577053,128,-1.8878037763179054,128,0.0031615422340109944,128,-2.931015683593163,128,0.05402318760752678,128,-0.11329216844523562,128,0.019446514546871185,128,-1.1858084048766577,128,0.9862576750426105,128,0.743020087480545,128,0.022468507289886475,128,0.5408276617527008,128,0.5971778035163879,128,0.6261071264743805,128,0.11998575925827026,128,0.18735015392303467,128,1.0,128
clean,0,2,7,0.08171820268034935,128,0.0680287517607212,128,-0.1678761083991881,128,0.03939288109540939,128,-0.7538327758065388,128,0.07726933434605598,128,-0.09039585729689914,128,0.03944051265716553,128,-0.7836872817162146,128,0.5808673127436381,128,0.5523931384086609,128,0.04031220078468323,128,0.5476326942443848,128,0.5605705678462982,128,0.5629062652587891,128,-0.00874897837638855,128,0.007470816373825073,128,17.0,128
clean,0,2,8,0.0806155800819397,128,0.07063102722167969,128,-0.15579496708584495,128,0.03856243938207626,128,-0.7601686975664954,128,0.07875402271747589,128,-0.05911010565913133,128,0.03843756951391697,128,-0.7717700866885814,128,0.6172165248760534,128,0.8301381170749664,128,0.03376239538192749,128,0.8226250410079956,128,0.832629531621933,128,0.8345199227333069,128,-0.0048902034759521484,128,0.005514740943908691,128,18.0,128
clean,0,2,9,0.07340670004487038,128,0.017827127128839493,128,-1.3963277892063748,128,0.007461352040991187,128,-2.37867139548464,128,0.0753023773431778,128,0.08491768408716505,128,0.012084126006811857,128,-1.8700509344026628,128,0.9519119151673519,128,0.7282613813877106,128,0.012824416160583496,128,0.7257257997989655,128,0.7419492304325104,128,0.7498818635940552,128,-0.027957797050476074,128,-0.0029361844062805176,128,8.0,128
clean,0,2,10,0.12920060753822327,128,0.03344586864113808,128,-1.3033192714839619,128,0.03493724204599857,128,-1.3297110980403635,128,0.10047701001167297,128,-0.27301961173646894,128,0.03965897113084793,128,-1.2022929658128776,128,0.009423119908625295,128,0.6769170463085175,128,0.022413522005081177,128,0.6460804045200348,128,0.6754845976829529,128,0.6816734671592712,128,-0.0077931880950927734,128,0.02502840757369995,128,11.0,128
clean,0,2,11,0.0563503373414278,128,0.04031997732818127,128,-0.3240629181207382,128,0.021691263653337955,128,-0.953982049856017,128,0.057056307792663574,128,-0.049074199156655854,128,0.02143201045691967,128,-0.9704766449170742,128,0.6640054745052588,128,0.5743374228477478,128,0.014534860849380493,128,0.5591831207275391,128,0.5748005211353302,128,0.5796637237071991,128,-0.006403833627700806,128,0.011771529912948608,128,16.0,128
clean,0,3,0,0.08072135597467422,128,0.056411756202578545,128,-0.3647969928322063,128,0.030410571955144405,128,-0.9899862233049137,128,0.07048748433589935,128,-0.13846773924915276,128,0.028302015736699104,128,-1.0526459967505581,128,0.6458384971267213,128,0.30817000567913055,128,0.01999090611934662,128,0.2974599450826645,128,0.33489732444286346,128,0.3386007696390152,128,-0.025514453649520874,128,0.01425197720527649,128,16.5,128
clean,0,3,1,0.1120884008705616,128,0.011741007212549448,128,-2.1476703018901784,128,0.013930096291005611,128,-2.134867034370031,128,0.11825349926948547,128,-0.03818630068394656,128,0.017711962573230267,128,-1.7940908232435446,128,0.038806672197631786,128,0.2628297805786133,128,0.022295422852039337,128,0.24034874886274338,128,0.30119042098522186,128,0.31058351695537567,128,-0.03366529941558838,128,0.03228360414505005,128,11.0,128
clean,0,3,2,0.12012962996959686,128,0.038438405841588974,128,-1.197337895674295,128,0.031049354001879692,128,-1.3579998933728712,128,0.09258091822266579,128,-0.280842395667508,128,0.04125242307782173,128,-1.053543123270714,128,0.2156691953594087,128,0.6588665843009949,128,0.042628511786460876,128,0.6089372932910919,128,0.6388954818248749,128,0.647515743970871,128,0.004019409418106079,128,0.04944658279418945,128,6.0,128
clean,0,3,3,0.07110967114567757,128,0.008010717574506998,128,-2.1327660774510147,128,0.004025687696412206,128,-2.80779286786078,128,0.07339111715555191,128,-0.03067564319829827,128,0.040847038850188255,128,-0.5511023861912423,128,0.6935340756481049,128,0.6212813556194305,128,0.015132367610931396,128,0.39324410259723663,128,0.433026447892189,128,0.4636152386665344,128,0.14699652791023254,128,0.20321127772331238,128,4.0,128
clean,0,3,4,0.17188610136508942,128,0.08315709978342056,128,-0.7513861460780713,128,0.05672474578022957,128,-1.2106675380781557,128,0.15675685554742813,128,-0.20137349841369062,128,0.06723886728286743,128,-1.0700603903304415,128,0.44701753166461894,128,0.6148528456687927,128,0.03907966613769531,128,0.5733271539211273,128,0.5991174578666687,128,0.6094754040241241,128,0.005268871784210205,128,0.04703637957572937,128,18.0,128
clean,0,3,5,0.0401271115988493,128,0.0030415045330300927,128,-2.5491570113599904,128,0.0011383198434486985,128,-3.4916022277752576,128,0.03357101045548916,128,-0.18993519812107273,128,0.022934244014322758,128,-0.5102390366694202,128,0.904446360132655,128,0.6788970530033112,128,0.013976991176605225,128,0.5093934834003448,128,0.5500878393650055,128,0.5671469271183014,128,0.11271771788597107,128,0.1650593876838684,128,2.0,128
clean,0,3,6,0.03746725618839264,128,0.003750681527890265,128,-2.2332041151557904,128,0.0011365300160832703,128,-3.368281560606185,128,0.02739631850272417,128,-0.26293744696702753,128,0.023670037277042866,128,-0.37165637529368806,128,1.0668270157781425,128,0.6906305253505707,128,0.012193262577056885,128,0.4065491110086441,128,0.46642376482486725,128,0.4923595190048218,128,0.1916491985321045,128,0.27533747255802155,128,2.0,128
clean,0,3,7,0.08480290323495865,128,0.058841779828071594,128,-0.3235521239539167,128,0.03547081537544727,128,-0.8780773004857001,128,0.07380787655711174,128,-0.12243491625287373,128,0.03426748141646385,128,-0.9020876406618838,128,0.5402648897216438,128,0.5774054527282715,128,0.023558929562568665,128,0.5653161406517029,128,0.592865377664566,128,0.6014910638332367,128,-0.026280373334884644,128,0.012217879295349121,128,17.0,128
clean,0,3,8,0.09899193421006203,128,0.007112988969311118,128,-2.4498436024627135,128,0.004747982369735837,128,-3.0090251578368763,128,0.06430694833397865,128,-0.32485492644070413,128,0.019463222473859787,128,-1.720886571350837,128,0.43484661653720413,128,0.7443018555641174,128,0.018033087253570557,128,0.6475801169872284,128,0.6703003942966461,128,0.6883457899093628,128,0.05377510190010071,128,0.10005292296409607,128,5.0,128
clean,0,3,9,0.06632502749562263,128,0.008552276529371738,128,-2.015308291924292,128,0.0030891692731529474,128,-3.09206646469259,128,0.05257486365735531,128,-0.2003283064860555,128,0.02443100418895483,128,-0.9451742375183824,128,0.9574460370019476,128,0.7762925326824188,128,0.010652899742126465,128,0.645985871553421,128,0.6794173419475555,128,0.6875163316726685,128,0.07899907231330872,128,0.12256109714508057,128,3.0,128
clean,0,3,10,0.07312347739934921,128,0.006907815579324961,128,-2.289813177557863,128,0.0038762198528274894,128,-2.8603965112296663,128,0.06871435791254044,128,-0.03418664252864331,128,0.03853233717381954,128,-0.6215197954214884,128,0.5907922198290083,128,0.5770254135131836,128,0.01667344570159912,128,0.42425934970378876,128,0.4633411318063736,128,0.48999258875846863,128,0.08531191945075989,128,0.15103194117546082,128,2.0,128
clean,0,3,11,0.09088584780693054,128,0.006076095392927527,128,-2.55175786247625,128,0.0034855399280786514,128,-3.1653100928616826,128,0.07588694617152214,128,-0.1930333161555077,128,0.01603950560092926,128,-1.6764568058642826,128,0.5505097687486302,128,0.7266544699668884,128,0.01840326189994812,128,0.6071341037750244,128,0.6335687637329102,128,0.6494312882423401,128,0.07606631517410278,128,0.11625930666923523,128,1.5,128
clean,0,4,0,0.12075650319457054,128,0.05869307182729244,128,-0.7379642402764387,128,0.022157511673867702,128,-1.7426681330880749,128,0.12117312476038933,128,-0.043685303096207176,128,0.02228653710335493,128,-1.6235626374484449,128,0.9643539020983616,128,0.7260175347328186,128,0.020202070474624634,128,0.6823930144309998,128,0.7171005606651306,128,0.7217111885547638,128,0.004114389419555664,128,0.03631603717803955,128,16.0,128
clean,0,4,1,0.0426722951233387,128,0.0035779242170974612,128,-2.389046790899032,128,0.0015871789655648172,128,-3.203054599738336,128,0.0330720916390419,128,-0.22732531376662513,128,0.024443477392196655,128,-0.5748931979127623,128,0.7629435545491282,128,0.7180696725845337,128,0.012675940990447998,128,0.5009362995624542,128,0.553067535161972,128,0.5716445744037628,128,0.13209249079227448,128,0.19708611071109772,128,3.0,128
clean,0,4,2,0.07148583978414536,128,0.01249841833487153,128,-1.7694270128591725,128,0.012139559723436832,128,-1.8194352895138972,128,0.06736661493778229,128,-0.05193751309485048,128,0.035549357533454895,128,-0.7062464038315508,128,0.07988761618526843,128,0.7377225458621979,128,0.016644954681396484,128,0.6867625415325165,128,0.7127236425876617,128,0.722213864326477,128,0.015150219202041626,128,0.05760714411735535,128,6.0,128
clean,0,4,3,0.07453912496566772,128,0.06276677921414375,128,-0.26581220930973226,128,0.06083567254245281,128,-0.2952372154246481,128,0.06992964819073677,128,-0.15881616536425702,128,0.06204197742044926,128,-0.31145984402804955,128,0.02410876553379038,128,0.8372810184955597,128,0.030158907175064087,128,0.8265990316867828,128,0.8319354951381683,128,0.8398343920707703,128,-0.0007008910179138184,128,0.012688249349594116,128,18.0,128
clean,0,4,4,0.11842746660113335,128,0.04186500050127506,128,-1.0391897695854042,128,0.02479210216552019,128,-1.4965015933462475,128,0.12010909244418144,128,-0.030951591579330515,128,0.050777044147253036,128,-0.8937606646929706,128,0.4912585553629629,128,0.6448070406913757,128,0.03193005919456482,128,0.5538442730903625,128,0.5866543054580688,128,0.6000887751579285,128,0.046535342931747437,128,0.08718255162239075,128,8.5,128
clean,0,4,5,0.08272216096520424,128,0.058229705318808556,128,-0.3639404813235977,128,0.032052841037511826,128,-0.9634178134085203,128,0.07981066405773163,128,-0.07803911175615583,128,0.03062026295810938,128,-1.0218910543933277,128,0.6106158340153298,128,0.49958038330078125,128,0.026239052414894104,128,0.47340846061706543,128,0.4966401159763336,128,0.5052738189697266,128,-0.0008843094110488892,128,0.029690265655517578,128,18.0,128
clean,0,4,6,0.09464183822274208,128,0.007122676586732268,128,-2.4642998113969163,128,0.0038093376206234097,128,-3.1344021796457797,128,0.10533125326037407,128,0.054514842199684554,128,0.010568392463028431,128,-2.1976921121272834,128,0.5943912872553849,128,0.6356488168239594,128,0.01551637053489685,128,0.6140498518943787,128,0.6471221148967743,128,0.6631829142570496,128,-0.010276168584823608,128,0.02699175477027893,128,1.0,128
clean,0,4,7,0.08212060481309891,128,0.009854108560830355,128,-2.0866874172886396,128,0.005788426846265793,128,-2.5800841641382783,128,0.07843664661049843,128,-0.04377407981812801,128,0.015221997164189816,128,-1.7378719164514322,128,0.5791603756122101,128,0.8042522668838501,128,0.008566319942474365,128,0.7522967457771301,128,0.7780339121818542,128,0.7882387340068817,128,0.01547539234161377,128,0.046716511249542236,128,8.0,128
clean,0,4,8,0.12243058905005455,128,0.030458194203674793,128,-1.2860528719288498,128,0.008601802866905928,128,-2.6520687685767355,128,0.13002316653728485,128,0.02576520003530541,128,0.04467228800058365,128,-1.02642017299957,128,1.357749405393823,128,0.7164546549320221,128,0.012306541204452515,128,0.5927928984165192,128,0.6388676166534424,128,0.651185005903244,128,0.0612313449382782,128,0.11042341589927673,128,9.0,128
clean,0,4,9,0.12703058123588562,128,0.015118078794330359,128,-2.0619507781927124,128,0.009170235134661198,128,-2.530833729651426,128,0.14634061604738235,128,0.11102698188644188,128,0.023363467305898666,128,-1.5804271302889017,128,0.5803709217531394,128,0.4437180161476135,128,0.024814292788505554,128,0.3790684789419174,128,0.4360085129737854,128,0.44805122911930084,128,-0.009332418441772461,128,0.08308451622724533,128,4.0,128
clean,0,4,10,0.07700489833950996,128,0.012597958091646433,128,-1.8885085393490417,128,0.0054154591634869576,128,-2.6024840044767696,128,0.06563236936926842,128,-0.13298766315114757,128,0.01112714409828186,128,-1.9300374565468363,128,0.7102063855726732,128,0.732701450586319,128,0.01534128189086914,128,0.6821210384368896,128,0.7081971168518066,128,0.7161586582660675,128,0.018017292022705078,128,0.052033185958862305,128,5.0,128
clean,0,4,11,0.06253382191061974,128,0.009414894971996546,128,-1.8876525151853982,128,0.004031156888231635,128,-2.742362306948009,128,0.0528484471142292,128,-0.1422901857254835,128,0.03023006860166788,128,-0.7977448175450448,128,0.8247094627629522,128,0.7512476444244385,128,0.01577848196029663,128,0.6071851253509521,128,0.6431099772453308,128,0.6570247113704681,128,0.09412303566932678,128,0.14830753207206726,128,7.5,128
clean,0,5,0,0.0568164587020874,128,0.01177786523476243,128,-1.533169956053011,128,0.01272585429251194,128,-1.4981294954769138,128,0.04602308012545109,128,-0.21610861414263488,128,0.013701466843485832,128,-1.4431147794641723,128,-0.05641559235536056,128,0.7863950431346893,128,0.027979880571365356,128,0.7509854435920715,128,0.7696998119354248,128,0.7806270122528076,128,0.00484997034072876,128,0.026012927293777466,128,1.0,128
clean,0,5,1,0.11583840847015381,128,0.04392719641327858,128,-0.8916066734248307,128,0.02532377652823925,128,-1.460734175914065,128,0.11675874143838882,128,-0.012016528872214903,128,0.024883612990379333,128,-1.5213590146847953,128,0.5899113473761155,128,0.7109490633010864,128,0.017108142375946045,128,0.6993708610534668,128,0.711872786283493,128,0.7138766944408417,128,-0.008724451065063477,128,0.0076451897621154785,128,6.0,128
clean,0,5,2,0.17996394634246826,128,0.14715860784053802,128,-0.24649248041971855,128,0.08601147681474686,128,-0.8084425193120417,128,0.16660335659980774,128,-0.09570852160513019,128,0.09410552680492401,128,-0.7684269769397993,128,0.5406776884886817,128,0.6425221860408783,128,0.05343019962310791,128,0.6085639297962189,128,0.6348805129528046,128,0.6423684358596802,128,0.005550771951675415,128,0.034567803144454956,128,18.0,128
clean,0,5,3,0.13621539622545242,128,0.012417659629136324,128,-2.4041693372586943,128,0.004582999274134636,128,-3.385197488928703,128,0.14450755715370178,128,-0.007112186933616593,128,0.04430369473993778,128,-1.178726545840342,128,0.9791624185331089,128,0.6098217666149139,128,0.014905214309692383,128,0.5555620789527893,128,0.6019680500030518,128,0.6167944669723511,128,-0.0178147554397583,128,0.04573434591293335,128,14.0,128
clean,0,5,4,0.18710413575172424,128,0.1239558719098568,128,-0.4076765133765097,128,0.0669812373816967,128,-1.0393792745797081,128,0.17188722640275955,128,-0.07342687549923346,128,0.06918692588806152,128,-0.983437580511448,128,0.629596413999097,128,0.5267398357391357,128,0.03883601725101471,128,0.49688148498535156,128,0.5161061584949493,128,0.5273261964321136,128,-0.007819503545761108,128,0.02700074017047882,128,17.0,128
clean,0,5,5,0.07477352768182755,128,0.022663633339107037,128,-1.1644323770715261,128,0.010343403555452824,128,-1.9959094603088148,128,0.07121393457055092,128,-0.04302806305240385,128,0.01782649289816618,128,-1.452514883529148,128,0.8068263598134189,128,0.7074234187602997,128,0.01995980739593506,128,0.6413868963718414,128,0.6698375642299652,128,0.6823894381523132,128,0.02277052402496338,128,0.06080964207649231,128,1.0,128
clean,0,5,6,0.11657499894499779,128,0.0739731527864933,128,-0.48460616556350844,128,0.039779528975486755,128,-1.136523390474268,128,0.12658294290304184,128,0.009888343223396006,128,0.03852096572518349,128,-1.1560295541683718,128,0.6702577858957117,128,0.7569378614425659,128,0.02248397469520569,128,0.7399340569972992,128,0.7530680000782013,128,0.7576133012771606,128,-0.0013861358165740967,128,0.014927178621292114,128,11.0,128
clean,0,5,7,0.06187129765748978,128,0.019893713295459747,128,-1.0628938968270654,128,0.020999656058847904,128,-1.0491846360885957,128,0.052280450239777565,128,-0.19335835550547734,128,0.018629614263772964,128,-1.1866232990579135,128,-0.015594989082226982,128,0.8405140042304993,128,0.021352380514144897,128,0.8238256573677063,128,0.8388444483280182,128,0.8449654281139374,128,-0.0031671524047851562,128,0.012018054723739624,128,6.0,128
clean,0,5,8,0.08898654580116272,128,0.007429905002936721,128,-2.4096947959627983,128,0.005150734446942806,128,-2.7573051019654056,128,0.08394049853086472,128,-0.0437583193500495,128,0.04031945392489433,128,-0.790889456844978,128,0.3986562496089487,128,0.6583121418952942,128,0.0225716233253479,128,0.4400917589664459,128,0.5342708230018616,128,0.5420575141906738,128,0.11129605770111084,128,0.20921887457370758,128,5.0,128
clean,0,5,9,0.1634344682097435,128,0.08377164602279663,128,-0.6280964958967388,128,0.030907425098121166,128,-1.584281602529505,128,0.17983175814151764,128,0.1675866821333983,128,0.03702415153384209,128,-1.392037771270775,128,0.9375704186737415,128,0.8760442733764648,128,0.01611962914466858,128,0.8665719330310822,128,0.876928985118866,128,0.8778518438339233,128,-0.005114853382110596,128,0.004853427410125732,128,17.0,128
clean,0,5,10,0.059584906324744225,128,0.026349064894020557,128,-0.7196123952366221,128,0.027765843085944653,128,-0.6698450224949651,128,0.04166586138308048,128,-0.2741595908120612,128,0.028030162677168846,128,-0.6623463802844579,128,-0.05023853016431176,128,0.8909922242164612,128,0.02709507942199707,128,0.8887568712234497,128,0.8977021276950836,128,0.9000568389892578,128,-0.007986754179000854,128,0.003391832113265991,128,1.0,128
clean,0,5,11,0.10884077847003937,128,0.05455183610320091,128,-0.6808575414452669,128,0.029052904807031155,128,-1.3400309877473235,128,0.11943157389760017,128,0.05149125416574364,128,0.03206329233944416,128,-1.2556559844869417,128,0.6204415209511431,128,0.7613991498947144,128,0.025336474180221558,128,0.7515130341053009,128,0.763293981552124,128,0.7685458958148956,128,-0.0018605291843414307,128,0.010599613189697266,128,17.0,128
clean,0,6,0,0.09381815791130066,128,0.02164610382169485,128,-1.4856629042379277,128,0.01020418293774128,128,-2.239745270478767,128,0.09465650096535683,128,0.03667413464364021,128,0.04567278362810612,128,-0.7817547835794056,128,0.7674710102495119,128,0.63329216837883,128,0.02050158381462097,128,0.5617156028747559,128,0.6087427139282227,128,0.6211746633052826,128,0.008277103304862976,128,0.06821787357330322,128,10.0,128
clean,0,6,1,0.08358670026063919,128,0.008361454587429762,128,-2.247034553164853,128,0.0027305613039061427,128,-3.3605161540392157,128,0.08016844838857651,128,-0.019963273611252823,128,0.026519963517785072,128,-1.0412814231328587,128,1.0725019330667425,128,0.6837265491485596,128,0.01573789119720459,128,0.5437975823879242,128,0.5902368724346161,128,0.6024627983570099,128,0.07413384318351746,128,0.13594603538513184,128,3.0,128
clean,0,6,2,0.07645707577466965,128,0.01927122101187706,128,-1.3455542384025079,128,0.006318776868283749,128,-2.4563039854687987,128,0.05656907148659229,128,-0.2630605045558947,128,0.0323343500494957,128,-0.9506454771215478,128,1.0379954823589743,128,0.7971513867378235,128,0.014863848686218262,128,0.678728461265564,128,0.7085104584693909,128,0.7226816713809967,128,0.07753708958625793,128,0.113335520029068,128,5.0,128
clean,0,6,3,0.08023998141288757,128,0.004506972851231694,128,-2.829543426410255,128,0.001995696919038892,128,-3.626507348664134,128,0.07710406184196472,128,-0.03252269720085868,128,0.036990996450185776,128,-0.7373525312650845,128,0.7395388580483572,128,0.5650005042552948,128,0.016258597373962402,128,0.3969208598136902,128,0.4589715451002121,128,0.4782613068819046,128,0.08342500030994415,128,0.1588611900806427,128,6.0,128
clean,0,6,4,0.05991436913609505,128,0.006236208835616708,128,-2.173164574679038,128,0.0017233177786692977,128,-3.4999825512722094,128,0.044074347242712975,128,-0.3133980413026226,128,0.031192521564662457,128,-0.6068830886509188,128,1.2869750857387605,128,0.7034967243671417,128,0.014402180910110474,128,0.5262050628662109,128,0.5547843873500824,128,0.5877849161624908,128,0.12824657559394836,128,0.18115001916885376,128,3.0,128
clean,0,6,5,0.08781247586011887,128,0.012623288668692112,128,-1.7320347079771992,128,0.007461009081453085,128,-2.3651992807588984,128,0.09363014996051788,128,0.039329091780494554,128,0.020436037331819534,128,-1.4159199399194609,128,0.6445829275243777,128,0.6734021306037903,128,0.015469223260879517,128,0.6276984214782715,128,0.6513318419456482,128,0.661702036857605,128,-0.0013438165187835693,128,0.039125531911849976,128,6.0,128
clean,0,6,6,0.11919183284044266,128,0.00757905887439847,128,-2.7321406979516083,128,0.003968455130234361,128,-3.403989051409561,128,0.1320883110165596,128,0.07919404033123786,128,0.05016271956264973,128,-0.8970287542155737,128,0.7090247939958563,128,0.37392355501651764,128,0.02653692662715912,128,0.32757753133773804,128,0.37943726778030396,128,0.39400726556777954,128,-0.023052826523780823,128,0.03923897445201874,128,7.0,128
clean,0,6,7,0.0937536396086216,128,0.022648208774626255,128,-1.4039869537485425,128,0.013436930254101753,128,-1.9278816908716805,128,0.08477624505758286,128,-0.06013976560812105,128,0.05263248644769192,128,-0.5975968592232563,128,0.5116609536828163,128,0.643794059753418,128,0.017713069915771484,128,0.5024181306362152,128,0.5453057885169983,128,0.5642147958278656,128,0.08844614028930664,128,0.14505308866500854,128,3.5,128
clean,0,6,8,0.06662020087242126,128,0.004827642347663641,128,-2.473176240601151,128,0.0020285790087655187,128,-3.4047441503869487,128,0.056467872112989426,128,-0.13931367988692633,128,0.04137899540364742,128,-0.44057382036877274,128,0.8908746132564992,128,0.7004737555980682,128,0.017124861478805542,128,0.50509113073349,128,0.5471972525119781,128,0.5763599276542664,128,0.13373389840126038,128,0.2037627398967743,128,2.0,128
clean,0,6,9,0.09879203885793686,128,0.03380176983773708,128,-1.1325410907281608,128,0.017961520701646805,128,-1.638401620961319,128,0.09994520246982574,128,-0.0013218268354889288,128,0.04279453121125698,128,-0.934752259495953,128,0.5589603968125325,128,0.6143006086349487,128,0.0201549232006073,128,0.542064905166626,128,0.5838397443294525,128,0.5978181958198547,128,0.01895400881767273,128,0.06727507710456848,128,7.0,128
clean,0,6,10,0.08093016222119331,128,0.006364596076309681,128,-2.430335346785312,128,0.0023534923093393445,128,-3.4324633425572424,128,0.07792992517352104,128,-0.023479633607762798,128,0.039462724700570107,128,-0.6303764054793246,128,0.9487249585013597,128,0.6552672386169434,128,0.015447258949279785,128,0.5382558107376099,128,0.5903119146823883,128,0.6159346699714661,128,0.04148569703102112,128,0.10889707505702972,128,7.5,128
clean,0,6,11,0.12373736128211021,128,0.061727143824100494,128,-0.6954788566738417,128,0.03418935276567936,128,-1.2531494009770543,128,0.11775737628340721,128,-0.09385248760818782,128,0.03376035951077938,128,-1.2543808983669937,128,0.5732754626865524,128,0.17221563309431076,128,0.022572217509150505,128,0.15937668085098267,128,0.1796063631772995,128,0.18409521877765656,128,-0.01741556078195572,128,0.010964207351207733,128,5.0,128
clean,0,7,0,0.14676490426063538,128,0.07527192309498787,128,-0.6256435475821578,128,0.04961225390434265,128,-1.0886321861509751,128,0.12865766882896423,128,-0.08344363143358369,128,0.05827597342431545,128,-0.8757640920678891,128,0.44939286707294934,128,0.6296361684799194,128,0.03027522563934326,128,0.5949509739875793,128,0.6173928678035736,128,0.6300435662269592,128,0.0012223422527313232,128,0.04757887125015259,128,7.0,128
clean,0,7,1,0.041175439953804016,128,0.020186561159789562,128,-0.6604283094675599,128,0.005286810686811805,128,-2.0356655370195704,128,0.03261944837868214,128,-0.21337049078273645,128,0.023071047849953175,128,-0.6713197428137341,128,1.440604947695558,128,0.6928476393222809,128,0.019665122032165527,128,0.6174265444278717,128,0.6518809497356415,128,0.6583480834960938,128,0.024504899978637695,128,0.06266888976097107,128,1.0,128
clean,0,7,2,0.10444393381476402,128,0.022821332328021526,128,-1.5035166265013487,128,0.012661192566156387,128,-2.164426558225175,128,0.10059318318963051,128,-0.0602902994609191,128,0.028697188012301922,128,-1.303132454441508,128,0.5966673068032211,128,0.7496429681777954,128,0.016275495290756226,128,0.7155332863330841,128,0.7419680953025818,128,0.7508226931095123,128,-0.0009101033210754395,128,0.028799086809158325,128,9.0,128
clean,0,7,3,0.12295135110616684,128,0.03397548943758011,128,-1.2468275184926463,128,0.019688711501657963,128,-1.7275842703162387,128,0.12174300849437714,128,-0.04834172736864126,128,0.022445672191679478,128,-1.688620981046099,128,0.49833660401844493,128,0.20131537318229675,128,0.04279166832566261,128,0.18050158768892288,128,0.2187339887022972,128,0.22535857558250427,128,-0.02797124534845352,128,0.014730863273143768,128,8.0,128
clean,0,7,4,0.10552377998828888,128,0.027295912615954876,128,-1.303278072588316,128,0.01932724565267563,128,-1.6348392002269732,128,0.09084091708064079,128,-0.14906285591327,128,0.03412398882210255,128,-1.162786455326656,128,0.3817685249749815,128,0.6233997642993927,128,0.024087220430374146,128,0.5901576578617096,128,0.632236123085022,128,0.6399421989917755,128,-0.01384308934211731,128,0.0432010293006897,128,10.5,128
clean,0,7,5,0.05871185474097729,128,0.007148317759856582,128,-2.0339790326267764,128,0.002536534913815558,128,-3.1018048201855217,128,0.058207860216498375,128,-0.023472671611626986,128,0.049508826807141304,128,-0.18173375949061102,128,1.0591792413533332,128,0.7001993060112,128,0.014021575450897217,128,0.5273532569408417,128,0.5655718147754669,128,0.593585193157196,128,0.10485580563545227,128,0.16332975029945374,128,5.0,128
clean,0,7,6,0.08201879262924194,128,0.008377916645258665,128,-2.261485780048763,128,0.003527095657773316,128,-3.0798795907947096,128,0.0885150320827961,128,0.0915635668414595,128,0.09802420437335968,128,0.11407017824660737,128,0.8401147087119366,128,0.5702493786811829,128,0.023275211453437805,128,0.4490184932947159,128,0.5111607015132904,128,0.5199389755725861,128,0.05657024681568146,128,0.12036119401454926,128,3.0,128
clean,0,7,7,0.057635944336652756,128,0.008462211582809687,128,-1.8913610638507796,128,0.005352675914764404,128,-2.386607283113407,128,0.05136609636247158,128,-0.1784478041048888,128,0.024021435528993607,128,-0.9000775800831222,128,0.3246105335657572,128,0.6583700180053711,128,0.030796706676483154,128,0.6013070046901703,128,0.631175696849823,128,0.6496650874614716,128,0.007062464952468872,128,0.056530654430389404,128,1.0,128
clean,0,7,8,0.16856959462165833,128,0.04079974442720413,128,-1.432521769832512,128,0.021515105850994587,128,-2.079769575827706,128,0.1625000536441803,128,0.009347692113579031,128,0.035672444850206375,128,-1.467423765211597,128,0.6416154195959758,128,0.4584912955760956,128,0.05109331011772156,128,0.44082096219062805,128,0.5001456290483475,128,0.5260757207870483,128,-0.056684255599975586,128,0.020740404725074768,128,11.0,128
clean,0,7,9,0.0773455910384655,128,0.01320565352216363,128,-1.7615466230966548,128,0.002588403061963618,128,-3.350422998666704,128,0.07716092094779015,128,0.010095290412305835,128,0.03785000741481781,128,-0.7526243843036358,128,1.5848136244448006,128,0.5639054775238037,128,0.017183542251586914,128,0.42846502363681793,128,0.49135950207710266,128,0.5010697245597839,128,0.07552966475486755,128,0.1453460156917572,128,5.0,128
clean,0,7,10,0.09844675287604332,128,0.006707111373543739,128,-2.604145255361419,128,0.0026698302244767547,128,-3.5080505036706824,128,0.10262520238757133,128,0.05342330567523816,128,0.03798689879477024,128,-0.9164226705960097,128,0.915628153712996,128,0.5698511302471161,128,0.015540897846221924,128,0.5245779454708099,128,0.5725882649421692,128,0.5835411250591278,128,-0.013107553124427795,128,0.034121185541152954,128,7.0,128
clean,0,7,11,0.07208119332790375,128,0.005579096032306552,128,-2.4820315632693717,128,0.002247442491352558,128,-3.3831729815757146,128,0.06399239227175713,128,-0.04722566416480982,128,0.034034501761198044,128,-0.6548096989866449,128,0.9007615223623295,128,0.7721140086650848,128,0.012782514095306396,128,0.6546914875507355,128,0.6816542148590088,128,0.6932758092880249,128,0.06699618697166443,128,0.10903123021125793,128,3.0,128
clean,0,8,0,0.10097629576921463,128,0.027421661652624607,128,-1.2678316388261357,128,0.016709801740944386,128,-1.725016472839846,128,0.1029345691204071,128,-0.004140775378704113,128,0.021244061179459095,128,-1.51865288048206,128,0.4819381945459434,128,0.5444718599319458,128,0.01885315775871277,128,0.5289145410060883,128,0.5557815432548523,128,0.5593072474002838,128,-0.015214458107948303,128,0.013787716627120972,128,6.0,128
clean,0,8,1,0.055239660665392876,128,0.014110648538917303,128,-1.3982103891876594,128,0.010075069032609463,128,-1.731008665429509,128,0.045166024938225746,128,-0.21864820911619148,128,0.029027052223682404,128,-0.7570149956402468,128,0.27825914022276527,128,0.5625576078891754,128,0.026976823806762695,128,0.5061438381671906,128,0.5460570156574249,128,0.5573936998844147,128,0.005042046308517456,128,0.05785411596298218,128,3.0,128
clean,0,8,2,0.14494099467992783,128,0.04211035743355751,128,-1.2613472067426224,128,0.018951203674077988,128,-1.9374983117804345,128,0.13613589853048325,128,-0.0906731739620309,128,0.05112932436168194,128,-1.0402934379591742,128,0.7125405871815548,128,0.4859292805194855,128,0.027105703949928284,128,0.413269579410553,128,0.46999920904636383,128,0.4797072559595108,128,0.006185978651046753,128,0.06965272128582001,128,5.0,128
clean,0,8,3,0.09720386564731598,128,0.03853282518684864,128,-0.9879271085001635,128,0.01924361288547516,128,-1.62316349693269,128,0.10706374794244766,128,0.03938004372345242,128,0.02511607576161623,128,-1.4042870998642467,128,0.6599575779285705,128,0.6552051901817322,128,0.02660149335861206,128,0.637319803237915,128,0.6553535163402557,128,0.6589232087135315,128,-0.008238613605499268,128,0.010982275009155273,128,5.0,128
clean,0,8,4,0.09709435701370239,128,0.044663308188319206,128,-0.7936250664300791,128,0.020890163257718086,128,-1.4891581552923632,128,0.10388631001114845,128,0.04807531154372099,128,0.025183984078466892,128,-1.3299966869890492,128,0.6860808984860816,128,0.48392239212989807,128,0.03386770188808441,128,0.46651050448417664,128,0.4948689043521881,128,0.49909569323062897,128,-0.012078523635864258,128,0.016857057809829712,128,5.0,128
clean,0,8,5,0.1556430533528328,128,0.10522136464715004,128,-0.46006521897970065,128,0.05985391326248646,128,-1.0719613178786607,128,0.1587003469467163,128,-0.05610686964659281,128,0.0697624683380127,128,-0.8007101486679722,128,0.6056132954238544,128,0.489489808678627,128,0.026572436094284058,128,0.4535154849290848,128,0.4725881665945053,128,0.4863561987876892,128,0.00135764479637146,128,0.034992724657058716,128,11.0,128
clean,0,8,6,0.16167114675045013,128,0.04860962554812431,128,-1.2602498503073483,128,0.011051717214286327,128,-2.700459079228134,128,0.1859927922487259,128,0.06619451049769196,128,0.06052200496196747,128,-0.9972824060343921,128,1.389050195593582,128,0.5553506314754486,128,0.023643165826797485,128,0.4963340014219284,128,0.5518770813941956,128,0.5595390796661377,128,-0.0032514631748199463,128,0.0637945830821991,128,10.0,128
clean,0,8,7,0.0857120044529438,128,0.013661583885550499,128,-1.8104152421229194,128,0.007596478797495365,128,-2.5437299408046625,128,0.06178712099790573,128,-0.3553512717459548,128,0.0453101322054863,128,-0.6695831208579404,128,0.6087658858009408,128,0.5388088822364807,128,0.03287823498249054,128,0.4828406721353531,128,0.5418910682201385,128,0.5544158816337585,128,-0.011689931154251099,128,0.05028122663497925,128,2.0,128
clean,0,8,8,0.06774882599711418,128,0.01446215296164155,128,-1.5594720385694454,128,0.006055487086996436,128,-2.3922312716256693,128,0.06542902812361717,128,-0.09039130507608281,128,0.05138927511870861,128,-0.34715376388476965,128,0.7955271229563807,128,0.6913048923015594,128,0.015102237462997437,128,0.6422729194164276,128,0.6834220886230469,128,0.6924331188201904,128,0.005287975072860718,128,0.04891827702522278,128,3.0,128
clean,0,8,9,0.11050169542431831,128,0.012568266596645117,128,-2.1242571063043783,128,0.009985570330172777,128,-2.4090538094152247,128,0.10392716154456139,128,-0.04966780821826941,128,0.05689520388841629,128,-0.7155229277122201,128,0.3093211433906198,128,0.5861279964447021,128,0.02603161334991455,128,0.5427455008029938,128,0.6003391742706299,128,0.6101212501525879,128,-0.027931243181228638,128,0.04095843434333801,128,6.0,128
clean,0,8,10,0.09739728271961212,128,0.03795282542705536,128,-1.0070862678131618,128,0.019743277691304684,128,-1.5587273841836968,128,0.10542415827512741,128,0.017214733842738687,128,0.023290423676371574,128,-1.4533212957466817,128,0.5886758000620832,128,0.545170933008194,128,0.02335706353187561,128,0.5204803347587585,128,0.5406334698200226,128,0.5465944409370422,128,-0.008339941501617432,128,0.016602516174316406,128,5.0,128
clean,0,8,11,0.1068253219127655,128,0.038565244525671005,128,-1.04569746604597,128,0.026968423277139664,128,-1.3935677512334188,128,0.07912682369351387,128,-0.24877090240098265,128,0.04385996609926224,128,-0.9020690534743354,128,0.32337752992506497,128,0.5861461758613586,128,0.0323633998632431,128,0.5553775727748871,128,0.5859620571136475,128,0.6026605665683746,128,-0.017118096351623535,128,0.030474692583084106,128,10.0,128
clean,0,9,0,0.09439459443092346,128,0.00945122865960002,128,-2.205409145319571,128,0.005547929555177689,128,-2.7812138101120767,128,0.08963996544480324,128,-0.0682375876519988,128,0.03530398570001125,128,-1.001381130295399,128,0.5206968082778745,128,0.6858219504356384,128,0.015371382236480713,128,0.6442016363143921,128,0.6726847290992737,128,0.6857241988182068,128,-0.004991888999938965,128,0.03363749384880066,128,8.0,128
clean,0,9,1,0.1158236414194107,128,0.010089158546179533,128,-2.4748888007747443,128,0.005346738733351231,128,-3.1053937027295944,128,0.11570405215024948,128,-0.015756372065064146,128,0.08520083501935005,128,-0.31128914303763167,128,0.6038687433562298,128,0.4364320933818817,128,0.022215276956558228,128,0.3477008640766144,128,0.39316941797733307,128,0.4077380299568176,128,0.03313017636537552,128,0.09721414744853973,128,7.5,128
clean,0,9,2,0.0866381898522377,128,0.009740717243403196,128,-2.1180663463058296,128,0.0043645144905894995,128,-2.965930213661139,128,0.08979485183954239,128,0.017735500749866122,128,0.03947046585381031,128,-0.7778335809349892,128,0.701631899575105,128,0.6973244249820709,128,0.011882483959197998,128,0.6694911122322083,128,0.6960045397281647,128,0.7109814882278442,128,0.00579071044921875,128,0.03523629903793335,128,11.0,128
clean,0,9,3,0.13271503895521164,128,0.016966938972473145,128,-2.0429402873397535,128,0.0067537997383624315,128,-3.004260986758344,128,0.11514841020107269,128,-0.10730352066517801,128,0.05374133214354515,128,-0.8896602765657657,128,0.8817080340941612,128,0.7317255139350891,128,0.018225550651550293,128,0.6739740073680878,128,0.7053652107715607,128,0.7190674841403961,128,0.007853910326957703,128,0.051734745502471924,128,4.0,128
clean,0,9,4,0.194991797208786,128,0.12751934677362442,128,-0.43197701882470224,128,0.06763367727398872,128,-1.0468372482364392,128,0.17307451367378235,128,-0.08913930374485643,128,0.07842203602194786,128,-0.9317036530226859,128,0.6502542293243032,128,0.49651999771595,128,0.03553174436092377,128,0.4623343050479889,128,0.4957178384065628,128,0.5034800171852112,128,-0.018882647156715393,128,0.01703636348247528,128,12.0,128
clean,0,9,5,0.12977032363414764,128,0.013024722691625357,128,-2.2023019157607906,128,0.004012441262602806,128,-3.4031529102504217,128,0.11295571178197861,128,-0.07739097061007903,128,0.037557005882263184,128,-1.1306202594195538,128,1.1885168868713252,128,0.6148326396942139,128,0.01691526174545288,128,0.5668557286262512,128,0.6019936800003052,128,0.6211780607700348,128,-0.005362465977668762,128,0.04322364926338196,128,7.0,128
clean,0,9,6,0.12961234897375107,128,0.011807165574282408,128,-2.377978244902549,128,0.004951461451128125,128,-3.265122341797479,128,0.11766279488801956,128,-0.06790854750155634,128,0.05183463171124458,128,-0.8738187134089834,128,0.8335976499575632,128,0.6840784847736359,128,0.014142841100692749,128,0.6360979676246643,128,0.6679963171482086,128,0.6752141118049622,128,0.003245443105697632,128,0.05072760581970215,128,7.0,128
clean,0,9,7,0.09408505633473396,128,0.007527833804488182,128,-2.381582643005629,128,0.005179010331630707,128,-2.8736677266265405,128,0.08157598599791527,128,-0.11552406471859067,128,0.030180328525602818,128,-1.0364632750458884,128,0.4107524413784668,128,0.7321559190750122,128,0.024677813053131104,128,0.6839402914047241,128,0.7000756859779358,128,0.7080089747905731,128,0.025162845849990845,128,0.06038987636566162,128,1.5,128
clean,0,9,8,0.08703945204615593,128,0.02268023695796728,128,-1.3104897946325131,128,0.014875454362481833,128,-1.7710957535254024,128,0.07065502181649208,128,-0.20777766699022293,128,0.07237198576331139,128,-0.2305549984769666,128,0.514142783216937,128,0.5480325222015381,128,0.02817581593990326,128,0.4693645089864731,128,0.5026310682296753,128,0.515449047088623,128,0.012830808758735657,128,0.07289808988571167,128,6.0,128
clean,0,9,9,0.11654355004429817,128,0.02164570987224579,128,-1.6174901091299603,128,0.013943399768322706,128,-2.100439406312401,128,0.1037040613591671,128,-0.08845382124333986,128,0.03171921148896217,128,-1.28386914507095,128,0.5061650472506989,128,0.5102538168430328,128,0.019999340176582336,128,0.470679447054863,128,0.5031573474407196,128,0.5031573474407196,128,-0.0015068352222442627,128,0.03843916952610016,128,6.0,128
clean,0,9,10,0.10618925839662552,128,0.009504709858447313,128,-2.3943685378021686,128,0.004155075177550316,128,-3.2231550481008293,128,0.10219492763280869,128,-0.04243299678513654,128,0.04753665439784527,128,-0.7873024145940613,128,0.8576460214279586,128,0.7289852499961853,128,0.031123250722885132,128,0.6185216307640076,128,0.6558552384376526,128,0.668960303068161,128,0.053139716386795044,128,0.11444464325904846,128,1.0,128
clean,0,9,11,0.1003393717110157,128,0.009747716598212719,128,-2.2411232628590385,128,0.0031824453035369515,128,-3.35744808224471,128,0.10035158321261406,128,-0.016072955302749235,128,0.06267747655510902,128,-0.487915860343369,128,1.0646245928746283,128,0.6261390447616577,128,0.016089022159576416,128,0.5625958144664764,128,0.5903855860233307,128,0.610853910446167,128,0.009628772735595703,128,0.06366243958473206,128,8.0,128
clean,0,10,0,0.07534079253673553,128,0.007027745014056563,128,-2.3283928458442285,128,0.0028674735222011805,128,-3.1353412577629047,128,0.07139106839895248,128,-0.05693435395015965,128,0.06285717710852623,128,-0.1790179341555728,128,0.7645913608890271,128,0.604952335357666,128,0.01774194836616516,128,0.5109571516513824,128,0.5561050474643707,128,0.5722493231296539,128,0.027258306741714478,128,0.0822136402130127,128,11.0,128
clean,0,10,1,0.07665319368243217,128,0.0033387396251782775,128,-3.046621045335516,128,0.0014481830294243991,128,-3.884151320201215,128,0.07205943763256073,128,-0.05284736810833894,128,0.06762921810150146,128,-0.0636712130845541,128,0.9187558563295626,128,0.6884350776672363,128,0.016825467348098755,128,0.5487412512302399,128,0.5978974997997284,128,0.6101922392845154,128,0.07801410555839539,128,0.1297120451927185,128,4.0,128
clean,0,10,2,0.05699239671230316,128,0.003613752662204206,128,-2.689433780343452,128,0.001317082904279232,128,-3.680059755608627,128,0.05572034232318401,128,-0.0588105579522145,128,0.09481146559119225,128,0.5135942193876424,128,0.944145215631547,128,0.6830892562866211,128,0.018037497997283936,128,0.5174502730369568,128,0.5448026657104492,128,0.5691137909889221,128,0.10030117630958557,128,0.15589988231658936,128,4.0,128
clean,0,10,3,0.07746367529034615,128,0.01141854003071785,128,-1.8686212339776174,128,0.0061720917001366615,128,-2.612421754102084,128,0.06761836260557175,128,-0.1433483915682933,128,0.07895609736442566,128,-0.05058497860373901,128,0.6859868707373988,128,0.7160784900188446,128,0.017906218767166138,128,0.6433802843093872,128,0.6620602607727051,128,0.6718527376651764,128,0.031211823225021362,128,0.07965642213821411,128,6.0,128
clean,0,10,4,0.07903746888041496,128,0.0034031112445518374,128,-3.0629081902476187,128,0.0014147739275358617,128,-3.9360251969576714,128,0.07846523448824883,128,0.019776028887644327,128,0.053806059062480927,128,-0.39141972600964503,128,0.837664697073877,128,0.6579098403453827,128,0.018564224243164062,128,0.543896347284317,128,0.5794326961040497,128,0.5909256637096405,128,0.06203722953796387,128,0.11444762349128723,128,7.0,128
clean,0,10,5,0.06034143455326557,128,0.005525462329387665,128,-2.352207898072241,128,0.0017082496779039502,128,-3.467134341848231,128,0.05640020966529846,128,-0.0618891121804715,128,0.06938272714614868,128,0.20610837783542446,128,1.1153978889445828,128,0.7304651439189911,128,0.013352453708648682,128,0.5669646859169006,128,0.6138432621955872,128,0.6304409801959991,128,0.08676585555076599,128,0.14918383955955505,128,6.5,128
clean,0,10,6,0.09093234315514565,128,0.012109164148569107,128,-1.99393778400376,128,0.008370480500161648,128,-2.4449582783390724,128,0.07366369292140007,128,-0.18214121419651583,128,0.07143917307257652,128,-0.23677955450464483,128,0.43058270085328854,128,0.5874896049499512,128,0.029025226831436157,128,0.49559465050697327,128,0.5523117482662201,128,0.568870335817337,128,0.02476803958415985,128,0.10055467486381531,128,4.0,128
clean,0,10,7,0.1186969205737114,128,0.01515450282022357,128,-1.9494180425388568,128,0.007438387256115675,128,-2.661824081558337,128,0.10873515903949738,128,-0.04865634469976715,128,0.0772174745798111,128,-0.4289503179201535,128,0.7204801354140229,128,0.5818672776222229,128,0.019690871238708496,128,0.5499178469181061,128,0.5982451736927032,128,0.6140963137149811,128,-0.018560677766799927,128,0.0336032509803772,128,10.5,128
clean,0,10,8,0.15263580530881882,128,0.04369484633207321,128,-1.1389139173681213,128,0.019651126116514206,128,-1.9961642296735125,128,0.12997044622898102,128,-0.10043649424277129,128,0.08239509910345078,128,-0.5927144547481943,128,0.9181717387250716,128,0.5021009147167206,128,0.03508180379867554,128,0.4421418309211731,128,0.5026976764202118,128,0.5144341588020325,128,-0.006049156188964844,128,0.060736387968063354,128,11.0,128
clean,0,10,9,0.09611577168107033,128,0.03858194686472416,128,-0.9273236234792065,128,0.01914119813591242,128,-1.5937073912732935,128,0.08273095637559891,128,-0.15583984056008365,128,0.054848749190568924,128,-0.5667131328841022,128,0.637910698890501,128,0.6039805710315704,128,0.027110636234283447,128,0.5133058428764343,128,0.5629375278949738,128,0.5777900516986847,128,0.02416597306728363,128,0.08477845788002014,128,17.0,128
clean,0,10,10,0.07207772508263588,128,0.005119643174111843,128,-2.6511563069989608,128,0.0016321292496286333,128,-3.7033304258191064,128,0.0662308931350708,128,-0.06682373612962886,128,0.06499482691287994,128,-0.09992633420368052,128,1.0159536384294288,128,0.6993637382984161,128,0.020771950483322144,128,0.5301882326602936,128,0.5797050893306732,128,0.5918824672698975,128,0.0983433723449707,128,0.16481438279151917,128,4.0,128
clean,0,10,11,0.07769519463181496,128,0.005102373892441392,128,-2.6738549160880436,128,0.002645820612087846,128,-3.343304830988873,128,0.06506688892841339,128,-0.13862186253995995,128,0.05587242543697357,128,-0.3093011051564165,128,0.6982217893289281,128,0.5422869920730591,128,0.021807074546813965,128,0.4573821872472763,128,0.49922552704811096,128,0.508618950843811,128,0.033979445695877075,128,0.0921044796705246,128,5.0,128
clean,0,11,0,0.08063072338700294,128,0.006580903427675366,128,-2.5247062615808025,128,0.0032333724666386843,128,-3.262049086201791,128,0.07156354933977127,128,-0.1349192944957506,128,0.08414167910814285,128,0.07201100658069623,128,0.7127378251257106,128,0.7821052074432373,128,0.015402734279632568,128,0.6557273268699646,128,0.6784102022647858,128,0.6934487223625183,128,0.08485746383666992,128,0.12435469031333923,128,6.0,128
clean,0,11,1,0.08745595812797546,128,0.009541308507323265,128,-2.137569972320874,128,0.0034722014097496867,128,-3.1802760342657104,128,0.08732011169195175,128,-0.002569265358807464,128,0.06166992895305157,128,-0.34275384944914994,128,1.0541690368228478,128,0.6868545711040497,128,0.02523559331893921,128,0.6032156944274902,128,0.6476871371269226,128,0.662979245185852,128,0.02002549171447754,128,0.07230383157730103,128,3.0,128
clean,0,11,2,0.06339676678180695,128,0.008044125977903605,128,-1.970343595237718,128,0.004465260775759816,128,-2.58006878724136,128,0.054100438952445984,128,-0.12645041817539981,128,0.06412041559815407,128,0.05404066936740969,128,0.646459386229582,128,0.6902532279491425,128,0.019115298986434937,128,0.5600195825099945,128,0.6024915277957916,128,0.6161490976810455,128,0.06869751214981079,128,0.11204586923122406,128,4.0,128
clean,0,11,3,0.08351165056228638,128,0.011044048238545656,128,-1.9764480509287845,128,0.006899274419993162,128,-2.4039483630951484,128,0.07227645069360733,128,-0.14365148181264525,128,0.08972335606813431,128,0.09772718482836118,128,0.4269874772831982,128,0.6263180077075958,128,0.04322151839733124,128,0.574889749288559,128,0.6287608742713928,128,0.6382733881473541,128,-0.006441473960876465,128,0.0468270480632782,128,1.0,128
clean,0,11,4,0.08111542835831642,128,0.017744977958500385,128,-1.4998703777697886,128,0.009412324987351894,128,-2.1014579011154977,128,0.06976088508963585,128,-0.17200115381040854,128,0.056228963658213615,128,-0.32422974598668564,128,0.5878520524541644,128,0.5838818550109863,128,0.0317443311214447,128,0.44309431314468384,128,0.4938880205154419,128,0.5112326741218567,128,0.06973487138748169,128,0.12618863582611084,128,3.0,128
clean,0,11,5,0.0973437950015068,128,0.012094066012650728,128,-2.0696490308950373,128,0.006675583543255925,128,-2.719921575807911,128,0.07593231275677681,128,-0.19934328748825297,128,0.07888637110590935,128,-0.18378918557022084,128,0.5532959371434145,128,0.633519858121872,128,0.01732829213142395,128,0.578138679265976,128,0.6190952658653259,128,0.6320008039474487,128,0.012677490711212158,128,0.05756735801696777,128,4.0,128
clean,0,11,6,0.061016594991087914,128,0.004065368324518204,128,-2.6032506698860876,128,0.002001250861212611,128,-3.359271391120883,128,0.06245913542807102,128,0.03809146364612544,128,0.08849382400512695,128,0.39699814263643657,128,0.6729739790329302,128,0.6992815136909485,128,0.017628923058509827,128,0.5542214214801788,128,0.5918983221054077,128,0.6099165976047516,128,0.07496359944343567,128,0.13294121623039246,128,4.0,128
clean,0,11,7,0.09168331325054169,128,0.003631466766819358,128,-3.1168601190316485,128,0.002444149926304817,128,-3.5518452289240035,128,0.09525863826274872,128,0.06922773060953122,128,0.060511646792292595,128,-0.31296235063563926,128,0.44011899320936543,128,0.7096850574016571,128,0.017572492361068726,128,0.6042094230651855,128,0.6334681212902069,128,0.6548521816730499,128,0.051003724336624146,128,0.10690417885780334,128,9.0,128
clean,0,11,8,0.1346893087029457,128,0.010634408798068762,128,-2.533725312870155,128,0.00665576639585197,128,-3.0405187144850774,128,0.1205548457801342,128,-0.12725871851071885,128,0.10619192942976952,128,-0.2713984818757609,128,0.5294683457772482,128,0.5721095502376556,128,0.029849618673324585,128,0.5044459700584412,128,0.5490539371967316,128,0.5643021464347839,128,-0.009241953492164612,128,0.0650358647108078,128,2.0,128
clean,0,11,9,0.17471162229776382,128,0.025437847711145878,128,-1.8723315050658016,128,0.01588732935488224,128,-2.368644384027652,128,0.17098917067050934,128,-0.06892188518969863,128,0.18786173313856125,128,0.04355785471631189,128,0.4925295252747933,128,0.27898576855659485,128,0.02909359335899353,128,0.27873310446739197,128,0.31243161857128143,128,0.32037340104579926,128,-0.04338556528091431,128,0.004375047981739044,128,5.0,128
clean,0,11,10,0.12569943815469742,128,0.02493146061897278,128,-1.5750280710271478,128,0.010505294892936945,128,-2.421889019942072,128,0.12257660925388336,128,-0.016806624888631588,128,0.08105464279651642,128,-0.371793276198361,128,0.8756450521124208,128,0.6251200139522552,128,0.01780635118484497,128,0.5072558224201202,128,0.5491139590740204,128,0.5665223598480225,128,0.054203033447265625,128,0.1099354475736618,128,8.0,128
clean,0,11,11,0.09559895470738411,128,0.004370647482573986,128,-2.962397750895751,128,0.0016706748865544796,128,-3.9828360649348413,128,0.08813055977225304,128,-0.04563853042710578,128,0.10839298367500305,128,0.16753292571187828,128,0.9710302849968415,128,0.7016810178756714,128,0.016238480806350708,128,0.5811493396759033,128,0.6354521214962006,128,0.6467041671276093,128,0.06975173950195312,128,0.11588045954704285,128,8.0,128
clean,0,12,0,0.07045074924826622,128,0.006967171560972929,128,-2.250530213307992,128,0.0032794317230582237,128,-3.024048621738321,128,0.058282189071178436,128,-0.1821789777969821,128,0.05000138655304909,128,-0.32911480823427053,128,0.7800651177203641,128,0.7422987520694733,128,0.02628880739212036,128,0.5759106278419495,128,0.6232603490352631,128,0.6334618330001831,128,0.10774189233779907,128,0.1465478241443634,128,2.0,128
clean,0,12,1,0.056356845423579216,128,0.0038052656454965472,128,-2.51053106687079,128,0.0013837870210409164,128,-3.579817835728875,128,0.05308938026428223,128,-0.03520491114498207,128,0.09279312193393707,128,0.5551639639696294,128,1.01410285189817,128,0.6692526340484619,128,0.020692050457000732,128,0.5170817971229553,128,0.5564782321453094,128,0.576526552438736,128,0.09540331363677979,128,0.1396511197090149,128,6.0,128
clean,0,12,2,0.08994080126285553,128,0.04102908447384834,128,-0.7703225214172782,128,0.020463591441512108,128,-1.4389093863016797,128,0.0878153145313263,128,-0.012686848143803232,128,0.027399021200835705,128,-1.190113026871084,128,0.653651095513089,128,0.006818350404500961,128,0.014880998060107231,128,0.0012646103277802467,128,0.027864165604114532,128,0.03834499046206474,128,-0.021760646253824234,128,0.005746589973568916,128,10.5,128
clean,0,12,3,0.16232606768608093,128,0.028093231841921806,128,-1.7466578053156823,128,0.021349173039197922,128,-1.9831671214540556,128,0.13606465607881546,128,-0.15397152041779152,128,0.13244742900133133,128,-0.1978808544037271,128,0.25328635010720457,128,0.5421298146247864,128,0.033347710967063904,128,0.4759666174650192,128,0.5409459173679352,128,0.5507484972476959,128,-0.0078005194664001465,128,0.0493185818195343,128,6.0,128
clean,0,12,4,0.08053437620401382,128,0.005028437124565244,128,-2.7481238278960918,128,0.0019343311432749033,128,-3.6951387048776736,128,0.07363457605242729,128,-0.06912578672795691,128,0.10315116494894028,128,0.29908313461230907,128,0.925984256066533,128,0.6674480438232422,128,0.02187579870223999,128,0.4971332401037216,128,0.5596149265766144,128,0.5796307325363159,128,0.08657926321029663,128,0.15571093559265137,128,4.0,128
clean,0,12,5,0.11242859438061714,128,0.007374253589659929,128,-2.6906599653464545,128,0.0025742831639945507,128,-3.6829489515564626,128,0.10849099978804588,128,0.01491648816971518,128,0.08085137233138084,128,-0.2426713651005003,128,0.9976010017484467,128,0.7099704146385193,128,0.019608348608016968,128,0.5717700719833374,128,0.6311018466949463,128,0.6400966346263885,128,0.06712937355041504,128,0.12376832962036133,128,7.0,128
clean,0,12,6,0.05330558493733406,128,0.011349155567586422,128,-1.5937614708892176,128,0.0037766239838674664,128,-2.566725050484753,128,0.03970617242157459,128,-0.32913550633380995,128,0.04452008940279484,128,-0.22083400895021837,128,0.9250006621851115,128,0.7327084541320801,128,0.022041380405426025,128,0.6850680410861969,128,0.7193609476089478,128,0.7283534407615662,128,0.004475325345993042,128,0.034544140100479126,128,3.0,128
clean,0,12,7,0.05562063120305538,128,0.009279535617679358,128,-1.740115873132054,128,0.006319619016721845,128,-2.0393859344471137,128,0.04005168750882149,128,-0.26414800251166015,128,0.047383762896060944,128,-0.12400896736351488,128,0.3067837399207094,128,0.6276376247406006,128,0.028036415576934814,128,0.559473842382431,128,0.5918662250041962,128,0.608556717634201,128,0.022608518600463867,128,0.060339540243148804,128,4.0,128
clean,0,12,8,0.08435788750648499,128,0.013206216040998697,128,-1.8061879990930987,128,0.010358307510614395,128,-2.117483126465178,128,0.07604453340172768,128,-0.1392769570544101,128,0.024719526059925556,128,-1.3271257237558005,128,0.29746647460780123,128,0.22849798947572708,128,0.02000703662633896,128,0.21146953850984573,128,0.24067240953445435,128,0.2536737769842148,128,-0.0261707603931427,128,0.011132746934890747,128,5.0,128
clean,0,12,9,0.09138482064008713,128,0.005946159129962325,128,-2.7284023071973396,128,0.0024717652704566717,128,-3.5770888919289403,128,0.06549655646085739,128,-0.3612914578004063,128,0.032132258638739586,128,-1.0509724077546334,128,0.8600137290791896,128,0.7649232745170593,128,0.014629840850830078,128,0.6877191066741943,128,0.7148464024066925,128,0.7251123487949371,128,0.03820997476577759,128,0.0747244656085968,128,3.0,128
clean,0,12,10,0.12113897502422333,128,0.057060567662119865,128,-0.754871565307597,128,0.0309048630297184,128,-1.3026766667155285,128,0.10754812508821487,128,-0.12665239792593413,128,0.05808410234749317,128,-0.6723158237547529,128,0.5751486167760862,128,0.635175347328186,128,0.025373518466949463,128,0.6079500913619995,128,0.6287668645381927,128,0.6507545709609985,128,-0.01130366325378418,128,0.043164342641830444,128,11.0,128
clean,0,12,11,0.0587067399173975,128,0.013145801611244678,128,-1.5397213082429868,128,0.0075005232356488705,128,-2.0576930468645536,128,0.04855013266205788,128,-0.17132832886496158,128,0.03032574150711298,128,-0.637687106238931,128,0.5821533335872051,128,0.677769660949707,128,0.03785747289657593,128,0.5566590130329132,128,0.6038692593574524,128,0.624896764755249,128,0.061185628175735474,128,0.11761316657066345,128,1.0,128
clean,0,13,0,0.0721539705991745,128,0.010921600740402937,128,-1.8106439185834446,128,0.005666899494826794,128,-2.5142536995439393,128,0.07393166050314903,128,0.013448420520172099,128,0.0510429535061121,128,-0.31273926141060504,128,0.764596998020008,128,0.4198576807975769,128,0.02450147271156311,128,0.31778496503829956,128,0.39832042157649994,128,0.42343027889728546,128,-0.005547434091567993,128,0.06687760353088379,128,4.0,128
clean,0,13,1,0.07151143252849579,128,0.003823464270681143,128,-2.8612476905040234,128,0.0016639804234728217,128,-3.6723993381505933,128,0.05868702195584774,128,-0.15401580131264248,128,0.0717969723045826,128,-0.0024911630768453723,128,0.7936776858321939,128,0.6233095228672028,128,0.02715173363685608,128,0.4794027507305145,128,0.527301549911499,128,0.5473602712154388,128,0.06818503141403198,128,0.12732690572738647,128,4.0,128
clean,0,13,2,0.06378764659166336,128,0.004803192336112261,128,-2.4936338724799922,128,0.0024744244292378426,128,-3.1895417946821762,128,0.05575266666710377,128,-0.108990228602104,128,0.10325194522738457,128,0.5071921538491884,128,0.6492462515728481,128,0.6679925620555878,128,0.022655248641967773,128,0.5216080546379089,128,0.5630561113357544,128,0.5766938030719757,128,0.08121412992477417,128,0.14033284783363342,128,3.0,128
clean,0,13,3,0.1243286058306694,128,0.009098580107092857,128,-2.582262640334199,128,0.003397866617888212,128,-3.5336373713297347,128,0.10935243591666222,128,-0.10112965747943008,128,0.08171731606125832,128,-0.3995948176834079,128,0.9660036017539744,128,0.5260651111602783,128,0.02663491666316986,128,0.4463779926300049,128,0.47946181893348694,128,0.5004483014345169,128,0.030169054865837097,128,0.08593487739562988,128,4.0,128
clean,0,13,4,0.08913107216358185,128,0.003901311312802136,128,-3.1254238571291504,128,0.0010509557905606925,128,-4.332171740242661,128,0.07954547181725502,128,-0.10473438180283479,128,0.08385804668068886,128,-0.040299210991740275,128,1.171181827350214,128,0.7347509264945984,128,0.015710145235061646,128,0.5690787136554718,128,0.5989556014537811,128,0.6128006875514984,128,0.10770291090011597,128,0.1510070413351059,128,4.0,128
clean,0,13,5,0.07792630046606064,128,0.0033489539055153728,128,-3.089570708405558,128,0.001801933627575636,128,-3.680731366794636,128,0.06954652070999146,128,-0.1031283621763783,128,0.06492755189538002,128,-0.17750241411211493,128,0.5602007372168456,128,0.7945403456687927,128,0.016260117292404175,128,0.6527949571609497,128,0.6873961389064789,128,0.6996158957481384,128,0.07972487807273865,128,0.1319272518157959,128,3.0,128
clean,0,13,6,0.09519264474511147,128,0.005702040158212185,128,-2.664101424336724,128,0.001753282267600298,128,-3.917740760235586,128,0.0835467204451561,128,-0.10035809624160363,128,0.07203924283385277,128,-0.220636222317886,128,1.0946897350789682,128,0.7089769542217255,128,0.016723304986953735,128,0.5675549507141113,128,0.5878011882305145,128,0.6122094392776489,128,0.08304643630981445,128,0.1299530565738678,128,4.0,128
clean,0,13,7,0.0654735192656517,128,0.0029220704454928637,128,-3.0481130074112293,128,0.0010155349737033248,128,-4.077988618185527,128,0.05559233017265797,128,-0.1563404019358012,128,0.06514638289809227,128,-0.035633278163675286,128,1.012458739639315,128,0.7286142706871033,128,0.021262317895889282,128,0.563972145318985,128,0.6027048230171204,128,0.6292675733566284,128,0.0993759036064148,128,0.16563665866851807,128,5.0,128
clean,0,13,8,0.0800369642674923,128,0.009081578347831964,128,-2.150299333022909,128,0.003170178853906691,128,-3.1416322985710954,128,0.062471020966768265,128,-0.25035206222491074,128,0.043239569291472435,128,-0.5796519405730471,128,0.9583262558488439,128,0.6186221241950989,128,0.023463129997253418,128,0.4757039397954941,128,0.5240996778011322,128,0.5431562960147858,128,0.07269290089607239,128,0.12274304032325745,128,4.0,128
clean,0,13,9,0.08231210708618164,128,0.0046544685028493404,128,-2.815852303673518,128,0.002029986120760441,128,-3.581657241010472,128,0.07937471941113472,128,-0.05753034011205277,128,0.06004474684596062,128,-0.3041495193456771,128,0.755725559785436,128,0.6814429759979248,128,0.021974563598632812,128,0.5611100196838379,128,0.6100569665431976,128,0.6286801099777222,128,0.05213698744773865,128,0.11221861839294434,128,5.0,128
clean,0,13,10,0.06329342350363731,128,0.002612199750728905,128,-3.2410255556845264,128,0.0011863666004501283,128,-3.8747577724963134,128,0.05858045630156994,128,-0.018111839436446127,128,0.10000058636069298,128,0.49084447136525705,128,0.6805496994251012,128,0.7473168671131134,128,0.014002442359924316,128,0.5850791931152344,128,0.6213513612747192,128,0.6435964703559875,128,0.10053250193595886,128,0.14722734689712524,128,4.0,128
clean,0,13,11,0.08223780989646912,128,0.02201586216688156,128,-1.2952572262108415,128,0.0073373226914554834,128,-2.3345640643959706,128,0.06996732577681541,128,-0.17314811099966915,128,0.03227958828210831,128,-0.9204003189088799,128,1.016982227541824,128,0.5877404510974884,128,0.02316012978553772,128,0.5140824913978577,128,0.5578338801860809,128,0.5664007067680359,128,0.01666666567325592,128,0.07526516914367676,128,2.5,128
clean,0,14,0,0.11834068223834038,128,0.01522724935784936,128,-1.9949840208068625,128,0.006630669813603163,128,-2.8224449790519364,128,0.10071824118494987,128,-0.17436933608384364,128,0.10693925619125366,128,-0.08235369953045917,128,0.8243133027555873,128,0.5603116750717163,128,0.0309465229511261,128,0.49861371517181396,128,0.5397649705410004,128,0.5534179508686066,128,0.001970916986465454,128,0.05339154601097107,128,2.5,128
clean,0,14,1,0.049157872796058655,128,0.003924522898159921,128,-2.5182402629870126,128,0.0013505516108125448,128,-3.517092306710273,128,0.04615902714431286,128,-0.08139293357246347,128,0.1157405935227871,128,0.8510211794783777,128,0.9711904315287854,128,0.6338253021240234,128,0.022888988256454468,128,0.502927303314209,128,0.5313372313976288,128,0.5502845048904419,128,0.08634498715400696,128,0.1400926113128662,128,5.0,128
clean,0,14,2,0.11756031587719917,128,0.006132621550932527,128,-2.9511743099359093,128,0.0020911915926262736,128,-3.963861462740483,128,0.09774908423423767,128,-0.16171373309965636,128,0.09787139296531677,128,-0.16933312504619474,128,0.9990123441864942,128,0.5665399432182312,128,0.028630882501602173,128,0.4000229984521866,128,0.44945281744003296,128,0.4677254259586334,128,0.10973022878170013,128,0.17207518219947815,128,5.0,128
clean,0,14,3,0.07555797696113586,128,0.008285564370453358,128,-2.150564846284019,128,0.006220596376806498,128,-2.400188977159645,128,0.06347694620490074,128,-0.13120856261171754,128,0.043762605637311935,128,-0.5474594823320023,128,0.32368856091515175,128,0.6320368647575378,128,0.023024052381515503,128,0.564244419336319,128,0.6069501340389252,128,0.6107756197452545,128,0.020174920558929443,128,0.06449395418167114,128,4.0,128
clean,0,14,4,0.17088917642831802,128,0.023710107430815697,128,-1.8729003644695128,128,0.011900983285158873,128,-2.539452156462638,128,0.17323197424411774,128,-0.08439043289950934,128,0.21876094490289688,128,0.20678153487595377,128,0.6845220862753716,128,0.22343634814023972,128,0.034770410507917404,128,0.2158239707350731,128,0.24998417496681213,128,0.2585109919309616,128,-0.04348750412464142,128,0.013645365834236145,128,8.0,128
clean,0,14,5,0.12855765968561172,128,0.027882905676960945,128,-1.4813208472740116,128,0.022335166111588478,128,-1.7615801704112264,128,0.09513101726770401,128,-0.3126999581772142,128,0.046208351850509644,128,-1.0244109108234591,128,0.2766705636049638,128,0.5570448338985443,128,0.03748275339603424,128,0.4782830625772476,128,0.544392853975296,128,0.5659576058387756,128,-0.010408386588096619,128,0.06031973659992218,128,4.0,128
clean,0,14,6,0.1257106140255928,128,0.007711709942668676,128,-2.7690527221824244,128,0.003834012895822525,128,-3.4808920568177544,128,0.11309853196144104,128,-0.0990978293442473,128,0.11536554247140884,128,-0.07668366884236674,128,0.7080779284405008,128,0.6443880796432495,128,0.025909483432769775,128,0.5713473856449127,128,0.6116701066493988,128,0.6253354251384735,128,0.027319714426994324,128,0.08045026659965515,128,4.0,128
clean,0,14,7,0.07264543697237968,128,0.006539588328450918,128,-2.384550772495971,128,0.0020193475065752864,128,-3.5627444006418143,128,0.06520522013306618,128,-0.11541306727010196,128,0.10334881767630577,128,0.3531600105399224,128,1.148888122816792,128,0.6421329975128174,128,0.021352410316467285,128,0.5098168849945068,128,0.5473669767379761,128,0.5618340373039246,128,0.07751831412315369,128,0.13246220350265503,128,3.0,128
clean,0,14,8,0.08190048858523369,128,0.020861388184130192,128,-1.352500578431822,128,0.015598159283399582,128,-1.6507609069860667,128,0.06481276452541351,128,-0.23302473911747937,128,0.05001800321042538,128,-0.5068666083427074,128,0.31797215038023546,128,0.6962995529174805,128,0.02485474944114685,128,0.6428990662097931,128,0.6767653226852417,128,0.6908126473426819,128,0.008476287126541138,128,0.05133792757987976,128,5.0,128
clean,0,14,9,0.10961383208632469,128,0.009492458309978247,128,-2.421942343743421,128,0.0055879594292491674,128,-2.9379946544445192,128,0.09539314359426498,128,-0.1073854363049947,128,0.08921137824654579,128,-0.18739958486617478,128,0.5375899264392916,128,0.612511932849884,128,0.02643674612045288,128,0.47295381128787994,128,0.5285708904266357,128,0.5461862087249756,128,0.06591293215751648,128,0.14305707812309265,128,6.0,128
clean,0,14,10,0.07855229079723358,128,0.012129178736358881,128,-1.9105418536487053,128,0.009889163542538881,128,-2.080110550377937,128,0.061906199902296066,128,-0.20205618363652617,128,0.04422369413077831,128,-0.584296052839127,128,0.23552066952214573,128,0.5910221040248871,128,0.02169083058834076,128,0.48208990693092346,128,0.538522481918335,128,0.5572486519813538,128,0.03161182999610901,128,0.09821701049804688,128,5.0,128
clean,0,14,11,0.0768875926733017,128,0.007150281453505158,128,-2.330849714917087,128,0.0020161840366199613,128,-3.5824445494686947,128,0.07772435247898102,128,0.015558879327123139,128,0.06945682689547539,128,-0.04713896940268148,128,1.1798581134908128,128,0.7146129608154297,128,0.018165677785873413,128,0.5854208469390869,128,0.6084086298942566,128,0.6304341852664948,128,0.08769473433494568,128,0.1434619128704071,128,5.0,128
clean,0,15,0,0.10385040938854218,128,0.005882904166355729,128,-2.8344975893768574,128,0.0016528238775208592,128,-4.067989694323059,128,0.09309029951691628,128,-0.11249909349517596,128,0.10502719506621361,128,0.01088497037565315,128,1.2105934401689833,128,0.5985784828662872,128,0.027256906032562256,128,0.4381564259529114,128,0.5054267942905426,128,0.5181415379047394,128,0.09070219099521637,128,0.1721428632736206,128,4.0,128
clean,0,15,1,0.07446298003196716,128,0.003738384461030364,128,-3.0572878170016895,128,0.002072730101644993,128,-3.5138411799938103,128,0.08535521104931831,128,0.08280173206416885,128,0.07174087688326836,128,-0.0963889572060034,128,0.5464809599718092,128,0.688922643661499,128,0.016847670078277588,128,0.5032382607460022,128,0.5422336757183075,128,0.5684633553028107,128,0.11713051795959473,128,0.16226911544799805,128,5.0,128
clean,0,15,2,0.07029528543353081,128,0.002434834255836904,128,-3.3547051476890486,128,0.0012989741517230868,128,-3.909259337646647,128,0.06163569167256355,128,-0.13055669508193699,128,0.08968164026737213,128,0.2739235825545433,128,0.6303320057770223,128,0.7015451490879059,128,0.01832309365272522,128,0.5252906084060669,128,0.5606973469257355,128,0.5856099724769592,128,0.11362355947494507,128,0.15941685438156128,128,4.0,128
clean,0,15,3,0.08300738036632538,128,0.00438528717495501,128,-2.8184049866943406,128,0.001991549739614129,128,-3.6040421820001454,128,0.07630014047026634,128,-0.03299245020728936,128,0.1420111134648323,128,0.537840750231717,128,0.7975574891749235,128,0.6179312467575073,128,0.021119624376296997,128,0.45854370296001434,128,0.517304539680481,128,0.5365966856479645,128,0.08826175332069397,128,0.15211760997772217,128,6.0,128
clean,0,15,4,0.11176732927560806,128,0.003750480944290757,128,-3.362490010311899,128,0.0020800057100132108,128,-3.903421858149025,128,0.12051685526967049,128,0.008029075552687483,128,0.07357290759682655,128,-0.41970179223382975,128,0.5601857231313214,128,0.5184906721115112,128,0.02273765206336975,128,0.3841143846511841,128,0.44380663335323334,128,0.4593421071767807,128,0.06373253464698792,128,0.13694477081298828,128,8.0,128
clean,0,15,5,0.09888656809926033,128,0.006008687429130077,128,-2.7772214320717072,128,0.0017600349965505302,128,-3.952391097113356,128,0.08442626520991325,128,-0.11029252323962373,128,0.07812095806002617,128,-0.22381571560127284,128,1.1435178618706225,128,0.6888067424297333,128,0.0256040096282959,128,0.5313579738140106,128,0.5721659064292908,128,0.5928088426589966,128,0.09499192237854004,128,0.15144425630569458,128,2.0,128
clean,0,15,6,0.1010173074901104,128,0.00306117522995919,128,-3.4532951050893645,128,0.001189642702229321,128,-4.38304232367004,128,0.09966116398572922,128,-0.012334479793878656,128,0.08847843110561371,128,-0.12110496938462355,128,0.8844629805911859,128,0.6655550599098206,128,0.025987297296524048,128,0.48624612390995026,128,0.5810784101486206,128,0.5964634120464325,128,0.062258630990982056,128,0.17246834933757782,128,6.0,128
clean,0,15,7,0.05585011467337608,128,0.0031211330788210034,128,-2.8283848729104015,128,0.0011646889615803957,128,-3.7482875472343613,128,0.0576799102127552,128,0.00026819507250007223,128,0.12273892760276794,128,0.8219216424613491,128,0.8384204446004857,128,0.6427936851978302,128,0.025198698043823242,128,0.373131200671196,128,0.4435426890850067,128,0.4685467481613159,128,0.16578954458236694,128,0.24942919611930847,128,3.0,128
clean,0,15,8,0.17974349856376648,128,0.03237849846482277,128,-1.701403581752873,128,0.02225598879158497,128,-2.0979794892418697,128,0.14422079175710678,128,-0.19204861962366904,128,0.1337243616580963,128,-0.2928924694865565,128,0.3677549983168098,128,0.45393919944763184,128,0.04281812906265259,128,0.42780691385269165,128,0.47063350677490234,128,0.4822261184453964,128,-0.0266229510307312,128,0.03085187077522278,128,13.0,128
clean,0,15,9,0.13115225732326508,128,0.019893926568329334,128,-1.9182866830867544,128,0.004961864091455936,128,-3.245937237361261,128,0.1474486067891121,128,0.0990942827986038,128,0.09128540754318237,128,-0.3374308165980018,128,1.3690727877769286,128,0.6296747922897339,128,0.020886152982711792,128,0.4712882786989212,128,0.5164364576339722,128,0.528894454240799,128,0.09435638785362244,128,0.14907002449035645,128,6.0,128
clean,0,15,10,0.11033939197659492,128,0.015069304965436459,128,-1.983493501101734,128,0.004155717324465513,128,-3.266799179690317,128,0.09659340232610703,128,-0.13150745406841655,128,0.07163244858384132,128,-0.4598727874123009,128,1.3145377965766019,128,0.6022886633872986,128,0.02196761965751648,128,0.48448777198791504,128,0.5129691362380981,128,0.5385016798973083,128,0.05310767889022827,128,0.10944533348083496,128,3.5,128
clean,0,15,11,0.11692250892519951,128,0.009022689424455166,128,-2.5244218852676874,128,0.005160192493349314,128,-3.0991164773656994,128,0.08480146154761314,128,-0.3402637441139033,128,0.050342174246907234,128,-0.8271939991686079,128,0.5938866789251488,128,0.606535941362381,128,0.02335822582244873,128,0.5119825899600983,128,0.5516020357608795,128,0.5665999054908752,128,0.03863301873207092,128,0.09593167901039124,128,3.0,128
clean,0,16,0,0.05360526032745838,128,0.003771122661419213,128,-2.666549637042979,128,0.0015826878952793777,128,-3.4350794628563293,128,0.04766874387860298,128,-0.15046948215316136,128,0.053504932671785355,128,0.016531903809661595,128,0.7050810347693666,128,0.6706593036651611,128,0.01976373791694641,128,0.550857812166214,128,0.5769787728786469,128,0.5992978811264038,128,0.05978158116340637,128,0.0997505784034729,128,6.0,128
clean,0,16,1,0.06949179992079735,128,0.009304503910243511,128,-2.0574829674988626,128,0.0029636207036674023,128,-3.0973142398259963,128,0.06680293753743172,128,-0.07302909738796087,128,0.06842881441116333,128,0.03769450974407878,128,1.0572956033018424,128,0.676405668258667,128,0.0197829008102417,128,0.4783148765563965,128,0.5204552114009857,128,0.5434669852256775,128,0.11861345171928406,128,0.1602301299571991,128,4.0,128
clean,0,16,2,0.06659238785505295,128,0.018757778219878674,128,-1.2035384204727246,128,0.012089953292161226,128,-1.6879108281983672,128,0.05172594636678696,128,-0.23185954950218424,128,0.03111498337239027,128,-0.6595384728475584,128,0.4694376584145956,128,0.6032847762107849,128,0.021034687757492065,128,0.5019018650054932,128,0.5710668861865997,128,0.5807978510856628,128,0.01950111985206604,128,0.0834360420703888,128,4.0,128
clean,0,16,3,0.09888815134763718,128,0.009776473976671696,128,-2.339917922510993,128,0.0020464530680328608,128,-3.878191983382087,128,0.09096730872988701,128,-0.10160005249515794,128,0.08205275237560272,128,-0.21962957662362181,128,1.4732822145186941,128,0.5475259721279144,128,0.028097301721572876,128,0.40803349018096924,128,0.4440700113773346,128,0.46349184215068817,128,0.0861377865076065,128,0.14338535070419312,128,8.5,128
clean,0,16,4,0.11639026179909706,128,0.007468029158189893,128,-2.7286622701888614,128,0.0032724131597205997,128,-3.484888626099398,128,0.08844679966568947,128,-0.2667525775020637,128,0.05236530862748623,128,-0.7909036711817199,128,0.7187072806993434,128,0.701554000377655,128,0.01866048574447632,128,0.609169065952301,128,0.6389282643795013,128,0.650824248790741,128,0.04820403456687927,128,0.0922267735004425,128,2.0,128
clean,0,16,5,0.06650101020932198,128,0.011523727793246508,128,-1.7312403326366073,128,0.005005568731576204,128,-2.527085631557564,128,0.054656073451042175,128,-0.19739691263528875,128,0.05657615140080452,128,-0.15566615302783632,128,0.8155286876265175,128,0.7097546756267548,128,0.019621551036834717,128,0.6056032776832581,128,0.6369306147098541,128,0.6541367471218109,128,0.051871538162231445,128,0.09800800681114197,128,3.0,128
clean,0,16,6,0.08861442655324936,128,0.022323097102344036,128,-1.363925010911443,128,0.012498939409852028,128,-1.9494534791699039,128,0.07347511872649193,128,-0.14632028833168917,128,0.03349091857671738,128,-0.9818165624266417,128,0.580026540029291,128,0.4236123412847519,128,0.028310805559158325,128,0.3883553147315979,128,0.4269627332687378,128,0.43735450506210327,128,-0.00995686650276184,128,0.05110177397727966,128,7.0,128
clean,0,16,7,0.11102953553199768,128,0.01131107984110713,128,-2.257689232254405,128,0.0027443229919299483,128,-3.6414701729829355,128,0.09583305940032005,128,-0.14079985353880134,128,0.10269507393240929,128,-0.057822570859265794,128,1.3293418331137046,128,0.642963707447052,128,0.023838520050048828,128,0.45738206803798676,128,0.48604488372802734,128,0.5127164721488953,128,0.11206984519958496,128,0.16990478336811066,128,4.0,128
clean,0,16,8,0.12449732050299644,128,0.014922658447176218,128,-2.0995820357823174,128,0.006083622807636857,128,-3.014725804645715,128,0.0931788720190525,128,-0.2730131620091054,128,0.08997106552124023,128,-0.23007291666038188,128,0.8518212411847335,128,0.6157627403736115,128,0.024189621210098267,128,0.4921836704015732,128,0.5576775670051575,128,0.5658437311649323,128,0.04798927903175354,128,0.11296772956848145,128,2.0,128
clean,0,16,9,0.05640161782503128,128,0.01635988149791956,128,-1.2813361540072439,128,0.007928009610623121,128,-1.8532602440522479,128,0.04713180847465992,128,-0.20127777007204836,128,0.027402058243751526,128,-0.8400535307015917,128,0.5830002578727838,128,0.552107185125351,128,0.02693834900856018,128,0.463735893368721,128,0.5145238935947418,128,0.5400095880031586,128,0.018749356269836426,128,0.07449313998222351,128,9.0,128
clean,0,16,10,0.0912824496626854,128,0.004398275166749954,128,-3.0151726394746827,128,0.0013196880463510752,128,-4.151132609662511,128,0.08321651816368103,128,-0.09980555489027951,128,0.09764591231942177,128,0.133177715046284,128,1.1160685571774818,128,0.7139156758785248,128,0.01942448318004608,128,0.5284037292003632,128,0.5646293461322784,128,0.5885235667228699,128,0.1213960349559784,128,0.1802920252084732,128,4.0,128
clean,0,16,11,0.14816667139530182,128,0.006921483436599374,128,-3.0088852815936926,128,0.0030076258117333055,128,-3.837274287761014,128,0.13925879448652267,128,-0.02370970390608835,128,0.15350667387247086,128,0.0319141669195572,128,0.8734681658092041,128,0.47554102540016174,128,0.02656756341457367,128,0.3615407198667526,128,0.4323959946632385,128,0.4437127858400345,128,0.018765538930892944,128,0.09859083592891693,128,9.0,128
clean,0,17,0,0.15668896585702896,128,0.007122323615476489,128,-3.085674381275042,128,0.0024445136077702045,128,-4.107328825148862,128,0.12930402904748917,128,-0.15929142250800704,128,0.12212209776043892,128,-0.2816286382459907,128,0.9611655321722115,128,0.7372329235076904,128,0.019006162881851196,128,0.5987740159034729,128,0.6131188869476318,128,0.6327283084392548,128,0.08510667085647583,128,0.1288832724094391,128,2.0,128
clean,0,17,1,0.12015299499034882,128,0.033455368131399155,128,-1.2587263719129318,128,0.01936015672981739,128,-1.8203625392623177,128,0.0991421788930893,128,-0.1393662174119573,128,0.03332327865064144,128,-1.2598580276061941,128,0.502034448804097,128,0.7615594863891602,128,0.01959407329559326,128,0.6937411427497864,128,0.7186281681060791,128,0.728310614824295,128,0.028248131275177002,128,0.05933961272239685,128,5.0,128
clean,0,17,2,0.23256094008684158,128,0.013337611220777035,128,-2.876533738422091,128,0.008555257692933083,128,-3.3301390437115206,128,0.15271085500717163,128,-0.39716481688578764,128,0.23786740005016327,128,-0.0694450255781667,128,0.4260052029652983,128,0.605999231338501,128,0.028297483921051025,128,0.5805100798606873,128,0.6258043646812439,128,0.6347827911376953,128,-0.027672559022903442,128,0.03064391016960144,128,4.0,128
clean,0,17,3,0.0758911557495594,128,0.011669643688946962,128,-1.8870290438051112,128,0.005721332272514701,128,-2.6381592531057114,128,0.06050654128193855,128,-0.22629209302878722,128,0.02068878896534443,128,-1.2352086865048477,128,0.6287901002433943,128,0.6072328686714172,128,0.01658862829208374,128,0.582687497138977,128,0.6210852861404419,128,0.6243301033973694,128,-0.016037166118621826,128,0.015482723712921143,128,6.0,128
clean,0,17,4,0.13035192340612411,128,0.014574477449059486,128,-2.2259758344694367,128,0.007527057779952884,128,-2.833934949381168,128,0.11431887373328209,128,-0.10367745409880766,128,0.03165554441511631,128,-1.433683815997668,128,0.558716384680989,128,0.7491495013237,128,0.015438109636306763,128,0.695522129535675,128,0.7136795520782471,128,0.7227026224136353,128,0.0228613018989563,128,0.052567511796951294,128,4.0,128
clean,0,17,5,0.10301106423139572,128,0.013362467288970947,128,-1.9980740791295761,128,0.007289415458217263,128,-2.586639671004687,128,0.08475974574685097,128,-0.1604672785479625,128,0.025891348719596863,128,-1.373243221614241,128,0.5390096238091284,128,0.688065379858017,128,0.021558910608291626,128,0.6679995059967041,128,0.6978816986083984,128,0.7022473514080048,128,-0.02218148112297058,128,0.01987069845199585,128,12.0,128
clean,0,17,6,0.15424467623233795,128,0.006101700942963362,128,-3.231536595197708,128,0.00340267235878855,128,-3.8333247910791215,128,0.13024061173200607,128,-0.160354962275841,128,0.09908676892518997,128,-0.5040070785970165,128,0.4949533388995427,128,0.64002326130867,128,0.029354393482208252,128,0.4904545545578003,128,0.5397275984287262,128,0.5543299913406372,128,0.0763656497001648,128,0.1558748483657837,128,3.0,128
clean,0,17,7,0.1050446443259716,128,0.017191946506500244,128,-1.7321192173727504,128,0.008061561267822981,128,-2.5009168083877054,128,0.08818411827087402,128,-0.20547215390488846,128,0.02158708404749632,128,-1.4906190320091133,128,0.6211806010235892,128,0.6403569281101227,128,0.018541961908340454,128,0.6073653101921082,128,0.6371938288211823,128,0.6511876583099365,128,-0.010377615690231323,128,0.020261496305465698,128,6.0,128
clean,0,17,8,0.07212185114622116,128,0.009043605998158455,128,-2.042662066162321,128,0.004420208046212792,128,-2.756882330342819,128,0.061842724680900574,128,-0.17195845712626162,128,0.019646727479994297,128,-1.3053209902526977,128,0.5767435732579598,128,0.6919935643672943,128,0.015856102108955383,128,0.6688201725482941,128,0.7302252054214478,128,0.735954612493515,128,-0.03479531407356262,128,0.012146443128585815,128,4.0,128
clean,0,17,9,0.053846575319767,128,0.00704094092361629,128,-1.9991625022127324,128,0.004563233116641641,128,-2.436400435890212,128,0.046054961159825325,128,-0.1472517440814767,128,0.07491952925920486,128,0.37521031437443325,128,0.44012879846057396,128,0.6449883282184601,128,0.02001255750656128,128,0.44426704943180084,128,0.49940504133701324,128,0.5206111669540405,128,0.12702476978302002,128,0.19413256645202637,128,4.5,128
clean,0,17,10,0.07579123228788376,128,0.011769565287977457,128,-1.871963232760824,128,0.0039002964040264487,128,-2.974224192034587,128,0.06458987295627594,128,-0.18233884847913584,128,0.02697925642132759,128,-1.0294972517047007,128,1.0055740433635785,128,0.7665916085243225,128,0.017903268337249756,128,0.7013617753982544,128,0.7385666370391846,128,0.7459372878074646,128,0.013269752264022827,128,0.04626062512397766,128,2.0,128
clean,0,17,11,0.09766516089439392,128,0.00740266009233892,128,-2.58776128060282,128,0.0029023437527939677,128,-3.457037935453656,128,0.08651038631796837,128,-0.13749925401888335,128,0.0604687575250864,128,-0.4714886665337693,128,0.8236338149848145,128,0.7645166218280792,128,0.014680325984954834,128,0.6803463101387024,128,0.7024358808994293,128,0.7144257426261902,128,0.04761165380477905,128,0.07966038584709167,128,4.0,128
clean,0,18,0,0.23649876564741135,128,0.015406835824251175,128,-2.667862592387817,128,0.007708044722676277,128,-3.3790027440754447,128,0.21384095400571823,128,0.030313596849765933,128,0.6814640164375305,128,1.0234604647256322,128,0.6845755539143032,128,0.38372913002967834,128,0.0259532630443573,128,0.27676840126514435,128,0.32746291160583496,128,0.3458094298839569,128,0.03339278697967529,128,0.09217770397663116,128,6.5,128
clean,0,18,1,0.1728561744093895,128,0.007328659296035767,128,-3.206217362006118,128,0.0036615236895158887,128,-3.839062132639785,128,0.11208838224411011,128,-0.40224430274849166,128,0.0937608890235424,128,-0.5793649837022632,128,0.653453693800522,128,0.6990891396999359,128,0.023262321949005127,128,0.4788348227739334,128,0.5248609185218811,128,0.546046793460846,128,0.13282763957977295,128,0.2070835381746292,128,2.0,128
clean,0,18,2,0.1851724162697792,128,0.009433327708393335,128,-2.987372386613277,128,0.0053897162433713675,128,-3.5761798340738995,128,0.1299780160188675,128,-0.38495928381989564,128,0.09854041039943695,128,-0.6836024190178248,128,0.48783193503105987,128,0.6513206660747528,128,0.023788034915924072,128,0.4653235822916031,128,0.5161606669425964,128,0.5307331085205078,128,0.10777142643928528,128,0.16749423742294312,128,3.0,128
clean,0,18,3,0.22223114967346191,128,0.008299426175653934,128,-3.315594201415527,128,0.005321940872818232,128,-3.7855528767147435,128,0.16537252068519592,128,-0.3181512219362167,128,0.16217327862977982,128,-0.3667168823027333,128,0.48615432763910216,128,0.6158261299133301,128,0.025608614087104797,128,0.4098682403564453,128,0.47312840819358826,128,0.4930479824542999,128,0.11121121048927307,128,0.18701553344726562,128,3.0,128
clean,0,18,4,0.06655776873230934,128,0.0042631058022379875,128,-2.7204579288426753,128,0.0014866149285808206,128,-3.802731536487329,128,0.05447733215987682,128,-0.22833839018192176,128,0.054779669269919395,128,-0.21793507531239817,128,1.0541816776084731,128,0.6131516098976135,128,0.027630656957626343,128,0.4228965640068054,128,0.4745904356241226,128,0.510727047920227,128,0.09839014708995819,128,0.1673886775970459,128,3.0,128
clean,0,18,5,0.1922692283987999,128,0.007552559254691005,128,-3.2345979945749295,128,0.0037407068302854896,128,-3.903921465533249,128,0.1332099288702011,128,-0.2893507995117547,128,0.09500677511096,128,-0.7790333445849045,128,0.6596328347233433,128,0.7009131014347076,128,0.02496170997619629,128,0.5173346996307373,128,0.5609432756900787,128,0.5753206312656403,128,0.11680090427398682,128,0.17109355330467224,128,2.0,128
clean,0,18,6,0.25608859956264496,128,0.015132484957575798,128,-2.8374325164720196,128,0.0071091437712311745,128,-3.4553530875545393,128,0.19916469603776932,128,-0.22560726096054412,128,0.19357693195343018,128,-0.32471069353579424,128,0.6557848230203465,128,0.6207140684127808,128,0.023645758628845215,128,0.4877244383096695,128,0.5351846516132355,128,0.5586528778076172,128,0.06300842761993408,128,0.12139186263084412,128,7.0,128
clean,0,18,7,0.24664144217967987,128,0.009608205407857895,128,-3.2643309073984628,128,0.004700318444520235,128,-3.984689559432967,128,0.19561276584863663,128,-0.22402664008087705,128,0.20505797117948532,128,-0.2971548448303727,128,0.6889512058518843,128,0.5750546753406525,128,0.02316144108772278,128,0.40904654562473297,128,0.4657805860042572,128,0.4817282110452652,128,0.08166384696960449,128,0.1838136613368988,128,4.0,128
clean,0,18,8,0.1777319833636284,128,0.008076191414147615,128,-3.064866895571985,128,0.003981678979471326,128,-3.7069878233436904,128,0.11974426358938217,128,-0.34858792159884355,128,0.11166823282837868,128,-0.4605323417446879,128,0.6573985884454152,128,0.702487975358963,128,0.020399540662765503,128,0.5461241006851196,128,0.5920592546463013,128,0.6084156632423401,128,0.08408567309379578,128,0.1445508450269699,128,5.0,128
clean,0,18,9,0.15708523243665695,128,0.011746007017791271,128,-2.655874170511991,128,0.008147476706653833,128,-3.024040533792535,128,0.14405479282140732,128,-0.08840737505085737,128,0.07792273536324501,128,-0.6837308571877494,128,0.34143350143553763,128,0.5262147784233093,128,0.023061543703079224,128,0.4656338095664978,128,0.5031526386737823,128,0.5251116156578064,128,0.00680813193321228,128,0.050979018211364746,128,14.0,128
clean,0,18,10,0.10260288417339325,128,0.008984275162220001,128,-2.462936129505084,128,0.0043745324946939945,128,-3.1648336133752,128,0.08652830868959427,128,-0.14525655160547113,128,0.04544035531580448,128,-0.8687587120392999,128,0.7170922759259253,128,0.586913526058197,128,0.021329104900360107,128,0.44764989614486694,128,0.49881549179553986,128,0.5196329057216644,128,0.0524543821811676,128,0.12749294936656952,128,6.0,128
clean,0,18,11,0.14423099905252457,128,0.006145840743556619,128,-3.146489236033556,128,0.0035577607341110706,128,-3.692186450261774,128,0.09740985557436943,128,-0.3512255063594828,128,0.09345399588346481,128,-0.5435040328714063,128,0.5298095752472369,128,0.6178975105285645,128,0.0268392413854599,128,0.4408053159713745,128,0.4871792197227478,128,0.508722335100174,128,0.09600025415420532,128,0.15212321281433105,128,2.0,128
clean,0,19,0,0.1491367518901825,128,0.012954397592693567,128,-2.5200305693281773,128,0.004399282392114401,128,-3.4216852517290035,128,0.15317755937576294,128,0.09232689039700417,128,0.2143363133072853,128,0.34247334386034944,128,1.0128820075502145,128,0.4413619190454483,128,0.03015364706516266,128,0.31428441405296326,128,0.37435950338840485,128,0.401631236076355,128,0.02981613576412201,128,0.1192336305975914,128,7.0,128
clean,0,19,1,0.06262020952999592,128,0.00902646966278553,128,-1.9740918576902007,128,0.0027746378909796476,128,-3.0712257244065717,128,0.052320972084999084,128,-0.2156311265681588,128,0.030631582252681255,128,-0.7141350152475001,128,1.1557205856741004,128,0.661085307598114,128,0.02267572283744812,128,0.5743175745010376,128,0.6281738579273224,128,0.6374755799770355,128,0.027357131242752075,128,0.0876041054725647,128,4.0,128
clean,0,19,2,0.1131235733628273,128,0.013559389393776655,128,-2.1429869787284783,128,0.008764855097979307,128,-2.4470384984431455,128,0.10381076484918594,128,-0.0853692541456028,128,0.03351796790957451,128,-1.0469372151164866,128,0.3948399351591987,128,0.3593059778213501,128,0.011992678046226501,128,0.34674686193466187,128,0.37475916743278503,128,0.37936821579933167,128,-0.020107567310333252,128,0.007840007543563843,128,8.0,128
clean,0,19,3,0.12149127200245857,128,0.004832513863220811,128,-3.248446383426906,128,0.0018954601837322116,128,-4.082155170242142,128,0.09535731002688408,128,-0.17102077178188524,128,0.08662597090005875,128,-0.3809516226745643,128,0.826227804142629,128,0.6123804450035095,128,0.0249740332365036,128,0.44392991065979004,128,0.48750120401382446,128,0.5088834464550018,128,0.10456345975399017,128,0.15898671746253967,128,4.0,128
clean,0,19,4,0.06846852228045464,128,0.012186449486762285,128,-1.656063836986853,128,0.005310129607096314,128,-2.5758212906280376,128,0.05481615662574768,128,-0.2598093453519979,128,0.018813956528902054,128,-1.3429049589503632,128,0.8110098074585097,128,0.6760875880718231,128,0.010870128870010376,128,0.6316008865833282,128,0.655281275510788,128,0.6640888452529907,128,0.0007659494876861572,128,0.03700205683708191,128,6.0,128
clean,0,19,5,0.10539405047893524,128,0.02704118937253952,128,-1.360717663218825,128,0.006925636203959584,128,-2.7757698817254775,128,0.07562229037284851,128,-0.32409548033404567,128,0.03702094592154026,128,-1.0153275200555365,128,1.4152932463140804,128,0.724610835313797,128,0.018330633640289307,128,0.634268194437027,128,0.6762562394142151,128,0.6897114217281342,128,0.03553122282028198,128,0.08187198638916016,128,2.0,128
clean,0,19,6,0.14605675637722015,128,0.006317049497738481,128,-3.0900072310681272,128,0.0038863057270646095,128,-3.6328305525788185,128,0.11909512057900429,128,-0.19668802818696016,128,0.09508455544710159,128,-0.3950612297354448,128,0.5071104114040855,128,0.7613094747066498,128,0.015221893787384033,128,0.6151544749736786,128,0.657515823841095,128,0.6732139885425568,128,0.0768151581287384,128,0.13884016871452332,128,3.0,128
clean,0,19,7,0.17596322298049927,128,0.019404282793402672,128,-2.2470765178216436,128,0.007332342443987727,128,-3.2184439033050127,128,0.11071543768048286,128,-0.3926495203761339,128,0.054762911051511765,128,-1.1724828130415004,128,0.9406874266366998,128,0.5648031830787659,128,0.027835696935653687,128,0.48613929748535156,128,0.5209606289863586,128,0.5349857807159424,128,0.038933008909225464,128,0.09942962229251862,128,3.0,128
clean,0,19,8,0.13314536958932877,128,0.011090360581874847,128,-2.537679099520374,128,0.003282741061411798,128,-3.756214836057044,128,0.1382536068558693,128,0.03070338679950948,128,0.04997437261044979,128,-1.0045149710945567,128,1.206658418193894,128,0.7243764102458954,128,0.016842573881149292,128,0.6398770809173584,128,0.6787116825580597,128,0.6886073350906372,128,0.02976691722869873,128,0.07812246680259705,128,5.0,128
clean,0,19,9,0.08635157719254494,128,0.005504890810698271,128,-2.7473131273421654,128,0.002016243524849415,128,-3.6615637684060323,128,0.06644769012928009,128,-0.2585152591370595,128,0.04131865315139294,128,-0.7629630119527558,128,0.9033901613081721,128,0.740225613117218,128,0.023166656494140625,128,0.5977066457271576,128,0.6264871954917908,128,0.6432085335254669,128,0.08702823519706726,128,0.14536309242248535,128,2.0,128
clean,0,19,10,0.15202749520540237,128,0.04439801909029484,128,-1.275123572376175,128,0.03016811702400446,128,-1.6461744105001688,128,0.13736176490783691,128,-0.09781460821469999,128,0.04618963412940502,128,-1.2276326077058448,128,0.3767191147221509,128,0.4932538866996765,128,0.09181185066699982,128,0.44162313640117645,128,0.4881446361541748,128,0.5005842745304108,128,-0.0157996267080307,128,0.045116350054740906,128,5.0,128
clean,0,19,11,0.0692577213048935,128,0.0042039440013468266,128,-2.787854553572625,128,0.0021536259446293116,128,-3.4863253838664736,128,0.04688225872814655,128,-0.2861004434927548,128,0.03202941082417965,128,-0.7711141685017793,128,0.6207086263002188,128,0.647628664970398,128,0.021955013275146484,128,0.5393410921096802,128,0.5793805718421936,128,0.5998253524303436,128,0.04574859142303467,128,0.0966571569442749,128,4.0,128
clean,0,20,0,0.11221075057983398,128,0.005021941848099232,128,-3.034160648996604,128,0.002510456368327141,128,-3.6890487652183257,128,0.0752645879983902,128,-0.30904581738847037,128,0.038927072659134865,128,-1.0985477512847548,128,0.6761179185412515,128,0.7458429932594299,128,0.022358745336532593,128,0.5885732173919678,128,0.6305536329746246,128,0.6383392214775085,128,0.10106292366981506,128,0.15276682376861572,128,2.0,128
clean,0,20,1,0.11857305839657784,128,0.03455575369298458,128,-1.2134418455201235,128,0.024028994143009186,128,-1.5810849589464109,128,0.11966756731271744,128,-0.06214951397650282,128,0.025177599862217903,128,-1.519519346118083,128,0.42292710568902603,128,0.7127785384654999,128,0.014179140329360962,128,0.7048274576663971,128,0.7195195257663727,128,0.7243938744068146,128,-0.00927060842514038,128,0.007350355386734009,128,6.0,128
clean,0,20,2,0.15205124765634537,128,0.05977591685950756,128,-0.9753454557054567,128,0.044835785403847694,128,-1.195511322694352,128,0.13193461298942566,128,-0.11202238843370343,128,0.05051715299487114,128,-1.08574184710156,128,0.25900968143914727,128,0.6835532784461975,128,0.03385716676712036,128,0.6393818855285645,128,0.6665839850902557,128,0.6699049770832062,128,0.008488863706588745,128,0.040153563022613525,128,12.0,128
clean,0,20,3,0.09609178081154823,128,0.039954762905836105,128,-0.8793175879295394,128,0.021411794237792492,128,-1.5285125533397144,128,0.09368332102894783,128,-0.03534760450871097,128,0.023135420866310596,128,-1.3691126924600772,128,0.6256608931893203,128,0.6386695802211761,128,0.021772563457489014,128,0.6280536353588104,128,0.6442956328392029,128,0.6539450585842133,128,-0.012963324785232544,128,0.005886584520339966,128,11.0,128
clean,0,20,4,0.06729314103722572,128,0.004533104365691543,128,-2.6962424932436715,128,0.0022982576629146934,128,-3.2742800412877298,128,0.054417625069618225,128,-0.23927857726202045,128,0.0547788180410862,128,-0.20895148921644172,128,0.6015910293890778,128,0.6843463480472565,128,0.02711161971092224,128,0.4984223544597626,128,0.5371977984905243,128,0.5597208440303802,128,0.12922948598861694,128,0.1903814822435379,128,3.0,128
clean,0,20,5,0.11616744101047516,128,0.052184076979756355,128,-0.8207239760420121,128,0.03199782595038414,128,-1.294480570480459,128,0.10408603399991989,128,-0.11951470714811727,128,0.031227034516632557,128,-1.331270215379023,128,0.49351875266879497,128,0.6358679234981537,128,0.02265682816505432,128,0.6294720768928528,128,0.6408946812152863,128,0.6473155915737152,128,-0.011164039373397827,128,0.005488187074661255,128,6.0,128
clean,0,20,6,0.056424904614686966,128,0.0049398543778806925,128,-2.3083224424641324,128,0.0034705721773207188,128,-2.8254783668870127,128,0.0469666812568903,128,-0.1856434221204421,128,0.022509878501296043,128,-0.9133608351989798,128,0.3694945277905616,128,0.8686836957931519,128,0.015763849020004272,128,0.6907171010971069,128,0.7178219556808472,128,0.7425985932350159,128,0.11907082796096802,128,0.15652412176132202,128,2.0,128
clean,0,20,7,0.1957109346985817,128,0.14822588860988617,128,-0.314816987893649,128,0.06930973753333092,128,-1.0063293416920267,128,0.18052420765161514,128,-0.06734418640463694,128,0.07527473196387291,128,-0.9588467063050534,128,0.6907221248797288,128,0.7038648128509521,128,0.02771902084350586,128,0.6847912967205048,128,0.7146710455417633,128,0.7205903232097626,128,-0.014827162027359009,128,0.014096349477767944,128,17.0,128
clean,0,20,8,0.12727704644203186,128,0.04645050875842571,128,-1.0525593670125408,128,0.021480637602508068,128,-1.7388121528299383,128,0.12055841460824013,128,-0.11003008931056626,128,0.0237667765468359,128,-1.651153027391663,128,0.7417432907488632,128,0.7839728593826294,128,0.0258672833442688,128,0.7740663886070251,128,0.7973774373531342,128,0.8027298450469971,128,-0.02061590552330017,128,0.008832365274429321,128,11.0,128
clean,0,20,9,0.14784719049930573,128,0.04343036375939846,128,-1.1944105443427346,128,0.031785840168595314,128,-1.4996100182973144,128,0.13082686811685562,128,-0.11719121062788698,128,0.03374418616294861,128,-1.407482228753405,128,0.3418601687122407,128,0.6990687251091003,128,0.02322864532470703,128,0.6411378085613251,128,0.6785536110401154,128,0.6900336742401123,128,-0.0007224082946777344,128,0.04696691036224365,128,12.0,128
clean,0,20,10,0.09224774315953255,128,0.009688856080174446,128,-2.2798285393865396,128,0.0044759358279407024,128,-3.02028411519213,128,0.07355611398816109,128,-0.27846225873802544,128,0.04167165607213974,128,-0.7399832721049913,128,0.7420321373255492,128,0.7914063334465027,128,0.022247135639190674,128,0.5745444297790527,128,0.6022161841392517,128,0.6194588840007782,128,0.17537054419517517,128,0.21882814168930054,128,1.0,128
clean,0,20,11,0.08363095670938492,128,0.014323012437671423,128,-1.7755132080003408,128,0.010435656644403934,128,-2.1891254753606866,128,0.07612405344843864,128,-0.11399489959035747,128,0.019964484497904778,128,-1.4016599992230816,128,0.3517534881550759,128,0.6271927952766418,128,0.016078919172286987,128,0.6322642862796783,128,0.6653065085411072,128,0.6799934506416321,128,-0.045368313789367676,128,0.00024014711380004883,128,6.0,128
clean,0,21,0,0.13358667492866516,128,0.04308878816664219,128,-1.11823926888032,128,0.032197827473282814,128,-1.4119871246753928,128,0.11213618144392967,128,-0.17065972330879597,128,0.04555666446685791,128,-1.1701539481821515,128,0.2995101115851496,128,0.6153593063354492,128,0.032835304737091064,128,0.5384929180145264,128,0.5938304960727692,128,0.6096847653388977,128,0.010984167456626892,128,0.06756770610809326,128,6.0,128
clean,0,21,1,0.18584810197353363,128,0.009554694406688213,128,-2.8474731165822025,128,0.00319436052814126,128,-4.063272899407091,128,0.13273435831069946,128,-0.2635690806040223,128,0.08271995186805725,128,-0.7901123127658167,128,1.1419509827352736,128,0.7437001168727875,128,0.030283838510513306,128,0.5957218408584595,128,0.6441707611083984,128,0.6526256203651428,128,0.07613882422447205,128,0.1275164783000946,128,1.0,128
clean,0,21,2,0.12235592305660248,128,0.010907862801104784,128,-2.359934488338509,128,0.008008510805666447,128,-2.6917081914506134,128,0.07887166365981102,128,-0.38513522049935534,128,0.027179712429642677,128,-1.5839183963483598,128,0.3296893374122999,128,0.7242559790611267,128,0.022501587867736816,128,0.5782406032085419,128,0.620167464017868,128,0.6295877695083618,128,0.09315213561058044,128,0.13257765769958496,128,3.0,128
clean,0,21,3,0.11350483447313309,128,0.05353309400379658,128,-0.7666203428777664,128,0.029210099019110203,128,-1.3299666236724015,128,0.1140972338616848,128,-0.07258529034732994,128,0.028119314461946487,128,-1.306908954346833,128,0.5843849309413993,128,0.5963822901248932,128,0.022171586751937866,128,0.5868893265724182,128,0.611314594745636,128,0.6172891855239868,128,-0.021195143461227417,128,0.00392189621925354,128,10.0,128
clean,0,21,4,0.18251397460699081,128,0.012659154366701841,128,-2.7916738534944723,128,0.005768301896750927,128,-3.396791661956664,128,0.1973588541150093,128,0.05653514208080986,128,0.22150635719299316,128,0.13292125488606088,128,0.7128252377046365,128,0.6180571019649506,128,0.016586631536483765,128,0.49526703357696533,128,0.548404186964035,128,0.5622422993183136,128,0.06076163053512573,128,0.11655116081237793,128,5.0,128
clean,0,21,5,0.15195243805646896,128,0.014294170774519444,128,-2.365265940813333,128,0.016784540377557278,128,-2.2203928382946096,128,0.14066439867019653,128,-0.0601016460979104,128,0.0849173553287983,128,-0.5818746996370848,128,-0.15379624829523442,128,0.5926080644130707,128,0.03586868941783905,128,0.48011641204357147,128,0.532273530960083,128,0.549087792634964,128,0.035554081201553345,128,0.11680437624454498,128,11.0,128
clean,0,21,6,0.08520440757274628,128,0.004300827393308282,128,-2.9309552568978976,128,0.0017134592635557055,128,-3.766954990711212,128,0.07114312797784805,128,-0.17087260987914127,128,0.03637135773897171,128,-0.8189377608914903,128,0.8067822570904715,128,0.7602317631244659,128,0.018698066473007202,128,0.5342411994934082,128,0.5887119472026825,128,0.609515368938446,128,0.13312256336212158,128,0.19317618012428284,128,2.0,128
clean,0,21,7,0.08338314294815063,128,0.005152188241481781,128,-2.7174323610474427,128,0.002390638808719814,128,-3.4266796297918516,128,0.07887490838766098,128,-0.02334079549391683,128,0.06312387064099312,128,-0.22746917068577865,128,0.6896068083438702,128,0.6583666205406189,128,0.02157863974571228,128,0.5530514121055603,128,0.6058546006679535,128,0.61626997590065,128,0.04005047678947449,128,0.10027235746383667,128,6.0,128
clean,0,21,8,0.04830307699739933,128,0.01600617077201605,128,-1.3192223582927958,128,0.01564857456833124,128,-1.2892561779102207,128,0.04540851339697838,128,-0.1410818466390717,128,0.015313897747546434,128,-1.235183396426479,128,-0.05104668156779682,128,0.7365838885307312,128,0.013742625713348389,128,0.7374081611633301,128,0.7496018409729004,128,0.7569712400436401,128,-0.024677932262420654,128,-0.003178238868713379,128,7.0,128
clean,0,21,9,0.14123918116092682,128,0.06812561675906181,128,-0.757076495122299,128,0.023436053656041622,128,-1.7592163262550575,128,0.1465311422944069,128,0.051006166815430534,128,0.02682154718786478,128,-1.6737895661463011,128,1.0199862011952663,128,0.6052177846431732,128,0.01950821280479431,128,0.5890668332576752,128,0.6264250576496124,128,0.6334483921527863,128,-0.017284274101257324,128,0.011875450611114502,128,10.5,128
clean,0,21,10,0.1335749626159668,128,0.06681845709681511,128,-0.7243654499792768,128,0.037223655730485916,128,-1.3281644279337272,128,0.13474174588918686,128,-0.05493582943232901,128,0.03600439615547657,128,-1.3334727758379552,128,0.6012084782084686,128,0.4527074098587036,128,0.031213268637657166,128,0.44071848690509796,128,0.4863213002681732,128,0.49790823459625244,128,-0.033465251326560974,128,0.0011484622955322266,128,5.0,128
clean,0,21,11,0.21524470299482346,128,0.12870071828365326,128,-0.47700543328778755,128,0.07683931291103363,128,-0.9829406163892738,128,0.17914623767137527,128,-0.13894323404994696,128,0.08008812367916107,128,-0.9986353097988931,128,0.5270285851844556,128,0.6855120062828064,128,0.03989619016647339,128,0.6678763628005981,128,0.6967211663722992,128,0.702328622341156,128,-0.012269824743270874,128,0.02358981966972351,128,18.0,128
clean,0,22,0,0.06813637167215347,128,0.00431022304110229,128,-2.794946733353209,128,0.00185611832421273,128,-3.55791349542631,128,0.06522095948457718,128,-0.0845237580145998,128,0.04848291166126728,128,-0.3343498850126697,128,0.7122516853964838,128,0.7110992074012756,128,0.015273511409759521,128,0.49728912115097046,128,0.5417159497737885,128,0.566304624080658,128,0.13767871260643005,128,0.19950243830680847,128,3.0,128
clean,0,22,1,0.08005111292004585,128,0.007463442161679268,128,-2.329219553697941,128,0.003983133938163519,128,-2.9534420981222453,128,0.05554053373634815,128,-0.32135759580260914,128,0.04435747303068638,128,-0.6199077977027976,128,0.6012988505645902,128,0.6651185154914856,128,0.020258665084838867,128,0.46589772403240204,128,0.519243448972702,128,0.5319803953170776,128,0.12471507489681244,128,0.18591181933879852,128,3.0,128
clean,0,22,2,0.11372040957212448,128,0.010131494142115116,128,-2.4029046063759583,128,0.003008972154930234,128,-3.599283490952188,128,0.10817341133952141,128,-0.023960223811798832,128,0.02439962886273861,128,-1.4849752405199308,128,1.1708283212440551,128,0.7176701426506042,128,0.01548069715499878,128,0.6195375025272369,128,0.6600834429264069,128,0.6690989434719086,128,0.042252957820892334,128,0.09283077716827393,128,4.0,128
clean,0,22,3,0.1781013235449791,128,0.007634741486981511,128,-3.1124169736504363,128,0.003155634505674243,128,-3.9311795642440504,128,0.1120351105928421,128,-0.3714459812285802,128,0.060709284618496895,128,-1.1149606110800216,128,0.8541114066174371,128,0.6683468520641327,128,0.02341514825820923,128,0.5067248344421387,128,0.5702200531959534,128,0.5858379602432251,128,0.07544359564781189,128,0.15173670649528503,128,2.0,128
clean,0,22,4,0.08357229456305504,128,0.008394564967602491,128,-2.2918577085738123,128,0.0033134276745840907,128,-3.1772313262147125,128,0.07131093740463257,128,-0.13914294915368647,128,0.06367954611778259,128,-0.2965968149635162,128,0.864272175475906,128,0.6065838634967804,128,0.020567983388900757,128,0.4335377365350723,128,0.4736626148223877,128,0.4861959218978882,128,0.10438643395900726,128,0.166113018989563,128,4.0,128
clean,0,22,5,0.17106883227825165,128,0.00951451389119029,128,-2.897334355237099,128,0.004181076306849718,128,-3.6409216748421565,128,0.13518287986516953,128,-0.20815806704970596,128,0.0867123194038868,128,-0.6746684437351163,128,0.6999090974247928,128,0.7588121294975281,128,0.01666449010372162,128,0.5966864228248596,128,0.6443797051906586,128,0.6584682464599609,128,0.0902591347694397,128,0.15100225806236267,128,4.0,128
clean,0,22,6,0.16787505149841309,128,0.015622579958289862,128,-2.3914603024212733,128,0.006137947319075465,128,-3.261429337601756,128,0.15936465561389923,128,-0.03082553958809473,128,0.2035917118191719,128,0.07994458944833475,128,0.9040670759104978,128,0.5806612074375153,128,0.024907410144805908,128,0.4925801008939743,128,0.5549737215042114,128,0.5679667890071869,128,0.018981903791427612,128,0.07117298245429993,128,8.5,128
clean,0,22,7,0.18569398671388626,128,0.027645571157336235,128,-1.8682646628186046,128,0.022713826037943363,128,-2.0575551084908863,128,0.18899431079626083,128,-0.009615867839423914,128,0.18321483582258224,128,0.04082397297319924,128,0.2037087043570952,128,0.5244552195072174,128,0.025558769702911377,128,0.43816737830638885,128,0.48028163611888885,128,0.4929720461368561,128,0.008694380521774292,128,0.07692036032676697,128,11.0,128
clean,0,22,8,0.25193242728710175,128,0.006201372481882572,128,-3.6404265023961964,128,0.0024413553765043616,128,-4.554033214914591,128,0.1577274352312088,128,-0.30255282188078814,128,0.12941376119852066,128,-0.6511864180773903,128,0.9044201575461874,128,0.6102041006088257,128,0.02137508988380432,128,0.49004822969436646,128,0.5209711790084839,128,0.5424520969390869,128,0.06642058491706848,128,0.12377505004405975,128,4.0,128
clean,0,22,9,0.14494774490594864,128,0.007266213418915868,128,-3.025184634690868,128,0.004051854833960533,128,-3.4991893993940186,128,0.14112622290849686,128,0.0035264682494583932,128,0.10670546442270279,128,-0.36603079319409193,128,0.5818078072077653,128,0.5988862216472626,128,0.025577396154403687,128,0.35955803096294403,128,0.43066494166851044,128,0.4606192111968994,128,0.13271212577819824,128,0.22027011215686798,128,4.0,128
clean,0,22,10,0.10368259251117706,128,0.004381970036774874,128,-3.175193954634213,128,0.002055665710940957,128,-3.8920350899047502,128,0.08563754707574844,128,-0.19198680185414949,128,0.06626933068037033,128,-0.4330385829056902,128,0.7579585129074891,128,0.5889170169830322,128,0.025412261486053467,128,0.4169533997774124,128,0.47563906013965607,128,0.49429187178611755,128,0.08506003022193909,128,0.16424396634101868,128,4.0,128
clean,0,22,11,0.20697452872991562,128,0.07534245401620865,128,-0.9828385148489471,128,0.05254203453660011,128,-1.3869819704759445,128,0.1785445585846901,128,-0.1405787041678023,128,0.059896137565374374,128,-1.2287820838505152,128,0.35175889991714576,128,0.41131964325904846,128,0.04258944094181061,128,0.3503119945526123,128,0.41706469655036926,128,0.42630404233932495,128,-0.019551068544387817,128,0.047915324568748474,128,16.0,128
clean,0,23,0,0.09294945374131203,128,0.008370914030820131,128,-2.433263083246908,128,0.002648334950208664,128,-3.478146505580291,128,0.08281096071004868,128,-0.08778329041167139,128,0.03949323669075966,128,-0.8152784645157118,128,1.0707120946982092,128,0.7712851464748383,128,0.016522258520126343,128,0.5132071673870087,128,0.5550503134727478,128,0.5809217393398285,128,0.17268207669258118,128,0.21393707394599915,128,3.0,128
clean,0,23,1,0.13680529594421387,128,0.015908822417259216,128,-2.1506979867369225,128,0.014313649851828814,128,-2.245587119582251,128,0.12953608483076096,128,-0.11500157819570173,128,0.08589585870504379,128,-0.5540102495994903,128,0.20451320727545813,128,-0.031083041802048683,128,0.03358790650963783,128,-0.05105651542544365,128,-0.00770586496219039,128,0.008082672953605652,128,-0.04488418623805046,128,0.02863471582531929,128,13.0,128
clean,0,23,2,0.16235807538032532,128,0.011010666843503714,128,-2.6506119253692155,128,0.0025304086739197373,128,-4.101120387399648,128,0.1803758293390274,128,0.13311470553528137,128,0.13040125370025635,128,-0.23238650689471174,128,1.4612610087576263,128,0.7273391783237457,128,0.015932589769363403,128,0.6061061918735504,128,0.6399217545986176,128,0.6539759039878845,128,0.07464909553527832,128,0.13040858507156372,128,6.0,128
clean,0,23,3,0.21600575000047684,128,0.005825171247124672,128,-3.557602907548648,128,0.003842077567242086,128,-3.9683940729947533,128,0.147492416203022,128,-0.24633586188695367,128,0.12187740206718445,128,-0.5847980697848718,128,0.5075442397107528,128,0.7179007828235626,128,0.01955971121788025,128,0.5759972631931305,128,0.6288015246391296,128,0.6387613415718079,128,0.06930461525917053,128,0.122396320104599,128,4.0,128
clean,0,23,4,0.05587073229253292,128,0.0021993217524141073,128,-3.1385717775035653,128,0.0012381944106891751,128,-3.7454961731426737,128,0.0453934483230114,128,-0.19249389916213958,128,0.04588259011507034,128,-0.15453142227220767,128,0.563362010729135,128,0.7012847661972046,128,0.01646837592124939,128,0.4596007168292999,128,0.5087201595306396,128,0.5280304551124573,128,0.16493618488311768,128,0.23475533723831177,128,5.0,128
clean,0,23,5,0.21631845086812973,128,0.006467629224061966,128,-3.4874402159182414,128,0.002820576773956418,128,-4.262659617654971,128,0.16282086074352264,128,-0.10261134225781288,128,0.3584686517715454,128,0.45424949771812106,128,0.7787405151532174,128,0.5725125074386597,128,0.0216962993144989,128,0.45095184445381165,128,0.4922701418399811,128,0.5077669024467468,128,0.0830581784248352,128,0.1428489089012146,128,4.0,128
clean,0,23,6,0.06665350869297981,128,0.006843209732323885,128,-2.288297105928293,128,0.0038508217548951507,128,-2.796863241137053,128,0.05148442089557648,128,-0.2408488833712038,128,0.04902385361492634,128,-0.29169486666732414,128,0.5443629483517234,128,0.6308235824108124,128,0.029704272747039795,128,0.41087864339351654,128,0.4712914377450943,128,0.48523183166980743,128,0.14826637506484985,128,0.22000858187675476,128,3.0,128
clean,0,23,7,0.1252422221004963,128,0.041722483932971954,128,-1.0450079952136737,128,0.028623124584555626,128,-1.446020515762842,128,0.1022326834499836,128,-0.14301894500284662,128,0.03615801967680454,128,-1.2548963787077443,128,0.40781687765414815,128,0.598624587059021,128,0.02682843804359436,128,0.5209271609783173,128,0.5670495927333832,128,0.5782256126403809,128,0.020460188388824463,128,0.06970730423927307,128,6.0,128
clean,0,23,8,0.046529371291399,128,0.002508444827981293,128,-2.8879592686206212,128,0.0011726882075890899,128,-3.597456539197995,128,0.04204215295612812,128,-0.10476706452894505,128,0.0351785272359848,128,-0.27122387129411885,128,0.7126507199829936,128,0.794902890920639,128,0.012407660484313965,128,0.575252890586853,128,0.6253984272480011,128,0.6451894640922546,128,0.15032616257667542,128,0.21280072629451752,128,2.0,128
clean,0,23,9,0.2770432084798813,128,0.021408977918326855,128,-2.5925614256004126,128,0.009196235332638025,128,-3.4122645885889056,128,0.2040773183107376,128,-0.14763414752530868,128,0.30548590421676636,128,0.03654187384465148,128,0.7781431450167784,128,0.5576587915420532,128,0.02257484197616577,128,0.39232638478279114,128,0.45377153158187866,128,0.4712252616882324,128,0.07631179690361023,128,0.1584181934595108,128,4.0,128
clean,0,23,10,0.17399505525827408,128,0.026768384501338005,128,-1.6771374236469443,128,0.021969876252114773,128,-1.9179065930009394,128,0.20202194154262543,128,-0.009790108197436675,128,0.21419300138950348,128,0.19974382647326938,128,0.3210541951915114,128,0.23177702724933624,128,0.021873869001865387,128,0.23398266732692719,128,0.2527351826429367,128,0.2627195566892624,128,-0.030433470383286476,128,0.003295019268989563,128,5.0,128
clean,0,23,11,0.2920365035533905,128,0.009058021008968353,128,-3.4213618330265856,128,0.005764632485806942,128,-3.852188646353679,128,0.20489351451396942,128,-0.1546277365790199,128,0.22408618032932281,128,-0.2391588378269826,128,0.41803297777212767,128,0.5706148743629456,128,0.03690521419048309,128,0.3924042582511902,128,0.44761449098587036,128,0.46557775139808655,128,0.10258106887340546,128,0.1822752207517624,128,4.0,128
clean,0,24,0,0.15336444228887558,128,0.0040420477744191885,128,-3.6028599960463943,128,0.0023239824222400784,128,-4.014217198378828,128,0.08317064121365547,128,-0.48280259395861935,128,0.06235155090689659,128,-0.8949285132170615,128,0.4571291658324769,128,0.6233510076999664,128,0.027005523443222046,128,0.43136148154735565,128,0.4976936876773834,128,0.5170187056064606,128,0.08886903524398804,128,0.17821523547172546,128,2.0,128
clean,0,24,1,0.17499840259552002,128,0.004291881807148457,128,-3.453233927044714,128,0.0022184791741892695,128,-4.260601583565823,128,0.0877651795744896,128,-0.46438792032746506,128,0.05447119101881981,128,-1.1283947509506658,128,0.7127234599254535,128,0.5830509662628174,128,0.025794893503189087,128,0.4430042654275894,128,0.48973657190799713,128,0.5150245726108551,128,0.08683900535106659,128,0.13879558444023132,128,4.0,128
clean,0,24,2,0.1984475553035736,128,0.04036135971546173,128,-1.6148761747331006,128,0.03648534044623375,128,-1.718830182012705,128,0.16793527454137802,128,-0.24139225139498682,128,0.05667486786842346,128,-1.333236423220908,128,0.11726674484809424,128,0.28203630447387695,128,0.048002131283283234,128,0.2177933007478714,128,0.2698339372873306,128,0.2957451790571213,128,0.0024890005588531494,128,0.06781463325023651,128,5.0,128
clean,0,24,3,0.12104462459683418,128,0.0076354353222996,128,-2.7583650140872056,128,0.00758066400885582,128,-2.7864016953952553,128,0.10498688742518425,128,-0.15761914110536174,128,0.02556670270860195,128,-1.5725301920653045,128,0.06426841065454292,128,0.6244181394577026,128,0.024945586919784546,128,0.415641725063324,128,0.48837029933929443,128,0.5015835165977478,128,0.11314420402050018,128,0.21420422196388245,128,2.0,128
clean,0,24,4,0.11557827144861221,128,0.004828088451176882,128,-3.138722008059563,128,0.003057835972867906,128,-3.6825185857773493,128,0.1200154721736908,128,0.01004668835705035,128,0.0372867826372385,128,-1.1246877129519575,128,0.48630665092346653,128,0.6812208294868469,128,0.015989482402801514,128,0.4972115606069565,128,0.5610860288143158,128,0.5778791010379791,128,0.10584208369255066,128,0.16746345162391663,128,5.0,128
clean,0,24,5,0.08812427148222923,128,0.008772824890911579,128,-2.2701485081020545,128,0.0025819825241342187,128,-3.427653970889705,128,0.07518547400832176,128,-0.16496652974271175,128,0.027971355244517326,128,-1.1677913833378983,128,1.152483733610116,128,0.5690582692623138,128,0.023906737565994263,128,0.4161853790283203,128,0.49012887477874756,128,0.5119228065013885,128,0.05286630988121033,128,0.1468774527311325,128,3.0,128
clean,0,24,6,0.22107233852148056,128,0.015284073539078236,128,-2.577984683064301,128,0.007679350208491087,128,-3.3091059503398146,128,0.1635488122701645,128,-0.2091763141790186,128,0.21919234842061996,128,-0.04535616151788885,128,0.6735887695049476,128,0.4905175715684891,128,0.029416203498840332,128,0.3280099034309387,128,0.38569238781929016,128,0.4176425635814667,128,0.08548232913017273,128,0.1693178489804268,128,7.0,128
clean,0,24,7,0.2551202178001404,128,0.005406602751463652,128,-3.822466625877226,128,0.0030450791819021106,128,-4.388979903312232,128,0.18035544455051422,128,-0.2507600059417987,128,0.12214872986078262,128,-0.7218134092077837,128,0.5499699189423692,128,0.6094097197055817,128,0.036612287163734436,128,0.4130195826292038,128,0.46982426941394806,128,0.4910849332809448,128,0.10469788312911987,128,0.18470682203769684,128,4.0,128
clean,0,24,8,0.23621104657649994,128,0.007122675655409694,128,-3.5415719762094033,128,0.004100163700059056,128,-4.054715838877176,128,0.17516477406024933,128,-0.15687899786923853,128,0.3243316560983658,128,0.27890684809553773,128,0.482659856448871,128,0.5062072575092316,128,0.023273766040802002,128,0.4040980488061905,128,0.4542882740497589,128,0.4757489562034607,128,0.03203922510147095,128,0.11062758043408394,128,4.0,128
clean,0,24,9,0.16062738746404648,128,0.005321494769304991,128,-3.3635569357080186,128,0.0035937438951805234,128,-3.7721886632316703,128,0.11763766035437584,128,-0.3009236091981665,128,0.04741794988512993,128,-1.2604755124959115,128,0.4164072099262654,128,0.6364176869392395,128,0.017184823751449585,128,0.4814330190420151,128,0.5304300487041473,128,0.5475003719329834,128,0.08822570741176605,128,0.141124427318573,128,4.0,128
clean,0,24,10,0.27451756596565247,128,0.01087119709700346,128,-3.0761767807321467,128,0.004595714621245861,128,-4.02920164886944,128,0.17614147067070007,128,-0.2097290437610241,128,0.2790554612874985,128,-0.039456961634279086,128,0.7826796352321221,128,0.5585176646709442,128,0.02814832329750061,128,0.403750017285347,128,0.457806721329689,128,0.4749012738466263,128,0.08246797323226929,128,0.1443053036928177,128,4.0,128
clean,0,24,11,0.25400497019290924,128,0.008009047247469425,128,-3.389483086792807,128,0.004696810385212302,128,-3.9470305656103397,128,0.20264773070812225,128,-0.1587745650623782,128,0.2008121758699417,128,-0.19130357926517758,128,0.5481532732405535,128,0.5657772719860077,128,0.02612505853176117,128,0.40431614220142365,128,0.4629068225622177,128,0.4831249266862869,128,0.08738213777542114,128,0.1619654893875122,128,7.0,128
clean,0,25,0,0.06462354585528374,128,0.005311100278049707,128,-2.4649376028870806,128,0.002840151311829686,128,-3.1077853204962214,128,0.05738014169037342,128,-0.10404104510370088,128,0.03630482032895088,128,-0.6382952439620748,128,0.5430790444077034,128,0.6853843331336975,128,0.01696506142616272,128,0.5037084221839905,128,0.5486180782318115,128,0.5708479285240173,128,0.11010357737541199,128,0.1824769526720047,128,6.0,128
clean,0,25,1,0.14422139525413513,128,0.013133009430021048,128,-2.3542198059577992,128,0.006358232581987977,128,-3.1486207995780626,128,0.10439452528953552,128,-0.2971166015301504,128,0.09390192106366158,128,-0.6081948893398966,128,0.6793270021624599,128,0.7168771326541901,128,0.02309092879295349,128,0.49298742413520813,128,0.5533854365348816,128,0.5705392062664032,128,0.13748788833618164,128,0.200372576713562,128,3.0,128
clean,0,25,2,0.10377608612179756,128,0.0039328334387391806,128,-3.314621724909384,128,0.0024656375171616673,128,-3.737175669813336,128,0.07383398339152336,128,-0.31472692163430416,128,0.05675412900745869,128,-0.6245925742056658,128,0.41553518206845597,128,0.633499801158905,128,0.03165799379348755,128,0.41690778732299805,128,0.4587703347206116,128,0.4830530136823654,128,0.13931910693645477,128,0.2075650691986084,128,1.0,128
clean,0,25,3,0.08655303716659546,128,0.005841570906341076,128,-2.6286283456101076,128,0.0024179687025025487,128,-3.468238709627766,128,0.05724436603486538,128,-0.3948908154175984,128,0.0563725084066391,128,-0.4419765056428256,128,0.8809237960543727,128,0.7672487795352936,128,0.016848593950271606,128,0.5696195065975189,128,0.6191414594650269,128,0.6419887244701385,128,0.11462131142616272,128,0.18035730719566345,128,3.0,128
clean,0,25,4,0.06049814261496067,128,0.0030596497235819697,128,-2.928870908898628,128,0.0011254158453084528,128,-3.888296980931945,128,0.05481759272515774,128,-0.08309074383041067,128,0.0549260713160038,128,-0.10745306492494006,128,0.9526892318223931,128,0.6370324194431305,128,0.02442014217376709,128,0.4487450569868088,128,0.5029125511646271,128,0.5253950953483582,128,0.11376911401748657,128,0.17074783146381378,128,5.0,128
clean,0,25,5,0.08587299659848213,128,0.007521205116063356,128,-2.4495369108663496,128,0.0034008281072601676,128,-3.1664317643281503,128,0.09601571410894394,128,0.13440543622189055,128,0.04549679160118103,128,-0.6213037121121961,128,0.793754971703286,128,0.6569967269897461,128,0.01450645923614502,128,0.4921165555715561,128,0.5366397202014923,128,0.5610358417034149,128,0.09568673372268677,128,0.16323333978652954,128,6.0,128
clean,0,25,6,0.1933022141456604,128,0.02517184242606163,128,-1.9839866185004804,128,0.03664521500468254,128,-1.6091497247450355,128,0.14737826585769653,128,-0.19981476097229517,128,0.05439359322190285,128,-1.2205800707499255,128,-0.3682961039773043,128,0.4847327470779419,128,0.042635828256607056,128,0.4265713542699814,128,0.4935823976993561,128,0.5023065507411957,128,-0.016179919242858887,128,0.053652405738830566,128,11.0,128
clean,0,25,7,0.37116076052188873,128,0.09289013221859932,128,-1.4052690891305137,128,0.06502953171730042,128,-1.808940720680122,128,0.2978450804948807,128,-0.28029279318530287,128,0.1748449206352234,128,-0.7766995707517347,128,0.35278543981824007,128,0.335716113448143,128,0.03637223690748215,128,0.30501751601696014,128,0.3340192586183548,128,0.3421838730573654,128,-0.020893976092338562,128,0.038253188133239746,128,6.0,128
clean,0,25,8,0.060726456344127655,128,0.002193807391449809,128,-3.227246405468441,128,0.0010641593835316598,128,-3.972549006917666,128,0.048056162893772125,128,-0.24853171878327585,128,0.04314984194934368,128,-0.3095675742393834,128,0.7457834201425595,128,0.6318029761314392,128,0.020897656679153442,128,0.4354510009288788,128,0.4889116734266281,128,0.5086301267147064,128,0.12719552218914032,128,0.20024824142456055,128,5.0,128
clean,0,25,9,0.16473134607076645,128,0.03298722021281719,128,-1.6629691771318016,128,0.036416804417967796,128,-1.544502180291703,128,0.16415365040302277,128,-0.05868714530041552,128,0.043774232268333435,128,-1.3008173650272075,128,-0.09727424767157888,128,0.3124586045742035,128,0.03756539523601532,128,0.23940309137105942,128,0.3246636390686035,128,0.33985021710395813,128,-0.026083245873451233,128,0.053423937410116196,128,6.5,128
clean,0,25,10,0.0819552019238472,128,0.005494439043104649,128,-2.7286696730953945,128,0.004689544439315796,128,-2.844720516295918,128,0.0733620673418045,128,-0.14669376904644038,128,0.02269893605262041,128,-1.2436107643013043,128,0.1564418428255353,128,0.6517825424671173,128,0.020282477140426636,128,0.46796658635139465,128,0.5139433443546295,128,0.535646915435791,128,0.09596166014671326,128,0.1663837730884552,128,2.0,128
clean,0,25,11,0.08415402844548225,128,0.012332155369222164,128,-1.9206282721812586,128,0.008684761356562376,128,-2.311814136845862,128,0.07345522195100784,128,-0.11656296686462947,128,0.03506303206086159,128,-0.8636228107492181,128,0.41782081335926613,128,0.5380963087081909,128,0.0270855575799942,128,0.45314639806747437,128,0.5009999871253967,128,0.5211195051670074,128,0.0030924081802368164,128,0.059755221009254456,128,1.0,128
clean,0,26,0,0.11427035927772522,128,0.014427324756979942,128,-2.077082674352956,128,0.006283638766035438,128,-2.8805637908103083,128,0.12269873917102814,128,0.05373850429132516,128,0.021055497229099274,128,-1.7619376700506844,128,0.8137430707649267,128,0.686359316110611,128,0.014372721314430237,128,0.480729877948761,128,0.5273703634738922,128,0.5521803200244904,128,0.11961567401885986,128,0.1817578673362732,128,10.0,128
clean,0,26,1,0.11343731731176376,128,0.023132004775106907,128,-1.5958464518442275,128,0.01397256413474679,128,-2.1498744842960744,128,0.1139071173965931,128,0.021946656557348426,128,0.030140969902276993,128,-1.378889508977763,128,0.5912150720617455,128,0.6620360016822815,128,0.020360946655273438,128,0.5805948972702026,128,0.6287939250469208,128,0.6391362249851227,128,0.024478405714035034,128,0.07775026559829712,128,11.0,128
clean,0,26,2,0.05225303769111633,128,0.0038860716158524156,128,-2.606374563552552,128,0.0018485079053789377,128,-3.333292514910881,128,0.0397285595536232,128,-0.2657652388124704,128,0.025174684822559357,128,-0.7002382744836921,128,0.6859668821009122,128,0.742757111787796,128,0.01881110668182373,128,0.5607600510120392,128,0.5934830904006958,128,0.6203376054763794,128,0.11816143989562988,128,0.16943156719207764,128,2.0,128
clean,0,26,3,0.08797144517302513,128,0.01029192004352808,128,-2.126412510542998,128,0.0060241923201829195,128,-2.7266555397691006,128,0.09437588602304459,128,0.08782554159013825,128,0.018229852430522442,128,-1.558818789907121,128,0.5552252532177805,128,0.7078941464424133,128,0.015838801860809326,128,0.5755032598972321,128,0.6218500435352325,128,0.6401995122432709,128,0.06613746285438538,128,0.12765038013458252,128,4.0,128
clean,0,26,4,0.14808272570371628,128,0.05193995498120785,128,-1.0017039929361493,128,0.03783772513270378,128,-1.3554139631391324,128,0.13690806180238724,128,-0.06907540283410056,128,0.04131797328591347,128,-1.2291182519817143,128,0.3206460522043846,128,0.6112144589424133,128,0.028862684965133667,128,0.5795557200908661,128,0.6421384811401367,128,0.6537260115146637,128,-0.0435214638710022,128,0.03396579623222351,128,11.0,128
clean,0,26,5,0.11494426056742668,128,0.024008525535464287,128,-1.5250352139493795,128,0.023396417498588562,128,-1.5264463585686805,128,0.09825857356190681,128,-0.14875084900364516,128,0.028580320067703724,128,-1.3298171064793114,128,0.006754958789811888,128,0.6299410462379456,128,0.04673758149147034,128,0.5507165193557739,128,0.5985957384109497,128,0.6132094860076904,128,0.012427359819412231,128,0.0711146891117096,128,5.0,128
clean,0,26,6,0.05705710127949715,128,0.007635635090991855,128,-2.0147375825802794,128,0.0036486483877524734,128,-2.723497884808426,128,0.04233738034963608,128,-0.2704213422656098,128,0.019451591186225414,128,-1.1171984477643455,128,0.7210086463206582,128,0.7429742813110352,128,0.01575365662574768,128,0.5531708896160126,128,0.589780181646347,128,0.6055887043476105,128,0.12620216608047485,128,0.1793873906135559,128,6.0,128
clean,0,26,7,0.15691957622766495,128,0.023489882238209248,128,-1.9167107912528005,128,0.029028278775513172,128,-1.6659752735089939,128,0.15529918670654297,128,-0.1034564782806621,128,0.0369708426296711,128,-1.4793822772802905,128,-0.24293395711529803,128,0.4717997610569,128,0.025531336665153503,128,0.43082287907600403,128,0.47580455243587494,128,0.4957692623138428,128,-0.0320398211479187,128,0.03748008608818054,128,11.0,128
clean,0,26,8,0.044006796553730965,128,0.0026222257874906063,128,-2.8048622667302094,128,0.0009339489042758942,128,-3.6820160419914645,128,0.02874143235385418,128,-0.42303677060627476,128,0.0358256921172142,128,-0.25235844064486734,128,0.8533106854493373,128,0.767230749130249,128,0.01536792516708374,128,0.5789379179477692,128,0.603766530752182,128,0.6292169094085693,128,0.12315240502357483,128,0.1815156638622284,128,3.0,128
clean,0,26,9,0.040721919387578964,128,0.00347669399343431,128,-2.458127305103506,128,0.0012154442956671119,128,-3.469778199681983,128,0.03633166290819645,128,-0.15834195313706736,128,0.030383482575416565,128,-0.40948535503387684,128,0.9121730874358893,128,0.7278698086738586,128,0.01791784167289734,128,0.518084853887558,128,0.576726496219635,128,0.6008056998252869,128,0.12949711084365845,128,0.20092535018920898,128,5.0,128
clean,0,26,10,0.08678144216537476,128,0.03350052237510681,128,-0.9354635324833684,128,0.020767750218510628,128,-1.5410527985621891,128,0.08841357752680779,128,-0.026587937950754648,128,0.021863057278096676,128,-1.3650095797323298,128,0.6192333854109199,128,0.17598985135555267,128,0.01807284541428089,128,0.14177049696445465,128,0.18121255934238434,128,0.18735816329717636,128,-0.01858588308095932,128,0.0235748291015625,128,9.0,128
clean,0,26,11,0.04631916247308254,128,0.0022628603037446737,128,-2.9028871078910052,128,0.0010210425243712962,128,-3.710715892932649,128,0.043570131063461304,128,-0.07313139313528003,128,0.03638039343059063,128,-0.24524327811341137,128,0.7238541456536378,128,0.7423017621040344,128,0.017455995082855225,128,0.5223128795623779,128,0.5721368789672852,128,0.6013573408126831,128,0.120817631483078,128,0.18707051873207092,128,5.0,128
clean,0,27,0,0.08943861722946167,128,0.006376242730766535,128,-2.581035943149923,128,0.004547399468719959,128,-3.028946207118368,128,0.08834267035126686,128,-0.03802535568255255,128,0.011334190610796213,128,-2.117880811466935,128,0.41011677838988014,128,0.7048268914222717,128,0.015383660793304443,128,0.5659209787845612,128,0.6063451170921326,128,0.623415619134903,128,0.07596322894096375,128,0.14102236926555634,128,7.5,128
clean,0,27,1,0.06685608997941017,128,0.016703258268535137,128,-1.462680134741176,128,0.008436537347733974,128,-2.097970904346346,128,0.07061701640486717,128,-0.006354497503821781,128,0.008936393074691296,128,-1.9891459185296576,128,0.6857713448127309,128,0.7917867600917816,128,0.02107277512550354,128,0.7679948508739471,128,0.7900654077529907,128,0.7944927215576172,128,-0.009416639804840088,128,0.012384623289108276,128,1.0,128
clean,0,27,2,0.03154058940708637,128,0.0019506386597640812,128,-2.620923661629182,128,0.0012027702177874744,128,-3.0829611624725843,128,0.017543607391417027,128,-0.5214814966524355,128,0.015359363984316587,128,-0.7376641793894073,128,0.4132400050611328,128,0.8236027657985687,128,0.0162164568901062,128,0.701855331659317,128,0.7208723425865173,128,0.7382560968399048,128,0.08549416065216064,128,0.10640153288841248,128,1.0,128
clean,0,27,3,0.10307079926133156,128,0.022825440391898155,128,-1.4745378735947945,128,0.01417719479650259,128,-1.8994495359814727,128,0.07857067883014679,128,-0.1948014713868254,128,0.014528503641486168,128,-1.9589383580326614,128,0.4599293388552568,128,0.7931988537311554,128,0.015468388795852661,128,0.7558634281158447,128,0.7827210426330566,128,0.788187563419342,128,0.002360790967941284,128,0.029409259557724,128,2.0,128
clean,0,27,4,0.07697045803070068,128,0.004663098836317658,128,-2.776492192875467,128,0.002808907302096486,128,-3.337161423582887,128,0.08465196564793587,128,0.10093877304055397,128,0.009448325727134943,128,-2.023464020247739,128,0.5765642392328627,128,0.7165587544441223,128,0.019936949014663696,128,0.6120573282241821,128,0.6501863598823547,128,0.6637109816074371,128,0.05199390649795532,128,0.09855431318283081,128,2.0,128
clean,0,27,5,0.08277243003249168,128,0.008281468879431486,128,-2.3343697451946928,128,0.0039065557066351175,128,-3.0007073827039474,128,0.09478418529033661,128,0.12612279147196703,128,0.018668043427169323,128,-1.4447279476569497,128,0.6891808837362835,128,0.770257443189621,128,0.010152697563171387,128,0.6967160105705261,128,0.7277126312255859,128,0.7437781691551208,128,0.0256730318069458,128,0.06788459420204163,128,3.5,128
clean,0,27,6,0.12471256777644157,128,0.07082626968622208,128,-0.6197537379514361,128,0.04625096917152405,128,-1.0259504888250686,128,0.12682077288627625,128,-0.026967315516480815,128,0.04572112858295441,128,-1.0422661959150514,128,0.41260554280284834,128,0.8103941679000854,128,0.019292116165161133,128,0.8062695562839508,128,0.8171402215957642,128,0.8219156861305237,128,-0.011175304651260376,128,0.0035689175128936768,128,10.0,128
clean,0,27,7,0.10081586241722107,128,0.06128230132162571,128,-0.5412795883112551,128,0.04260661266744137,128,-0.9050133616091203,128,0.1010088324546814,128,-0.04222400167881757,128,0.041969357058405876,128,-0.8570088436613377,128,0.3716812066758538,128,0.6768242716789246,128,0.022090047597885132,128,0.6676087379455566,128,0.6844343543052673,128,0.6878126859664917,128,-0.011858999729156494,128,0.005647510290145874,128,18.0,128
clean,0,27,8,0.041098400950431824,128,0.004964759340509772,128,-2.0172015489370203,128,0.0016771453083492815,128,-3.1009557085208885,128,0.03422542102634907,128,-0.1441651063322298,128,0.02724036294966936,128,-0.37732262915535697,128,1.0612875210835733,128,0.709322988986969,128,0.019455820322036743,128,0.5413178503513336,128,0.5790275037288666,128,0.5964518785476685,128,0.10725763440132141,128,0.1640586256980896,128,2.0,128
clean,0,27,9,0.08948249369859695,128,0.022719182074069977,128,-1.297877946380686,128,0.017567885108292103,128,-1.638873779733228,128,0.07822802290320396,128,-0.09871279983793387,128,0.017805774696171284,128,-1.5981024785177511,128,0.2940350756513619,128,0.08748377487063408,128,0.0115913525223732,128,0.07930413633584976,128,0.10012786462903023,128,0.10353527590632439,128,-0.020217925310134888,128,0.001392219215631485,128,9.0,128
clean,0,27,10,0.12596149742603302,128,0.019821041263639927,128,-1.8466751559746326,128,0.02445068769156933,128,-1.722083870744416,128,0.11233783885836601,128,-0.10770251794235597,128,0.04121377319097519,128,-1.2747026275344244,128,-0.11978388329773418,128,0.5873684287071228,128,0.03630015254020691,128,0.5032451450824738,128,0.5466621518135071,128,0.5618323385715485,128,0.026323169469833374,128,0.0710667073726654,128,12.0,128
clean,0,27,11,0.056924376636743546,128,0.015469360630959272,128,-1.2431512085377996,128,0.007063755067065358,128,-2.074940881245844,128,0.03947138041257858,128,-0.3809057574919605,128,0.009875414427369833,128,-1.718907193149798,128,0.8150745630179834,128,0.4545203745365143,128,0.006148338317871094,128,0.4475162923336029,128,0.45913949608802795,128,0.46330489218235016,128,-0.007762610912322998,128,0.008466541767120361,128,13.0,128
clean,0,28,0,0.0035345633514225483,128,0.000894498050911352,128,-1.4435817848996537,128,0.0006444637838285416,128,-1.3947440171442222,128,0.0009451941878069192,128,-1.113322643380314,128,0.0006201335345394909,128,-1.482177688490796,128,-0.040410502768821126,128,0.7426725625991821,128,0.03096863627433777,128,0.7453988492488861,128,0.7530607283115387,128,0.7560147047042847,128,-0.015121310949325562,128,-0.003149271011352539,128,1.0,128
clean,0,28,1,0.029614320024847984,128,0.006377747980877757,128,-1.6081970616296637,128,0.006181786535307765,128,-1.497521711800189,128,0.026384174823760986,128,-0.18747835926297965,128,0.006784762255847454,128,-1.3878955067919865,128,-0.0994300498374969,128,0.7863674163818359,128,0.02116858959197998,128,0.7878306806087494,128,0.7998636364936829,128,0.8046855032444,128,-0.015840142965316772,128,-0.0011972486972808838,128,1.0,128
clean,0,28,2,0.030241764150559902,128,0.004042992368340492,128,-1.8553574631416094,128,0.0020712402183562517,128,-2.540350292963086,128,0.0239262692630291,128,-0.2602092606837494,128,0.0060784348752349615,128,-1.5036503452386007,128,0.6233059162107466,128,0.8668252527713776,128,0.011231690645217896,128,0.7933976054191589,128,0.807222843170166,128,0.8150220811367035,128,0.04400867223739624,128,0.06875669956207275,128,1.0,128
clean,0,28,3,0.06851435080170631,128,0.019294708967208862,128,-1.2142740072152816,128,0.009096174035221338,128,-1.9977326072780146,128,0.07472394406795502,128,0.09721166146820334,128,0.013663881458342075,128,-1.5622761564773233,128,0.771917517449279,128,0.743973582983017,128,0.019905775785446167,128,0.6066920161247253,128,0.6498140394687653,128,0.6625891327857971,128,0.07702553272247314,128,0.1279224157333374,128,5.0,128
clean,0,28,4,0.07075759395956993,128,0.013751262333244085,128,-1.4921523735306383,128,0.006319407606497407,128,-2.2219308190339278,128,0.0780763290822506,128,0.18804413482982157,128,0.01173797668889165,128,-1.6717655700300027,128,0.6847515688085062,128,0.7448895573616028,128,0.012229353189468384,128,0.6724331378936768,128,0.7009822726249695,128,0.7160717248916626,128,0.027343779802322388,128,0.0707516074180603,128,4.0,128
clean,0,28,5,0.12828180938959122,128,0.029840891249477863,128,-1.457378607614547,128,0.02467589732259512,128,-1.7341187164163927,128,0.11928372085094452,128,-0.09274144339336751,128,0.02798861637711525,128,-1.54655531636548,128,0.25369214299313847,128,0.7201266288757324,128,0.021258264780044556,128,0.6722972095012665,128,0.7020019292831421,128,0.7102790474891663,128,0.0034666359424591064,128,0.04471653699874878,128,11.0,128
clean,0,28,6,0.07640543207526207,128,0.0522338692098856,128,-0.3393839920478213,128,0.031881390139460564,128,-0.89263085864396,128,0.06925344839692116,128,-0.053468112784637215,128,0.03167370893061161,128,-0.8897522708838164,128,0.5471473310731474,128,0.6248135566711426,128,0.024656355381011963,128,0.6211193799972534,128,0.6336734294891357,128,0.6388284862041473,128,-0.01511460542678833,128,0.003269195556640625,128,6.0,128
clean,0,28,7,0.07779200375080109,128,0.02130381390452385,128,-1.3682853495376992,128,0.007065810030326247,128,-2.3468406656348657,128,0.10255051031708717,128,0.2620554039267825,128,0.010425773449242115,128,-1.9665516651957335,128,1.0520143629036536,128,0.6593450903892517,128,0.015273600816726685,128,0.6015949845314026,128,0.6455975472927094,128,0.6582953929901123,128,-0.007226675748825073,128,0.046201735734939575,128,10.0,128
clean,0,28,8,0.07244092971086502,128,0.0494826715439558,128,-0.41031027545250864,128,0.025957895442843437,128,-1.056658704459159,128,0.06792552396655083,128,-0.07299518405530259,128,0.027206293307244778,128,-0.9997656295184454,128,0.6367666816178562,128,0.765465646982193,128,0.0028196871280670166,128,0.7623660564422607,128,0.766059398651123,128,0.7671358585357666,128,-0.0015573203563690186,128,0.0018933117389678955,128,17.0,128
clean,0,28,9,0.09120883420109749,128,0.014390540774911642,128,-1.9627410006974593,128,0.007767325500026345,128,-2.633732974132055,128,0.05989755131304264,128,-0.3671248384955317,128,0.028127867728471756,128,-1.2386987657807116,128,0.5981011775637284,128,0.79217928647995,128,0.015840858221054077,128,0.7206489145755768,128,0.7633791565895081,128,0.769064337015152,128,0.020517617464065552,128,0.07811638712882996,128,6.0,128
clean,0,28,10,0.15364784747362137,128,0.04610821604728699,128,-1.3472342959800072,128,0.03536202572286129,128,-1.540442793103785,128,0.13068724423646927,128,-0.14735221484175767,128,0.04301925376057625,128,-1.3266542766179406,128,0.1669969930092956,128,0.5861355364322662,128,0.03105655312538147,128,0.5408746898174286,128,0.5544795095920563,128,0.569739818572998,128,-0.0003865063190460205,128,0.0476192831993103,128,11.0,128
clean,0,28,11,0.06868308410048485,128,0.05127763748168945,128,-0.26536718354683375,128,0.028939727693796158,128,-0.9008394050758715,128,0.06475561857223511,128,-0.06157668603314108,128,0.029441374354064465,128,-0.8613057175476756,128,0.6244679543985933,128,0.7784121334552765,128,0.005899697542190552,128,0.7807838618755341,128,0.7841687202453613,128,0.7847688794136047,128,-0.0034949779510498047,128,0.0013160109519958496,128,11.0,128
clean,0,29,0,0.09317496791481972,128,0.04727381281554699,128,-0.6005821870394333,128,0.026059184223413467,128,-1.2186147302019887,128,0.08592622727155685,128,-0.0445958747615022,128,0.025295119732618332,128,-1.2533387052065708,128,0.6415962049019179,128,0.49055375158786774,128,0.013933584094047546,128,0.4820842742919922,128,0.49864625930786133,128,0.5012336075305939,128,-0.010380208492279053,128,0.00669194757938385,128,12.0,128
clean,0,29,1,0.0669364482164383,128,0.006040286039933562,128,-2.5230600025261976,128,0.003186487127095461,128,-3.0166034748573187,128,0.06145396642386913,128,-0.04248971954989965,128,0.005993124330416322,128,-2.353783416892819,128,0.5621042289905525,128,0.8192425966262817,128,0.00657576322555542,128,0.7316619157791138,128,0.75981205701828,128,0.7693490087985992,128,0.04708564281463623,128,0.08090731501579285,128,6.0,128
clean,0,29,2,0.0994010902941227,128,0.06661192700266838,128,-0.407478233356357,128,0.03902903385460377,128,-0.9797643983400233,128,0.09478767588734627,128,-0.03757689078566318,128,0.03961498849093914,128,-0.9949855910123122,128,0.5731357755697359,128,0.6224194169044495,128,0.012929588556289673,128,0.6161422431468964,128,0.6297475099563599,128,0.6340169906616211,128,-0.012955844402313232,128,0.006670087575912476,128,6.0,128
clean,0,29,3,0.03605722263455391,128,0.004385860403999686,128,-1.985122322600715,128,0.0015658235060982406,128,-3.0139538723480577,128,0.023547358810901642,128,-0.397449781095645,128,0.007604058599099517,128,-1.583855647820426,128,0.9390176882248087,128,0.7787344455718994,128,0.014952927827835083,128,0.6194537878036499,128,0.6534076035022736,128,0.6696684956550598,128,0.09613963961601257,128,0.1493898630142212,128,2.0,128
clean,0,29,4,0.08223216235637665,128,0.02408028207719326,128,-1.1500313473702026,128,0.014090369455516338,128,-1.7032224710416413,128,0.07670795544981956,128,-0.06849948528564512,128,0.015425584744662046,128,-1.6771978314921676,128,0.5619247126479192,128,0.7368244528770447,128,0.01690465211868286,128,0.7230451703071594,128,0.7425563931465149,128,0.7459284961223602,128,-0.012417465448379517,128,0.009984880685806274,128,4.0,128
clean,0,29,5,0.10660000145435333,128,0.04909122735261917,128,-0.7976643677924705,128,0.017004582099616528,128,-1.823485396877346,128,0.1287311539053917,128,0.10368284647164358,128,0.01879083178937435,128,-1.6503015406370745,128,1.053062899666466,128,0.8587125241756439,128,0.010168254375457764,128,0.8493213951587677,128,0.8668640553951263,128,0.8690007328987122,128,-0.00879812240600586,128,0.007919847965240479,128,16.0,128
clean,0,29,6,0.050236593931913376,128,0.005384394433349371,128,-2.2663789909504524,128,0.0020909601589664817,128,-3.127696097644372,128,0.057770343497395515,128,0.10592552387014097,128,0.00476002087816596,128,-2.3748009988646337,128,0.9345237023010444,128,0.8448989987373352,128,0.008547753095626831,128,0.7442193627357483,128,0.7758786678314209,128,0.7870747745037079,128,0.04943627119064331,128,0.08778661489486694,128,2.0,128
clean,0,29,7,0.09917294979095459,128,0.02220455091446638,128,-1.423614343180161,128,0.018746448680758476,128,-1.621195820543259,128,0.09673755243420601,128,0.06399722276601526,128,0.02669794298708439,128,-1.3129808955630886,128,0.1637882719994403,128,0.6578965783119202,128,0.024705201387405396,128,0.514887660741806,128,0.5511471629142761,128,0.568809449672699,128,0.0798138976097107,128,0.12610429525375366,128,5.5,128
clean,0,29,8,0.03850219585001469,128,0.0028727278113365173,128,-2.5833410173340665,128,0.0027314189355820417,128,-2.615510884050578,128,0.03217083215713501,128,-0.1866207196276733,128,0.005829970818012953,128,-1.8862036108742015,128,0.05388210634428145,128,0.8069647550582886,128,0.016393661499023438,128,0.6595205664634705,128,0.6840282380580902,128,0.6981222629547119,128,0.09555131196975708,128,0.14620253443717957,128,1.0,128
clean,0,29,9,0.04115676321089268,128,0.03672877699136734,128,-0.1403478150470232,128,0.03656860254704952,128,-0.14230715271007274,128,0.03815152868628502,128,-0.11982033398290595,128,0.037147508934140205,128,-0.13375160012813386,128,-0.0049179915391565476,128,0.9761131703853607,128,0.0033725202083587646,128,0.9765169024467468,128,0.9774145483970642,128,0.9774594306945801,128,-0.0006997287273406982,128,0.0010308623313903809,128,12.0,128
clean,0,29,10,0.09132910147309303,128,0.02401952352374792,128,-1.277807671993957,128,0.013178450986742973,128,-1.8677997994678468,128,0.09933242201805115,128,0.11898028530432211,128,0.014475403819233179,128,-1.7872584957041642,128,0.5547678352323664,128,0.6583163738250732,128,0.021326333284378052,128,0.6002588272094727,128,0.6401554048061371,128,0.6587644517421722,128,0.009967833757400513,128,0.046411365270614624,128,12.0,128
clean,0,29,11,0.10949702933430672,128,0.05448245443403721,128,-0.6334909012730909,128,0.022099011577665806,128,-1.6732479853404434,128,0.11313892528414726,128,0.06507724074909989,128,0.025267941877245903,128,-1.39837876180914,128,0.9102977950836726,128,0.8409143686294556,128,0.011852443218231201,128,0.8225979506969452,128,0.8406262397766113,128,0.8463581502437592,128,-0.005016058683395386,128,0.013379037380218506,128,11.0,128
noisy,500,0,0,0.07543444633483887,128,0.036392055451869965,128,-0.6761328043647086,128,0.009007238782942295,128,-2.1403502497211075,128,0.060321975499391556,128,-0.26101535000999293,128,0.017403772100806236,128,-1.5813547726660353,128,1.5195436835209306,128,0.5028005242347717,128,0.04475165903568268,128,0.48562091588974,128,0.5491754412651062,128,0.5653054416179657,128,-0.07209508121013641,128,0.009050488471984863,128,5.0,128
noisy,500,0,1,0.023739934898912907,128,0.00326636026147753,128,-1.8846944484256714,128,0.0028778553241863847,128,-2.0602915633213144,128,0.01831232290714979,128,-0.24919831923853591,128,0.0033275793539360166,128,-1.964542222174248,128,0.12685601826829462,128,0.8071970045566559,128,0.038424521684646606,128,0.8040860295295715,128,0.8171378374099731,128,0.8180595636367798,128,-0.00943264365196228,128,0.0012743771076202393,128,1.0,128
noisy,500,0,2,0.11194900423288345,128,0.007476095343008637,128,-2.6844546975901613,128,0.003323937300592661,128,-3.4258988449161145,128,0.10379648208618164,128,-0.07369830169872615,128,0.02460339479148388,128,-1.6285505568702225,128,0.7629718970792229,128,0.33944274485111237,128,0.03732188791036606,128,0.3220715820789337,128,0.48584021627902985,128,0.4960785508155823,128,-0.1389116421341896,128,0.017300814390182495,128,17.0,128
noisy,500,0,3,0.10305752605199814,128,0.0013100402429699898,128,-4.271463503638403,128,0.0006127562664914876,128,-4.9396207899646445,128,0.10661585256457329,128,0.016376005602455876,128,0.020314921624958515,128,-1.6860043209065179,128,0.6439523306561676,128,0.21291223913431168,128,0.027647990733385086,128,0.16210128366947174,128,0.399133563041687,128,0.4204380065202713,128,-0.18134255707263947,128,0.017725229263305664,128,10.0,128
noisy,500,0,4,0.053508033975958824,128,0.03356732055544853,128,-0.4529573530534594,128,0.01800702605396509,128,-1.1769631753541308,128,0.056270426139235497,128,-0.022308180238814174,128,0.017826450057327747,128,-1.1521774165361753,128,0.7012347233807841,128,0.7439450621604919,128,0.06831154227256775,128,0.7441552877426147,128,0.7495033144950867,128,0.750420093536377,128,-0.006929159164428711,128,0.0003463327884674072,128,18.0,128
noisy,500,0,5,0.06721800938248634,128,0.04920812323689461,128,-0.3699269013171971,128,0.01978326216340065,128,-1.2903944065652928,128,0.07279316708445549,128,-0.034093537363307905,128,0.0197988860309124,128,-1.284526344106634,128,0.9193165556162839,128,0.7832421362400055,128,0.02667832374572754,128,0.7830953001976013,128,0.7934569418430328,128,0.7965646386146545,128,-0.00863415002822876,128,-0.001116722822189331,128,17.0,128
noisy,500,0,6,0.08504734933376312,128,0.03626486659049988,128,-0.851969697462883,128,0.028566446155309677,128,-1.0747733637494452,128,0.07319574803113937,128,-0.14361964925716225,128,0.03021690621972084,128,-1.0361297918477042,128,0.26371863551247376,128,0.694860428571701,128,0.03832823038101196,128,0.6862446963787079,128,0.7164008319377899,128,0.7243471741676331,128,-0.03254115581512451,128,0.0025250613689422607,128,6.0,128
noisy,500,0,7,0.07420989871025085,128,0.009208668489009142,128,-2.1640606413043773,128,0.00690860697068274,128,-2.4210058992188204,128,0.07251039519906044,128,-0.0586306557281725,128,0.009173078928142786,128,-2.088136591714717,128,0.2865124601417002,128,0.8101959228515625,128,0.016500204801559448,128,0.8014959096908569,128,0.8158897459506989,128,0.8184910118579865,128,-0.008249551057815552,128,0.0100555419921875,128,5.0,128
noisy,500,0,8,0.11077254638075829,128,0.0007950171420816332,128,-4.788512246493932,128,0.0004982980026397854,128,-5.131531969892268,128,0.11637816578149796,128,0.027058833891360837,128,0.022828071378171444,128,-1.568640470813957,128,0.3475269820820277,128,0.2689658850431442,128,0.018104076385498047,128,0.20820610225200653,128,0.37170179188251495,128,0.3883483409881592,128,-0.13386836647987366,128,0.030630437657237053,128,12.0,128
noisy,500,0,9,0.12102484330534935,128,0.03201216831803322,128,-1.3843356011070114,128,0.017697409726679325,128,-1.9493284285534735,128,0.11843858659267426,128,-0.060313388605952714,128,0.042241377755999565,128,-1.1381015311210674,128,0.5839207109783255,128,0.33777767419815063,128,0.050051674246788025,128,0.31591033935546875,128,0.41547712683677673,128,0.43146851658821106,128,-0.10938453301787376,128,0.011292405426502228,128,18.0,128
noisy,500,0,10,0.1826484501361847,128,0.0844329409301281,128,-0.72539225756558,128,0.027135376818478107,128,-1.9256765565758835,128,0.1334359347820282,128,-0.3032381772999506,128,0.055391669273376465,128,-1.1850091625150354,128,1.1666280095555677,128,0.7887246906757355,128,0.026549845933914185,128,0.7828630805015564,128,0.8089598119258881,128,0.8132489025592804,128,-0.020306110382080078,128,0.00353124737739563,128,18.0,128
noisy,500,0,11,0.051270704716444016,128,0.03151419945061207,128,-0.5267784270168238,128,0.01180583517998457,128,-1.522140623215365,128,0.04993421770632267,128,-0.0435024642372704,128,0.011898659635335207,128,-1.4863572959843065,128,0.9741007790378334,128,0.7917844653129578,128,0.016699939966201782,128,0.7893679738044739,128,0.797462522983551,128,0.7988157272338867,128,-0.0071923136711120605,128,0.0011936426162719727,128,18.0,128
noisy,500,1,0,0.043213943019509315,128,0.006995146861299872,128,-1.7893357055976904,128,0.0029980078106746078,128,-2.628394944121049,128,0.03383120894432068,128,-0.2292991263439249,128,0.003998160362243652,128,-2.3206596637372465,128,0.6833248244419423,128,0.8424643576145172,128,0.01114693284034729,128,0.8312653005123138,128,0.8479302227497101,128,0.8523906469345093,128,-0.006944566965103149,128,0.010125160217285156,128,5.0,128
noisy,500,1,1,0.1207594946026802,128,0.03251791186630726,128,-1.3592746566130338,128,0.029718639329075813,128,-1.4778630342798071,128,0.10108495503664017,128,-0.15724452653235027,128,0.03415732830762863,128,-1.2723125642703352,128,0.1839239531168157,128,0.5363185107707977,128,0.05604995787143707,128,0.5038018226623535,128,0.5357449054718018,128,0.5525882542133331,128,-0.013122081756591797,128,0.031048446893692017,128,11.0,128
noisy,500,1,2,0.04641679860651493,128,0.01744462177157402,128,-1.0380061566453256,128,0.005635018460452557,128,-2.0870039487272933,128,0.038207272067666054,128,-0.16628490979077454,128,0.005495274905115366,128,-2.048599838438289,128,1.0118249351680189,128,0.7030028104782104,128,0.01455068588256836,128,0.6916143596172333,128,0.7077053189277649,128,0.7121963798999786,128,-0.01001042127609253,128,0.011344581842422485,128,3.0,128
noisy,500,1,3,0.06277526915073395,128,0.029188021086156368,128,-0.7435065774207672,128,0.01267299335449934,128,-1.5734423226112941,128,0.05489793419837952,128,-0.15347255103723922,128,0.012609567493200302,128,-1.6158630858170453,128,0.8024092923218902,128,0.6990330219268799,128,0.01706850528717041,128,0.6900908946990967,128,0.7030029296875,128,0.7063858807086945,128,-0.008134245872497559,128,0.004935085773468018,128,12.0,128
noisy,500,1,4,0.03782251849770546,128,0.0162188857793808,128,-0.800034934432341,128,0.01312475511804223,128,-1.077463277600431,128,0.03233589977025986,128,-0.18895432249740385,128,0.012757504358887672,128,-1.0866047783071866,128,0.1992046879470313,128,0.8136261999607086,128,0.031011879444122314,128,0.7974865734577179,128,0.8092349171638489,128,0.8116134405136108,128,0.0007943809032440186,128,0.010898470878601074,128,1.0,128
noisy,500,1,5,0.07071969285607338,128,0.007892831694334745,128,-2.0169241726668963,128,0.005117149092257023,128,-2.7289404491114784,128,0.0643024779856205,128,-0.31539116321545524,128,0.0071149240247905254,128,-2.5403386436039934,128,0.6576745854339009,128,0.4084487706422806,128,0.0076054781675338745,128,0.40677616000175476,128,0.4308907687664032,128,0.43576382100582123,128,-0.03186410665512085,128,0.003205612301826477,128,8.0,128
noisy,500,1,6,0.12626271694898605,128,0.07390650361776352,128,-0.613927650377653,128,0.016781277023255825,128,-2.204852074664073,128,0.10657665133476257,128,-0.1703799650943887,128,0.016334843821823597,128,-2.0737182929732096,128,1.5955135468320716,128,0.37862060964107513,128,0.04862670600414276,128,0.38939104974269867,128,0.4150357246398926,128,0.4282815307378769,128,-0.06529529392719269,128,-0.0035726428031921387,128,16.0,128
noisy,500,1,7,0.03739616833627224,128,0.01834271289408207,128,-0.5465190587459697,128,0.00316958618350327,128,-2.4214522498692554,128,0.029011891223490238,128,-0.23913189685512792,128,0.009500944055616856,128,-1.273881422743234,128,1.8208138399498175,128,0.6697295010089874,128,0.008334100246429443,128,0.4930786192417145,128,0.5524021983146667,128,0.5771583616733551,128,0.08005255460739136,128,0.1520279347896576,128,5.0,128
noisy,500,1,8,0.10786895453929901,128,0.04111408442258835,128,-0.877407646439123,128,0.02700158581137657,128,-1.3516407487981081,128,0.08345252647995949,128,-0.2455961459446641,128,0.03272640518844128,128,-1.1881786091375433,128,0.44939294153576803,128,0.6668238639831543,128,0.02747523784637451,128,0.6260423064231873,128,0.6621071100234985,128,0.6772055625915527,128,-0.010940641164779663,128,0.038619667291641235,128,5.0,128
noisy,500,1,9,0.08184719830751419,128,0.03337400034070015,128,-0.9047035489753633,128,0.011235325131565332,128,-2.19482380405498,128,0.08567622303962708,128,-0.10590711678003556,128,0.011768566444516182,128,-2.1432785491333943,128,1.2399373815330785,128,0.8417037129402161,128,0.011358141899108887,128,0.8371813893318176,128,0.8550104200839996,128,0.8557547032833099,128,-0.014482766389846802,128,0.0015971362590789795,128,7.0,128
noisy,500,1,10,0.06095174513757229,128,0.010609299410134554,128,-1.6411588550907092,128,0.00848425691947341,128,-1.90264210061693,128,0.05005912110209465,128,-0.21522882288984416,128,0.010461783036589622,128,-1.7045268846877022,128,0.3113023594783719,128,0.6945671141147614,128,0.013561040163040161,128,0.5997928082942963,128,0.6330114901065826,128,0.6473095118999481,128,0.02677321434020996,128,0.08377480506896973,128,9.0,128
noisy,500,1,11,0.06497382000088692,128,0.012585654389113188,128,-1.6017455620876238,128,0.004069668473675847,128,-2.762953200216827,128,0.04462534189224243,128,-0.3172090144392603,128,0.014344474766403437,128,-1.4542902626693621,128,1.1383937051276396,128,0.552002489566803,128,0.02258630096912384,128,0.4721091240644455,128,0.5234671235084534,128,0.5365705490112305,128,0.023484408855438232,128,0.0898207426071167,128,2.0,128
noisy,500,2,0,0.054473064839839935,128,0.008274401538074017,128,-1.774785456370394,128,0.0029505122220143676,128,-2.7959667289491095,128,0.048038411885499954,128,-0.15651425538255448,128,0.014945036731660366,128,-1.1661624740943979,128,0.9574972758341914,128,0.6637851595878601,128,0.011932224035263062,128,0.5282006561756134,128,0.5614433288574219,128,0.5827986001968384,128,0.07546257972717285,128,0.13151466846466064,128,2.0,128
noisy,500,2,1,0.06651174277067184,128,0.0093157310038805,128,-1.9143981196894675,128,0.0038796833250671625,128,-2.7705957261775493,128,0.0647980123758316,128,-0.0646275768492317,128,0.015347621869295835,128,-1.4573200732590554,128,0.8520633860481281,128,0.587793618440628,128,0.02321949601173401,128,0.5068475306034088,128,0.5669233798980713,128,0.5816811621189117,128,0.008962363004684448,128,0.06876921653747559,128,2.0,128
noisy,500,2,2,0.05195779725909233,128,0.016317440196871758,128,-1.026130564225538,128,0.005068369675427675,128,-2.298848284492509,128,0.041392479091882706,128,-0.18233619286465313,128,0.006573915248736739,128,-2.0663734821886797,128,1.2747895282420012,128,0.8506117165088654,128,0.006055891513824463,128,0.8321170210838318,128,0.8519300818443298,128,0.8540570437908173,128,-0.009487330913543701,128,0.013727575540542603,128,2.0,128
noisy,500,2,3,0.06260525062680244,128,0.038289936259388924,128,-0.54402705836032,128,0.018375816754996777,128,-1.231742938038273,128,0.05866895988583565,128,-0.09155049405165681,128,0.018962987698614597,128,-1.2163347103423436,128,0.7172079847575583,128,0.6873298287391663,128,0.010715782642364502,128,0.6834315657615662,128,0.6928887367248535,128,0.6981037557125092,128,-0.007196187973022461,128,0.005118638277053833,128,6.0,128
noisy,500,2,4,0.10070911794900894,128,0.08120135590434074,128,-0.27215947395561046,128,0.030696600675582886,128,-1.1800814240938893,128,0.10969177260994911,128,0.015351657672255915,128,0.03190198540687561,128,-1.1868908299031702,128,0.9138840853018764,128,0.7731551826000214,128,0.01881486177444458,128,0.7586741745471954,128,0.7821322977542877,128,0.7863232493400574,128,-0.012037485837936401,128,0.013562619686126709,128,17.0,128
noisy,500,2,5,0.08831397071480751,128,0.038382720202207565,128,-0.8116543635456075,128,0.016225998289883137,128,-1.6589606748870498,128,0.08075641840696335,128,-0.021837002390122227,128,0.02027784939855337,128,-1.3862631501502345,128,0.824435040613601,128,0.587512880563736,128,0.025815695524215698,128,0.5931890904903412,128,0.6183662414550781,128,0.6255258321762085,128,-0.03092464804649353,128,0.0021274983882904053,128,7.0,128
noisy,500,2,6,0.07908022403717041,128,0.016673587262630463,128,-1.530612407897575,128,0.005030554952099919,128,-2.745392465717589,128,0.07366188988089561,128,-0.06407126324631557,128,0.02063382137566805,128,-1.3295042317751447,128,1.209437747369738,128,0.5938800573348999,128,0.017886698246002197,128,0.4708431661128998,128,0.5283219814300537,128,0.545032799243927,128,0.045008882880210876,128,0.11274656653404236,128,1.0,128
noisy,500,2,7,0.08100980520248413,128,0.0647335909307003,128,-0.23904991784985727,128,0.03712894767522812,128,-0.8349956285450804,128,0.07742556929588318,128,-0.09674119719461263,128,0.03792417608201504,128,-0.8251314525511364,128,0.5985157704490522,128,0.4893646538257599,128,0.04298682510852814,128,0.4785126745700836,128,0.4939510077238083,128,0.4942527562379837,128,-0.008562743663787842,128,0.008339792490005493,128,7.0,128
noisy,500,2,8,0.06994686275720596,128,0.041540272533893585,128,-0.45278091748298777,128,0.02531884703785181,128,-0.9589961207835117,128,0.06541953980922699,128,-0.07763502807323219,128,0.02584274299442768,128,-0.9656920063586314,128,0.5251036991642868,128,0.7427144050598145,128,0.03355520963668823,128,0.7286846041679382,128,0.7399500608444214,128,0.7425737679004669,128,-0.005216419696807861,128,0.006224840879440308,128,6.0,128
noisy,500,2,9,0.07412782683968544,128,0.022814538329839706,128,-1.2356267770368996,128,0.007867521606385708,128,-2.246441526524773,128,0.07322787865996361,128,0.027826913818546253,128,0.0129646728746593,128,-1.698107769908317,128,1.0171498892272557,128,0.7226851880550385,128,0.011765748262405396,128,0.728140264749527,128,0.7519900500774384,128,0.7586512863636017,128,-0.0354594886302948,128,-0.001307845115661621,128,9.0,128
noisy,500,2,10,0.11435887217521667,128,0.026759748347103596,128,-1.4392517326391188,128,0.022714411839842796,128,-1.5706957639862686,128,0.08804124593734741,128,-0.30951488198457544,128,0.03350815176963806,128,-1.280627862280178,128,0.09025422277961762,128,0.643849104642868,128,0.031417250633239746,128,0.6253882050514221,128,0.6571149230003357,128,0.6633374691009521,128,-0.017031490802764893,128,0.01718086004257202,128,6.0,128
noisy,500,2,11,0.06352582946419716,128,0.02427581325173378,128,-0.9513502626956014,128,0.01290623564273119,128,-1.4817300896490062,128,0.05639607645571232,128,-0.11495802900306332,128,0.014887995086610317,128,-1.468913654355179,128,0.585005431980435,128,0.5330261588096619,128,0.019568338990211487,128,0.5245012044906616,128,0.5372742116451263,128,0.542210042476654,128,-0.010115757584571838,128,0.011895224452018738,128,6.0,128
noisy,500,3,0,0.09174371138215065,128,0.05692816525697708,128,-0.4515259718381693,128,0.03051411174237728,128,-1.1054463251244615,128,0.07829897105693817,128,-0.16422321979064114,128,0.031046605668962002,128,-1.1343682867625307,128,0.6783226416472219,128,0.33302275836467743,128,0.024989396333694458,128,0.30936966836452484,128,0.34925080835819244,128,0.35690030455589294,128,-0.02540893852710724,128,0.012627765536308289,128,10.0,128
noisy,500,3,1,0.10951188951730728,128,0.012716139201074839,128,-2.0404867510458367,128,0.011740429326891899,128,-2.244549631125846,128,0.11069603636860847,128,-0.01700063020086925,128,0.015155604109168053,128,-1.9484907759961918,128,0.2635869403236457,128,0.17123232036828995,128,0.02323898673057556,128,0.1644865795969963,128,0.20405259728431702,128,0.21419303864240646,128,-0.042030565440654755,128,0.01576228439807892,128,11.0,128
noisy,500,3,2,0.1256602182984352,128,0.04007990472018719,128,-1.1201298878073294,128,0.03114289790391922,128,-1.3998647877627133,128,0.09248490631580353,128,-0.28131674175949556,128,0.04000641219317913,128,-1.1879680767387872,128,0.26183245979724,128,0.6449041664600372,128,0.044779494404792786,128,0.6082843840122223,128,0.6510991454124451,128,0.6591116786003113,128,-0.012635111808776855,128,0.029062777757644653,128,5.0,128
noisy,500,3,3,0.07955799996852875,128,0.009692772291600704,128,-2.088523272352967,128,0.0049558463506400585,128,-2.7114397358796873,128,0.0802464559674263,128,-0.024865175623659752,128,0.04273238219320774,128,-0.6753468772673026,128,0.6262325058595757,128,0.4492488205432892,128,0.014339134097099304,128,0.3336271494626999,128,0.38857439160346985,128,0.419369101524353,128,0.045869484543800354,128,0.12008924782276154,128,5.0,128
noisy,500,3,4,0.18062200397253036,128,0.07707656547427177,128,-0.8695206629522745,128,0.057823074981570244,128,-1.2265189280778444,128,0.17132657021284103,128,-0.1414088320479583,128,0.06970616430044174,128,-1.0185308257155756,128,0.36176678789885924,128,0.54115030169487,128,0.03833548724651337,128,0.5125164687633514,128,0.5511971414089203,128,0.5552751123905182,128,-0.0061719417572021484,128,0.03391236066818237,128,18.0,128
noisy,500,3,5,0.038321804255247116,128,0.005506853573024273,128,-1.9024279672635152,128,0.002448193496093154,128,-2.7033300079822755,128,0.03418099693953991,128,-0.15075882144261527,128,0.019937091507017612,128,-0.5789236462534884,128,0.7816829693964094,128,0.6411884725093842,128,0.011185884475708008,128,0.527072936296463,128,0.5638502240180969,128,0.5846375524997711,128,0.047704219818115234,128,0.11177939176559448,128,11.0,128
noisy,500,3,6,0.047081099823117256,128,0.007686289260163903,128,-1.7754462723168731,128,0.0018416717648506165,128,-3.1825940592695163,128,0.04092119261622429,128,-0.1470804950592109,128,0.019638231955468655,128,-0.7927428540548014,128,1.4087869413235954,128,0.5403492152690887,128,0.012427747249603271,128,0.3938068598508835,128,0.4293127655982971,128,0.45535415410995483,128,0.08073456585407257,128,0.16795822978019714,128,5.0,128
noisy,500,3,7,0.09315784648060799,128,0.057022932916879654,128,-0.4560003962087986,128,0.03457094542682171,128,-0.9701493110869587,128,0.0774688608944416,128,-0.191863578980455,128,0.03529206104576588,128,-0.9650777154184241,128,0.5146619383740207,128,0.5426624417304993,128,0.01972329616546631,128,0.5365079045295715,128,0.5729277729988098,128,0.5794348120689392,128,-0.03202810883522034,128,0.002616792917251587,128,16.0,128
noisy,500,3,8,0.08382663875818253,128,0.009923620149493217,128,-2.067102266134061,128,0.0076537663117051125,128,-2.498255967373223,128,0.07613912597298622,128,-0.1549054741166443,128,0.01581811998039484,128,-1.7660719703640648,128,0.4748628921622482,128,0.6393141448497772,128,0.015425413846969604,128,0.5785209238529205,128,0.6259281635284424,128,0.6368917226791382,128,-0.0036952197551727295,128,0.052855297923088074,128,8.0,128
noisy,500,3,9,0.07644914090633392,128,0.012244508136063814,128,-1.8834181741206697,128,0.004378004698082805,128,-2.8296339823419663,128,0.0722956582903862,128,-0.07857525169511456,128,0.030199031345546246,128,-0.9589509102679313,128,0.9546825690859992,128,0.624700516462326,128,0.013595879077911377,128,0.5636903643608093,128,0.6028196215629578,128,0.6105902194976807,128,0.01592838764190674,128,0.0714169442653656,128,7.0,128
noisy,500,3,10,0.08380335569381714,128,0.011783287860453129,128,-1.9065941511140845,128,0.005612685577943921,128,-2.713770747489479,128,0.08209136500954628,128,0.0008392450639448422,128,0.05087785795331001,128,-0.511339794979039,128,0.6898187721874665,128,0.49254047870635986,128,0.019165337085723877,128,0.3878532201051712,128,0.4530714750289917,128,0.4819795489311218,128,0.008008822798728943,128,0.09328776597976685,128,2.0,128
noisy,500,3,11,0.08615832775831223,128,0.010645381640642881,128,-2.036492869194003,128,0.004748470615595579,128,-2.906822286360588,128,0.08059514313936234,128,-0.11188084574105053,128,0.014307796023786068,128,-1.7193805627089047,128,0.8465503665224317,128,0.5900525748729706,128,0.021814078092575073,128,0.5362533330917358,128,0.5641664266586304,128,0.5830778479576111,128,0.017298221588134766,128,0.0741722583770752,128,1.0,128
noisy,500,4,0,0.11099855229258537,128,0.055150048807263374,128,-0.7184295571255972,128,0.017055382952094078,128,-1.8640371921179233,128,0.11268724873661995,128,-0.0431682527180105,128,0.019012192264199257,128,-1.7242399905124064,128,1.1084516242133562,128,0.6247929930686951,128,0.023417681455612183,128,0.6000402569770813,128,0.6307587921619415,128,0.633996307849884,128,-0.017495781183242798,128,0.026963576674461365,128,6.0,128
noisy,500,4,1,0.04496939852833748,128,0.012547006364911795,128,-1.1312490945008733,128,0.003382899798452854,128,-2.51407595662688,128,0.03735131397843361,128,-0.1406877404208895,128,0.018716742284595966,128,-0.8730171248534659,128,1.3853150867380442,128,0.5483283698558807,128,0.015190750360488892,128,0.4084998071193695,128,0.5098659694194794,128,0.5262835621833801,128,0.03857199847698212,128,0.1403428465127945,128,4.0,128
noisy,500,4,2,0.08308418095111847,128,0.017819156870245934,128,-1.5013944842112514,128,0.014037153217941523,128,-1.761129439854594,128,0.06848853453993797,128,-0.0688870570294017,128,0.04027150198817253,128,-0.7236634282907757,128,0.2416568638846549,128,0.6604943573474884,128,0.018623322248458862,128,0.6185451447963715,128,0.6531567573547363,128,0.6631474494934082,128,-0.004705995321273804,128,0.035688042640686035,128,6.0,128
noisy,500,4,3,0.07691507041454315,128,0.062002623453736305,128,-0.3047618363422637,128,0.05870422348380089,128,-0.38973050641096463,128,0.07445959746837616,128,-0.14395125948899348,128,0.05762048438191414,128,-0.412441304560797,128,0.05355902664389357,128,0.8084476292133331,128,0.04661586880683899,128,0.7994125187397003,128,0.81061652302742,128,0.8164814710617065,128,-0.004827648401260376,128,0.011733949184417725,128,7.0,128
noisy,500,4,4,0.13809292018413544,128,0.05092442035675049,128,-0.9463464461522468,128,0.028113653883337975,128,-1.555463854803761,128,0.14303544163703918,128,-0.002026299820580345,128,0.049628399312496185,128,-1.048688754711637,128,0.5638332704671354,128,0.5806556344032288,128,0.034672811627388,128,0.5231714844703674,128,0.5722571909427643,128,0.5787789523601532,128,-0.008455812931060791,128,0.05716928839683533,128,12.0,128
noisy,500,4,5,0.08376344293355942,128,0.060358503833413124,128,-0.3466069441682911,128,0.03443843871355057,128,-0.9589327470247861,128,0.08359403535723686,128,-0.05464182062844722,128,0.03249622695147991,128,-0.9830569319132028,128,0.5998589535669117,128,0.41812627017498016,128,0.028202787041664124,128,0.389007031917572,128,0.4347729831933975,128,0.4349733889102936,128,-0.017791569232940674,128,0.020441383123397827,128,14.0,128
noisy,500,4,6,0.100229911506176,128,0.008105761371552944,128,-2.4112907047097143,128,0.003793422132730484,128,-3.24018728433306,128,0.11421815305948257,128,0.05384818539906853,128,0.013230017852038145,128,-2.0521744654241285,128,0.8060942518653449,128,0.6224389672279358,128,0.013462960720062256,128,0.6022988259792328,128,0.6421636343002319,128,0.6503269672393799,128,-0.027160197496414185,128,0.02028024196624756,128,2.0,128
noisy,500,4,7,0.08233275637030602,128,0.010054077487438917,128,-2.0196436225778287,128,0.005765448557212949,128,-2.600084101032104,128,0.08153929188847542,128,-0.00799952311768658,128,0.012943176086992025,128,-1.8237921573370537,128,0.5738888469406028,128,0.7640512883663177,128,0.008349180221557617,128,0.7206949889659882,128,0.756211131811142,128,0.7630440592765808,128,-0.0023305416107177734,128,0.03435519337654114,128,10.0,128
noisy,500,4,8,0.13390087336301804,128,0.03836062178015709,128,-1.1869846556908303,128,0.01147549832239747,128,-2.338585522828665,128,0.1349276527762413,128,0.0030027810718825545,128,0.0544334277510643,128,-0.9600715327490075,128,1.1923740037280859,128,0.634378582239151,128,0.01570311188697815,128,0.5527066886425018,128,0.6086742579936981,128,0.6230845153331757,128,0.012953460216522217,128,0.06675952672958374,128,9.0,128
noisy,500,4,9,0.12969271838665009,128,0.021119107492268085,128,-1.761667259701924,128,0.012554182205349207,128,-2.319827386407669,128,0.15346597880125046,128,0.11747116555586429,128,0.028668899089097977,128,-1.502296926427603,128,0.6149790134165292,128,0.4138517826795578,128,0.025570794939994812,128,0.36551743745803833,128,0.4240584075450897,128,0.44683636724948883,128,-0.03244376182556152,128,0.04633969068527222,128,5.0,128
noisy,500,4,10,0.0696389377117157,128,0.00965234125033021,128,-2.0007879582137282,128,0.0055072016548365355,128,-2.5523520727328908,128,0.06239238753914833,128,-0.07581629344264065,128,0.01070588268339634,128,-1.8691292811682103,128,0.6174929890179011,128,0.7078301310539246,128,0.01210707426071167,128,0.6686131358146667,128,0.7025203108787537,128,0.7096373438835144,128,-0.004114329814910889,128,0.03522494435310364,128,5.5,128
noisy,500,4,11,0.07659637182950974,128,0.021487330086529255,128,-1.2407685954875909,128,0.009678365662693977,128,-2.0787338664265578,128,0.0738360658288002,128,-0.02746256429077349,128,0.030311457812786102,128,-0.954587597543335,128,0.8155966693336794,128,0.6556414365768433,128,0.016976207494735718,128,0.5640791654586792,128,0.6018908023834229,128,0.6182737648487091,128,0.041685670614242554,128,0.08927217125892639,128,7.0,128
noisy,500,5,0,0.045469969511032104,128,0.011737867258489132,128,-1.2710551236136318,128,0.009827184956520796,128,-1.475981819233139,128,0.03408479690551758,128,-0.24666687866071965,128,0.011074224952608347,128,-1.3793084907368571,128,0.03343628458773499,128,0.7413720786571503,128,0.023743003606796265,128,0.7246437668800354,128,0.7406111061573029,128,0.745188981294632,128,-0.003460526466369629,128,0.021146327257156372,128,5.0,128
noisy,500,5,1,0.09774230420589447,128,0.03519953601062298,128,-1.0566076812781273,128,0.02115260437130928,128,-1.5256246219503633,128,0.10154208913445473,128,0.007697806058583238,128,0.020686442032456398,128,-1.5551958357297222,128,0.5035658173748045,128,0.6558242440223694,128,0.014128416776657104,128,0.65105801820755,128,0.6634410619735718,128,0.6664658784866333,128,-0.010549962520599365,128,0.006945431232452393,128,6.0,128
noisy,500,5,2,0.18497846275568008,128,0.14845283329486847,128,-0.26284644783588473,128,0.08989018574357033,128,-0.8213950144846283,128,0.17512302845716476,128,-0.09615046456937912,128,0.09642500057816505,128,-0.7775483183687946,128,0.5405323306365735,128,0.6120225191116333,128,0.0673394501209259,128,0.5910432040691376,128,0.6143518686294556,128,0.6252987086772919,128,-0.0035701096057891846,128,0.021501362323760986,128,18.0,128
noisy,500,5,3,0.1403936743736267,128,0.02468573208898306,128,-1.7998413531720758,128,0.006933858850970864,128,-3.03277409740406,128,0.14848849177360535,128,-0.01823850679965441,128,0.02622304391115904,128,-1.6088307478811221,128,1.236258748240668,128,0.5223390460014343,128,0.018351346254348755,128,0.49071481823921204,128,0.5497819781303406,128,0.5561859607696533,128,-0.027571171522140503,128,0.041028887033462524,128,14.0,128
noisy,500,5,4,0.1775701716542244,128,0.11053948476910591,128,-0.5050571406499407,128,0.05818362720310688,128,-1.1382463688485136,128,0.17154963314533234,128,-0.069187175649804,128,0.060096705332398415,128,-1.0581998998784183,128,0.655032795523579,128,0.4339188188314438,128,0.02987372875213623,128,0.41707712411880493,128,0.4384056627750397,128,0.44919024407863617,128,-0.02085098624229431,128,0.019325420260429382,128,12.0,128
noisy,500,5,5,0.06912577524781227,128,0.02208210714161396,128,-1.1285501101632875,128,0.011224312707781792,128,-1.8857180889317071,128,0.0651928037405014,128,-0.05424519708414949,128,0.015498613938689232,128,-1.43615782095526,128,0.7152750028863362,128,0.6481446325778961,128,0.014348775148391724,128,0.6058509945869446,128,0.6320110857486725,128,0.6528327763080597,128,-0.008187353610992432,128,0.034335821866989136,128,3.0,128
noisy,500,5,6,0.1083877682685852,128,0.07853782176971436,128,-0.32784324476223564,128,0.04025207459926605,128,-1.0555111608983228,128,0.11377641186118126,128,0.0005621241759877188,128,0.04026009142398834,128,-1.0311391877460547,128,0.7585977457113499,128,0.6789405345916748,128,0.02866542339324951,128,0.6739980280399323,128,0.6845722794532776,128,0.6903766095638275,128,-0.010664254426956177,128,0.009047210216522217,128,18.0,128
noisy,500,5,7,0.05132017470896244,128,0.010587449185550213,128,-1.5781765525407694,128,0.012568293139338493,128,-1.3218901177879971,128,0.03563570789992809,128,-0.33917028724331066,128,0.01142938807606697,128,-1.45848680904423,128,-0.11378705458643987,128,0.7766693830490112,128,0.023149460554122925,128,0.7604329884052277,128,0.779002457857132,128,0.7824629247188568,128,-0.010970085859298706,128,0.012913137674331665,128,1.0,128
noisy,500,5,8,0.09924420714378357,128,0.012871809769421816,128,-1.9551113874399606,128,0.0074028875678777695,128,-2.471281154150499,128,0.09515314176678658,128,-0.018024531585368053,128,0.03839545138180256,128,-1.0183852949777066,128,0.5331234531273064,128,0.4993346035480499,128,0.024986639618873596,128,0.36256222426891327,128,0.45059634745121,128,0.46782684326171875,128,0.025562644004821777,128,0.11157055199146271,128,5.0,128
noisy,500,5,9,0.16980525106191635,128,0.07487287744879723,128,-0.7190132266238914,128,0.03199688345193863,128,-1.6467244431452657,128,0.18464016169309616,128,0.1402689015817217,128,0.037807565182447433,128,-1.4037679229586983,128,0.9155152031790132,128,0.8210597634315491,128,0.010306626558303833,128,0.8144391477108002,128,0.8234663605690002,128,0.8244732022285461,128,-0.007306098937988281,128,0.0034072399139404297,128,11.0,128
noisy,500,5,10,0.06659776717424393,128,0.025550147518515587,128,-0.9272819489081849,128,0.027712670154869556,128,-0.8393759857538101,128,0.04879843443632126,128,-0.27585342695341664,128,0.02738396730273962,128,-0.8253414444625999,128,-0.07609866967921963,128,0.841393381357193,128,0.028127729892730713,128,0.8316687941551208,128,0.8452211618423462,128,0.8474895656108856,128,-0.007122337818145752,128,0.006938189268112183,128,1.0,128
noisy,500,5,11,0.11330129578709602,128,0.06766526028513908,128,-0.4999255442674939,128,0.03290667198598385,128,-1.2111484542483177,128,0.12235071137547493,128,0.042771964503260325,128,0.035131338983774185,128,-1.1390263739573214,128,0.6887319066311085,128,0.716502457857132,128,0.021272093057632446,128,0.7101095914840698,128,0.724273681640625,128,0.7320356667041779,128,-0.010120362043380737,128,0.004102975130081177,128,17.0,128
noisy,500,6,0,0.08948672562837601,128,0.02684407215565443,128,-1.2002867925985705,128,0.01358777703717351,128,-1.8618811623864988,128,0.09413287416100502,128,0.06581849320709765,128,0.04180759936571121,128,-0.8202664452677604,128,0.6794564364050111,128,0.5931020379066467,128,0.023694127798080444,128,0.5479350686073303,128,0.6008744537830353,128,0.6176155805587769,128,-0.014070957899093628,128,0.04413321614265442,128,11.0,128
noisy,500,6,1,0.0903148241341114,128,0.005382560892030597,128,-2.7198605548049883,128,0.0022079587215557694,128,-3.5713142146225003,128,0.09171201661229134,128,-0.004728901636858183,128,0.030544250272214413,128,-1.0733758282598036,128,0.7775047387168257,128,0.6284683644771576,128,0.0151597261428833,128,0.5194256901741028,128,0.5556677281856537,128,0.5697208344936371,128,0.04758384823799133,128,0.10584565997123718,128,4.0,128
noisy,500,6,2,0.09143688902258873,128,0.025963476859033108,128,-1.1703088439705454,128,0.008929714560508728,128,-2.3310312041871413,128,0.0730101689696312,128,-0.16648321474186945,128,0.03442988730967045,128,-1.0357695199305723,128,1.0434253659735828,128,0.763251394033432,128,0.015813559293746948,128,0.7014102935791016,128,0.7364973425865173,128,0.7410576939582825,128,0.023547470569610596,128,0.06124308705329895,128,5.0,128
noisy,500,6,3,0.08135625347495079,128,0.006579364649951458,128,-2.5141314883961616,128,0.0030178664019331336,128,-3.236964601120749,128,0.08149319887161255,128,-0.0036415299997110797,128,0.04641595855355263,128,-0.6335039182050489,128,0.7203701785593921,128,0.4901842772960663,128,0.014849022030830383,128,0.3853633850812912,128,0.45336276292800903,128,0.4634106755256653,128,0.03100326657295227,128,0.10868033766746521,128,8.0,128
noisy,500,6,4,0.06468286737799644,128,0.010516515001654625,128,-1.6795523558767071,128,0.0026166753377765417,128,-3.1750685190068926,128,0.051709599792957306,128,-0.22669168977577608,128,0.028797085396945477,128,-0.7426032283245452,128,1.4832104166919304,128,0.6651827692985535,128,0.013025403022766113,128,0.5458268821239471,128,0.6076315939426422,128,0.6224175095558167,128,0.038890451192855835,128,0.11570005118846893,128,4.0,128
noisy,500,6,5,0.08267005532979965,128,0.008862697519361973,128,-2.076876503887375,128,0.005515221739187837,128,-2.579154542448751,128,0.08790189400315285,128,0.032526735967485905,128,0.018840390257537365,128,-1.521004497620316,128,0.5221340126194214,128,0.673528254032135,128,0.015196740627288818,128,0.6392994523048401,128,0.6592414975166321,128,0.6695346534252167,128,0.005823314189910889,128,0.042673707008361816,128,5.0,128
noisy,500,6,6,0.1272527575492859,128,0.012732915580272675,128,-2.275152063452503,128,0.005878843599930406,128,-2.9921153828687923,128,0.14553295075893402,128,0.08177737745464544,128,0.04708470590412617,128,-0.9883208385595783,128,0.7496957036412195,128,0.2333284616470337,128,0.024306535720825195,128,0.20946446806192398,128,0.2788516879081726,128,0.2956259995698929,128,-0.053976573050022125,128,0.034908853471279144,128,8.5,128
noisy,500,6,7,0.10133177787065506,128,0.027717269025743008,128,-1.215503895878427,128,0.01751501765102148,128,-1.696710400567184,128,0.09701636806130409,128,0.002994801285828942,128,0.05266164243221283,128,-0.7105982937893607,128,0.43815359453264446,128,0.5856015086174011,128,0.017042770981788635,128,0.5091540217399597,128,0.5449953675270081,128,0.5570413172245026,128,0.03345492482185364,128,0.07838240265846252,128,4.0,128
noisy,500,6,8,0.06711817160248756,128,0.005933804204687476,128,-2.315772612179956,128,0.002922581974416971,128,-3.0279110745368216,128,0.06129603646695614,128,-0.048834358970534716,128,0.03652447089552879,128,-0.6018905616941365,128,0.744546266829491,128,0.6396921873092651,128,0.017001807689666748,128,0.5100871622562408,128,0.550276517868042,128,0.5703099370002747,128,0.08339524269104004,128,0.14988847076892853,128,4.0,128
noisy,500,6,9,0.10314541682600975,128,0.04077865742146969,128,-0.9856489568298272,128,0.02192617580294609,128,-1.557529830346472,128,0.10494543612003326,128,-0.01735273889159747,128,0.04983646795153618,128,-0.794605257929992,128,0.6135208019472571,128,0.562901109457016,128,0.0253334641456604,128,0.5072551965713501,128,0.5523163080215454,128,0.5750545561313629,128,-0.004795387387275696,128,0.04257580637931824,128,6.0,128
noisy,500,6,10,0.0840214192867279,128,0.006773735862225294,128,-2.4675775547452985,128,0.0024334051413461566,128,-3.4542490503286185,128,0.08852885290980339,128,0.025388126755994337,128,0.03821850195527077,128,-0.7570176588990877,128,0.9559171019097288,128,0.6235844790935516,128,0.013247907161712646,128,0.5365084707736969,128,0.5881132781505585,128,0.6018542647361755,128,0.02448543906211853,128,0.0928131639957428,128,9.5,128
noisy,500,6,11,0.11370643973350525,128,0.05391169153153896,128,-0.7637169333075716,128,0.031933389604091644,128,-1.3028193606920946,128,0.1135547086596489,128,-0.06861278023340404,128,0.03255496174097061,128,-1.2818764410846997,128,0.5508786010923246,128,0.19270041584968567,128,0.02176232635974884,128,0.17410507798194885,128,0.20148438215255737,128,0.20862016081809998,128,-0.021847456693649292,128,0.00585724413394928,128,5.0,128
noisy,500,7,0,0.14400334656238556,128,0.07716573402285576,128,-0.5303228130548641,128,0.04773943871259689,128,-1.0979173484888154,128,0.12991156429052353,128,-0.08213745576597778,128,0.05633804760873318,128,-0.9045671910752473,128,0.5353102539020593,128,0.6037472784519196,128,0.03282192349433899,128,0.5576387941837311,128,0.592235654592514,128,0.602269321680069,128,-0.009692251682281494,128,0.036889463663101196,128,11.0,128
noisy,500,7,1,0.04080520570278168,128,0.018498282879590988,128,-0.7330807024513146,128,0.005058585666120052,128,-2.0408184232170776,128,0.03225886635482311,128,-0.2064624192660965,128,0.020190903916954994,128,-0.7393785005875753,128,1.3216358477684118,128,0.6891280710697174,128,0.023093968629837036,128,0.6401196718215942,128,0.6737682521343231,128,0.6852973103523254,128,-0.002471417188644409,128,0.0427088737487793,128,1.5,128
noisy,500,7,2,0.10607525706291199,128,0.028222663328051567,128,-1.2644609352877887,128,0.013342339545488358,128,-2.126306416342074,128,0.10200358182191849,128,-0.06020272898027089,128,0.027176170609891415,128,-1.365716677775633,128,0.8085896475793505,128,0.7472014427185059,128,0.015353471040725708,128,0.7250368595123291,128,0.74579256772995,128,0.7534997761249542,128,-0.015144288539886475,128,0.015961766242980957,128,11.0,128
noisy,500,7,3,0.10097888112068176,128,0.03241867758333683,128,-1.158965567011418,128,0.01987949851900339,128,-1.6648680359910464,128,0.09941596910357475,128,-0.04875773936703105,128,0.02080218680202961,128,-1.5861695522902928,128,0.5253599591225006,128,0.17942357808351517,128,0.0319451242685318,128,0.17202360928058624,128,0.21194732189178467,128,0.21613342314958572,128,-0.03062393143773079,128,0.009215317666530609,128,8.0,128
noisy,500,7,4,0.10050074756145477,128,0.03247395344078541,128,-1.1205463907668896,128,0.018055664375424385,128,-1.676739280567579,128,0.08884265273809433,128,-0.1409271739359668,128,0.030730286613106728,128,-1.1515291770451845,128,0.6009504398279972,128,0.6055067777633667,128,0.029542982578277588,128,0.5764647126197815,128,0.6187559962272644,128,0.6272881925106049,128,-0.019336923956871033,128,0.02465406060218811,128,5.0,128
noisy,500,7,5,0.05652597174048424,128,0.009585303720086813,128,-1.7196999634408137,128,0.0024130954407155514,128,-3.083870486280306,128,0.0571384746581316,128,0.02139282171858284,128,0.051189301535487175,128,-0.08568830830558194,128,1.3620269398096394,128,0.6778653562068939,128,0.014056622982025146,128,0.5349935293197632,128,0.5727021098136902,128,0.5852450728416443,128,0.07180115580558777,128,0.1402260661125183,128,7.0,128
noisy,500,7,6,0.08050122484564781,128,0.010124093852937222,128,-2.084060603877379,128,0.004539882764220238,128,-2.796647491977863,128,0.08248389884829521,128,0.05540541263371212,128,0.10497381165623665,128,0.2957398422902052,128,0.8285326397157292,128,0.5582604110240936,128,0.029023438692092896,128,0.47490525245666504,128,0.5331137776374817,128,0.5401555895805359,128,0.010461390018463135,128,0.07030414044857025,128,3.0,128
noisy,500,7,7,0.05027400515973568,128,0.00929421978071332,128,-1.7315111685592932,128,0.004614277044311166,128,-2.3587400013848496,128,0.041096583008766174,128,-0.2093299421777159,128,0.0194676723331213,128,-0.9427353751284892,128,0.7005227614118057,128,0.6257374882698059,128,0.03486552834510803,128,0.5871565043926239,128,0.6220329701900482,128,0.6433310210704803,128,-0.019216418266296387,128,0.030589193105697632,128,1.0,128
noisy,500,7,8,0.17103971540927887,128,0.03506884165108204,128,-1.5796142231327133,128,0.019963444210588932,128,-2.1586222769548966,128,0.16240008175373077,128,-0.016784452731372936,128,0.03728272765874863,128,-1.4281127461733223,128,0.6180068499778962,128,0.4203174263238907,128,0.03426140546798706,128,0.4082192927598953,128,0.48059065639972687,128,0.49595536291599274,128,-0.06559132039546967,128,0.01024867594242096,128,12.0,128
noisy,500,7,9,0.07027675956487656,128,0.005542754894122481,128,-2.4866149243208135,128,0.002913489122875035,128,-3.1597093007672123,128,0.07228270173072815,128,0.04140756342727857,128,0.03560365177690983,128,-0.6921295690733148,128,0.6428730751473953,128,0.5004627406597137,128,0.014571040868759155,128,0.3997897207736969,128,0.4713798016309738,128,0.4869540184736252,128,0.005892172455787659,128,0.09268181025981903,128,6.0,128
noisy,500,7,10,0.09939303249120712,128,0.0034928556997328997,128,-3.2504008069306245,128,0.002030622330494225,128,-3.8874827547184654,128,0.10575703531503677,128,0.054718305595162574,128,0.03603430092334747,128,-1.0141462280902598,128,0.60370172754373,128,0.5568093955516815,128,0.01776808500289917,128,0.5289254188537598,128,0.5631063580513,128,0.5788856148719788,128,-0.02479606866836548,128,0.021983027458190918,128,7.0,128
noisy,500,7,11,0.0731624886393547,128,0.0051383154932409525,128,-2.615986745234023,128,0.0021310041192919016,128,-3.4094079253741523,128,0.0673820860683918,128,-0.043217612393129226,128,0.030466466210782528,128,-0.790704330579191,128,0.7964882833437075,128,0.75516676902771,128,0.012901902198791504,128,0.6800720989704132,128,0.7007435858249664,128,0.710353434085846,128,0.0387805700302124,128,0.07812413573265076,128,4.0,128
noisy,500,8,0,0.08311345055699348,128,0.024304567836225033,128,-1.289544744116867,128,0.015433968976140022,128,-1.7552292399224,128,0.0839887335896492,128,-0.03302643231462442,128,0.017572220414876938,128,-1.5300561076040542,128,0.47316676890137543,128,0.5300568044185638,128,0.016300290822982788,128,0.5128491222858429,128,0.5401616096496582,128,0.5467822253704071,128,-0.019451618194580078,128,0.009342387318611145,128,6.0,128
noisy,500,8,1,0.05058259144425392,128,0.01082441071048379,128,-1.4454750795629192,128,0.008558329660445452,128,-1.7694506763451074,128,0.04168175347149372,128,-0.24896124601016614,128,0.026499323546886444,128,-0.6946311127304576,128,0.27965164074469356,128,0.549875795841217,128,0.025738343596458435,128,0.512624055147171,128,0.5611471831798553,128,0.5692807734012604,128,-0.015694603323936462,128,0.03671841323375702,128,4.0,128
noisy,500,8,2,0.14748917520046234,128,0.050581904128193855,128,-1.125770215728154,128,0.02075425162911415,128,-1.8962991363101271,128,0.13691841065883636,128,-0.1029260253958823,128,0.057526394724845886,128,-0.9785166959201985,128,0.7884674425270293,128,0.4363071918487549,128,0.038441434502601624,128,0.38466624915599823,128,0.43886473774909973,128,0.45821699500083923,128,-0.02511654794216156,128,0.04985165596008301,128,4.0,128
noisy,500,8,3,0.08250357210636139,128,0.03426748886704445,128,-0.9160832359218,128,0.01625665184110403,128,-1.6101910014657672,128,0.08433829247951508,128,-0.03942043380321972,128,0.021021556109189987,128,-1.408950865379245,128,0.7151911545254559,128,0.5958207845687866,128,0.028660744428634644,128,0.5862900614738464,128,0.604310005903244,128,0.6096131205558777,128,-0.012806981801986694,128,0.011799156665802002,128,4.0,128
noisy,500,8,4,0.08348561450839043,128,0.04432748444378376,128,-0.6549679520834871,128,0.021524328738451004,128,-1.3303237561692045,128,0.0866163969039917,128,0.028974727252161547,128,0.0245164530351758,128,-1.1983310934814941,128,0.6999693153971461,128,0.4291636794805527,128,0.0312783420085907,128,0.41600874066352844,128,0.45166487991809845,128,0.455370768904686,128,-0.02173464000225067,128,0.015563681721687317,128,5.0,128
noisy,500,8,5,0.14721522480249405,128,0.07798537984490395,128,-0.646947679648527,128,0.04633846692740917,128,-1.2303172061213594,128,0.15398846566677094,128,-0.038898243384949585,128,0.05691531114280224,128,-0.9772857672364734,128,0.5611380425943218,128,0.46254873275756836,128,0.023570910096168518,128,0.43230850994586945,128,0.4507491886615753,128,0.4665140211582184,128,-0.017771542072296143,128,0.01713123917579651,128,11.5,128
noisy,500,8,6,0.16519899666309357,128,0.045483335852622986,128,-1.3102563781230927,128,0.01222278457134962,128,-2.629986774825353,128,0.18343357741832733,128,0.04438927416047441,128,0.06052464619278908,128,-0.9865321401178742,128,1.2461513273919005,128,0.5296220183372498,128,0.025229379534721375,128,0.47670792043209076,128,0.512077808380127,128,0.528655081987381,128,-0.00780409574508667,128,0.04522441327571869,128,11.0,128
noisy,500,8,7,0.0904858335852623,128,0.013122194912284613,128,-1.9109764019719546,128,0.006834647851064801,128,-2.578079355550755,128,0.06105365790426731,128,-0.34237144305912637,128,0.03951854631304741,128,-0.8107717111350881,128,0.6734634530538189,128,0.44770894944667816,128,0.029249906539916992,128,0.4223959147930145,128,0.4713767021894455,128,0.4900578409433365,128,-0.02867351472377777,128,0.02630499005317688,128,3.0,128
noisy,500,8,8,0.06104966066777706,128,0.01609166618436575,128,-1.2593002264704973,128,0.006461812648922205,128,-2.24155430103535,128,0.058767128735780716,128,-0.13085391633425814,128,0.047892939299345016,128,-0.22360489345124587,128,0.9724927110393167,128,0.6920228898525238,128,0.015260189771652222,128,0.6549218595027924,128,0.6899986267089844,128,0.6947985291481018,128,-0.0072200000286102295,128,0.02842310070991516,128,2.0,128
noisy,500,8,9,0.10756279900670052,128,0.013748066034168005,128,-2.0121388908590774,128,0.010845666751265526,128,-2.219438817519997,128,0.09923787787556648,128,-0.06918099805202022,128,0.054951271042227745,128,-0.6760790659800954,128,0.28199225295791674,128,0.5724042654037476,128,0.0309603214263916,128,0.5503397881984711,128,0.6019525825977325,128,0.612623780965805,128,-0.03359222412109375,128,0.03246217966079712,128,6.0,128
noisy,500,8,10,0.08217845112085342,128,0.03250370733439922,128,-0.9170524611216186,128,0.017294911667704582,128,-1.542092562627853,128,0.08084489777684212,128,-0.04314694863278126,128,0.01840021461248398,128,-1.44276946933235,128,0.5944174648905168,128,0.4551883637905121,128,0.02294754981994629,128,0.431418314576149,128,0.456962913274765,128,0.4586793780326843,128,-0.013846486806869507,128,0.012844130396842957,128,5.0,128
noisy,500,8,11,0.0914570726454258,128,0.03237125836312771,128,-1.0790532298083542,128,0.023133237846195698,128,-1.4367543229242512,128,0.06895530596375465,128,-0.23186339736275235,128,0.03997489623725414,128,-0.8976433291120187,128,0.378852709447686,128,0.5893919467926025,128,0.04484438896179199,128,0.5606893301010132,128,0.5922123491764069,128,0.6031915247440338,128,-0.01818189024925232,128,0.028506457805633545,128,10.0,128
noisy,500,9,0,0.09341709315776825,128,0.01817880291491747,128,-1.5410604584844907,128,0.008878666907548904,128,-2.341945385459259,128,0.08613265305757523,128,-0.08995186791250079,128,0.03682554513216019,128,-0.9718699669123954,128,0.7741187747112737,128,0.6492787599563599,128,0.01601177453994751,128,0.6201664507389069,128,0.6595589816570282,128,0.6689155101776123,128,-0.010406345129013062,128,0.02399301528930664,128,7.5,128
noisy,500,9,1,0.1270168274641037,128,0.01246606931090355,128,-2.290075171644252,128,0.007145760813727975,128,-2.850222573930468,128,0.12379711121320724,128,-0.026395444532776605,128,0.09183768182992935,128,-0.29389170667531006,128,0.5938476013466465,128,0.42057473957538605,128,0.025215476751327515,128,0.36056771874427795,128,0.40286581218242645,128,0.4129602760076523,128,-0.004210472106933594,128,0.06427262723445892,128,10.5,128
noisy,500,9,2,0.07868708670139313,128,0.010134842712432146,128,-2.06959235593336,128,0.00433085928671062,128,-2.9155571233623885,128,0.08364666998386383,128,-0.0003292809015470849,128,0.03779993765056133,128,-0.7256745416174488,128,0.7073727041357262,128,0.6838439404964447,128,0.014570176601409912,128,0.6455718278884888,128,0.6671614050865173,128,0.6771693527698517,128,0.0008341372013092041,128,0.03386068344116211,128,8.0,128
noisy,500,9,3,0.1296227052807808,128,0.02134362794458866,128,-1.7941911917899898,128,0.008137961383908987,128,-2.7400102113759193,128,0.11349673941731453,128,-0.11040382575080696,128,0.049969231709837914,128,-0.9527680783446633,128,0.9380836312623487,128,0.6810922920703888,128,0.016199380159378052,128,0.6341528296470642,128,0.6775752604007721,128,0.6930047571659088,128,0.0004825890064239502,128,0.044002264738082886,128,4.0,128
noisy,500,9,4,0.19492536038160324,128,0.11436689645051956,128,-0.5336614432056705,128,0.05857112817466259,128,-1.1704352114669598,128,0.17207038402557373,128,-0.09912379204307918,128,0.07031599804759026,128,-0.9876795692452394,128,0.6471083561711092,128,0.45289045572280884,128,0.03285127878189087,128,0.4360748827457428,128,0.4703078120946884,128,0.48481644690036774,128,-0.020942315459251404,128,0.010915547609329224,128,9.0,128
noisy,500,9,5,0.12927423417568207,128,0.013099698349833488,128,-2.240871652128506,128,0.004051631316542625,128,-3.421816884686918,128,0.11481780931353569,128,-0.043369061193889766,128,0.04545152373611927,128,-1.028331125765531,128,1.155523374080467,128,0.5728794634342194,128,0.019019752740859985,128,0.5375728607177734,128,0.5666799545288086,128,0.5809515416622162,128,-0.011482298374176025,128,0.036666274070739746,128,9.0,128
noisy,500,9,6,0.12014593556523323,128,0.01148913474753499,128,-2.291202360625694,128,0.004732317989692092,128,-3.139707121563843,128,0.11507679522037506,128,-0.0012353292216882557,128,0.04944147914648056,128,-0.9329544576195796,128,0.7495283157544059,128,0.6606619358062744,128,0.018324196338653564,128,0.6173453629016876,128,0.6483368873596191,128,0.6682124137878418,128,-0.006287217140197754,128,0.04764828085899353,128,8.0,128
noisy,500,9,7,0.09415992349386215,128,0.009340248070657253,128,-2.242222116860504,128,0.004480707924813032,128,-2.96896270295574,128,0.08099573850631714,128,-0.11495944770353478,128,0.03472686931490898,128,-1.0548214988570113,128,0.613995392400903,128,0.6586635410785675,128,0.025883644819259644,128,0.6193280220031738,128,0.6542386114597321,128,0.6618970036506653,128,0.00508233904838562,128,0.04609587788581848,128,2.0,128
noisy,500,9,8,0.0929892547428608,128,0.02401246875524521,128,-1.325419062385992,128,0.015785046853125095,128,-1.7880301415689837,128,0.07613534852862358,128,-0.2006198669914755,128,0.08034361526370049,128,-0.09868818687710479,128,0.45490172978436433,128,0.5116054713726044,128,0.03315974771976471,128,0.4643446207046509,128,0.5128875374794006,128,0.5318597555160522,128,-0.013829320669174194,128,0.04824894666671753,128,6.0,128
noisy,500,9,9,0.11177016422152519,128,0.018830020911991596,128,-1.7225549561733087,128,0.012754280585795641,128,-2.1831529236727807,128,0.09618425741791725,128,-0.1396676467799459,128,0.028891664929687977,128,-1.3117059639487376,128,0.4390268367281769,128,0.4654420018196106,128,0.023924648761749268,128,0.4452992379665375,128,0.4698798358440399,128,0.4736454039812088,128,-0.0067109763622283936,128,0.02851119637489319,128,7.0,128
noisy,500,9,10,0.10425221920013428,128,0.01104340236634016,128,-2.180165644881159,128,0.003955318592488766,128,-3.226368370822325,128,0.10265670344233513,128,-0.03475007298333514,128,0.04864991083741188,128,-0.7334929848755325,128,0.9537014917475414,128,0.6937365233898163,128,0.0277726948261261,128,0.6296625435352325,128,0.6679675579071045,128,0.6801894307136536,128,0.01274082064628601,128,0.0649900734424591,128,1.0,128
noisy,500,9,11,0.10533212497830391,128,0.0096381357870996,128,-2.3202896256760557,128,0.003791453782469034,128,-3.3205157794515703,128,0.10568094253540039,128,-0.03101811462450015,128,0.07169430330395699,128,-0.42175104166072985,128,0.9279691648650137,128,0.5959092974662781,128,0.01834830641746521,128,0.5527256429195404,128,0.5901215076446533,128,0.6039883196353912,128,-0.0163651704788208,128,0.0341077595949173,128,10.0,128
noisy,500,10,0,0.06392581388354301,128,0.007045968435704708,128,-2.188272332521374,128,0.0033809656742960215,128,-2.8215688599123583,128,0.06267710402607918,128,-0.08344857358024299,128,0.0649227574467659,128,0.025341802309035655,128,0.6500878724383562,128,0.5834073126316071,128,0.017606273293495178,128,0.5172211229801178,128,0.5676578879356384,128,0.5789764821529388,128,0.004480570554733276,128,0.049068182706832886,128,7.0,128
noisy,500,10,1,0.07963266596198082,128,0.005213676718994975,128,-2.7045484985407287,128,0.0020735672442242503,128,-3.5953605892248204,128,0.07933412492275238,128,0.01750490924704795,128,0.06842903792858124,128,-0.09968257425787724,128,0.8815931929965783,128,0.6610655784606934,128,0.018183737993240356,128,0.5563724040985107,128,0.6086581349372864,128,0.619296669960022,128,0.04633566737174988,128,0.10188214480876923,128,5.0,128
noisy,500,10,2,0.05805365927517414,128,0.003614224842749536,128,-2.6683845640315855,128,0.0012111090472899377,128,-3.713996265661616,128,0.057501088827848434,128,-0.023701907122082803,128,0.09754126518964767,128,0.5561116200075777,128,1.0196977013143838,128,0.6495881676673889,128,0.017415851354599,128,0.5333210229873657,128,0.576971173286438,128,0.593290388584137,128,0.05786412954330444,128,0.11056932806968689,128,7.0,128
noisy,500,10,3,0.07589796558022499,128,0.020765983499586582,128,-1.2934480646766704,128,0.00927822943776846,128,-2.1071776352328806,128,0.06776059046387672,128,-0.15800578352973116,128,0.07989383488893509,128,-0.020047480301233517,128,0.8216011060620971,128,0.6758684515953064,128,0.019043058156967163,128,0.6214281320571899,128,0.6542944014072418,128,0.66303351521492,128,0.009015530347824097,128,0.06020522117614746,128,4.0,128
noisy,500,10,4,0.07647652551531792,128,0.0034550969721749425,128,-3.010571099965931,128,0.0016400793683715165,128,-3.731064908350123,128,0.07722371444106102,128,-0.0007337435628178371,128,0.06486685574054718,128,-0.16537055038342516,128,0.6798639374803854,128,0.6429653763771057,128,0.019734889268875122,128,0.5312697887420654,128,0.5717648565769196,128,0.5879372358322144,128,0.05255928635597229,128,0.10384666919708252,128,6.0,128
noisy,500,10,5,0.05646156519651413,128,0.0038378130411729217,128,-2.6139616753825012,128,0.0013927007094025612,128,-3.5612293416509964,128,0.05639749392867088,128,-0.016344992019294232,128,0.07813263684511185,128,0.3046677785969586,128,0.931066587934513,128,0.712988555431366,128,0.016434133052825928,128,0.6129494607448578,128,0.6545065343379974,128,0.6674848198890686,128,0.03653550148010254,128,0.09784311056137085,128,10.0,128
noisy,500,10,6,0.10220984369516373,128,0.024059390649199486,128,-1.469288853769448,128,0.012254402972757816,128,-2.1710547384305934,128,0.08578065782785416,128,-0.15981577109624207,128,0.08174655959010124,128,-0.2779494259757501,128,0.6682378510813722,128,0.5053258836269379,128,0.028511524200439453,128,0.45043230056762695,128,0.5114083290100098,128,0.5258480310440063,128,-0.002685561776161194,128,0.067342609167099,128,8.0,128
noisy,500,10,7,0.11672618612647057,128,0.022618788294494152,128,-1.5609973567266082,128,0.009197751991450787,128,-2.462124760953621,128,0.10517790168523788,128,-0.0333278737619084,128,0.08620283380150795,128,-0.3029899391541094,128,0.8891584456755095,128,0.5912246108055115,128,0.023898020386695862,128,0.5574140250682831,128,0.6115646064281464,128,0.6260017156600952,128,-0.021724075078964233,128,0.03852400183677673,128,9.0,128
noisy,500,10,8,0.1702895611524582,128,0.06220433861017227,128,-0.9271295397832261,128,0.02241530641913414,128,-1.9432196068718919,128,0.14248404651880264,128,-0.12190488418100151,128,0.09381433948874474,128,-0.5655628733653624,128,1.0919039368132335,128,0.5035795569419861,128,0.03856965899467468,128,0.45189017057418823,128,0.5181998610496521,128,0.5272254645824432,128,-0.02380041778087616,128,0.0406208336353302,128,12.0,128
noisy,500,10,9,0.1067097894847393,128,0.052432429045438766,128,-0.6534068119702124,128,0.023435471579432487,128,-1.499895747740064,128,0.09232597425580025,128,-0.1341255927995631,128,0.06185977719724178,128,-0.5439724231834107,128,0.8125834441636448,128,0.576297402381897,128,0.029083937406539917,128,0.517318069934845,128,0.5577916204929352,128,0.5726253390312195,128,0.008742660284042358,128,0.06616699695587158,128,17.0,128
noisy,500,10,10,0.07161764800548553,128,0.0071308070328086615,128,-2.2715010494736703,128,0.0033804926788434386,128,-3.021632743019607,128,0.07169066742062569,128,-0.006739692011353335,128,0.0640057735145092,128,-0.11682686351619875,128,0.7819455431722953,128,0.6485851407051086,128,0.02324843406677246,128,0.5210318267345428,128,0.5667327046394348,128,0.5868941843509674,128,0.06557852029800415,128,0.12336978316307068,128,5.5,128
noisy,500,10,11,0.06956761702895164,128,0.00560268759727478,128,-2.4961571694247726,128,0.0026676314882934093,128,-3.1501918747682796,128,0.05936389043927193,128,-0.12188896530018392,128,0.055986110121011734,128,-0.22367773115387468,128,0.6878963513593561,128,0.5468616783618927,128,0.02159459888935089,128,0.49576814472675323,128,0.5285301208496094,128,0.5508423447608948,128,0.00621640682220459,128,0.06584429740905762,128,6.0,128
noisy,500,11,0,0.08356157690286636,128,0.005438502645120025,128,-2.677169153647223,128,0.0027084974572062492,128,-3.3976753604497256,128,0.0792786292731762,128,-0.03600796944361117,128,0.08843136578798294,128,0.12112355147500808,128,0.7025742491303221,128,0.7558107376098633,128,0.01533520221710205,128,0.6485115885734558,128,0.697540819644928,128,0.71163409948349,128,0.045246660709381104,128,0.1010688841342926,128,7.0,128
noisy,500,11,1,0.07907203584909439,128,0.007777906721457839,128,-2.2663472874029598,128,0.0024736541090533137,128,-3.4006632468795734,128,0.08366385474801064,128,0.03528630207465265,128,0.062025729566812515,128,-0.21331544926810939,128,1.1304386969751303,128,0.683023601770401,128,0.022459745407104492,128,0.5988493263721466,128,0.6445507109165192,128,0.6596822738647461,128,0.014673173427581787,128,0.05953773856163025,128,4.0,128
noisy,500,11,2,0.062441982328891754,128,0.017116650007665157,128,-1.2766250223538345,128,0.007507240399718285,128,-2.0834969728549337,128,0.05742188170552254,128,-0.09347788297835041,128,0.06193861924111843,128,0.00164741503352902,128,0.8156786723747529,128,0.650460958480835,128,0.018045812845230103,128,0.567926675081253,128,0.6032372415065765,128,0.6162297129631042,128,0.0341247022151947,128,0.08225995302200317,128,6.0,128
noisy,500,11,3,0.08096394315361977,128,0.013028162065893412,128,-1.7739052308919163,128,0.0075449401047080755,128,-2.33140451159362,128,0.06832567602396011,128,-0.1847798131471417,128,0.08941611647605896,128,0.09286763099460153,128,0.5518713486359434,128,0.606537401676178,128,0.04982331395149231,128,0.5742998719215393,128,0.6174464225769043,128,0.6313080787658691,128,-0.025478243827819824,128,0.03614339232444763,128,1.0,128
noisy,500,11,4,0.07994720712304115,128,0.024428091943264008,128,-1.1523866920283203,128,0.012020560447126627,128,-1.8315771823168006,128,0.06920256093144417,128,-0.1429127073959941,128,0.06394242122769356,128,-0.21026024765171275,128,0.6727141439906246,128,0.5612176954746246,128,0.0318741500377655,128,0.45021848380565643,128,0.5075050592422485,128,0.5153472721576691,128,0.0349557101726532,128,0.10142076015472412,128,4.0,128
noisy,500,11,5,0.09724396839737892,128,0.010669348761439323,128,-2.150534212716705,128,0.007640327792614698,128,-2.5558893533470775,128,0.08043604716658592,128,-0.1804821609041833,128,0.08072517067193985,128,-0.19708334239922073,128,0.41861916677936806,128,0.5794505476951599,128,0.020451277494430542,128,0.5288222432136536,128,0.5607174634933472,128,0.5719817876815796,128,0.005691260099411011,128,0.04467898607254028,128,4.0,128
noisy,500,11,6,0.05346827395260334,128,0.00463083921931684,128,-2.419895053010455,128,0.002086360822431743,128,-3.2235617910239447,128,0.057265980169177055,128,0.04537581222570652,128,0.10106753557920456,128,0.6133747711674776,128,0.7618640695692296,128,0.6699650287628174,128,0.020806163549423218,128,0.5572290420532227,128,0.6118084788322449,128,0.6266893744468689,128,0.034054189920425415,128,0.08357059955596924,128,4.0,128
noisy,500,11,7,0.08777354657649994,128,0.004847132600843906,128,-2.822384439400577,128,0.002866456867195666,128,-3.362301026101738,128,0.09036257117986679,128,0.0642652015649655,128,0.06459600105881691,128,-0.2292874635365502,128,0.570797956980934,128,0.7138802111148834,128,0.020120859146118164,128,0.6188312470912933,128,0.6597948670387268,128,0.6679363250732422,128,0.036670178174972534,128,0.08309668302536011,128,7.5,128
noisy,500,11,8,0.13873816281557083,128,0.014812742825597525,128,-2.221909121338177,128,0.00839913496747613,128,-2.8260884729652176,128,0.12031904608011246,128,-0.14059147870152097,128,0.11030899733304977,128,-0.259371812432848,128,0.6215054048244247,128,0.5485499501228333,128,0.030827507376670837,128,0.4871281534433365,128,0.5502548217773438,128,0.5585165917873383,128,-0.012459993362426758,128,0.04833507537841797,128,2.0,128
noisy,500,11,9,0.17427609860897064,128,0.026397384703159332,128,-1.8605331533523248,128,0.015480949077755213,128,-2.4318770008900215,128,0.17642541229724884,128,-0.030593121216817842,128,0.22549252212047577,128,0.2188210595927781,128,0.5399542113597975,128,0.27395783364772797,128,0.027803510427474976,128,0.259102538228035,128,0.30147717893123627,128,0.3065084218978882,128,-0.03998339921236038,128,0.0058717429637908936,128,5.0,128
noisy,500,11,10,0.11774001643061638,128,0.0277953976765275,128,-1.391452258684983,128,0.012589736841619015,128,-2.157080538019766,128,0.11266981065273285,128,-0.012364560895037315,128,0.09717323258519173,128,-0.16107806170659578,128,0.8073933021014053,128,0.6286614537239075,128,0.022296637296676636,128,0.5430478751659393,128,0.5824521481990814,128,0.599366158246994,128,0.03246608376502991,128,0.08795441687107086,128,8.0,128
noisy,500,11,11,0.09249456226825714,128,0.0066321552731096745,128,-2.5975829551589467,128,0.0028679139213636518,128,-3.408034417348718,128,0.0934578888118267,128,0.0003565236138232985,128,0.14302274584770203,128,0.44767233890520486,128,0.8469685211634683,128,0.7080581188201904,128,0.01457279920578003,128,0.6360443830490112,128,0.6772290766239166,128,0.6870443224906921,128,0.024155378341674805,128,0.07199761271476746,128,9.0,128
noisy,500,12,0,0.06703484430909157,128,0.011632523033767939,128,-1.709490939160497,128,0.004870095057412982,128,-2.614139319206247,128,0.05861326493322849,128,-0.11776019624440809,128,0.051626674830913544,128,-0.2191405601612078,128,0.8841652360244325,128,0.7160442471504211,128,0.022379666566848755,128,0.6014642417430878,128,0.641228049993515,128,0.6581763923168182,128,0.059043169021606445,128,0.09612226486206055,128,2.0,128
noisy,500,12,1,0.05165358446538448,128,0.004091078415513039,128,-2.5433171600409663,128,0.0015963857294991612,128,-3.390461412382437,128,0.04969860427081585,128,-0.029097715928327147,128,0.101356390863657,128,0.6783775557153804,128,0.8431887400109201,128,0.6517138779163361,128,0.026493340730667114,128,0.543618381023407,128,0.5671496391296387,128,0.5821055173873901,128,0.059028804302215576,128,0.10629349946975708,128,7.0,128
noisy,500,12,2,0.07875971496105194,128,0.03420487977564335,128,-0.8174987935856658,128,0.017455092631280422,128,-1.5174732130966657,128,0.07588038221001625,128,-0.0681873253498276,128,0.023451240733265877,128,-1.2478337249446474,128,0.6510366132637699,128,0.014103281777352095,128,0.01395455189049244,128,0.005524750798940659,128,0.03239518590271473,128,0.03692846558988094,128,-0.024528744630515575,128,0.004551481455564499,128,10.0,128
noisy,500,12,3,0.17086803168058395,128,0.04724882356822491,128,-1.3059108807284068,128,0.029029283672571182,128,-1.7741313787182293,128,0.14499929547309875,128,-0.17046151754414007,128,0.14163079857826233,128,-0.24481001563355426,128,0.48530820164345045,128,0.47697415947914124,128,0.03164292871952057,128,0.42981845140457153,128,0.49302008748054504,128,0.50600266456604,128,-0.023726612329483032,128,0.04797857999801636,128,7.0,128
noisy,500,12,4,0.08579590544104576,128,0.010596893727779388,128,-2.0833818300411817,128,0.0036497210385277867,128,-3.1148712802340404,128,0.07809744030237198,128,-0.07082033561179671,128,0.10353713855147362,128,0.2634660600904347,128,0.9966326653599703,128,0.6224662065505981,128,0.020564675331115723,128,0.5058841705322266,128,0.5586999952793121,128,0.56930872797966,128,0.048127323389053345,128,0.11171633005142212,128,5.0,128
noisy,500,12,5,0.11870721355080605,128,0.01027406845241785,128,-2.4038236148055527,128,0.003934669075533748,128,-3.3275983446488384,128,0.11324920505285263,128,0.0062071521719723,128,0.0764356255531311,128,-0.3066732018450038,128,0.9677024617545253,128,0.6634378433227539,128,0.024842947721481323,128,0.5570979416370392,128,0.6184463798999786,128,0.6310025751590729,128,0.03586006164550781,128,0.10393929481506348,128,10.0,128
noisy,500,12,6,0.048699360340833664,128,0.007083399221301079,128,-1.9069331016301447,128,0.0031550939893350005,128,-2.682793351096392,128,0.036261655390262604,128,-0.3358722984934083,128,0.04594389349222183,128,-0.12182098455252055,128,0.694510449123004,128,0.6996660232543945,128,0.023448646068572998,128,0.6522838771343231,128,0.7040218710899353,128,0.7073803842067719,128,-0.012106746435165405,128,0.03936001658439636,128,2.0,128
noisy,500,12,7,0.04633616283535957,128,0.008358618710190058,128,-1.6959435900926518,128,0.005564816994592547,128,-1.9578129568813891,128,0.035868365317583084,128,-0.2737828259311258,128,0.044180914759635925,128,-0.06172506113831349,128,0.29671905742608307,128,0.5816502571105957,128,0.030488386750221252,128,0.5242892801761627,128,0.5618312060832977,128,0.5704706907272339,128,0.009043753147125244,128,0.05722670257091522,128,4.0,128
noisy,500,12,8,0.06568776816129684,128,0.010847985278815031,128,-1.7536069010206519,128,0.00786083354614675,128,-2.125652122372212,128,0.0546704325824976,128,-0.2143050592797809,128,0.02029488328844309,128,-1.2756657621975536,128,0.38064984177481587,128,0.26862701773643494,128,0.01998312771320343,128,0.2586904615163803,128,0.28840161859989166,128,0.290457084774971,128,-0.022200971841812134,128,0.01190406084060669,128,5.0,128
noisy,500,12,9,0.09597182273864746,128,0.006958808051422238,128,-2.61393204507475,128,0.003106909920461476,128,-3.370465027727078,128,0.07211834564805031,128,-0.2941340543163986,128,0.034285303205251694,128,-1.0099160012871624,128,0.7988310268094145,128,0.6907131373882294,128,0.014158815145492554,128,0.6171779632568359,128,0.6577149331569672,128,0.6653708219528198,128,0.023589223623275757,128,0.06726047396659851,128,4.0,128
noisy,500,12,10,0.11777595803141594,128,0.05747493728995323,128,-0.7315194197405555,128,0.030032123439013958,128,-1.3207704091222385,128,0.1073610931634903,128,-0.11860291796504856,128,0.06372387334704399,128,-0.5783921191271186,128,0.6297993426793282,128,0.6093877851963043,128,0.03351849317550659,128,0.5761777758598328,128,0.6132603287696838,128,0.6254113912582397,128,-0.008735865354537964,128,0.030296742916107178,128,11.0,128
noisy,500,12,11,0.05802275985479355,128,0.015162517316639423,128,-1.3067478348592392,128,0.008912005927413702,128,-1.9086255623163062,128,0.048724375665187836,128,-0.15325615340318055,128,0.0345138143748045,128,-0.5405706109906467,128,0.6052342936141635,128,0.6529695093631744,128,0.0286998450756073,128,0.542040228843689,128,0.6059847474098206,128,0.616826593875885,128,0.04022166132926941,128,0.09669500589370728,128,1.0,128
noisy,500,13,0,0.06393522396683693,128,0.009761163499206305,128,-1.8700978572699627,128,0.0038708533393219113,128,-2.8295155953288837,128,0.06964995712041855,128,0.06242374556812273,128,0.05338260717689991,128,-0.19221468357137744,128,0.9173492994159369,128,0.45400314033031464,128,0.026848316192626953,128,0.35136687755584717,128,0.42719629406929016,128,0.4477255195379257,128,0.011064112186431885,128,0.0770341157913208,128,4.0,128
noisy,500,13,1,0.06967902183532715,128,0.007720122346654534,128,-2.24035768176336,128,0.0027087872149422765,128,-3.281749547519729,128,0.06503025442361832,128,-0.08827910565266296,128,0.07285292446613312,128,0.0160604644744143,128,1.0255066866452918,128,0.6365829408168793,128,0.024260282516479492,128,0.5236151814460754,128,0.5669781863689423,128,0.5892603695392609,128,0.05047377943992615,128,0.10301440954208374,128,4.0,128
noisy,500,13,2,0.05829642340540886,128,0.007347585400566459,128,-2.0191556367708356,128,0.0032144893193617463,128,-2.85574071024352,128,0.05140174739062786,128,-0.12731741377503514,128,0.11105019971728325,128,0.6859648515525618,128,0.8461096989316659,128,0.6325196623802185,128,0.02154681086540222,128,0.5160967111587524,128,0.5618214905261993,128,0.5704105496406555,128,0.05558645725250244,128,0.11285841464996338,128,5.0,128
noisy,500,13,3,0.1113528273999691,128,0.007654899498447776,128,-2.660142922566685,128,0.002409041626378894,128,-3.7721799961557236,128,0.09738236293196678,128,-0.1427970910805782,128,0.08386725932359695,128,-0.25995194230008717,128,1.070170614668108,128,0.5102845132350922,128,0.029643967747688293,128,0.42652982473373413,128,0.47999607026576996,128,0.49520443379879,128,0.002750188112258911,128,0.08054082095623016,128,4.0,128
noisy,500,13,4,0.0888156034052372,128,0.003817017306573689,128,-3.0561716541892263,128,0.0011863117688335478,128,-4.20630375279384,128,0.07990428805351257,128,-0.08959950487257765,128,0.08635549619793892,128,0.004320592168234789,128,1.0795237572308347,128,0.6793109774589539,128,0.01972857117652893,128,0.5502164363861084,128,0.5829894244670868,128,0.6103672683238983,128,0.07057443261146545,128,0.12055501341819763,128,4.0,128
noisy,500,13,5,0.07732437178492546,128,0.003098304383456707,128,-3.1797614685661384,128,0.001226488733664155,128,-4.086244433958546,128,0.07554006204009056,128,-0.06653645908837509,128,0.067803043872118,128,-0.09263739526599875,128,0.8343227270198529,128,0.756753146648407,128,0.01679903268814087,128,0.639758437871933,128,0.6924560964107513,128,0.6986000537872314,128,0.06854814291000366,128,0.11421340703964233,128,5.0,128
noisy,500,13,6,0.09262365475296974,128,0.007288590306416154,128,-2.430284463871782,128,0.0020719346357509494,128,-3.711685250289766,128,0.08109063282608986,128,-0.10117701197023432,128,0.07281693071126938,128,-0.1523907664454669,128,1.2120663334442003,128,0.6801395118236542,128,0.020861685276031494,128,0.5592204928398132,128,0.5847733616828918,128,0.5923276245594025,128,0.08330404758453369,128,0.13141152262687683,128,6.0,128
noisy,500,13,7,0.062436092644929886,128,0.0030048670014366508,128,-2.965799425804714,128,0.0012157283490523696,128,-3.8453455947577995,128,0.0575833972543478,128,-0.09973809734782715,128,0.06891310214996338,128,0.08408148713461967,128,0.8408986771760076,128,0.7230362296104431,128,0.01916825771331787,128,0.5892210602760315,128,0.6286667585372925,128,0.6455666422843933,128,0.07479158043861389,128,0.12306267023086548,128,7.0,128
noisy,500,13,8,0.076803058385849,128,0.008343788795173168,128,-2.169965539344798,128,0.003987244330346584,128,-2.989842479276491,128,0.05962886102497578,128,-0.2423485642479709,128,0.04621198773384094,128,-0.5307642166440876,128,0.7465173218905777,128,0.6125383377075195,128,0.0225256085395813,128,0.5005125999450684,128,0.5301831662654877,128,0.5584496557712555,128,0.04945993423461914,128,0.11169341206550598,128,3.0,128
noisy,500,13,9,0.07439786195755005,128,0.00526958703994751,128,-2.576438514280368,128,0.002678832388482988,128,-3.234358760617831,128,0.07165487855672836,128,-0.08654806740748797,128,0.05996612086892128,128,-0.1900632647807824,128,0.6054507703768701,128,0.6690420508384705,128,0.02110794186592102,128,0.5691363215446472,128,0.6068347990512848,128,0.6306860446929932,128,0.038505733013153076,128,0.09777186810970306,128,4.0,128
noisy,500,13,10,0.060456689447164536,128,0.0025573252933099866,128,-3.2048686332896796,128,0.0011527572060003877,128,-3.8456884242996576,128,0.05766173452138901,128,-0.02175731259313749,128,0.10373181477189064,128,0.5100415235672207,128,0.7076392023652889,128,0.7230752110481262,128,0.016674011945724487,128,0.579461008310318,128,0.6197898983955383,128,0.6442016661167145,128,0.07829055190086365,128,0.12009599804878235,128,4.0,128
noisy,500,13,11,0.0830862745642662,128,0.026316807605326176,128,-1.0917630999441523,128,0.009096934925764799,128,-2.145437862671047,128,0.0687466450035572,128,-0.13398180186970232,128,0.037478527054190636,128,-0.7850312209535081,128,1.061924218259875,128,0.5872644484043121,128,0.02813321352005005,128,0.5174932777881622,128,0.5752968788146973,128,0.5817980170249939,128,0.006264060735702515,128,0.05521509051322937,128,3.0,128
noisy,500,14,0,0.11280803382396698,128,0.018731397576630116,128,-1.8217820330431849,128,0.006788817699998617,128,-2.7595688868520116,128,0.09752179682254791,128,-0.19113673102513842,128,0.10994047299027443,128,-0.028412429609316822,128,0.925253751698097,128,0.5222339928150177,128,0.030344337224960327,128,0.4747041016817093,128,0.5235898494720459,128,0.5376847982406616,128,-0.0032108426094055176,128,0.04896014928817749,128,2.0,128
noisy,500,14,1,0.04651720076799393,128,0.003338302602060139,128,-2.628864823162063,128,0.0012782146222889423,128,-3.516551984843215,128,0.04609939642250538,128,-0.0494600739099494,128,0.11810824275016785,128,0.9047056231172772,128,0.8693034321038428,128,0.6461874842643738,128,0.0186690092086792,128,0.5173159539699554,128,0.560623824596405,128,0.5755957961082458,128,0.06812858581542969,128,0.11822722852230072,128,5.0,128
noisy,500,14,2,0.11213278770446777,128,0.005559286335483193,128,-2.9699388554998825,128,0.0018918986897915602,128,-4.000811620735486,128,0.10193357616662979,128,-0.05377628017653452,128,0.09791691601276398,128,-0.08776319050649112,128,0.9380797711612319,128,0.5595086216926575,128,0.03098292648792267,128,0.4224465787410736,128,0.46459415555000305,128,0.4870006740093231,128,0.07554060220718384,128,0.14200933277606964,128,8.0,128
noisy,500,14,3,0.0627928152680397,128,0.010013446677476168,128,-1.856293539971466,128,0.005801317980512977,128,-2.30760659624652,128,0.05426281690597534,128,-0.16106651037507672,128,0.042017385363578796,128,-0.4547948044981048,128,0.49453088378932414,128,0.6243419647216797,128,0.02356305718421936,128,0.5695319175720215,128,0.6095382571220398,128,0.6186858415603638,128,0.00968402624130249,128,0.05546116828918457,128,4.0,128
noisy,500,14,4,0.16138484328985214,128,0.03129314538091421,128,-1.5732965355675104,128,0.01207234337925911,128,-2.4528423644584714,128,0.15539813041687012,128,-0.1198972399864586,128,0.19381576776504517,128,0.1450033636096834,128,0.9013377896035877,128,0.17049112915992737,128,0.03497866541147232,128,0.16051211953163147,128,0.19915010035037994,128,0.2145325392484665,128,-0.053295303136110306,128,0.01694367080926895,128,10.0,128
noisy,500,14,5,0.13261906802654266,128,0.029919028282165527,128,-1.4456956224968764,128,0.02262016199529171,128,-1.768208125424367,128,0.09796661511063576,128,-0.322765110824213,128,0.0493143517524004,128,-1.024002824909837,128,0.2894018854620801,128,0.5497466325759888,128,0.04028129577636719,128,0.49527859687805176,128,0.5481890738010406,128,0.5668453872203827,128,-0.016137421131134033,128,0.04395776987075806,128,4.0,128
noisy,500,14,6,0.120282843708992,128,0.009203830733895302,128,-2.572771927459967,128,0.004423330305144191,128,-3.2963761267343457,128,0.10434584692120552,128,-0.1493524628141515,128,0.09830255433917046,128,-0.22504814066718853,128,0.7007731433684894,128,0.6187925934791565,128,0.023986458778381348,128,0.551196813583374,128,0.6093311607837677,128,0.6205987632274628,128,-0.0005807429552078247,128,0.06116759777069092,128,4.0,128
noisy,500,14,7,0.07171982899308205,128,0.006385742221027613,128,-2.439418098276956,128,0.002341044135391712,128,-3.418495671922397,128,0.06348131969571114,128,-0.12061356321124113,128,0.0987461730837822,128,0.34419142771761585,128,0.9431638909599831,128,0.5809662938117981,128,0.02405594289302826,128,0.4853407293558121,128,0.545411080121994,128,0.5600562691688538,128,0.024834394454956055,128,0.09276430308818817,128,7.0,128
noisy,500,14,8,0.0803670659661293,128,0.02315474394708872,128,-1.283978183043526,128,0.01538070710375905,128,-1.6752799295493075,128,0.06432735919952393,128,-0.21654018476633652,128,0.054132675752043724,128,-0.3785464183994594,128,0.39480286451018237,128,0.6648202240467072,128,0.025402545928955078,128,0.6146124601364136,128,0.6472614705562592,128,0.6594394743442535,128,-0.007685601711273193,128,0.034540265798568726,128,4.0,128
noisy,500,14,9,0.10635992884635925,128,0.011840652208775282,128,-2.131085277833386,128,0.006657712161540985,128,-2.763147145760551,128,0.09283053874969482,128,-0.11991292245170129,128,0.08548028767108917,128,-0.21057077947040131,128,0.6178160114928766,128,0.5736080706119537,128,0.03345322608947754,128,0.483356773853302,128,0.5484539270401001,128,0.5680489242076874,128,0.007372766733169556,128,0.09986719489097595,128,7.0,128
noisy,500,14,10,0.07863927632570267,128,0.011476010549813509,128,-1.899529282830265,128,0.010132910218089819,128,-2.075186012984037,128,0.06431758031249046,128,-0.20811110461744514,128,0.04637075960636139,128,-0.5167829441134286,128,0.2535279621118143,128,0.5391175448894501,128,0.030504316091537476,128,0.4663311541080475,128,0.505178838968277,128,0.5234943330287933,128,0.00816294550895691,128,0.07697644829750061,128,5.5,128
noisy,500,14,11,0.07788752764463425,128,0.007099537877365947,128,-2.343832938578096,128,0.0018885571043938398,128,-3.7441830907617133,128,0.07854373380541801,128,0.011281977863136743,128,0.07458728179335594,128,-0.0009295609136464522,128,1.1728890266098857,128,0.6918860971927643,128,0.020808488130569458,128,0.5599870979785919,128,0.5922338664531708,128,0.6042642593383789,128,0.0798184871673584,128,0.1329832375049591,128,5.0,128
noisy,500,15,0,0.10523153841495514,128,0.006344137247651815,128,-2.766055021089461,128,0.002024470013566315,128,-3.8627167174805037,128,0.09149136021733284,128,-0.13702930816075826,128,0.10008492693305016,128,-0.019200289332613522,128,1.1457595580957167,128,0.6034596562385559,128,0.03549039363861084,128,0.45530152320861816,128,0.5350422561168671,128,0.5494076609611511,128,0.047195449471473694,128,0.14994730055332184,128,5.0,128
noisy,500,15,1,0.07501914724707603,128,0.004168377025052905,128,-2.913249918522676,128,0.0015166316297836602,128,-3.7978168373922947,128,0.09010481461882591,128,0.14568790568219697,128,0.08301781862974167,128,0.09384319168084851,128,0.9440971119572246,128,0.6665859818458557,128,0.016491860151290894,128,0.5042988657951355,128,0.5573843717575073,128,0.5681224465370178,128,0.08436435461044312,128,0.15257304906845093,128,7.0,128
noisy,500,15,2,0.07182680815458298,128,0.003815092728473246,128,-2.9145293933162453,128,0.0013193712220527232,128,-3.879786524209501,128,0.06613225862383842,128,-0.07102901156051936,128,0.09333481267094612,128,0.33206095888091364,128,0.8964062070875872,128,0.7111303210258484,128,0.02032846212387085,128,0.5483790636062622,128,0.5865726470947266,128,0.6029331684112549,128,0.0770624577999115,128,0.13245898485183716,128,4.5,128
noisy,500,15,3,0.08687321841716766,128,0.009036026429384947,128,-2.20400338646063,128,0.0039022298296913505,128,-3.0202844644624864,128,0.08315769210457802,128,-0.00798564389123765,128,0.14023754745721817,128,0.496708122694285,128,0.8436597729817126,128,0.5790712833404541,128,0.02012401819229126,128,0.449710875749588,128,0.5009637475013733,128,0.517877072095871,128,0.05655661225318909,128,0.13724997639656067,128,8.0,128
noisy,500,15,4,0.10391495376825333,128,0.004145713988691568,128,-3.2230142821119334,128,0.0016960838693194091,128,-4.069350621986209,128,0.12064453586935997,128,0.0644294860619471,128,0.07902605086565018,128,-0.32137763914573825,128,0.8214936579176046,128,0.5036426186561584,128,0.022212475538253784,128,0.37142106890678406,128,0.4268179386854172,128,0.44135479629039764,128,0.07075190544128418,128,0.13478116691112518,128,8.0,128
noisy,500,15,5,0.0942070223391056,128,0.006216944893822074,128,-2.6538983114748373,128,0.0018288452411070466,128,-3.866185735229754,128,0.08310307934880257,128,-0.08808994655673812,128,0.08322900533676147,128,-0.14278098614489998,128,1.1423430309160478,128,0.6671545803546906,128,0.025086671113967896,128,0.5333953201770782,128,0.5762576460838318,128,0.5931086838245392,128,0.06511169672012329,128,0.1373363435268402,128,3.0,128
noisy,500,15,6,0.1088104397058487,128,0.005372545914724469,128,-2.9733623794986968,128,0.0017228477518074214,128,-4.05255063532595,128,0.10618680343031883,128,0.006936153903842091,128,0.09159926325082779,128,-0.14786887627967255,128,1.084688794530034,128,0.6350403130054474,128,0.02731117606163025,128,0.4840324968099594,128,0.5709990859031677,128,0.5810529589653015,128,0.03955301642417908,128,0.1504090130329132,128,7.0,128
noisy,500,15,7,0.05447874404489994,128,0.0035193415824323893,128,-2.7141140249850118,128,0.0015450645587407053,128,-3.520865276994673,128,0.05790497362613678,128,0.028758651030090607,128,0.13650249689817429,128,0.9498613707373531,128,0.7220766554756005,128,0.6139074862003326,128,0.021703511476516724,128,0.4045300781726837,128,0.4571194052696228,128,0.4781462848186493,128,0.12802556157112122,128,0.2143826186656952,128,4.0,128
noisy,500,15,8,0.17332962900400162,128,0.027644035406410694,128,-1.8468411509852767,128,0.02118221577256918,128,-2.0858951383374906,128,0.13095170259475708,128,-0.23367296521015668,128,0.11429860070347786,128,-0.40369832727833105,128,0.2623346107897711,128,0.44287919998168945,128,0.03486210107803345,128,0.4108317792415619,128,0.4469553083181381,128,0.464352011680603,128,-0.026994988322257996,128,0.025608032941818237,128,12.5,128
noisy,500,15,9,0.13018189370632172,128,0.017629041336476803,128,-2.0084817906746393,128,0.005239223130047321,128,-3.2245441267629333,128,0.1511579230427742,128,0.12665400464537524,128,0.10046591982245445,128,-0.25066344951847896,128,1.2212729888342877,128,0.6007829010486603,128,0.02353927493095398,128,0.4778892993927002,128,0.5243320763111115,128,0.5476476550102234,128,0.05604073405265808,128,0.11852607131004333,128,8.0,128
noisy,500,15,10,0.11033162102103233,128,0.012688699178397655,128,-2.1887268856080326,128,0.004182349890470505,128,-3.2687229995810196,128,0.09850805997848511,128,-0.11809933569583195,128,0.07362499088048935,128,-0.4273783891259524,128,1.082411669465607,128,0.5485904812812805,128,0.028194010257720947,128,0.43071362376213074,128,0.47858574986457825,128,0.5006461143493652,128,0.04603219032287598,128,0.08910885453224182,128,3.0,128
noisy,500,15,11,0.12383541837334633,128,0.01486937329173088,128,-2.139270310782102,128,0.005069446749985218,128,-3.136884038872449,128,0.08836468309164047,128,-0.348462183488391,128,0.058877306059002876,128,-0.7595741101342666,128,0.9369677505816827,128,0.5531708002090454,128,0.02505679428577423,128,0.47114019095897675,128,0.5133504867553711,128,0.529621034860611,128,0.027127057313919067,128,0.08711245656013489,128,4.0,128
noisy,500,16,0,0.05291885323822498,128,0.004144363338127732,128,-2.4628157991288333,128,0.0016688209725543857,128,-3.3647844814696146,128,0.04691074974834919,128,-0.13929972050697148,128,0.05562725476920605,128,0.04116657663688961,128,0.8439714529044384,128,0.6699201762676239,128,0.020444631576538086,128,0.5629331171512604,128,0.5985194742679596,128,0.6123014092445374,128,0.040067195892333984,128,0.0902862548828125,128,6.0,128
noisy,500,16,1,0.07729046419262886,128,0.005266544641926885,128,-2.6817998697406216,128,0.001961653819307685,128,-3.6410785196940285,128,0.07792181521654129,128,-0.008324317536397811,128,0.08296813815832138,128,0.06368065376057182,128,0.9370294172039764,128,0.6459671854972839,128,0.02144560217857361,128,0.493123397231102,128,0.5367004871368408,128,0.5533255040645599,128,0.07355266809463501,128,0.13087813556194305,128,6.0,128
noisy,500,16,2,0.06092886999249458,128,0.019345548935234547,128,-1.1219850177038737,128,0.010412928182631731,128,-1.7499811429784913,128,0.04756091348826885,128,-0.24455455489324796,128,0.02991331648081541,128,-0.7785649513957817,128,0.6391077170286267,128,0.5978900790214539,128,0.025045007467269897,128,0.5310570001602173,128,0.5728041231632233,128,0.5857371687889099,128,0.01072007417678833,128,0.07045802474021912,128,3.0,128
noisy,500,16,3,0.10374543070793152,128,0.01145037030801177,128,-2.2116912648645637,128,0.002802731702104211,128,-3.5632636346225386,128,0.09441705793142319,128,-0.09372126023145928,128,0.09010747075080872,128,-0.11958466832458661,128,1.293971712997787,128,0.5256890058517456,128,0.030137747526168823,128,0.4083540737628937,128,0.44409438967704773,128,0.463861346244812,128,0.05919232964515686,128,0.11377005279064178,128,11.0,128
noisy,500,16,4,0.11495506018400192,128,0.010248141828924417,128,-2.3824659651741893,128,0.004908188246190548,128,-3.0746596536424597,128,0.08451363816857338,128,-0.26998650059514284,128,0.060035597532987595,128,-0.624294733149562,128,0.7021711971523124,128,0.6820718050003052,128,0.020014524459838867,128,0.6035476624965668,128,0.639253556728363,128,0.6492248773574829,128,0.029263347387313843,128,0.07486268877983093,128,3.5,128
noisy,500,16,5,0.07032674178481102,128,0.01187268691137433,128,-1.7716704451083727,128,0.004854162223637104,128,-2.6911359670980586,128,0.05970376543700695,128,-0.17425280360113352,128,0.05681142769753933,128,-0.23236466950038376,128,0.857139049235336,128,0.6711367666721344,128,0.02417510747909546,128,0.5767178535461426,128,0.6201896369457245,128,0.6286415755748749,128,0.037006765604019165,128,0.08728957176208496,128,2.0,128
noisy,500,16,6,0.0851464532315731,128,0.024218779988586903,128,-1.2165592818430795,128,0.01160875242203474,128,-1.9343376795872027,128,0.0699308030307293,128,-0.1617143919332829,128,0.03295365162193775,128,-0.9461457797039903,128,0.7279789841341848,128,0.41834330558776855,128,0.03470662236213684,128,0.3874987065792084,128,0.4304119199514389,128,0.4488172233104706,128,-0.014876529574394226,128,0.044988393783569336,128,11.0,128
noisy,500,16,7,0.10750449821352959,128,0.009136854205280542,128,-2.4017588637551563,128,0.0021555833518505096,128,-3.855793657660139,128,0.09564317390322685,128,-0.12127452489480178,128,0.0997740812599659,128,-0.038186880996854244,128,1.4321618412344956,128,0.6670562624931335,128,0.021652638912200928,128,0.5185554027557373,128,0.5525473654270172,128,0.5691032409667969,128,0.09825539588928223,128,0.14253485202789307,128,4.0,128
noisy,500,16,8,0.12101363390684128,128,0.0116921691223979,128,-2.3462063657347505,128,0.005726728355512023,128,-3.0314028631537973,128,0.08866312727332115,128,-0.2847246547817126,128,0.07726608961820602,128,-0.3712447360088461,128,0.6052267812252864,128,0.5818798542022705,128,0.02883276343345642,128,0.4806835353374481,128,0.5405263900756836,128,0.5540865063667297,128,0.034482747316360474,128,0.10087308287620544,128,2.0,128
noisy,500,16,9,0.05405574291944504,128,0.013679981231689453,128,-1.3323488914391275,128,0.007283913437277079,128,-1.9346503940502942,128,0.04307577945291996,128,-0.21794530875949045,128,0.029709387570619583,128,-0.6631301363043753,128,0.6293387812623601,128,0.535703718662262,128,0.022859901189804077,128,0.48863987624645233,128,0.5299056768417358,128,0.5420571565628052,128,0.007586538791656494,128,0.06272837519645691,128,10.5,128
noisy,500,16,10,0.09541372582316399,128,0.004244898678734899,128,-3.0708397613593412,128,0.0015797436353750527,128,-4.0277898227164,128,0.08858009800314903,128,-0.059773830894925786,128,0.11524767056107521,128,0.21082614709849698,128,0.9059877949372244,128,0.6851575970649719,128,0.02346828579902649,128,0.5246514976024628,128,0.5561394095420837,128,0.5797180235385895,128,0.10358664393424988,128,0.16630509495735168,128,6.0,128
noisy,500,16,11,0.14703543484210968,128,0.0072201150469481945,128,-2.9499352435414705,128,0.0033580546732991934,128,-3.7276326614598263,128,0.1399000659584999,128,-0.043890964944688415,128,0.15618517249822617,128,0.020810577811198536,128,0.7271497338628111,128,0.4818720370531082,128,0.026263028383255005,128,0.4099918305873871,128,0.4583338797092438,128,0.4714287221431732,128,0.0007897317409515381,128,0.08794890344142914,128,9.0,128
noisy,500,17,0,0.16008077561855316,128,0.009028072003275156,128,-2.8049454820629425,128,0.0027311310404911637,128,-3.9938486603128664,128,0.14343148469924927,128,-0.09376351393291714,128,0.13298867642879486,128,-0.24992756761564644,128,1.0589891895894215,128,0.7247853875160217,128,0.02070462703704834,128,0.5964876115322113,128,0.6383814215660095,128,0.6488830745220184,128,0.07233008742332458,128,0.11989951133728027,128,3.0,128
noisy,500,17,1,0.11437343060970306,128,0.03023352473974228,128,-1.2941284712894736,128,0.01587738376110792,128,-1.979045905614842,128,0.09589807316660881,128,-0.14979820007705807,128,0.031507013365626335,128,-1.2797298665006092,128,0.6322755768510091,128,0.7592002153396606,128,0.024834394454956055,128,0.7039230167865753,128,0.728576123714447,128,0.7339533865451813,128,0.020955801010131836,128,0.0541054904460907,128,5.0,128
noisy,500,17,2,0.2279946133494377,128,0.013705350458621979,128,-2.7532400773000916,128,0.008493649307638407,128,-3.314575133660405,128,0.15084408223628998,128,-0.39305348697003784,128,0.21841692924499512,128,-0.08628296661794252,128,0.5253052475232779,128,0.5793041884899139,128,0.02454313635826111,128,0.5522777736186981,128,0.6113703548908234,128,0.6216103732585907,128,-0.029278814792633057,128,0.02051331102848053,128,5.0,128
noisy,500,17,3,0.0692787729203701,128,0.00959338853135705,128,-1.9582835052929384,128,0.00538588990457356,128,-2.5559993751051806,128,0.05444546788930893,128,-0.24913905521970098,128,0.018122730776667595,128,-1.2342874737534988,128,0.5525114673594085,128,0.5788286030292511,128,0.017035365104675293,128,0.5527816116809845,128,0.5959678888320923,128,0.5977573394775391,128,-0.01537594199180603,128,0.021010637283325195,128,6.0,128
noisy,500,17,4,0.12860403954982758,128,0.026003025472164154,128,-1.6399830008927088,128,0.010645105969160795,128,-2.5047005207591226,128,0.11188562959432602,128,-0.08026107735925983,128,0.03136128559708595,128,-1.447801265740539,128,0.8675069901887345,128,0.7315617799758911,128,0.014040082693099976,128,0.6756827533245087,128,0.7030839920043945,128,0.7097261250019073,128,0.021714121103286743,128,0.05441486835479736,128,5.0,128
noisy,500,17,5,0.09271911904215813,128,0.020794249139726162,128,-1.4583127184205587,128,0.007888716645538807,128,-2.395499820741047,128,0.07423996552824974,128,-0.18815481039280735,128,0.02264977339655161,128,-1.3764042540897594,128,0.8686975570262319,128,0.6848584115505219,128,0.018416404724121094,128,0.6648746728897095,128,0.6941609382629395,128,0.7014685273170471,128,-0.024563610553741455,128,0.009749263525009155,128,12.0,128
noisy,500,17,6,0.15386082977056503,128,0.005789612187072635,128,-3.256350467417789,128,0.0029829692794010043,128,-3.9735186276190273,128,0.13905876874923706,128,-0.11608512692832684,128,0.09976345300674438,128,-0.4693764003478187,128,0.580483360144745,128,0.6109893023967743,128,0.030339553952217102,128,0.49291208386421204,128,0.5484420657157898,128,0.5574483573436737,128,0.050857335329055786,128,0.13495773077011108,128,4.0,128
noisy,500,17,7,0.09898259118199348,128,0.014648373704403639,128,-1.8864008946140984,128,0.006408862536773086,128,-2.609260578353263,128,0.08374892920255661,128,-0.19157126187316478,128,0.019993236288428307,128,-1.542193571443923,128,0.5888188578250797,128,0.6265560388565063,128,0.022884681820869446,128,0.5773174464702606,128,0.6279894113540649,128,0.6414476931095123,128,-0.01428532600402832,128,0.03182554244995117,128,3.5,128
noisy,500,17,8,0.05715394392609596,128,0.00801902823150158,128,-1.9264035454139485,128,0.003924708580598235,128,-2.643100098214983,128,0.045354677364230156,128,-0.23982762002916086,128,0.01613093540072441,128,-1.2432583070116972,128,0.5981760469414353,128,0.6813981533050537,128,0.02352064847946167,128,0.6571361720561981,128,0.7155752182006836,128,0.7220779657363892,128,-0.04058447480201721,128,0.011351734399795532,128,1.0,128
noisy,500,17,9,0.05617628991603851,128,0.01788497343659401,128,-1.088946885927788,128,0.009476648177951574,128,-1.773555932899162,128,0.052006619051098824,128,-0.08128573810545026,128,0.08071425557136536,128,0.37605871547518904,128,0.6731443041378472,128,0.6394830048084259,128,0.022711724042892456,128,0.4803597182035446,128,0.5322647094726562,128,0.5563273727893829,128,0.08604994416236877,128,0.15632471442222595,128,4.0,128
noisy,500,17,10,0.07097644731402397,128,0.007632161024957895,128,-2.1473768375316595,128,0.0037631840677931905,128,-2.9540740329311443,128,0.06259996816515923,128,-0.16863740656918116,128,0.02656356245279312,128,-1.0031972203679622,128,0.6721299279689006,128,0.7403564453125,128,0.019855409860610962,128,0.6850960552692413,128,0.7162303626537323,128,0.7282530665397644,128,0.0038490891456604004,128,0.041971564292907715,128,2.0,128
noisy,500,17,11,0.09954719245433807,128,0.008166936226189137,128,-2.467556346527261,128,0.004644123138859868,128,-3.0275202360993108,128,0.08757868781685829,128,-0.1333962919707765,128,0.06051608547568321,128,-0.4106473162526162,128,0.5719106610580054,128,0.7020649015903473,128,0.016683429479599,128,0.6219328939914703,128,0.6523894369602203,128,0.668586015701294,128,0.030172675848007202,128,0.06848058104515076,128,7.0,128
noisy,500,18,0,0.26896680891513824,128,0.021582309156656265,128,-2.537176396964184,128,0.010576896369457245,128,-3.23650731033056,128,0.20623037219047546,128,-0.06195108896812857,128,0.5938302576541901,128,0.8259643291656833,128,0.6765051874055952,128,0.3644167184829712,128,0.026689454913139343,128,0.26428748667240143,128,0.31420285999774933,128,0.3305017501115799,128,0.0280856192111969,128,0.08255864679813385,128,7.0,128
noisy,500,18,1,0.17205963283777237,128,0.009735772386193275,128,-2.941765546984855,128,0.004041608888655901,128,-3.7555759242675935,128,0.11906703189015388,128,-0.3181557506614594,128,0.09109489619731903,128,-0.6349137861928242,128,0.7748912976393537,128,0.6785561740398407,128,0.024226993322372437,128,0.456498458981514,128,0.5261245369911194,128,0.5424128770828247,128,0.12335681915283203,128,0.19665096700191498,128,2.0,128
noisy,500,18,2,0.16549713164567947,128,0.012723943218588829,128,-2.6616589863874713,128,0.006720173638314009,128,-3.351565571824878,128,0.11915971711277962,128,-0.31895959725462597,128,0.08470501378178596,128,-0.7875545948426899,128,0.5734546002435602,128,0.6372783482074738,128,0.023418307304382324,128,0.443679079413414,128,0.5025580525398254,128,0.5208631455898285,128,0.10289530456066132,128,0.17224209010601044,128,3.0,128
noisy,500,18,3,0.21259021759033203,128,0.014820873737335205,128,-2.6720627238437755,128,0.0069686295464634895,128,-3.409801480008631,128,0.15865205228328705,128,-0.3069063273484484,128,0.15179616957902908,128,-0.3999284101048227,128,0.6477626954706937,128,0.5809823274612427,128,0.026586055755615234,128,0.39825989305973053,128,0.462515264749527,128,0.4821497052907944,128,0.08984489738941193,128,0.17161205410957336,128,3.5,128
noisy,500,18,4,0.06451322138309479,128,0.009673828724771738,128,-1.9035912756844808,128,0.003322239383123815,128,-2.9776623311629566,128,0.05615696869790554,128,-0.15202041979967806,128,0.05084714852273464,128,-0.22320953920007514,128,0.9864605065892622,128,0.5954113006591797,128,0.025062650442123413,128,0.40093064308166504,128,0.4585762321949005,128,0.4768204092979431,128,0.10563337802886963,128,0.17774362862110138,128,3.0,128
noisy,500,18,5,0.18294107168912888,128,0.011485058348625898,128,-2.7534113927408486,128,0.00523153250105679,128,-3.535831330609758,128,0.1404038742184639,128,-0.24274645851124443,128,0.08871683478355408,128,-0.7558185849028047,128,0.7372187471984015,128,0.6979067623615265,128,0.02550889551639557,128,0.518044114112854,128,0.555177241563797,128,0.5772794187068939,128,0.10737884044647217,128,0.1714562177658081,128,2.0,128
noisy,500,18,6,0.23340659588575363,128,0.02123408205807209,128,-2.4519156316787356,128,0.009698216337710619,128,-3.1552972420917818,128,0.17635183781385422,128,-0.2357079317531696,128,0.1468210369348526,128,-0.499466776293466,128,0.6485537146290046,128,0.620459258556366,128,0.024353474378585815,128,0.46564093232154846,128,0.5194494724273682,128,0.5391700267791748,128,0.0740143358707428,128,0.13492706418037415,128,4.0,128
noisy,500,18,7,0.23069757968187332,128,0.016409434378147125,128,-2.60531775368407,128,0.006254342617467046,128,-3.6166899583842596,128,0.19239727407693863,128,-0.1632043454527492,128,0.1791028529405594,128,-0.30218322439789236,128,0.9535470511637827,128,0.5646959841251373,128,0.026753395795822144,128,0.4038861393928528,128,0.4589737057685852,128,0.4761170744895935,128,0.07440789043903351,128,0.16724158823490143,128,4.0,128
noisy,500,18,8,0.15463072061538696,128,0.009598014410585165,128,-2.765353400415566,128,0.004595803562551737,128,-3.46618797189277,128,0.11122338101267815,128,-0.28983483567661644,128,0.09315628558397293,128,-0.5899246195043166,128,0.6934885742629939,128,0.6819202899932861,128,0.020439177751541138,128,0.5195823013782501,128,0.5732335150241852,128,0.5933323502540588,128,0.07884547114372253,128,0.1487959921360016,128,5.0,128
noisy,500,18,9,0.15345873683691025,128,0.016258493065834045,128,-2.2123870829808974,128,0.007691379636526108,128,-3.0194083829261906,128,0.14064683765172958,128,-0.09234427037862694,128,0.0734698623418808,128,-0.7377233421471044,128,0.7621429111208469,128,0.5225534439086914,128,0.02158963680267334,128,0.46452696621418,128,0.49786627292633057,128,0.5143923461437225,128,0.001070469617843628,128,0.055197879672050476,128,15.0,128
noisy,500,18,10,0.0935819149017334,128,0.012485458515584469,128,-2.055676513651143,128,0.006220770999789238,128,-2.7865783092923833,128,0.08625075966119766,128,-0.1034136626766271,128,0.042656123638153076,128,-0.8126043306401447,128,0.6482661307596453,128,0.5656145215034485,128,0.0192849263548851,128,0.4258613884449005,128,0.4807063639163971,128,0.49405767023563385,128,0.05953320860862732,128,0.12938465178012848,128,8.0,128
noisy,500,18,11,0.12855200469493866,128,0.011359882541000843,128,-2.4852716561489383,128,0.005026320461183786,128,-3.3492757381421288,128,0.0953679047524929,128,-0.3389852439569438,128,0.08668603375554085,128,-0.4836413585752321,128,0.76977237883142,128,0.5989230871200562,128,0.02788412570953369,128,0.4452836215496063,128,0.49347904324531555,128,0.5078670084476471,128,0.07556785643100739,128,0.1509941816329956,128,3.0,128
noisy,500,19,0,0.16219688206911087,128,0.021604797802865505,128,-2.013646717302533,128,0.0070907005574554205,128,-3.1091430120066583,128,0.16532433778047562,128,0.04871580448006166,128,0.27596941590309143,128,0.5104060245821449,128,1.1200176195214908,128,0.3938828557729721,128,0.031561657786369324,128,0.28989942371845245,128,0.3491506278514862,128,0.36482812464237213,128,0.03898775577545166,128,0.10778768360614777,128,9.0,128
noisy,500,19,1,0.06166708655655384,128,0.005438772263005376,128,-2.3832896619405446,128,0.0025469210231676698,128,-3.1662941701455525,128,0.047021517530083656,128,-0.2908505555044982,128,0.028854777105152607,128,-0.7757784449024632,128,0.6185718231160844,128,0.6562748551368713,128,0.02320149540901184,128,0.590087354183197,128,0.6505756676197052,128,0.6562975645065308,128,0.0030385851860046387,128,0.06469324231147766,128,3.0,128
noisy,500,19,2,0.10738300532102585,128,0.012425390537828207,128,-2.072147956604634,128,0.007870214991271496,128,-2.461197351647821,128,0.10564788058400154,128,-0.09534301253040736,128,0.03585413657128811,128,-1.0115374279864997,128,0.41752551950347594,128,0.37867994606494904,128,0.011069968342781067,128,0.36562320590019226,128,0.3994886726140976,128,0.4014797657728195,128,-0.022219762206077576,128,0.006134465336799622,128,7.0,128
noisy,500,19,3,0.10383133962750435,128,0.006724260980263352,128,-2.7565576762232906,128,0.002231645514257252,128,-3.7926498329046407,128,0.0764629952609539,128,-0.22293584907360653,128,0.0718652568757534,128,-0.4554919642276015,128,1.027496374516916,128,0.6007083356380463,128,0.02363915741443634,128,0.4566853642463684,128,0.5033081471920013,128,0.5147154629230499,128,0.07790973782539368,128,0.14774015545845032,128,4.0,128
noisy,500,19,4,0.06073638238012791,128,0.012804551515728235,128,-1.492917598513618,128,0.005924910306930542,128,-2.3475714424282583,128,0.05023852176964283,128,-0.30115004835211734,128,0.015621088445186615,128,-1.4067206175805698,128,0.7691958750282718,128,0.676647961139679,128,0.011607199907302856,128,0.6438744962215424,128,0.6688460409641266,128,0.6757459044456482,128,-0.0057430267333984375,128,0.027624070644378662,128,6.0,128
noisy,500,19,5,0.07996438816189766,128,0.01730720605701208,128,-1.5232997157611936,128,0.006562837865203619,128,-2.5573316284964056,128,0.05379191413521767,128,-0.3717090065613997,128,0.023005051538348198,128,-1.2177623756567575,128,1.0159171303875425,128,0.7105489671230316,128,0.020952284336090088,128,0.618161141872406,128,0.6621599793434143,128,0.673215389251709,128,0.031931549310684204,128,0.07896578311920166,128,2.0,128
noisy,500,19,6,0.13261335343122482,128,0.006997271440923214,128,-2.901075889769506,128,0.0034886450739577413,128,-3.5683551224506216,128,0.11031090095639229,128,-0.18227491205771254,128,0.08673380315303802,128,-0.3796802719710457,128,0.7113689977823084,128,0.7215755581855774,128,0.019383132457733154,128,0.6149080395698547,128,0.6514489054679871,128,0.6659065783023834,128,0.05140739679336548,128,0.09732210636138916,128,3.0,128
noisy,500,19,7,0.16017864644527435,128,0.028457709588110447,128,-1.757529125528479,128,0.010559199843555689,128,-2.7495951821950633,128,0.10486210510134697,128,-0.43671268309809463,128,0.04127169959247112,128,-1.3772136836403466,128,0.9716848984759443,128,0.5487699508666992,128,0.026482313871383667,128,0.48413796722888947,128,0.525301605463028,128,0.5376091599464417,128,0.012571841478347778,128,0.08089505136013031,128,4.5,128
noisy,500,19,8,0.13192233443260193,128,0.01092952722683549,128,-2.470575989662548,128,0.0031200851080939174,128,-3.7876066435389344,128,0.13625667989253998,128,0.03737166841020462,128,0.04929085448384285,128,-1.0126744339263438,128,1.261107834675733,128,0.6884481012821198,128,0.018821001052856445,128,0.6244468986988068,128,0.6660303473472595,128,0.6743833422660828,128,0.014973431825637817,128,0.05505278706550598,128,6.0,128
noisy,500,19,9,0.0779714286327362,128,0.005500008352100849,128,-2.6362745534454985,128,0.002108166227117181,128,-3.5573125664827145,128,0.05959458090364933,128,-0.2254541766551102,128,0.03777544014155865,128,-0.7667263886477254,128,0.9572337454770968,128,0.691338449716568,128,0.02262413501739502,128,0.5735076665878296,128,0.6158274710178375,128,0.634466677904129,128,0.060909003019332886,128,0.1282179355621338,128,2.0,128
noisy,500,19,10,0.1444847509264946,128,0.0535455159842968,128,-1.0681382437999636,128,0.031782252714037895,128,-1.561782763211219,128,0.13342370092868805,128,-0.07477246823351415,128,0.04713094048202038,128,-1.1824170208770606,128,0.5383764655174461,128,0.46785417199134827,128,0.08004982769489288,128,0.4082278162240982,128,0.4765472412109375,128,0.48568855226039886,128,-0.029539376497268677,128,0.04494965076446533,128,5.0,128
noisy,500,19,11,0.06231243908405304,128,0.003392031416296959,128,-2.9696301016559072,128,0.0020167033653706312,128,-3.4474404737340842,128,0.04438629373908043,128,-0.3231959181807346,128,0.02689590211957693,128,-0.7953615421148585,128,0.4152275324713041,128,0.6067930459976196,128,0.02712133526802063,128,0.5208925008773804,128,0.5739173889160156,128,0.5804716944694519,128,0.025552958250045776,128,0.07179012894630432,128,4.0,128
noisy,500,20,0,0.1078767366707325,128,0.004302440211176872,128,-3.102340685723593,128,0.002626775880344212,128,-3.632814344337464,128,0.07149875164031982,128,-0.36409662395556663,128,0.03479114547371864,128,-1.2264944125017148,128,0.49656845705463903,128,0.7028955221176147,128,0.023686528205871582,128,0.5570001006126404,128,0.6133091747760773,128,0.6259397864341736,128,0.07385554909706116,128,0.13332843780517578,128,2.0,128
noisy,500,20,1,0.10350332409143448,128,0.02338202390819788,128,-1.3914481095784572,128,0.01703280210494995,128,-1.7519058359583357,128,0.10403455048799515,128,-0.05407244239355244,128,0.018943417817354202,128,-1.5752038158346142,128,0.38345139082562574,128,0.6610781252384186,128,0.010884344577789307,128,0.6518291532993317,128,0.6683367490768433,128,0.6713061332702637,128,-0.009873151779174805,128,0.004276901483535767,128,6.0,128
noisy,500,20,2,0.15101157128810883,128,0.08342862874269485,128,-0.6049131649888675,128,0.05328583903610706,128,-1.0580004869059279,128,0.14042264223098755,128,-0.07720668243290599,128,0.05628911964595318,128,-0.964076283325965,128,0.4718218900926742,128,0.6142314374446869,128,0.039514362812042236,128,0.5827057659626007,128,0.6070892810821533,128,0.620503842830658,128,0.0004892647266387939,128,0.03150048851966858,128,11.0,128
noisy,500,20,3,0.09782091528177261,128,0.037028659135103226,128,-0.991471862452326,128,0.019828617572784424,128,-1.6071943979107903,128,0.09294484928250313,128,-0.04769828416677835,128,0.02072661928832531,128,-1.4734021619896045,128,0.5901395007300609,128,0.6468155682086945,128,0.017742931842803955,128,0.639045238494873,128,0.6577920913696289,128,0.6633571684360504,128,-0.01829349994659424,128,0.008133351802825928,128,11.0,128
noisy,500,20,4,0.06568151712417603,128,0.010635867714881897,128,-1.8074554735505233,128,0.004444732563570142,128,-2.696730004299833,128,0.05636031553149223,128,-0.17646943006926966,128,0.05214827135205269,128,-0.2689658456173457,128,0.8389683783600702,128,0.6859155595302582,128,0.026307791471481323,128,0.5005878508090973,128,0.5464834570884705,128,0.556165874004364,128,0.1143358051776886,128,0.1830318719148636,128,2.0,128
noisy,500,20,5,0.10765257850289345,128,0.04559990391135216,128,-0.8613965189710588,128,0.024922329001128674,128,-1.464730119622722,128,0.1022973321378231,128,-0.10301574521530255,128,0.0241711912676692,128,-1.4481410136616342,128,0.5859952664333831,128,0.6178088188171387,128,0.018732160329818726,128,0.6083188056945801,128,0.6249595284461975,128,0.6283635795116425,128,-0.012342661619186401,128,0.00526157021522522,128,6.0,128
noisy,500,20,6,0.06075963005423546,128,0.005445772083476186,128,-2.4130533334778583,128,0.004050393821671605,128,-2.731882710854814,128,0.051125338301062584,128,-0.1691722216842267,128,0.023742766119539738,128,-0.9163844228578122,128,0.3465663166550408,128,0.8349990248680115,128,0.013161927461624146,128,0.6646306216716766,128,0.6992078423500061,128,0.7112640738487244,128,0.1216897964477539,128,0.1583823263645172,128,2.0,128
noisy,500,20,7,0.17842970043420792,128,0.12656427919864655,128,-0.37465329920953183,128,0.05678459070622921,128,-1.137672987871446,128,0.16949038207530975,128,-0.06073855352240219,128,0.06512713432312012,128,-1.0510283738257669,128,0.7497713438645011,128,0.6984796822071075,128,0.02514749765396118,128,0.6850161552429199,128,0.7125522196292877,128,0.7184068858623505,128,-0.02277994155883789,128,0.010140776634216309,128,17.0,128
noisy,500,20,8,0.11038105562329292,128,0.0389575120061636,128,-0.9940688091313002,128,0.015494586434215307,128,-1.967587928646549,128,0.09323975443840027,128,-0.20438810444893463,128,0.019081962294876575,128,-1.7943223071714964,128,0.8764985347922074,128,0.7327358722686768,128,0.021075814962387085,128,0.7207357287406921,128,0.7467846870422363,128,0.7523517310619354,128,-0.024315446615219116,128,0.0060272216796875,128,11.0,128
noisy,500,20,9,0.1324901580810547,128,0.029178880155086517,128,-1.4551190497107527,128,0.022683638148009777,128,-1.7492141996547894,128,0.11427262052893639,128,-0.12566821644560452,128,0.02585582621395588,128,-1.5626852778561426,128,0.28535250512213195,128,0.6774263381958008,128,0.03177139163017273,128,0.6307837665081024,128,0.6685701012611389,128,0.6744219362735748,128,-0.007291615009307861,128,0.037183284759521484,128,11.0,128
noisy,500,20,10,0.09030987322330475,128,0.016366814263164997,128,-1.7084537552566925,128,0.007893261965364218,128,-2.505689466494684,128,0.07314013317227364,128,-0.20778358147851686,128,0.04239271208643913,128,-0.7022938980980553,128,0.7702134400024341,128,0.7475978136062622,128,0.02102595567703247,128,0.546761155128479,128,0.594660609960556,128,0.6101413369178772,128,0.128072589635849,128,0.19365841150283813,128,1.0,128
noisy,500,20,11,0.07049793750047684,128,0.012030350510030985,128,-1.7733280068602841,128,0.008820608723908663,128,-2.148570328238332,128,0.06284619681537151,128,-0.13311660039474513,128,0.016739724203944206,128,-1.377577060204854,128,0.2987959141739662,128,0.6292556524276733,128,0.01721253991127014,128,0.6366557478904724,128,0.6742543578147888,128,0.691504955291748,128,-0.04681912064552307,128,-0.0036280155181884766,128,5.0,128
noisy,500,21,0,0.12363643944263458,128,0.029702342115342617,128,-1.3534887404604907,128,0.02805937733501196,128,-1.4882035093151647,128,0.09820226207375526,128,-0.24716299921277177,128,0.04131733439862728,128,-1.1929296253708368,128,0.13215726907279005,128,0.5853325724601746,128,0.025881022214889526,128,0.5233532190322876,128,0.5732791125774384,128,0.5854418575763702,128,0.0032568275928497314,128,0.05424016714096069,128,11.0,128
noisy,500,21,1,0.1591014489531517,128,0.00818617269396782,128,-2.969949952332821,128,0.0027845539152622223,128,-3.9999046563011986,128,0.10726921260356903,128,-0.36275768021005966,128,0.07079178467392921,128,-0.7885201400766728,128,0.9437141829725674,128,0.6888694763183594,128,0.04482117295265198,128,0.5296280086040497,128,0.5771378874778748,128,0.5889697372913361,128,0.08516907691955566,128,0.14362043142318726,128,1.0,128
noisy,500,21,2,0.11363456398248672,128,0.01089105335995555,128,-2.27618679380623,128,0.008348069619387388,128,-2.587762634333754,128,0.07213891670107841,128,-0.40801209317372783,128,0.022463358938694,128,-1.7075751239497352,128,0.35537837854603777,128,0.6878722906112671,128,0.02611178159713745,128,0.5535129308700562,128,0.5856287479400635,128,0.6019437611103058,128,0.0850246250629425,128,0.13846001029014587,128,2.0,128
noisy,500,21,3,0.11824199557304382,128,0.037475427612662315,128,-1.1005598242848822,128,0.023285776376724243,128,-1.5781273499127408,128,0.11206014081835747,128,-0.11826449750142232,128,0.023550279438495636,128,-1.5933481833719982,128,0.4914556813983595,128,0.5426039695739746,128,0.023715540766716003,128,0.5367617607116699,128,0.5680874586105347,128,0.5719176828861237,128,-0.028819739818572998,128,0.003263622522354126,128,7.0,128
noisy,500,21,4,0.16697333008050919,128,0.01224777102470398,128,-2.6280989751092223,128,0.006548917153850198,128,-3.214029811888329,128,0.1601272150874138,128,-0.004178906729810861,128,0.15115226805210114,128,-0.13194471214753883,128,0.5939765905951476,128,0.5849851369857788,128,0.017957478761672974,128,0.46255606412887573,128,0.5136987268924713,128,0.5292767584323883,128,0.049624040722846985,128,0.11050581932067871,128,4.0,128
noisy,500,21,5,0.13917900621891022,128,0.01874863263219595,128,-2.052650724890799,128,0.016180118545889854,128,-2.187627363067619,128,0.1337972953915596,128,-0.039468371562924605,128,0.07220291718840599,128,-0.6736011860651421,128,0.1619287983812664,128,0.48434238135814667,128,0.04141424596309662,128,0.38020458817481995,128,0.468727171421051,128,0.4849674552679062,128,-0.0014227181673049927,128,0.09445932507514954,128,16.5,128
noisy,500,21,6,0.08206289261579514,128,0.007410450838506222,128,-2.316979858404494,128,0.003098903689533472,128,-3.1680711887031743,128,0.06734263896942139,128,-0.18717406080062685,128,0.03453005664050579,128,-0.7933163745652921,128,0.8444215755899036,128,0.7317007780075073,128,0.0235271155834198,128,0.4904782921075821,128,0.5493418574333191,128,0.5681415498256683,128,0.15998616814613342,128,0.2105606198310852,128,2.0,128
noisy,500,21,7,0.08098629489541054,128,0.00856271805241704,128,-2.2190283398914437,128,0.0037878069560974836,128,-2.9739589419816292,128,0.07851116359233856,128,-0.009176689599194023,128,0.0817168839275837,128,0.014182542940606325,128,0.7588498720780104,128,0.6430608928203583,128,0.02026742696762085,128,0.5521764159202576,128,0.5960377156734467,128,0.60889732837677,128,0.02229297161102295,128,0.08734220266342163,128,5.0,128
noisy,500,21,8,0.04458282329142094,128,0.011656144633889198,128,-1.4920058306019595,128,0.011874149553477764,128,-1.3709195944893495,128,0.03753370977938175,128,-0.1724633894152299,128,0.012083806563168764,128,-1.3346223649442122,128,-0.13202466999993945,128,0.759949654340744,128,0.012791544198989868,128,0.7573484778404236,128,0.7711593210697174,128,0.7760696113109589,128,-0.024037599563598633,128,-0.004042088985443115,128,5.0,128
noisy,500,21,9,0.14808101952075958,128,0.0795157253742218,128,-0.6607617688608188,128,0.027368626557290554,128,-1.6574955509690659,128,0.15130995959043503,128,0.03854287384699627,128,0.031806034967303276,128,-1.5123303279536628,128,1.0254876574645209,128,0.5561473965644836,128,0.018587857484817505,128,0.5420714318752289,128,0.5728722810745239,128,0.5899596214294434,128,-0.0263291597366333,128,0.008394211530685425,128,16.0,128
noisy,500,21,10,0.12192028388381004,128,0.052364692091941833,128,-0.8570363306196456,128,0.026737138628959656,128,-1.5090098336631672,128,0.12384994328022003,128,-0.05692999976761483,128,0.02693463396281004,128,-1.5043231519438618,128,0.6619824158066492,128,0.4323578029870987,128,0.02811741828918457,128,0.43264099955558777,128,0.4678800702095032,128,0.47347642481327057,128,-0.02630455791950226,128,0.0038948655128479004,128,5.0,128
noisy,500,21,11,0.20086143165826797,128,0.10917721688747406,128,-0.5552193227004755,128,0.0680754967033863,128,-1.0498783521699622,128,0.16030356287956238,128,-0.15894054475079034,128,0.07007886469364166,128,-1.0256173578153998,128,0.4783488069248314,128,0.6146973967552185,128,0.05034917593002319,128,0.5917052030563354,128,0.6186440289020538,128,0.6338593661785126,128,-0.015699833631515503,128,0.021006643772125244,128,18.0,128
noisy,500,22,0,0.06367869675159454,128,0.004924399545416236,128,-2.5668149953951414,128,0.0026823420776054263,128,-3.1535115741014996,128,0.06036745384335518,128,-0.11491690894676856,128,0.04593087546527386,128,-0.31842602295157135,128,0.6116234959922813,128,0.6916583180427551,128,0.019870072603225708,128,0.49009642004966736,128,0.5519106686115265,128,0.5668640732765198,128,0.12257659435272217,128,0.18943902850151062,128,3.0,128
noisy,500,22,1,0.07881326973438263,128,0.01104756211861968,128,-1.9982123823212876,128,0.0056035632733255625,128,-2.7215135891721802,128,0.05968058854341507,128,-0.32235522657829774,128,0.04293324239552021,128,-0.6597646501172391,128,0.6317459282131507,128,0.6233029365539551,128,0.02075156569480896,128,0.41561901569366455,128,0.4699289798736572,128,0.4811154156923294,128,0.12332990765571594,128,0.18498237431049347,128,2.0,128
noisy,500,22,2,0.08764417469501495,128,0.014996894635260105,128,-1.745407944218539,128,0.004767078906297684,128,-2.86389977550825,128,0.07385063543915749,128,-0.12028043346145657,128,0.022885452955961227,128,-1.3424940067322488,128,1.1036713846247128,128,0.6804908812046051,128,0.016256272792816162,128,0.6068762540817261,128,0.6474266052246094,128,0.6620349586009979,128,0.024986356496810913,128,0.07875508069992065,128,4.0,128
noisy,500,22,3,0.1844695582985878,128,0.01067693904042244,128,-2.8626789680160973,128,0.004199450369924307,128,-3.7701725604959333,128,0.12061105668544769,128,-0.4359620971279733,128,0.0677107535302639,128,-1.0391546943769128,128,0.876986503740687,128,0.6658751368522644,128,0.023656919598579407,128,0.5024738013744354,128,0.5611430704593658,128,0.5780853629112244,128,0.08134785294532776,128,0.1499136984348297,128,2.0,128
noisy,500,22,4,0.07402428984642029,128,0.012052374891936779,128,-1.8287936750918323,128,0.0054554385133087635,128,-2.605306108103666,128,0.0633794479072094,128,-0.1678919352976549,128,0.053478749468922615,128,-0.37272721070172943,128,0.7592721159584732,128,0.5950378179550171,128,0.02458810806274414,128,0.42097391188144684,128,0.4773681163787842,128,0.4970230162143707,128,0.11096099019050598,128,0.17167863249778748,128,3.0,128
noisy,500,22,5,0.16348391771316528,128,0.009938037488609552,128,-2.8390331731045304,128,0.00530343665741384,128,-3.4683122469850822,128,0.11324258148670197,128,-0.2959817275928221,128,0.07346408441662788,128,-0.7249189850032296,128,0.6225417418313872,128,0.7388257086277008,128,0.021455317735671997,128,0.5825401842594147,128,0.6281959414482117,128,0.6444037556648254,128,0.0972733199596405,128,0.15722033381462097,128,3.0,128
noisy,500,22,6,0.17206697911024094,128,0.026265501976013184,128,-1.8577782928211484,128,0.01213269168511033,128,-2.630097418572836,128,0.1425749883055687,128,-0.12000466329033756,128,0.160480335354805,128,-0.1117778796980477,128,0.732653358743182,128,0.5605869889259338,128,0.028514176607131958,128,0.468883752822876,128,0.5188486278057098,128,0.5382992327213287,128,0.022202998399734497,128,0.07771793007850647,128,9.0,128
noisy,500,22,7,0.1724797710776329,128,0.024670247919857502,128,-1.8608875023700588,128,0.019540729001164436,128,-2.0773520660349694,128,0.1660165712237358,128,-0.01937637625461583,128,0.15580536425113678,128,-0.035850043518532895,128,0.25784220136326025,128,0.5307276248931885,128,0.02358299493789673,128,0.458656907081604,128,0.5081481635570526,128,0.5252598822116852,128,0.007457077503204346,128,0.06664572656154633,128,6.0,128
noisy,500,22,8,0.25154274702072144,128,0.008257126901298761,128,-3.356585448852217,128,0.002887968788854778,128,-4.500606055977496,128,0.1598641574382782,128,-0.37582911539006414,128,0.135607548058033,128,-0.5896456103130786,128,1.0738112550006793,128,0.6090931296348572,128,0.022013932466506958,128,0.45882320404052734,128,0.5206458866596222,128,0.5313791036605835,128,0.0622505247592926,128,0.1278831660747528,128,3.0,128
noisy,500,22,9,0.14976152777671814,128,0.007960365153849125,128,-2.9215588322371238,128,0.003822719445452094,128,-3.6851170661318218,128,0.1482132077217102,128,-0.002578203226418282,128,0.12775243818759918,128,-0.1885248617063781,128,0.6482929318452808,128,0.5468987822532654,128,0.0200042724609375,128,0.32543452084064484,128,0.391536146402359,128,0.41888806223869324,128,0.12485800683498383,128,0.19661685824394226,128,4.0,128
noisy,500,22,10,0.08828279748558998,128,0.006267952499911189,128,-2.6336475911462385,128,0.0030072734225541353,128,-3.3382286927513567,128,0.06709200888872147,128,-0.2643668187019869,128,0.05126418173313141,128,-0.5356984289978997,128,0.7390189025466176,128,0.5631285309791565,128,0.03034849464893341,128,0.3777379244565964,128,0.4398338347673416,128,0.45235852897167206,128,0.09275302290916443,128,0.16925400495529175,128,4.5,128
noisy,500,22,11,0.19198544323444366,128,0.061733637005090714,128,-1.108893572841454,128,0.0442085824906826,128,-1.4534743270956112,128,0.16493500769138336,128,-0.125154798797057,128,0.05447883903980255,128,-1.2395534186717263,128,0.2970506797835334,128,0.457883819937706,128,0.03587225824594498,128,0.4089227318763733,128,0.465584397315979,128,0.4869025945663452,128,-0.02177068591117859,128,0.04272770881652832,128,16.0,128
noisy,500,23,0,0.0895472802221775,128,0.012541437055915594,128,-1.9411234556407033,128,0.003431746386922896,128,-3.186144660857236,128,0.07828307151794434,128,-0.1003242277481611,128,0.0458434522151947,128,-0.6963285312134204,128,1.2395587459664104,128,0.7252469062805176,128,0.01909157633781433,128,0.4835003912448883,128,0.5163849592208862,128,0.5466289520263672,128,0.17305195331573486,128,0.22889384627342224,128,2.0,128
noisy,500,23,1,0.10167725384235382,128,0.014464153908193111,128,-2.0353782949556525,128,0.010390767827630043,128,-2.2077326039611966,128,0.09275579452514648,128,-0.15430992927880538,128,0.04869198799133301,128,-0.8310312899215506,128,0.3224286697289883,128,-0.001850419444963336,128,0.032532867044210434,128,-0.02414369396865368,128,0.02544648852199316,128,0.04080314375460148,128,-0.0440276637673378,128,0.024724310263991356,128,12.5,128
noisy,500,23,2,0.15981055051088333,128,0.01223581051453948,128,-2.576137562120573,128,0.00369981920812279,128,-3.774304536630728,128,0.18935982137918472,128,0.1778547325828136,128,0.14413884282112122,128,-0.12972869966497536,128,1.2300151815929876,128,0.6247525811195374,128,0.020504415035247803,128,0.4807775020599365,128,0.5374295115470886,128,0.5598223209381104,128,0.07757361233234406,128,0.13003888726234436,128,7.0,128
noisy,500,23,3,0.2145984098315239,128,0.008760015480220318,128,-3.1402472687004783,128,0.004962654551491141,128,-3.7008212899248596,128,0.13218379020690918,128,-0.2938145924022594,128,0.13767705112695694,128,-0.4497685405278408,128,0.5385927779345494,128,0.7070247232913971,128,0.02142658829689026,128,0.568690299987793,128,0.6050910949707031,128,0.6196514368057251,128,0.07889139652252197,128,0.13186100125312805,128,3.0,128
noisy,500,23,4,0.05393810570240021,128,0.0029118580278009176,128,-2.848008383584464,128,0.001279846008401364,128,-3.6484784172605442,128,0.0446813739836216,128,-0.1676132941600191,128,0.04396803677082062,128,-0.1737527104519107,128,0.7275845229725968,128,0.7021616101264954,128,0.01816388964653015,128,0.4675300270318985,128,0.517214298248291,128,0.5449336171150208,128,0.16532465815544128,128,0.2208251655101776,128,5.0,128
noisy,500,23,5,0.23998524248600006,128,0.009875549003481865,128,-3.137661428365929,128,0.004860899643972516,128,-3.8889635008414256,128,0.15547040104866028,128,-0.2711964796795212,128,0.2802475839853287,128,0.15114184382848359,128,0.6998740987815062,128,0.5462136566638947,128,0.022415995597839355,128,0.4147433638572693,128,0.4745190888643265,128,0.4835478961467743,128,0.06772345304489136,128,0.1397939920425415,128,2.0,128
noisy,500,23,6,0.05900314077734947,128,0.005936481524258852,128,-2.253302291709997,128,0.004032914526760578,128,-2.609384767481397,128,0.04530239850282669,128,-0.24279949528233422,128,0.04479168355464935,128,-0.26647769261424437,128,0.3630125389280363,128,0.5988142192363739,128,0.02667495608329773,128,0.38928794860839844,128,0.4464183896780014,128,0.4666283130645752,128,0.1279316246509552,128,0.22097241878509521,128,2.0,128
noisy,500,23,7,0.1110711582005024,128,0.04625536873936653,128,-0.8149328384491874,128,0.027267801575362682,128,-1.3809947597715337,128,0.09693877771496773,128,-0.11794344766048069,128,0.03364794887602329,128,-1.216036700335252,128,0.5434040855976562,128,0.575254887342453,128,0.028908222913742065,128,0.49406877160072327,128,0.5337438583374023,128,0.549838662147522,128,0.01660171151161194,128,0.07207836210727692,128,5.0,128
noisy,500,23,8,0.042002707719802856,128,0.0040620677173137665,128,-2.2935612009778175,128,0.0016276761889457703,128,-3.1627174612834086,128,0.039137763902544975,128,-0.08832199139131802,128,0.04040900245308876,128,0.00029510778796227504,128,0.8612252807731325,128,0.7937666177749634,128,0.014875918626785278,128,0.5739752948284149,128,0.6244679093360901,128,0.6429981589317322,128,0.14769300818443298,128,0.21951571106910706,128,2.0,128
noisy,500,23,9,0.28549617528915405,128,0.022495299577713013,128,-2.4898454177365523,128,0.010921495966613293,128,-3.1291777333546986,128,0.18334878236055374,128,-0.22975445062437894,128,0.3068399727344513,128,0.004946278609744878,128,0.7051127695768441,128,0.5501048564910889,128,0.022111743688583374,128,0.39301319420337677,128,0.46228525042533875,128,0.46865417063236237,128,0.06926241517066956,128,0.1329428255558014,128,4.0,128
noisy,500,23,10,0.14770811796188354,128,0.02789581846445799,128,-1.525387268637151,128,0.019446147605776787,128,-1.860676437328649,128,0.17908622324466705,128,0.004055599006723712,128,0.14335798472166061,128,-0.05965436081325105,128,0.3487309163349152,128,0.2559661418199539,128,0.021691180765628815,128,0.25424928963184357,128,0.27995599806308746,128,0.283659964799881,128,-0.02949008345603943,128,-0.002892032265663147,128,5.0,128
noisy,500,23,11,0.28694698214530945,128,0.012501417193561792,128,-3.2480181436493307,128,0.007075366098433733,128,-3.702124283024182,128,0.18565715849399567,128,-0.2580353970309004,128,0.25190992653369904,128,-0.1852107271495458,128,0.46896980832615554,128,0.5723724365234375,128,0.031592532992362976,128,0.3991048038005829,128,0.4570174813270569,128,0.47192707657814026,128,0.11487147212028503,128,0.19422045350074768,128,3.0,128
noisy,500,24,0,0.14303401857614517,128,0.0031981036299839616,128,-3.6883956508074838,128,0.0022454262943938375,128,-4.075936410373312,128,0.07603519037365913,128,-0.4479170063864496,128,0.05799434520304203,128,-0.8866293564213702,128,0.42709120755984276,128,0.5995654165744781,128,0.03103160858154297,128,0.43911194801330566,128,0.5148304402828217,128,0.5231896638870239,128,0.0620560348033905,128,0.14625787734985352,128,2.0,128
noisy,500,24,1,0.16725239902734756,128,0.00628579780459404,128,-3.1358240529352335,128,0.0025817963760346174,128,-4.147448658503265,128,0.08425404503941536,128,-0.5747202638210236,128,0.05244869738817215,128,-1.2030562107948775,128,0.9098947012360428,128,0.5784443318843842,128,0.027121424674987793,128,0.44908779859542847,128,0.48281869292259216,128,0.5040104687213898,128,0.08576256036758423,128,0.14467865228652954,128,2.0,128
noisy,500,24,2,0.19729439914226532,128,0.04770451411604881,128,-1.436830806827766,128,0.03731440752744675,128,-1.6747450953181433,128,0.17572645097970963,128,-0.19049190863140109,128,0.04884332790970802,128,-1.4303201778775407,128,0.2612118657993848,128,0.30295346677303314,128,0.04474323242902756,128,0.24513936787843704,128,0.3075476586818695,128,0.3278026282787323,128,-0.01870851218700409,128,0.054769955575466156,128,6.0,128
noisy,500,24,3,0.11183300614356995,128,0.011268626432865858,128,-2.3098855096566697,128,0.012229778338223696,128,-2.229800480152295,128,0.09703899919986725,128,-0.1393595162332105,128,0.02782651036977768,128,-1.4388865341907653,128,-0.006674344155998412,128,0.6303733885288239,128,0.02830648422241211,128,0.41429445147514343,128,0.48682884871959686,128,0.49447664618492126,128,0.11317569017410278,128,0.19986948370933533,128,2.0,128
noisy,500,24,4,0.11813333630561829,128,0.005221795057877898,128,-3.0852811817736066,128,0.004237140296027064,128,-3.3208074117891764,128,0.1272336021065712,128,0.02307137134795871,128,0.031018764711916447,128,-1.2954801342699405,128,0.259889598237913,128,0.6788584589958191,128,0.0196416974067688,128,0.5054688453674316,128,0.5624068379402161,128,0.5822895169258118,128,0.09966447949409485,128,0.1743830293416977,128,5.0,128
noisy,500,24,5,0.06979139521718025,128,0.00983223645016551,128,-1.937950435867263,128,0.0035094384802505374,128,-2.9015926469819844,128,0.05584700591862202,128,-0.20238259865811395,128,0.024381005205214024,128,-1.1145865685067609,128,0.9989164035694209,128,0.5296108722686768,128,0.026234567165374756,128,0.37725958228111267,128,0.465741902589798,128,0.48064352571964264,128,0.05335468053817749,128,0.14176547527313232,128,2.0,128
noisy,500,24,6,0.20955149084329605,128,0.02244933694601059,128,-2.248436334374354,128,0.010154388844966888,128,-3.0002863990866215,128,0.15082920342683792,128,-0.2575799186474975,128,0.16729313880205154,128,-0.2601064512087911,128,0.6894058625306386,128,0.4766731411218643,128,0.03239189088344574,128,0.32525208592414856,128,0.3838556259870529,128,0.40067388117313385,128,0.06332144141197205,128,0.1641542762517929,128,5.0,128
noisy,500,24,7,0.22518838196992874,128,0.004537877161055803,128,-3.821558019767478,128,0.0029894824838265777,128,-4.2847618807074666,128,0.14621704816818237,128,-0.31396062618275594,128,0.10353465005755424,128,-0.728840538445725,128,0.49810292224818753,128,0.5817066431045532,128,0.03713357448577881,128,0.39791448414325714,128,0.45708395540714264,128,0.4809870719909668,128,0.11267232894897461,128,0.18236078321933746,128,4.0,128
noisy,500,24,8,0.2605399340391159,128,0.007915115915238857,128,-3.414873465082555,128,0.004804791649803519,128,-3.9840257923157365,128,0.1550680249929428,128,-0.27215774129384784,128,0.28177326917648315,128,0.015910845755672805,128,0.5158222681296156,128,0.47706371545791626,128,0.02548082172870636,128,0.3773334324359894,128,0.43738752603530884,128,0.4491194784641266,128,0.022904381155967712,128,0.11161555349826813,128,4.0,128
noisy,500,24,9,0.15305088460445404,128,0.007862837985157967,128,-2.931568827008168,128,0.0062523758970201015,128,-3.213352567865486,128,0.11330120638012886,128,-0.2978299412793901,128,0.04410536587238312,128,-1.2949010917639616,128,0.2634754462892597,128,0.6158659160137177,128,0.020424306392669678,128,0.4512941837310791,128,0.5129498243331909,128,0.528548389673233,128,0.08682793378829956,128,0.1533696949481964,128,4.0,128
noisy,500,24,10,0.2684095650911331,128,0.012004568241536617,128,-3.012135732893369,128,0.005187821574509144,128,-3.8409043306643076,128,0.15410500019788742,128,-0.29962872338953156,128,0.23927642405033112,128,-0.22103858258362455,128,0.801423075928042,128,0.5292895436286926,128,0.031795963644981384,128,0.3704618215560913,128,0.43449097871780396,128,0.4535091072320938,128,0.07471594214439392,128,0.15695013105869293,128,3.0,128
noisy,500,24,11,0.2393355444073677,128,0.00677689234726131,128,-3.5609970728324454,128,0.004497721558436751,128,-3.8849934819111414,128,0.16982895135879517,128,-0.2513246881012752,128,0.1690499186515808,128,-0.27003810268517603,128,0.4164234206324118,128,0.5537291169166565,128,0.029097020626068115,128,0.37258633971214294,128,0.4360538274049759,128,0.46503545343875885,128,0.09356820583343506,128,0.1581176519393921,128,6.0,128
noisy,500,25,0,0.06004999950528145,128,0.00389145128428936,128,-2.720183447848604,128,0.0021191040286794305,128,-3.2394150526546963,128,0.05326509475708008,128,-0.10786713428928436,128,0.03414937108755112,128,-0.5506088795507371,128,0.5339355834805383,128,0.6737899482250214,128,0.018274039030075073,128,0.4967610239982605,128,0.5479013919830322,128,0.561752200126648,128,0.1081136167049408,128,0.18094052374362946,128,5.0,128
noisy,500,25,1,0.14903005957603455,128,0.011374222580343485,128,-2.4710354912443244,128,0.005775450263172388,128,-3.3548010215882362,128,0.09597621485590935,128,-0.33989093114568636,128,0.10428846627473831,128,-0.4908462913261815,128,0.5340416005560209,128,0.6857377886772156,128,0.026025772094726562,128,0.4768907129764557,128,0.5346211194992065,128,0.5577980875968933,128,0.12356141209602356,128,0.18695387244224548,128,3.0,128
noisy,500,25,2,0.09674221277236938,128,0.003270441899076104,128,-3.363396661280933,128,0.002442308934405446,128,-3.599945562856143,128,0.06811443716287613,128,-0.298170167977967,128,0.05687870271503925,128,-0.5364690829289831,128,0.3382989637763295,128,0.6095314919948578,128,0.030847132205963135,128,0.3876286596059799,128,0.44239653646945953,128,0.4680662006139755,128,0.12758830189704895,128,0.20949393510818481,128,1.5,128
noisy,500,25,3,0.07486414164304733,128,0.0040746829472482204,128,-2.8380596728716645,128,0.0018415124504826963,128,-3.6040566563151346,128,0.047636136412620544,128,-0.416213794773,128,0.05203011818230152,128,-0.322187970132482,128,0.6992318808821226,128,0.7017411291599274,128,0.02097618579864502,128,0.5121824145317078,128,0.5647132694721222,128,0.5788739919662476,128,0.1211758553981781,128,0.19315099716186523,128,3.0,128
noisy,500,25,4,0.05648811161518097,128,0.0032683992758393288,128,-2.8001007268458915,128,0.0012926732888445258,128,-3.703349009161455,128,0.0485914871096611,128,-0.13497321198182852,128,0.04743857681751251,128,-0.10712432519867114,128,0.8550793985280563,128,0.6175248324871063,128,0.01818343997001648,128,0.4391911029815674,128,0.49229975044727325,128,0.5186201930046082,128,0.09776639938354492,128,0.16092178225517273,128,4.0,128
noisy,500,25,5,0.08901123329997063,128,0.006670656846836209,128,-2.5628806800926505,128,0.0033030298072844744,128,-3.207900939622719,128,0.10039148852229118,128,0.16017921292256226,128,0.04115299694240093,128,-0.8178213064007823,128,0.7010959527838538,128,0.6207261681556702,128,0.02171984314918518,128,0.4328961670398712,128,0.5021862685680389,128,0.5231913328170776,128,0.10340812802314758,128,0.19414649903774261,128,6.0,128
noisy,500,25,6,0.1722625270485878,128,0.029001593589782715,128,-1.735027984970483,128,0.033281778916716576,128,-1.6146171022815483,128,0.14065004885196686,128,-0.1842670416109476,128,0.04657800309360027,128,-1.2653559299306725,128,-0.11855631279244497,128,0.4723771661520004,128,0.041062794625759125,128,0.4255503714084625,128,0.49986614286899567,128,0.5151258111000061,128,-0.026417598128318787,128,0.048243552446365356,128,11.0,128
noisy,500,25,7,0.37305445969104767,128,0.08056823909282684,128,-1.473232889219064,128,0.05937213450670242,128,-1.898810203806423,128,0.30003324151039124,128,-0.2874165164167914,128,0.15194005519151688,128,-0.8581670289322398,128,0.331638858226185,128,0.313144788146019,128,0.04236437380313873,128,0.28482602536678314,128,0.3204013854265213,128,0.33055491745471954,128,-0.020673692226409912,128,0.024947993457317352,128,12.0,128
noisy,500,25,8,0.054755982011556625,128,0.0024014348164200783,128,-3.0318579543367052,128,0.0013239792315289378,128,-3.6004911653497413,128,0.04224549047648907,128,-0.2727821846623714,128,0.03898268938064575,128,-0.29738237759510744,128,0.6589282267148269,128,0.622261255979538,128,0.020919740200042725,128,0.4156700074672699,128,0.47962871193885803,128,0.5024481117725372,128,0.13370802998542786,128,0.2003718614578247,128,5.0,128
noisy,500,25,9,0.16297170519828796,128,0.03274339623749256,128,-1.6228656619789203,128,0.0339440181851387,128,-1.5770562828517312,128,0.16223851591348648,128,-0.05100675732781289,128,0.043308405205607414,128,-1.3336633831493532,128,-0.04143927299908281,128,0.2642315477132797,128,0.04232059419155121,128,0.18923573195934296,128,0.28268058598041534,128,0.2847748100757599,128,-0.03569668158888817,128,0.02779453434050083,128,10.0,128
noisy,500,25,10,0.08524724841117859,128,0.010582875460386276,128,-2.051909422866597,128,0.007075469475239515,128,-2.4653583721381063,128,0.07579849287867546,128,-0.12443040389536433,128,0.025584342889487743,128,-1.1375704327365599,128,0.40217793389184364,128,0.5783621668815613,128,0.023966163396835327,128,0.4294639527797699,128,0.4752960801124573,128,0.49312205612659454,128,0.07881319522857666,128,0.15805435180664062,128,3.5,128
noisy,500,25,11,0.07644056901335716,128,0.013337862212210894,128,-1.772112563867024,128,0.007777875289320946,128,-2.311845181901412,128,0.06592971831560135,128,-0.125772266439948,128,0.029253163374960423,128,-0.9617713075859582,128,0.5068123081104214,128,0.5165043771266937,128,0.029681161046028137,128,0.4474373161792755,128,0.49048277735710144,128,0.5076972246170044,128,-0.0037834197282791138,128,0.05978158116340637,128,1.0,128
noisy,500,26,0,0.10826845467090607,128,0.014982428401708603,128,-2.0275038425370306,128,0.006543820491060615,128,-2.874116647931791,128,0.11990462243556976,128,0.05329716695195201,128,0.019864658825099468,128,-1.710088971284247,128,0.8387397158856901,128,0.6480705142021179,128,0.01630982756614685,128,0.460246279835701,128,0.49383166432380676,128,0.5231675207614899,128,0.11047348380088806,128,0.17585140466690063,128,8.5,128
noisy,500,26,1,0.11740580946207047,128,0.02655262779444456,128,-1.4865433739248677,128,0.015683148987591267,128,-2.0859116043734756,128,0.11742306128144264,128,0.006672043688470144,128,0.034262631088495255,128,-1.167855440775523,128,0.6371971446967297,128,0.6775702834129333,128,0.019301921129226685,128,0.6060204207897186,128,0.6503880023956299,128,0.661068320274353,128,0.01052248477935791,128,0.06133735179901123,128,10.0,128
noisy,500,26,2,0.045045627281069756,128,0.004358996171504259,128,-2.234402526464562,128,0.0018856481765396893,128,-3.0904003146897585,128,0.03184243105351925,128,-0.32621354448500584,128,0.020118274725973606,128,-0.7060045519031233,128,0.8713673416233244,128,0.7197537124156952,128,0.02717408537864685,128,0.5491087138652802,128,0.5795194208621979,128,0.6035405397415161,128,0.10484084486961365,128,0.16038291156291962,128,1.0,128
noisy,500,26,3,0.09524517133831978,128,0.010783839505165815,128,-2.210305600974874,128,0.005699451081454754,128,-2.8089084306992755,128,0.1021839790046215,128,0.11081206757631537,128,0.017320281825959682,128,-1.679693296505182,128,0.5844766230893879,128,0.6716619729995728,128,0.01715525984764099,128,0.5518769323825836,128,0.6119687855243683,128,0.6198054552078247,128,0.057457417249679565,128,0.10945415496826172,128,5.0,128
noisy,500,26,4,0.13909783959388733,128,0.04652034863829613,128,-1.0025873816021815,128,0.035568833351135254,128,-1.3394181539326606,128,0.12829181551933289,128,-0.05953075339478042,128,0.04056684486567974,128,-1.2454939063188877,128,0.31317823866542127,128,0.5971992015838623,128,0.029400527477264404,128,0.5736472010612488,128,0.6213448941707611,128,0.6427946984767914,128,-0.045313864946365356,128,0.0297887921333313,128,11.0,128
noisy,500,26,5,0.10432242974638939,128,0.026890266686677933,128,-1.2825485058500719,128,0.021509279496967793,128,-1.5167276592918855,128,0.09168365970253944,128,-0.15110601139537547,128,0.027936861850321293,128,-1.3381351472762715,128,0.22454680150243905,128,0.6314254105091095,128,0.04217018187046051,128,0.5630936622619629,128,0.6055092215538025,128,0.6200518608093262,128,0.01175987720489502,128,0.054882168769836426,128,6.0,128
noisy,500,26,6,0.04810168594121933,128,0.0043057643342763186,128,-2.3963516819423227,128,0.0026800419436767697,128,-2.795024933823716,128,0.03428732790052891,128,-0.31089684942348794,128,0.017169466242194176,128,-0.9346375166722243,128,0.5010671164835859,128,0.7172869443893433,128,0.015917301177978516,128,0.5119619071483612,128,0.5498457849025726,128,0.5699242651462555,128,0.13658976554870605,128,0.19294413924217224,128,5.0,128
noisy,500,26,7,0.1397623047232628,128,0.02585546113550663,128,-1.7183021675482724,128,0.02547731250524521,128,-1.6610936355921893,128,0.1407119408249855,128,-0.09115482764292687,128,0.03077808115631342,128,-1.5449814469002345,128,0.01749478291671811,128,0.45381465554237366,128,0.028925716876983643,128,0.4212639480829239,128,0.46538761258125305,128,0.47790053486824036,128,-0.027640506625175476,128,0.027524739503860474,128,11.0,128
noisy,500,26,8,0.039704686030745506,128,0.0032030335860326886,128,-2.3978454593690146,128,0.0011677745496854186,128,-3.393658620877579,128,0.02530050929635763,128,-0.444622399562449,128,0.03586606681346893,128,-0.1615639254653763,128,0.9028398742145194,128,0.7517278492450714,128,0.016620993614196777,128,0.5423592925071716,128,0.5842414796352386,128,0.6110759675502777,128,0.13758277893066406,128,0.19342973828315735,128,4.0,128
noisy,500,26,9,0.036950137466192245,128,0.002541563124395907,128,-2.671730685970653,128,0.0013013563002459705,128,-3.2906641989393624,128,0.03249778784811497,128,-0.17035989724129785,128,0.027986294589936733,128,-0.2969341259753768,128,0.5737595092222931,128,0.7169714272022247,128,0.016752272844314575,128,0.49377894401550293,128,0.5720286965370178,128,0.5847212970256805,128,0.1273179054260254,128,0.20371079444885254,128,4.0,128
noisy,500,26,10,0.08300885558128357,128,0.03634793125092983,128,-0.7590180495503511,128,0.021552166901528835,128,-1.3630053664793977,128,0.08148235082626343,128,-0.05583050813100049,128,0.021819740533828735,128,-1.336745791956802,128,0.6034399855851753,128,0.11677208915352821,128,0.016679197549819946,128,0.07876208797097206,128,0.12002550065517426,128,0.12469914183020592,128,-0.018630072474479675,128,0.023839764297008514,128,7.0,128
noisy,500,26,11,0.04111559875309467,128,0.0024507847847416997,128,-2.741818113773814,128,0.001200870261527598,128,-3.406433871423658,128,0.036255305632948875,128,-0.08661405053746632,128,0.03317287191748619,128,-0.15259484217228314,128,0.5955595166907754,128,0.7105352580547333,128,0.015367507934570312,128,0.5010719299316406,128,0.5620294213294983,128,0.5764534771442413,128,0.1308753788471222,128,0.1893620789051056,128,5.0,128
noisy,500,27,0,0.08209480717778206,128,0.006581261055544019,128,-2.577296802146071,128,0.00447249342687428,128,-2.934431399219395,128,0.08455490693449974,128,-0.005609529896462949,128,0.01284650294110179,128,-1.9261438762660728,128,0.33703910711238166,128,0.677977442741394,128,0.015531450510025024,128,0.5394622087478638,128,0.5732574760913849,128,0.5935133993625641,128,0.08697038888931274,128,0.1398829221725464,128,3.0,128
noisy,500,27,1,0.06037733145058155,128,0.011670325417071581,128,-1.7057288282169216,128,0.007415722357109189,128,-2.158701967892566,128,0.06464830040931702,128,-0.033339014673049006,128,0.00789462705142796,128,-2.024784817814033,128,0.45136633364395823,128,0.774732232093811,128,0.023394227027893066,128,0.755961537361145,128,0.7832283973693848,128,0.786719024181366,128,-0.013431191444396973,128,0.008618980646133423,128,1.0,128
noisy,500,27,2,0.026268872432410717,128,0.002331055118702352,128,-2.3355514016745307,128,0.0012438262929208577,128,-2.922999489399268,128,0.014696692582219839,128,-0.5237452575329957,128,0.01320678275078535,128,-0.5674490308652688,128,0.5686403482775078,128,0.8427929878234863,128,0.012715309858322144,128,0.7397153675556183,128,0.7584312558174133,128,0.769724041223526,128,0.06953480839729309,128,0.09682926535606384,128,1.0,128
noisy,500,27,3,0.0755051001906395,128,0.007396426517516375,128,-2.3650145400486755,128,0.00705549237318337,128,-2.3153779798951986,128,0.051175735890865326,128,-0.29294085661873126,128,0.007502841064706445,128,-2.2307553231456834,128,-0.10458231320148677,128,0.7751420140266418,128,0.01455986499786377,128,0.7372961342334747,128,0.7601298689842224,128,0.7649398744106293,128,0.008314430713653564,128,0.03721177577972412,128,2.0,128
noisy,500,27,4,0.07796003296971321,128,0.004977894248440862,128,-2.786560739440716,128,0.0022892028791829944,128,-3.4865979940280014,128,0.08585191518068314,128,0.1118561550560373,128,0.011169783771038055,128,-1.9103247261109129,128,0.7179862768665501,128,0.6950166821479797,128,0.01741701364517212,128,0.599740207195282,128,0.637991189956665,128,0.6481684148311615,128,0.04743027687072754,128,0.085845947265625,128,2.0,128
noisy,500,27,5,0.08217546343803406,128,0.006672212388366461,128,-2.4879853831597716,128,0.003728859475813806,128,-3.0685725441649723,128,0.09165354445576668,128,0.13517410219434944,128,0.02016409393399954,128,-1.4569835562154356,128,0.5897545079845039,128,0.7569638788700104,128,0.01076403260231018,128,0.6831013858318329,128,0.712123841047287,128,0.7213998138904572,128,0.03101283311843872,128,0.06718695163726807,128,3.0,128
noisy,500,27,6,0.12232959270477295,128,0.054822396486997604,128,-0.7428860936806615,128,0.04023831523954868,128,-1.1250552037365589,128,0.12077026814222336,128,-0.03152755801347629,128,0.0398170854896307,128,-1.1235578241187192,128,0.3274708152198954,128,0.8096254169940948,128,0.015471547842025757,128,0.8047541677951813,128,0.816720724105835,128,0.8209052085876465,128,-0.011702001094818115,128,0.004368782043457031,128,10.5,128
noisy,500,27,7,0.0951487123966217,128,0.04995252750813961,128,-0.5996549684038026,128,0.04033830761909485,128,-0.9168596263718486,128,0.09575255587697029,128,-0.05055618675041286,128,0.03924053534865379,128,-0.8827129964116389,128,0.31526928830357837,128,0.6330593526363373,128,0.01580280065536499,128,0.631321907043457,128,0.6447702646255493,128,0.6528848111629486,128,-0.014409691095352173,128,0.0037202835083007812,128,15.0,128
noisy,500,27,8,0.03533655405044556,128,0.006917244754731655,128,-1.5715017799613096,128,0.0020357283065095544,128,-2.785437036649356,128,0.029489051550626755,128,-0.16825058896447515,128,0.024561536498367786,128,-0.3386359552277076,128,1.1905243522369366,128,0.7380494475364685,128,0.01885947585105896,128,0.5718441307544708,128,0.6183074712753296,128,0.6355536580085754,128,0.10068783164024353,128,0.16095080971717834,128,2.0,128
noisy,500,27,9,0.08597365394234657,128,0.02159900777041912,128,-1.3085462472669958,128,0.014564177952706814,128,-1.6760718844813907,128,0.07599698007106781,128,-0.10665773384784595,128,0.014461665414273739,128,-1.6534699171726748,128,0.3385390914736106,128,0.13861649483442307,128,0.009963668882846832,128,0.1374075934290886,128,0.150795578956604,128,0.15476438403129578,128,-0.018704116344451904,128,0.0006273165345191956,128,9.0,128
noisy,500,27,10,0.12620213627815247,128,0.022171081975102425,128,-1.7777130543408561,128,0.026405734941363335,128,-1.6559459678110373,128,0.11552070453763008,128,-0.12903981214297963,128,0.043063810095191,128,-1.1616838146993482,128,-0.1013003060324913,128,0.5767404735088348,128,0.03667411208152771,128,0.4889436811208725,128,0.5318698287010193,128,0.5501283705234528,128,0.016477316617965698,128,0.06702709197998047,128,17.0,128
noisy,500,27,11,0.0489361397922039,128,0.016225479543209076,128,-1.1311153059929477,128,0.0066818674094974995,128,-1.9996422045297053,128,0.030487239360809326,128,-0.4312235643865853,128,0.009064325131475925,128,-1.758080103088688,128,0.840387234968302,128,0.48297111690044403,128,0.006824195384979248,128,0.47987809777259827,128,0.4939976781606674,128,0.4972195327281952,128,-0.009438753128051758,128,0.009958744049072266,128,13.0,128
noisy,500,28,0,0.007892003282904625,128,0.0020187556510791183,128,-1.667651000433596,128,0.0011526819434948266,128,-1.710756158505892,128,0.0024170883698388934,128,-1.155320019600035,128,0.001045911863911897,128,-1.8023381233822442,128,0.037363895983156675,128,0.7780342996120453,128,0.030716419219970703,128,0.7783747911453247,128,0.7912640869617462,128,0.7944368422031403,128,-0.015804320573806763,128,-0.0030630528926849365,128,1.0,128
noisy,500,28,1,0.027950246818363667,128,0.005693693412467837,128,-1.6312920840776102,128,0.005628777667880058,128,-1.5239768837279475,128,0.02489550318568945,128,-0.17704070067031835,128,0.0066728435922414064,128,-1.4197443627702002,128,-0.09866481375163749,128,0.8250218033790588,128,0.02560412883758545,128,0.8144963681697845,128,0.826019287109375,128,0.8299451768398285,128,-0.012692809104919434,128,0.0017092227935791016,128,1.0,128
noisy,500,28,2,0.02689499966800213,128,0.0047094859182834625,128,-1.5400624764749709,128,0.001999284839257598,128,-2.4312063393221712,128,0.020384286530315876,128,-0.2805407076212232,128,0.005682600662112236,128,-1.3076212074626663,128,0.8676185444076067,128,0.8780272603034973,128,0.006321609020233154,128,0.8057678937911987,128,0.8238037526607513,128,0.8349538445472717,128,0.039342015981674194,128,0.06610742211341858,128,2.0,128
noisy,500,28,3,0.06823262572288513,128,0.015033237636089325,128,-1.5827341379168949,128,0.0059037364553660154,128,-2.476100335769458,128,0.07834576815366745,128,0.145120409698318,128,0.011243278160691261,128,-1.8067532996080606,128,0.9562591659389891,128,0.7232403755187988,128,0.02080380916595459,128,0.5947211980819702,128,0.6319939196109772,128,0.6460548639297485,128,0.07102200388908386,128,0.11973834037780762,128,4.0,128
noisy,500,28,4,0.0816822350025177,128,0.017660374753177166,128,-1.4972451615871631,128,0.006572830257937312,128,-2.3211921054101916,128,0.08927256986498833,128,0.18552108948788815,128,0.011416253633797169,128,-1.8087409493690962,128,0.8120636068411118,128,0.679097443819046,128,0.012964487075805664,128,0.6131434738636017,128,0.6453401744365692,128,0.6600408256053925,128,0.02146691083908081,128,0.06589913368225098,128,5.0,128
noisy,500,28,5,0.1340920776128769,128,0.038215914741158485,128,-1.2509221803125858,128,0.02941300719976425,128,-1.5805423074541955,128,0.12494860962033272,128,-0.07912717932001634,128,0.03265371918678284,128,-1.4684192231277344,128,0.3079546932573505,128,0.7360239326953888,128,0.026198893785476685,128,0.6889160871505737,128,0.724380612373352,128,0.7326187193393707,128,0.004360795021057129,128,0.043557941913604736,128,6.0,128
noisy,500,28,6,0.07537813484668732,128,0.04583665542304516,128,-0.48790253133379646,128,0.029006068594753742,128,-0.9812672103323983,128,0.07371016964316368,128,-0.04706518818206186,128,0.029153714887797832,128,-0.9963476588937282,128,0.48887716245213475,128,0.6330452561378479,128,0.02457156777381897,128,0.6280602812767029,128,0.6426253914833069,128,0.6443122029304504,128,-0.014104485511779785,128,0.004063636064529419,128,6.0,128
noisy,500,28,7,0.0763508751988411,128,0.017901599407196045,128,-1.5287630373914989,128,0.006246096221730113,128,-2.444314237433586,128,0.10064419358968735,128,0.26505519428770524,128,0.00973479961976409,128,-2.1231198547348686,128,0.9628798480822021,128,0.6123625934123993,128,0.017768874764442444,128,0.5518321394920349,128,0.5967812240123749,128,0.6040714383125305,128,-0.016124188899993896,128,0.0489194393157959,128,3.0,128
noisy,500,28,8,0.07319056987762451,128,0.044693076983094215,128,-0.5194150393795809,128,0.02408795990049839,128,-1.1561134652707072,128,0.06902612373232841,128,-0.08311379830974144,128,0.02514555025845766,128,-1.1119778942962757,128,0.655944793073522,128,0.7766377031803131,128,0.002207130193710327,128,0.7742645740509033,128,0.7768630385398865,128,0.7777393460273743,128,-0.0019026696681976318,128,0.0016119182109832764,128,17.0,128
noisy,500,28,9,0.07316487282514572,128,0.008191192988306284,128,-2.156114399725463,128,0.005556786432862282,128,-2.680434352478125,128,0.044498346745967865,128,-0.4513753209399156,128,0.027322709560394287,128,-1.0796809889938306,128,0.3667756389139085,128,0.7601616382598877,128,0.017103105783462524,128,0.68248450756073,128,0.7273560464382172,128,0.7300518453121185,128,0.028169989585876465,128,0.07927265763282776,128,3.0,128
noisy,500,28,10,0.16391878575086594,128,0.05435947887599468,128,-1.1862155350961525,128,0.03924407623708248,128,-1.4741509442643992,128,0.13850219547748566,128,-0.1514478584281424,128,0.0469121728092432,128,-1.308942761542514,128,0.257920020413545,128,0.5942661762237549,128,0.0329374223947525,128,0.5463097989559174,128,0.5782184898853302,128,0.5877892673015594,128,0.0023321807384490967,128,0.03828263282775879,128,11.0,128
noisy,500,28,11,0.06830528005957603,128,0.050645532086491585,128,-0.27377725113120843,128,0.028726943768560886,128,-0.9160975005500489,128,0.06413166597485542,128,-0.06336822583886856,128,0.029337851330637932,128,-0.8617180250496813,128,0.6270942241082651,128,0.7767897844314575,128,0.005022943019866943,128,0.7779304385185242,128,0.7822502255439758,128,0.783561646938324,128,-0.0033002495765686035,128,0.0014248192310333252,128,11.0,128
noisy,500,29,0,0.0779067724943161,128,0.05090467073023319,128,-0.4478381891683427,128,0.027121604420244694,128,-1.0275860050118073,128,0.07520517706871033,128,-0.011201486085424171,128,0.025975072756409645,128,-1.0566548736035735,128,0.6327373742029363,128,0.56561279296875,128,0.02322334051132202,128,0.5617394745349884,128,0.5786182880401611,128,0.5833981931209564,128,-0.009722918272018433,128,0.005485057830810547,128,11.0,128
noisy,500,29,1,0.061098845675587654,128,0.008312833495438099,128,-2.092444817726208,128,0.004217263776808977,128,-2.6812181258528263,128,0.06343893706798553,128,0.044647386454748514,128,0.006420650519430637,128,-2.268181588350066,128,0.674310584443737,128,0.7862178087234497,128,0.009131401777267456,128,0.7075046002864838,128,0.7389200031757355,128,0.7478856444358826,128,0.034988969564437866,128,0.07295465469360352,128,4.0,128
noisy,500,29,2,0.09173622727394104,128,0.06660953164100647,128,-0.31187858415699204,128,0.038414325565099716,128,-0.8688163030215239,128,0.08669635280966759,128,-0.030573533380549255,128,0.03884772211313248,128,-0.9235313591796305,128,0.5798459690354081,128,0.6489077508449554,128,0.010879337787628174,128,0.6376632153987885,128,0.6576495170593262,128,0.6630135774612427,128,-0.013237416744232178,128,0.006731390953063965,128,6.0,128
noisy,500,29,3,0.04549235291779041,128,0.008491331245750189,128,-1.6018600033661952,128,0.00265638146083802,128,-2.7272053888945402,128,0.02941724192351103,128,-0.34991008196258155,128,0.008644696325063705,128,-1.6753881875476238,128,1.132219660230666,128,0.7462417781352997,128,0.01553124189376831,128,0.6008781790733337,128,0.6321999430656433,128,0.6400284171104431,128,0.09797486662864685,128,0.15165108442306519,128,2.0,128
noisy,500,29,4,0.06612996384501457,128,0.02422211319208145,128,-1.0106969915018098,128,0.013219349551945925,128,-1.6024785381248658,128,0.06276985816657543,128,-0.09485923199913379,128,0.014073907863348722,128,-1.5940416855051347,128,0.5613527987044642,128,0.7495458126068115,128,0.01766297221183777,128,0.7421258091926575,128,0.7581271231174469,128,0.7639638483524323,128,-0.014079958200454712,128,0.0072779059410095215,128,4.0,128
noisy,500,29,5,0.0794779546558857,128,0.023095982149243355,128,-1.22522216029217,128,0.010263835545629263,128,-2.0859313662299366,128,0.08640243858098984,128,0.010389242695888713,128,0.012005545664578676,128,-1.8809402540258644,128,0.8913165383805288,128,0.8537492156028748,128,0.007997512817382812,128,0.8423989415168762,128,0.8587585091590881,128,0.861424058675766,128,-0.0031436681747436523,128,0.009362876415252686,128,4.0,128
noisy,500,29,6,0.05140268616378307,128,0.006571626756340265,128,-2.0934675786684114,128,0.0022825872292742133,128,-2.935074524308039,128,0.05925159528851509,128,0.1312698050362145,128,0.004106716485694051,128,-2.393087855353734,128,0.884220604345399,128,0.8341729044914246,128,0.007513880729675293,128,0.7547925114631653,128,0.7904080152511597,128,0.8007071316242218,128,0.03079739212989807,128,0.06597650051116943,128,2.0,128
noisy,500,29,7,0.10777799785137177,128,0.03159489668905735,128,-1.1737149484991738,128,0.024717459455132484,128,-1.4416651156372797,128,0.10529568046331406,128,-0.008661210897169529,128,0.03309769555926323,128,-1.2195416702819242,128,0.22973080063385268,128,0.6228182315826416,128,0.04101185500621796,128,0.5077352225780487,128,0.5478858947753906,128,0.5751136243343353,128,0.05141592025756836,128,0.10585552453994751,128,6.0,128
noisy,500,29,8,0.031192494556307793,128,0.008270879741758108,128,-1.3260862226370942,128,0.0032402565702795982,128,-2.208473082401782,128,0.027095344848930836,128,-0.1737578274058666,128,0.005942672723904252,128,-1.6917432482665002,128,0.9045631227168998,128,0.7950405478477478,128,0.016630709171295166,128,0.6608271300792694,128,0.6903780102729797,128,0.7088640332221985,128,0.09000927209854126,128,0.1358584761619568,128,1.0,128
noisy,500,29,9,0.0424078032374382,128,0.03954363241791725,128,-0.1276096145108062,128,0.03888830356299877,128,-0.12003063513708812,128,0.04168389551341534,128,-0.10381319506837358,128,0.04149398393929005,128,-0.11433607346095392,128,-0.0030525351124097728,128,0.9777700006961823,128,0.003694593906402588,128,0.9774690866470337,128,0.9795650243759155,128,0.9795650243759155,128,-0.0008687973022460938,128,0.0009475052356719971,128,12.0,128
noisy,500,29,10,0.09039533138275146,128,0.024991266429424286,128,-1.2474788641721308,128,0.01642131619155407,128,-1.6550370026383154,128,0.09493287652730942,128,0.07071350337097743,128,0.017213557846844196,128,-1.6349642223455194,128,0.40407499414180725,128,0.5963059067726135,128,0.03007015585899353,128,0.5565865933895111,128,0.604265034198761,128,0.6119669079780579,128,-0.010482460260391235,128,0.04076850414276123,128,11.0,128
noisy,500,29,11,0.11610072478652,128,0.04393759369850159,128,-0.9333146338270548,128,0.015538728795945644,128,-1.972385932363608,128,0.11624159291386604,128,-0.0035082820078685163,128,0.017729802057147026,128,-1.8091393982140134,128,0.9799847820456189,128,0.849276602268219,128,0.01350259780883789,128,0.8312846124172211,128,0.8524518013000488,128,0.8572719991207123,128,-0.004160374402999878,128,0.01343625783920288,128,10.0,128
noisy,1000,0,0,0.07771730050444603,128,0.03626681677997112,128,-0.6621966865106952,128,0.008923568297177553,128,-2.145083779357183,128,0.06058861128985882,128,-0.28127082568985595,128,0.018280374817550182,128,-1.5682472367760685,128,1.4937262995435348,128,0.492179811000824,128,0.05555737018585205,128,0.4755041003227234,128,0.5511003136634827,128,0.5599668025970459,128,-0.0697454959154129,128,0.00887194275856018,128,1.0,128
noisy,1000,0,1,0.022914215922355652,128,0.0021451172651723027,128,-2.4097530123070587,128,0.0015062799793668091,128,-2.6973109997698557,128,0.018000341951847076,128,-0.24706751504637503,128,0.001962955284398049,128,-2.496852623832314,128,0.3026352489441997,128,0.6907733380794525,128,0.010590791702270508,128,0.6883057355880737,128,0.7022603750228882,128,0.7039276957511902,128,-0.010658830404281616,128,0.0006341040134429932,128,7.0,128
noisy,1000,0,2,0.11419179663062096,128,0.007872047834098339,128,-2.6470184377415427,128,0.0035672864178195596,128,-3.3618617229084755,128,0.10397376120090485,128,-0.07553033237720883,128,0.024180687963962555,128,-1.6793768405595055,128,0.7306554786191706,128,0.35504040122032166,128,0.03673265874385834,128,0.3298686146736145,128,0.47589629888534546,128,0.48377007246017456,128,-0.13305717706680298,128,0.026912271976470947,128,17.0,128
noisy,1000,0,3,0.10409628972411156,128,0.0017796811880543828,128,-4.030411468597625,128,0.0007398554880637676,128,-4.756078344206333,128,0.10705139487981796,128,0.022063483314542484,128,0.018339558504521847,128,-1.7731009703537768,128,0.7265532669588554,128,0.19149012118577957,128,0.026137501001358032,128,0.1740366593003273,128,0.3768020421266556,128,0.39061227440834045,128,-0.17826123535633087,128,0.008293017745018005,128,8.5,128
noisy,1000,0,4,0.05532395467162132,128,0.037118589505553246,128,-0.4252955650118303,128,0.018713469617068768,128,-1.1776524182604677,128,0.05695178359746933,128,-0.025002834781862136,128,0.018886597827076912,128,-1.1787361575597926,128,0.7480468273299838,128,0.6830114126205444,128,0.05826142430305481,128,0.6833906769752502,128,0.692859947681427,128,0.694627195596695,128,-0.008588254451751709,128,-0.0010983645915985107,128,18.0,128
noisy,1000,0,5,0.07539552077651024,128,0.05211825296282768,128,-0.4026407651420091,128,0.019884541630744934,128,-1.3573655573946888,128,0.07927987724542618,128,-0.03792228751245334,128,0.019998693838715553,128,-1.3311249104411342,128,0.9649665728510699,128,0.6608568429946899,128,0.026167690753936768,128,0.6619982719421387,128,0.6743356287479401,128,0.6779289245605469,128,-0.012760043144226074,128,-0.0005975067615509033,128,17.0,128
noisy,1000,0,6,0.09452356025576591,128,0.03746176324784756,128,-0.9091978749696519,128,0.03197971172630787,128,-1.0621285169672738,128,0.08260573446750641,128,-0.13457745782848304,128,0.033857572823762894,128,-1.041893239335642,128,0.20584832314313026,128,0.5334959328174591,128,0.05745866894721985,128,0.5344289541244507,128,0.5794294476509094,128,0.5827157497406006,128,-0.04755142331123352,128,0.00019434094429016113,128,11.0,128
noisy,1000,0,7,0.08113458007574081,128,0.011753496713936329,128,-1.9255743890896246,128,0.008079201448708773,128,-2.4851531493120063,128,0.08117935433983803,128,-0.049999092190858484,128,0.010120587889105082,128,-2.149243199421676,128,0.5351217790254751,128,0.7726809978485107,128,0.020990639925003052,128,0.7719863653182983,128,0.7859112024307251,128,0.7895033955574036,128,-0.02130553126335144,128,0.00241166353225708,128,12.0,128
noisy,1000,0,8,0.11102929711341858,128,0.001055162982083857,128,-4.546419892817511,128,0.0006267783755902201,128,-4.957357888367646,128,0.11722687631845474,128,0.024682088611484423,128,0.020388211123645306,128,-1.699363030535729,128,0.4187690373070527,128,0.24734074622392654,128,0.017931893467903137,128,0.20607371628284454,128,0.3629174679517746,128,0.381064772605896,128,-0.13609930872917175,128,0.021491028368473053,128,12.0,128
noisy,1000,0,9,0.12730608880519867,128,0.030763542279601097,128,-1.4605291863673235,128,0.017290452495217323,128,-2.0181128542023097,128,0.11928185448050499,128,-0.08655976411058204,128,0.04170757159590721,128,-1.1909634939685996,128,0.5819390451861434,128,0.28593809902668,128,0.05103091895580292,128,0.28032730519771576,128,0.3625769317150116,128,0.3779802620410919,128,-0.10349084436893463,128,0.012544982135295868,128,18.0,128
noisy,1000,0,10,0.17316941916942596,128,0.07899193093180656,128,-0.7375144468724558,128,0.025054973550140858,128,-1.9728975631229861,128,0.13094528764486313,128,-0.287131887053001,128,0.05005030892789364,128,-1.2255635951453878,128,1.1902262760462199,128,0.7244897782802582,128,0.02646884322166443,128,0.7190443277359009,128,0.7528847754001617,128,0.7562400102615356,128,-0.0272405743598938,128,0.0024941563606262207,128,18.0,128
noisy,1000,0,11,0.05325646884739399,128,0.031012197956442833,128,-0.5421764051605771,128,0.010831780266016722,128,-1.6143715798474594,128,0.05064072273671627,128,-0.049747944238156094,128,0.0109898685477674,128,-1.6117000827790346,128,1.0531416311338924,128,0.7774769067764282,128,0.014098256826400757,128,0.7767724096775055,128,0.7869077920913696,128,0.7888212203979492,128,-0.009725362062454224,128,0.00024431943893432617,128,17.0,128
noisy,1000,1,0,0.04084876365959644,128,0.007885186467319727,128,-1.6953480559355856,128,0.0030346385901793838,128,-2.542521225867242,128,0.029375772923231125,128,-0.24306632135332612,128,0.004232471808791161,128,-2.2587899126399984,128,0.8107973224331496,128,0.7506659924983978,128,0.011104583740234375,128,0.7423582077026367,128,0.7586566507816315,128,0.7650448977947235,128,-0.013981997966766357,128,0.006698906421661377,128,6.0,128
noisy,1000,1,1,0.1195853017270565,128,0.02099854312837124,128,-1.8402117597033154,128,0.022246181033551693,128,-1.6911949481486626,128,0.10175269842147827,128,-0.12102538373122639,128,0.028337725438177586,128,-1.4276207361854727,128,0.0747135459337582,128,0.44949695467948914,128,0.05929897725582123,128,0.44581544399261475,128,0.4701375961303711,128,0.4808438867330551,128,-0.04559104144573212,128,0.007083460688591003,128,11.0,128
noisy,1000,1,2,0.057102641090750694,128,0.012657783925533295,128,-1.3414317377510825,128,0.005686130607500672,128,-2.233462418357077,128,0.044167978689074516,128,-0.1789424980484915,128,0.0062305808532983065,128,-2.1878832056696202,128,0.7671353761932398,128,0.6286007761955261,128,0.012660682201385498,128,0.6219310164451599,128,0.6422451436519623,128,0.6467167437076569,128,-0.013968110084533691,128,0.006220728158950806,128,3.0,128
noisy,1000,1,3,0.06867165118455887,128,0.02086837124079466,128,-1.1780737223273228,128,0.010314124636352062,128,-1.9632534194557336,128,0.05751017853617668,128,-0.16084255770106362,128,0.009301170241087675,128,-2.006863674935186,128,0.6916286123231361,128,0.6785824298858643,128,0.02377873659133911,128,0.668036699295044,128,0.6855948269367218,128,0.690387636423111,128,-0.01044955849647522,128,0.005891203880310059,128,12.0,128
noisy,1000,1,4,0.04157881252467632,128,0.014812819194048643,128,-0.9282638704283486,128,0.014668991789221764,128,-0.9629722031405065,128,0.03454951010644436,128,-0.19308277501431986,128,0.014726791996508837,128,-0.982292631924863,128,0.05582125657225023,128,0.7469939291477203,128,0.028632789850234985,128,0.7457757890224457,128,0.7572978436946869,128,0.759387195110321,128,-0.011537790298461914,128,0.005038172006607056,128,1.0,128
noisy,1000,1,5,0.07130452245473862,128,0.007633259752765298,128,-1.992192164279682,128,0.005419684574007988,128,-2.724262357361465,128,0.06552740931510925,128,-0.3179063119254545,128,0.0069456074852496386,128,-2.5532639263756285,128,0.614017521386416,128,0.3716547042131424,128,0.006354421377182007,128,0.3720736503601074,128,0.3948698192834854,128,0.4004310965538025,128,-0.031417012214660645,128,0.004425451159477234,128,8.0,128
noisy,1000,1,6,0.13094733655452728,128,0.0789741612970829,128,-0.5729769685662773,128,0.01737235300242901,128,-2.159333681512174,128,0.11018827557563782,128,-0.164094618854644,128,0.017718751914799213,128,-2.0452776219732045,128,1.594438422646558,128,0.3243666887283325,128,0.052638426423072815,128,0.34915444254875183,128,0.36143164336681366,128,0.37507322430610657,128,-0.07072366774082184,128,-0.00839802622795105,128,16.0,128
noisy,1000,1,7,0.049562856554985046,128,0.03410959988832474,128,-0.27252657526755286,128,0.005643609445542097,128,-2.105564941567496,128,0.03933725878596306,128,-0.23991818510302704,128,0.012804042547941208,128,-1.2145175423099508,128,1.7961054478126075,128,0.5286641716957092,128,0.0097275972366333,128,0.48692627251148224,128,0.5743055641651154,128,0.5932348668575287,128,-0.05929744243621826,128,0.033386096358299255,128,6.0,128
noisy,1000,1,8,0.11209818348288536,128,0.023863461799919605,128,-1.442749074535518,128,0.022119813598692417,128,-1.5440499783218509,128,0.07842747867107391,128,-0.3027932650480498,128,0.026195920072495937,128,-1.4527120222861574,128,0.1483708323084928,128,0.640951007604599,128,0.02624613046646118,128,0.6237171292304993,128,0.6791032552719116,128,0.6921384036540985,128,-0.04149696230888367,128,0.008720159530639648,128,6.0,128
noisy,1000,1,9,0.0810249075293541,128,0.031303584575653076,128,-0.9001047451319844,128,0.011164401657879353,128,-2.1141669538457775,128,0.08143312856554985,128,-0.10430243948057319,128,0.011513478122651577,128,-2.071090767447062,128,1.199561549501584,128,0.8387115597724915,128,0.012581616640090942,128,0.833836555480957,128,0.8484854996204376,128,0.8530998229980469,128,-0.01392054557800293,128,-0.0007981956005096436,128,5.0,128
noisy,1000,1,10,0.07651260867714882,128,0.015346655622124672,128,-1.548079703752171,128,0.012132804840803146,128,-1.7816429209648756,128,0.06250993721187115,128,-0.18965855405455817,128,0.012717823032289743,128,-1.7248213849751597,128,0.2662212474394594,128,0.6298205554485321,128,0.017852455377578735,128,0.6058960556983948,128,0.648336797952652,128,0.656659334897995,128,-0.031452327966690063,128,0.01377803087234497,128,18.0,128
noisy,1000,1,11,0.06577324494719505,128,0.011278429068624973,128,-1.7464305162141502,128,0.0032485732808709145,128,-3.0212277334794266,128,0.04744810424745083,128,-0.3165397270865794,128,0.013722989242523909,128,-1.569427217047725,128,1.2195869708454032,128,0.45048028230667114,128,0.024148166179656982,128,0.409913033246994,128,0.4648027718067169,128,0.4821012169122696,128,-0.031937822699546814,128,0.03008975088596344,128,2.0,128
noisy,1000,2,0,0.07154721394181252,128,0.008765881415456533,128,-1.9496039753417511,128,0.0036622817860916257,128,-2.9417967105926808,128,0.06687881425023079,128,-0.10237759918085487,128,0.02706244681030512,128,-1.10294424654269,128,0.9307242199943013,128,0.46591684222221375,128,0.016392290592193604,128,0.4219704121351242,128,0.46469682455062866,128,0.4804473966360092,128,-0.014410078525543213,128,0.03808307647705078,128,2.0,128
noisy,1000,2,1,0.0895625613629818,128,0.014937115833163261,128,-1.7500643666543783,128,0.00879575964063406,128,-2.174634656531235,128,0.08569249138236046,128,-0.08777239344102199,128,0.01828337460756302,128,-1.5231033454455019,128,0.42671970158257927,128,0.4696592539548874,128,0.029051005840301514,128,0.4447706788778305,128,0.5030097365379333,128,0.5116935670375824,128,-0.04486475884914398,128,0.023195132613182068,128,4.0,128
noisy,1000,2,2,0.049575844779610634,128,0.019320547580718994,128,-0.8446578808504588,128,0.005575318820774555,128,-2.1198907239721576,128,0.04162360914051533,128,-0.15014819363673576,128,0.008253316394984722,128,-1.9104172154389918,128,1.31713702605514,128,0.8431438207626343,128,0.005869358777999878,128,0.8421511948108673,128,0.8606459200382233,128,0.8636025786399841,128,-0.02069956064224243,128,0.003997087478637695,128,2.0,128
noisy,1000,2,3,0.06666912883520126,128,0.036588702350854874,128,-0.6023301137789719,128,0.021055671386420727,128,-1.1773562646881264,128,0.06359205022454262,128,-0.09487407014429122,128,0.020668061450123787,128,-1.1811487788047828,128,0.5588407704912568,128,0.6286673247814178,128,0.009562909603118896,128,0.627467155456543,128,0.6380622386932373,128,0.643558531999588,128,-0.015255391597747803,128,-0.00119057297706604,128,6.0,128
noisy,1000,2,4,0.10975965857505798,128,0.0898684486746788,128,-0.23635304983635397,128,0.03494103252887726,128,-1.123605343879074,128,0.10801199451088905,128,-0.006786348009701022,128,0.03686085343360901,128,-1.1363917607591234,128,0.8945820162263326,128,0.7352189719676971,128,0.02544313669204712,128,0.7400390207767487,128,0.7567748725414276,128,0.765005499124527,128,-0.02034696936607361,128,0.0034836232662200928,128,17.0,128
noisy,1000,2,5,0.08679874986410141,128,0.03712882660329342,128,-0.8373397735346022,128,0.016591294668614864,128,-1.666370828966686,128,0.08324645087122917,128,0.004373058938990581,128,0.020546008832752705,128,-1.3722402375812197,128,0.7299854733421891,128,0.5850389003753662,128,0.01976868510246277,128,0.5949223339557648,128,0.6196054220199585,128,0.6241043210029602,128,-0.03560727834701538,128,-0.0036030858755111694,128,7.0,128
noisy,1000,2,6,0.10318678244948387,128,0.018610630184412003,128,-1.6606328362478386,128,0.005218515172600746,128,-2.8835643685522796,128,0.09620832651853561,128,-0.048563808494085814,128,0.0269777774810791,128,-1.2996488093241996,128,1.2273273170771941,128,0.3850674331188202,128,0.016476809978485107,128,0.33243295550346375,128,0.38184311985969543,128,0.4031909108161926,128,-0.019794926047325134,128,0.04819142818450928,128,5.0,128
noisy,1000,2,7,0.09057668223977089,128,0.06624223291873932,128,-0.2913705546220908,128,0.04053197242319584,128,-0.8331249120428903,128,0.08484448865056038,128,-0.09259116944150667,128,0.04174595698714256,128,-0.8211843344292229,128,0.5442226383248532,128,0.4231918752193451,128,0.032994210720062256,128,0.42071083188056946,128,0.4364604949951172,128,0.4389297068119049,128,-0.014925315976142883,128,0.003055006265640259,128,17.0,128
noisy,1000,2,8,0.08469121903181076,128,0.05750595033168793,128,-0.38606056832259017,128,0.034908901900053024,128,-0.906341509913801,128,0.08041917160153389,128,-0.06984245283043633,128,0.034416818991303444,128,-0.9219641130485575,128,0.5247898817064622,128,0.6125342547893524,128,0.0260581374168396,128,0.6068762242794037,128,0.6204803287982941,128,0.6222715377807617,128,-0.010860800743103027,128,0.003253072500228882,128,11.0,128
noisy,1000,2,9,0.07555431500077248,128,0.025406664237380028,128,-1.1700991437243116,128,0.008662000764161348,128,-2.264036787333456,128,0.07501871511340141,128,0.026193817679116417,128,0.013532002456486225,128,-1.6648718911167153,128,1.0718866358727677,128,0.6568985879421234,128,0.011450350284576416,128,0.665021538734436,128,0.6936596035957336,128,0.6959984004497528,128,-0.03864440321922302,128,-0.0068551599979400635,128,13.0,128
noisy,1000,2,10,0.12181287258863449,128,0.030772031284868717,128,-1.3420315599025892,128,0.024265384301543236,128,-1.6206499471418612,128,0.09215554222464561,128,-0.3298324567388466,128,0.03553025238215923,128,-1.3158556065368427,128,0.2627837107081269,128,0.586774468421936,128,0.03098207712173462,128,0.5780569911003113,128,0.6138585805892944,128,0.6227113604545593,128,-0.032696694135665894,128,0.012369245290756226,128,6.0,128
noisy,1000,2,11,0.06968103349208832,128,0.02610217873007059,128,-0.9056363512370068,128,0.01625808048993349,128,-1.389975648156733,128,0.06156190112233162,128,-0.10096807941168337,128,0.0182312848046422,128,-1.3366981626253684,128,0.4954828442468546,128,0.5376919507980347,128,0.029954344034194946,128,0.5320382416248322,128,0.5495350062847137,128,0.551284670829773,128,-0.01387321949005127,128,0.005434781312942505,128,6.0,128
noisy,1000,3,0,0.09344764798879623,128,0.06095147505402565,128,-0.40235317089872435,128,0.03368382714688778,128,-1.010410412322683,128,0.08215881511569023,128,-0.10757077353663355,128,0.03501175157725811,128,-0.9663736289384679,128,0.63786300794791,128,0.39604322612285614,128,0.027402237057685852,128,0.3836880177259445,128,0.42290641367435455,128,0.4268614947795868,128,-0.03496885299682617,128,0.0052289217710494995,128,17.0,128
noisy,1000,3,1,0.13434692472219467,128,0.022782408632338047,128,-1.7612957289100342,128,0.015905427746474743,128,-2.1195860076466166,128,0.13689500838518143,128,0.007630150625788493,128,0.021330667659640312,128,-1.81311280091189,128,0.3515305978592246,128,0.10412314161658287,128,0.02715904638171196,128,0.10548786446452141,128,0.15514448285102844,128,0.163795568048954,128,-0.05120858550071716,128,0.01454450935125351,128,12.0,128
noisy,1000,3,2,0.1371672973036766,128,0.047982336953282356,128,-0.9936987892129536,128,0.03633451275527477,128,-1.3313835190907914,128,0.10347007215023041,128,-0.2722520095904748,128,0.04352405667304993,128,-1.1986030925415834,128,0.33727166761878774,128,0.6531022489070892,128,0.046212196350097656,128,0.6330113708972931,128,0.6787386238574982,128,0.6832861304283142,128,-0.03260308504104614,128,0.013830140233039856,128,5.0,128
noisy,1000,3,3,0.10522821545600891,128,0.011564035899937153,128,-2.175530694061141,128,0.00751684932038188,128,-2.6072771115508804,128,0.106294184923172,128,-0.02251197049121264,128,0.039831507951021194,128,-1.0309381674402993,128,0.4604046404023382,128,0.28820499777793884,128,0.015255354344844818,128,0.24023602902889252,128,0.32458581030368805,128,0.3403545320034027,128,-0.054096683859825134,128,0.036116279661655426,128,6.0,128
noisy,1000,3,4,0.19980977475643158,128,0.06753943860530853,128,-1.113430777641684,128,0.05959235318005085,128,-1.287819786289031,128,0.1876751184463501,128,-0.14670375126175877,128,0.07258656620979309,128,-1.0965508211970485,128,0.17244619358932767,128,0.5313164293766022,128,0.04916281998157501,128,0.5123458504676819,128,0.5556946694850922,128,0.5658992528915405,128,-0.03736713528633118,128,0.008890599012374878,128,18.0,128
noisy,1000,3,5,0.05019238963723183,128,0.00636271177791059,128,-1.9763179645372306,128,0.0033068041084334254,128,-2.70291655057092,128,0.04778118245303631,128,-0.0955758542348928,128,0.028959051705896854,128,-0.6121085438692511,128,0.7339111669852676,128,0.5071182250976562,128,0.01236484944820404,128,0.46168413758277893,128,0.5207341909408569,128,0.5316852033138275,128,-0.016816511750221252,128,0.04410010576248169,128,12.0,128
noisy,1000,3,6,0.061417894437909126,128,0.010933123528957367,128,-1.615627841115487,128,0.00289792416151613,128,-3.00923467084863,128,0.05729888752102852,128,-0.0983675693498986,128,0.0379931703209877,128,-0.47615168244752903,128,1.3459562263733298,128,0.3477436751127243,128,0.014541607350111008,128,0.28522220253944397,128,0.3500542640686035,128,0.37089820206165314,128,-0.010068163275718689,128,0.07433386892080307,128,9.0,128
noisy,1000,3,7,0.08747172355651855,128,0.06055276282131672,128,-0.3741194210388551,128,0.03727734833955765,128,-0.8467018636497778,128,0.07623429596424103,128,-0.13620191721754868,128,0.03979891911149025,128,-0.8115975243728473,128,0.505496006383819,128,0.5392908155918121,128,0.02385580539703369,128,0.5428704023361206,128,0.5696329176425934,128,0.584974616765976,128,-0.04177737236022949,128,-0.00906941294670105,128,18.0,128
noisy,1000,3,8,0.08404481410980225,128,0.012282016687095165,128,-1.7659161526186984,128,0.009900824632495642,128,-2.1810348644933777,128,0.08146381750702858,128,-0.10457989808918625,128,0.01722478959709406,128,-1.6168218354462773,128,0.3722116625500982,128,0.5965075194835663,128,0.018781721591949463,128,0.561159610748291,128,0.6134129166603088,128,0.6228118538856506,128,-0.03487768769264221,128,0.029322445392608643,128,9.0,128
noisy,1000,3,9,0.09889823570847511,128,0.016288314945995808,128,-1.7668318228574669,128,0.005906880833208561,128,-2.795557175178341,128,0.0971561148762703,128,-0.049480905445568976,128,0.04777623899281025,128,-0.7425351023306673,128,0.9899130681483779,128,0.4544319063425064,128,0.014281362295150757,128,0.4237067550420761,128,0.5001552253961563,128,0.5062401592731476,128,-0.05006074905395508,128,0.03102058172225952,128,13.0,128
noisy,1000,3,10,0.10335184633731842,128,0.02011549472808838,128,-1.6691968719550143,128,0.009550575166940689,128,-2.339111955480358,128,0.10275760293006897,128,-0.009406374653297408,128,0.04887421429157257,128,-0.8201367390769586,128,0.6184047484991816,128,0.3663047105073929,128,0.025009021162986755,128,0.3090239465236664,128,0.4136335700750351,128,0.4327005296945572,128,-0.05097801983356476,128,0.04439479112625122,128,2.0,128
noisy,1000,3,11,0.10203860327601433,128,0.017149057239294052,128,-1.6819936065668843,128,0.0071790278889238834,128,-2.6660157261974877,128,0.10526392608880997,128,-0.0537125389642909,128,0.017094522714614868,128,-1.6271143185104582,128,0.8672807846263021,128,0.47783495485782623,128,0.02026762068271637,128,0.45036184787750244,128,0.51603564620018,128,0.5294623672962189,128,-0.042924970388412476,128,0.026739507913589478,128,3.0,128
noisy,1000,4,0,0.12489484623074532,128,0.07238727062940598,128,-0.5630464754608577,128,0.020800619386136532,128,-1.7339992336094978,128,0.12235270068049431,128,-0.03445920305562524,128,0.02550546359270811,128,-1.5430232742046375,128,1.1490563053594853,128,0.42385154962539673,128,0.024234309792518616,128,0.40773116052150726,128,0.4582628458738327,128,0.46514469385147095,128,-0.03536544740200043,128,0.012438774108886719,128,6.0,128
noisy,1000,4,1,0.04260566271841526,128,0.01775364112108946,128,-0.7647162504242058,128,0.004391840426251292,128,-2.291259198053793,128,0.03553836978971958,128,-0.16278530711221006,128,0.018634979613125324,128,-0.8632668303087843,128,1.5287976113174253,128,0.40985721349716187,128,0.017033815383911133,128,0.3581507205963135,128,0.4649781584739685,128,0.489366739988327,128,-0.058875471353530884,128,0.03200305998325348,128,7.0,128
noisy,1000,4,2,0.07722197473049164,128,0.016137470491230488,128,-1.6437237236457793,128,0.010586067102849483,128,-1.9316871586930615,128,0.07184144482016563,128,-0.029967037843332604,128,0.04068094119429588,128,-0.7138174489236621,128,0.4603352636292376,128,0.5877425968647003,128,0.019093096256256104,128,0.5582236647605896,128,0.6085366606712341,128,0.6100975275039673,128,-0.029480725526809692,128,0.022962510585784912,128,4.5,128
noisy,1000,4,3,0.0846451111137867,128,0.06718289479613304,128,-0.31124005033288604,128,0.06576095148921013,128,-0.3738929852964361,128,0.0818154364824295,128,-0.15147101284256248,128,0.0645342767238617,128,-0.423265355381784,128,0.04582242822373278,128,0.7766284644603729,128,0.03350505232810974,128,0.7764288187026978,128,0.7910209894180298,128,0.7977205216884613,128,-0.012074679136276245,128,0.007531970739364624,128,7.0,128
noisy,1000,4,4,0.13830431550741196,128,0.04023583605885506,128,-1.1968692513560537,128,0.023621208034455776,128,-1.7537192202574874,128,0.14930150657892227,128,0.02321600041933355,128,0.044560372829437256,128,-1.1789525495390683,128,0.5296512708498086,128,0.5192593634128571,128,0.029954195022583008,128,0.5006864964962006,128,0.5554716289043427,128,0.5697014927864075,128,-0.04250591993331909,128,0.016615241765975952,128,12.0,128
noisy,1000,4,5,0.08453316614031792,128,0.06439859792590141,128,-0.27069828035164034,128,0.03652939759194851,128,-0.872920269966958,128,0.08103593438863754,128,-0.09053970323245619,128,0.03588782623410225,128,-0.8961243148731393,128,0.587578596024773,128,0.37025050818920135,128,0.025095254182815552,128,0.3582470715045929,128,0.4061923027038574,128,0.4097010940313339,128,-0.030038371682167053,128,0.0094648078083992,128,7.0,128
noisy,1000,4,6,0.11027058586478233,128,0.008516160771250725,128,-2.520087379590228,128,0.003866783808916807,128,-3.2916064894078856,128,0.1297379657626152,128,0.08254612351418299,128,0.01562958676367998,128,-1.9860552938183758,128,0.7215515347138503,128,0.5505744516849518,128,0.012017607688903809,128,0.5400132238864899,128,0.5705437958240509,128,0.5795506834983826,128,-0.028091266751289368,128,0.01224711537361145,128,4.0,128
noisy,1000,4,7,0.09707089513540268,128,0.018853923305869102,128,-1.5646819672219145,128,0.010474396869540215,128,-2.214359423256501,128,0.10139141231775284,128,0.00712423154220721,128,0.020932289771735668,128,-1.5446085165007086,128,0.6166077452098577,128,0.7153777778148651,128,0.010261476039886475,128,0.6959152817726135,128,0.7308101952075958,128,0.7349107563495636,128,-0.017100751399993896,128,0.019741415977478027,128,10.0,128
noisy,1000,4,8,0.15477143973112106,128,0.04337641783058643,128,-1.1856934111961714,128,0.01435694145038724,128,-2.305358302798832,128,0.15783452987670898,128,-0.019269249155133148,128,0.06476185098290443,128,-0.9385433276971762,128,1.1618962354873932,128,0.4806588590145111,128,0.01795901358127594,128,0.44267429411411285,128,0.5145257413387299,128,0.5187336802482605,128,-0.04652281105518341,128,0.03257612884044647,128,8.0,128
noisy,1000,4,9,0.1382780596613884,128,0.02508981991559267,128,-1.6494457843147938,128,0.01383970258757472,128,-2.3009864327417526,128,0.1624404340982437,128,0.11051766303009186,128,0.03022523783147335,128,-1.4043356262485416,128,0.6064398616600858,128,0.29993921518325806,128,0.027402862906455994,128,0.2882412225008011,128,0.3422684371471405,128,0.3596574515104294,128,-0.06801094114780426,128,0.020124107599258423,128,5.0,128
noisy,1000,4,10,0.06500566378235817,128,0.012898156885057688,128,-1.581486445480336,128,0.006816417910158634,128,-2.274906396134465,128,0.06577728688716888,128,-0.04358768857248303,128,0.012050760444253683,128,-1.676963728343417,128,0.6649464557862921,128,0.6021780073642731,128,0.011744394898414612,128,0.5948319733142853,128,0.6474665999412537,128,0.65377077460289,128,-0.035053104162216187,128,0.013938874006271362,128,10.0,128
noisy,1000,4,11,0.09520555287599564,128,0.03247979283332825,128,-1.043249207105852,128,0.01424817694351077,128,-1.9245283619369804,128,0.09324876964092255,128,0.017476463393623028,128,0.0355436559766531,128,-0.983722272148339,128,0.824906638604507,128,0.5440312922000885,128,0.019037723541259766,128,0.5102005898952484,128,0.5535446107387543,128,0.5666938126087189,128,-0.02653902769088745,128,0.03521639108657837,128,9.0,128
noisy,1000,5,0,0.041137319058179855,128,0.012519716285169125,128,-1.2104203745305573,128,0.01146477647125721,128,-1.2445163949799336,128,0.031499892473220825,128,-0.3002289507609798,128,0.011806085240095854,128,-1.2517762568579238,128,-0.03131420978224976,128,0.672105461359024,128,0.02252151072025299,128,0.6628788709640503,128,0.6932401955127716,128,0.6976045668125153,128,-0.013951867818832397,128,0.011856168508529663,128,5.0,128
noisy,1000,5,1,0.09324629604816437,128,0.0452505387365818,128,-0.6933314255042669,128,0.02765880525112152,128,-1.1924781425667619,128,0.09632662311196327,128,0.014593235511241576,128,0.025953320786356926,128,-1.246452152759284,128,0.5076610455694845,128,0.5278136134147644,128,0.01796022057533264,128,0.5266972482204437,128,0.5439399778842926,128,0.5451732873916626,128,-0.016389936208724976,128,0.0032543838024139404,128,6.0,128
noisy,1000,5,2,0.20509126037359238,128,0.14850689470767975,128,-0.3259027042699287,128,0.08844117820262909,128,-0.8411028168867795,128,0.19111689180135727,128,-0.10186132628900932,128,0.09526756778359413,128,-0.7892855774332295,128,0.521062740524141,128,0.5532345473766327,128,0.09152960777282715,128,0.542130172252655,128,0.5646165013313293,128,0.5713994801044464,128,-0.017951607704162598,128,0.0136394202709198,128,18.0,128
noisy,1000,5,3,0.1477181762456894,128,0.02744896523654461,128,-1.7484088290571096,128,0.007902647368609905,128,-2.970819504437386,128,0.15659785270690918,128,-0.0065415247764576065,128,0.026038997806608677,128,-1.8213249832998242,128,1.2187557421292516,128,0.40818555653095245,128,0.020142242312431335,128,0.3933500647544861,128,0.45467671751976013,128,0.4707339107990265,128,-0.06462161242961884,128,0.01673710346221924,128,13.0,128
noisy,1000,5,4,0.20079394429922104,128,0.13782495260238647,128,-0.4319795755063664,128,0.07603826001286507,128,-1.0415572333485166,128,0.19910500198602676,128,-0.09691770716661584,128,0.08054778724908829,128,-0.9746569457485297,128,0.6307921824483635,128,0.3655046224594116,128,0.0457465797662735,128,0.3415649086236954,128,0.37802793085575104,128,0.38627173006534576,128,-0.04309013485908508,128,0.011749491095542908,128,12.0,128
noisy,1000,5,5,0.06896045431494713,128,0.025900288484990597,128,-0.994707841069689,128,0.013320608995854855,128,-1.7034811785557316,128,0.07128643989562988,128,-0.03703975665918986,128,0.019536850042641163,128,-1.361690128261305,128,0.6684267757833517,128,0.556535929441452,128,0.02103327214717865,128,0.5392833352088928,128,0.5843847990036011,128,0.5977248549461365,128,-0.03941944241523743,128,0.013212606310844421,128,17.0,128
noisy,1000,5,6,0.12171537801623344,128,0.09658027067780495,128,-0.21820092116605733,128,0.05002584867179394,128,-0.9365331760498472,128,0.12373340874910355,128,-0.028131176584784846,128,0.04961204156279564,128,-0.9305949262144078,128,0.7415901278891173,128,0.6046283841133118,128,0.03813362121582031,128,0.5989921391010284,128,0.61027991771698,128,0.6139584183692932,128,-0.015057772397994995,128,0.0034921467304229736,128,18.0,128
noisy,1000,5,7,0.046844104304909706,128,0.01732639316469431,128,-1.0375426618850447,128,0.018659931607544422,128,-0.8906170269795375,128,0.03684699349105358,128,-0.24606333702962802,128,0.016321643255650997,128,-0.9936231380824663,128,-0.0762365193380427,128,0.622513473033905,128,0.03982141613960266,128,0.604583740234375,128,0.6435638666152954,128,0.6451070010662079,128,-0.018127024173736572,128,0.004382282495498657,128,1.0,128
noisy,1000,5,8,0.11455042287707329,128,0.016440050676465034,128,-1.8307657275292408,128,0.008652535267174244,128,-2.4625808010249814,128,0.10894792154431343,128,-0.01031494941223598,128,0.05016179569065571,128,-0.8186609576511802,128,0.6247477505736776,128,0.34460538625717163,128,0.024656858295202255,128,0.2947506010532379,128,0.3639574944972992,128,0.37812450528144836,128,-0.024704039096832275,128,0.06318444013595581,128,5.0,128
noisy,1000,5,9,0.16353294253349304,128,0.07941543683409691,128,-0.6070626980514626,128,0.03400045447051525,128,-1.5155187979789324,128,0.17095842212438583,128,0.1343760960915929,128,0.040971746668219566,128,-1.278953359733134,128,0.9206170574981394,128,0.7716688215732574,128,0.014509409666061401,128,0.770775705575943,128,0.7776490151882172,128,0.7790603339672089,128,-0.011432260274887085,128,0.0029511451721191406,128,10.0,128
noisy,1000,5,10,0.07300206646323204,128,0.030577315017580986,128,-0.8107441506898453,128,0.03229815326631069,128,-0.7564570922391652,128,0.056165533140301704,128,-0.23369941766326413,128,0.03115963004529476,128,-0.7491559904529158,128,-0.020976877840523926,128,0.7557059228420258,128,0.02343788743019104,128,0.7475325465202332,128,0.7615139186382294,128,0.763443797826767,128,-0.012240678071975708,128,0.0042344629764556885,128,1.0,128
noisy,1000,5,11,0.12514691427350044,128,0.08152331039309502,128,-0.4219126675406426,128,0.0382767952978611,128,-1.158378270433969,128,0.13286031037569046,128,0.059525155084575856,128,0.04146297462284565,128,-1.0872323729832702,128,0.7545037186953343,128,0.569304347038269,128,0.020236670970916748,128,0.5644073188304901,128,0.5881703197956085,128,0.5917719304561615,128,-0.017034396529197693,128,0.004321157932281494,128,17.0,128
noisy,1000,6,0,0.10502134636044502,128,0.03765466809272766,128,-1.0405752926140686,128,0.017725451849400997,128,-1.7524114341547095,128,0.10641459748148918,128,0.024823578376607962,128,0.046862849965691566,128,-0.8226483585798888,128,0.7267441470693522,128,0.5335665643215179,128,0.024588637053966522,128,0.5139589309692383,128,0.5769750475883484,128,0.588215559720993,128,-0.059322208166122437,128,0.014012545347213745,128,12.0,128
noisy,1000,6,1,0.10645288974046707,128,0.006310850381851196,128,-2.635104517401436,128,0.0028745844028890133,128,-3.4840960276703274,128,0.10783711448311806,128,0.015277045533895644,128,0.03228572942316532,128,-1.0602822563557386,128,0.8411511342114142,128,0.5182963609695435,128,0.018299072980880737,128,0.47215792536735535,128,0.516189455986023,128,0.5281689763069153,128,-0.012621968984603882,128,0.035585880279541016,128,5.0,128
noisy,1000,6,2,0.11875584349036217,128,0.048708852380514145,128,-0.901234593422367,128,0.01820787787437439,128,-1.8131691375755712,128,0.10673396289348602,128,-0.08161742341169528,128,0.04438665881752968,128,-0.9617091246854563,128,0.9587437093311559,128,0.6823092401027679,128,0.016562342643737793,128,0.6575282514095306,128,0.697824239730835,128,0.7067078948020935,128,-0.023783981800079346,128,0.017848581075668335,128,12.0,128
noisy,1000,6,3,0.09635527804493904,128,0.010798742529004812,128,-2.2072666960485794,128,0.005544457817450166,128,-2.9125812966322524,128,0.10226258262991905,128,0.00600579305537281,128,0.06916290149092674,128,-0.474017389241935,128,0.708809627419202,128,0.44387513399124146,128,0.01871398091316223,128,0.395393431186676,128,0.4705677628517151,128,0.48576319217681885,128,-0.03791426122188568,128,0.03860728442668915,128,9.0,128
noisy,1000,6,4,0.06179781258106232,128,0.01872575655579567,128,-1.0942819988273953,128,0.004724493715912104,128,-2.663766171314546,128,0.05546129308640957,128,-0.2001274913637159,128,0.028245460242033005,128,-0.8089535378058859,128,1.5568579747397011,128,0.560545027256012,128,0.014377713203430176,128,0.48985885083675385,128,0.5778413712978363,128,0.5987714231014252,128,-0.02857986092567444,128,0.058208584785461426,128,7.0,128
noisy,1000,6,5,0.08645378798246384,128,0.010305583942681551,128,-2.056528698898072,128,0.005365135846659541,128,-2.6805765276812146,128,0.0917622447013855,128,0.03163930440982008,128,0.022236954420804977,128,-1.4183086527805417,128,0.6220001496458445,128,0.6192746162414551,128,0.015188038349151611,128,0.6024302542209625,128,0.6357523798942566,128,0.6473813652992249,128,-0.01433679461479187,128,0.02349981665611267,128,6.0,128
noisy,1000,6,6,0.13757067173719406,128,0.014247197192162275,128,-2.2085652528586808,128,0.007928948849439621,128,-2.7365973438998807,128,0.15732762962579727,128,0.0883499704324812,128,0.05979412794113159,128,-0.8590524096843652,128,0.5443254984614556,128,0.15427250415086746,128,0.026942064985632896,128,0.15080758184194565,128,0.22962678223848343,128,0.25540295243263245,128,-0.08524346351623535,128,0.017334237694740295,128,9.0,128
noisy,1000,6,7,0.11601943895220757,128,0.032683636993169785,128,-1.1686957175057442,128,0.020913371816277504,128,-1.6532737753298437,128,0.1181294322013855,128,0.04864043001633996,128,0.05417942814528942,128,-0.7604830948133079,128,0.4775822733183741,128,0.5266731381416321,128,0.022316887974739075,128,0.4757528007030487,128,0.5276039838790894,128,0.533747136592865,128,-0.018305569887161255,128,0.038445040583610535,128,4.5,128
noisy,1000,6,8,0.07226716727018356,128,0.008444249629974365,128,-2.0721423663180243,128,0.004662721650674939,128,-2.721621057137142,128,0.07124963775277138,128,-0.016327333245984794,128,0.03982648439705372,128,-0.5679392571757548,128,0.6291652766781273,128,0.536899983882904,128,0.016964688897132874,128,0.4698435664176941,128,0.5236755013465881,128,0.5380026996135712,128,-0.008348166942596436,128,0.06005452573299408,128,5.5,128
noisy,1000,6,9,0.11486444622278214,128,0.04199254512786865,128,-1.0973466695443923,128,0.0213957903906703,128,-1.7352919085288478,128,0.11467963829636574,128,-0.014984219612355968,128,0.0632636807858944,128,-0.6516803018747923,128,0.5871569207680586,128,0.4761650115251541,128,0.028082609176635742,128,0.44901102781295776,128,0.5130479335784912,128,0.519121915102005,128,-0.04372003674507141,128,0.012050867080688477,128,7.0,128
noisy,1000,6,10,0.0955885462462902,128,0.011849151458591223,128,-2.096306638593533,128,0.003827648935839534,128,-3.1395197164853506,128,0.1035366952419281,128,0.023499524107832754,128,0.041421810165047646,128,-0.9056662128589847,128,1.0934593721699306,128,0.5587423145771027,128,0.01421406865119934,128,0.5165915489196777,128,0.5759734511375427,128,0.5903127193450928,128,-0.023549944162368774,128,0.03525364398956299,128,10.0,128
noisy,1000,6,11,0.10959778353571892,128,0.07398026809096336,128,-0.4698754269254819,128,0.04239584319293499,128,-0.9834297766144421,128,0.11230698227882385,128,-0.0467008771960593,128,0.04136309772729874,128,-0.9819031512872984,128,0.531436946391102,128,0.12579987943172455,128,0.021591510623693466,128,0.120431087911129,128,0.1452619805932045,128,0.15064135193824768,128,-0.024302728474140167,128,0.002697959542274475,128,12.0,128
noisy,1000,7,0,0.15481999516487122,128,0.08442097529768944,128,-0.523239241551239,128,0.04899796098470688,128,-1.1705455459773462,128,0.14077866822481155,128,-0.05263168669915874,128,0.0551654901355505,128,-1.017496905423211,128,0.6070128060789348,128,0.5955162644386292,128,0.03688278794288635,128,0.5761277079582214,128,0.6172342896461487,128,0.6233867406845093,128,-0.02795696258544922,128,0.022656768560409546,128,11.0,128
noisy,1000,7,1,0.03830242156982422,128,0.016355222091078758,128,-0.7883132688373512,128,0.006082703359425068,128,-1.80407491442354,128,0.030461161397397518,128,-0.2308693613524677,128,0.01583333406597376,128,-0.8623701405644266,128,0.9348077612266726,128,0.6643591225147247,128,0.020500987768173218,128,0.6454845368862152,128,0.674817681312561,128,0.6862287819385529,128,-0.021963387727737427,128,0.02141907811164856,128,2.0,128
noisy,1000,7,2,0.11870226636528969,128,0.04490996338427067,128,-0.9450299001738574,128,0.019793931394815445,128,-1.8046050601383152,128,0.11321397125720978,128,-0.06247824587208801,128,0.026868429966270924,128,-1.4349902293906136,128,0.8089873021114378,128,0.70645472407341,128,0.01682451367378235,128,0.6940216422080994,128,0.7194328606128693,128,0.7254114747047424,128,-0.025784790515899658,128,0.0060815513134002686,128,11.0,128
noisy,1000,7,3,0.10031988099217415,128,0.03562925197184086,128,-1.0266743191969026,128,0.022243840619921684,128,-1.5656582074730556,128,0.10242732241749763,128,-0.03415839146595605,128,0.02387864887714386,128,-1.4591371717666446,128,0.5331713328486722,128,0.20347613096237183,128,0.042556390166282654,128,0.19718216359615326,128,0.23190028965473175,128,0.24298686534166336,128,-0.031671538949012756,128,0.004199512302875519,128,8.0,128
noisy,1000,7,4,0.11134179309010506,128,0.03648943081498146,128,-1.0726865637402483,128,0.019370016641914845,128,-1.714348418736161,128,0.0965145081281662,128,-0.14383426023369011,128,0.03252211585640907,128,-1.2477641662657408,128,0.6811157544046882,128,0.5760778188705444,128,0.03858524560928345,128,0.5496087968349457,128,0.5979982018470764,128,0.607296347618103,128,-0.0329897403717041,128,0.018444165587425232,128,2.0,128
noisy,1000,7,5,0.05779008008539677,128,0.013347154948860407,128,-1.4356341658720138,128,0.0032023147214204073,128,-2.860801563315685,128,0.05895157903432846,128,0.024249522907877005,128,0.046239592134952545,128,-0.26277225708809887,128,1.4428632828924868,128,0.5984067618846893,128,0.01665160059928894,128,0.5404832661151886,128,0.5874021947383881,128,0.5991603136062622,128,-0.004255115985870361,128,0.06852692365646362,128,9.0,128
noisy,1000,7,6,0.08638396859169006,128,0.014259706251323223,128,-1.7847989573071281,128,0.007114703767001629,128,-2.4608255387537294,128,0.0933459959924221,128,0.04500060119240941,128,0.14052169770002365,128,0.4622850670497597,128,0.6361008219701876,128,0.5057019293308258,128,0.03057807683944702,128,0.4691625088453293,128,0.5210281312465668,128,0.5429684221744537,128,-0.03902415931224823,128,0.02966931462287903,128,2.0,128
noisy,1000,7,7,0.04935599863529205,128,0.010956548154354095,128,-1.575220415144499,128,0.005311927292495966,128,-2.2214687281720407,128,0.03908683359622955,128,-0.2442601798154201,128,0.014975100290030241,128,-1.1430364689777186,128,0.6682081496703403,128,0.5562513470649719,128,0.03242942690849304,128,0.5378944277763367,128,0.5733204185962677,128,0.5901527404785156,128,-0.03991502523422241,128,0.005591601133346558,128,2.0,128
noisy,1000,7,8,0.1751607432961464,128,0.051234595477581024,128,-1.1643685938499129,128,0.02374123316258192,128,-1.9457296532831707,128,0.1579178124666214,128,-0.05659086888297153,128,0.045095497742295265,128,-1.2400670210318245,128,0.7979549867510365,128,0.373659148812294,128,0.04026329517364502,128,0.3688806742429733,128,0.4366205930709839,128,0.45740436017513275,128,-0.0786169245839119,128,0.0068015456199646,128,13.0,128
noisy,1000,7,9,0.06959116458892822,128,0.006500960327684879,128,-2.339989664070032,128,0.003973536426201463,128,-2.90178290054751,128,0.07210734859108925,128,0.04791725950200244,128,0.03292430564761162,128,-0.7705223016821094,128,0.5138542119404081,128,0.38882581889629364,128,0.019244052469730377,128,0.34651830792427063,128,0.44338805973529816,128,0.45643825829029083,128,-0.06291109323501587,128,0.04026836156845093,128,7.0,128
noisy,1000,7,10,0.09838134050369263,128,0.004064569948241115,128,-3.1152360873698037,128,0.0020378511399030685,128,-3.8226897583857804,128,0.10638686642050743,128,0.052624703631205104,128,0.034042997285723686,128,-1.1006515214597576,128,0.7195241680930241,128,0.49655231833457947,128,0.01566678285598755,128,0.49134834110736847,128,0.5286969840526581,128,0.5361128747463226,128,-0.03352905809879303,128,0.010894417762756348,128,5.0,128
noisy,1000,7,11,0.07443893700838089,128,0.0054706730879843235,128,-2.5557842377900077,128,0.0024960088776424527,128,-3.2739451265397292,128,0.07517976313829422,128,-0.02042038294081869,128,0.02569821383804083,128,-1.042365004842276,128,0.7570694070782858,128,0.7308050096035004,128,0.015195339918136597,128,0.6815510988235474,128,0.7319620251655579,128,0.734440416097641,128,0.0001671910285949707,128,0.044331908226013184,128,3.0,128
noisy,1000,8,0,0.0936591699719429,128,0.039452316239476204,128,-0.8702719940016681,128,0.02211589179933071,128,-1.4374481149638032,128,0.09290936589241028,128,-0.06853911244494379,128,0.024536238983273506,128,-1.313922637871341,128,0.5892979756751053,128,0.43532709777355194,128,0.01954517513513565,128,0.424203023314476,128,0.4467783570289612,128,0.45496541261672974,128,-0.025422275066375732,128,0.008418694138526917,128,5.0,128
noisy,1000,8,1,0.055538831278681755,128,0.011282328050583601,128,-1.523281408009856,128,0.00897470349445939,128,-1.871114240467413,128,0.045209845528006554,128,-0.28072776676269284,128,0.024913604371249676,128,-0.8123233157344913,128,0.24576838457201966,128,0.4913148283958435,128,0.030991703271865845,128,0.4646032750606537,128,0.513886958360672,128,0.5271062254905701,128,-0.037783876061439514,128,0.016761139035224915,128,3.5,128
noisy,1000,8,2,0.16684959828853607,128,0.055060332641005516,128,-1.1023534251098694,128,0.023165345191955566,128,-1.8854546323491732,128,0.14471989125013351,128,-0.1206198023901674,128,0.05633939430117607,128,-1.082880217231559,128,0.812207783129262,128,0.35536593198776245,128,0.036789119243621826,128,0.3089873641729355,128,0.38432808220386505,128,0.39842644333839417,128,-0.05159136652946472,128,0.030199125409126282,128,4.0,128
noisy,1000,8,3,0.09321171417832375,128,0.040999483317136765,128,-0.8453571692974593,128,0.022011195309460163,128,-1.5011241495167262,128,0.09135375916957855,128,-0.050479700284174756,128,0.024388207122683525,128,-1.3866627837846632,128,0.6363496036950829,128,0.5740215182304382,128,0.03759187459945679,128,0.5663453936576843,128,0.5882500112056732,128,0.5906625986099243,128,-0.0166245698928833,128,0.006297260522842407,128,5.0,128
noisy,1000,8,4,0.09150752052664757,128,0.055420203134417534,128,-0.523092307403529,128,0.031178327277302742,128,-1.1122092119349374,128,0.09667831286787987,128,0.0017616152768834452,128,0.0318980198353529,128,-1.074676912674642,128,0.6038300224437524,128,0.34826576709747314,128,0.039578571915626526,128,0.33667565882205963,128,0.37522393465042114,128,0.3798043876886368,128,-0.033724963665008545,128,0.008156836032867432,128,5.0,128
noisy,1000,8,5,0.1573164314031601,128,0.07420872896909714,128,-0.7386408449696429,128,0.04434601217508316,128,-1.3335845716715744,128,0.16063878685235977,128,-0.04767755226271632,128,0.054206663742661476,128,-1.111567956401161,128,0.5718526818072279,128,0.415802463889122,128,0.02607087790966034,128,0.4192783087491989,128,0.43478529155254364,128,0.4545781761407852,128,-0.03219924867153168,128,0.014647811651229858,128,11.0,128
noisy,1000,8,6,0.17320353537797928,128,0.04423661716282368,128,-1.373461986543338,128,0.013420657720416784,128,-2.610712282297613,128,0.18393096327781677,128,0.01713921507247146,128,0.06457990035414696,128,-0.9861682558295752,128,1.119988848630225,128,0.44725094735622406,128,0.024928629398345947,128,0.41283994913101196,128,0.4689081311225891,128,0.48175927996635437,128,-0.035859569907188416,128,0.01951351761817932,128,10.0,128
noisy,1000,8,7,0.09484738484025002,128,0.013925764244049788,128,-1.9754626498176882,128,0.006826396100223064,128,-2.5678110073635283,128,0.06472892314195633,128,-0.3419064036137337,128,0.03492762893438339,128,-0.9429262750377962,128,0.6565233289904402,128,0.3600323796272278,128,0.032870255410671234,128,0.34622928500175476,128,0.38977566361427307,128,0.4051399827003479,128,-0.04456397891044617,128,0.015549510717391968,128,3.0,128
noisy,1000,8,8,0.05990506149828434,128,0.014788307249546051,128,-1.3806084546181128,128,0.005962899420410395,128,-2.2847982800140754,128,0.054220084100961685,128,-0.14338308136606426,128,0.045744430273771286,128,-0.24057656808157216,128,0.8982427428313335,128,0.6253167986869812,128,0.018373489379882812,128,0.6164711713790894,128,0.6482621431350708,128,0.6586175560951233,128,-0.025693058967590332,128,0.020684033632278442,128,2.0,128
noisy,1000,8,9,0.11612313985824585,128,0.019749426282942295,128,-1.704231462449941,128,0.014066711999475956,128,-2.017489822811961,128,0.10295913368463516,128,-0.07961885986096223,128,0.054333847016096115,128,-0.7511278784700643,128,0.32477543512434615,128,0.5268906354904175,128,0.03033415973186493,128,0.5068705976009369,128,0.5581971108913422,128,0.5635767579078674,128,-0.04457835853099823,128,0.01519814133644104,128,7.0,128
noisy,1000,8,10,0.09277969971299171,128,0.040267523378133774,128,-0.8318830000077635,128,0.022105349227786064,128,-1.4235738362154584,128,0.09347020834684372,128,-0.05340922934791684,128,0.023757142014801502,128,-1.3212174472120572,128,0.5965979613793179,128,0.33167508244514465,128,0.03187195956707001,128,0.31947942078113556,128,0.3457249402999878,128,0.3468562215566635,128,-0.022216498851776123,128,0.013758569955825806,128,1.0,128
noisy,1000,8,11,0.0977085717022419,128,0.032839346677064896,128,-1.1051498256467276,128,0.020789118483662605,128,-1.5745271412918571,128,0.07502051070332527,128,-0.2699848625505179,128,0.03526547737419605,128,-1.043724742609959,128,0.45596521081999275,128,0.5608660578727722,128,0.050461769104003906,128,0.5386728942394257,128,0.5821962654590607,128,0.5877252817153931,128,-0.034667909145355225,128,0.011845827102661133,128,10.0,128
noisy,1000,9,0,0.0931689515709877,128,0.02242943085730076,128,-1.3915624662017425,128,0.011540537234395742,128,-2.044628348836574,128,0.08050910755991936,128,-0.17925743446353787,128,0.03210928663611412,128,-1.039447570088638,128,0.6886304203196449,128,0.555984616279602,128,0.018760889768600464,128,0.5401832461357117,128,0.5749294459819794,128,0.5854766368865967,128,-0.027131423354148865,128,0.01816028356552124,128,8.0,128
noisy,1000,9,1,0.14741786569356918,128,0.017746800556778908,128,-2.116439760276145,128,0.011896873358637094,128,-2.537320999863141,128,0.14590992778539658,128,-0.006219440062052806,128,0.15013427287340164,128,0.016742879047307476,128,0.428118400248755,128,0.33401109278202057,128,0.026514828205108643,128,0.309922993183136,128,0.360519677400589,128,0.3753809183835983,128,-0.03736311197280884,128,0.030315250158309937,128,11.0,128
noisy,1000,9,2,0.06785377487540245,128,0.009824018459767103,128,-1.8571635851766988,128,0.006016777362674475,128,-2.3052217952369967,128,0.06729717552661896,128,-0.06547711792836541,128,0.031063401140272617,128,-0.7942396282369435,128,0.44396793229019144,128,0.5962377786636353,128,0.014464229345321655,128,0.5500735938549042,128,0.5971202254295349,128,0.6073997020721436,128,-0.01681506633758545,128,0.03306490182876587,128,5.0,128
noisy,1000,9,3,0.125113807618618,128,0.027856526896357536,128,-1.4627614847019994,128,0.014101379550993443,128,-2.171233270585624,128,0.10689183697104454,128,-0.1445455820042409,128,0.059299344196915627,128,-0.687722717398372,128,0.6480935569765971,128,0.6641025841236115,128,0.01712176203727722,128,0.643575519323349,128,0.6827404499053955,128,0.7005022466182709,128,-0.021254628896713257,128,0.030586659908294678,128,4.0,128
noisy,1000,9,4,0.1994994878768921,128,0.10392187535762787,128,-0.6540691752081849,128,0.05439811199903488,128,-1.3132782333422939,128,0.18153344839811325,128,-0.11745859107877925,128,0.07266239076852798,128,-1.0226721965839742,128,0.6529821236101042,128,0.4374689310789108,128,0.04350575804710388,128,0.42144104838371277,128,0.46316418051719666,128,0.4648757427930832,128,-0.0370078980922699,128,0.00588640570640564,128,6.0,128
noisy,1000,9,5,0.13531146198511124,128,0.015328936278820038,128,-2.114164894097061,128,0.004755757981911302,128,-3.278034392616287,128,0.12206735834479332,128,-0.07335795541903602,128,0.04473013058304787,128,-1.1028883943673946,128,1.166535627379489,128,0.5372117161750793,128,0.01881811022758484,128,0.5066735744476318,128,0.5485419034957886,128,0.5604002773761749,128,-0.03504684567451477,128,0.0219118595123291,128,12.0,128
noisy,1000,9,6,0.10998190566897392,128,0.012101306114345789,128,-2.2306444440846454,128,0.007536416407674551,128,-2.682678858667659,128,0.10941139981150627,128,-0.05792484595813379,128,0.06213135085999966,128,-0.6092591573900072,128,0.45242025367505134,128,0.6362428963184357,128,0.016365647315979004,128,0.6057985424995422,128,0.6462059020996094,128,0.6609613001346588,128,-0.019244223833084106,128,0.037229329347610474,128,7.0,128
noisy,1000,9,7,0.09787890687584877,128,0.01174139091745019,128,-2.088722372211321,128,0.005741246044635773,128,-2.763876473828529,128,0.0813489481806755,128,-0.1336675180882216,128,0.029640881344676018,128,-1.1992844487823473,128,0.6319043001002749,128,0.5666964948177338,128,0.028319627046585083,128,0.5381197333335876,128,0.5784769654273987,128,0.589438796043396,128,-0.025396287441253662,128,0.01631520688533783,128,3.0,128
noisy,1000,9,8,0.12419944629073143,128,0.03194349445402622,128,-1.2668201951292155,128,0.022544538602232933,128,-1.6521222264641737,128,0.09658003970980644,128,-0.24320614267813265,128,0.09326351433992386,128,-0.1704323296581625,128,0.3792121194633015,128,0.4692113995552063,128,0.03144367039203644,128,0.4534405320882797,128,0.5088388919830322,128,0.5176332592964172,128,-0.045360267162323,128,0.02293713390827179,128,7.0,128
noisy,1000,9,9,0.11763084307312965,128,0.0259331027045846,128,-1.4802992413899883,128,0.01690248493105173,128,-1.9260360384201902,128,0.1018798016011715,128,-0.16109579051031564,128,0.026821216568350792,128,-1.4463754760742877,128,0.520378245227296,128,0.41318386793136597,128,0.02612558752298355,128,0.40196509659290314,128,0.435677707195282,128,0.44206954538822174,128,-0.0263206884264946,128,0.010506808757781982,128,12.0,128
noisy,1000,9,10,0.10659414157271385,128,0.016627169214189053,128,-1.830413304364601,128,0.005397229688242078,128,-2.97462067130043,128,0.10379546508193016,128,-0.030566997686115743,128,0.044321876019239426,128,-0.8949172900211751,128,1.0812210002985596,128,0.622296929359436,128,0.024320900440216064,128,0.5868608355522156,128,0.639005571603775,128,0.6527982354164124,128,-0.035074383020401,128,0.028934746980667114,128,6.0,128
noisy,1000,9,11,0.11055433750152588,128,0.01630029920488596,128,-1.90034052798738,128,0.006354339187964797,128,-2.835552344995237,128,0.1100054606795311,128,-0.029939032926539842,128,0.07614235207438469,128,-0.40072781866270046,128,0.8364357182579758,128,0.4981723725795746,128,0.023971527814865112,128,0.4733102470636368,128,0.5389814972877502,128,0.5483118295669556,128,-0.050969451665878296,128,0.007628455758094788,128,9.0,128
noisy,1000,10,0,0.06376466155052185,128,0.0072376171592622995,128,-2.137511547811065,128,0.004426670027896762,128,-2.5710437705795854,128,0.060145389288663864,128,-0.08839236408122544,128,0.06544472277164459,128,0.015540284599240745,128,0.41633899183272205,128,0.5382663905620575,128,0.01521332561969757,128,0.4780351221561432,128,0.5402096509933472,128,0.5566261410713196,128,-0.022841602563858032,128,0.029941052198410034,128,6.0,128
noisy,1000,10,1,0.08468925952911377,128,0.008824357762932777,128,-2.204743191188503,128,0.003620736883021891,128,-3.1145916974089713,128,0.09229915961623192,128,0.025917461892368147,128,0.09520890936255455,128,0.13365439261865852,128,0.8303175987782665,128,0.5782139599323273,128,0.018849894404411316,128,0.5137397646903992,128,0.5819400548934937,128,0.5882605612277985,128,0.004722148180007935,128,0.06194353103637695,128,6.0,128
noisy,1000,10,2,0.0660611130297184,128,0.005193895427510142,128,-2.5033677343865177,128,0.0017816059989854693,128,-3.5173759384999617,128,0.06419811397790909,128,-0.02834629589022846,128,0.10548553615808487,128,0.48244057591340717,128,1.0306335815307275,128,0.6017305254936218,128,0.019125252962112427,128,0.5376066267490387,128,0.5896984934806824,128,0.601237028837204,128,0.007182419300079346,128,0.05842962861061096,128,9.0,128
noisy,1000,10,3,0.08123750239610672,128,0.027712899260222912,128,-1.077563908497737,128,0.01396473404020071,128,-1.7597131607495697,128,0.07033535838127136,128,-0.169522574439877,128,0.07426838204264641,128,-0.12799511146335396,128,0.6911243928268824,128,0.5938384830951691,128,0.020430773496627808,128,0.5566336512565613,128,0.5985052585601807,128,0.613775759935379,128,-0.015820831060409546,128,0.03311359882354736,128,3.0,128
noisy,1000,10,4,0.07861940935254097,128,0.004173330496996641,128,-2.8695220985722796,128,0.002457567141391337,128,-3.4377768366751065,128,0.07867025956511497,128,-0.020548223710527794,128,0.06327652558684349,128,-0.21085115160080053,128,0.5167893004457134,128,0.5855715870857239,128,0.022054389119148254,128,0.5107730031013489,128,0.5605255365371704,128,0.5738277733325958,128,0.006337404251098633,128,0.06211578845977783,128,6.0,128
noisy,1000,10,5,0.05868658050894737,128,0.00492570735514164,128,-2.4377224327471385,128,0.0024951061932370067,128,-3.179929349198852,128,0.06140873767435551,128,-0.004268551577057871,128,0.08152515813708305,128,0.31544737070275286,128,0.6819195062540928,128,0.6637933850288391,128,0.01989215612411499,128,0.6113685369491577,128,0.6559066772460938,128,0.6713111698627472,128,-0.01608961820602417,128,0.054860323667526245,128,10.0,128
noisy,1000,10,6,0.11087224632501602,128,0.030176298692822456,128,-1.3067128706552613,128,0.014951275195926428,128,-1.9837899094591283,128,0.09258303046226501,128,-0.18640291172706588,128,0.07396995276212692,128,-0.4269568723926212,128,0.6690838379282036,128,0.4370023012161255,128,0.03351336717605591,128,0.39062491059303284,128,0.4673091322183609,128,0.480952650308609,128,-0.03463350236415863,128,0.03219194710254669,128,7.0,128
noisy,1000,10,7,0.12074882164597511,128,0.030012170784175396,128,-1.3477191326211488,128,0.012690591625869274,128,-2.242069874033624,128,0.106416005641222,128,-0.06533077452725385,128,0.07765253633260727,128,-0.4288605588397318,128,0.8333080107616393,128,0.552688866853714,128,0.02479100227355957,128,0.5258329212665558,128,0.5839715301990509,128,0.5984241962432861,128,-0.04287327826023102,128,0.021675899624824524,128,8.5,128
noisy,1000,10,8,0.1923619881272316,128,0.08489567413926125,128,-0.8208539748917956,128,0.03036207426339388,128,-1.857015572734288,128,0.16097815334796906,128,-0.15350711350979562,128,0.09065743163228035,128,-0.7648303444339976,128,1.0589404490075993,128,0.4781470447778702,128,0.03671950101852417,128,0.4475240260362625,128,0.5208185017108917,128,0.5397901237010956,128,-0.04766104370355606,128,0.020576119422912598,128,15.0,128
noisy,1000,10,9,0.1322832852602005,128,0.07688850164413452,128,-0.4944412972065254,128,0.034317297860980034,128,-1.295959853832424,128,0.11313562840223312,128,-0.14125721275688463,128,0.06704424321651459,128,-0.6705764580750121,128,0.7739064984756279,128,0.535926342010498,128,0.032777756452560425,128,0.4879426956176758,128,0.5401793718338013,128,0.5567282736301422,128,-0.023236483335494995,128,0.04524514079093933,128,18.0,128
noisy,1000,10,10,0.0742633305490017,128,0.011190768331289291,128,-1.9284646711506057,128,0.006353740114718676,128,-2.4561322953616584,128,0.07596182450652122,128,-0.00026475455303742935,128,0.0637623481452465,128,-0.1370065707270786,128,0.5893928580665839,128,0.5748049318790436,128,0.021218731999397278,128,0.5038475096225739,128,0.5504128634929657,128,0.5701978504657745,128,0.004296153783798218,128,0.07016003131866455,128,6.0,128
noisy,1000,10,11,0.06851964071393013,128,0.006313132122159004,128,-2.3257086850737396,128,0.003374448511749506,128,-2.921846769546404,128,0.05615051090717316,128,-0.1701986774663234,128,0.04298391565680504,128,-0.4497638377932083,128,0.689154069090657,128,0.5551052391529083,128,0.023812875151634216,128,0.5278830528259277,128,0.5554535686969757,128,0.582685649394989,128,-0.021931931376457214,128,0.027303338050842285,128,5.5,128
noisy,1000,11,0,0.09564084187150002,128,0.00668323808349669,128,-2.628265892208118,128,0.003146458650007844,128,-3.365458475483581,128,0.09885243698954582,128,0.027797937144664532,128,0.10324259847402573,128,0.12406731588164335,128,0.7399269252977757,128,0.6889551281929016,128,0.01594260334968567,128,0.6307484209537506,128,0.6780968308448792,128,0.6903123557567596,128,0.0002695620059967041,128,0.044581979513168335,128,8.5,128
noisy,1000,11,1,0.07352804020047188,128,0.01050530793145299,128,-1.8824949619677673,128,0.003133832709863782,128,-3.128676703982431,128,0.07824048399925232,128,0.022633226087577674,128,0.054943833500146866,128,-0.244796914418395,128,1.221398451031329,128,0.6667885482311249,128,0.01798725128173828,128,0.6047976911067963,128,0.6444658935070038,128,0.6569836735725403,128,0.004286736249923706,128,0.04420065879821777,128,4.0,128
noisy,1000,11,2,0.06782039999961853,128,0.022907476872205734,128,-1.0786531071546266,128,0.010540288407355547,128,-1.8848977716440714,128,0.06012503802776337,128,-0.11008199018603249,128,0.05309667997062206,128,-0.213120311956007,128,0.8573600339973151,128,0.6025823652744293,128,0.020536035299301147,128,0.569306880235672,128,0.6034300029277802,128,0.623005211353302,128,-0.019375473260879517,128,0.04504197835922241,128,6.5,128
noisy,1000,11,3,0.09252142161130905,128,0.02110389620065689,128,-1.4694454113851312,128,0.009897741954773664,128,-2.2322438427420224,128,0.0744529701769352,128,-0.23209818117791975,128,0.0863036960363388,128,-0.1437978412110829,128,0.7329891113448979,128,0.5820633471012115,128,0.05301351845264435,128,0.5497398376464844,128,0.616309642791748,128,0.6306425631046295,128,-0.042719513177871704,128,0.02475734055042267,128,1.0,128
noisy,1000,11,4,0.09347077086567879,128,0.03870120272040367,128,-0.8716932709387706,128,0.01894694473594427,128,-1.541760349058351,128,0.08284600079059601,128,-0.11350187213840202,128,0.08032703772187233,128,-0.14560508108312378,128,0.6771840018429673,128,0.4903568923473358,128,0.029574379324913025,128,0.41650840640068054,128,0.48771750926971436,128,0.4978531748056412,128,-0.016264736652374268,128,0.06999561190605164,128,4.0,128
noisy,1000,11,5,0.10134048387408257,128,0.01583173591643572,128,-1.799043106180617,128,0.01067039044573903,128,-2.28859863843174,128,0.08444031700491905,128,-0.20542049908673782,128,0.0768611915409565,128,-0.3004887840915335,128,0.48140553359027727,128,0.5076167285442352,128,0.02476947009563446,128,0.4605552852153778,128,0.5019544661045074,128,0.5159482955932617,128,-0.013363808393478394,128,0.029987245798110962,128,4.0,128
noisy,1000,11,6,0.05293668992817402,128,0.008077431004494429,128,-1.8625297987693807,128,0.003039931645616889,128,-2.829484706400865,128,0.0549770463258028,128,0.035321706882970164,128,0.10688173025846481,128,0.7409767872763741,128,0.9491393481317631,128,0.618490993976593,128,0.020032882690429688,128,0.5366608500480652,128,0.5968382358551025,128,0.6126107573509216,128,0.0030393004417419434,128,0.06291553378105164,128,5.0,128
noisy,1000,11,7,0.08629974350333214,128,0.0065226752776652575,128,-2.5273931650699133,128,0.0035170086193829775,128,-3.126952974198578,128,0.08815714344382286,128,0.005011358914621523,128,0.0635080561041832,128,-0.2663844766221476,128,0.6183587793938778,128,0.6580880880355835,128,0.019734710454940796,128,0.5891173779964447,128,0.6455679833889008,128,0.6535540223121643,128,-0.008164256811141968,128,0.05318877100944519,128,10.0,128
noisy,1000,11,8,0.14855211973190308,128,0.018550132401287556,128,-2.080886705075117,128,0.010759162716567516,128,-2.642682821227572,128,0.1274568811058998,128,-0.1265028214850633,128,0.10281990468502045,128,-0.3945187940524799,128,0.5492795607319634,128,0.497921884059906,128,0.03413785994052887,128,0.46690812706947327,128,0.5325518548488617,128,0.5452723205089569,128,-0.03878284990787506,128,0.038296014070510864,128,2.0,128
noisy,1000,11,9,0.19194912910461426,128,0.03032488003373146,128,-1.7704927963736974,128,0.01657919120043516,128,-2.396294253506368,128,0.19036684185266495,128,-0.02364311173834666,128,0.26037317514419556,128,0.2686282408393552,128,0.5734177078861131,128,0.2329171895980835,128,0.029031962156295776,128,0.22289223968982697,128,0.2584552615880966,128,0.26764973998069763,128,-0.0440686009824276,128,-0.004383616149425507,128,5.0,128
noisy,1000,11,10,0.12266041710972786,128,0.03106002788990736,128,-1.312253417391117,128,0.015187382232397795,128,-1.997848875684567,128,0.11569054424762726,128,-0.01235807607738205,128,0.10672345012426376,128,-0.1111731794294408,128,0.7348544959429681,128,0.540583997964859,128,0.01989075541496277,128,0.4796895235776901,128,0.5362363457679749,128,0.5438391864299774,128,-0.0030545443296432495,128,0.05658639967441559,128,9.0,128
noisy,1000,11,11,0.10404283925890923,128,0.009326412808150053,128,-2.384381529838967,128,0.004789057420566678,128,-3.034733239855969,128,0.10905171930789948,128,0.005425193361358075,128,0.19100243598222733,128,0.6225885830613646,128,0.6702099761543187,128,0.6826542615890503,128,0.01696661114692688,128,0.6312057971954346,128,0.6710412204265594,128,0.6880706548690796,128,-0.011243999004364014,128,0.046857744455337524,128,10.0,128
noisy,1000,12,0,0.0750388465821743,128,0.022325302474200726,128,-1.0987471765724428,128,0.010037268046289682,128,-1.951646249369798,128,0.06473195552825928,128,-0.11051387023753752,128,0.05060178227722645,128,-0.24685088206794745,128,0.8368376582348792,128,0.6686497628688812,128,0.02474913001060486,128,0.5940293371677399,128,0.6426625549793243,128,0.6573724150657654,128,0.014942675828933716,128,0.06321653723716736,128,3.0,128
noisy,1000,12,1,0.04934057965874672,128,0.005540541838854551,128,-2.1256947796217913,128,0.0022637691581621766,128,-3.011387607293715,128,0.04716036655008793,128,-0.04817129499066556,128,0.10466256737709045,128,0.7840655806313008,128,0.8621293889379424,128,0.5899805724620819,128,0.02481675148010254,128,0.5381301045417786,128,0.562964916229248,128,0.5793853402137756,128,0.012552738189697266,128,0.07900610566139221,128,8.0,128
noisy,1000,12,2,0.0829373151063919,128,0.040663786232471466,128,-0.6976051147298827,128,0.022719955071806908,128,-1.2985922766348188,128,0.07830419391393661,128,-0.0781463553444707,128,0.026881380006670952,128,-1.140036847838754,128,0.5736106936949494,128,0.01748041622340679,128,0.0146237313747406,128,0.018510074354708195,128,0.04359954409301281,128,0.05562384985387325,128,-0.027508459985256195,128,0.0035091135650873184,128,11.0,128
noisy,1000,12,3,0.18342482298612595,128,0.05582253076136112,128,-1.22863273626222,128,0.03378140181303024,128,-1.6772543958325357,128,0.1535496935248375,128,-0.1722625600792677,128,0.14121536910533905,128,-0.26658577052358434,128,0.46902960836900975,128,0.38451457023620605,128,0.037170492112636566,128,0.3621089905500412,128,0.42038594186306,128,0.4292835146188736,128,-0.04353025555610657,128,0.024468809366226196,128,6.0,128
noisy,1000,12,4,0.09400584548711777,128,0.011660546064376831,128,-1.9785576102846325,128,0.0044619080144912004,128,-2.998784313205565,128,0.08729618042707443,128,-0.044768502473220846,128,0.10999087989330292,128,0.22409285589827244,128,0.9770525758099604,128,0.545747309923172,128,0.020718693733215332,128,0.46360406279563904,128,0.5355564951896667,128,0.5429312288761139,128,-0.009558886289596558,128,0.07683607935905457,128,7.0,128
noisy,1000,12,5,0.127066507935524,128,0.011857766192406416,128,-2.314247358630426,128,0.00539345433935523,128,-3.115000256823712,128,0.12571459263563156,128,0.028251200264439374,128,0.08061573654413223,128,-0.40180566877558177,128,0.8046121213682427,128,0.5950586199760437,128,0.024587571620941162,128,0.5382241606712341,128,0.586151123046875,128,0.5975485444068909,128,-0.004842415452003479,128,0.04820600152015686,128,14.5,128
noisy,1000,12,6,0.05023854784667492,128,0.006240650080144405,128,-1.9652354439638215,128,0.0033046650933101773,128,-2.570703890214696,128,0.03567984327673912,128,-0.32685070347649336,128,0.04690498672425747,128,-0.08532697219142518,128,0.5735655808095129,128,0.6253990530967712,128,0.024037688970565796,128,0.5859588384628296,128,0.6387351453304291,128,0.6458272933959961,128,-0.016109615564346313,128,0.037095338106155396,128,2.0,128
noisy,1000,12,7,0.03951659053564072,128,0.00760836829431355,128,-1.6172600622409206,128,0.006148373242467642,128,-1.8443336207074204,128,0.02987120859324932,128,-0.3430407315436885,128,0.03134582005441189,128,-0.26910737955035224,128,0.21589594313397767,128,0.5117709040641785,128,0.030556723475456238,128,0.46596600115299225,128,0.5050846338272095,128,0.5172862708568573,128,-0.011634990572929382,128,0.03821800649166107,128,1.0,128
noisy,1000,12,8,0.07135855406522751,128,0.013148472644388676,128,-1.657319339215848,128,0.010657764039933681,128,-1.9402649919917514,128,0.0599500797688961,128,-0.22261066949488706,128,0.02439642883837223,128,-1.249574292274731,128,0.292993065579382,128,0.23952975869178772,128,0.02045704424381256,128,0.2263694480061531,128,0.26682648062705994,128,0.27059367299079895,128,-0.03285990655422211,128,0.010777950286865234,128,5.0,128
noisy,1000,12,9,0.10011857002973557,128,0.010771382134407759,128,-2.2089861171127643,128,0.004664861364290118,128,-3.09706949551226,128,0.08523325994610786,128,-0.19599665265912106,128,0.04823715798556805,128,-0.7310122770964931,128,0.8571326177055892,128,0.5168631672859192,128,0.016271203756332397,128,0.47384263575077057,128,0.520021915435791,128,0.531480610370636,128,-0.009196832776069641,128,0.06003774702548981,128,5.0,128
noisy,1000,12,10,0.1324440911412239,128,0.06853227317333221,128,-0.7220427286860525,128,0.03633505664765835,128,-1.3128028540160173,128,0.11584805324673653,128,-0.17064605058477272,128,0.06999296694993973,128,-0.6510665469432837,128,0.6133196952839106,128,0.5537300407886505,128,0.03284993767738342,128,0.5232312083244324,128,0.5597333610057831,128,0.5731503069400787,128,-0.023848414421081543,128,0.028299063444137573,128,11.0,128
noisy,1000,12,11,0.05857386812567711,128,0.017945253290235996,128,-1.1911983869698322,128,0.010609196964651346,128,-1.7294093408205342,128,0.04545072838664055,128,-0.20816023621392182,128,0.0308171221986413,128,-0.7233883421111232,128,0.5817312450883498,128,0.592217206954956,128,0.03346896171569824,128,0.5210266709327698,128,0.5768451988697052,128,0.5902159214019775,128,0.010397613048553467,128,0.07018175721168518,128,1.0,128
noisy,1000,13,0,0.06051579676568508,128,0.010823631659150124,128,-1.7312821931819073,128,0.004983453778550029,128,-2.5347242124745204,128,0.06447331607341766,128,0.005647597845961394,128,0.04590744711458683,128,-0.2654818117444446,128,0.6582509706356601,128,0.4532061368227005,128,0.029454216361045837,128,0.39235539734363556,128,0.4488376975059509,128,0.4687276929616928,128,-0.013055697083473206,128,0.05109928548336029,128,4.0,128
noisy,1000,13,1,0.07719115540385246,128,0.014835588168352842,128,-1.6323236911392616,128,0.005448980024084449,128,-2.6887711736861486,128,0.07320461422204971,128,-0.06058508549423428,128,0.07093071565032005,128,-0.05554707342037844,128,1.026208579717808,128,0.5838324725627899,128,0.02258700132369995,128,0.4993396997451782,128,0.5538788139820099,128,0.5633808374404907,128,0.02012309432029724,128,0.0764680951833725,128,5.0,128
noisy,1000,13,2,0.06416226550936699,128,0.010915870312601328,128,-1.7597299424379276,128,0.004685901803895831,128,-2.608496778963943,128,0.055808890610933304,128,-0.14116251595914686,128,0.12284301221370697,128,0.6405595762011473,128,0.8559979130213037,128,0.5686895549297333,128,0.02140585333108902,128,0.4891548305749893,128,0.540199875831604,128,0.5518426299095154,128,0.0044324398040771484,128,0.06160888075828552,128,7.0,128
noisy,1000,13,3,0.11373768001794815,128,0.00900570722296834,128,-2.562663356477665,128,0.0024341895477846265,128,-3.779667630283649,128,0.09651863947510719,128,-0.1637814748197494,128,0.0826500728726387,128,-0.31161857553826433,128,1.1606195974784281,128,0.4349275231361389,128,0.03143838047981262,128,0.3822977542877197,128,0.4337666183710098,128,0.4551992118358612,128,-0.016777917742729187,128,0.05280265212059021,128,7.0,128
noisy,1000,13,4,0.09725683182477951,128,0.009406826458871365,128,-2.324638472637792,128,0.0022052940912544727,128,-3.685824162399748,128,0.08600586280226707,128,-0.0907244973363969,128,0.07385500520467758,128,-0.19887386419180564,128,1.3205852600162653,128,0.6081096827983856,128,0.021679341793060303,128,0.5304052531719208,128,0.5759649872779846,128,0.5936789214611053,128,0.020330995321273804,128,0.0679200291633606,128,5.5,128
noisy,1000,13,5,0.07482532784342766,128,0.004156147129833698,128,-2.8703155616780958,128,0.001778248231858015,128,-3.714496670212322,128,0.08053328841924667,128,0.003218223697343649,128,0.07402295246720314,128,0.03305571805593682,128,0.8387261592773099,128,0.7188763618469238,128,0.01824784278869629,128,0.6379737854003906,128,0.6805197298526764,128,0.6917195916175842,128,0.0332355797290802,128,0.09263813495635986,128,6.0,128
noisy,1000,13,6,0.09853458032011986,128,0.008483510930091143,128,-2.3694977569200146,128,0.0023544621653854847,128,-3.715848668542484,128,0.08761400356888771,128,-0.1098077872364672,128,0.06725897267460823,128,-0.3316606204010127,128,1.17828275705254,128,0.6185199916362762,128,0.01949635148048401,128,0.5334709584712982,128,0.5671268701553345,128,0.5935746729373932,128,0.03503698110580444,128,0.09539440274238586,128,8.0,128
noisy,1000,13,7,0.06463488563895226,128,0.005091746104881167,128,-2.56304175289112,128,0.002000516979023814,128,-3.41141284531866,128,0.05881866067647934,128,-0.08760959768171218,128,0.06507092341780663,128,0.022357911196264298,128,0.8605804279740904,128,0.6717557013034821,128,0.0203096866607666,128,0.5860059857368469,128,0.6320317387580872,128,0.6460558474063873,128,0.02381730079650879,128,0.0810716450214386,128,7.0,128
noisy,1000,13,8,0.08296697959303856,128,0.008968334179371595,128,-2.1624483872391496,128,0.005474966485053301,128,-2.7614979227405536,128,0.06356118991971016,128,-0.2556316228174041,128,0.042377036064863205,128,-0.6512428303659052,128,0.5074488341264178,128,0.5584545433521271,128,0.027396291494369507,128,0.48167280852794647,128,0.5137393772602081,128,0.5347376465797424,128,0.025092318654060364,128,0.08348199725151062,128,3.0,128
noisy,1000,13,9,0.0684453547000885,128,0.007227765629068017,128,-2.146467781888111,128,0.004036836558952928,128,-2.7220342010678316,128,0.06863408535718918,128,-0.07901241658904445,128,0.06318887695670128,128,-0.07937222007744474,128,0.5714976032996242,128,0.648472785949707,128,0.02109527587890625,128,0.568111389875412,128,0.6128348112106323,128,0.6265485286712646,128,0.018699556589126587,128,0.06925705075263977,128,3.0,128
noisy,1000,13,10,0.06724797189235687,128,0.003523415303789079,128,-2.903127966183747,128,0.0014905814896337688,128,-3.725272094272537,128,0.06263886205852032,128,-0.04616880852008454,128,0.09378745406866074,128,0.32840876753525794,128,0.8291876413895322,128,0.6757039129734039,128,0.021372050046920776,128,0.584922730922699,128,0.6321526169776917,128,0.6442314088344574,128,0.029036402702331543,128,0.08872854709625244,128,7.0,128
noisy,1000,13,11,0.08491837233304977,128,0.03179079480469227,128,-0.9654047863275264,128,0.01072807889431715,128,-2.0232823266019357,128,0.07076795771718025,128,-0.15513156859645846,128,0.03444970026612282,128,-0.8658823245147421,128,1.0551060520576057,128,0.566545695066452,128,0.030136510729789734,128,0.5073511600494385,128,0.5716623365879059,128,0.5796664953231812,128,-0.014945268630981445,128,0.03635890781879425,128,4.0,128
noisy,1000,14,0,0.11274272575974464,128,0.023884198628365993,128,-1.6016600948683202,128,0.007883040700107813,128,-2.6012727669826017,128,0.09989811852574348,128,-0.19398351969635122,128,0.12639398872852325,128,0.08234005971359412,128,1.0035818007982094,128,0.5030212700366974,128,0.037014588713645935,128,0.466637060046196,128,0.5107030272483826,128,0.5278837084770203,128,-0.02280883491039276,128,0.04279288649559021,128,1.0,128
noisy,1000,14,1,0.05105994828045368,128,0.003981573507189751,128,-2.491491934556712,128,0.00163973931921646,128,-3.374370102729481,128,0.04898362420499325,128,-0.03323849061060663,128,0.10396413505077362,128,0.6979087445016836,128,0.8686219457042074,128,0.6023063659667969,128,0.020395278930664062,128,0.5119143128395081,128,0.5543336570262909,128,0.5700573623180389,128,0.034680843353271484,128,0.0713457465171814,128,7.0,128
noisy,1000,14,2,0.11606892570853233,128,0.008292549755424261,128,-2.6579524614270786,128,0.0029930719174444675,128,-3.6516507028606133,128,0.10990618914365768,128,-0.030453728105710363,128,0.10484296455979347,128,-0.0528121242179148,128,0.8872963854018794,128,0.4986056685447693,128,0.02686391770839691,128,0.4132602661848068,128,0.47454801201820374,128,0.48392800986766815,128,0.026994436979293823,128,0.09567050635814667,128,9.0,128
noisy,1000,14,3,0.061139749363064766,128,0.011437340173870325,128,-1.5939416319255921,128,0.006624411093071103,128,-2.171165341838899,128,0.048758190125226974,128,-0.23331013216394014,128,0.03545431233942509,128,-0.5816468402719721,128,0.5024997153411686,128,0.6058240234851837,128,0.025203168392181396,128,0.5681414306163788,128,0.5982327163219452,128,0.61151123046875,128,-0.005374997854232788,128,0.03972029685974121,128,4.0,128
noisy,1000,14,4,0.1639667972922325,128,0.032773006707429886,128,-1.5128336723304512,128,0.013259608764201403,128,-2.427938311656627,128,0.17039474844932556,128,-0.07604524682916491,128,0.23103775829076767,128,0.3278631650140673,128,0.8665216000825633,128,0.1323692947626114,128,0.03184238448739052,128,0.12416226789355278,128,0.1668166071176529,128,0.17735407501459122,128,-0.05921838618814945,128,0.009429259225726128,128,11.0,128
noisy,1000,14,5,0.14536117017269135,128,0.03138422779738903,128,-1.4652865812665774,128,0.024832497350871563,128,-1.7641918256981253,128,0.10693848133087158,128,-0.3417969161146158,128,0.044073279947042465,128,-1.211500486451527,128,0.30776438629403013,128,0.5224320292472839,128,0.04625988006591797,128,0.5056687593460083,128,0.5451961755752563,128,0.5698557794094086,128,-0.032882481813430786,128,0.03183640539646149,128,4.0,128
noisy,1000,14,6,0.12947174906730652,128,0.013297750148922205,128,-2.275215214655992,128,0.006605376955121756,128,-2.941578852133829,128,0.11070160195231438,128,-0.14921043839138004,128,0.08696272596716881,128,-0.3799704218518971,128,0.6397993149415195,128,0.5555979609489441,128,0.027277052402496338,128,0.5121208131313324,128,0.5737370550632477,128,0.5830285549163818,128,-0.02363729476928711,128,0.04940274357795715,128,4.0,128
noisy,1000,14,7,0.0840584896504879,128,0.006970386020839214,128,-2.456754177420237,128,0.003835390671156347,128,-3.113433008261815,128,0.07235518097877502,128,-0.17204790071327292,128,0.09032878279685974,128,0.10636693780069827,128,0.7058311652460387,128,0.524778425693512,128,0.030198127031326294,128,0.4668673276901245,128,0.5243531167507172,128,0.5427670180797577,128,-0.019975095987319946,128,0.06481291353702545,128,8.0,128
noisy,1000,14,8,0.08136922121047974,128,0.018598239868879318,128,-1.4859955717472197,128,0.014197537209838629,128,-1.7354466247913958,128,0.06432629376649857,128,-0.25273565196071457,128,0.045242633670568466,128,-0.647719289140768,128,0.27266010415428255,128,0.6205730736255646,128,0.03048005700111389,128,0.5843961536884308,128,0.6160094738006592,128,0.6341004073619843,128,-0.016696840524673462,128,0.03193259239196777,128,4.0,128
noisy,1000,14,9,0.10974534973502159,128,0.013854087330400944,128,-2.0330061479535555,128,0.008684293366968632,128,-2.5312477863753724,128,0.09611916914582253,128,-0.1310829741566329,128,0.08308452367782593,128,-0.25353712386873506,128,0.4746108437298551,128,0.5216827988624573,128,0.0389137864112854,128,0.46229763329029083,128,0.5486668646335602,128,0.566664308309555,128,-0.04283487796783447,128,0.05186815559864044,128,7.0,128
noisy,1000,14,10,0.09016979485750198,128,0.013536164071410894,128,-1.8810940155778761,128,0.011585467495024204,128,-2.0849012842233403,128,0.0741734579205513,128,-0.19974150399811236,128,0.046458056196570396,128,-0.6132584324743469,128,0.30369238200791,128,0.47134461998939514,128,0.0273541659116745,128,0.4031653255224228,128,0.4525146782398224,128,0.4732778072357178,128,-0.009330451488494873,128,0.06654910743236542,128,10.0,128
noisy,1000,14,11,0.08127858117222786,128,0.008365859277546406,128,-2.2239867154823756,128,0.002235997118987143,128,-3.590574730100999,128,0.08254608511924744,128,0.000729799213763691,128,0.07000558450818062,128,-0.09740777166824396,128,1.148226895685613,128,0.6319487690925598,128,0.022616475820541382,128,0.5175241529941559,128,0.5590125024318695,128,0.5758419334888458,128,0.048360586166381836,128,0.10437288880348206,128,5.0,128
noisy,1000,15,0,0.113381776958704,128,0.007906429935246706,128,-2.654354716823673,128,0.0025967370020225644,128,-3.7050486916122054,128,0.09811507537961006,128,-0.1395557448461609,128,0.09987887740135193,128,-0.09304577789692707,128,1.0681915818135292,128,0.5565615594387054,128,0.02687801420688629,128,0.4443907290697098,128,0.5365708470344543,128,0.5548525154590607,128,-0.00144156813621521,128,0.11166343092918396,128,6.5,128
noisy,1000,15,1,0.07482962682843208,128,0.005490320967510343,128,-2.637581367686687,128,0.0020204405300319195,128,-3.5827891718744276,128,0.09007812291383743,128,0.0952901133249463,128,0.07357507571578026,128,-0.027057686653156585,128,0.963973653813736,128,0.6184348464012146,128,0.019307047128677368,128,0.47381699085235596,128,0.5316855907440186,128,0.5472663640975952,128,0.056450337171554565,128,0.11689028143882751,128,7.0,128
noisy,1000,15,2,0.07595928758382797,128,0.0060019963420927525,128,-2.5156004245284946,128,0.0028844395419582725,128,-3.2344145303783236,128,0.07277197763323784,128,-0.04863215040892498,128,0.08840678632259369,128,0.19779883024845638,128,0.6837405271543424,128,0.6689782440662384,128,0.020994633436203003,128,0.5498130917549133,128,0.5956782698631287,128,0.6106407046318054,128,0.05631387233734131,128,0.10906393826007843,128,6.0,128
noisy,1000,15,3,0.10449843853712082,128,0.014883406925946474,128,-1.942716775068174,128,0.005919046001508832,128,-2.8381118536236123,128,0.0975772775709629,128,-0.06915344645019435,128,0.15486767888069153,128,0.4249586057058985,128,0.8835588472390451,128,0.5030525326728821,128,0.02012823522090912,128,0.4159289598464966,128,0.4805260896682739,128,0.49617670476436615,128,0.011199027299880981,128,0.07989060878753662,128,9.0,128
noisy,1000,15,4,0.10759526118636131,128,0.005500507075339556,128,-3.04731394138404,128,0.002259318600408733,128,-3.8327505556498744,128,0.1196964681148529,128,0.03473078064137754,128,0.07581988722085953,128,-0.32211640637966976,128,0.8239419487708297,128,0.4840783625841141,128,0.02035321295261383,128,0.38660912215709686,128,0.4317937642335892,128,0.4464998096227646,128,0.038761675357818604,128,0.1022380143404007,128,7.0,128
noisy,1000,15,5,0.09993664920330048,128,0.007554986281320453,128,-2.550034315656555,128,0.0020948434248566628,128,-3.8212883124480075,128,0.08807525038719177,128,-0.09923921392111054,128,0.0747220441699028,128,-0.2825523047010376,128,1.278197482897785,128,0.6130504906177521,128,0.025700867176055908,128,0.5019301772117615,128,0.5571155250072479,128,0.5733676254749298,128,0.03592073917388916,128,0.1019538938999176,128,4.0,128
noisy,1000,15,6,0.11944952234625816,128,0.00928161246702075,128,-2.5261928443512227,128,0.0025706796441227198,128,-3.7729408231041908,128,0.11661814525723457,128,-0.022972033016725475,128,0.08914224803447723,128,-0.2653667752754607,128,1.2568657729587,128,0.5532142221927643,128,0.03304380178451538,128,0.415714293718338,128,0.5336266756057739,128,0.5527363717556,128,-0.003067329525947571,128,0.11102485656738281,128,8.0,128
noisy,1000,15,7,0.059083351865410805,128,0.005191911943256855,128,-2.433786237833763,128,0.002758484333753586,128,-3.062906953810945,128,0.06215592846274376,128,0.04157493855934169,128,0.1328740045428276,128,0.8638162060331267,128,0.6062917374227785,128,0.5351750254631042,128,0.02168804407119751,128,0.36863304674625397,128,0.42923399806022644,128,0.45236100256443024,128,0.08317592740058899,128,0.1561243087053299,128,5.0,128
noisy,1000,15,8,0.17288697510957718,128,0.029522253200411797,128,-1.8166537947306458,128,0.02265820186585188,128,-2.033971667946326,128,0.12506763637065887,128,-0.22367444149670296,128,0.09018053114414215,128,-0.592968433089547,128,0.25178516287287994,128,0.42090417444705963,128,0.03414522111415863,128,0.3996425271034241,128,0.4405776560306549,128,0.45282870531082153,128,-0.0437350869178772,128,0.016675680875778198,128,12.5,128
noisy,1000,15,9,0.1384306624531746,128,0.018934965133666992,128,-1.955548501918929,128,0.006818380672484636,128,-3.027898351759318,128,0.15658064186573029,128,0.11051367805316953,128,0.10020644962787628,128,-0.29030809046811057,128,0.9601173710508981,128,0.576568067073822,128,0.026970118284225464,128,0.48722127079963684,128,0.5417397916316986,128,0.5623960494995117,128,0.016196608543395996,128,0.08516201376914978,128,8.5,128
noisy,1000,15,10,0.12162808701395988,128,0.012765721417963505,128,-2.222065074429395,128,0.004986881511285901,128,-3.161050834304067,128,0.10492710396647453,128,-0.12640945016377675,128,0.06779063120484352,128,-0.5834928939508812,128,0.9229911577048857,128,0.46675828099250793,128,0.02740950882434845,128,0.3831755220890045,128,0.4273027181625366,128,0.45267878472805023,128,0.012400612235069275,128,0.062210813164711,128,4.5,128
noisy,1000,15,11,0.13084479421377182,128,0.019646587781608105,128,-1.8998858170954165,128,0.006856155814602971,128,-2.917114351351924,128,0.094021026045084,128,-0.34237338088963387,128,0.05812324956059456,128,-0.8063049604028036,128,1.0492216171455184,128,0.505750983953476,128,0.026350587606430054,128,0.43648093938827515,128,0.48207078874111176,128,0.5095780789852142,128,0.005721583962440491,128,0.07580967247486115,128,3.0,128
noisy,1000,16,0,0.05559509061276913,128,0.006164523074403405,128,-2.149776843191992,128,0.002480425755493343,128,-3.0539168251221667,128,0.04919586516916752,128,-0.13462688141832482,128,0.05186091735959053,128,-0.10540579359763436,128,0.8899977953151197,128,0.6214655041694641,128,0.01684415340423584,128,0.558393120765686,128,0.5912961363792419,128,0.6069255173206329,128,0.007044196128845215,128,0.06799757480621338,128,6.5,128
noisy,1000,16,1,0.0905483029782772,128,0.0068172982428222895,128,-2.5200711687375366,128,0.002468727994710207,128,-3.5298884760508535,128,0.09648279473185539,128,0.02790404827852855,128,0.08454900979995728,128,-0.043799863317882284,128,1.0195202231500828,128,0.5773006677627563,128,0.024698421359062195,128,0.4793359339237213,128,0.5238238573074341,128,0.5408615171909332,128,0.031013071537017822,128,0.08823969960212708,128,9.0,128
noisy,1000,16,2,0.0637281946837902,128,0.02135633211582899,128,-1.1191845590497635,128,0.011278249323368073,128,-1.7414063901342343,128,0.05181096866726875,128,-0.267171030875927,128,0.02884653490036726,128,-0.8790134048509675,128,0.6472063158660957,128,0.5767606198787689,128,0.02777191996574402,128,0.5435446500778198,128,0.5685054957866669,128,0.5820527672767639,128,-0.0005735456943511963,128,0.04523511230945587,128,3.0,128
noisy,1000,16,3,0.11469332501292229,128,0.014392135199159384,128,-2.0617977444540427,128,0.004355401266366243,128,-3.236350572417965,128,0.10462560132145882,128,-0.07163284246206592,128,0.10276620462536812,128,-0.06444625061902802,128,1.1544784151131804,128,0.4456155598163605,128,0.027579158544540405,128,0.33201755583286285,128,0.39931195974349976,128,0.4236239343881607,128,0.013391181826591492,128,0.1063244640827179,128,11.0,128
noisy,1000,16,4,0.12029428407549858,128,0.01502609672024846,128,-2.022093665466747,128,0.006570606026798487,128,-2.874428800570537,128,0.09385030716657639,128,-0.23705733054291173,128,0.07615697756409645,128,-0.45489888683621704,128,0.7902600113809024,128,0.6510947942733765,128,0.02188590168952942,128,0.5855709612369537,128,0.6298946440219879,128,0.6430129110813141,128,0.0020137429237365723,128,0.05678179860115051,128,4.0,128
noisy,1000,16,5,0.07333545759320259,128,0.020216509699821472,128,-1.3572807089088665,128,0.0065313715022057295,128,-2.4357677845996806,128,0.06150275282561779,128,-0.19385752144003254,128,0.05388456955552101,128,-0.35992557263894287,128,1.0676972947610663,128,0.5952282845973969,128,0.02999541163444519,128,0.5447492599487305,128,0.580732524394989,128,0.5957158505916595,128,0.0060894787311553955,128,0.06071794033050537,128,3.0,128
noisy,1000,16,6,0.09966366738080978,128,0.03186868876218796,128,-1.0844455929564227,128,0.015793371945619583,128,-1.825600587701866,128,0.078750379383564,128,-0.19209089636663101,128,0.03403818979859352,128,-1.0824499777241632,128,0.7390465558887118,128,0.396936371922493,128,0.03481754660606384,128,0.37392690777778625,128,0.4082285463809967,128,0.42664872109889984,128,-0.02606743574142456,128,0.03168535232543945,128,17.0,128
noisy,1000,16,7,0.11421240493655205,128,0.010833635460585356,128,-2.358284534905712,128,0.002431801985949278,128,-3.827754033085357,128,0.10217636823654175,128,-0.10739332704414271,128,0.08615931868553162,128,-0.24109787294683643,128,1.3585867839555887,128,0.6106895804405212,128,0.021590709686279297,128,0.4942552447319031,128,0.543614000082016,128,0.5617014765739441,128,0.0540434867143631,128,0.10568594932556152,128,7.5,128
noisy,1000,16,8,0.12474731728434563,128,0.012098291888833046,128,-2.292678208331176,128,0.007098102476447821,128,-2.918965758154105,128,0.08794372156262398,128,-0.2855885554951522,128,0.06804882362484932,128,-0.4859677710305404,128,0.6058209155510648,128,0.5503237247467041,128,0.0306205153465271,128,0.4683212339878082,128,0.5370843708515167,128,0.554596334695816,128,0.002782076597213745,128,0.0670585036277771,128,2.0,128
noisy,1000,16,9,0.058312343433499336,128,0.019868667237460613,128,-1.1240075999633725,128,0.009315915405750275,128,-1.8380786776741207,128,0.0494754109531641,128,-0.23286205699914397,128,0.03055350761860609,128,-0.7512656889374435,128,0.6828229855352599,128,0.5062249600887299,128,0.027173101902008057,128,0.4535559117794037,128,0.5022937953472137,128,0.5151270031929016,128,-0.015653014183044434,128,0.046863168478012085,128,11.0,128
noisy,1000,16,10,0.10741530358791351,128,0.006762646371498704,128,-2.779258067526107,128,0.002428884501568973,128,-3.706136800433098,128,0.10193019732832909,128,-0.05609532425377231,128,0.13325075060129166,128,0.26673784596737515,128,0.905503449975257,128,0.5902964770793915,128,0.02487383782863617,128,0.47883836925029755,128,0.5260777473449707,128,0.5447403490543365,128,0.037618666887283325,128,0.12425419688224792,128,7.0,128
noisy,1000,16,11,0.15481924265623093,128,0.00900522992014885,128,-2.838989460119701,128,0.00401942478492856,128,-3.5978775412571746,128,0.15700062364339828,128,-0.0023828191367777562,128,0.17397785931825638,128,0.11455250873272907,128,0.7229708494108853,128,0.4857448637485504,128,0.02350054681301117,128,0.42748868465423584,128,0.47136934101581573,128,0.49215471744537354,128,-0.011255919933319092,128,0.052186086773872375,128,9.0,128
noisy,1000,17,0,0.17664357274770737,128,0.012250939849764109,128,-2.6497909468029692,128,0.004031454212963581,128,-3.8256263052645982,128,0.1595238298177719,128,-0.09003176542058719,128,0.16675524413585663,128,-0.09724680045210576,128,1.066661315960566,128,0.6747008562088013,128,0.020230770111083984,128,0.5708766877651215,128,0.6154423356056213,128,0.6268197596073151,128,0.04090684652328491,128,0.09324225783348083,128,3.0,128
noisy,1000,17,1,0.1300542801618576,128,0.04593402333557606,128,-1.0887968617345682,128,0.0234016552567482,128,-1.7317030903563255,128,0.10951868444681168,128,-0.166213454881878,128,0.03323534317314625,128,-1.327723964992819,128,0.6466413926765715,128,0.7281670868396759,128,0.023903608322143555,128,0.6998733580112457,128,0.7147389948368073,128,0.7207646667957306,128,0.007033407688140869,128,0.04027986526489258,128,6.0,128
noisy,1000,17,2,0.2261061817407608,128,0.014538303948938847,128,-2.6925071717694236,128,0.008483926299959421,128,-3.333986714341364,128,0.14722613990306854,128,-0.3953798787716875,128,0.21247929334640503,128,-0.11056805462077503,128,0.5797948892607179,128,0.5493288338184357,128,0.028489455580711365,128,0.5281817317008972,128,0.5877455472946167,128,0.5919584035873413,128,-0.0427970290184021,128,0.018828243017196655,128,5.0,128
noisy,1000,17,3,0.06192503310739994,128,0.008112892974168062,128,-2.013714816209955,128,0.004897284088656306,128,-2.500435872773765,128,0.04577603377401829,128,-0.3262621493013661,128,0.014606426004320383,128,-1.375284788552639,128,0.46453057157277555,128,0.5203797221183777,128,0.018649369478225708,128,0.5129231512546539,128,0.5554134249687195,128,0.5594394505023956,128,-0.029568344354629517,128,0.015426486730575562,128,6.0,128
noisy,1000,17,4,0.13080867379903793,128,0.03752089478075504,128,-1.2774842250034728,128,0.015661099459975958,128,-2.1246702439116154,128,0.11591608077287674,128,-0.09844914231796761,128,0.028492280282080173,128,-1.5329465730420258,128,0.845479086002483,128,0.6765420138835907,128,0.018668442964553833,128,0.6399543881416321,128,0.6536021530628204,128,0.6672951281070709,128,0.00391349196434021,128,0.03578057885169983,128,7.5,128
noisy,1000,17,5,0.07948489487171173,128,0.020962504670023918,128,-1.415256593521314,128,0.007943537551909685,128,-2.271830441244364,128,0.06254111230373383,128,-0.24769933329651236,128,0.019207133911550045,128,-1.4551792768924958,128,0.8573969738740752,128,0.6475067734718323,128,0.018841654062271118,128,0.6323916912078857,128,0.6634422838687897,128,0.6729552745819092,128,-0.025342047214508057,128,0.01100972294807434,128,12.0,128
noisy,1000,17,6,0.15856590121984482,128,0.006187046179547906,128,-3.2761086933017936,128,0.0030474988743662834,128,-3.944118999122036,128,0.14459549635648727,128,-0.11433131149088502,128,0.10899313911795616,128,-0.38198148737455173,128,0.6417098417435758,128,0.5689747333526611,128,0.036549195647239685,128,0.4842084050178528,128,0.5228251516819,128,0.5366251766681671,128,0.04284954071044922,128,0.1100941151380539,128,5.0,128
noisy,1000,17,7,0.0937722809612751,128,0.013532497454434633,128,-1.9055366221354717,128,0.00578108849003911,128,-2.6624101399503615,128,0.075571458786726,128,-0.22160072681651405,128,0.017826142720878124,128,-1.5765985051875062,128,0.6447063892823957,128,0.6092488169670105,128,0.019101053476333618,128,0.5672880411148071,128,0.598566859960556,128,0.615029513835907,128,-0.018887817859649658,128,0.021999120712280273,128,4.0,128
noisy,1000,17,8,0.04319252446293831,128,0.008244621567428112,128,-1.683722465740868,128,0.0037461811443790793,128,-2.348379732775201,128,0.030121080577373505,128,-0.33826178263730905,128,0.012049420271068811,128,-1.2063708772815664,128,0.5914244120724909,128,0.6503105461597443,128,0.03229588270187378,128,0.616600513458252,128,0.6769656836986542,128,0.6838180124759674,128,-0.03608733415603638,128,0.011668100953102112,128,1.0,128
noisy,1000,17,9,0.06604970619082451,128,0.02565732505172491,128,-0.8870433261197048,128,0.013865607790648937,128,-1.5167565317184286,128,0.06027994304895401,128,-0.08026087716271475,128,0.07792099565267563,128,0.2477408230975599,128,0.6645272353775769,128,0.6211871802806854,128,0.021258056163787842,128,0.5133664608001709,128,0.5647369623184204,128,0.581379771232605,128,0.04896774888038635,128,0.11007532477378845,128,5.0,128
noisy,1000,17,10,0.06119923293590546,128,0.00802235072478652,128,-1.9423340148842962,128,0.0043546350207179785,128,-2.64902795464531,128,0.05133712664246559,128,-0.22774629525173173,128,0.020503072068095207,128,-1.1297902988994726,128,0.6397752389927023,128,0.6353058218955994,128,0.022988975048065186,128,0.5975168347358704,128,0.6226252913475037,128,0.6405234336853027,128,-0.013745665550231934,128,0.029499709606170654,128,2.0,128
noisy,1000,17,11,0.10055644437670708,128,0.00936386315152049,128,-2.3324816957564654,128,0.006709724431857467,128,-2.7409951309481255,128,0.09323541447520256,128,-0.16029087438969358,128,0.05329253897070885,128,-0.5685496570581536,128,0.447237321978191,128,0.6566823422908783,128,0.017516404390335083,128,0.599227100610733,128,0.6374753415584564,128,0.6438202857971191,128,0.007780015468597412,128,0.05579224228858948,128,9.0,128
noisy,1000,18,0,0.2573312520980835,128,0.024861857295036316,128,-2.324821900485847,128,0.012740820180624723,128,-2.9748758714624657,128,0.2031116858124733,128,-0.09021005819355987,128,0.5098007321357727,128,0.7026121926390207,128,0.6631794494748235,128,0.37580128014087677,128,0.029249705374240875,128,0.2811131924390793,128,0.348804771900177,128,0.36036014556884766,128,0.012949720025062561,128,0.07350187003612518,128,8.0,128
noisy,1000,18,1,0.1580917164683342,128,0.00981066096574068,128,-2.775418114170555,128,0.004652048461139202,128,-3.542936320431926,128,0.11777254194021225,128,-0.278802731297497,128,0.0732528567314148,128,-0.7499836362898221,128,0.6613240259106702,128,0.6354934573173523,128,0.026662051677703857,128,0.45840778946876526,128,0.5222551822662354,128,0.5353761315345764,128,0.10208472609519958,128,0.1590159386396408,128,2.0,128
noisy,1000,18,2,0.1517110839486122,128,0.015544195659458637,128,-2.324704896341367,128,0.007918037241324782,128,-2.9642625350737157,128,0.10849021002650261,128,-0.2840468394943858,128,0.061310507357120514,128,-0.9891462657195866,128,0.584351664990878,128,0.5879091918468475,128,0.02266383171081543,128,0.4378705769777298,128,0.4897720515727997,128,0.509872317314148,128,0.07064041495323181,128,0.12831243872642517,128,4.0,128
noisy,1000,18,3,0.20544666796922684,128,0.017237825319170952,128,-2.4748991972686327,128,0.008714519906789064,128,-3.2362951913741687,128,0.15088307857513428,128,-0.2980051528760565,128,0.12761934846639633,128,-0.5703897686332418,128,0.7108017369592352,128,0.533644050359726,128,0.024304673075675964,128,0.3729129582643509,128,0.4432249665260315,128,0.4557446390390396,128,0.06938162446022034,128,0.14849867671728134,128,4.0,128
noisy,1000,18,4,0.06641017273068428,128,0.011667398735880852,128,-1.743040346266819,128,0.004424318438395858,128,-2.728259771272649,128,0.059436118230223656,128,-0.1256279311707871,128,0.04797074571251869,128,-0.3022009472793561,128,0.8912191965693766,128,0.5340730845928192,128,0.02522227168083191,128,0.3675849735736847,128,0.4381522089242935,128,0.4531795084476471,128,0.07036149501800537,128,0.1625165045261383,128,2.5,128
noisy,1000,18,5,0.17464280128479004,128,0.01153906574472785,128,-2.723260824149297,128,0.005635637324303389,128,-3.457401740537115,128,0.13171831518411636,128,-0.2580796228864025,128,0.06720635667443275,128,-0.9432428821018293,128,0.703344391502227,128,0.6671933531761169,128,0.028580665588378906,128,0.4991244375705719,128,0.5430468916893005,128,0.5635265409946442,128,0.08464568853378296,128,0.156102254986763,128,2.0,128
noisy,1000,18,6,0.22761674225330353,128,0.02408855315297842,128,-2.225736476691286,128,0.012594666797667742,128,-2.8735607938650576,128,0.16921725124120712,128,-0.2117023280510426,128,0.11866623535752296,128,-0.6954406082344553,128,0.5994003681121287,128,0.5898043811321259,128,0.022989392280578613,128,0.46396560966968536,128,0.5073246955871582,128,0.5255365073680878,128,0.05785883963108063,128,0.11546006798744202,128,5.0,128
noisy,1000,18,7,0.22482318431138992,128,0.01856720820069313,128,-2.422704078952604,128,0.007595970528200269,128,-3.3577862652851653,128,0.17806127667427063,128,-0.18719840258280449,128,0.15364941209554672,128,-0.40722040780370494,128,0.8992971289517262,128,0.5251310169696808,128,0.02374836802482605,128,0.3739858418703079,128,0.4415907859802246,128,0.4593137800693512,128,0.059734076261520386,128,0.14006851613521576,128,4.0,128
noisy,1000,18,8,0.14063547551631927,128,0.011152814608067274,128,-2.5651811259223205,128,0.005940263159573078,128,-3.266787690488991,128,0.10953356698155403,128,-0.23969485102238566,128,0.071837667375803,128,-0.7494050859417696,128,0.6276975782542364,128,0.6247711479663849,128,0.022793561220169067,128,0.4878142476081848,128,0.5422916412353516,128,0.5624963939189911,128,0.05506855249404907,128,0.13008716702461243,128,5.0,128
noisy,1000,18,9,0.1579281911253929,128,0.02096647210419178,128,-2.009700248119415,128,0.007489490555599332,128,-2.964051867199651,128,0.14616302400827408,128,-0.05737639711898426,128,0.07211174443364143,128,-0.7611116715437409,128,0.972852841361299,128,0.46807077527046204,128,0.024425551295280457,128,0.40902775526046753,128,0.4683743715286255,128,0.4881391227245331,128,-0.01368752121925354,128,0.0497356653213501,128,15.0,128
noisy,1000,18,10,0.09437137097120285,128,0.014672940596938133,128,-1.8595737119226385,128,0.008101250976324081,128,-2.4768412204034393,128,0.08994762599468231,128,-0.08240220001336405,128,0.039912328124046326,128,-0.8510977915661545,128,0.6022073760147604,128,0.5434262752532959,128,0.02259773015975952,128,0.4246310144662857,128,0.4757353663444519,128,0.4854316711425781,128,0.03492759168148041,128,0.11832469701766968,128,8.0,128
noisy,1000,18,11,0.1301577091217041,128,0.012958106119185686,128,-2.300017248849502,128,0.0057035526260733604,128,-3.1714370068946245,128,0.1013951525092125,128,-0.26196510083670144,128,0.08319514617323875,128,-0.5367094084041317,128,0.79336701811876,128,0.5504238605499268,128,0.02838851511478424,128,0.4210156202316284,128,0.465598464012146,128,0.4832100421190262,128,0.055280059576034546,128,0.12102389335632324,128,3.0,128
noisy,1000,19,0,0.18210215121507645,128,0.027072638273239136,128,-1.8294282011930494,128,0.009167464450001717,128,-3.0094671897296537,128,0.18962880969047546,128,0.07539573036141586,128,0.38565705716609955,128,0.7352744576288701,128,1.0693637675038996,128,0.36761103570461273,128,0.0245915949344635,128,0.2830055505037308,128,0.34127177298069,128,0.36746853590011597,128,0.01021316647529602,128,0.09336810186505318,128,10.0,128
noisy,1000,19,1,0.07169822975993156,128,0.004922584630548954,128,-2.6212157030619774,128,0.002675014897249639,128,-3.1931774458172852,128,0.051600176841020584,128,-0.31992888615014325,128,0.031189454719424248,128,-0.7860609398543545,128,0.48571323462890015,128,0.6223366856575012,128,0.025746315717697144,128,0.5806935429573059,128,0.6345847845077515,128,0.644963949918747,128,-0.017497152090072632,128,0.052038878202438354,128,3.0,128
noisy,1000,19,2,0.11474847793579102,128,0.013710221275687218,128,-2.083181765532095,128,0.008448186796158552,128,-2.448550921426026,128,0.11091359704732895,128,-0.09650010113969731,128,0.03979876823723316,128,-1.0076474096325272,128,0.434225362019228,128,0.3824186623096466,128,0.013063296675682068,128,0.3763987123966217,128,0.3999667167663574,128,0.4016021192073822,128,-0.024851471185684204,128,0.00915597379207611,128,7.0,128
noisy,1000,19,3,0.10278046503663063,128,0.008854289539158344,128,-2.4488436903763056,128,0.0028193804901093245,128,-3.591484169693846,128,0.08503347635269165,128,-0.19256669125547016,128,0.0676988996565342,128,-0.5106991064653414,128,1.0935235987606884,128,0.5635406076908112,128,0.025250941514968872,128,0.4678381383419037,128,0.5031464993953705,128,0.5193808376789093,128,0.05226790904998779,128,0.10954126715660095,128,5.0,128
noisy,1000,19,4,0.05654395744204521,128,0.011387596372514963,128,-1.550653350893762,128,0.0053490204736590385,128,-2.315491236139629,128,0.042575130239129066,128,-0.35827986815634594,128,0.012644609902054071,128,-1.594198048165941,128,0.7128873481759652,128,0.6509079039096832,128,0.011864900588989258,128,0.6297500133514404,128,0.6508175134658813,128,0.661206990480423,128,-0.01529473066329956,128,0.0191211998462677,128,6.0,128
noisy,1000,19,5,0.07615039497613907,128,0.012087299954146147,128,-1.82197251591926,128,0.006802861113101244,128,-2.4638284372544903,128,0.05146252363920212,128,-0.381171661881766,128,0.019620359875261784,128,-1.3383768073647802,128,0.6036154812394143,128,0.6812912821769714,128,0.024747490882873535,128,0.602507472038269,128,0.6423977613449097,128,0.6567802727222443,128,0.017450720071792603,128,0.07145395874977112,128,2.0,128
noisy,1000,19,6,0.1333412379026413,128,0.00917372852563858,128,-2.6905901407348134,128,0.003773194970563054,128,-3.500616674727462,128,0.11267556995153427,128,-0.10864296436229605,128,0.092193353921175,128,-0.2865891169620717,128,0.794235351576466,128,0.6495404839515686,128,0.021694481372833252,128,0.5715963840484619,128,0.6220991611480713,128,0.6291390657424927,128,0.017368793487548828,128,0.0756361186504364,128,3.0,128
noisy,1000,19,7,0.1542431116104126,128,0.03977346979081631,128,-1.3531502058998002,128,0.014681987930089235,128,-2.407087530965546,128,0.10348045453429222,128,-0.39055683901233107,128,0.03519553691148758,128,-1.4756298625565445,128,0.9918652637749239,128,0.5340643227100372,128,0.027542784810066223,128,0.47331368923187256,128,0.5250320136547089,128,0.5368432700634003,128,0.004534333944320679,128,0.06346148252487183,128,10.0,128
noisy,1000,19,8,0.13444627076387405,128,0.010767067782580853,128,-2.5470644299282377,128,0.0031362668378278613,128,-3.796623568390981,128,0.14073355495929718,128,0.03615678068596896,128,0.05124737694859505,128,-0.9904815217173492,128,1.2038547893321345,128,0.6465650200843811,128,0.019193381071090698,128,0.5998449325561523,128,0.6429550647735596,128,0.6544206440448761,128,0.001153409481048584,128,0.040656834840774536,128,7.0,128
noisy,1000,19,9,0.08067489415407181,128,0.005635221255943179,128,-2.699288894129232,128,0.002079497673548758,128,-3.606775010011633,128,0.06444881483912468,128,-0.18788234292470368,128,0.032423993572592735,128,-0.9734861703337734,128,0.9020530993882666,128,0.6329159140586853,128,0.02228650450706482,128,0.5515678226947784,128,0.5958138406276703,128,0.6116068959236145,128,0.02749010920524597,128,0.0985754132270813,128,3.0,128
noisy,1000,19,10,0.15293261408805847,128,0.0661550872027874,128,-0.8651557191143673,128,0.03470960445702076,128,-1.4439749261717938,128,0.1441422402858734,128,-0.042146641353485524,128,0.04698917083442211,128,-1.132253929904957,128,0.6191594558609701,128,0.41933678090572357,128,0.06199730932712555,128,0.38242460787296295,128,0.44210998713970184,128,0.45544157922267914,128,-0.03137567639350891,128,0.03376638889312744,128,4.0,128
noisy,1000,19,11,0.06108917482197285,128,0.0033718000631779432,128,-2.863204797067014,128,0.002049223752692342,128,-3.2972211849674675,128,0.04172814451158047,128,-0.3317889104817216,128,0.023092093877494335,128,-1.0004002044303735,128,0.44703865877301174,128,0.5632434785366058,128,0.026565581560134888,128,0.5083447694778442,128,0.5597745180130005,128,0.5726707875728607,128,0.0020264387130737305,128,0.060723841190338135,128,5.0,128
noisy,1000,20,0,0.11325414106249809,128,0.006483224919065833,128,-2.7718776725616747,128,0.003769633243791759,128,-3.3089565086821637,128,0.08002058789134026,128,-0.3057871789044207,128,0.02996544074267149,128,-1.398583372824304,128,0.5424525058763847,128,0.6808837354183197,128,0.023937702178955078,128,0.567709356546402,128,0.6162465512752533,128,0.6276005804538727,128,0.046431541442871094,128,0.11091801524162292,128,2.0,128
noisy,1000,20,1,0.10123632848262787,128,0.0314568392932415,128,-1.1202812877568795,128,0.019805907271802425,128,-1.576087413174255,128,0.10405092686414719,128,-0.025504776467151376,128,0.022129698656499386,128,-1.445538432996618,128,0.48790170888986417,128,0.6288039088249207,128,0.013627886772155762,128,0.626510351896286,128,0.6425689458847046,128,0.6434597671031952,128,-0.011428624391555786,128,0.007296115159988403,128,6.0,128
noisy,1000,20,2,0.1647973284125328,128,0.10118517279624939,128,-0.488673952877852,128,0.061396531760692596,128,-1.0065028505795754,128,0.15946542471647263,128,-0.060740668055115715,128,0.063902348279953,128,-0.9793024477555532,128,0.5141971364705642,128,0.5545918047428131,128,0.0476544052362442,128,0.5206545293331146,128,0.5559773445129395,128,0.5642455816268921,128,-0.014697879552841187,128,0.02360779047012329,128,6.0,128
noisy,1000,20,3,0.09416690468788147,128,0.03725011833012104,128,-0.9315549245449875,128,0.02025752328336239,128,-1.5401376062621859,128,0.09173852577805519,128,-0.04563359593060719,128,0.021245749667286873,128,-1.4282679090628303,128,0.6209897590392954,128,0.6580733358860016,128,0.01488843560218811,128,0.6498128473758698,128,0.6723419725894928,128,0.6771349608898163,128,-0.020828306674957275,128,0.004920214414596558,128,11.0,128
noisy,1000,20,4,0.07846974581480026,128,0.015743084251880646,128,-1.5727398199530644,128,0.006912063341587782,128,-2.46203498428782,128,0.0700361505150795,128,-0.1251998989097238,128,0.058357249945402145,128,-0.27282500523198955,128,0.8298501786031913,128,0.6446541845798492,128,0.022797316312789917,128,0.5143358409404755,128,0.5615784525871277,128,0.573268473148346,128,0.059350550174713135,128,0.12367606163024902,128,3.0,128
noisy,1000,20,5,0.10018125921487808,128,0.052609121426939964,128,-0.6664470612300762,128,0.026210932061076164,128,-1.284399392117822,128,0.09668809175491333,128,-0.08010115959315164,128,0.02566338051110506,128,-1.3076223122661452,128,0.6498624769940675,128,0.6179964542388916,128,0.01563599705696106,128,0.6117202341556549,128,0.6308788359165192,128,0.6356546580791473,128,-0.01612299680709839,128,0.0028621256351470947,128,10.0,128
noisy,1000,20,6,0.06473470851778984,128,0.006115306168794632,128,-2.3255112189650298,128,0.005408999742940068,128,-2.5251058676810096,128,0.05502582527697086,128,-0.1546916816204504,128,0.02091389335691929,128,-1.1451600997893774,128,0.2106351981060779,128,0.8019709289073944,128,0.012126147747039795,128,0.6489063799381256,128,0.6949039399623871,128,0.7095330655574799,128,0.0773341953754425,128,0.12333810329437256,128,4.0,128
noisy,1000,20,7,0.19079293310642242,128,0.13816113024950027,128,-0.32105718291632857,128,0.06517971679568291,128,-1.0802197140413083,128,0.18047396838665009,128,-0.051115997435465264,128,0.07306626066565514,128,-1.0086600745507006,128,0.7478577677671203,128,0.6840150058269501,128,0.02699008584022522,128,0.6774721443653107,128,0.7076622247695923,128,0.7179751694202423,128,-0.022524267435073853,128,0.007599085569381714,128,17.0,128
noisy,1000,20,8,0.10666175186634064,128,0.04553365707397461,128,-0.862662092750135,128,0.019075939431786537,128,-1.737952797473814,128,0.09072490781545639,128,-0.20904828167261502,128,0.022110797464847565,128,-1.6154116725763088,128,0.8556660834363881,128,0.6884897649288177,128,0.026281893253326416,128,0.6867850720882416,128,0.7136134803295135,128,0.7175078392028809,128,-0.028821885585784912,128,0.0050924718379974365,128,11.0,128
noisy,1000,20,9,0.13554930686950684,128,0.036728935316205025,128,-1.2625867773185409,128,0.024694593623280525,128,-1.7013715171307973,128,0.12049498781561852,128,-0.11255649760702155,128,0.02851194143295288,128,-1.5183246602525322,128,0.43016356565889613,128,0.6545206308364868,128,0.023792803287506104,128,0.6304155886173248,128,0.6630553007125854,128,0.6728698015213013,128,-0.020722538232803345,128,0.019168972969055176,128,12.0,128
noisy,1000,20,10,0.09601651132106781,128,0.022517571225762367,128,-1.4205601276280895,128,0.010391069576144218,128,-2.182528772687684,128,0.08180132135748863,128,-0.1553702947510163,128,0.04097592458128929,128,-0.7564700766951549,128,0.7699225556894911,128,0.6823248565196991,128,0.021527498960494995,128,0.536350429058075,128,0.5747764408588409,128,0.5911401808261871,128,0.08273983001708984,128,0.14809808135032654,128,2.0,128
noisy,1000,20,11,0.07567635923624039,128,0.015755065716803074,128,-1.6461647445774799,128,0.009144437033683062,128,-2.134343638773408,128,0.06681695207953453,128,-0.1344924882166033,128,0.017940939404070377,128,-1.3930315483441023,128,0.49462520570553803,128,0.6409824788570404,128,0.02084563672542572,128,0.6528514921665192,128,0.6855309307575226,128,0.7027636170387268,128,-0.04394048452377319,128,-0.011395394802093506,128,5.0,128
noisy,1000,21,0,0.12866950035095215,128,0.028409644961357117,128,-1.401077231857855,128,0.02940121293067932,128,-1.497753513171903,128,0.10050410404801369,128,-0.26547778214502915,128,0.040040649473667145,128,-1.2586357070658347,128,0.10695820399958512,128,0.5710300505161285,128,0.028198659420013428,128,0.5234872102737427,128,0.5609081089496613,128,0.5736395716667175,128,0.00027808547019958496,128,0.04096463322639465,128,11.0,128
noisy,1000,21,1,0.14684267342090607,128,0.008039271924644709,128,-2.916598972929525,128,0.0033505678875371814,128,-3.750295911969473,128,0.09983078762888908,128,-0.3473255926379799,128,0.05545623600482941,128,-0.9996351245778721,128,0.8142205023984705,128,0.6467373073101044,128,0.04735589027404785,128,0.49057677388191223,128,0.5386843085289001,128,0.556908905506134,128,0.08206072449684143,128,0.14172181487083435,128,1.0,128
noisy,1000,21,2,0.10316562280058861,128,0.0101099768653512,128,-2.248404091779421,128,0.00910658435896039,128,-2.4480693318630617,128,0.0672861635684967,128,-0.4362958256882651,128,0.017625820823013783,128,-1.8601077924042033,128,0.23281401091305007,128,0.6710159182548523,128,0.029866427183151245,128,0.5427201092243195,128,0.5758355855941772,128,0.5830609500408173,128,0.07205156981945038,128,0.12717294692993164,128,1.0,128
noisy,1000,21,3,0.11496826633810997,128,0.03871126100420952,128,-1.0211160519493383,128,0.0236270884051919,128,-1.5196938816448236,128,0.11452918872237206,128,-0.08853809709267099,128,0.024259421974420547,128,-1.5013551112743158,128,0.4989556900064842,128,0.49934136867523193,128,0.023206785321235657,128,0.49416807293891907,128,0.5202085077762604,128,0.5285757184028625,128,-0.028988808393478394,128,0.0019716769456863403,128,7.0,128
noisy,1000,21,4,0.1742466390132904,128,0.015570528339594603,128,-2.3961921552078818,128,0.008532286155968904,128,-2.9795607429266497,128,0.1646903231739998,128,-0.0032708486633038084,128,0.15914024412631989,128,-0.10147876101171624,128,0.5192673167776385,128,0.5186877548694611,128,0.02318529784679413,128,0.41356730461120605,128,0.44614724814891815,128,0.4689987897872925,128,0.03731738030910492,128,0.09917759150266647,128,4.0,128
noisy,1000,21,5,0.13994907587766647,128,0.01794855110347271,128,-2.083621550701373,128,0.015099572949111462,128,-2.250258848494742,128,0.13516561686992645,128,-0.027717887341722945,128,0.060358213260769844,128,-0.8096864456812627,128,0.13656194523932375,128,0.394661620259285,128,0.045128174126148224,128,0.32218512892723083,128,0.3956904411315918,128,0.4121159315109253,128,-0.016918078064918518,128,0.07676856219768524,128,12.0,128
noisy,1000,21,6,0.08665600791573524,128,0.007156208390370011,128,-2.476345648694024,128,0.003785041510127485,128,-3.0808623114415687,128,0.07090179994702339,128,-0.16244895776525486,128,0.03323150798678398,128,-0.9225198915671835,128,0.6022108532191102,128,0.7111935615539551,128,0.021391987800598145,128,0.5157369375228882,128,0.5590909719467163,128,0.5810705125331879,128,0.1250441074371338,128,0.18812233209609985,128,2.0,128
noisy,1000,21,7,0.08751413598656654,128,0.012555672321468592,128,-1.9209114184196254,128,0.005336165428161621,128,-2.7219234215676194,128,0.08501618728041649,128,-0.007978497646969352,128,0.099237821996212,128,0.08600096387045822,128,0.8297289434599626,128,0.606229305267334,128,0.021893471479415894,128,0.5354834496974945,128,0.5828351378440857,128,0.5954508483409882,128,8.606910705566406e-05,128,0.07318815588951111,128,5.0,128
noisy,1000,21,8,0.047266408801078796,128,0.013287907466292381,128,-1.349887605885657,128,0.014397318009287119,128,-1.2995437039916,128,0.0415867380797863,128,-0.16438600360400166,128,0.014172997325658798,128,-1.2246590278863554,128,-0.08827389917000453,128,0.7404713332653046,128,0.014225244522094727,128,0.7439926266670227,128,0.7558286488056183,128,0.7609072625637054,128,-0.02614593505859375,128,-0.007475435733795166,128,4.0,128
noisy,1000,21,9,0.15243761241436005,128,0.0974339060485363,128,-0.46109981824733814,128,0.03591641038656235,128,-1.3923911199961343,128,0.15764811635017395,128,0.013639999345664337,128,0.04073422960937023,128,-1.3088831092739044,128,0.9668219178461115,128,0.5043455958366394,128,0.020789235830307007,128,0.4833635091781616,128,0.526084303855896,128,0.5372016727924347,128,-0.031056806445121765,128,0.007656797766685486,128,17.0,128
noisy,1000,21,10,0.12695013731718063,128,0.05463038757443428,128,-0.8542602352654796,128,0.028570150956511497,128,-1.5391452046989222,128,0.13097882270812988,128,-0.06027375727117648,128,0.027975785546004772,128,-1.5293157379434064,128,0.6707190950960178,128,0.40263064205646515,128,0.028547242283821106,128,0.4140414893627167,128,0.4183576852083206,128,0.4357941150665283,128,-0.03020992875099182,128,0.004181474447250366,128,5.0,128
noisy,1000,21,11,0.2039133831858635,128,0.1012032963335514,128,-0.6512099131732586,128,0.06482211127877235,128,-1.0794288138292067,128,0.161344975233078,128,-0.16911551855661758,128,0.06825659051537514,128,-1.0623101988550248,128,0.4284595856067271,128,0.5836706161499023,128,0.058651626110076904,128,0.5727365612983704,128,0.6097036600112915,128,0.6195833086967468,128,-0.020339488983154297,128,0.018944203853607178,128,18.0,128
noisy,1000,22,0,0.06688518822193146,128,0.006384990410879254,128,-2.365736348018684,128,0.003692589933052659,128,-2.9616046900661157,128,0.06295743212103844,128,-0.08892257093157963,128,0.04342983849346638,128,-0.4172189411540394,128,0.5558100784947916,128,0.6283641755580902,128,0.021833956241607666,128,0.47358135879039764,128,0.523264080286026,128,0.5341464579105377,128,0.09452793002128601,128,0.15325936675071716,128,3.0,128
noisy,1000,22,1,0.08221491798758507,128,0.012043511494994164,128,-1.8617364172272846,128,0.00602078135125339,128,-2.518771680893981,128,0.06175273656845093,128,-0.272772392801481,128,0.038336001336574554,128,-0.7603514190021424,128,0.6407640502317373,128,0.5884263813495636,128,0.021273136138916016,128,0.4390532821416855,128,0.48706407845020294,128,0.499796524643898,128,0.08018362522125244,128,0.15329083800315857,128,3.0,128
noisy,1000,22,2,0.08114343881607056,128,0.01679079793393612,128,-1.5653041119413182,128,0.0051500229164958,128,-2.699989433338904,128,0.07061547040939331,128,-0.1514619427009719,128,0.021580076776444912,128,-1.308911887424611,128,1.079979578001514,128,0.6622719764709473,128,0.018433451652526855,128,0.598657876253128,128,0.6395923793315887,128,0.6562883853912354,128,0.01766607165336609,128,0.06928783655166626,128,4.0,128
noisy,1000,22,3,0.16927490383386612,128,0.008163936901837587,128,-2.9305035007315334,128,0.003922463743947446,128,-3.7047186483768604,128,0.0963149257004261,128,-0.4382337240749776,128,0.05671103671193123,128,-1.1172757604252905,128,0.8166775502927655,128,0.6424396932125092,128,0.02000671625137329,128,0.5109995603561401,128,0.5665550529956818,128,0.5909391045570374,128,0.058804601430892944,128,0.13031122088432312,128,2.0,128
noisy,1000,22,4,0.07355817779898643,128,0.014287983998656273,128,-1.6585475570757855,128,0.0063438990619033575,128,-2.3552432507777703,128,0.06383354961872101,128,-0.16078804529707175,128,0.05395658314228058,128,-0.3584310136843842,128,0.6956078875741049,128,0.5645228028297424,128,0.025981813669204712,128,0.4248408377170563,128,0.4745384156703949,128,0.4930233955383301,128,0.08306659758090973,128,0.14901602268218994,128,3.0,128
noisy,1000,22,5,0.16239330917596817,128,0.007925750687718391,128,-2.949363971385294,128,0.005263608647510409,128,-3.4064448250696744,128,0.11209286376833916,128,-0.30033433055740966,128,0.06346051022410393,128,-0.8558478023576158,128,0.46193255547118045,128,0.7158239185810089,128,0.018689632415771484,128,0.5662008225917816,128,0.620935469865799,128,0.6374124586582184,128,0.078713059425354,128,0.14355731010437012,128,3.0,128
noisy,1000,22,6,0.1669682264328003,128,0.031598733738064766,128,-1.724448284289331,128,0.014149175025522709,128,-2.478671179330121,128,0.14472457021474838,128,-0.09478778317853011,128,0.14675285667181015,128,-0.18827433803624755,128,0.7482607369386051,128,0.5443253219127655,128,0.03243039548397064,128,0.4586409628391266,128,0.507958173751831,128,0.5280841588973999,128,0.022124558687210083,128,0.0765317976474762,128,8.0,128
noisy,1000,22,7,0.17078355699777603,128,0.029316511005163193,128,-1.7029324672275505,128,0.019435366615653038,128,-2.0972795126502364,128,0.17103318870067596,128,-0.0014814359960771276,128,0.15858229994773865,128,-0.04730038575215162,128,0.35336271307970346,128,0.5024409592151642,128,0.0273226797580719,128,0.43601328134536743,128,0.4967890977859497,128,0.5140038728713989,128,-0.018787771463394165,128,0.05178111791610718,128,6.0,128
noisy,1000,22,8,0.25264567136764526,128,0.010081175714731216,128,-3.1630018927930355,128,0.0032025499967858195,128,-4.354807388283682,128,0.1649208590388298,128,-0.36112238530057156,128,0.14357362687587738,128,-0.5771360713759817,128,1.089922180822503,128,0.5952603816986084,128,0.025816142559051514,128,0.4519367218017578,128,0.5260529518127441,128,0.5337012410163879,128,0.055570632219314575,128,0.11858351528644562,128,4.0,128
noisy,1000,22,9,0.16760559380054474,128,0.008864129427820444,128,-2.934456112821743,128,0.004085561726242304,128,-3.728153685815778,128,0.17333295941352844,128,0.036779476790537814,128,0.23437926173210144,128,0.3110633240867693,128,0.6434153446685471,128,0.45655593276023865,128,0.02329915761947632,128,0.29628443717956543,128,0.382187157869339,128,0.39403343200683594,128,0.04904747009277344,128,0.14252357184886932,128,5.0,128
noisy,1000,22,10,0.08701508492231369,128,0.006957419915124774,128,-2.398508748889026,128,0.0034292672062292695,128,-3.1180575677512623,128,0.06982642784714699,128,-0.22103425438490032,128,0.04586823098361492,128,-0.6106859651310543,128,0.6997548230145766,128,0.5397697985172272,128,0.027176618576049805,128,0.3904993534088135,128,0.4520464986562729,128,0.47128430008888245,128,0.07105875015258789,128,0.15239346027374268,128,6.0,128
noisy,1000,22,11,0.1909860000014305,128,0.05621376633644104,128,-1.2182490772571908,128,0.039314232766628265,128,-1.5400585537244216,128,0.17248740047216415,128,-0.07007951463180281,128,0.05023207142949104,128,-1.3035907443575696,128,0.3069505669694501,128,0.4494928568601608,128,0.03485143184661865,128,0.40319208800792694,128,0.467505618929863,128,0.48481209576129913,128,-0.030800864100456238,128,0.030426353216171265,128,12.0,128
noisy,1000,23,0,0.09607870131731033,128,0.015420236624777317,128,-1.8257800345037971,128,0.00461740861646831,128,-2.9681465714143145,128,0.08868769556283951,128,-0.09467177475779964,128,0.05344853922724724,128,-0.5922011467010281,128,1.1850708089648454,128,0.6552213728427887,128,0.018759161233901978,128,0.4641534835100174,128,0.5093754529953003,128,0.5231705009937286,128,0.12744635343551636,128,0.19795171916484833,128,3.0,128
noisy,1000,23,1,0.11591657996177673,128,0.018366016447544098,128,-1.887554189860094,128,0.015279938001185656,128,-2.0344345520696985,128,0.10275238752365112,128,-0.16961669406257546,128,0.06180272251367569,128,-0.7011403645872157,128,0.28012480242393745,128,0.011766047216951847,128,0.02755897492170334,128,-0.008079521358013153,128,0.03221077844500542,128,0.05024765245616436,128,-0.05427130125463009,128,0.022819815203547478,128,12.0,128
noisy,1000,23,2,0.1759721264243126,128,0.015085169114172459,128,-2.4525382791900876,128,0.004420843906700611,128,-3.6142371382348357,128,0.2100987732410431,128,0.18909465601601883,128,0.17694441229104996,128,-0.009825022306984177,128,1.2334440235565196,128,0.5535903871059418,128,0.019513502717018127,128,0.4214891344308853,128,0.48395662009716034,128,0.5004271566867828,128,0.0404355525970459,128,0.11302134394645691,128,7.0,128
noisy,1000,23,3,0.24924637377262115,128,0.013204979710280895,128,-2.90944885196087,128,0.007091794162988663,128,-3.53892015269855,128,0.15603990852832794,128,-0.25654994892434946,128,0.20844921469688416,128,-0.25046165261992304,128,0.5867602883901826,128,0.6713550984859467,128,0.021758288145065308,128,0.5573943853378296,128,0.5902328193187714,128,0.6045328974723816,128,0.06474250555038452,128,0.12696248292922974,128,3.0,128
noisy,1000,23,4,0.056664492934942245,128,0.0036387023283168674,128,-2.6833562774573996,128,0.0015357312513515353,128,-3.5557912329307912,128,0.047696055844426155,128,-0.15439468681066218,128,0.04225507378578186,128,-0.2588701918437576,128,0.8241643102422448,128,0.6467591226100922,128,0.016586333513259888,128,0.4545438140630722,128,0.5077030658721924,128,0.531435489654541,128,0.10372617840766907,128,0.17111381888389587,128,5.0,128
noisy,1000,23,5,0.2767985612154007,128,0.008348280563950539,128,-3.3945690273548372,128,0.004669730085879564,128,-4.072424848614329,128,0.1669599413871765,128,-0.2804832531672762,128,0.3780708611011505,128,0.35678749003229837,128,0.6367938999655522,128,0.5176421999931335,128,0.02263888716697693,128,0.4055035710334778,128,0.4645356386899948,128,0.4711501747369766,128,0.05160948634147644,128,0.10520291328430176,128,2.0,128
noisy,1000,23,6,0.05914589576423168,128,0.006510336417704821,128,-2.1440205991704335,128,0.004599760985001922,128,-2.497521752558631,128,0.04660014063119888,128,-0.21750694914806082,128,0.03952265717089176,128,-0.3945716047059701,128,0.3198454788987932,128,0.5788385272026062,128,0.026733338832855225,128,0.4014429748058319,128,0.45694318413734436,128,0.4858582466840744,128,0.09079296886920929,128,0.16868538409471512,128,3.0,128
noisy,1000,23,7,0.11561980098485947,128,0.05904310941696167,128,-0.6601598297727065,128,0.032714707776904106,128,-1.2756851076056543,128,0.10281118378043175,128,-0.12278906597149403,128,0.03537153825163841,128,-1.1706869564682765,128,0.5939685705406681,128,0.544489175081253,128,0.026062339544296265,128,0.47371287643909454,128,0.5136174261569977,128,0.5351981520652771,128,0.0028825998306274414,128,0.05745692551136017,128,6.0,128
noisy,1000,23,8,0.04618186317384243,128,0.006154492497444153,128,-1.9646218170492662,128,0.0022891239495947957,128,-2.966758348942016,128,0.043887052685022354,128,-0.06084295248779915,128,0.03922596946358681,128,-0.13218257325423938,128,0.9823735341181,128,0.7574602663516998,128,0.01463744044303894,128,0.5682961940765381,128,0.6209141612052917,128,0.6425122022628784,128,0.11947086453437805,128,0.17545071244239807,128,3.0,128
noisy,1000,23,9,0.29844677448272705,128,0.021243385039269924,128,-2.600752310852699,128,0.0118829351849854,128,-3.2376933919883832,128,0.18983174860477448,128,-0.20152512437652192,128,0.40182362496852875,128,0.21266657090045976,128,0.6873997541847623,128,0.5330560803413391,128,0.026000693440437317,128,0.39176546037197113,128,0.458526074886322,128,0.4738529771566391,128,0.0485391765832901,128,0.12928053736686707,128,4.0,128
noisy,1000,23,10,0.14110728353261948,128,0.033649059012532234,128,-1.3703664976840808,128,0.021319213323295116,128,-1.7620206605398785,128,0.171079121530056,128,0.010653005920487247,128,0.1274525448679924,128,-0.09434362687010928,128,0.3829545841469235,128,0.24145226180553436,128,0.02292162925004959,128,0.24875030666589737,128,0.27334246039390564,128,0.2834785580635071,128,-0.027844376862049103,128,-0.00130385160446167,128,6.0,128
noisy,1000,23,11,0.3261890709400177,128,0.011025920510292053,128,-3.3412012357173646,128,0.006514310836791992,128,-3.895352598539654,128,0.1926068291068077,128,-0.3145784616550122,128,0.3221079558134079,128,-0.10515009890866328,128,0.45089573263329047,128,0.5781033933162689,128,0.032472237944602966,128,0.42013493180274963,128,0.4686770439147949,128,0.48931172490119934,128,0.07949069142341614,128,0.15913161635398865,128,2.0,128
noisy,1000,24,0,0.15098347514867783,128,0.0042170502711087465,128,-3.4881351696462493,128,0.0024801153922453523,128,-4.008032239249957,128,0.07938683405518532,128,-0.3829960918223727,128,0.05654052272439003,128,-0.9076061010132564,128,0.4542450545552301,128,0.5888415575027466,128,0.025046557188034058,128,0.45192910730838776,128,0.5174508988857269,128,0.5258869826793671,128,0.060453951358795166,128,0.12549376487731934,128,2.0,128
noisy,1000,24,1,0.16118823736906052,128,0.006169031374156475,128,-3.1378150602226835,128,0.0024645421653985977,128,-4.1276810330810765,128,0.08025440201163292,128,-0.628905889751233,128,0.0461531151086092,128,-1.2933465404848268,128,0.9559868679625974,128,0.5867090225219727,128,0.024274513125419617,128,0.4571506232023239,128,0.5002021938562393,128,0.5136443674564362,128,0.08101436495780945,128,0.12799812853336334,128,2.0,128
noisy,1000,24,2,0.1965574026107788,128,0.043897371739149094,128,-1.4896914953722409,128,0.03749087080359459,128,-1.6998067888183255,128,0.1796032264828682,128,-0.15977400654399837,128,0.04990398325026035,128,-1.417808235420288,128,0.20322834316883104,128,0.34176112711429596,128,0.043357379734516144,128,0.2909814119338989,128,0.3534165322780609,128,0.3691082298755646,128,-0.021805092692375183,128,0.041846320033073425,128,6.0,128
noisy,1000,24,3,0.11192003637552261,128,0.01137913390994072,128,-2.261588665750735,128,0.012525017373263836,128,-2.1787490921576627,128,0.09873627126216888,128,-0.109900781846653,128,0.025779091753065586,128,-1.4930137094359401,128,-0.05293503839766897,128,0.5940755307674408,128,0.03277955949306488,128,0.4173630625009537,128,0.48810163140296936,128,0.49516940116882324,128,0.08884724974632263,128,0.1713702231645584,128,2.0,128
noisy,1000,24,4,0.12672235816717148,128,0.005488785216584802,128,-3.0639770021779005,128,0.0049210048746317625,128,-3.2146077917890294,128,0.13812338560819626,128,0.026493442537758594,128,0.0276052113622427,128,-1.4409806990842344,128,0.11735174593374503,128,0.6265405416488647,128,0.017248421907424927,128,0.48675432801246643,128,0.5372438132762909,128,0.561179131269455,128,0.06348913908004761,128,0.12864437699317932,128,5.0,128
noisy,1000,24,5,0.06874838098883629,128,0.01025449251756072,128,-1.8489753698395381,128,0.0038031386211514473,128,-2.7604245343303893,128,0.05447235144674778,128,-0.19297157340303575,128,0.02160681691020727,128,-1.1964168660748637,128,0.9159733715768281,128,0.5008154213428497,128,0.029093757271766663,128,0.38453735411167145,128,0.45614852011203766,128,0.47743286192417145,128,0.014060929417610168,128,0.11122740805149078,128,2.0,128
noisy,1000,24,6,0.19890181720256805,128,0.02512206044048071,128,-2.0831198065714185,128,0.011863041203469038,128,-2.7935699881986302,128,0.14814262837171555,128,-0.23099169542074327,128,0.1601947769522667,128,-0.26504225553249333,128,0.6542061599996107,128,0.4640292674303055,128,0.03184227645397186,128,0.3280474841594696,128,0.3845231980085373,128,0.4081055074930191,128,0.04714488983154297,128,0.13727013766765594,128,3.0,128
noisy,1000,24,7,0.22224903851747513,128,0.005733648547902703,128,-3.7425894195820835,128,0.003741753869690001,128,-4.121432434996466,128,0.14557188004255295,128,-0.3121141380195275,128,0.09301106259226799,128,-0.8861436153736166,128,0.42845203378285757,128,0.5792397856712341,128,0.037016481161117554,128,0.3854488432407379,128,0.434499591588974,128,0.4543691724538803,128,0.10497993230819702,128,0.19087204337120056,128,2.5,128
noisy,1000,24,8,0.24908938258886337,128,0.00842769630253315,128,-3.4105991964243794,128,0.0048098377883434296,128,-3.957180621515886,128,0.16126982122659683,128,-0.3083286334939689,128,0.2344151958823204,128,-0.094035487935264,128,0.5246646125047654,128,0.4758724421262741,128,0.02622242271900177,128,0.3971414268016815,128,0.45148923993110657,128,0.45993871986866,128,0.009427383542060852,128,0.08694298565387726,128,4.0,128
noisy,1000,24,9,0.15623458474874496,128,0.008169385138899088,128,-2.847972761813375,128,0.006136137759312987,128,-3.1687658579864535,128,0.12266398593783379,128,-0.2537112970400365,128,0.04057186283171177,128,-1.3415216674850945,128,0.26127314535989227,128,0.599473237991333,128,0.020994916558265686,128,0.4402133673429489,128,0.4973417818546295,128,0.5143397152423859,128,0.08031940460205078,128,0.15199674665927887,128,4.0,128
noisy,1000,24,10,0.2516254782676697,128,0.01160042593255639,128,-2.990923989649853,128,0.005314653506502509,128,-3.8056649614789877,128,0.15652229636907578,128,-0.3025775922336059,128,0.2295427918434143,128,-0.1651334685312239,128,0.7740133522415009,128,0.5041002035140991,128,0.02582651376724243,128,0.38036201894283295,128,0.4297918975353241,128,0.44624076783657074,128,0.05932648479938507,128,0.13854287564754486,128,3.0,128
noisy,1000,24,11,0.2307569533586502,128,0.00754112983122468,128,-3.438539479620092,128,0.0058776692021638155,128,-3.6421387289432365,128,0.16242823749780655,128,-0.22813618354520063,128,0.15300443768501282,128,-0.3611753600824085,128,0.33217300404526734,128,0.5192600786685944,128,0.027951613068580627,128,0.36711037158966064,128,0.4161877781152725,128,0.43791188299655914,128,0.08216610550880432,128,0.14291773736476898,128,8.0,128
noisy,1000,25,0,0.059750912711024284,128,0.004388140048831701,128,-2.603605701274784,128,0.0027705648681148887,128,-3.0394492761381793,128,0.05265611223876476,128,-0.11740608052770982,128,0.03170399833470583,128,-0.608733200048674,128,0.4542783101110319,128,0.6632747054100037,128,0.0180913507938385,128,0.5198216140270233,128,0.5484208166599274,128,0.56698077917099,128,0.07770675420761108,128,0.13543802499771118,128,4.5,128
noisy,1000,25,1,0.13618522137403488,128,0.008925853297114372,128,-2.593132873505529,128,0.005570037290453911,128,-3.311351837076911,128,0.08300256356596947,128,-0.35045576082797425,128,0.08028249442577362,128,-0.6319196470759865,128,0.4959967343321842,128,0.669458270072937,128,0.025334030389785767,128,0.4918516129255295,128,0.5534405708312988,128,0.5677247047424316,128,0.09249520301818848,128,0.1554829180240631,128,3.0,128
noisy,1000,25,2,0.10051187872886658,128,0.003930431557819247,128,-3.3261286183047742,128,0.0025992481969296932,128,-3.562447715148828,128,0.06639393791556358,128,-0.3263664304301639,128,0.05480225570499897,128,-0.6138131250642131,128,0.35447722026793715,128,0.5882448852062225,128,0.029209405183792114,128,0.3961048722267151,128,0.45038336515426636,128,0.47160929441452026,128,0.0960308313369751,128,0.17028625309467316,128,1.5,128
noisy,1000,25,3,0.0742683932185173,128,0.0043293877970427275,128,-2.749937295540171,128,0.0022380638401955366,128,-3.349389244089886,128,0.04949141852557659,128,-0.3839950703014578,128,0.050685131922364235,128,-0.3335375254048813,128,0.6340875467030522,128,0.6347905397415161,128,0.020815283060073853,128,0.47409163415431976,128,0.5260708332061768,128,0.5418651103973389,128,0.09045916795730591,128,0.16353946924209595,128,4.5,128
noisy,1000,25,4,0.055690355598926544,128,0.0038921168306842446,128,-2.555607011630075,128,0.0014325592201203108,128,-3.552360923568356,128,0.05006057396531105,128,-0.1086664113899603,128,0.0473573449999094,128,-0.16034199264223514,128,0.9775312428820804,128,0.5862234532833099,128,0.0225793719291687,128,0.4258672595024109,128,0.4951607882976532,128,0.5102292001247406,128,0.07528701424598694,128,0.1383448839187622,128,4.0,128
noisy,1000,25,5,0.09301293268799782,128,0.007027830230072141,128,-2.5734269748454617,128,0.0032750540412962437,128,-3.2642918497725413,128,0.10662370175123215,128,0.16818702677794126,128,0.03858858533203602,128,-0.8938077795521453,128,0.8028376401135588,128,0.589305967092514,128,0.01927092671394348,128,0.4078370928764343,128,0.4820866584777832,128,0.4971175193786621,128,0.09725096821784973,128,0.18700601160526276,128,7.0,128
noisy,1000,25,6,0.16831859946250916,128,0.04316955991089344,128,-1.3467391127014956,128,0.032253097742795944,128,-1.5986932484599543,128,0.1417926624417305,128,-0.14296932987545902,128,0.0472242571413517,128,-1.2198527187406425,128,0.20424386775834874,128,0.4768284410238266,128,0.03408117592334747,128,0.4452095627784729,128,0.5115315616130829,128,0.5243535935878754,128,-0.03144671022891998,128,0.03883734345436096,128,7.0,128
noisy,1000,25,7,0.3653757572174072,128,0.07598930969834328,128,-1.5383184259936005,128,0.05680697411298752,128,-1.9166042527812328,128,0.2989165037870407,128,-0.2969226196215019,128,0.134026899933815,128,-0.9230415030307861,128,0.28539306537927,128,0.345612034201622,128,0.03748847544193268,128,0.3194414973258972,128,0.3597969263792038,128,0.3811776041984558,128,-0.032025717198848724,128,0.02665245532989502,128,12.0,128
noisy,1000,25,8,0.05471178516745567,128,0.0025013547856360674,128,-2.9648037562088403,128,0.0015460795257240534,128,-3.5143828040553347,128,0.042413411661982536,128,-0.21230999554282887,128,0.039195163175463676,128,-0.27268064651995316,128,0.6034821578915519,128,0.5962828695774078,128,0.019319534301757812,128,0.41498856246471405,128,0.47597429156303406,128,0.4906160682439804,128,0.09723255038261414,128,0.1791202574968338,128,6.0,128
noisy,1000,25,9,0.16921597719192505,128,0.030589185655117035,128,-1.7010661637413678,128,0.03182505816221237,128,-1.6353390464645332,128,0.1663086712360382,128,-0.034304727172434546,128,0.04132125340402126,128,-1.353223881641096,128,-0.06552481137061644,128,0.316477507352829,128,0.03804574906826019,128,0.2515697181224823,128,0.3180309981107712,128,0.3336905986070633,128,-0.03253893554210663,128,0.0438646525144577,128,10.0,128
noisy,1000,25,10,0.09042369201779366,128,0.012938485946506262,128,-1.8911625038774593,128,0.0079925493337214,128,-2.385434581147009,128,0.08189226686954498,128,-0.09739444321222297,128,0.026721942238509655,128,-1.1682113810093437,128,0.48691158554623193,128,0.5458700954914093,128,0.025329336524009705,128,0.41134093701839447,128,0.4756954163312912,128,0.49430257081985474,128,0.05209380388259888,128,0.12689097225666046,128,4.0,128
noisy,1000,25,11,0.08150891959667206,128,0.01463943999260664,128,-1.6995964423301988,128,0.008217817638069391,128,-2.2386711082970385,128,0.06992439553141594,128,-0.1152458990950383,128,0.03387046419084072,128,-0.9089257654792917,128,0.5293404292296264,128,0.505532294511795,128,0.02717989683151245,128,0.4434904009103775,128,0.48433198034763336,128,0.5170221924781799,128,-0.020042091608047485,128,0.041707202792167664,128,1.5,128
noisy,1000,26,0,0.10607118159532547,128,0.010105937253683805,128,-2.3758569888889407,128,0.005095787346363068,128,-3.106121662796199,128,0.11877665668725967,128,0.04878229974896094,128,0.01896920707076788,128,-1.7272476229061082,128,0.6868770361192189,128,0.5477297008037567,128,0.016362935304641724,128,0.36360831558704376,128,0.4231161028146744,128,0.43749839067459106,128,0.09946493804454803,128,0.15480685979127884,128,6.0,128
noisy,1000,26,1,0.1261511743068695,128,0.0315058920532465,128,-1.3324838167566586,128,0.016958028078079224,128,-1.9829115135837787,128,0.1252496838569641,128,-0.005737804083055005,128,0.03646133840084076,128,-1.241425549591232,128,0.6452765427358813,128,0.6320813596248627,128,0.020258337259292603,128,0.5803500711917877,128,0.6277666389942169,128,0.6365338563919067,128,-0.00040015578269958496,128,0.05293238162994385,128,10.0,128
noisy,1000,26,2,0.04263724572956562,128,0.004040866158902645,128,-2.314127468790522,128,0.002135097747668624,128,-2.978219388602101,128,0.030216588638722897,128,-0.3023236282460151,128,0.01992048602551222,128,-0.7398472206860713,128,0.6536948860869463,128,0.6911672055721283,128,0.028027847409248352,128,0.546587347984314,128,0.5812896192073822,128,0.60527703166008,128,0.07332774996757507,128,0.13029563426971436,128,1.0,128
noisy,1000,26,3,0.1028863862156868,128,0.00984981283545494,128,-2.3281135144035434,128,0.005253207869827747,128,-2.9500968249286244,128,0.11446426808834076,128,0.1347640238153177,128,0.01668504811823368,128,-1.7826080162362328,128,0.6080574424551535,128,0.5854694247245789,128,0.01856134831905365,128,0.4805915057659149,128,0.537745475769043,128,0.5557950437068939,128,0.039414554834365845,128,0.09928357601165771,128,6.0,128
noisy,1000,26,4,0.1410619542002678,128,0.04956205375492573,128,-0.9720463546235725,128,0.03602929785847664,128,-1.326571199680966,128,0.13155344873666763,128,-0.06367515576520652,128,0.04097103700041771,128,-1.214851642588481,128,0.32290221606968506,128,0.5785293281078339,128,0.03078588843345642,128,0.5596024096012115,128,0.6146261394023895,128,0.6297132074832916,128,-0.04849696159362793,128,0.015009015798568726,128,12.0,128
noisy,1000,26,5,0.118678517639637,128,0.028490742668509483,128,-1.2409025070345834,128,0.022154171019792557,128,-1.5927298342584006,128,0.10563136637210846,128,-0.12491140536206807,128,0.02956090308725834,128,-1.4042315524191125,128,0.3088873134095071,128,0.6331312656402588,128,0.04933401942253113,128,0.5723306238651276,128,0.6090434193611145,128,0.6300335228443146,128,0.006260812282562256,128,0.0595245361328125,128,6.0,128
noisy,1000,26,6,0.044817619025707245,128,0.0034421406453475356,128,-2.503660234012531,128,0.0022079991176724434,128,-2.922416294741911,128,0.03264269046485424,128,-0.2815647673343167,128,0.016460604965686798,128,-0.968916808781184,128,0.46361851895542605,128,0.6736173927783966,128,0.01907220482826233,128,0.4867202192544937,128,0.5211765170097351,128,0.5428420305252075,128,0.12171247601509094,128,0.17045888304710388,128,5.0,128
noisy,1000,26,7,0.1446251943707466,128,0.023602357134222984,128,-1.7864143418392153,128,0.024139711633324623,128,-1.80852927396062,128,0.14655230194330215,128,-0.04203730538067918,128,0.02930664736777544,128,-1.6553002862158306,128,0.04001702351232563,128,0.4566567838191986,128,0.032490119338035583,128,0.4299175888299942,128,0.4668300002813339,128,0.47749248147010803,128,-0.03286580741405487,128,0.023483067750930786,128,12.0,128
noisy,1000,26,8,0.04152065888047218,128,0.003347432240843773,128,-2.4503651992916886,128,0.0012108075898140669,128,-3.3164798044210375,128,0.02781802788376808,128,-0.423823050091489,128,0.03217422403395176,128,-0.2586776226290087,128,0.8412251914788114,128,0.7174540758132935,128,0.01590316742658615,128,0.5416513979434967,128,0.5847651064395905,128,0.5974194407463074,128,0.11892968416213989,128,0.17349913716316223,128,4.0,128
noisy,1000,26,9,0.03841828741133213,128,0.0029720455640926957,128,-2.5228208229774234,128,0.0014416280901059508,128,-3.2188004946093525,128,0.033656083047389984,128,-0.14999185264322795,128,0.02678866870701313,128,-0.4080494183227388,128,0.6432433397762042,128,0.6662667393684387,128,0.01853320002555847,128,0.46021752059459686,128,0.5307162404060364,128,0.5444932281970978,128,0.10974183678627014,128,0.17924144864082336,128,4.0,128
noisy,1000,26,10,0.08438948541879654,128,0.042731164023280144,128,-0.6284248039706508,128,0.024724754504859447,128,-1.2487670575431504,128,0.07938828319311142,128,-0.07734919040152247,128,0.023190212436020374,128,-1.2203904264337893,128,0.613236948915463,128,0.02841701079159975,128,0.01759474165737629,128,0.005091404542326927,128,0.057391224429011345,128,0.05972242169082165,128,-0.021278812550008297,128,0.018316227942705154,128,10.0,128
noisy,1000,26,11,0.03955312632024288,128,0.0024783157277852297,128,-2.6261752519266435,128,0.0014589904458262026,128,-3.2055779716578177,128,0.03567471168935299,128,-0.10230405883080676,128,0.02947247587144375,128,-0.22660562671450543,128,0.5040258381295517,128,0.6624428629875183,128,0.01842963695526123,128,0.4728119522333145,128,0.5192663967609406,128,0.5345432460308075,128,0.09428799152374268,128,0.14898231625556946,128,5.0,128
noisy,1000,27,0,0.08705992624163628,128,0.00762711837887764,128,-2.4108850504941657,128,0.005864049540832639,128,-2.691337459764272,128,0.0930125080049038,128,0.028108807499397634,128,0.0143214943818748,128,-1.8236945051467646,128,0.1985705390331154,128,0.5787370502948761,128,0.01759028434753418,128,0.4666886329650879,128,0.5021012425422668,128,0.5214698314666748,128,0.05318060517311096,128,0.11786344647407532,128,6.0,128
noisy,1000,27,1,0.06419148668646812,128,0.011796118691563606,128,-1.768876297352607,128,0.00797888170927763,128,-2.133250976998281,128,0.06850345432758331,128,-0.00809139487035953,128,0.009003532584756613,128,-1.9429748336734696,128,0.43867598960722565,128,0.7425749897956848,128,0.023289799690246582,128,0.7373288571834564,128,0.7616978585720062,128,0.7697753608226776,128,-0.019019335508346558,128,0.012763738632202148,128,1.0,128
noisy,1000,27,2,0.028039488941431046,128,0.002909426810219884,128,-2.250470797273624,128,0.0013250509509816766,128,-2.8812035921253987,128,0.016133497469127178,128,-0.5301265723202214,128,0.012200979050248861,128,-0.5747886486535914,128,0.6643417893283509,128,0.8130379915237427,128,0.012431502342224121,128,0.7144677340984344,128,0.739789217710495,128,0.7531299889087677,128,0.05542835593223572,128,0.08638337254524231,128,1.0,128
noisy,1000,27,3,0.07098725810647011,128,0.006114649819210172,128,-2.445971276325375,128,0.006283137248829007,128,-2.3364669872540924,128,0.04852181859314442,128,-0.3084482288115305,128,0.0074027960654348135,128,-2.217104276349462,128,-0.04200617417237561,128,0.7735413610935211,128,0.014564096927642822,128,0.740542471408844,128,0.7665571868419647,128,0.7716356217861176,128,0.0035715103149414062,128,0.03208613395690918,128,3.0,128
noisy,1000,27,4,0.08119296655058861,128,0.005398012697696686,128,-2.711843272447501,128,0.0022937206085771322,128,-3.570992392051018,128,0.09030499681830406,128,0.11624777405110152,128,0.012491788249462843,128,-1.8044868308410682,128,0.8122646707799857,128,0.6379634141921997,128,0.01880669593811035,128,0.5420078933238983,128,0.5777793526649475,128,0.5881048142910004,128,0.03942650556564331,128,0.09135404229164124,128,2.0,128
noisy,1000,27,5,0.08627527952194214,128,0.009494761936366558,128,-2.230965160345701,128,0.004279092885553837,128,-2.9426771738794697,128,0.09805837646126747,128,0.15424674070367844,128,0.020575013011693954,128,-1.4233868153762517,128,0.784229428696407,128,0.7294698655605316,128,0.011813759803771973,128,0.6618245840072632,128,0.6870127618312836,128,0.7001204192638397,128,0.031324565410614014,128,0.06735950708389282,128,3.0,128
noisy,1000,27,6,0.12613853067159653,128,0.048938920721411705,128,-0.8968513429096424,128,0.03850916586816311,128,-1.1963889725825134,128,0.12529096379876137,128,-0.03597432348599168,128,0.03917970880866051,128,-1.2437566730579102,128,0.2770707209513558,128,0.8107990026473999,128,0.014840543270111084,128,0.806908130645752,128,0.8181840777397156,128,0.8218086063861847,128,-0.012477308511734009,128,0.002477288246154785,128,11.0,128
noisy,1000,27,7,0.09533055126667023,128,0.05004038102924824,128,-0.5929735179872225,128,0.04065556079149246,128,-0.9038957262261832,128,0.09576207399368286,128,-0.05187888275754064,128,0.04065033793449402,128,-0.8877090115566919,128,0.3437764071708037,128,0.6217995882034302,128,0.012876838445663452,128,0.6201657950878143,128,0.6315514743328094,128,0.6394869089126587,128,-0.01564335823059082,128,0.00435987114906311,128,6.0,128
noisy,1000,27,8,0.03429099917411804,128,0.007745251292362809,128,-1.3880335785410471,128,0.0022519760532304645,128,-2.6701502385041866,128,0.029697313904762268,128,-0.1489919854936116,128,0.023410399444401264,128,-0.3883473012957925,128,1.2061893571693791,128,0.7172643542289734,128,0.018921852111816406,128,0.5773898065090179,128,0.6289794445037842,128,0.6440061926841736,128,0.06693795323371887,128,0.13115757703781128,128,2.0,128
noisy,1000,27,9,0.08499650657176971,128,0.020989645272493362,128,-1.2791983158062412,128,0.016182979568839073,128,-1.6344372641993075,128,0.07719879597425461,128,-0.09882132416807268,128,0.015480970498174429,128,-1.6361889917611878,128,0.3040832845151922,128,0.11557874083518982,128,0.0078069232404232025,128,0.11695995926856995,128,0.12725844234228134,128,0.13200229406356812,128,-0.01934944838285446,128,-0.0006062742322683334,128,9.5,128
noisy,1000,27,10,0.1333976313471794,128,0.02615863736718893,128,-1.600911857138495,128,0.02699026372283697,128,-1.6286077010496434,128,0.12099704146385193,128,-0.14056930610591656,128,0.044884296134114265,128,-1.1294657945004967,128,-0.007621775839305445,128,0.5549655556678772,128,0.03693017363548279,128,0.4938771724700928,128,0.5354006588459015,128,0.5447722673416138,128,0.01213344931602478,128,0.06737571954727173,128,17.0,128
noisy,1000,27,11,0.06055277772247791,128,0.013307310175150633,128,-1.4744872187006708,128,0.006274402607232332,128,-2.226029386435578,128,0.03981444425880909,128,-0.39898745489612153,128,0.009341230615973473,128,-1.928850079992709,128,0.7560177464843871,128,0.47069036960601807,128,0.00767633318901062,128,0.46237263083457947,128,0.4771420359611511,128,0.48111678659915924,128,-0.012217849493026733,128,0.007236838340759277,128,13.0,128
noisy,1000,28,0,0.018830529414117336,128,0.003856839146465063,128,-1.7205824597932158,128,0.0026186221512034535,128,-1.766281152853026,128,0.006243733922019601,128,-0.9268176848437382,128,0.0024093682877719402,128,-1.893773759759866,128,0.0005648395985707401,128,0.7946975529193878,128,0.02867475152015686,128,0.797351747751236,128,0.804630309343338,128,0.8092701137065887,128,-0.015840649604797363,128,-0.0027001500129699707,128,1.0,128
noisy,1000,28,1,0.03348233364522457,128,0.007261260878294706,128,-1.5079690797649814,128,0.006804188014939427,128,-1.5104078476823248,128,0.02880098856985569,128,-0.13011778064037977,128,0.007193997967988253,128,-1.4305406586407727,128,0.10163047439545288,128,0.8059678077697754,128,0.02132868766784668,128,0.8005362153053284,128,0.8115376234054565,128,0.8177744746208191,128,-0.011556565761566162,128,0.002781122922897339,128,1.0,128
noisy,1000,28,2,0.02983496244996786,128,0.004565531620755792,128,-1.696536907764565,128,0.002129892003722489,128,-2.4834753964316167,128,0.024279089644551277,128,-0.23729933388546376,128,0.006484269630163908,128,-1.3412462492093389,128,0.7829665110940878,128,0.8712530732154846,128,0.005936980247497559,128,0.7993163168430328,128,0.8235795497894287,128,0.831887423992157,128,0.03137466311454773,128,0.058880388736724854,128,4.0,128
noisy,1000,28,3,0.0698365606367588,128,0.011779555585235357,128,-1.840430096215424,128,0.0038684166502207518,128,-2.9359547087616753,128,0.08460622280836105,128,0.1625601411767442,128,0.01077095465734601,128,-1.8631712294514564,128,1.1594352287933465,128,0.6890133023262024,128,0.01898255944252014,128,0.5801666378974915,128,0.6201137602329254,128,0.6307982206344604,128,0.054252564907073975,128,0.10292574763298035,128,3.5,128
noisy,1000,28,4,0.0828801803290844,128,0.02294368203729391,128,-1.26728437600295,128,0.009042127523571253,128,-2.066754992150969,128,0.09040794149041176,128,0.15938782198797308,128,0.012560553383082151,128,-1.7123672640316048,128,0.7953517669012223,128,0.6229937672615051,128,0.01883062720298767,128,0.5658960938453674,128,0.605132520198822,128,0.6219964325428009,128,0.005568444728851318,128,0.05733656883239746,128,5.0,128
noisy,1000,28,5,0.1456696018576622,128,0.04993485286831856,128,-1.0292329911512526,128,0.03452984243631363,128,-1.4402800914863936,128,0.1367029845714569,128,-0.06938528093905358,128,0.037832556292414665,128,-1.3968980811042193,128,0.3828460882672593,128,0.7190409004688263,128,0.025701791048049927,128,0.6852240562438965,128,0.7204916775226593,128,0.7244100868701935,128,-0.002050727605819702,128,0.0370500385761261,128,6.0,128
noisy,1000,28,6,0.07952075079083443,128,0.046264033764600754,128,-0.5682824175467307,128,0.02767287101596594,128,-1.0364774830052266,128,0.07900391891598701,128,-0.041834585191684356,128,0.02791586611419916,128,-1.0587401460165484,128,0.4875261433119951,128,0.6358065605163574,128,0.022569939494132996,128,0.6287246942520142,128,0.6453077793121338,128,0.6482808589935303,128,-0.013905107975006104,128,0.0026061534881591797,128,6.0,128
noisy,1000,28,7,0.07579442858695984,128,0.019259021617472172,128,-1.4290367533163635,128,0.007011534878984094,128,-2.392590474542768,128,0.10231728106737137,128,0.27223161871729595,128,0.010358706582337618,128,-2.0061240568987824,128,0.9783241710842863,128,0.5303981006145477,128,0.016973942518234253,128,0.49014437198638916,128,0.542302280664444,128,0.5484501421451569,128,-0.026694029569625854,128,0.03635065257549286,128,3.0,128
noisy,1000,28,8,0.07299705594778061,128,0.04398019798099995,128,-0.5347096979574628,128,0.02373344637453556,128,-1.1792745154570317,128,0.06960917636752129,128,-0.08858150435137432,128,0.02553146332502365,128,-1.1169550569734283,128,0.6642781346462241,128,0.8096801936626434,128,0.0029689669609069824,128,0.8084906339645386,128,0.8106391429901123,128,0.8112490177154541,128,-0.002080947160720825,128,0.001378089189529419,128,17.0,128
noisy,1000,28,9,0.06736549362540245,128,0.008751804940402508,128,-2.011676714284435,128,0.0040897519793361425,128,-2.7185484076119,128,0.03962726332247257,128,-0.4833568993050847,128,0.026014579460024834,128,-1.0734038272202318,128,0.6309565688673336,128,0.7638779580593109,128,0.018466413021087646,128,0.6917953491210938,128,0.7313795983791351,128,0.7415692210197449,128,0.02500396966934204,128,0.07570746541023254,128,4.0,128
noisy,1000,28,10,0.16525599360466003,128,0.04850984551012516,128,-1.2992442434730642,128,0.03699386492371559,128,-1.5281704922268338,128,0.14245473593473434,128,-0.13206804967323818,128,0.0486206728965044,128,-1.3665783213155374,128,0.17217440346419868,128,0.5759647488594055,128,0.03396493196487427,128,0.5507222414016724,128,0.5777207612991333,128,0.5909183919429779,128,-0.009359389543533325,128,0.03702738881111145,128,11.0,128
noisy,1000,28,11,0.06847236678004265,128,0.051425714045763016,128,-0.27249810874289726,128,0.028561442159116268,128,-0.9116038580467551,128,0.0645546242594719,128,-0.06602469191130605,128,0.029376312159001827,128,-0.8684507070129346,128,0.6291416744496496,128,0.7957807779312134,128,0.005439966917037964,128,0.7954112887382507,128,0.7970150411128998,128,0.7990108132362366,128,-0.0036590993404388428,128,0.001326531171798706,128,11.0,128
noisy,1000,29,0,0.07911321148276329,128,0.051332926377654076,128,-0.4530483980763942,128,0.02706926129758358,128,-1.0300575747496339,128,0.07597507536411285,128,-0.0034486771593712903,128,0.026079561561346054,128,-1.0815891205233938,128,0.6232209122314957,128,0.5590893924236298,128,0.021508842706680298,128,0.5502157807350159,128,0.5734023749828339,128,0.5750332176685333,128,-0.012964725494384766,128,0.005075812339782715,128,11.0,128
noisy,1000,29,1,0.06287071481347084,128,0.01142006553709507,128,-1.8113965662493148,128,0.005279602482914925,128,-2.4888401723425218,128,0.06605277583003044,128,0.06813594410617616,128,0.0074248171877115965,128,-2.104109021472641,128,0.7419431975094708,128,0.7527220547199249,128,0.009897857904434204,128,0.6745583117008209,128,0.7092300653457642,128,0.7239509522914886,128,0.021687448024749756,128,0.07145661115646362,128,4.5,128
noisy,1000,29,2,0.09599288552999496,128,0.06905333325266838,128,-0.3100094254881789,128,0.04055195860564709,128,-0.872437778339705,128,0.08994467183947563,128,-0.03565882016867766,128,0.04055958613753319,128,-0.9121042972479476,128,0.5789451020276785,128,0.6584445834159851,128,0.009313017129898071,128,0.6502029597759247,128,0.6695066094398499,128,0.6740251779556274,128,-0.012881726026535034,128,0.003697603940963745,128,6.0,128
noisy,1000,29,3,0.05166509374976158,128,0.00895580556243658,128,-1.7367244986660282,128,0.0031993964221328497,128,-2.713864519498723,128,0.036587588489055634,128,-0.3125366663618929,128,0.009150834754109383,128,-1.7787368727336599,128,0.9915791907027584,128,0.7311880588531494,128,0.017030715942382812,128,0.5958350300788879,128,0.6406829953193665,128,0.6540511250495911,128,0.07930982112884521,128,0.13506364822387695,128,3.0,128
noisy,1000,29,4,0.06451326981186867,128,0.024388322606682777,128,-0.9572309795182026,128,0.013818357139825821,128,-1.5422474483936244,128,0.06267967447638512,128,-0.09215939725936792,128,0.014432503376156092,128,-1.5205617836414698,128,0.538231429169376,128,0.744867593050003,128,0.018270760774612427,128,0.7397335171699524,128,0.7564097046852112,128,0.7599003314971924,128,-0.014897823333740234,128,0.006473422050476074,128,4.0,128
noisy,1000,29,5,0.07679982855916023,128,0.02304236963391304,128,-1.230253171741869,128,0.01060500182211399,128,-2.042574324504731,128,0.08825252577662468,128,0.04166436852320905,128,0.011825972702354193,128,-1.8618032626121177,128,0.86401132454509,128,0.8505039215087891,128,0.008628249168395996,128,0.8324358761310577,128,0.848513662815094,128,0.8524807393550873,128,-0.006005316972732544,128,0.010722488164901733,128,9.0,128
noisy,1000,29,6,0.05297250300645828,128,0.007207656279206276,128,-1.9480632474914572,128,0.0026583054568618536,128,-2.902853503105497,128,0.06387771293520927,128,0.1400763173647941,128,0.004509821766987443,128,-2.3881603279021744,128,0.9222944984264267,128,0.799471527338028,128,0.008573472499847412,128,0.7330417037010193,128,0.7673688232898712,128,0.7770227193832397,128,0.01746147871017456,128,0.05744898319244385,128,2.0,128
noisy,1000,29,7,0.10905066877603531,128,0.03186667710542679,128,-1.200606998925294,128,0.02518249023705721,128,-1.4480923293975259,128,0.10654709860682487,128,-0.010487066033895352,128,0.03337693586945534,128,-1.2731101084737304,128,0.17844804230943195,128,0.6017308831214905,128,0.04466709494590759,128,0.5065203607082367,128,0.5502483546733856,128,0.5729615986347198,128,0.03491964936256409,128,0.09598475694656372,128,6.0,128
noisy,1000,29,8,0.033086447045207024,128,0.013008338864892721,128,-0.9691022829176803,128,0.004245825344696641,128,-2.0573110076577823,128,0.029415225610136986,128,-0.1181735547413605,128,0.006877342704683542,128,-1.5740488933838037,128,1.086117002296521,128,0.7670513391494751,128,0.016476750373840332,128,0.6469256579875946,128,0.672268807888031,128,0.6873113811016083,128,0.07770323753356934,128,0.11567047238349915,128,1.0,128
noisy,1000,29,9,0.04393082112073898,128,0.03991655632853508,128,-0.11927400306484862,128,0.03952357731759548,128,-0.11477963064481755,128,0.04161898419260979,128,-0.09746181448305377,128,0.042118845507502556,128,-0.10471186965797699,128,-0.0023584276162416473,128,0.9767982065677643,128,0.0037280023097991943,128,0.9763465523719788,128,0.97844198346138,128,0.97844198346138,128,-0.0009813308715820312,128,0.0011067092418670654,128,12.0,128
noisy,1000,29,10,0.09212693199515343,128,0.024973315186798573,128,-1.2886813136153585,128,0.01812528632581234,128,-1.6200086651356151,128,0.0971948616206646,128,0.04226003716770571,128,0.018589375540614128,128,-1.5963803441319833,128,0.34725917509637394,128,0.5807935297489166,128,0.026969701051712036,128,0.5522224605083466,128,0.6017880141735077,128,0.6084275543689728,128,-0.02446112036705017,128,0.03204108774662018,128,11.0,128
noisy,1000,29,11,0.11625556275248528,128,0.04399154894053936,128,-0.8783549365192898,128,0.016473953612148762,128,-1.9292052963852453,128,0.11703129857778549,128,0.007889181941007375,128,0.01875254698097706,128,-1.8161377756266588,128,1.0052005571386196,128,0.8574462234973907,128,0.012737870216369629,128,0.8408282101154327,128,0.8622117936611176,128,0.8649551570415497,128,-0.005588710308074951,128,0.008814871311187744,128,10.0,128
