--2026-07-29 12:37:02--  https://github.com/chaofengc/IQA-PyTorch/releases/download/v0.1-weights/musiq_spaq_ckpt-358bb6af.pth
Resolving star-proxy.oa.com (star-proxy.oa.com)... 21.249.84.98, 21.249.84.64, 21.249.84.122, ...
Connecting to star-proxy.oa.com (star-proxy.oa.com)|21.249.84.98|:3128... connected.
Proxy request sent, awaiting response... 302 Found
Location: https://release-assets.githubusercontent.com/github-production-release-asset/432720685/9ec489e5-84f3-442a-aa24-d6cf5cc7d5a3?sp=r&sv=2018-11-09&sr=b&spr=https&se=2026-07-29T05%3A15%3A19Z&rscd=attachment%3B+filename%3Dmusiq_spaq_ckpt-358bb6af.pth&rsct=application%2Foctet-stream&skoid=96c2d410-5711-43a1-aedd-ab1947aa7ab0&sktid=398a6654-997b-47e9-b12b-9515b896b4de&skt=2026-07-29T04%3A14%3A46Z&ske=2026-07-29T05%3A15%3A19Z&sks=b&skv=2018-11-09&sig=M5lgUYZO78NQWyXRGjPNwppnu0g5CnjwdE2nmE3AvKM%3D&jwt=eyJ0eXAiOiJKV1QiLCJhbGciOiJIUzI1NiJ9.eyJpc3MiOiJnaXRodWIuY29tIiwiYXVkIjoicmVsZWFzZS1hc3NldHMuZ2l0aHVidXNlcmNvbnRlbnQuY29tIiwia2V5Ijoia2V5MSIsImV4cCI6MTc4NTMwMzQyMywibmJmIjoxNzg1Mjk5ODIzLCJwYXRoIjoicmVsZWFzZWFzc2V0cHJvZHVjdGlvbi5ibG9iLmNvcmUud2luZG93cy5uZXQifQ.B_1eNSMBU1M8nyoTGAFI5vfuoxFOqhE-n7Fx0diBsq0&response-content-disposition=attachment%3B%20filename%3Dmusiq_spaq_ckpt-358bb6af.pth&response-content-type=application%2Foctet-stream [following]
--2026-07-29 12:37:03--  https://release-assets.githubusercontent.com/github-production-release-asset/432720685/9ec489e5-84f3-442a-aa24-d6cf5cc7d5a3?sp=r&sv=2018-11-09&sr=b&spr=https&se=2026-07-29T05%3A15%3A19Z&rscd=attachment%3B+filename%3Dmusiq_spaq_ckpt-358bb6af.pth&rsct=application%2Foctet-stream&skoid=96c2d410-5711-43a1-aedd-ab1947aa7ab0&sktid=398a6654-997b-47e9-b12b-9515b896b4de&skt=2026-07-29T04%3A14%3A46Z&ske=2026-07-29T05%3A15%3A19Z&sks=b&skv=2018-11-09&sig=M5lgUYZO78NQWyXRGjPNwppnu0g5CnjwdE2nmE3AvKM%3D&jwt=eyJ0eXAiOiJKV1QiLCJhbGciOiJIUzI1NiJ9.eyJpc3MiOiJnaXRodWIuY29tIiwiYXVkIjoicmVsZWFzZS1hc3NldHMuZ2l0aHVidXNlcmNvbnRlbnQuY29tIiwia2V5Ijoia2V5MSIsImV4cCI6MTc4NTMwMzQyMywibmJmIjoxNzg1Mjk5ODIzLCJwYXRoIjoicmVsZWFzZWFzc2V0cHJvZHVjdGlvbi5ibG9iLmNvcmUud2luZG93cy5uZXQifQ.B_1eNSMBU1M8nyoTGAFI5vfuoxFOqhE-n7Fx0diBsq0&response-content-disposition=attachment%3B%20filename%3Dmusiq_spaq_ckpt-358bb6af.pth&response-content-type=application%2Foctet-stream
Connecting to star-proxy.oa.com (star-proxy.oa.com)|21.249.84.98|:3128... connected.
Proxy request sent, awaiting response... 200 OK
Length: 108610983 (104M) [application/octet-stream]
Saving to: ‘/root/.cache/vbench/pyiqa_model/musiq_spaq_ckpt-358bb6af.pth.1’

     0K .......... .......... .......... .......... ..........  0% 5.45M 19s
    50K .......... .......... .......... .......... ..........  0% 1.97M 36s
   100K .......... .......... .......... .......... ..........  0% 2.24M 39s
   150K .......... .......... .......... .......... ..........  0% 6.20M 34s
   200K .......... .......... .......... .......... ..........  0% 5.01M 31s
   250K .......... .......... .......... .......... ..........  0% 5.73M 29s
   300K .......... .......... .......... .......... ..........  0% 5.76M 27s
   350K .......... .......... .......... .......... ..........  0% 6.40M 26s
   400K .......... .......... .......... .......... ..........  0% 5.42M 25s
   450K .......... .......... .......... .......... ..........  0% 6.47M 24s
   500K .......... .......... .......... .......... ..........  0% 6.25M 23s
   550K .......... .......... .......... .......... ..........  0% 5.38M 23s
   600K .......... .......... .......... .......... ..........  0% 5.82M 23s
   650K .......... .......... .......... .......... ..........  0% 5.14M 22s
   700K .......... .......... .......... .......... ..........  0% 6.03M 22s
   750K .......... .......... .......... .......... ..........  0% 5.25M 22s
   800K .......... .......... .......... .......... ..........  0% 4.82M 22s
   850K .......... .......... .......... .......... ..........  0% 5.31M 22s
   900K .......... .......... .......... .......... ..........  0% 5.22M 22s
   950K .......... .......... .......... .......... ..........  0% 5.33M 21s
  1000K .......... .......... .......... .......... ..........  0% 5.26M 21s
  1050K .......... .......... .......... .......... ..........  1% 5.67M 21s
  1100K .......... .......... .......... .......... ..........  1% 5.92M 21s
  1150K .......... .......... .......... .......... ..........  1% 5.11M 21s
  1200K .......... .......... .......... .......... ..........  1% 5.83M 21s
  1250K .......... .......... .......... .......... ..........  1% 5.90M 21s
  1300K .......... .......... .......... .......... ..........  1% 5.82M 21s
  1350K .......... .......... .......... .......... ..........  1% 4.82M 21s
  1400K .......... .......... .......... .......... ..........  1% 5.26M 21s
  1450K .......... .......... .......... .......... ..........  1% 4.81M 21s
  1500K .......... .......... .......... .......... ..........  1% 4.52M 21s
  1550K .......... .......... .......... .......... ..........  1% 4.46M 21s
  1600K .......... .......... .......... .......... ..........  1% 5.23M 21s
  1650K .......... .......... .......... .......... ..........  1% 5.63M 21s
  1700K .......... .......... .......... .......... ..........  1% 5.16M 20s
  1750K .......... .......... .......... .......... ..........  1% 4.37M 21s
  1800K .......... .......... .......... .......... ..........  1% 5.88M 20s
  1850K .......... .......... .......... .......... ..........  1% 5.25M 20s
  1900K .......... .......... .......... .......... ..........  1% 5.90M 20s
  1950K .......... .......... .......... .......... ..........  1% 5.47M 20s
  2000K .......... .......... .......... .......... ..........  1% 5.58M 20s
  2050K .......... .......... .......... .......... ..........  1% 4.74M 20s
  2100K .......... .......... .......... .......... ..........  2% 5.29M 20s
  2150K .......... .......... .......... .......... ..........  2% 5.39M 20s
  2200K .......... .......... .......... .......... ..........  2% 5.86M 20s
  2250K .......... .......... .......... .......... ..........  2% 5.25M 20s
  2300K .......... .......... .......... .......... ..........  2% 5.19M 20s
  2350K .......... .......... .......... .......... ..........  2% 5.93M 20s
  2400K .......... .......... .......... .......... ..........  2% 6.14M 20s
  2450K .......... .......... .......... .......... ..........  2% 5.47M 20s
  2500K .......... .......... .......... .......... ..........  2% 5.10M 20s
  2550K .......... .......... .......... .......... ..........  2% 4.82M 20s
  2600K .......... .......... .......... .......... ..........  2% 5.21M 20s
  2650K .......... .......... .......... .......... ..........  2% 5.54M 20s
  2700K .......... .......... .......... .......... ..........  2% 5.50M 20s
  2750K .......... .......... .......... .......... ..........  2% 5.65M 20s
  2800K .......... .......... .......... .......... ..........  2% 4.60M 20s
  2850K .......... .......... .......... .......... ..........  2% 5.57M 20s
  2900K .......... .......... .......... .......... ..........  2% 5.90M 20s
  2950K .......... .......... .......... .......... ..........  2% 5.48M 20s
  3000K .......... .......... .......... .......... ..........  2% 4.49M 20s
  3050K .......... .......... .......... .......... ..........  2% 5.40M 20s
  3100K .......... .......... .......... .......... ..........  2% 5.21M 20s
  3150K .......... .......... .......... .......... ..........  3% 5.63M 20s
  3200K .......... .......... .......... .......... ..........  3% 5.15M 20s
  3250K .......... .......... .......... .......... ..........  3% 5.09M 20s
  3300K .......... .......... .......... .......... ..........  3% 5.54M 20s
  3350K .......... .......... .......... .......... ..........  3% 5.86M 19s
  3400K .......... .......... .......... .......... ..........  3% 5.53M 19s
  3450K .......... .......... .......... .......... ..........  3% 5.33M 19s
  3500K .......... .......... .......... .......... ..........  3% 4.92M 19s
  3550K .......... .......... .......... .......... ..........  3% 6.20M 19s
  3600K .......... .......... .......... .......... ..........  3% 5.22M 19s
  3650K .......... .......... .......... .......... ..........  3% 5.41M 19s
  3700K .......... .......... .......... .......... ..........  3% 4.77M 19s
  3750K .......... .......... .......... .......... ..........  3% 5.81M 19s
  3800K .......... .......... .......... .......... ..........  3% 6.47M 19s
  3850K .......... .......... .......... .......... ..........  3% 6.28M 19s
  3900K .......... .......... .......... .......... ..........  3% 4.93M 19s
  3950K .......... .......... .......... .......... ..........  3% 5.71M 19s
  4000K .......... .......... .......... .......... ..........  3% 5.87M 19s
  4050K .......... .......... .......... .......... ..........  3% 5.61M 19s
  4100K .......... .......... .......... .......... ..........  3% 4.95M 19s
  4150K .......... .......... .......... .......... ..........  3% 6.00M 19s
  4200K .......... .......... .......... .......... ..........  4% 5.71M 19s
  4250K .......... .......... .......... .......... ..........  4% 6.11M 19s
  4300K .......... .......... .......... .......... ..........  4% 5.19M 19s
  4350K .......... .......... .......... .......... ..........  4% 6.40M 19s
  4400K .......... .......... .......... .......... ..........  4% 4.87M 19s
  4450K .......... .......... .......... .......... ..........  4% 5.77M 19s
  4500K .......... .......... .......... .......... ..........  4% 6.40M 19s
  4550K .......... .......... .......... .......... ..........  4% 5.81M 19s
  4600K .......... .......... .......... .......... ..........  4% 5.33M 19s
  4650K .......... .......... .......... .......... ..........  4% 6.05M 19s
  4700K .......... .......... .......... .......... ..........  4% 5.92M 19s
  4750K .......... .......... .......... .......... ..........  4% 5.66M 19s
  4800K .......... .......... .......... .......... ..........  4% 5.96M 19s
  4850K .......... .......... .......... .......... ..........  4% 5.79M 19s
  4900K .......... .......... .......... .......... ..........  4% 5.59M 19s
  4950K .......... .......... .......... .......... ..........  4% 3.64M 19s
  5000K .......... .......... .......... .......... ..........  4% 4.50M 19s
  5050K .......... .......... .......... .......... ..........  4% 6.34M 19s
  5100K .......... .......... .......... .......... ..........  4% 5.08M 19s
  5150K .......... .......... .......... .......... ..........  4% 5.30M 19s
  5200K .......... .......... .......... .......... ..........  4% 5.69M 19s
  5250K .......... .......... .......... .......... ..........  4% 6.10M 19s
  5300K .......... .......... .......... .......... ..........  5% 5.89M 19s
  5350K .......... .......... .......... .......... ..........  5% 5.36M 19s
  5400K .......... .......... .......... .......... ..........  5% 6.09M 19s
  5450K .......... .......... .......... .......... ..........  5% 6.24M 19s
  5500K .......... .......... .......... .......... ..........  5% 5.55M 19s
  5550K .......... .......... .......... .......... ..........  5% 5.08M 19s
  5600K .......... .......... .......... .......... ..........  5% 5.91M 19s
  5650K .......... .......... .......... .......... ..........  5% 5.37M 19s
  5700K .......... .......... .......... .......... ..........  5% 5.89M 18s
  5750K .......... .......... .......... .......... ..........  5% 6.04M 18s
  5800K .......... .......... .......... .......... ..........  5% 5.67M 18s
  5850K .......... .......... .......... .......... ..........  5% 5.54M 18s
  5900K .......... .......... .......... .......... ..........  5% 5.93M 18s
  5950K .......... .......... .......... .......... ..........  5% 6.14M 18s
  6000K .......... .......... .......... .......... ..........  5% 5.41M 18s
  6050K .......... .......... .......... .......... ..........  5% 5.14M 18s
  6100K .......... .......... .......... .......... ..........  5% 4.77M 18s
  6150K .......... .......... .......... .......... ..........  5% 6.01M 18s
  6200K .......... .......... .......... .......... ..........  5% 6.59M 18s
  6250K .......... .......... .......... .......... ..........  5% 6.05M 18s
  6300K .......... .......... .......... .......... ..........  5% 4.81M 18s
  6350K .......... .......... .......... .......... ..........  6% 5.99M 18s
  6400K .......... .......... .......... .......... ..........  6% 6.26M 18s
  6450K .......... .......... .......... .......... ..........  6% 5.51M 18s
  6500K .......... .......... .......... .......... ..........  6% 6.37M 18s
  6550K .......... .......... .......... .......... ..........  6% 5.31M 18s
  6600K .......... .......... .......... .......... ..........  6% 6.19M 18s
  6650K .......... .......... .......... .......... ..........  6% 6.16M 18s
  6700K .......... .......... .......... .......... ..........  6% 5.98M 18s
  6750K .......... .......... .......... .......... ..........  6% 6.93M 18s
  6800K .......... .......... .......... .......... ..........  6% 6.16M 18s
  6850K .......... .......... .......... .......... ..........  6% 7.34M 18s
  6900K .......... .......... .......... .......... ..........  6% 7.16M 18s
  6950K .......... .......... .......... .......... ..........  6% 6.93M 18s
  7000K .......... .......... .......... .......... ..........  6% 7.05M 18s
  7050K .......... .......... .......... .......... ..........  6% 6.17M 18s
  7100K .......... .......... .......... .......... ..........  6% 7.43M 18s
  7150K .......... .......... .......... .......... ..........  6% 7.46M 18s
  7200K .......... .......... .......... .......... ..........  6% 5.80M 18s
  7250K .......... .......... .......... .......... ..........  6% 6.90M 18s
  7300K .......... .......... .......... .......... ..........  6% 6.13M 18s
  7350K .......... .......... .......... .......... ..........  6% 7.20M 18s
  7400K .......... .......... .......... .......... ..........  7% 6.58M 18s
  7450K .......... .......... .......... .......... ..........  7% 6.92M 18s
  7500K .......... .......... .......... .......... ..........  7% 6.09M 18s
  7550K .......... .......... .......... .......... ..........  7% 7.22M 18s
  7600K .......... .......... .......... .......... ..........  7% 7.22M 17s
  7650K .......... .......... .......... .......... ..........  7% 8.31M 17s
  7700K .......... .......... .......... .......... ..........  7% 6.02M 17s
  7750K .......... .......... .......... .......... ..........  7% 7.46M 17s
  7800K .......... .......... .......... .......... ..........  7% 6.96M 17s
  7850K .......... .......... .......... .......... ..........  7% 7.20M 17s
  7900K .......... .......... .......... .......... ..........  7% 7.35M 17s
  7950K .......... .......... .......... .......... ..........  7% 6.57M 17s
  8000K .......... .......... .......... .......... ..........  7% 7.17M 17s
  8050K .......... .......... .......... .......... ..........  7% 7.15M 17s
  8100K .......... .......... .......... .......... ..........  7% 7.05M 17s
  8150K .......... .......... .......... .......... ..........  7% 6.07M 17s
  8200K .......... .......... .......... .......... ..........  7% 6.86M 17s
  8250K .......... .......... .......... .......... ..........  7% 7.20M 17s
  8300K .......... .......... .......... .......... ..........  7% 7.39M 17s
  8350K .......... .......... .......... .......... ..........  7% 6.67M 17s
  8400K .......... .......... .......... .......... ..........  7% 7.40M 17s
  8450K .......... .......... .......... .......... ..........  8% 7.31M 17s
  8500K .......... .......... .......... .......... ..........  8% 7.21M 17s
  8550K .......... .......... .......... .......... ..........  8% 6.44M 17s
  8600K .......... .......... .......... .......... ..........  8% 7.44M 17s
  8650K .......... .......... .......... .......... ..........  8% 7.65M 17s
  8700K .......... .......... .......... .......... ..........  8% 6.45M 17s
  8750K .......... .......... .......... .......... ..........  8% 6.37M 17s
  8800K .......... .......... .......... .......... ..........  8% 7.33M 17s
  8850K .......... .......... .......... .......... ..........  8% 7.48M 17s
  8900K .......... .......... .......... .......... ..........  8% 7.47M 17s
  8950K .......... .......... .......... .......... ..........  8% 7.50M 17s
  9000K .......... .......... .......... .......... ..........  8% 7.87M 17s
  9050K .......... .......... .......... .......... ..........  8% 7.23M 17s
  9100K .......... .......... .......... .......... ..........  8% 7.59M 17s
  9150K .......... .......... .......... .......... ..........  8% 7.34M 17s
  9200K .......... .......... .......... .......... ..........  8% 6.78M 17s
  9250K .......... .......... .......... .......... ..........  8% 9.53M 16s
  9300K .......... .......... .......... .......... ..........  8% 7.13M 16s
  9350K .......... .......... .......... .......... ..........  8% 7.26M 16s
  9400K .......... .......... .......... .......... ..........  8% 7.48M 16s
  9450K .......... .......... .......... .......... ..........  8% 6.42M 16s
  9500K .......... .......... .......... .......... ..........  9% 7.08M 16s
  9550K .......... .......... .......... .......... ..........  9% 6.58M 16s
  9600K .......... .......... .......... .......... ..........  9% 7.02M 16s
  9650K .......... .......... .......... .......... ..........  9% 6.90M 16s
  9700K .......... .......... .......... .......... ..........  9% 6.56M 16s
  9750K .......... .......... .......... .......... ..........  9% 6.30M 16s
  9800K .......... .......... .......... .......... ..........  9% 6.61M 16s
  9850K .......... .......... .......... .......... ..........  9% 6.97M 16s
  9900K .......... .......... .......... .......... ..........  9% 7.12M 16s
  9950K .......... .......... .......... .......... ..........  9% 5.84M 16s
 10000K .......... .......... .......... .......... ..........  9% 7.50M 16s
 10050K .......... .......... .......... .......... ..........  9% 6.71M 16s
 10100K .......... .......... .......... .......... ..........  9% 6.61M 16s
 10150K .......... .......... .......... .......... ..........  9% 5.67M 16s
 10200K .......... .......... .......... .......... ..........  9% 6.56M 16s
 10250K .......... .......... .......... .......... ..........  9% 6.76M 16s
 10300K .......... .......... .......... .......... ..........  9% 7.05M 16s
 10350K .......... .......... .......... .......... ..........  9% 7.32M 16s
 10400K .......... .......... .......... .......... ..........  9% 6.82M 16s
 10450K .......... .......... .......... .......... ..........  9% 6.03M 16s
 10500K .......... .......... .......... .......... ..........  9% 6.62M 16s
 10550K .......... .......... .......... .......... ..........  9% 6.43M 16s
 10600K .......... .......... .......... .......... .......... 10% 6.90M 16s
 10650K .......... .......... .......... .......... .......... 10% 6.85M 16s
 10700K .......... .......... .......... .......... .......... 10% 6.23M 16s
 10750K .......... .......... .......... .......... .......... 10% 6.94M 16s
 10800K .......... .......... .......... .......... .......... 10% 7.28M 16s
 10850K .......... .......... .......... .......... .......... 10% 6.65M 16s
 10900K .......... .......... .......... .......... .......... 10% 6.32M 16s
 10950K .......... .......... .......... .......... .......... 10% 6.68M 16s
 11000K .......... .......... .......... .......... .......... 10% 6.88M 16s
 11050K .......... .......... .......... .......... .......... 10% 6.96M 16s
 11100K .......... .......... .......... .......... .......... 10% 7.30M 16s
 11150K .......... .......... .......... .......... .......... 10% 7.01M 16s
 11200K .......... .......... .......... .......... .......... 10% 5.56M 16s
 11250K .......... .......... .......... .......... .......... 10% 6.30M 16s
 11300K .......... .......... .......... .......... .......... 10% 7.30M 16s
 11350K .......... .......... .......... .......... .......... 10% 6.21M 16s
 11400K .......... .......... .......... .......... .......... 10% 7.17M 16s
 11450K .......... .......... .......... .......... .......... 10% 6.26M 16s
 11500K .......... .......... .......... .......... .......... 10% 7.29M 16s
 11550K .......... .......... .......... .......... .......... 10% 6.24M 16s
 11600K .......... .......... .......... .......... .......... 10% 6.91M 16s
 11650K .......... .......... .......... .......... .......... 11% 7.08M 16s
 11700K .......... .......... .......... .......... .......... 11% 6.51M 16s
 11750K .......... .......... .......... .......... .......... 11% 5.87M 16s
 11800K .......... .......... .......... .......... .......... 11% 6.74M 16s
 11850K .......... .......... .......... .......... .......... 11% 6.30M 16s
 11900K .......... .......... .......... .......... .......... 11% 7.16M 16s
 11950K .......... .......... .......... .......... .......... 11% 6.43M 16s
 12000K .......... .......... .......... .......... .......... 11% 6.01M 16s
 12050K .......... .......... .......... .......... .......... 11% 7.24M 15s
 12100K .......... .......... .......... .......... .......... 11% 7.29M 15s
 12150K .......... .......... .......... .......... .......... 11% 7.27M 15s
 12200K .......... .......... .......... .......... .......... 11% 6.41M 15s
 12250K .......... .......... .......... .......... .......... 11% 7.17M 15s
 12300K .......... .......... .......... .......... .......... 11% 6.98M 15s
 12350K .......... .......... .......... .......... .......... 11% 7.16M 15s
 12400K .......... .......... .......... .......... .......... 11% 6.57M 15s
 12450K .......... .......... .......... .......... .......... 11% 8.23M 15s
 12500K .......... .......... .......... .......... .......... 11% 6.13M 15s
 12550K .......... .......... .......... .......... .......... 11% 6.93M 15s
 12600K .......... .......... .......... .......... .......... 11% 7.44M 15s
 12650K .......... .......... .......... .......... .......... 11% 7.51M 15s
 12700K .......... .......... .......... .......... .......... 12% 6.24M 15s
 12750K .......... .......... .......... .......... .......... 12% 7.55M 15s
 12800K .......... .......... .......... .......... .......... 12% 7.20M 15s
 12850K .......... .......... .......... .......... .......... 12% 7.13M 15s
 12900K .......... .......... .......... .......... .......... 12% 6.26M 15s
 12950K .......... .......... .......... .......... .......... 12% 6.90M 15s
 13000K .......... .......... .......... .......... .......... 12% 6.89M 15s
 13050K .......... .......... .......... .......... .......... 12% 7.33M 15s
 13100K .......... .......... .......... .......... .......... 12% 6.32M 15s
 13150K .......... .......... .......... .......... .......... 12% 5.76M 15s
 13200K .......... .......... .......... .......... .......... 12% 7.75M 15s
 13250K .......... .......... .......... .......... .......... 12% 7.33M 15s
 13300K .......... .......... .......... .......... .......... 12% 7.52M 15s
 13350K .......... .......... .......... .......... .......... 12% 6.50M 15s
 13400K .......... .......... .......... .......... .......... 12% 7.07M 15s
 13450K .......... .......... .......... .......... .......... 12% 7.63M 15s
 13500K .......... .......... .......... .......... .......... 12% 7.71M 15s
 13550K .......... .......... .......... .......... .......... 12% 6.49M 15s
 13600K .......... .......... .......... .......... .......... 12% 6.95M 15s
 13650K .......... .......... .......... .......... .......... 12% 6.41M 15s
 13700K .......... .......... .......... .......... .......... 12% 7.19M 15s
 13750K .......... .......... .......... .......... .......... 13% 7.22M 15s
 13800K .......... .......... .......... .......... .......... 13% 6.96M 15s
 13850K .......... .......... .......... .......... .......... 13% 5.46M 15s
 13900K .......... .......... .......... .......... .......... 13% 6.81M 15s
 13950K .......... .......... .......... .......... .......... 13% 6.81M 15s
 14000K .......... .......... .......... .......... .......... 13% 6.93M 15s
 14050K .......... .......... .......... .......... .......... 13% 6.03M 15s
 14100K .......... .......... .......... .......... .......... 13% 6.78M 15s
 14150K .......... .......... .......... .......... .......... 13% 6.31M 15s
 14200K .......... .......... .......... .......... .......... 13% 6.72M 15s
 14250K .......... .......... .......... .......... .......... 13% 7.01M 15s
 14300K .......... .......... .......... .......... .......... 13% 5.90M 15s
 14350K .......... .......... .......... .......... .......... 13% 6.74M 15s
 14400K .......... .......... .......... .......... .......... 13% 7.16M 15s
 14450K .......... .......... .......... .......... .......... 13% 6.57M 15s
 14500K .......... .......... .......... .......... .......... 13% 5.86M 15s
 14550K .......... .......... .......... .......... .......... 13% 6.99M 15s
 14600K .......... .......... .......... .......... .......... 13% 7.11M 15s
 14650K .......... .......... .......... .......... .......... 13% 6.93M 15s
 14700K .......... .......... .......... .......... .......... 13% 6.39M 15s
 14750K .......... .......... .......... .......... .......... 13% 7.12M 15s
 14800K .......... .......... .......... .......... .......... 14% 5.81M 15s
 14850K .......... .......... .......... .......... .......... 14% 7.41M 15s
 14900K .......... .......... .......... .......... .......... 14% 6.87M 15s
 14950K .......... .......... .......... .......... .......... 14% 7.26M 15s
 15000K .......... .......... .......... .......... .......... 14% 5.81M 15s
 15050K .......... .......... .......... .......... .......... 14% 7.09M 15s
 15100K .......... .......... .......... .......... .......... 14% 7.01M 15s
 15150K .......... .......... .......... .......... .......... 14% 7.01M 15s
 15200K .......... .......... .......... .......... .......... 14% 6.33M 15s
 15250K .......... .......... .......... .......... .......... 14% 6.43M 15s
 15300K .......... .......... .......... .......... .......... 14% 6.55M 15s
 15350K .......... .......... .......... .......... .......... 14% 6.38M 15s
 15400K .......... .......... .......... .......... .......... 14% 6.70M 15s
 15450K .......... .......... .......... .......... .......... 14% 6.35M 15s
 15500K .......... .......... .......... .......... .......... 14% 6.70M 14s
 15550K .......... .......... .......... .......... .......... 14% 7.18M 14s
 15600K .......... .......... .......... .......... .......... 14% 6.97M 14s
 15650K .......... .......... .......... .......... .......... 14% 5.79M 14s
 15700K .......... .......... .......... .......... .......... 14% 6.94M 14s
 15750K .......... .......... .......... .......... .......... 14% 6.77M 14s
 15800K .......... .......... .......... .......... .......... 14% 6.24M 14s
 15850K .......... .......... .......... .......... .......... 14% 6.37M 14s
 15900K .......... .......... .......... .......... .......... 15% 6.95M 14s
 15950K .......... .......... .......... .......... .......... 15% 7.01M 14s
 16000K .......... .......... .......... .......... .......... 15% 7.28M 14s
 16050K .......... .......... .......... .......... .......... 15% 6.27M 14s
 16100K .......... .......... .......... .......... .......... 15% 7.20M 14s
 16150K .......... .......... .......... .......... .......... 15% 7.05M 14s
 16200K .......... .......... .......... .......... .......... 15% 6.67M 14s
 16250K .......... .......... .......... .......... .......... 15% 6.21M 14s
 16300K .......... .......... .......... .......... .......... 15% 6.68M 14s
 16350K .......... .......... .......... .......... .......... 15% 6.85M 14s
 16400K .......... .......... .......... .......... .......... 15% 6.59M 14s
 16450K .......... .......... .......... .......... .......... 15% 7.13M 14s
 16500K .......... .......... .......... .......... .......... 15% 6.55M 14s
 16550K .......... .......... .......... .......... .......... 15% 7.10M 14s
 16600K .......... .......... .......... .......... .......... 15% 6.30M 14s
 16650K .......... .......... .......... .......... .......... 15% 6.70M 14s
 16700K .......... .......... .......... .......... .......... 15% 7.03M 14s
 16750K .......... .......... .......... .......... .......... 15% 6.96M 14s
 16800K .......... .......... .......... .......... .......... 15% 7.00M 14s
 16850K .......... .......... .......... .......... .......... 15% 5.96M 14s
 16900K .......... .......... .......... .......... .......... 15% 5.99M 14s
 16950K .......... .......... .......... .......... .......... 16% 6.48M 14s
 17000K .......... .......... .......... .......... .......... 16% 6.54M 14s
 17050K .......... .......... .......... .......... .......... 16% 6.59M 14s
 17100K .......... .......... .......... .......... .......... 16% 7.24M 14s
 17150K .......... .......... .......... .......... .......... 16% 6.80M 14s
 17200K .......... .......... .......... .......... .......... 16% 5.15M 14s
 17250K .......... .......... .......... .......... .......... 16% 6.20M 14s
 17300K .......... .......... .......... .......... .......... 16% 5.95M 14s
 17350K .......... .......... .......... .......... .......... 16% 6.03M 14s
 17400K .......... .......... .......... .......... .......... 16% 5.48M 14s
 17450K .......... .......... .......... .......... .......... 16% 6.20M 14s
 17500K .......... .......... .......... .......... .......... 16% 5.38M 14s
 17550K .......... .......... .......... .......... .......... 16% 6.40M 14s
 17600K .......... .......... .......... .......... .......... 16% 5.96M 14s
 17650K .......... .......... .......... .......... .......... 16% 5.45M 14s
 17700K .......... .......... .......... .......... .......... 16% 6.52M 14s
 17750K .......... .......... .......... .......... .......... 16% 6.31M 14s
 17800K .......... .......... .......... .......... .......... 16% 5.71M 14s
 17850K .......... .......... .......... .......... .......... 16% 4.90M 14s
 17900K .......... .......... .......... .......... .......... 16% 7.29M 14s
 17950K .......... .......... .......... .......... .......... 16% 6.93M 14s
 18000K .......... .......... .......... .......... .......... 17% 6.22M 14s
 18050K .......... .......... .......... .......... .......... 17% 6.05M 14s
 18100K .......... .......... .......... .......... .......... 17% 7.17M 14s
 18150K .......... .......... .......... .......... .......... 17% 7.07M 14s
 18200K .......... .......... .......... .......... .......... 17% 6.73M 14s
 18250K .......... .......... .......... .......... .......... 17% 6.47M 14s
 18300K .......... .......... .......... .......... .......... 17% 7.12M 14s
 18350K .......... .......... .......... .......... .......... 17% 7.25M 14s
 18400K .......... .......... .......... .......... .......... 17% 6.91M 14s
 18450K .......... .......... .......... .......... .......... 17% 5.74M 14s
 18500K .......... .......... .......... .......... .......... 17% 7.05M 14s
 18550K .......... .......... .......... .......... .......... 17% 6.89M 14s
 18600K .......... .......... .......... .......... .......... 17% 5.93M 14s
 18650K .......... .......... .......... .......... .......... 17% 5.74M 14s
 18700K .......... .......... .......... .......... .......... 17% 7.27M 14s
 18750K .......... .......... .......... .......... .......... 17% 7.11M 14s
 18800K .......... .......... .......... .......... .......... 17% 6.79M 14s
 18850K .......... .......... .......... .......... .......... 17% 7.41M 14s
 18900K .......... .......... .......... .......... .......... 17% 6.56M 14s
 18950K .......... .......... .......... .......... .......... 17% 6.86M 14s
 19000K .......... .......... .......... .......... .......... 17% 7.38M 14s
 19050K .......... .......... .......... .......... .......... 18% 6.92M 14s
 19100K .......... .......... .......... .......... .......... 18% 5.89M 14s
 19150K .......... .......... .......... .......... .......... 18% 7.36M 14s
 19200K .......... .......... .......... .......... .......... 18% 7.16M 14s
 19250K .......... .......... .......... .......... .......... 18% 6.81M 14s
 19300K .......... .......... .......... .......... .......... 18% 6.05M 14s
 19350K .......... .......... .......... .......... .......... 18% 8.42M 14s
 19400K .......... .......... .......... .......... .......... 18% 6.32M 14s
 19450K .......... .......... .......... .......... .......... 18% 6.83M 14s
 19500K .......... .......... .......... .......... .......... 18% 7.01M 14s
 19550K .......... .......... .......... .......... .......... 18% 6.75M 14s
 19600K .......... .......... .......... .......... .......... 18% 5.64M 14s
 19650K .......... .......... .......... .......... .......... 18% 6.47M 14s
 19700K .......... .......... .......... .......... .......... 18% 5.99M 14s
 19750K .......... .......... .......... .......... .......... 18% 6.89M 14s
 19800K .......... .......... .......... .......... .......... 18% 5.97M 14s
 19850K .......... .......... .......... .......... .......... 18% 6.07M 14s
 19900K .......... .......... .......... .......... .......... 18% 6.94M 14s
 19950K .......... .......... .......... .......... .......... 18% 6.98M 14s
 20000K .......... .......... .......... .......... .......... 18% 6.70M 14s
 20050K .......... .......... .......... .......... .......... 18% 5.68M 14s
 20100K .......... .......... .......... .......... .......... 18% 6.79M 14s
 20150K .......... .......... .......... .......... .......... 19% 6.71M 14s
 20200K .......... .......... .......... .......... .......... 19% 7.02M 14s
 20250K .......... .......... .......... .......... .......... 19% 6.12M 14s
 20300K .......... .......... .......... .......... .......... 19% 7.09M 14s
 20350K .......... .......... .......... .......... .......... 19% 6.18M 14s
 20400K .......... .......... .......... .......... .......... 19% 6.30M 14s
 20450K .......... .......... .......... .......... .......... 19% 6.80M 13s
 20500K .......... .......... .......... .......... .......... 19% 6.87M 13s
 20550K .......... .......... .......... .......... .......... 19% 6.89M 13s
 20600K .......... .......... .......... .......... .......... 19% 6.05M 13s
 20650K .......... .......... .......... .......... .......... 19% 6.94M 13s
 20700K .......... .......... .......... .......... .......... 19% 6.17M 13s
 20750K .......... .......... .......... .......... .......... 19% 7.13M 13s
 20800K .......... .......... .......... .......... .......... 19% 6.61M 13s
 20850K .......... .......... .......... .......... .......... 19% 6.91M 13s
 20900K .......... .......... .......... .......... .......... 19% 7.55M 13s
 20950K .......... .......... .......... .......... .......... 19% 7.32M 13s
 21000K .......... .......... .......... .......... .......... 19% 6.39M 13s
 21050K .......... .......... .......... .......... .......... 19% 7.72M 13s
 21100K .......... .......... .......... .......... .......... 19% 7.70M 13s
 21150K .......... .......... .......... .......... .......... 19% 7.60M 13s
 21200K .......... .......... .......... .......... .......... 20% 6.16M 13s
 21250K .......... .......... .......... .......... .......... 20% 6.08M 13s
 21300K .......... .......... .......... .......... .......... 20% 7.09M 13s
 21350K .......... .......... .......... .......... .......... 20% 7.28M 13s
 21400K .......... .......... .......... .......... .......... 20% 7.55M 13s
 21450K .......... .......... .......... .......... .......... 20% 7.32M 13s
 21500K .......... .......... .......... .......... .......... 20% 6.33M 13s
 21550K .......... .......... .......... .......... .......... 20% 7.14M 13s
 21600K .......... .......... .......... .......... .......... 20% 7.47M 13s
 21650K .......... .......... .......... .......... .......... 20% 7.60M 13s
 21700K .......... .......... .......... .......... .......... 20% 6.66M 13s
 21750K .......... .......... .......... .......... .......... 20% 7.20M 13s
 21800K .......... .......... .......... .......... .......... 20% 7.33M 13s
 21850K .......... .......... .......... .......... .......... 20% 6.83M 13s
 21900K .......... .......... .......... .......... .......... 20% 6.93M 13s
 21950K .......... .......... .......... .......... .......... 20% 5.71M 13s
 22000K .......... .......... .......... .......... .......... 20% 7.06M 13s
 22050K .......... .......... .......... .......... .......... 20% 6.91M 13s
 22100K .......... .......... .......... .......... .......... 20% 6.76M 13s
 22150K .......... .......... .......... .......... .......... 20% 5.87M 13s
 22200K .......... .......... .......... .......... .......... 20% 7.19M 13s
 22250K .......... .......... .......... .......... .......... 21% 6.89M 13s
 22300K .......... .......... .......... .......... .......... 21% 6.29M 13s
 22350K .......... .......... .......... .......... .......... 21% 7.17M 13s
 22400K .......... .......... .......... .......... .......... 21% 7.31M 13s
 22450K .......... .......... .......... .......... .......... 21% 7.11M 13s
 22500K .......... .......... .......... .......... .......... 21% 5.70M 13s
 22550K .......... .......... .......... .......... .......... 21% 7.02M 13s
 22600K .......... .......... .......... .......... .......... 21% 6.74M 13s
 22650K .......... .......... .......... .......... .......... 21% 6.61M 13s
 22700K .......... .......... .......... .......... .......... 21% 5.70M 13s
 22750K .......... .......... .......... .......... .......... 21% 6.20M 13s
 22800K .......... .......... .......... .......... .......... 21% 6.84M 13s
 22850K .......... .......... .......... .......... .......... 21% 5.94M 13s
 22900K .......... .......... .......... .......... .......... 21% 6.33M 13s
 22950K .......... .......... .......... .......... .......... 21% 5.98M 13s
 23000K .......... .......... .......... .......... .......... 21% 6.35M 13s
 23050K .......... .......... .......... .......... .......... 21% 6.71M 13s
 23100K .......... .......... .......... .......... .......... 21% 6.87M 13s
 23150K .......... .......... .......... .......... .......... 21% 5.44M 13s
 23200K .......... .......... .......... .......... .......... 21% 5.83M 13s
 23250K .......... .......... .......... .......... .......... 21% 6.23M 13s
 23300K .......... .......... .......... .......... .......... 22% 6.43M 13s
 23350K .......... .......... .......... .......... .......... 22% 5.64M 13s
 23400K .......... .......... .......... .......... .......... 22% 7.01M 13s
 23450K .......... .......... .......... .......... .......... 22% 5.94M 13s
 23500K .......... .......... .......... .......... .......... 22% 5.92M 13s
 23550K .......... .......... .......... .......... .......... 22% 6.47M 13s
 23600K .......... .......... .......... .......... .......... 22% 5.96M 13s
 23650K .......... .......... .......... .......... .......... 22% 5.63M 13s
 23700K .......... .......... .......... .......... .......... 22% 5.90M 13s
 23750K .......... .......... .......... .......... .......... 22% 6.30M 13s
 23800K .......... .......... .......... .......... .......... 22% 6.39M 13s
 23850K .......... .......... .......... .......... .......... 22% 5.41M 13s
 23900K .......... .......... .......... .......... .......... 22% 5.91M 13s
 23950K .......... .......... .......... .......... .......... 22% 6.39M 13s
 24000K .......... .......... .......... .......... .......... 22% 6.07M 13s
 24050K .......... .......... .......... .......... .......... 22% 5.98M 13s
 24100K .......... .......... .......... .......... .......... 22% 5.26M 13s
 24150K .......... .......... .......... .......... .......... 22% 6.47M 13s
 24200K .......... .......... .......... .......... .......... 22% 6.27M 13s
 24250K .......... .......... .......... .......... .......... 22% 5.96M 13s
 24300K .......... .......... .......... .......... .......... 22% 5.25M 13s
 24350K .......... .......... .......... .......... .......... 23% 6.51M 13s
 24400K .......... .......... .......... .......... .......... 23% 6.36M 13s
 24450K .......... .......... .......... .......... .......... 23% 6.44M 13s
 24500K .......... .......... .......... .......... .......... 23% 5.01M 13s
 24550K .......... .......... .......... .......... .......... 23% 6.56M 13s
 24600K .......... .......... .......... .......... .......... 23% 5.68M 13s
 24650K .......... .......... .......... .......... .......... 23% 6.00M 13s
 24700K .......... .......... .......... .......... .......... 23% 6.12M 13s
 24750K .......... .......... .......... .......... .......... 23% 6.36M 13s
 24800K .......... .......... .......... .......... .......... 23% 5.42M 13s
 24850K .......... .......... .......... .......... .......... 23% 6.22M 13s
 24900K .......... .......... .......... .......... .......... 23% 6.57M 13s
 24950K .......... .......... .......... .......... .......... 23% 6.64M 13s
 25000K .......... .......... .......... .......... .......... 23% 5.66M 13s
 25050K .......... .......... .......... .......... .......... 23% 6.40M 13s
 25100K .......... .......... .......... .......... .......... 23% 6.73M 13s
 25150K .......... .......... .......... .......... .......... 23% 6.34M 13s
 25200K .......... .......... .......... .......... .......... 23% 6.31M 13s
 25250K .......... .......... .......... .......... .......... 23% 5.69M 13s
 25300K .......... .......... .......... .......... .......... 23% 6.49M 13s
 25350K .......... .......... .......... .......... .......... 23% 6.41M 13s
 25400K .......... .......... .......... .......... .......... 23% 6.56M 13s
 25450K .......... .......... .......... .......... .......... 24% 5.59M 13s
 25500K .......... .......... .......... .......... .......... 24% 6.45M 13s
 25550K .......... .......... .......... .......... .......... 24% 6.98M 13s
 25600K .......... .......... .......... .......... .......... 24% 6.71M 13s
 25650K .......... .......... .......... .......... .......... 24% 5.47M 13s
 25700K .......... .......... .......... .......... .......... 24% 6.69M 13s
 25750K .......... .......... .......... .......... .......... 24% 5.94M 13s
 25800K .......... .......... .......... .......... .......... 24% 6.56M 13s
 25850K .......... .......... .......... .......... .......... 24% 6.18M 13s
 25900K .......... .......... .......... .......... .......... 24% 5.92M 13s
 25950K .......... .......... .......... .......... .......... 24% 5.42M 13s
 26000K .......... .......... .......... .......... .......... 24% 6.28M 13s
 26050K .......... .......... .......... .......... .......... 24% 6.63M 13s
 26100K .......... .......... .......... .......... .......... 24% 5.90M 13s
 26150K .......... .......... .......... .......... .......... 24% 5.47M 13s
 26200K .......... .......... .......... .......... .......... 24% 6.14M 13s
 26250K .......... .......... .......... .......... .......... 24% 5.86M 13s
 26300K .......... .......... .......... .......... .......... 24% 6.40M 12s
 26350K .......... .......... .......... .......... .......... 24% 6.17M 12s
 26400K .......... .......... .......... .......... .......... 24% 5.52M 12s
 26450K .......... .......... .......... .......... .......... 24% 6.19M 12s
 26500K .......... .......... .......... .......... .......... 25% 6.29M 12s
 26550K .......... .......... .......... .......... .......... 25% 6.59M 12s
 26600K .......... .......... .......... .......... .......... 25% 5.43M 12s
 26650K .......... .......... .......... .......... .......... 25% 6.33M 12s
 26700K .......... .......... .......... .......... .......... 25% 6.54M 12s
 26750K .......... .......... .......... .......... .......... 25% 5.94M 12s
 26800K .......... .......... .......... .......... .......... 25% 5.86M 12s
 26850K .......... .......... .......... .......... .......... 25% 7.08M 12s
 26900K .......... .......... .......... .......... .......... 25% 5.65M 12s
 26950K .......... .......... .......... .......... .......... 25% 6.31M 12s
 27000K .......... .......... .......... .......... .......... 25% 6.50M 12s
 27050K .......... .......... .......... .......... .......... 25% 5.34M 12s
 27100K .......... .......... .......... .......... .......... 25% 5.40M 12s
 27150K .......... .......... .......... .......... .......... 25% 6.53M 12s
 27200K .......... .......... .......... .......... .......... 25% 6.31M 12s
 27250K .......... .......... .......... .......... .......... 25% 5.89M 12s
 27300K .......... .......... .......... .......... .......... 25% 5.60M 12s
 27350K .......... .......... .......... .......... .......... 25% 6.14M 12s
 27400K .......... .......... .......... .......... .......... 25% 5.82M 12s
 27450K .......... .......... .......... .......... .......... 25% 5.89M 12s
 27500K .......... .......... .......... .......... .......... 25% 6.11M 12s
 27550K .......... .......... .......... .......... .......... 26% 5.62M 12s
 27600K .......... .......... .......... .......... .......... 26% 6.85M 12s
 27650K .......... .......... .......... .......... .......... 26% 5.94M 12s
 27700K .......... .......... .......... .......... .......... 26% 6.81M 12s
 27750K .......... .......... .......... .......... .......... 26% 5.66M 12s
 27800K .......... .......... .......... .......... .......... 26% 5.65M 12s
 27850K .......... .......... .......... .......... .......... 26% 5.99M 12s
 27900K .......... .......... .......... .......... .......... 26% 6.29M 12s
 27950K .......... .......... .......... .......... .......... 26% 5.61M 12s
 28000K .......... .......... .......... .......... .......... 26% 6.72M 12s
 28050K .......... .......... .......... .......... .......... 26% 5.39M 12s
 28100K .......... .......... .......... .......... .......... 26% 6.52M 12s
 28150K .......... .......... .......... .......... .......... 26% 6.49M 12s
 28200K .......... .......... .......... .......... .......... 26% 6.61M 12s
 28250K .......... .......... .......... .......... .......... 26% 5.47M 12s
 28300K .......... .......... .......... .......... .......... 26% 6.57M 12s
 28350K .......... .......... .......... .......... .......... 26% 6.39M 12s
 28400K .......... .......... .......... .......... .......... 26% 6.32M 12s
 28450K .......... .......... .......... .......... .......... 26% 5.65M 12s
 28500K .......... .......... .......... .......... .......... 26% 6.44M 12s
 28550K .......... .......... .......... .......... .......... 26% 5.75M 12s
 28600K .......... .......... .......... .......... .......... 27% 6.55M 12s
 28650K .......... .......... .......... .......... .......... 27% 6.41M 12s
 28700K .......... .......... .......... .......... .......... 27% 5.24M 12s
 28750K .......... .......... .......... .......... .......... 27% 6.37M 12s
 28800K .......... .......... .......... .......... .......... 27% 6.04M 12s
 28850K .......... .......... .......... .......... .......... 27% 6.42M 12s
 28900K .......... .......... .......... .......... .......... 27% 5.14M 12s
 28950K .......... .......... .......... .......... .......... 27% 6.42M 12s
 29000K .......... .......... .......... .......... .......... 27% 6.26M 12s
 29050K .......... .......... .......... .......... .......... 27% 6.41M 12s
 29100K .......... .......... .......... .......... .......... 27% 5.72M 12s
 29150K .......... .......... .......... .......... .......... 27% 6.85M 12s
 29200K .......... .......... .......... .......... .......... 27% 5.76M 12s
 29250K .......... .......... .......... .......... .......... 27% 6.21M 12s
 29300K .......... .......... .......... .......... .......... 27% 6.18M 12s
 29350K .......... .......... .......... .......... .......... 27% 6.57M 12s
 29400K .......... .......... .......... .......... .......... 27% 5.28M 12s
 29450K .......... .......... .......... .......... .......... 27% 5.90M 12s
 29500K .......... .......... .......... .......... .......... 27% 6.32M 12s
 29550K .......... .......... .......... .......... .......... 27% 5.97M 12s
 29600K .......... .......... .......... .......... .......... 27% 5.42M 12s
 29650K .......... .......... .......... .......... .......... 28% 6.62M 12s
 29700K .......... .......... .......... .......... .......... 28% 5.88M 12s
 29750K .......... .......... .......... .......... .......... 28% 6.38M 12s
 29800K .......... .......... .......... .......... .......... 28% 6.04M 12s
 29850K .......... .......... .......... .......... .......... 28% 5.50M 12s
 29900K .......... .......... .......... .......... .......... 28% 6.21M 12s
 29950K .......... .......... .......... .......... .......... 28% 5.94M 12s
 30000K .......... .......... .......... .......... .......... 28% 6.69M 12s
 30050K .......... .......... .......... .......... .......... 28% 5.54M 12s
 30100K .......... .......... .......... .......... .......... 28% 6.46M 12s
 30150K .......... .......... .......... .......... .......... 28% 6.65M 12s
 30200K .......... .......... .......... .......... .......... 28% 6.29M 12s
 30250K .......... .......... .......... .......... .......... 28% 5.96M 12s
 30300K .......... .......... .......... .......... .......... 28% 6.07M 12s
 30350K .......... .......... .......... .......... .......... 28% 5.25M 12s
 30400K .......... .......... .......... .......... .......... 28% 6.77M 12s
 30450K .......... .......... .......... .......... .......... 28% 6.07M 12s
 30500K .......... .......... .......... .......... .......... 28% 6.54M 12s
 30550K .......... .......... .......... .......... .......... 28% 5.46M 12s
 30600K .......... .......... .......... .......... .......... 28% 5.56M 12s
 30650K .......... .......... .......... .......... .......... 28% 6.70M 12s
 30700K .......... .......... .......... .......... .......... 28% 6.13M 12s
 30750K .......... .......... .......... .......... .......... 29% 5.52M 12s
 30800K .......... .......... .......... .......... .......... 29% 5.90M 12s
 30850K .......... .......... .......... .......... .......... 29% 6.10M 12s
 30900K .......... .......... .......... .......... .......... 29% 6.42M 12s
 30950K .......... .......... .......... .......... .......... 29% 4.86M 12s
 31000K .......... .......... .......... .......... .......... 29% 6.14M 12s
 31050K .......... .......... .......... .......... .......... 29% 6.92M 12s
 31100K .......... .......... .......... .......... .......... 29% 6.93M 12s
 31150K .......... .......... .......... .......... .......... 29% 5.63M 12s
 31200K .......... .......... .......... .......... .......... 29% 6.60M 12s
 31250K .......... .......... .......... .......... .......... 29% 6.56M 12s
 31300K .......... .......... .......... .......... .......... 29% 6.14M 12s
 31350K .......... .......... .......... .......... .......... 29% 5.41M 12s
 31400K .......... .......... .......... .......... .......... 29% 6.13M 12s
 31450K .......... .......... .......... .......... .......... 29% 6.16M 12s
 31500K .......... .......... .......... .......... .......... 29% 6.35M 12s
 31550K .......... .......... .......... .......... .......... 29% 6.15M 12s
 31600K .......... .......... .......... .......... .......... 29% 5.81M 12s
 31650K .......... .......... .......... .......... .......... 29% 6.21M 12s
 31700K .......... .......... .......... .......... .......... 29% 5.96M 12s
 31750K .......... .......... .......... .......... .......... 29% 6.57M 12s
 31800K .......... .......... .......... .......... .......... 30% 5.83M 12s
 31850K .......... .......... .......... .......... .......... 30% 6.21M 12s
 31900K .......... .......... .......... .......... .......... 30% 6.31M 12s
 31950K .......... .......... .......... .......... .......... 30% 6.27M 12s
 32000K .......... .......... .......... .......... .......... 30% 5.86M 12s
 32050K .......... .......... .......... .......... .......... 30% 6.44M 12s
 32100K .......... .......... .......... .......... .......... 30% 5.52M 12s
 32150K .......... .......... .......... .......... .......... 30% 6.55M 12s
 32200K .......... .......... .......... .......... .......... 30% 6.65M 12s
 32250K .......... .......... .......... .......... .......... 30% 6.95M 12s
 32300K .......... .......... .......... .......... .......... 30% 5.56M 12s
 32350K .......... .......... .......... .......... .......... 30% 6.14M 12s
 32400K .......... .......... .......... .......... .......... 30% 5.44M 12s
 32450K .......... .......... .......... .......... .......... 30% 6.28M 12s
 32500K .......... .......... .......... .......... .......... 30% 5.40M 12s
 32550K .......... .......... .......... .......... .......... 30% 6.14M 12s
 32600K .......... .......... .......... .......... .......... 30% 6.73M 12s
 32650K .......... .......... .......... .......... .......... 30% 6.52M 12s
 32700K .......... .......... .......... .......... .......... 30% 6.49M 12s
 32750K .......... .......... .......... .......... .......... 30% 5.79M 12s
 32800K .......... .......... .......... .......... .......... 30% 6.68M 12s
 32850K .......... .......... .......... .......... .......... 31% 6.27M 12s
 32900K .......... .......... .......... .......... .......... 31% 6.71M 12s
 32950K .......... .......... .......... .......... .......... 31% 5.93M 12s
 33000K .......... .......... .......... .......... .......... 31% 6.68M 11s
 33050K .......... .......... .......... .......... .......... 31% 5.50M 11s
 33100K .......... .......... .......... .......... .......... 31% 5.49M 11s
 33150K .......... .......... .......... .......... .......... 31% 6.29M 11s
 33200K .......... .......... .......... .......... .......... 31% 6.59M 11s
 33250K .......... .......... .......... .......... .......... 31% 5.81M 11s
 33300K .......... .......... .......... .......... .......... 31% 6.11M 11s
 33350K .......... .......... .......... .......... .......... 31% 6.24M 11s
 33400K .......... .......... .......... .......... .......... 31% 6.35M 11s
 33450K .......... .......... .......... .......... .......... 31% 5.62M 11s
 33500K .......... .......... .......... .......... .......... 31% 6.06M 11s
 33550K .......... .......... .......... .......... .......... 31% 5.88M 11s
 33600K .......... .......... .......... .......... .......... 31% 7.22M 11s
 33650K .......... .......... .......... .......... .......... 31% 6.11M 11s
 33700K .......... .......... .......... .......... .......... 31% 6.29M 11s
 33750K .......... .......... .......... .......... .......... 31% 6.03M 11s
 33800K .......... .......... .......... .......... .......... 31% 6.37M 11s
 33850K .......... .......... .......... .......... .......... 31% 5.68M 11s
 33900K .......... .......... .......... .......... .......... 32% 6.51M 11s
 33950K .......... .......... .......... .......... .......... 32% 6.51M 11s
 34000K .......... .......... .......... .......... .......... 32% 5.64M 11s
 34050K .......... .......... .......... .......... .......... 32% 5.65M 11s
 34100K .......... .......... .......... .......... .......... 32% 6.50M 11s
 34150K .......... .......... .......... .......... .......... 32% 5.40M 11s
 34200K .......... .......... .......... .......... .......... 32% 5.61M 11s
 34250K .......... .......... .......... .......... .......... 32% 6.16M 11s
 34300K .......... .......... .......... .......... .......... 32% 5.58M 11s
 34350K .......... .......... .......... .......... .......... 32% 5.52M 11s
 34400K .......... .......... .......... .......... .......... 32% 6.07M 11s
 34450K .......... .......... .......... .......... .......... 32% 5.77M 11s
 34500K .......... .......... .......... .......... .......... 32% 6.37M 11s
 34550K .......... .......... .......... .......... .......... 32% 4.85M 11s
 34600K .......... .......... .......... .......... .......... 32% 6.04M 11s
 34650K .......... .......... .......... .......... .......... 32% 6.07M 11s
 34700K .......... .......... .......... .......... .......... 32% 5.68M 11s
 34750K .......... .......... .......... .......... .......... 32% 6.16M 11s
 34800K .......... .......... .......... .......... .......... 32% 5.39M 11s
 34850K .......... .......... .......... .......... .......... 32% 5.93M 11s
 34900K .......... .......... .......... .......... .......... 32% 6.33M 11s
 34950K .......... .......... .......... .......... .......... 32% 6.07M 11s
 35000K .......... .......... .......... .......... .......... 33% 4.99M 11s
 35050K .......... .......... .......... .......... .......... 33% 5.88M 11s
 35100K .......... .......... .......... .......... .......... 33% 6.57M 11s
 35150K .......... .......... .......... .......... .......... 33% 6.58M 11s
 35200K .......... .......... .......... .......... .......... 33% 5.46M 11s
 35250K .......... .......... .......... .......... .......... 33% 6.64M 11s
 35300K .......... .......... .......... .......... .......... 33% 5.83M 11s
 35350K .......... .......... .......... .......... .......... 33% 6.97M 11s
 35400K .......... .......... .......... .......... .......... 33% 6.20M 11s
 35450K .......... .......... .......... .......... .......... 33% 6.29M 11s
 35500K .......... .......... .......... .......... .......... 33% 5.48M 11s
 35550K .......... .......... .......... .......... .......... 33% 6.55M 11s
 35600K .......... .......... .......... .......... .......... 33% 6.09M 11s
 35650K .......... .......... .......... .......... .......... 33% 6.16M 11s
 35700K .......... .......... .......... .......... .......... 33% 5.77M 11s
 35750K .......... .......... .......... .......... .......... 33% 6.49M 11s
 35800K .......... .......... .......... .......... .......... 33% 6.36M 11s
 35850K .......... .......... .......... .......... .......... 33% 6.75M 11s
 35900K .......... .......... .......... .......... .......... 33% 6.10M 11s
 35950K .......... .......... .......... .......... .......... 33% 5.17M 11s
 36000K .......... .......... .......... .......... .......... 33% 6.54M 11s
 36050K .......... .......... .......... .......... .......... 34% 5.85M 11s
 36100K .......... .......... .......... .......... .......... 34% 6.18M 11s
 36150K .......... .......... .......... .......... .......... 34% 5.14M 11s
 36200K .......... .......... .......... .......... .......... 34% 5.76M 11s
 36250K .......... .......... .......... .......... .......... 34% 6.67M 11s
 36300K .......... .......... .......... .......... .......... 34% 6.00M 11s
 36350K .......... .......... .......... .......... .......... 34% 6.61M 11s
 36400K .......... .......... .......... .......... .......... 34% 7.41M 11s
 36450K .......... .......... .......... .......... .......... 34% 5.76M 11s
 36500K .......... .......... .......... .......... .......... 34% 6.83M 11s
 36550K .......... .......... .......... .......... .......... 34% 6.48M 11s
 36600K .......... .......... .......... .......... .......... 34% 6.95M 11s
 36650K .......... .......... .......... .......... .......... 34% 5.68M 11s
 36700K .......... .......... .......... .......... .......... 34% 6.80M 11s
 36750K .......... .......... .......... .......... .......... 34% 6.65M 11s
 36800K .......... .......... .......... .......... .......... 34% 6.83M 11s
 36850K .......... .......... .......... .......... .......... 34% 6.28M 11s
 36900K .......... .......... .......... .......... .......... 34% 6.76M 11s
 36950K .......... .......... .......... .......... .......... 34% 5.26M 11s
 37000K .......... .......... .......... .......... .......... 34% 7.24M 11s
 37050K .......... .......... .......... .......... .......... 34% 6.70M 11s
 37100K .......... .......... .......... .......... .......... 35% 5.58M 11s
 37150K .......... .......... .......... .......... .......... 35% 6.86M 11s
 37200K .......... .......... .......... .......... .......... 35% 7.22M 11s
 37250K .......... .......... .......... .......... .......... 35% 7.21M 11s
 37300K .......... .......... .......... .......... .......... 35% 5.98M 11s
 37350K .......... .......... .......... .......... .......... 35% 7.20M 11s
 37400K .......... .......... .......... .......... .......... 35% 7.19M 11s
 37450K .......... .......... .......... .......... .......... 35% 6.08M 11s
 37500K .......... .......... .......... .......... .......... 35% 7.09M 11s
 37550K .......... .......... .......... .......... .......... 35% 7.78M 11s
 37600K .......... .......... .......... .......... .......... 35% 5.90M 11s
 37650K .......... .......... .......... .......... .......... 35% 6.68M 11s
 37700K .......... .......... .......... .......... .......... 35% 7.70M 11s
 37750K .......... .......... .......... .......... .......... 35% 7.96M 11s
 37800K .......... .......... .......... .......... .......... 35% 6.19M 11s
 37850K .......... .......... .......... .......... .......... 35% 7.28M 11s
 37900K .......... .......... .......... .......... .......... 35% 8.14M 11s
 37950K .......... .......... .......... .......... .......... 35% 8.02M 11s
 38000K .......... .......... .......... .......... .......... 35% 4.48M 11s
 38050K .......... .......... .......... .......... .......... 35% 6.36M 11s
 38100K .......... .......... .......... .......... .......... 35% 7.15M 11s
 38150K .......... .......... .......... .......... .......... 36% 5.87M 11s
 38200K .......... .......... .......... .......... .......... 36% 6.14M 11s
 38250K .......... .......... .......... .......... .......... 36% 6.03M 11s
 38300K .......... .......... .......... .......... .......... 36% 5.90M 11s
 38350K .......... .......... .......... .......... .......... 36% 6.72M 11s
 38400K .......... .......... .......... .......... .......... 36% 6.29M 11s
 38450K .......... .......... .......... .......... .......... 36% 5.86M 11s
 38500K .......... .......... .......... .......... .......... 36% 6.90M 11s
 38550K .......... .......... .......... .......... .......... 36% 6.98M 11s
 38600K .......... .......... .......... .......... .......... 36% 6.85M 11s
 38650K .......... .......... .......... .......... .......... 36% 6.56M 11s
 38700K .......... .......... .......... .......... .......... 36% 6.62M 11s
 38750K .......... .......... .......... .......... .......... 36% 6.26M 11s
 38800K .......... .......... .......... .......... .......... 36% 5.67M 11s
 38850K .......... .......... .......... .......... .......... 36% 6.71M 11s
 38900K .......... .......... .......... .......... .......... 36% 6.19M 11s
 38950K .......... .......... .......... .......... .......... 36% 5.79M 11s
 39000K .......... .......... .......... .......... .......... 36% 7.45M 11s
 39050K .......... .......... .......... .......... .......... 36% 6.20M 11s
 39100K .......... .......... .......... .......... .......... 36% 5.67M 11s
 39150K .......... .......... .......... .......... .......... 36% 4.66M 11s
 39200K .......... .......... .......... .......... .......... 37% 5.28M 11s
 39250K .......... .......... .......... .......... .......... 37% 5.74M 11s
 39300K .......... .......... .......... .......... .......... 37% 5.64M 11s
 39350K .......... .......... .......... .......... .......... 37% 6.16M 11s
 39400K .......... .......... .......... .......... .......... 37% 4.49M 11s
 39450K .......... .......... .......... .......... .......... 37% 5.69M 10s
 39500K .......... .......... .......... .......... .......... 37% 6.08M 10s
 39550K .......... .......... .......... .......... .......... 37% 5.96M 10s
 39600K .......... .......... .......... .......... .......... 37% 5.38M 10s
 39650K .......... .......... .......... .......... .......... 37% 6.42M 10s
 39700K .......... .......... .......... .......... .......... 37% 6.31M 10s
 39750K .......... .......... .......... .......... .......... 37% 5.98M 10s
 39800K .......... .......... .......... .......... .......... 37% 3.92M 10s
 39850K .......... .......... .......... .......... .......... 37% 5.37M 10s
 39900K .......... .......... .......... .......... .......... 37% 5.69M 10s
 39950K .......... .......... .......... .......... .......... 37% 5.70M 10s
 40000K .......... .......... .......... .......... .......... 37% 5.33M 10s
 40050K .......... .......... .......... .......... .......... 37% 6.88M 10s
 40100K .......... .......... .......... .......... .......... 37% 6.35M 10s
 40150K .......... .......... .......... .......... .......... 37% 6.72M 10s
 40200K .......... .......... .......... .......... .......... 37% 6.98M 10s
 40250K .......... .......... .......... .......... .......... 37% 6.87M 10s
 40300K .......... .......... .......... .......... .......... 38% 6.22M 10s
 40350K .......... .......... .......... .......... .......... 38% 6.48M 10s
 40400K .......... .......... .......... .......... .......... 38% 7.34M 10s
 40450K .......... .......... .......... .......... .......... 38% 6.75M 10s
 40500K .......... .......... .......... .......... .......... 38% 6.22M 10s
 40550K .......... .......... .......... .......... .......... 38% 6.95M 10s
 40600K .......... .......... .......... .......... .......... 38% 7.88M 10s
 40650K .......... .......... .......... .......... .......... 38% 7.51M 10s
 40700K .......... .......... .......... .......... .......... 38% 7.47M 10s
 40750K .......... .......... .......... .......... .......... 38% 6.49M 10s
 40800K .......... .......... .......... .......... .......... 38% 7.61M 10s
 40850K .......... .......... .......... .......... .......... 38% 8.27M 10s
 40900K .......... .......... .......... .......... .......... 38% 8.00M 10s
 40950K .......... .......... .......... .......... .......... 38% 7.92M 10s
 41000K .......... .......... .......... .......... .......... 38%  965K 10s
 41050K .......... .......... .......... .......... .......... 38% 7.19M 10s
 41100K .......... .......... .......... .......... .......... 38% 6.86M 10s
 41150K .......... .......... .......... .......... .......... 38% 7.89M 10s
 41200K .......... .......... .......... .......... .......... 38% 7.90M 10s
 41250K .......... .......... .......... .......... .......... 38% 7.22M 10s
 41300K .......... .......... .......... .......... .......... 38% 6.51M 10s
 41350K .......... .......... .......... .......... .......... 39% 8.04M 10s
 41400K .......... .......... .......... .......... .......... 39% 8.51M 10s
 41450K .......... .......... .......... .......... .......... 39% 6.09M 10s
 41500K .......... .......... .......... .......... .......... 39% 6.05M 10s
 41550K .......... .......... .......... .......... .......... 39% 7.89M 10s
 41600K .......... .......... .......... .......... .......... 39% 7.72M 10s
 41650K .......... .......... .......... .......... .......... 39% 7.49M 10s
 41700K .......... .......... .......... .......... .......... 39% 6.92M 10s
 41750K .......... .......... .......... .......... .......... 39% 7.46M 10s
 41800K .......... .......... .......... .......... .......... 39% 6.74M 10s
 41850K .......... .......... .......... .......... .......... 39% 7.84M 10s
 41900K .......... .......... .......... .......... .......... 39% 6.21M 10s
 41950K .......... .......... .......... .......... .......... 39% 7.57M 10s
 42000K .......... .......... .......... .......... .......... 39% 1.82M 10s
 42050K .......... .......... .......... .......... .......... 39% 7.97M 10s
 42100K .......... .......... .......... .......... .......... 39% 7.49M 10s
 42150K .......... .......... .......... .......... .......... 39% 7.45M 10s
 42200K .......... .......... .......... .......... .......... 39% 8.41M 10s
 42250K .......... .......... .......... .......... .......... 39% 8.80M 10s
 42300K .......... .......... .......... .......... .......... 39% 6.32M 10s
 42350K .......... .......... .......... .......... .......... 39% 7.35M 10s
 42400K .......... .......... .......... .......... .......... 40% 7.50M 10s
 42450K .......... .......... .......... .......... .......... 40% 5.82M 10s
 42500K .......... .......... .......... .......... .......... 40% 5.01M 10s
 42550K .......... .......... .......... .......... .......... 40% 6.07M 10s
 42600K .......... .......... .......... .......... .......... 40% 7.33M 10s
 42650K .......... .......... .......... .......... .......... 40% 6.97M 10s
 42700K .......... .......... .......... .......... .......... 40% 6.56M 10s
 42750K .......... .......... .......... .......... .......... 40% 7.86M 10s
 42800K .......... .......... .......... .......... .......... 40% 6.76M 10s
 42850K .......... .......... .......... .......... .......... 40% 7.28M 10s
 42900K .......... .......... .......... .......... .......... 40% 6.53M 10s
 42950K .......... .......... .......... .......... .......... 40% 7.87M 10s
 43000K .......... .......... .......... .......... .......... 40% 7.43M 10s
 43050K .......... .......... .......... .......... .......... 40% 8.06M 10s
 43100K .......... .......... .......... .......... .......... 40% 5.89M 10s
 43150K .......... .......... .......... .......... .......... 40% 7.30M 10s
 43200K .......... .......... .......... .......... .......... 40% 7.32M 10s
 43250K .......... .......... .......... .......... .......... 40% 7.82M 10s
 43300K .......... .......... .......... .......... .......... 40% 6.81M 10s
 43350K .......... .......... .......... .......... .......... 40% 7.57M 10s
 43400K .......... .......... .......... .......... .......... 40% 7.55M 10s
 43450K .......... .......... .......... .......... .......... 41% 8.14M 10s
 43500K .......... .......... .......... .......... .......... 41% 7.11M 10s
 43550K .......... .......... .......... .......... .......... 41% 8.15M 10s
 43600K .......... .......... .......... .......... .......... 41% 7.36M 10s
 43650K .......... .......... .......... .......... .......... 41% 7.78M 10s
 43700K .......... .......... .......... .......... .......... 41% 7.42M 10s
 43750K .......... .......... .......... .......... .......... 41% 7.10M 10s
 43800K .......... .......... .......... .......... .......... 41% 6.46M 10s
 43850K .......... .......... .......... .......... .......... 41% 6.69M 10s
 43900K .......... .......... .......... .......... .......... 41% 5.82M 10s
 43950K .......... .......... .......... .......... .......... 41% 6.35M 10s
 44000K .......... .......... .......... .......... .......... 41% 6.26M 10s
 44050K .......... .......... .......... .......... .......... 41% 7.49M 10s
 44100K .......... .......... .......... .......... .......... 41% 5.71M 10s
 44150K .......... .......... .......... .......... .......... 41% 7.26M 10s
 44200K .......... .......... .......... .......... .......... 41% 6.94M 10s
 44250K .......... .......... .......... .......... .......... 41% 6.92M 10s
 44300K .......... .......... .......... .......... .......... 41% 6.57M 10s
 44350K .......... .......... .......... .......... .......... 41% 7.20M 10s
 44400K .......... .......... .......... .......... .......... 41% 6.87M 10s
 44450K .......... .......... .......... .......... .......... 41% 6.22M 10s
 44500K .......... .......... .......... .......... .......... 42% 6.26M 10s
 44550K .......... .......... .......... .......... .......... 42% 7.20M 10s
 44600K .......... .......... .......... .......... .......... 42% 7.21M 10s
 44650K .......... .......... .......... .......... .......... 42% 6.88M 10s
 44700K .......... .......... .......... .......... .......... 42% 5.77M 10s
 44750K .......... .......... .......... .......... .......... 42% 7.25M 10s
 44800K .......... .......... .......... .......... .......... 42% 5.99M 10s
 44850K .......... .......... .......... .......... .......... 42% 6.81M 10s
 44900K .......... .......... .......... .......... .......... 42% 5.98M 10s
 44950K .......... .......... .......... .......... .......... 42% 7.05M 10s
 45000K .......... .......... .......... .......... .......... 42% 7.01M 10s
 45050K .......... .......... .......... .......... .......... 42% 6.43M 10s
 45100K .......... .......... .......... .......... .......... 42% 6.27M 10s
 45150K .......... .......... .......... .......... .......... 42% 7.31M 10s
 45200K .......... .......... .......... .......... .......... 42% 6.31M 10s
 45250K .......... .......... .......... .......... .......... 42% 6.81M 10s
 45300K .......... .......... .......... .......... .......... 42% 6.33M 10s
 45350K .......... .......... .......... .......... .......... 42% 7.25M 10s
 45400K .......... .......... .......... .......... .......... 42% 6.59M 10s
 45450K .......... .......... .......... .......... .......... 42% 6.70M 10s
 45500K .......... .......... .......... .......... .......... 42% 6.44M 10s
 45550K .......... .......... .......... .......... .......... 42% 7.21M 10s
 45600K .......... .......... .......... .......... .......... 43% 6.98M 9s
 45650K .......... .......... .......... .......... .......... 43% 7.14M 9s
 45700K .......... .......... .......... .......... .......... 43% 5.69M 9s
 45750K .......... .......... .......... .......... .......... 43% 7.74M 9s
 45800K .......... .......... .......... .......... .......... 43% 8.15M 9s
 45850K .......... .......... .......... .......... .......... 43% 7.30M 9s
 45900K .......... .......... .......... .......... .......... 43% 6.72M 9s
 45950K .......... .......... .......... .......... .......... 43% 7.49M 9s
 46000K .......... .......... .......... .......... .......... 43% 7.31M 9s
 46050K .......... .......... .......... .......... .......... 43% 7.89M 9s
 46100K .......... .......... .......... .......... .......... 43% 6.88M 9s
 46150K .......... .......... .......... .......... .......... 43% 7.02M 9s
 46200K .......... .......... .......... .......... .......... 43% 6.42M 9s
 46250K .......... .......... .......... .......... .......... 43% 6.66M 9s
 46300K .......... .......... .......... .......... .......... 43% 5.97M 9s
 46350K .......... .......... .......... .......... .......... 43% 7.80M 9s
 46400K .......... .......... .......... .......... .......... 43% 7.60M 9s
 46450K .......... .......... .......... .......... .......... 43% 7.39M 9s
 46500K .......... .......... .......... .......... .......... 43% 6.37M 9s
 46550K .......... .......... .......... .......... .......... 43% 6.01M 9s
 46600K .......... .......... .......... .......... .......... 43% 6.89M 9s
 46650K .......... .......... .......... .......... .......... 44% 7.39M 9s
 46700K .......... .......... .......... .......... .......... 44% 6.79M 9s
 46750K .......... .......... .......... .......... .......... 44% 7.27M 9s
 46800K .......... .......... .......... .......... .......... 44% 8.14M 9s
 46850K .......... .......... .......... .......... .......... 44% 8.19M 9s
 46900K .......... .......... .......... .......... .......... 44% 6.48M 9s
 46950K .......... .......... .......... .......... .......... 44% 7.71M 9s
 47000K .......... .......... .......... .......... .......... 44% 6.66M 9s
 47050K .......... .......... .......... .......... .......... 44% 6.25M 9s
 47100K .......... .......... .......... .......... .......... 44% 6.30M 9s
 47150K .......... .......... .......... .......... .......... 44% 8.24M 9s
 47200K .......... .......... .......... .......... .......... 44% 7.04M 9s
 47250K .......... .......... .......... .......... .......... 44% 6.99M 9s
 47300K .......... .......... .......... .......... .......... 44% 6.79M 9s
 47350K .......... .......... .......... .......... .......... 44% 7.21M 9s
 47400K .......... .......... .......... .......... .......... 44% 6.65M 9s
 47450K .......... .......... .......... .......... .......... 44% 7.97M 9s
 47500K .......... .......... .......... .......... .......... 44% 6.23M 9s
 47550K .......... .......... .......... .......... .......... 44% 7.00M 9s
 47600K .......... .......... .......... .......... .......... 44% 6.06M 9s
 47650K .......... .......... .......... .......... .......... 44% 6.09M 9s
 47700K .......... .......... .......... .......... .......... 45% 6.94M 9s
 47750K .......... .......... .......... .......... .......... 45% 7.72M 9s
 47800K .......... .......... .......... .......... .......... 45% 7.35M 9s
 47850K .......... .......... .......... .......... .......... 45% 6.88M 9s
 47900K .......... .......... .......... .......... .......... 45% 6.31M 9s
 47950K .......... .......... .......... .......... .......... 45% 6.85M 9s
 48000K .......... .......... .......... .......... .......... 45% 7.69M 9s
 48050K .......... .......... .......... .......... .......... 45% 7.25M 9s
 48100K .......... .......... .......... .......... .......... 45% 6.64M 9s
 48150K .......... .......... .......... .......... .......... 45% 8.04M 9s
 48200K .......... .......... .......... .......... .......... 45% 7.57M 9s
 48250K .......... .......... .......... .......... .......... 45% 7.14M 9s
 48300K .......... .......... .......... .......... .......... 45% 7.09M 9s
 48350K .......... .......... .......... .......... .......... 45% 7.28M 9s
 48400K .......... .......... .......... .......... .......... 45% 6.85M 9s
 48450K .......... .......... .......... .......... .......... 45% 7.04M 9s
 48500K .......... .......... .......... .......... .......... 45% 6.16M 9s
 48550K .......... .......... .......... .......... .......... 45% 7.28M 9s
 48600K .......... .......... .......... .......... .......... 45% 7.32M 9s
 48650K .......... .......... .......... .......... .......... 45% 7.48M 9s
 48700K .......... .......... .......... .......... .......... 45% 6.60M 9s
 48750K .......... .......... .......... .......... .......... 46% 7.19M 9s
 48800K .......... .......... .......... .......... .......... 46% 7.08M 9s
 48850K .......... .......... .......... .......... .......... 46% 6.52M 9s
 48900K .......... .......... .......... .......... .......... 46% 6.63M 9s
 48950K .......... .......... .......... .......... .......... 46% 7.14M 9s
 49000K .......... .......... .......... .......... .......... 46% 6.90M 9s
 49050K .......... .......... .......... .......... .......... 46% 7.20M 9s
 49100K .......... .......... .......... .......... .......... 46% 6.48M 9s
 49150K .......... .......... .......... .......... .......... 46% 7.09M 9s
 49200K .......... .......... .......... .......... .......... 46% 7.73M 9s
 49250K .......... .......... .......... .......... .......... 46% 7.09M 9s
 49300K .......... .......... .......... .......... .......... 46% 6.62M 9s
 49350K .......... .......... .......... .......... .......... 46% 6.61M 9s
 49400K .......... .......... .......... .......... .......... 46% 6.96M 9s
 49450K .......... .......... .......... .......... .......... 46% 7.54M 9s
 49500K .......... .......... .......... .......... .......... 46% 5.64M 9s
 49550K .......... .......... .......... .......... .......... 46% 6.92M 9s
 49600K .......... .......... .......... .......... .......... 46% 7.63M 9s
 49650K .......... .......... .......... .......... .......... 46% 7.32M 9s
 49700K .......... .......... .......... .......... .......... 46% 6.17M 9s
 49750K .......... .......... .......... .......... .......... 46% 7.51M 9s
 49800K .......... .......... .......... .......... .......... 46% 6.59M 9s
 49850K .......... .......... .......... .......... .......... 47% 6.47M 9s
 49900K .......... .......... .......... .......... .......... 47% 6.50M 9s
 49950K .......... .......... .......... .......... .......... 47% 7.23M 9s
 50000K .......... .......... .......... .......... .......... 47% 7.24M 9s
 50050K .......... .......... .......... .......... .......... 47% 7.73M 9s
 50100K .......... .......... .......... .......... .......... 47% 6.16M 9s
 50150K .......... .......... .......... .......... .......... 47% 7.11M 9s
 50200K .......... .......... .......... .......... .......... 47% 7.19M 9s
 50250K .......... .......... .......... .......... .......... 47% 6.68M 9s
 50300K .......... .......... .......... .......... .......... 47% 6.42M 9s
 50350K .......... .......... .......... .......... .......... 47% 7.40M 9s
 50400K .......... .......... .......... .......... .......... 47% 7.33M 9s
 50450K .......... .......... .......... .......... .......... 47% 6.87M 9s
 50500K .......... .......... .......... .......... .......... 47% 5.94M 9s
 50550K .......... .......... .......... .......... .......... 47% 7.45M 9s
 50600K .......... .......... .......... .......... .......... 47% 6.93M 9s
 50650K .......... .......... .......... .......... .......... 47% 7.07M 9s
 50700K .......... .......... .......... .......... .......... 47% 6.43M 9s
 50750K .......... .......... .......... .......... .......... 47% 6.94M 9s
 50800K .......... .......... .......... .......... .......... 47% 6.85M 9s
 50850K .......... .......... .......... .......... .......... 47% 7.40M 9s
 50900K .......... .......... .......... .......... .......... 48% 6.00M 9s
 50950K .......... .......... .......... .......... .......... 48% 6.58M 9s
 51000K .......... .......... .......... .......... .......... 48% 6.41M 9s
 51050K .......... .......... .......... .......... .......... 48% 7.19M 9s
 51100K .......... .......... .......... .......... .......... 48% 6.92M 9s
 51150K .......... .......... .......... .......... .......... 48% 7.60M 9s
 51200K .......... .......... .......... .......... .......... 48% 7.49M 9s
 51250K .......... .......... .......... .......... .......... 48% 7.06M 9s
 51300K .......... .......... .......... .......... .......... 48% 7.38M 8s
 51350K .......... .......... .......... .......... .......... 48% 6.44M 8s
 51400K .......... .......... .......... .......... .......... 48% 6.17M 8s
 51450K .......... .......... .......... .......... .......... 48% 7.67M 8s
 51500K .......... .......... .......... .......... .......... 48% 7.81M 8s
 51550K .......... .......... .......... .......... .......... 48% 5.84M 8s
 51600K .......... .......... .......... .......... .......... 48% 7.34M 8s
 51650K .......... .......... .......... .......... .......... 48% 6.95M 8s
 51700K .......... .......... .......... .......... .......... 48% 7.49M 8s
 51750K .......... .......... .......... .......... .......... 48% 6.71M 8s
 51800K .......... .......... .......... .......... .......... 48% 7.27M 8s
 51850K .......... .......... .......... .......... .......... 48% 6.78M 8s
 51900K .......... .......... .......... .......... .......... 48% 7.50M 8s
 51950K .......... .......... .......... .......... .......... 49% 6.14M 8s
 52000K .......... .......... .......... .......... .......... 49% 5.90M 8s
 52050K .......... .......... .......... .......... .......... 49% 7.35M 8s
 52100K .......... .......... .......... .......... .......... 49% 6.32M 8s
 52150K .......... .......... .......... .......... .......... 49% 7.64M 8s
 52200K .......... .......... .......... .......... .......... 49% 7.02M 8s
 52250K .......... .......... .......... .......... .......... 49% 7.41M 8s
 52300K .......... .......... .......... .......... .......... 49% 6.01M 8s
 52350K .......... .......... .......... .......... .......... 49% 7.62M 8s
 52400K .......... .......... .......... .......... .......... 49% 8.08M 8s
 52450K .......... .......... .......... .......... .......... 49% 7.77M 8s
 52500K .......... .......... .......... .......... .......... 49% 5.97M 8s
 52550K .......... .......... .......... .......... .......... 49% 6.03M 8s
 52600K .......... .......... .......... .......... .......... 49% 7.38M 8s
 52650K .......... .......... .......... .......... .......... 49% 7.29M 8s
 52700K .......... .......... .......... .......... .......... 49% 7.49M 8s
 52750K .......... .......... .......... .......... .......... 49% 6.51M 8s
 52800K .......... .......... .......... .......... .......... 49% 7.15M 8s
 52850K .......... .......... .......... .......... .......... 49% 6.91M 8s
 52900K .......... .......... .......... .......... .......... 49% 6.73M 8s
 52950K .......... .......... .......... .......... .......... 49% 6.69M 8s
 53000K .......... .......... .......... .......... .......... 50% 7.10M 8s
 53050K .......... .......... .......... .......... .......... 50% 7.71M 8s
 53100K .......... .......... .......... .......... .......... 50% 7.78M 8s
 53150K .......... .......... .......... .......... .......... 50% 6.69M 8s
 53200K .......... .......... .......... .......... .......... 50% 7.92M 8s
 53250K .......... .......... .......... .......... .......... 50% 6.28M 8s
 53300K .......... .......... .......... .......... .......... 50% 6.90M 8s
 53350K .......... .......... .......... .......... .......... 50% 7.04M 8s
 53400K .......... .......... .......... .......... .......... 50% 7.08M 8s
 53450K .......... .......... .......... .......... .......... 50% 6.43M 8s
 53500K .......... .......... .......... .......... .......... 50% 7.41M 8s
 53550K .......... .......... .......... .......... .......... 50% 7.00M 8s
 53600K .......... .......... .......... .......... .......... 50% 7.36M 8s
 53650K .......... .......... .......... .......... .......... 50% 6.24M 8s
 53700K .......... .......... .......... .......... .......... 50% 6.59M 8s
 53750K .......... .......... .......... .......... .......... 50% 7.10M 8s
 53800K .......... .......... .......... .......... .......... 50% 6.71M 8s
 53850K .......... .......... .......... .......... .......... 50% 6.08M 8s
 53900K .......... .......... .......... .......... .......... 50% 7.02M 8s
 53950K .......... .......... .......... .......... .......... 50% 6.70M 8s
 54000K .......... .......... .......... .......... .......... 50% 7.20M 8s
 54050K .......... .......... .......... .......... .......... 51% 6.34M 8s
 54100K .......... .......... .......... .......... .......... 51% 7.24M 8s
 54150K .......... .......... .......... .......... .......... 51% 6.52M 8s
 54200K .......... .......... .......... .......... .......... 51% 7.12M 8s
 54250K .......... .......... .......... .......... .......... 51% 7.24M 8s
 54300K .......... .......... .......... .......... .......... 51% 6.39M 8s
 54350K .......... .......... .......... .......... .......... 51% 6.11M 8s
 54400K .......... .......... .......... .......... .......... 51% 7.13M 8s
 54450K .......... .......... .......... .......... .......... 51% 6.73M 8s
 54500K .......... .......... .......... .......... .......... 51% 5.88M 8s
 54550K .......... .......... .......... .......... .......... 51% 7.06M 8s
 54600K .......... .......... .......... .......... .......... 51% 6.55M 8s
 54650K .......... .......... .......... .......... .......... 51% 6.51M 8s
 54700K .......... .......... .......... .......... .......... 51% 6.09M 8s
 54750K .......... .......... .......... .......... .......... 51% 6.16M 8s
 54800K .......... .......... .......... .......... .......... 51% 6.18M 8s
 54850K .......... .......... .......... .......... .......... 51% 6.23M 8s
 54900K .......... .......... .......... .......... .......... 51% 6.98M 8s
 54950K .......... .......... .......... .......... .......... 51% 6.73M 8s
 55000K .......... .......... .......... .......... .......... 51% 5.97M 8s
 55050K .......... .......... .......... .......... .......... 51% 6.52M 8s
 55100K .......... .......... .......... .......... .......... 51% 6.74M 8s
 55150K .......... .......... .......... .......... .......... 52% 6.97M 8s
 55200K .......... .......... .......... .......... .......... 52% 5.39M 8s
 55250K .......... .......... .......... .......... .......... 52% 6.42M 8s
 55300K .......... .......... .......... .......... .......... 52% 6.50M 8s
 55350K .......... .......... .......... .......... .......... 52% 6.80M 8s
 55400K .......... .......... .......... .......... .......... 52% 5.55M 8s
 55450K .......... .......... .......... .......... .......... 52% 5.51M 8s
 55500K .......... .......... .......... .......... .......... 52% 6.23M 8s
 55550K .......... .......... .......... .......... .......... 52% 6.25M 8s
 55600K .......... .......... .......... .......... .......... 52% 6.28M 8s
 55650K .......... .......... .......... .......... .......... 52% 5.14M 8s
 55700K .......... .......... .......... .......... .......... 52% 6.19M 8s
 55750K .......... .......... .......... .......... .......... 52% 6.18M 8s
 55800K .......... .......... .......... .......... .......... 52% 5.12M 8s
 55850K .......... .......... .......... .......... .......... 52% 5.21M 8s
 55900K .......... .......... .......... .......... .......... 52% 4.98M 8s
 55950K .......... .......... .......... .......... .......... 52% 4.98M 8s
 56000K .......... .......... .......... .......... .......... 52% 5.67M 8s
 56050K .......... .......... .......... .......... .......... 52% 6.00M 8s
 56100K .......... .......... .......... .......... .......... 52% 5.71M 8s
 56150K .......... .......... .......... .......... .......... 52% 4.79M 8s
 56200K .......... .......... .......... .......... .......... 53% 5.82M 8s
 56250K .......... .......... .......... .......... .......... 53% 5.56M 8s
 56300K .......... .......... .......... .......... .......... 53% 5.29M 8s
 56350K .......... .......... .......... .......... .......... 53% 4.67M 8s
 56400K .......... .......... .......... .......... .......... 53% 5.80M 8s
 56450K .......... .......... .......... .......... .......... 53% 5.34M 8s
 56500K .......... .......... .......... .......... .......... 53% 5.95M 8s
 56550K .......... .......... .......... .......... .......... 53% 5.43M 8s
 56600K .......... .......... .......... .......... .......... 53% 4.94M 8s
 56650K .......... .......... .......... .......... .......... 53% 5.96M 8s
 56700K .......... .......... .......... .......... .......... 53% 5.60M 8s
 56750K .......... .......... .......... .......... .......... 53% 5.08M 8s
 56800K .......... .......... .......... .......... .......... 53% 4.84M 8s
 56850K .......... .......... .......... .......... .......... 53% 6.10M 8s
 56900K .......... .......... .......... .......... .......... 53% 6.08M 8s
 56950K .......... .......... .......... .......... .......... 53% 5.55M 8s
 57000K .......... .......... .......... .......... .......... 53% 4.44M 8s
 57050K .......... .......... .......... .......... .......... 53% 5.77M 8s
 57100K .......... .......... .......... .......... .......... 53% 5.73M 8s
 57150K .......... .......... .......... .......... .......... 53% 6.17M 8s
 57200K .......... .......... .......... .......... .......... 53% 5.74M 8s
 57250K .......... .......... .......... .......... .......... 54% 5.71M 8s
 57300K .......... .......... .......... .......... .......... 54% 4.70M 8s
 57350K .......... .......... .......... .......... .......... 54% 5.46M 8s
 57400K .......... .......... .......... .......... .......... 54% 6.10M 8s
 57450K .......... .......... .......... .......... .......... 54% 5.97M 8s
 57500K .......... .......... .......... .......... .......... 54% 5.56M 8s
 57550K .......... .......... .......... .......... .......... 54% 6.46M 8s
 57600K .......... .......... .......... .......... .......... 54% 5.78M 8s
 57650K .......... .......... .......... .......... .......... 54% 5.15M 8s
 57700K .......... .......... .......... .......... .......... 54% 5.14M 8s
 57750K .......... .......... .......... .......... .......... 54% 5.98M 8s
 57800K .......... .......... .......... .......... .......... 54% 5.46M 7s
 57850K .......... .......... .......... .......... .......... 54% 5.29M 7s
 57900K .......... .......... .......... .......... .......... 54% 5.12M 7s
 57950K .......... .......... .......... .......... .......... 54% 5.66M 7s
 58000K .......... .......... .......... .......... .......... 54% 5.87M 7s
 58050K .......... .......... .......... .......... .......... 54% 6.04M 7s
 58100K .......... .......... .......... .......... .......... 54% 5.15M 7s
 58150K .......... .......... .......... .......... .......... 54% 5.28M 7s
 58200K .......... .......... .......... .......... .......... 54% 4.83M 7s
 58250K .......... .......... .......... .......... .......... 54% 5.17M 7s
 58300K .......... .......... .......... .......... .......... 55% 5.75M 7s
 58350K .......... .......... .......... .......... .......... 55% 4.66M 7s
 58400K .......... .......... .......... .......... .......... 55% 5.95M 7s
 58450K .......... .......... .......... .......... .......... 55% 4.47M 7s
 58500K .......... .......... .......... .......... .......... 55% 5.51M 7s
 58550K .......... .......... .......... .......... .......... 55% 6.05M 7s
 58600K .......... .......... .......... .......... .......... 55% 5.16M 7s
 58650K .......... .......... .......... .......... .......... 55% 4.68M 7s
 58700K .......... .......... .......... .......... .......... 55% 5.04M 7s
 58750K .......... .......... .......... .......... .......... 55% 5.39M 7s
 58800K .......... .......... .......... .......... .......... 55% 5.50M 7s
 58850K .......... .......... .......... .......... .......... 55% 4.81M 7s
 58900K .......... .......... .......... .......... .......... 55% 4.98M 7s
 58950K .......... .......... .......... .......... .......... 55% 5.56M 7s
 59000K .......... .......... .......... .......... .......... 55% 5.38M 7s
 59050K .......... .......... .......... .......... .......... 55% 5.56M 7s
 59100K .......... .......... .......... .......... .......... 55% 5.19M 7s
 59150K .......... .......... .......... .......... .......... 55% 5.44M 7s
 59200K .......... .......... .......... .......... .......... 55% 6.32M 7s
 59250K .......... .......... .......... .......... .......... 55% 5.98M 7s
 59300K .......... .......... .......... .......... .......... 55% 5.16M 7s
 59350K .......... .......... .......... .......... .......... 56% 5.82M 7s
 59400K .......... .......... .......... .......... .......... 56% 5.43M 7s
 59450K .......... .......... .......... .......... .......... 56% 5.75M 7s
 59500K .......... .......... .......... .......... .......... 56% 6.15M 7s
 59550K .......... .......... .......... .......... .......... 56% 5.62M 7s
 59600K .......... .......... .......... .......... .......... 56% 5.20M 7s
 59650K .......... .......... .......... .......... .......... 56% 6.03M 7s
 59700K .......... .......... .......... .......... .......... 56% 5.60M 7s
 59750K .......... .......... .......... .......... .......... 56% 6.10M 7s
 59800K .......... .......... .......... .......... .......... 56% 4.86M 7s
 59850K .......... .......... .......... .......... .......... 56% 5.43M 7s
 59900K .......... .......... .......... .......... .......... 56% 6.18M 7s
 59950K .......... .......... .......... .......... .......... 56% 5.73M 7s
 60000K .......... .......... .......... .......... .......... 56% 6.10M 7s
 60050K .......... .......... .......... .......... .......... 56% 5.61M 7s
 60100K .......... .......... .......... .......... .......... 56% 5.55M 7s
 60150K .......... .......... .......... .......... .......... 56% 6.06M 7s
 60200K .......... .......... .......... .......... .......... 56% 6.10M 7s
 60250K .......... .......... .......... .......... .......... 56% 5.18M 7s
 60300K .......... .......... .......... .......... .......... 56% 6.54M 7s
 60350K .......... .......... .......... .......... .......... 56% 6.39M 7s
 60400K .......... .......... .......... .......... .......... 56% 5.31M 7s
 60450K .......... .......... .......... .......... .......... 57% 6.22M 7s
 60500K .......... .......... .......... .......... .......... 57% 5.99M 7s
 60550K .......... .......... .......... .......... .......... 57% 4.39M 7s
 60600K .......... .......... .......... .......... .......... 57% 5.30M 7s
 60650K .......... .......... .......... .......... .......... 57%  453K 7s
 60700K .......... .......... .......... .......... .......... 57% 6.27M 7s
 60750K .......... .......... .......... .......... .......... 57% 5.73M 7s
 60800K .......... .......... .......... .......... .......... 57% 4.76M 7s
 60850K .......... .......... .......... .......... .......... 57% 6.13M 7s
 60900K .......... .......... .......... .......... .......... 57% 5.88M 7s
 60950K .......... .......... .......... .......... .......... 57% 5.53M 7s
 61000K .......... .......... .......... .......... .......... 57% 6.16M 7s
 61050K .......... .......... .......... .......... .......... 57% 5.19M 7s
 61100K .......... .......... .......... .......... .......... 57% 5.73M 7s
 61150K .......... .......... .......... .......... .......... 57% 5.75M 7s
 61200K .......... .......... .......... .......... .......... 57% 5.48M 7s
 61250K .......... .......... .......... .......... .......... 57% 5.20M 7s
 61300K .......... .......... .......... .......... .......... 57% 5.38M 7s
 61350K .......... .......... .......... .......... .......... 57% 4.60M 7s
 61400K .......... .......... .......... .......... .......... 57% 6.51M 7s
 61450K .......... .......... .......... .......... .......... 57% 5.39M 7s
 61500K .......... .......... .......... .......... .......... 58% 5.82M 7s
 61550K .......... .......... .......... .......... .......... 58% 5.56M 7s
 61600K .......... .......... .......... .......... .......... 58% 5.48M 7s
 61650K .......... .......... .......... .......... .......... 58% 4.78M 7s
 61700K .......... .......... .......... .......... .......... 58% 5.92M 7s
 61750K .......... .......... .......... .......... .......... 58% 5.52M 7s
 61800K .......... .......... .......... .......... .......... 58% 5.89M 7s
 61850K .......... .......... .......... .......... .......... 58% 5.12M 7s
 61900K .......... .......... .......... .......... .......... 58% 5.99M 7s
 61950K .......... .......... .......... .......... .......... 58% 5.57M 7s
 62000K .......... .......... .......... .......... .......... 58% 5.43M 7s
 62050K .......... .......... .......... .......... .......... 58% 5.84M 7s
 62100K .......... .......... .......... .......... .......... 58% 5.34M 7s
 62150K .......... .......... .......... .......... .......... 58% 5.24M 7s
 62200K .......... .......... .......... .......... .......... 58% 5.99M 7s
 62250K .......... .......... .......... .......... .......... 58% 5.58M 7s
 62300K .......... .......... .......... .......... .......... 58% 5.67M 7s
 62350K .......... .......... .......... .......... .......... 58% 5.12M 7s
 62400K .......... .......... .......... .......... .......... 58% 4.94M 7s
 62450K .......... .......... .......... .......... .......... 58% 5.53M 7s
 62500K .......... .......... .......... .......... .......... 58% 5.38M 7s
 62550K .......... .......... .......... .......... .......... 59% 4.88M 7s
 62600K .......... .......... .......... .......... .......... 59% 6.27M 7s
 62650K .......... .......... .......... .......... .......... 59% 6.33M 7s
 62700K .......... .......... .......... .......... .......... 59% 5.81M 7s
 62750K .......... .......... .......... .......... .......... 59% 5.55M 7s
 62800K .......... .......... .......... .......... .......... 59% 5.33M 7s
 62850K .......... .......... .......... .......... .......... 59% 6.00M 7s
 62900K .......... .......... .......... .......... .......... 59% 5.80M 7s
 62950K .......... .......... .......... .......... .......... 59% 5.73M 7s
 63000K .......... .......... .......... .......... .......... 59% 5.07M 7s
 63050K .......... .......... .......... .......... .......... 59% 5.64M 7s
 63100K .......... .......... .......... .......... .......... 59% 5.11M 7s
 63150K .......... .......... .......... .......... .......... 59% 5.95M 7s
 63200K .......... .......... .......... .......... .......... 59% 4.69M 7s
 63250K .......... .......... .......... .......... .......... 59% 5.15M 7s
 63300K .......... .......... .......... .......... .......... 59% 5.23M 7s
 63350K .......... .......... .......... .......... .......... 59% 5.66M 7s
 63400K .......... .......... .......... .......... .......... 59% 5.34M 7s
 63450K .......... .......... .......... .......... .......... 59% 4.85M 7s
 63500K .......... .......... .......... .......... .......... 59% 6.03M 7s
 63550K .......... .......... .......... .......... .......... 59% 5.66M 7s
 63600K .......... .......... .......... .......... .......... 60% 5.71M 7s
 63650K .......... .......... .......... .......... .......... 60% 5.14M 7s
 63700K .......... .......... .......... .......... .......... 60% 5.67M 7s
 63750K .......... .......... .......... .......... .......... 60% 5.49M 7s
 63800K .......... .......... .......... .......... .......... 60% 5.78M 7s
 63850K .......... .......... .......... .......... .......... 60% 5.03M 7s
 63900K .......... .......... .......... .......... .......... 60% 6.53M 7s
 63950K .......... .......... .......... .......... .......... 60% 5.19M 7s
 64000K .......... .......... .......... .......... .......... 60% 5.57M 7s
 64050K .......... .......... .......... .......... .......... 60% 5.76M 7s
 64100K .......... .......... .......... .......... .......... 60% 5.42M 7s
 64150K .......... .......... .......... .......... .......... 60% 4.30M 7s
 64200K .......... .......... .......... .......... .......... 60% 5.82M 7s
 64250K .......... .......... .......... .......... .......... 60% 6.18M 7s
 64300K .......... .......... .......... .......... .......... 60% 4.39M 7s
 64350K .......... .......... .......... .......... .......... 60% 3.55M 7s
 64400K .......... .......... .......... .......... .......... 60% 6.06M 7s
 64450K .......... .......... .......... .......... .......... 60% 5.38M 7s
 64500K .......... .......... .......... .......... .......... 60% 5.93M 7s
 64550K .......... .......... .......... .......... .......... 60% 5.64M 7s
 64600K .......... .......... .......... .......... .......... 60% 5.12M 7s
 64650K .......... .......... .......... .......... .......... 61% 5.68M 7s
 64700K .......... .......... .......... .......... .......... 61% 5.98M 7s
 64750K .......... .......... .......... .......... .......... 61% 5.99M 7s
 64800K .......... .......... .......... .......... .......... 61% 5.15M 7s
 64850K .......... .......... .......... .......... .......... 61% 5.12M 7s
 64900K .......... .......... .......... .......... .......... 61% 5.69M 7s
 64950K .......... .......... .......... .......... .......... 61% 6.07M 7s
 65000K .......... .......... .......... .......... .......... 61% 5.61M 7s
 65050K .......... .......... .......... .......... .......... 61% 5.46M 7s
 65100K .......... .......... .......... .......... .......... 61% 5.24M 7s
 65150K .......... .......... .......... .......... .......... 61% 5.91M 7s
 65200K .......... .......... .......... .......... .......... 61% 5.94M 7s
 65250K .......... .......... .......... .......... .......... 61% 5.76M 7s
 65300K .......... .......... .......... .......... .......... 61% 5.48M 6s
 65350K .......... .......... .......... .......... .......... 61% 4.85M 6s
 65400K .......... .......... .......... .......... .......... 61% 6.15M 6s
 65450K .......... .......... .......... .......... .......... 61% 5.59M 6s
 65500K .......... .......... .......... .......... .......... 61% 5.26M 6s
 65550K .......... .......... .......... .......... .......... 61% 5.10M 6s
 65600K .......... .......... .......... .......... .......... 61% 5.53M 6s
 65650K .......... .......... .......... .......... .......... 61% 5.98M 6s
 65700K .......... .......... .......... .......... .......... 61% 5.96M 6s
 65750K .......... .......... .......... .......... .......... 62% 5.04M 6s
 65800K .......... .......... .......... .......... .......... 62% 5.64M 6s
 65850K .......... .......... .......... .......... .......... 62% 5.07M 6s
 65900K .......... .......... .......... .......... .......... 62% 6.22M 6s
 65950K .......... .......... .......... .......... .......... 62% 5.51M 6s
 66000K .......... .......... .......... .......... .......... 62% 5.08M 6s
 66050K .......... .......... .......... .......... .......... 62% 5.81M 6s
 66100K .......... .......... .......... .......... .......... 62% 5.95M 6s
 66150K .......... .......... .......... .......... .......... 62% 5.68M 6s
 66200K .......... .......... .......... .......... .......... 62% 5.01M 6s
 66250K .......... .......... .......... .......... .......... 62% 5.92M 6s
 66300K .......... .......... .......... .......... .......... 62% 5.98M 6s
 66350K .......... .......... .......... .......... .......... 62% 6.00M 6s
 66400K .......... .......... .......... .......... .......... 62% 5.52M 6s
 66450K .......... .......... .......... .......... .......... 62% 5.45M 6s
 66500K .......... .......... .......... .......... .......... 62% 4.90M 6s
 66550K .......... .......... .......... .......... .......... 62% 5.63M 6s
 66600K .......... .......... .......... .......... .......... 62% 5.37M 6s
 66650K .......... .......... .......... .......... .......... 62% 5.81M 6s
 66700K .......... .......... .......... .......... .......... 62% 5.45M 6s
 66750K .......... .......... .......... .......... .......... 62% 5.51M 6s
 66800K .......... .......... .......... .......... .......... 63% 5.41M 6s
 66850K .......... .......... .......... .......... .......... 63% 6.14M 6s
 66900K .......... .......... .......... .......... .......... 63% 4.88M 6s
 66950K .......... .......... .......... .......... .......... 63% 6.21M 6s
 67000K .......... .......... .......... .......... .......... 63% 5.69M 6s
 67050K .......... .......... .......... .......... .......... 63% 4.61M 6s
 67100K .......... .......... .......... .......... .......... 63% 5.96M 6s
 67150K .......... .......... .......... .......... .......... 63% 5.58M 6s
 67200K .......... .......... .......... .......... .......... 63% 5.53M 6s
 67250K .......... .......... .......... .......... .......... 63% 6.26M 6s
 67300K .......... .......... .......... .......... .......... 63% 6.33M 6s
 67350K .......... .......... .......... .......... .......... 63% 5.09M 6s
 67400K .......... .......... .......... .......... .......... 63% 5.94M 6s
 67450K .......... .......... .......... .......... .......... 63% 5.95M 6s
 67500K .......... .......... .......... .......... .......... 63% 6.20M 6s
 67550K .......... .......... .......... .......... .......... 63% 5.72M 6s
 67600K .......... .......... .......... .......... .......... 63% 6.31M 6s
 67650K .......... .......... .......... .......... .......... 63% 4.90M 6s
 67700K .......... .......... .......... .......... .......... 63% 5.91M 6s
 67750K .......... .......... .......... .......... .......... 63% 5.85M 6s
 67800K .......... .......... .......... .......... .......... 63% 5.86M 6s
 67850K .......... .......... .......... .......... .......... 64% 5.50M 6s
 67900K .......... .......... .......... .......... .......... 64% 5.95M 6s
 67950K .......... .......... .......... .......... .......... 64% 5.86M 6s
 68000K .......... .......... .......... .......... .......... 64% 6.23M 6s
 68050K .......... .......... .......... .......... .......... 64% 5.36M 6s
 68100K .......... .......... .......... .......... .......... 64% 4.89M 6s
 68150K .......... .......... .......... .......... .......... 64% 5.61M 6s
 68200K .......... .......... .......... .......... .......... 64% 6.00M 6s
 68250K .......... .......... .......... .......... .......... 64% 6.01M 6s
 68300K .......... .......... .......... .......... .......... 64% 4.88M 6s
 68350K .......... .......... .......... .......... .......... 64% 6.26M 6s
 68400K .......... .......... .......... .......... .......... 64% 5.92M 6s
 68450K .......... .......... .......... .......... .......... 64% 5.92M 6s
 68500K .......... .......... .......... .......... .......... 64% 5.42M 6s
 68550K .......... .......... .......... .......... .......... 64% 5.71M 6s
 68600K .......... .......... .......... .......... .......... 64% 5.99M 6s
 68650K .......... .......... .......... .......... .......... 64% 6.05M 6s
 68700K .......... .......... .......... .......... .......... 64% 5.48M 6s
 68750K .......... .......... .......... .......... .......... 64% 6.17M 6s
 68800K .......... .......... .......... .......... .......... 64% 4.97M 6s
 68850K .......... .......... .......... .......... .......... 64% 6.05M 6s
 68900K .......... .......... .......... .......... .......... 65% 6.17M 6s
 68950K .......... .......... .......... .......... .......... 65% 6.13M 6s
 69000K .......... .......... .......... .......... .......... 65% 5.32M 6s
 69050K .......... .......... .......... .......... .......... 65% 5.64M 6s
 69100K .......... .......... .......... .......... .......... 65% 6.20M 6s
 69150K .......... .......... .......... .......... .......... 65% 6.12M 6s
 69200K .......... .......... .......... .......... .......... 65% 5.27M 6s
 69250K .......... .......... .......... .......... .......... 65% 5.49M 6s
 69300K .......... .......... .......... .......... .......... 65% 5.89M 6s
 69350K .......... .......... .......... .......... .......... 65% 6.01M 6s
 69400K .......... .......... .......... .......... .......... 65% 6.02M 6s
 69450K .......... .......... .......... .......... .......... 65% 4.69M 6s
 69500K .......... .......... .......... .......... .......... 65% 5.74M 6s
 69550K .......... .......... .......... .......... .......... 65% 5.94M 6s
 69600K .......... .......... .......... .......... .......... 65% 5.65M 6s
 69650K .......... .......... .......... .......... .......... 65% 5.56M 6s
 69700K .......... .......... .......... .......... .......... 65% 5.88M 6s
 69750K .......... .......... .......... .......... .......... 65% 5.77M 6s
 69800K .......... .......... .......... .......... .......... 65% 6.05M 6s
 69850K .......... .......... .......... .......... .......... 65% 4.91M 6s
 69900K .......... .......... .......... .......... .......... 65% 4.16M 6s
 69950K .......... .......... .......... .......... .......... 65% 4.90M 6s
 70000K .......... .......... .......... .......... .......... 66% 6.25M 6s
 70050K .......... .......... .......... .......... .......... 66% 5.44M 6s
 70100K .......... .......... .......... .......... .......... 66% 6.05M 6s
 70150K .......... .......... .......... .......... .......... 66% 5.58M 6s
 70200K .......... .......... .......... .......... .......... 66% 6.36M 6s
 70250K .......... .......... .......... .......... .......... 66% 6.39M 6s
 70300K .......... .......... .......... .......... .......... 66% 6.50M 6s
 70350K .......... .......... .......... .......... .......... 66% 5.58M 6s
 70400K .......... .......... .......... .......... .......... 66% 6.14M 6s
 70450K .......... .......... .......... .......... .......... 66% 6.36M 6s
 70500K .......... .......... .......... .......... .......... 66% 5.99M 6s
 70550K .......... .......... .......... .......... .......... 66% 4.75M 6s
 70600K .......... .......... .......... .......... .......... 66% 5.80M 6s
 70650K .......... .......... .......... .......... .......... 66% 5.73M 6s
 70700K .......... .......... .......... .......... .......... 66% 5.76M 6s
 70750K .......... .......... .......... .......... .......... 66% 5.38M 6s
 70800K .......... .......... .......... .......... .......... 66% 5.28M 6s
 70850K .......... .......... .......... .......... .......... 66% 6.26M 6s
 70900K .......... .......... .......... .......... .......... 66% 5.96M 6s
 70950K .......... .......... .......... .......... .......... 66% 5.39M 6s
 71000K .......... .......... .......... .......... .......... 66% 5.99M 6s
 71050K .......... .......... .......... .......... .......... 67% 5.62M 6s
 71100K .......... .......... .......... .......... .......... 67% 5.15M 6s
 71150K .......... .......... .......... .......... .......... 67% 5.38M 6s
 71200K .......... .......... .......... .......... .......... 67% 5.92M 6s
 71250K .......... .......... .......... .......... .......... 67% 5.75M 6s
 71300K .......... .......... .......... .......... .......... 67% 4.86M 6s
 71350K .......... .......... .......... .......... .......... 67% 5.70M 6s
 71400K .......... .......... .......... .......... .......... 67% 5.54M 6s
 71450K .......... .......... .......... .......... .......... 67% 5.64M 6s
 71500K .......... .......... .......... .......... .......... 67% 4.75M 6s
 71550K .......... .......... .......... .......... .......... 67% 5.41M 6s
 71600K .......... .......... .......... .......... .......... 67% 5.73M 6s
 71650K .......... .......... .......... .......... .......... 67% 6.08M 6s
 71700K .......... .......... .......... .......... .......... 67% 5.82M 6s
 71750K .......... .......... .......... .......... .......... 67% 4.38M 6s
 71800K .......... .......... .......... .......... .......... 67% 5.66M 6s
 71850K .......... .......... .......... .......... .......... 67% 5.79M 5s
 71900K .......... .......... .......... .......... .......... 67% 5.68M 5s
 71950K .......... .......... .......... .......... .......... 67% 4.51M 5s
 72000K .......... .......... .......... .......... .......... 67% 5.11M 5s
 72050K .......... .......... .......... .......... .......... 67% 6.00M 5s
 72100K .......... .......... .......... .......... .......... 68% 5.10M 5s
 72150K .......... .......... .......... .......... .......... 68% 5.03M 5s
 72200K .......... .......... .......... .......... .......... 68% 5.46M 5s
 72250K .......... .......... .......... .......... .......... 68% 5.37M 5s
 72300K .......... .......... .......... .......... .......... 68% 5.66M 5s
 72350K .......... .......... .......... .......... .......... 68% 4.48M 5s
 72400K .......... .......... .......... .......... .......... 68% 5.42M 5s
 72450K .......... .......... .......... .......... .......... 68% 5.80M 5s
 72500K .......... .......... .......... .......... .......... 68% 5.59M 5s
 72550K .......... .......... .......... .......... .......... 68% 4.91M 5s
 72600K .......... .......... .......... .......... .......... 68% 5.59M 5s
 72650K .......... .......... .......... .......... .......... 68% 5.28M 5s
 72700K .......... .......... .......... .......... .......... 68% 4.84M 5s
 72750K .......... .......... .......... .......... .......... 68% 5.24M 5s
 72800K .......... .......... .......... .......... .......... 68% 5.88M 5s
 72850K .......... .......... .......... .......... .......... 68% 4.92M 5s
 72900K .......... .......... .......... .......... .......... 68% 6.21M 5s
 72950K .......... .......... .......... .......... .......... 68% 5.77M 5s
 73000K .......... .......... .......... .......... .......... 68% 5.80M 5s
 73050K .......... .......... .......... .......... .......... 68% 5.51M 5s
 73100K .......... .......... .......... .......... .......... 68% 6.08M 5s
 73150K .......... .......... .......... .......... .......... 69% 6.20M 5s
 73200K .......... .......... .......... .......... .......... 69% 6.07M 5s
 73250K .......... .......... .......... .......... .......... 69% 5.50M 5s
 73300K .......... .......... .......... .......... .......... 69% 4.99M 5s
 73350K .......... .......... .......... .......... .......... 69% 6.27M 5s
 73400K .......... .......... .......... .......... .......... 69% 5.40M 5s
 73450K .......... .......... .......... .......... .......... 69% 5.96M 5s
 73500K .......... .......... .......... .......... .......... 69% 4.61M 5s
 73550K .......... .......... .......... .......... .......... 69% 5.69M 5s
 73600K .......... .......... .......... .......... .......... 69% 6.24M 5s
 73650K .......... .......... .......... .......... .......... 69% 6.35M 5s
 73700K .......... .......... .......... .......... .......... 69% 4.90M 5s
 73750K .......... .......... .......... .......... .......... 69% 6.30M 5s
 73800K .......... .......... .......... .......... .......... 69% 6.08M 5s
 73850K .......... .......... .......... .......... .......... 69% 5.98M 5s
 73900K .......... .......... .......... .......... .......... 69% 6.05M 5s
 73950K .......... .......... .......... .......... .......... 69% 5.79M 5s
 74000K .......... .......... .......... .......... .......... 69% 5.50M 5s
 74050K .......... .......... .......... .......... .......... 69% 6.04M 5s
 74100K .......... .......... .......... .......... .......... 69% 5.71M 5s
 74150K .......... .......... .......... .......... .......... 69% 6.02M 5s
 74200K .......... .......... .......... .......... .......... 70% 4.97M 5s
 74250K .......... .......... .......... .......... .......... 70% 5.79M 5s
 74300K .......... .......... .......... .......... .......... 70% 6.10M 5s
 74350K .......... .......... .......... .......... .......... 70% 5.20M 5s
 74400K .......... .......... .......... .......... .......... 70% 5.57M 5s
 74450K .......... .......... .......... .......... .......... 70% 5.65M 5s
 74500K .......... .......... .......... .......... .......... 70% 5.84M 5s
 74550K .......... .......... .......... .......... .......... 70% 6.05M 5s
 74600K .......... .......... .......... .......... .......... 70% 5.92M 5s
 74650K .......... .......... .......... .......... .......... 70% 5.70M 5s
 74700K .......... .......... .......... .......... .......... 70% 6.30M 5s
 74750K .......... .......... .......... .......... .......... 70% 5.33M 5s
 74800K .......... .......... .......... .......... .......... 70% 6.02M 5s
 74850K .......... .......... .......... .......... .......... 70% 5.39M 5s
 74900K .......... .......... .......... .......... .......... 70% 5.51M 5s
 74950K .......... .......... .......... .......... .......... 70% 5.43M 5s
 75000K .......... .......... .......... .......... .......... 70% 5.43M 5s
 75050K .......... .......... .......... .......... .......... 70% 5.65M 5s
 75100K .......... .......... .......... .......... .......... 70% 6.06M 5s
 75150K .......... .......... .......... .......... .......... 70% 4.81M 5s
 75200K .......... .......... .......... .......... .......... 70% 5.93M 5s
 75250K .......... .......... .......... .......... .......... 70% 5.88M 5s
 75300K .......... .......... .......... .......... .......... 71% 5.83M 5s
 75350K .......... .......... .......... .......... .......... 71% 5.09M 5s
 75400K .......... .......... .......... .......... .......... 71% 6.17M 5s
 75450K .......... .......... .......... .......... .......... 71% 5.52M 5s
 75500K .......... .......... .......... .......... .......... 71% 5.99M 5s
 75550K .......... .......... .......... .......... .......... 71% 5.67M 5s
 75600K .......... .......... .......... .......... .......... 71% 4.50M 5s
 75650K .......... .......... .......... .......... .......... 71% 5.79M 5s
 75700K .......... .......... .......... .......... .......... 71% 5.91M 5s
 75750K .......... .......... .......... .......... .......... 71% 5.29M 5s
 75800K .......... .......... .......... .......... .......... 71% 4.93M 5s
 75850K .......... .......... .......... .......... .......... 71% 5.39M 5s
 75900K .......... .......... .......... .......... .......... 71% 5.76M 5s
 75950K .......... .......... .......... .......... .......... 71% 6.37M 5s
 76000K .......... .......... .......... .......... .......... 71% 5.61M 5s
 76050K .......... .......... .......... .......... .......... 71% 5.34M 5s
 76100K .......... .......... .......... .......... .......... 71% 5.35M 5s
 76150K .......... .......... .......... .......... .......... 71% 5.82M 5s
 76200K .......... .......... .......... .......... .......... 71% 5.92M 5s
 76250K .......... .......... .......... .......... .......... 71% 5.11M 5s
 76300K .......... .......... .......... .......... .......... 71% 4.91M 5s
 76350K .......... .......... .......... .......... .......... 72% 5.77M 5s
 76400K .......... .......... .......... .......... .......... 72% 5.96M 5s
 76450K .......... .......... .......... .......... .......... 72% 6.11M 5s
 76500K .......... .......... .......... .......... .......... 72% 5.45M 5s
 76550K .......... .......... .......... .......... .......... 72% 5.61M 5s
 76600K .......... .......... .......... .......... .......... 72% 5.92M 5s
 76650K .......... .......... .......... .......... .......... 72% 6.10M 5s
 76700K .......... .......... .......... .......... .......... 72% 5.53M 5s
 76750K .......... .......... .......... .......... .......... 72% 5.48M 5s
 76800K .......... .......... .......... .......... .......... 72% 5.71M 5s
 76850K .......... .......... .......... .......... .......... 72% 6.37M 5s
 76900K .......... .......... .......... .......... .......... 72% 5.95M 5s
 76950K .......... .......... .......... .......... .......... 72% 4.94M 5s
 77000K .......... .......... .......... .......... .......... 72% 5.39M 5s
 77050K .......... .......... .......... .......... .......... 72% 6.30M 5s
 77100K .......... .......... .......... .......... .......... 72% 6.10M 5s
 77150K .......... .......... .......... .......... .......... 72% 4.47M 5s
 77200K .......... .......... .......... .......... .......... 72% 6.05M 5s
 77250K .......... .......... .......... .......... .......... 72% 6.01M 5s
 77300K .......... .......... .......... .......... .......... 72% 5.76M 5s
 77350K .......... .......... .......... .......... .......... 72% 5.00M 5s
 77400K .......... .......... .......... .......... .......... 73% 6.19M 5s
 77450K .......... .......... .......... .......... .......... 73% 5.79M 5s
 77500K .......... .......... .......... .......... .......... 73% 5.80M 5s
 77550K .......... .......... .......... .......... .......... 73% 5.16M 5s
 77600K .......... .......... .......... .......... .......... 73% 6.39M 5s
 77650K .......... .......... .......... .......... .......... 73% 5.92M 5s
 77700K .......... .......... .......... .......... .......... 73% 4.99M 5s
 77750K .......... .......... .......... .......... .......... 73% 6.00M 5s
 77800K .......... .......... .......... .......... .......... 73% 5.12M 5s
 77850K .......... .......... .......... .......... .......... 73% 5.31M 5s
 77900K .......... .......... .......... .......... .......... 73% 4.93M 5s
 77950K .......... .......... .......... .......... .......... 73% 5.20M 5s
 78000K .......... .......... .......... .......... .......... 73% 5.55M 5s
 78050K .......... .......... .......... .......... .......... 73% 5.21M 5s
 78100K .......... .......... .......... .......... .......... 73% 5.46M 5s
 78150K .......... .......... .......... .......... .......... 73% 5.17M 5s
 78200K .......... .......... .......... .......... .......... 73% 5.85M 5s
 78250K .......... .......... .......... .......... .......... 73% 5.79M 5s
 78300K .......... .......... .......... .......... .......... 73% 5.68M 4s
 78350K .......... .......... .......... .......... .......... 73% 5.18M 4s
 78400K .......... .......... .......... .......... .......... 73% 5.81M 4s
 78450K .......... .......... .......... .......... .......... 74% 5.85M 4s
 78500K .......... .......... .......... .......... .......... 74% 5.30M 4s
 78550K .......... .......... .......... .......... .......... 74% 5.10M 4s
 78600K .......... .......... .......... .......... .......... 74% 5.42M 4s
 78650K .......... .......... .......... .......... .......... 74% 5.15M 4s
 78700K .......... .......... .......... .......... .......... 74% 5.34M 4s
 78750K .......... .......... .......... .......... .......... 74% 4.90M 4s
 78800K .......... .......... .......... .......... .......... 74% 5.18M 4s
 78850K .......... .......... .......... .......... .......... 74% 4.94M 4s
 78900K .......... .......... .......... .......... .......... 74% 6.13M 4s
 78950K .......... .......... .......... .......... .......... 74% 5.95M 4s
 79000K .......... .......... .......... .......... .......... 74% 4.92M 4s
 79050K .......... .......... .......... .......... .......... 74% 4.60M 4s
 79100K .......... .......... .......... .......... .......... 74% 5.42M 4s
 79150K .......... .......... .......... .......... .......... 74% 5.64M 4s
 79200K .......... .......... .......... .......... .......... 74% 5.56M 4s
 79250K .......... .......... .......... .......... .......... 74% 5.49M 4s
 79300K .......... .......... .......... .......... .......... 74% 4.95M 4s
 79350K .......... .......... .......... .......... .......... 74% 5.77M 4s
 79400K .......... .......... .......... .......... .......... 74% 5.26M 4s
 79450K .......... .......... .......... .......... .......... 74% 5.71M 4s
 79500K .......... .......... .......... .......... .......... 75% 4.75M 4s
 79550K .......... .......... .......... .......... .......... 75% 5.93M 4s
 79600K .......... .......... .......... .......... .......... 75% 6.20M 4s
 79650K .......... .......... .......... .......... .......... 75% 6.09M 4s
 79700K .......... .......... .......... .......... .......... 75% 5.23M 4s
 79750K .......... .......... .......... .......... .......... 75% 5.37M 4s
 79800K .......... .......... .......... .......... .......... 75% 5.27M 4s
 79850K .......... .......... .......... .......... .......... 75% 5.58M 4s
 79900K .......... .......... .......... .......... .......... 75% 5.83M 4s
 79950K .......... .......... .......... .......... .......... 75% 5.55M 4s
 80000K .......... .......... .......... .......... .......... 75% 4.87M 4s
 80050K .......... .......... .......... .......... .......... 75% 5.94M 4s
 80100K .......... .......... .......... .......... .......... 75% 5.59M 4s
 80150K .......... .......... .......... .......... .......... 75% 5.50M 4s
 80200K .......... .......... .......... .......... .......... 75% 4.96M 4s
 80250K .......... .......... .......... .......... .......... 75% 5.58M 4s
 80300K .......... .......... .......... .......... .......... 75% 5.71M 4s
 80350K .......... .......... .......... .......... .......... 75% 5.26M 4s
 80400K .......... .......... .......... .......... .......... 75% 5.71M 4s
 80450K .......... .......... .......... .......... .......... 75% 4.97M 4s
 80500K .......... .......... .......... .......... .......... 75% 5.71M 4s
 80550K .......... .......... .......... .......... .......... 75% 5.91M 4s
 80600K .......... .......... .......... .......... .......... 76% 5.46M 4s
 80650K .......... .......... .......... .......... .......... 76% 4.86M 4s
 80700K .......... .......... .......... .......... .......... 76% 5.60M 4s
 80750K .......... .......... .......... .......... .......... 76% 5.31M 4s
 80800K .......... .......... .......... .......... .......... 76% 5.75M 4s
 80850K .......... .......... .......... .......... .......... 76% 4.72M 4s
 80900K .......... .......... .......... .......... .......... 76% 5.62M 4s
 80950K .......... .......... .......... .......... .......... 76% 5.48M 4s
 81000K .......... .......... .......... .......... .......... 76% 5.14M 4s
 81050K .......... .......... .......... .......... .......... 76% 5.34M 4s
 81100K .......... .......... .......... .......... .......... 76% 5.85M 4s
 81150K .......... .......... .......... .......... .......... 76% 4.75M 4s
 81200K .......... .......... .......... .......... .......... 76% 5.51M 4s
 81250K .......... .......... .......... .......... .......... 76% 5.23M 4s
 81300K .......... .......... .......... .......... .......... 76% 5.33M 4s
 81350K .......... .......... .......... .......... .......... 76% 5.85M 4s
 81400K .......... .......... .......... .......... .......... 76% 4.98M 4s
 81450K .......... .......... .......... .......... .......... 76% 5.85M 4s
 81500K .......... .......... .......... .......... .......... 76% 5.56M 4s
 81550K .......... .......... .......... .......... .......... 76% 5.82M 4s
 81600K .......... .......... .......... .......... .......... 76% 4.77M 4s
 81650K .......... .......... .......... .......... .......... 77% 5.93M 4s
 81700K .......... .......... .......... .......... .......... 77% 5.60M 4s
 81750K .......... .......... .......... .......... .......... 77% 5.18M 4s
 81800K .......... .......... .......... .......... .......... 77% 5.34M 4s
 81850K .......... .......... .......... .......... .......... 77% 4.73M 4s
 81900K .......... .......... .......... .......... .......... 77% 5.69M 4s
 81950K .......... .......... .......... .......... .......... 77% 5.83M 4s
 82000K .......... .......... .......... .......... .......... 77% 5.66M 4s
 82050K .......... .......... .......... .......... .......... 77% 5.04M 4s
 82100K .......... .......... .......... .......... .......... 77% 5.44M 4s
 82150K .......... .......... .......... .......... .......... 77% 5.42M 4s
 82200K .......... .......... .......... .......... .......... 77% 5.57M 4s
 82250K .......... .......... .......... .......... .......... 77% 4.77M 4s
 82300K .......... .......... .......... .......... .......... 77% 5.44M 4s
 82350K .......... .......... .......... .......... .......... 77% 5.53M 4s
 82400K .......... .......... .......... .......... .......... 77% 5.41M 4s
 82450K .......... .......... .......... .......... .......... 77% 5.22M 4s
 82500K .......... .......... .......... .......... .......... 77% 4.91M 4s
 82550K .......... .......... .......... .......... .......... 77% 5.93M 4s
 82600K .......... .......... .......... .......... .......... 77% 5.73M 4s
 82650K .......... .......... .......... .......... .......... 77% 6.06M 4s
 82700K .......... .......... .......... .......... .......... 78% 5.14M 4s
 82750K .......... .......... .......... .......... .......... 78% 5.90M 4s
 82800K .......... .......... .......... .......... .......... 78% 5.83M 4s
 82850K .......... .......... .......... .......... .......... 78% 5.84M 4s
 82900K .......... .......... .......... .......... .......... 78% 5.48M 4s
 82950K .......... .......... .......... .......... .......... 78% 5.32M 4s
 83000K .......... .......... .......... .......... .......... 78% 6.18M 4s
 83050K .......... .......... .......... .......... .......... 78% 5.98M 4s
 83100K .......... .......... .......... .......... .......... 78% 5.97M 4s
 83150K .......... .......... .......... .......... .......... 78% 4.70M 4s
 83200K .......... .......... .......... .......... .......... 78% 5.90M 4s
 83250K .......... .......... .......... .......... .......... 78% 5.90M 4s
 83300K .......... .......... .......... .......... .......... 78% 6.08M 4s
 83350K .......... .......... .......... .......... .......... 78% 5.00M 4s
 83400K .......... .......... .......... .......... .......... 78% 5.65M 4s
 83450K .......... .......... .......... .......... .......... 78% 5.27M 4s
 83500K .......... .......... .......... .......... .......... 78% 6.11M 4s
 83550K .......... .......... .......... .......... .......... 78% 5.94M 4s
 83600K .......... .......... .......... .......... .......... 78% 5.64M 4s
 83650K .......... .......... .......... .......... .......... 78% 5.09M 4s
 83700K .......... .......... .......... .......... .......... 78% 5.95M 4s
 83750K .......... .......... .......... .......... .......... 79% 6.15M 4s
 83800K .......... .......... .......... .......... .......... 79% 6.07M 4s
 83850K .......... .......... .......... .......... .......... 79% 4.99M 4s
 83900K .......... .......... .......... .......... .......... 79% 5.52M 4s
 83950K .......... .......... .......... .......... .......... 79% 6.10M 4s
 84000K .......... .......... .......... .......... .......... 79% 5.88M 4s
 84050K .......... .......... .......... .......... .......... 79% 5.50M 4s
 84100K .......... .......... .......... .......... .......... 79% 5.17M 4s
 84150K .......... .......... .......... .......... .......... 79% 5.85M 4s
 84200K .......... .......... .......... .......... .......... 79% 6.03M 4s
 84250K .......... .......... .......... .......... .......... 79% 5.80M 4s
 84300K .......... .......... .......... .......... .......... 79% 4.57M 4s
 84350K .......... .......... .......... .......... .......... 79% 5.80M 4s
 84400K .......... .......... .......... .......... .......... 79% 5.87M 4s
 84450K .......... .......... .......... .......... .......... 79% 6.22M 4s
 84500K .......... .......... .......... .......... .......... 79% 5.91M 4s
 84550K .......... .......... .......... .......... .......... 79% 6.12M 4s
 84600K .......... .......... .......... .......... .......... 79% 5.77M 3s
 84650K .......... .......... .......... .......... .......... 79% 6.23M 3s
 84700K .......... .......... .......... .......... .......... 79% 5.85M 3s
 84750K .......... .......... .......... .......... .......... 79% 6.36M 3s
 84800K .......... .......... .......... .......... .......... 79% 5.67M 3s
 84850K .......... .......... .......... .......... .......... 80% 6.34M 3s
 84900K .......... .......... .......... .......... .......... 80% 5.62M 3s
 84950K .......... .......... .......... .......... .......... 80% 6.42M 3s
 85000K .......... .......... .......... .......... .......... 80% 5.47M 3s
 85050K .......... .......... .......... .......... .......... 80% 6.01M 3s
 85100K .......... .......... .......... .......... .......... 80% 5.86M 3s
 85150K .......... .......... .......... .......... .......... 80% 6.18M 3s
 85200K .......... .......... .......... .......... .......... 80% 5.10M 3s
 85250K .......... .......... .......... .......... .......... 80% 5.23M 3s
 85300K .......... .......... .......... .......... .......... 80% 5.80M 3s
 85350K .......... .......... .......... .......... .......... 80% 5.86M 3s
 85400K .......... .......... .......... .......... .......... 80% 5.73M 3s
 85450K .......... .......... .......... .......... .......... 80% 5.31M 3s
 85500K .......... .......... .......... .......... .......... 80% 5.74M 3s
 85550K .......... .......... .......... .......... .......... 80% 6.23M 3s
 85600K .......... .......... .......... .......... .......... 80% 5.88M 3s
 85650K .......... .......... .......... .......... .......... 80% 5.42M 3s
 85700K .......... .......... .......... .......... .......... 80% 5.92M 3s
 85750K .......... .......... .......... .......... .......... 80% 5.53M 3s
 85800K .......... .......... .......... .......... .......... 80% 6.29M 3s
 85850K .......... .......... .......... .......... .......... 80% 6.22M 3s
 85900K .......... .......... .......... .......... .......... 81% 5.81M 3s
 85950K .......... .......... .......... .......... .......... 81% 5.36M 3s
 86000K .......... .......... .......... .......... .......... 81% 6.53M 3s
 86050K .......... .......... .......... .......... .......... 81% 6.71M 3s
 86100K .......... .......... .......... .......... .......... 81% 6.42M 3s
 86150K .......... .......... .......... .......... .......... 81% 5.82M 3s
 86200K .......... .......... .......... .......... .......... 81% 6.54M 3s
 86250K .......... .......... .......... .......... .......... 81% 6.80M 3s
 86300K .......... .......... .......... .......... .......... 81% 5.89M 3s
 86350K .......... .......... .......... .......... .......... 81% 6.05M 3s
 86400K .......... .......... .......... .......... .......... 81% 5.54M 3s
 86450K .......... .......... .......... .......... .......... 81% 5.74M 3s
 86500K .......... .......... .......... .......... .......... 81% 5.77M 3s
 86550K .......... .......... .......... .......... .......... 81% 5.86M 3s
 86600K .......... .......... .......... .......... .......... 81% 5.52M 3s
 86650K .......... .......... .......... .......... .......... 81% 6.29M 3s
 86700K .......... .......... .......... .......... .......... 81% 6.66M 3s
 86750K .......... .......... .......... .......... .......... 81% 6.59M 3s
 86800K .......... .......... .......... .......... .......... 81% 5.78M 3s
 86850K .......... .......... .......... .......... .......... 81% 6.86M 3s
 86900K .......... .......... .......... .......... .......... 81% 5.98M 3s
 86950K .......... .......... .......... .......... .......... 82% 6.27M 3s
 87000K .......... .......... .......... .......... .......... 82% 7.10M 3s
 87050K .......... .......... .......... .......... .......... 82% 6.91M 3s
 87100K .......... .......... .......... .......... .......... 82% 5.90M 3s
 87150K .......... .......... .......... .......... .......... 82% 6.71M 3s
 87200K .......... .......... .......... .......... .......... 82% 6.29M 3s
 87250K .......... .......... .......... .......... .......... 82% 6.59M 3s
 87300K .......... .......... .......... .......... .......... 82% 5.23M 3s
 87350K .......... .......... .......... .......... .......... 82% 6.05M 3s
 87400K .......... .......... .......... .......... .......... 82% 6.09M 3s
 87450K .......... .......... .......... .......... .......... 82% 6.21M 3s
 87500K .......... .......... .......... .......... .......... 82% 6.94M 3s
 87550K .......... .......... .......... .......... .......... 82% 5.90M 3s
 87600K .......... .......... .......... .......... .......... 82% 6.45M 3s
 87650K .......... .......... .......... .......... .......... 82% 6.35M 3s
 87700K .......... .......... .......... .......... .......... 82% 5.58M 3s
 87750K .......... .......... .......... .......... .......... 82% 5.10M 3s
 87800K .......... .......... .......... .......... .......... 82% 4.46M 3s
 87850K .......... .......... .......... .......... .......... 82% 5.71M 3s
 87900K .......... .......... .......... .......... .......... 82% 6.19M 3s
 87950K .......... .......... .......... .......... .......... 82% 5.56M 3s
 88000K .......... .......... .......... .......... .......... 83% 5.98M 3s
 88050K .......... .......... .......... .......... .......... 83% 5.69M 3s
 88100K .......... .......... .......... .......... .......... 83% 6.28M 3s
 88150K .......... .......... .......... .......... .......... 83% 7.14M 3s
 88200K .......... .......... .......... .......... .......... 83% 6.65M 3s
 88250K .......... .......... .......... .......... .......... 83% 5.88M 3s
 88300K .......... .......... .......... .......... .......... 83% 6.74M 3s
 88350K .......... .......... .......... .......... .......... 83% 6.78M 3s
 88400K .......... .......... .......... .......... .......... 83% 6.45M 3s
 88450K .......... .......... .......... .......... .......... 83% 5.59M 3s
 88500K .......... .......... .......... .......... .......... 83% 7.34M 3s
 88550K .......... .......... .......... .......... .......... 83% 6.94M 3s
 88600K .......... .......... .......... .......... .......... 83% 7.02M 3s
 88650K .......... .......... .......... .......... .......... 83% 7.12M 3s
 88700K .......... .......... .......... .......... .......... 83% 5.76M 3s
 88750K .......... .......... .......... .......... .......... 83% 7.24M 3s
 88800K .......... .......... .......... .......... .......... 83% 7.27M 3s
 88850K .......... .......... .......... .......... .......... 83% 7.12M 3s
 88900K .......... .......... .......... .......... .......... 83% 5.88M 3s
 88950K .......... .......... .......... .......... .......... 83% 6.34M 3s
 89000K .......... .......... .......... .......... .......... 83% 6.50M 3s
 89050K .......... .......... .......... .......... .......... 84% 7.63M 3s
 89100K .......... .......... .......... .......... .......... 84% 6.35M 3s
 89150K .......... .......... .......... .......... .......... 84% 7.64M 3s
 89200K .......... .......... .......... .......... .......... 84% 6.97M 3s
 89250K .......... .......... .......... .......... .......... 84% 7.28M 3s
 89300K .......... .......... .......... .......... .......... 84% 6.63M 3s
 89350K .......... .......... .......... .......... .......... 84% 6.43M 3s
 89400K .......... .......... .......... .......... .......... 84% 6.95M 3s
 89450K .......... .......... .......... .......... .......... 84% 7.51M 3s
 89500K .......... .......... .......... .......... .......... 84% 8.00M 3s
 89550K .......... .......... .......... .......... .......... 84% 8.27M 3s
 89600K .......... .......... .......... .......... .......... 84% 7.21M 3s
 89650K .......... .......... .......... .......... .......... 84% 6.90M 3s
 89700K .......... .......... .......... .......... .......... 84% 7.76M 3s
 89750K .......... .......... .......... .......... .......... 84% 5.46M 3s
 89800K .......... .......... .......... .......... .......... 84% 7.27M 3s
 89850K .......... .......... .......... .......... .......... 84% 6.60M 3s
 89900K .......... .......... .......... .......... .......... 84% 7.49M 3s
 89950K .......... .......... .......... .......... .......... 84% 7.73M 3s
 90000K .......... .......... .......... .......... .......... 84% 6.76M 3s
 90050K .......... .......... .......... .......... .......... 84% 7.09M 3s
 90100K .......... .......... .......... .......... .......... 84% 5.49M 3s
 90150K .......... .......... .......... .......... .......... 85% 7.13M 3s
 90200K .......... .......... .......... .......... .......... 85% 7.39M 3s
 90250K .......... .......... .......... .......... .......... 85% 6.65M 3s
 90300K .......... .......... .......... .......... .......... 85% 6.94M 3s
 90350K .......... .......... .......... .......... .......... 85% 6.49M 3s
 90400K .......... .......... .......... .......... .......... 85% 6.93M 3s
 90450K .......... .......... .......... .......... .......... 85% 7.56M 3s
 90500K .......... .......... .......... .......... .......... 85% 6.98M 3s
 90550K .......... .......... .......... .......... .......... 85% 6.46M 3s
 90600K .......... .......... .......... .......... .......... 85% 7.45M 3s
 90650K .......... .......... .......... .......... .......... 85% 7.19M 3s
 90700K .......... .......... .......... .......... .......... 85% 7.61M 2s
 90750K .......... .......... .......... .......... .......... 85% 6.33M 2s
 90800K .......... .......... .......... .......... .......... 85% 6.75M 2s
 90850K .......... .......... .......... .......... .......... 85% 6.25M 2s
 90900K .......... .......... .......... .......... .......... 85% 6.52M 2s
 90950K .......... .......... .......... .......... .......... 85% 7.21M 2s
 91000K .......... .......... .......... .......... .......... 85% 5.31M 2s
 91050K .......... .......... .......... .......... .......... 85% 6.64M 2s
 91100K .......... .......... .......... .......... .......... 85% 6.67M 2s
 91150K .......... .......... .......... .......... .......... 85% 7.47M 2s
 91200K .......... .......... .......... .......... .......... 86% 6.97M 2s
 91250K .......... .......... .......... .......... .......... 86% 7.62M 2s
 91300K .......... .......... .......... .......... .......... 86% 7.15M 2s
 91350K .......... .......... .......... .......... .......... 86% 7.64M 2s
 91400K .......... .......... .......... .......... .......... 86% 6.32M 2s
 91450K .......... .......... .......... .......... .......... 86% 8.46M 2s
 91500K .......... .......... .......... .......... .......... 86% 6.45M 2s
 91550K .......... .......... .......... .......... .......... 86% 6.30M 2s
 91600K .......... .......... .......... .......... .......... 86% 7.21M 2s
 91650K .......... .......... .......... .......... .......... 86% 7.72M 2s
 91700K .......... .......... .......... .......... .......... 86% 6.83M 2s
 91750K .......... .......... .......... .......... .......... 86% 7.54M 2s
 91800K .......... .......... .......... .......... .......... 86% 7.84M 2s
 91850K .......... .......... .......... .......... .......... 86% 7.60M 2s
 91900K .......... .......... .......... .......... .......... 86% 7.08M 2s
 91950K .......... .......... .......... .......... .......... 86% 8.01M 2s
 92000K .......... .......... .......... .......... .......... 86% 7.75M 2s
 92050K .......... .......... .......... .......... .......... 86% 7.50M 2s
 92100K .......... .......... .......... .......... .......... 86% 7.33M 2s
 92150K .......... .......... .......... .......... .......... 86% 6.86M 2s
 92200K .......... .......... .......... .......... .......... 86% 7.78M 2s
 92250K .......... .......... .......... .......... .......... 87% 7.56M 2s
 92300K .......... .......... .......... .......... .......... 87% 7.33M 2s
 92350K .......... .......... .......... .......... .......... 87% 6.27M 2s
 92400K .......... .......... .......... .......... .......... 87% 7.00M 2s
 92450K .......... .......... .......... .......... .......... 87% 7.10M 2s
 92500K .......... .......... .......... .......... .......... 87% 7.20M 2s
 92550K .......... .......... .......... .......... .......... 87% 6.40M 2s
 92600K .......... .......... .......... .......... .......... 87% 7.55M 2s
 92650K .......... .......... .......... .......... .......... 87% 7.61M 2s
 92700K .......... .......... .......... .......... .......... 87% 7.47M 2s
 92750K .......... .......... .......... .......... .......... 87% 6.25M 2s
 92800K .......... .......... .......... .......... .......... 87% 7.46M 2s
 92850K .......... .......... .......... .......... .......... 87% 7.66M 2s
 92900K .......... .......... .......... .......... .......... 87% 5.95M 2s
 92950K .......... .......... .......... .......... .......... 87% 5.57M 2s
 93000K .......... .......... .......... .......... .......... 87% 7.50M 2s
 93050K .......... .......... .......... .......... .......... 87% 7.29M 2s
 93100K .......... .......... .......... .......... .......... 87% 7.59M 2s
 93150K .......... .......... .......... .......... .......... 87% 7.48M 2s
 93200K .......... .......... .......... .......... .......... 87% 7.64M 2s
 93250K .......... .......... .......... .......... .......... 87% 6.73M 2s
 93300K .......... .......... .......... .......... .......... 88% 8.22M 2s
 93350K .......... .......... .......... .......... .......... 88% 7.44M 2s
 93400K .......... .......... .......... .......... .......... 88% 7.52M 2s
 93450K .......... .......... .......... .......... .......... 88% 7.21M 2s
 93500K .......... .......... .......... .......... .......... 88% 7.98M 2s
 93550K .......... .......... .......... .......... .......... 88% 7.66M 2s
 93600K .......... .......... .......... .......... .......... 88% 8.31M 2s
 93650K .......... .......... .......... .......... .......... 88% 7.20M 2s
 93700K .......... .......... .......... .......... .......... 88% 8.54M 2s
 93750K .......... .......... .......... .......... .......... 88% 7.67M 2s
 93800K .......... .......... .......... .......... .......... 88% 8.30M 2s
 93850K .......... .......... .......... .......... .......... 88% 7.94M 2s
 93900K .......... .......... .......... .......... .......... 88% 7.37M 2s
 93950K .......... .......... .......... .......... .......... 88% 8.28M 2s
 94000K .......... .......... .......... .......... .......... 88% 8.26M 2s
 94050K .......... .......... .......... .......... .......... 88% 7.20M 2s
 94100K .......... .......... .......... .......... .......... 88% 7.00M 2s
 94150K .......... .......... .......... .......... .......... 88% 8.37M 2s
 94200K .......... .......... .......... .......... .......... 88% 7.70M 2s
 94250K .......... .......... .......... .......... .......... 88% 7.50M 2s
 94300K .......... .......... .......... .......... .......... 88% 6.88M 2s
 94350K .......... .......... .......... .......... .......... 89% 7.37M 2s
 94400K .......... .......... .......... .......... .......... 89% 6.36M 2s
 94450K .......... .......... .......... .......... .......... 89% 7.63M 2s
 94500K .......... .......... .......... .......... .......... 89% 7.81M 2s
 94550K .......... .......... .......... .......... .......... 89% 8.15M 2s
 94600K .......... .......... .......... .......... .......... 89% 6.63M 2s
 94650K .......... .......... .......... .......... .......... 89% 8.08M 2s
 94700K .......... .......... .......... .......... .......... 89% 7.01M 2s
 94750K .......... .......... .......... .......... .......... 89% 8.18M 2s
 94800K .......... .......... .......... .......... .......... 89% 6.37M 2s
 94850K .......... .......... .......... .......... .......... 89% 7.42M 2s
 94900K .......... .......... .......... .......... .......... 89% 7.53M 2s
 94950K .......... .......... .......... .......... .......... 89% 8.22M 2s
 95000K .......... .......... .......... .......... .......... 89% 8.46M 2s
 95050K .......... .......... .......... .......... .......... 89% 6.79M 2s
 95100K .......... .......... .......... .......... .......... 89% 7.76M 2s
 95150K .......... .......... .......... .......... .......... 89% 8.00M 2s
 95200K .......... .......... .......... .......... .......... 89% 6.69M 2s
 95250K .......... .......... .......... .......... .......... 89% 6.93M 2s
 95300K .......... .......... .......... .......... .......... 89% 7.71M 2s
 95350K .......... .......... .......... .......... .......... 89% 7.89M 2s
 95400K .......... .......... .......... .......... .......... 89% 7.62M 2s
 95450K .......... .......... .......... .......... .......... 90% 6.53M 2s
 95500K .......... .......... .......... .......... .......... 90% 7.49M 2s
 95550K .......... .......... .......... .......... .......... 90% 7.26M 2s
 95600K .......... .......... .......... .......... .......... 90% 7.16M 2s
 95650K .......... .......... .......... .......... .......... 90% 6.81M 2s
 95700K .......... .......... .......... .......... .......... 90% 7.48M 2s
 95750K .......... .......... .......... .......... .......... 90% 6.84M 2s
 95800K .......... .......... .......... .......... .......... 90% 8.16M 2s
 95850K .......... .......... .......... .......... .......... 90% 8.05M 2s
 95900K .......... .......... .......... .......... .......... 90% 7.72M 2s
 95950K .......... .......... .......... .......... .......... 90% 5.95M 2s
 96000K .......... .......... .......... .......... .......... 90% 5.53M 2s
 96050K .......... .......... .......... .......... .......... 90% 6.94M 2s
 96100K .......... .......... .......... .......... .......... 90% 7.75M 2s
 96150K .......... .......... .......... .......... .......... 90% 7.32M 2s
 96200K .......... .......... .......... .......... .......... 90% 7.09M 2s
 96250K .......... .......... .......... .......... .......... 90% 6.87M 2s
 96300K .......... .......... .......... .......... .......... 90% 7.51M 2s
 96350K .......... .......... .......... .......... .......... 90% 7.01M 2s
 96400K .......... .......... .......... .......... .......... 90% 6.55M 2s
 96450K .......... .......... .......... .......... .......... 90% 6.77M 2s
 96500K .......... .......... .......... .......... .......... 91% 7.79M 2s
 96550K .......... .......... .......... .......... .......... 91% 7.72M 2s
 96600K .......... .......... .......... .......... .......... 91% 7.56M 2s
 96650K .......... .......... .......... .......... .......... 91% 7.35M 2s
 96700K .......... .......... .......... .......... .......... 91% 6.82M 1s
 96750K .......... .......... .......... .......... .......... 91% 7.83M 1s
 96800K .......... .......... .......... .......... .......... 91% 7.33M 1s
 96850K .......... .......... .......... .......... .......... 91% 7.65M 1s
 96900K .......... .......... .......... .......... .......... 91% 6.27M 1s
 96950K .......... .......... .......... .......... .......... 91% 8.02M 1s
 97000K .......... .......... .......... .......... .......... 91% 7.39M 1s
 97050K .......... .......... .......... .......... .......... 91% 7.55M 1s
 97100K .......... .......... .......... .......... .......... 91% 6.89M 1s
 97150K .......... .......... .......... .......... .......... 91% 7.19M 1s
 97200K .......... .......... .......... .......... .......... 91% 8.09M 1s
 97250K .......... .......... .......... .......... .......... 91% 7.97M 1s
 97300K .......... .......... .......... .......... .......... 91% 7.62M 1s
 97350K .......... .......... .......... .......... .......... 91% 6.38M 1s
 97400K .......... .......... .......... .......... .......... 91% 7.13M 1s
 97450K .......... .......... .......... .......... .......... 91% 7.39M 1s
 97500K .......... .......... .......... .......... .......... 91% 7.47M 1s
 97550K .......... .......... .......... .......... .......... 92% 6.99M 1s
 97600K .......... .......... .......... .......... .......... 92% 6.96M 1s
 97650K .......... .......... .......... .......... .......... 92% 7.47M 1s
 97700K .......... .......... .......... .......... .......... 92% 7.09M 1s
 97750K .......... .......... .......... .......... .......... 92% 7.07M 1s
 97800K .......... .......... .......... .......... .......... 92% 6.66M 1s
 97850K .......... .......... .......... .......... .......... 92% 6.32M 1s
 97900K .......... .......... .......... .......... .......... 92% 7.35M 1s
 97950K .......... .......... .......... .......... .......... 92% 7.52M 1s
 98000K .......... .......... .......... .......... .......... 92% 7.33M 1s
 98050K .......... .......... .......... .......... .......... 92% 6.48M 1s
 98100K .......... .......... .......... .......... .......... 92% 7.17M 1s
 98150K .......... .......... .......... .......... .......... 92% 7.50M 1s
 98200K .......... .......... .......... .......... .......... 92% 7.70M 1s
 98250K .......... .......... .......... .......... .......... 92% 6.47M 1s
 98300K .......... .......... .......... .......... .......... 92% 6.85M 1s
 98350K .......... .......... .......... .......... .......... 92% 7.97M 1s
 98400K .......... .......... .......... .......... .......... 92% 7.31M 1s
 98450K .......... .......... .......... .......... .......... 92% 7.52M 1s
 98500K .......... .......... .......... .......... .......... 92% 6.89M 1s
 98550K .......... .......... .......... .......... .......... 92% 7.46M 1s
 98600K .......... .......... .......... .......... .......... 93% 7.47M 1s
 98650K .......... .......... .......... .......... .......... 93% 7.68M 1s
 98700K .......... .......... .......... .......... .......... 93% 6.37M 1s
 98750K .......... .......... .......... .......... .......... 93% 7.40M 1s
 98800K .......... .......... .......... .......... .......... 93% 7.41M 1s
 98850K .......... .......... .......... .......... .......... 93% 7.23M 1s
 98900K .......... .......... .......... .......... .......... 93% 6.99M 1s
 98950K .......... .......... .......... .......... .......... 93% 6.60M 1s
 99000K .......... .......... .......... .......... .......... 93% 6.47M 1s
 99050K .......... .......... .......... .......... .......... 93% 7.96M 1s
 99100K .......... .......... .......... .......... .......... 93% 7.48M 1s
 99150K .......... .......... .......... .......... .......... 93% 7.66M 1s
 99200K .......... .......... .......... .......... .......... 93% 6.68M 1s
 99250K .......... .......... .......... .......... .......... 93% 7.05M 1s
 99300K .......... .......... .......... .......... .......... 93% 8.33M 1s
 99350K .......... .......... .......... .......... .......... 93% 7.65M 1s
 99400K .......... .......... .......... .......... .......... 93% 7.11M 1s
 99450K .......... .......... .......... .......... .......... 93% 7.15M 1s
 99500K .......... .......... .......... .......... .......... 93% 7.89M 1s
 99550K .......... .......... .......... .......... .......... 93% 7.84M 1s
 99600K .......... .......... .......... .......... .......... 93% 6.72M 1s
 99650K .......... .......... .......... .......... .......... 93% 6.18M 1s
 99700K .......... .......... .......... .......... .......... 94% 7.46M 1s
 99750K .......... .......... .......... .......... .......... 94% 7.94M 1s
 99800K .......... .......... .......... .......... .......... 94% 7.37M 1s
 99850K .......... .......... .......... .......... .......... 94% 6.36M 1s
 99900K .......... .......... .......... .......... .......... 94% 7.67M 1s
 99950K .......... .......... .......... .......... .......... 94% 7.40M 1s
100000K .......... .......... .......... .......... .......... 94% 7.37M 1s
100050K .......... .......... .......... .......... .......... 94% 7.69M 1s
100100K .......... .......... .......... .......... .......... 94% 6.30M 1s
100150K .......... .......... .......... .......... .......... 94% 5.51M 1s
100200K .......... .......... .......... .......... .......... 94% 7.49M 1s
100250K .......... .......... .......... .......... .......... 94% 7.37M 1s
100300K .......... .......... .......... .......... .......... 94% 7.52M 1s
100350K .......... .......... .......... .......... .......... 94% 6.40M 1s
100400K .......... .......... .......... .......... .......... 94% 7.59M 1s
100450K .......... .......... .......... .......... .......... 94% 7.75M 1s
100500K .......... .......... .......... .......... .......... 94% 7.07M 1s
100550K .......... .......... .......... .......... .......... 94% 6.40M 1s
100600K .......... .......... .......... .......... .......... 94% 6.59M 1s
100650K .......... .......... .......... .......... .......... 94% 7.64M 1s
100700K .......... .......... .......... .......... .......... 94% 6.89M 1s
100750K .......... .......... .......... .......... .......... 95% 6.86M 1s
100800K .......... .......... .......... .......... .......... 95% 6.26M 1s
100850K .......... .......... .......... .......... .......... 95% 7.74M 1s
100900K .......... .......... .......... .......... .......... 95% 7.25M 1s
100950K .......... .......... .......... .......... .......... 95% 6.90M 1s
101000K .......... .......... .......... .......... .......... 95% 5.47M 1s
101050K .......... .......... .......... .......... .......... 95% 7.46M 1s
101100K .......... .......... .......... .......... .......... 95% 7.44M 1s
101150K .......... .......... .......... .......... .......... 95% 7.41M 1s
101200K .......... .......... .......... .......... .......... 95% 7.63M 1s
101250K .......... .......... .......... .......... .......... 95% 6.23M 1s
101300K .......... .......... .......... .......... .......... 95% 5.46M 1s
101350K .......... .......... .......... .......... .......... 95% 6.93M 1s
101400K .......... .......... .......... .......... .......... 95% 6.52M 1s
101450K .......... .......... .......... .......... .......... 95% 6.92M 1s
101500K .......... .......... .......... .......... .......... 95% 5.21M 1s
101550K .......... .......... .......... .......... .......... 95% 6.23M 1s
101600K .......... .......... .......... .......... .......... 95% 6.26M 1s
101650K .......... .......... .......... .......... .......... 95% 6.29M 1s
101700K .......... .......... .......... .......... .......... 95% 5.69M 1s
101750K .......... .......... .......... .......... .......... 95% 6.34M 1s
101800K .......... .......... .......... .......... .......... 96% 6.65M 1s
101850K .......... .......... .......... .......... .......... 96% 7.11M 1s
101900K .......... .......... .......... .......... .......... 96% 7.00M 1s
101950K .......... .......... .......... .......... .......... 96% 5.99M 1s
102000K .......... .......... .......... .......... .......... 96% 6.61M 1s
102050K .......... .......... .......... .......... .......... 96% 5.84M 1s
102100K .......... .......... .......... .......... .......... 96% 6.93M 1s
102150K .......... .......... .......... .......... .......... 96% 6.03M 1s
102200K .......... .......... .......... .......... .......... 96% 6.81M 1s
102250K .......... .......... .......... .......... .......... 96% 6.59M 1s
102300K .......... .......... .......... .......... .......... 96% 6.19M 1s
102350K .......... .......... .......... .......... .......... 96% 6.87M 1s
102400K .......... .......... .......... .......... .......... 96% 6.60M 1s
102450K .......... .......... .......... .......... .......... 96% 6.02M 1s
102500K .......... .......... .......... .......... .......... 96% 6.49M 1s
102550K .......... .......... .......... .......... .......... 96% 6.26M 1s
102600K .......... .......... .......... .......... .......... 96% 6.37M 1s
102650K .......... .......... .......... .......... .......... 96% 6.04M 1s
102700K .......... .......... .......... .......... .......... 96% 6.54M 1s
102750K .......... .......... .......... .......... .......... 96% 6.18M 1s
102800K .......... .......... .......... .......... .......... 96% 6.54M 1s
102850K .......... .......... .......... .......... .......... 97% 2.62M 1s
102900K .......... .......... .......... .......... .......... 97% 6.36M 0s
102950K .......... .......... .......... .......... .......... 97% 6.34M 0s
103000K .......... .......... .......... .......... .......... 97% 6.59M 0s
103050K .......... .......... .......... .......... .......... 97% 6.43M 0s
103100K .......... .......... .......... .......... .......... 97% 6.82M 0s
103150K .......... .......... .......... .......... .......... 97% 6.14M 0s
103200K .......... .......... .......... .......... .......... 97% 6.97M 0s
103250K .......... .......... .......... .......... .......... 97% 6.40M 0s
103300K .......... .......... .......... .......... .......... 97% 5.68M 0s
103350K .......... .......... .......... .......... .......... 97% 5.52M 0s
103400K .......... .......... .......... .......... .......... 97% 7.14M 0s
103450K .......... .......... .......... .......... .......... 97% 6.17M 0s
103500K .......... .......... .......... .......... .......... 97% 6.85M 0s
103550K .......... .......... .......... .......... .......... 97% 6.08M 0s
103600K .......... .......... .......... .......... .......... 97% 7.09M 0s
103650K .......... .......... .......... .......... .......... 97% 7.42M 0s
103700K .......... .......... .......... .......... .......... 97% 7.22M 0s
103750K .......... .......... .......... .......... .......... 97% 6.03M 0s
103800K .......... .......... .......... .......... .......... 97% 6.76M 0s
103850K .......... .......... .......... .......... .......... 97% 7.52M 0s
103900K .......... .......... .......... .......... .......... 98% 7.37M 0s
103950K .......... .......... .......... .......... .......... 98% 6.04M 0s
104000K .......... .......... .......... .......... .......... 98% 7.18M 0s
104050K .......... .......... .......... .......... .......... 98% 7.22M 0s
104100K .......... .......... .......... .......... .......... 98% 7.43M 0s
104150K .......... .......... .......... .......... .......... 98% 7.34M 0s
104200K .......... .......... .......... .......... .......... 98% 3.77M 0s
104250K .......... .......... .......... .......... .......... 98% 7.66M 0s
104300K .......... .......... .......... .......... .......... 98% 7.38M 0s
104350K .......... .......... .......... .......... .......... 98% 6.76M 0s
104400K .......... .......... .......... .......... .......... 98% 6.20M 0s
104450K .......... .......... .......... .......... .......... 98% 6.57M 0s
104500K .......... .......... .......... .......... .......... 98% 6.30M 0s
104550K .......... .......... .......... .......... .......... 98% 6.78M 0s
104600K .......... .......... .......... .......... .......... 98% 6.10M 0s
104650K .......... .......... .......... .......... .......... 98% 5.46M 0s
104700K .......... .......... .......... .......... .......... 98% 6.22M 0s
104750K .......... .......... .......... .......... .......... 98% 6.71M 0s
104800K .......... .......... .......... .......... .......... 98% 6.33M 0s
104850K .......... .......... .......... .......... .......... 98% 6.20M 0s
104900K .......... .......... .......... .......... .......... 98% 5.38M 0s
104950K .......... .......... .......... .......... .......... 98% 6.27M 0s
105000K .......... .......... .......... .......... .......... 99% 5.81M 0s
105050K .......... .......... .......... .......... .......... 99% 6.08M 0s
105100K .......... .......... .......... .......... .......... 99% 5.86M 0s
105150K .......... .......... .......... .......... .......... 99% 6.46M 0s
105200K .......... .......... .......... .......... .......... 99% 6.81M 0s
105250K .......... .......... .......... .......... .......... 99% 7.30M 0s
105300K .......... .......... .......... .......... .......... 99% 7.17M 0s
105350K .......... .......... .......... .......... .......... 99% 6.11M 0s
105400K .......... .......... .......... .......... .......... 99% 7.05M 0s
105450K .......... .......... .......... .......... .......... 99% 6.68M 0s
105500K .......... .......... .......... .......... .......... 99% 6.80M 0s
105550K .......... .......... .......... .......... .......... 99% 5.48M 0s
105600K .......... .......... .......... .......... .......... 99% 6.64M 0s
105650K .......... .......... .......... .......... .......... 99% 6.37M 0s
105700K .......... .......... .......... .......... .......... 99% 6.46M 0s
105750K .......... .......... .......... .......... .......... 99% 6.33M 0s
105800K .......... .......... .......... .......... .......... 99% 7.33M 0s
105850K .......... .......... .......... .......... .......... 99% 5.79M 0s
105900K .......... .......... .......... .......... .......... 99% 6.33M 0s
105950K .......... .......... .......... .......... .......... 99% 6.00M 0s
106000K .......... .......... .......... .......... .......... 99% 6.68M 0s
106050K .......... .....                                      100% 5.17M=17s

2026-07-29 12:37:20 (6.12 MB/s) - ‘/root/.cache/vbench/pyiqa_model/musiq_spaq_ckpt-358bb6af.pth.1’ saved [108610983/108610983]

Videos have been splitted into clips in /apdcephfs_gy2/share_303214315/cedricnie/develop/training-free/runs/v129_paper_comparison_30s/published/deep_forcing/split_clip
Evaluation meta data saved to /apdcephfs_gy2/share_303214315/cedricnie/develop/training-free/runs/v129_paper_comparison_30s/metrics/vbench_long_parts/deep_forcing/imaging_quality/v129_imaging_quality_full_info.json
[V129PromptMap] mapped=128 manifest=/apdcephfs_gy2/share_303214315/cedricnie/develop/training-free/runs/v129_paper_comparison_30s/comparison_manifest.json
cur_full_info_path: /apdcephfs_gy2/share_303214315/cedricnie/develop/training-free/runs/v129_paper_comparison_30s/metrics/vbench_long_parts/deep_forcing/imaging_quality/v129_imaging_quality_full_info.json
Loading pretrained model MUSIQ from /root/.cache/vbench/pyiqa_model/musiq_spaq_ckpt-358bb6af.pth
  0%|          | 0/1920 [00:00<?, ?it/s]2026-07-29 12:37:24,899 - py.warnings - WARNING - /apdcephfs_gy2/share_303214315/cedricnie/develop/research_sprint/bench_baselines/VBench/vbench/imaging_quality.py:52: UserWarning: Converting a tensor with requires_grad=True to a scalar may lead to unexpected behavior.
Consider using tensor.detach() first. (Triggered internally at /pytorch/torch/csrc/autograd/generated/python_variable_methods.cpp:836.)
  acc_score_video += float(score)

  0%|          | 1/1920 [00:01<40:21,  1.26s/it]  0%|          | 2/1920 [00:01<29:55,  1.07it/s]  0%|          | 3/1920 [00:02<27:22,  1.17it/s]  0%|          | 4/1920 [00:03<24:17,  1.31it/s]  0%|          | 5/1920 [00:04<23:03,  1.38it/s]  0%|          | 6/1920 [00:04<22:34,  1.41it/s]  0%|          | 7/1920 [00:05<22:29,  1.42it/s]  0%|          | 8/1920 [00:06<23:21,  1.36it/s]  0%|          | 9/1920 [00:06<23:41,  1.34it/s]  1%|          | 10/1920 [00:07<23:51,  1.33it/s]  1%|          | 11/1920 [00:08<23:22,  1.36it/s]  1%|          | 12/1920 [00:09<22:36,  1.41it/s]  1%|          | 13/1920 [00:09<21:40,  1.47it/s]  1%|          | 14/1920 [00:10<21:16,  1.49it/s]  1%|          | 15/1920 [00:10<20:52,  1.52it/s]  1%|          | 16/1920 [00:11<21:02,  1.51it/s]  1%|          | 17/1920 [00:12<21:07,  1.50it/s]  1%|          | 18/1920 [00:13<21:48,  1.45it/s]  1%|          | 19/1920 [00:14<25:15,  1.25it/s]  1%|          | 20/1920 [00:15<34:08,  1.08s/it]  1%|          | 21/1920 [00:16<30:10,  1.05it/s]  1%|          | 22/1920 [00:17<28:26,  1.11it/s]  1%|          | 23/1920 [00:18<27:02,  1.17it/s]  1%|▏         | 24/1920 [00:18<27:43,  1.14it/s]  1%|▏         | 25/1920 [00:19<28:34,  1.11it/s]  1%|▏         | 26/1920 [00:20<29:29,  1.07it/s]  1%|▏         | 27/1920 [00:21<29:48,  1.06it/s]  1%|▏         | 28/1920 [00:22<29:41,  1.06it/s]  2%|▏         | 29/1920 [00:23<30:47,  1.02it/s]  2%|▏         | 30/1920 [00:24<31:47,  1.01s/it]  2%|▏         | 31/1920 [00:25<31:39,  1.01s/it]  2%|▏         | 32/1920 [00:26<31:58,  1.02s/it]  2%|▏         | 33/1920 [00:27<31:41,  1.01s/it]  2%|▏         | 34/1920 [00:28<30:58,  1.01it/s]  2%|▏         | 35/1920 [00:29<31:13,  1.01it/s]  2%|▏         | 36/1920 [00:30<30:39,  1.02it/s]  2%|▏         | 37/1920 [00:31<30:39,  1.02it/s]  2%|▏         | 38/1920 [00:32<31:11,  1.01it/s]  2%|▏         | 39/1920 [00:33<31:49,  1.02s/it]  2%|▏         | 40/1920 [00:34<30:53,  1.01it/s]  2%|▏         | 41/1920 [00:35<30:07,  1.04it/s]  2%|▏         | 42/1920 [00:36<31:05,  1.01it/s]  2%|▏         | 43/1920 [00:37<30:44,  1.02it/s]  2%|▏         | 44/1920 [00:38<30:34,  1.02it/s]  2%|▏         | 45/1920 [00:39<30:48,  1.01it/s]  2%|▏         | 46/1920 [00:40<30:36,  1.02it/s]  2%|▏         | 47/1920 [00:41<30:28,  1.02it/s]  2%|▎         | 48/1920 [00:42<30:41,  1.02it/s]  3%|▎         | 49/1920 [00:44<39:38,  1.27s/it]  3%|▎         | 50/1920 [00:47<50:19,  1.61s/it]  3%|▎         | 51/1920 [00:48<52:47,  1.69s/it]  3%|▎         | 52/1920 [00:50<50:32,  1.62s/it]  3%|▎         | 53/1920 [00:51<46:47,  1.50s/it]  3%|▎         | 54/1920 [00:52<44:55,  1.44s/it]  3%|▎         | 55/1920 [00:54<43:30,  1.40s/it]  3%|▎         | 56/1920 [00:55<42:01,  1.35s/it]  3%|▎         | 57/1920 [00:56<40:06,  1.29s/it]  3%|▎         | 58/1920 [00:57<40:24,  1.30s/it]  3%|▎         | 59/1920 [00:59<40:44,  1.31s/it]  3%|▎         | 60/1920 [01:00<39:15,  1.27s/it]  3%|▎         | 61/1920 [01:01<40:45,  1.32s/it]  3%|▎         | 62/1920 [01:03<40:13,  1.30s/it]  3%|▎         | 63/1920 [01:04<40:13,  1.30s/it]  3%|▎         | 64/1920 [01:05<40:34,  1.31s/it]  3%|▎         | 65/1920 [01:07<41:01,  1.33s/it]  3%|▎         | 66/1920 [01:08<41:59,  1.36s/it]  3%|▎         | 67/1920 [01:09<41:34,  1.35s/it]  4%|▎         | 68/1920 [01:11<40:41,  1.32s/it]  4%|▎         | 69/1920 [01:12<39:43,  1.29s/it]  4%|▎         | 70/1920 [01:13<40:29,  1.31s/it]  4%|▎         | 71/1920 [01:14<39:42,  1.29s/it]  4%|▍         | 72/1920 [01:16<40:27,  1.31s/it]  4%|▍         | 73/1920 [01:17<39:38,  1.29s/it]  4%|▍         | 74/1920 [01:18<38:49,  1.26s/it]  4%|▍         | 75/1920 [01:19<38:32,  1.25s/it]  4%|▍         | 76/1920 [01:21<38:38,  1.26s/it]  4%|▍         | 77/1920 [01:22<41:58,  1.37s/it]  4%|▍         | 78/1920 [01:24<47:58,  1.56s/it]  4%|▍         | 79/1920 [01:27<54:44,  1.78s/it]  4%|▍         | 80/1920 [01:29<56:23,  1.84s/it]  4%|▍         | 81/1920 [01:31<58:17,  1.90s/it]  4%|▍         | 82/1920 [01:33<59:26,  1.94s/it]  4%|▍         | 83/1920 [01:35<1:00:16,  1.97s/it]  4%|▍         | 84/1920 [01:37<1:02:39,  2.05s/it]  4%|▍         | 85/1920 [01:39<1:01:26,  2.01s/it]  4%|▍         | 86/1920 [01:41<1:01:50,  2.02s/it]  5%|▍         | 87/1920 [01:43<1:03:31,  2.08s/it]  5%|▍         | 88/1920 [01:45<1:00:49,  1.99s/it]  5%|▍         | 89/1920 [01:47<1:01:54,  2.03s/it]  5%|▍         | 90/1920 [01:49<1:01:00,  2.00s/it]  5%|▍         | 91/1920 [01:51<58:33,  1.92s/it]    5%|▍         | 92/1920 [01:53<58:56,  1.93s/it]  5%|▍         | 93/1920 [01:55<59:28,  1.95s/it]  5%|▍         | 94/1920 [01:57<58:03,  1.91s/it]  5%|▍         | 95/1920 [01:58<56:11,  1.85s/it]  5%|▌         | 96/1920 [02:00<57:57,  1.91s/it]  5%|▌         | 97/1920 [02:02<56:05,  1.85s/it]  5%|▌         | 98/1920 [02:04<54:45,  1.80s/it]  5%|▌         | 99/1920 [02:06<55:47,  1.84s/it]  5%|▌         | 100/1920 [02:08<57:29,  1.90s/it]  5%|▌         | 101/1920 [02:10<57:13,  1.89s/it]  5%|▌         | 102/1920 [02:11<57:20,  1.89s/it]  5%|▌         | 103/1920 [02:13<57:50,  1.91s/it]  5%|▌         | 104/1920 [02:15<57:42,  1.91s/it]  5%|▌         | 105/1920 [02:17<57:36,  1.90s/it]  6%|▌         | 106/1920 [02:19<58:01,  1.92s/it]  6%|▌         | 107/1920 [02:21<57:09,  1.89s/it]  6%|▌         | 108/1920 [02:23<57:00,  1.89s/it]  6%|▌         | 109/1920 [02:25<55:25,  1.84s/it]  6%|▌         | 110/1920 [02:26<55:10,  1.83s/it]  6%|▌         | 111/1920 [02:28<54:29,  1.81s/it]  6%|▌         | 112/1920 [02:30<54:14,  1.80s/it]  6%|▌         | 113/1920 [02:32<54:24,  1.81s/it]  6%|▌         | 114/1920 [02:34<55:01,  1.83s/it]  6%|▌         | 115/1920 [02:35<55:11,  1.83s/it]  6%|▌         | 116/1920 [02:38<57:34,  1.91s/it]  6%|▌         | 117/1920 [02:40<58:06,  1.93s/it]  6%|▌         | 118/1920 [02:41<57:54,  1.93s/it]  6%|▌         | 119/1920 [02:43<57:53,  1.93s/it]  6%|▋         | 120/1920 [02:45<57:19,  1.91s/it]  6%|▋         | 121/1920 [02:47<57:36,  1.92s/it]  6%|▋         | 122/1920 [02:49<56:20,  1.88s/it]  6%|▋         | 123/1920 [02:51<54:51,  1.83s/it]  6%|▋         | 124/1920 [02:53<55:22,  1.85s/it]  7%|▋         | 125/1920 [02:54<55:38,  1.86s/it]  7%|▋         | 126/1920 [02:56<55:37,  1.86s/it]  7%|▋         | 127/1920 [02:58<55:57,  1.87s/it]  7%|▋         | 128/1920 [03:00<56:02,  1.88s/it]  7%|▋         | 129/1920 [03:02<56:08,  1.88s/it]  7%|▋         | 130/1920 [03:04<56:11,  1.88s/it]  7%|▋         | 131/1920 [03:06<55:29,  1.86s/it]  7%|▋         | 132/1920 [03:08<55:51,  1.87s/it]  7%|▋         | 133/1920 [03:09<54:35,  1.83s/it]  7%|▋         | 134/1920 [03:11<54:55,  1.85s/it]  7%|▋         | 135/1920 [03:13<54:32,  1.83s/it]  7%|▋         | 136/1920 [03:15<54:01,  1.82s/it]  7%|▋         | 137/1920 [03:17<53:20,  1.80s/it]  7%|▋         | 138/1920 [03:18<54:33,  1.84s/it]  7%|▋         | 139/1920 [03:20<55:28,  1.87s/it]  7%|▋         | 140/1920 [03:22<55:10,  1.86s/it]  7%|▋         | 141/1920 [03:24<53:42,  1.81s/it]  7%|▋         | 142/1920 [03:26<52:07,  1.76s/it]  7%|▋         | 143/1920 [03:27<52:45,  1.78s/it]  8%|▊         | 144/1920 [03:29<53:32,  1.81s/it]  8%|▊         | 145/1920 [03:31<54:01,  1.83s/it]  8%|▊         | 146/1920 [03:33<55:53,  1.89s/it]  8%|▊         | 147/1920 [03:35<55:40,  1.88s/it]  8%|▊         | 148/1920 [03:37<54:28,  1.84s/it]  8%|▊         | 149/1920 [03:39<55:05,  1.87s/it]  8%|▊         | 150/1920 [03:41<55:15,  1.87s/it]  8%|▊         | 151/1920 [03:42<54:04,  1.83s/it]  8%|▊         | 152/1920 [03:44<52:54,  1.80s/it]  8%|▊         | 153/1920 [03:46<52:08,  1.77s/it]  8%|▊         | 154/1920 [03:48<51:51,  1.76s/it]  8%|▊         | 155/1920 [03:49<51:27,  1.75s/it]  8%|▊         | 156/1920 [03:51<52:06,  1.77s/it]  8%|▊         | 157/1920 [03:53<53:15,  1.81s/it]  8%|▊         | 158/1920 [03:55<54:09,  1.84s/it]  8%|▊         | 159/1920 [03:57<54:37,  1.86s/it]  8%|▊         | 160/1920 [03:59<54:31,  1.86s/it]  8%|▊         | 161/1920 [04:01<55:09,  1.88s/it]  8%|▊         | 162/1920 [04:03<55:42,  1.90s/it]  8%|▊         | 163/1920 [04:04<54:40,  1.87s/it]  9%|▊         | 164/1920 [04:06<55:22,  1.89s/it]  9%|▊         | 165/1920 [04:08<55:35,  1.90s/it]  9%|▊         | 166/1920 [04:10<55:55,  1.91s/it]  9%|▊         | 167/1920 [04:12<55:43,  1.91s/it]  9%|▉         | 168/1920 [04:14<55:21,  1.90s/it]  9%|▉         | 169/1920 [04:16<53:55,  1.85s/it]  9%|▉         | 170/1920 [04:18<56:20,  1.93s/it]  9%|▉         | 171/1920 [04:20<56:18,  1.93s/it]  9%|▉         | 172/1920 [04:22<55:47,  1.92s/it]  9%|▉         | 173/1920 [04:23<55:43,  1.91s/it]  9%|▉         | 174/1920 [04:25<54:42,  1.88s/it]  9%|▉         | 175/1920 [04:27<54:58,  1.89s/it]  9%|▉         | 176/1920 [04:29<55:51,  1.92s/it]  9%|▉         | 177/1920 [04:31<55:46,  1.92s/it]  9%|▉         | 178/1920 [04:33<55:16,  1.90s/it]  9%|▉         | 179/1920 [04:35<54:03,  1.86s/it]  9%|▉         | 180/1920 [04:37<53:17,  1.84s/it]  9%|▉         | 181/1920 [04:38<52:41,  1.82s/it]  9%|▉         | 182/1920 [04:40<53:05,  1.83s/it] 10%|▉         | 183/1920 [04:42<52:36,  1.82s/it] 10%|▉         | 184/1920 [04:44<51:58,  1.80s/it] 10%|▉         | 185/1920 [04:46<52:16,  1.81s/it] 10%|▉         | 186/1920 [04:47<51:42,  1.79s/it] 10%|▉         | 187/1920 [04:49<50:38,  1.75s/it] 10%|▉         | 188/1920 [04:51<51:32,  1.79s/it] 10%|▉         | 189/1920 [04:52<49:38,  1.72s/it] 10%|▉         | 190/1920 [04:54<50:09,  1.74s/it] 10%|▉         | 191/1920 [04:56<52:38,  1.83s/it] 10%|█         | 192/1920 [04:58<54:14,  1.88s/it] 10%|█         | 193/1920 [05:00<53:23,  1.86s/it] 10%|█         | 194/1920 [05:02<53:32,  1.86s/it] 10%|█         | 195/1920 [05:04<54:49,  1.91s/it] 10%|█         | 196/1920 [05:06<54:48,  1.91s/it] 10%|█         | 197/1920 [05:08<53:09,  1.85s/it] 10%|█         | 198/1920 [05:09<52:32,  1.83s/it] 10%|█         | 199/1920 [05:11<53:15,  1.86s/it] 10%|█         | 200/1920 [05:13<53:40,  1.87s/it] 10%|█         | 201/1920 [05:15<53:41,  1.87s/it] 11%|█         | 202/1920 [05:17<52:38,  1.84s/it] 11%|█         | 203/1920 [05:19<53:09,  1.86s/it] 11%|█         | 204/1920 [05:20<51:10,  1.79s/it] 11%|█         | 205/1920 [05:22<51:30,  1.80s/it] 11%|█         | 206/1920 [05:24<51:20,  1.80s/it] 11%|█         | 207/1920 [05:26<51:17,  1.80s/it] 11%|█         | 208/1920 [05:28<52:39,  1.85s/it] 11%|█         | 209/1920 [05:29<51:53,  1.82s/it] 11%|█         | 210/1920 [05:31<51:33,  1.81s/it] 11%|█         | 211/1920 [05:33<52:02,  1.83s/it] 11%|█         | 212/1920 [05:35<52:29,  1.84s/it] 11%|█         | 213/1920 [05:37<52:32,  1.85s/it] 11%|█         | 214/1920 [05:39<53:23,  1.88s/it] 11%|█         | 215/1920 [05:40<51:47,  1.82s/it] 11%|█▏        | 216/1920 [05:42<51:19,  1.81s/it] 11%|█▏        | 217/1920 [05:44<51:52,  1.83s/it] 11%|█▏        | 218/1920 [05:46<51:32,  1.82s/it] 11%|█▏        | 219/1920 [05:48<52:35,  1.85s/it] 11%|█▏        | 220/1920 [05:50<53:21,  1.88s/it] 12%|█▏        | 221/1920 [05:52<52:47,  1.86s/it] 12%|█▏        | 222/1920 [05:53<52:09,  1.84s/it] 12%|█▏        | 223/1920 [05:55<52:13,  1.85s/it] 12%|█▏        | 224/1920 [05:57<52:18,  1.85s/it] 12%|█▏        | 225/1920 [05:59<53:05,  1.88s/it] 12%|█▏        | 226/1920 [06:01<52:24,  1.86s/it] 12%|█▏        | 227/1920 [06:03<52:28,  1.86s/it] 12%|█▏        | 228/1920 [06:04<51:28,  1.83s/it] 12%|█▏        | 229/1920 [06:06<51:58,  1.84s/it] 12%|█▏        | 230/1920 [06:08<51:00,  1.81s/it] 12%|█▏        | 231/1920 [06:10<49:54,  1.77s/it] 12%|█▏        | 232/1920 [06:12<49:37,  1.76s/it] 12%|█▏        | 233/1920 [06:13<50:45,  1.81s/it] 12%|█▏        | 234/1920 [06:15<50:33,  1.80s/it] 12%|█▏        | 235/1920 [06:17<50:39,  1.80s/it] 12%|█▏        | 236/1920 [06:19<51:28,  1.83s/it] 12%|█▏        | 237/1920 [06:21<53:45,  1.92s/it] 12%|█▏        | 238/1920 [06:23<53:11,  1.90s/it] 12%|█▏        | 239/1920 [06:25<51:21,  1.83s/it] 12%|█▎        | 240/1920 [06:26<50:09,  1.79s/it] 13%|█▎        | 241/1920 [06:28<50:29,  1.80s/it] 13%|█▎        | 242/1920 [06:30<48:21,  1.73s/it] 13%|█▎        | 243/1920 [06:31<47:57,  1.72s/it] 13%|█▎        | 244/1920 [06:33<48:09,  1.72s/it] 13%|█▎        | 245/1920 [06:35<48:41,  1.74s/it] 13%|█▎        | 246/1920 [06:37<48:25,  1.74s/it] 13%|█▎        | 247/1920 [06:39<49:59,  1.79s/it] 13%|█▎        | 248/1920 [06:40<50:53,  1.83s/it] 13%|█▎        | 249/1920 [06:42<52:21,  1.88s/it] 13%|█▎        | 250/1920 [06:44<50:57,  1.83s/it] 13%|█▎        | 251/1920 [06:46<50:18,  1.81s/it] 13%|█▎        | 252/1920 [06:48<51:15,  1.84s/it] 13%|█▎        | 253/1920 [06:50<52:22,  1.89s/it] 13%|█▎        | 254/1920 [06:52<52:06,  1.88s/it] 13%|█▎        | 255/1920 [06:53<50:48,  1.83s/it] 13%|█▎        | 256/1920 [06:55<50:17,  1.81s/it] 13%|█▎        | 257/1920 [06:57<49:30,  1.79s/it] 13%|█▎        | 258/1920 [06:59<49:27,  1.79s/it] 13%|█▎        | 259/1920 [07:01<49:56,  1.80s/it] 14%|█▎        | 260/1920 [07:03<51:32,  1.86s/it] 14%|█▎        | 261/1920 [07:04<51:54,  1.88s/it] 14%|█▎        | 262/1920 [07:06<51:04,  1.85s/it] 14%|█▎        | 263/1920 [07:08<49:36,  1.80s/it] 14%|█▍        | 264/1920 [07:10<50:42,  1.84s/it] 14%|█▍        | 265/1920 [07:12<51:12,  1.86s/it] 14%|█▍        | 266/1920 [07:13<49:29,  1.80s/it] 14%|█▍        | 267/1920 [07:15<49:22,  1.79s/it] 14%|█▍        | 268/1920 [07:17<50:12,  1.82s/it] 14%|█▍        | 269/1920 [07:19<50:35,  1.84s/it] 14%|█▍        | 270/1920 [07:21<51:33,  1.87s/it] 14%|█▍        | 271/1920 [07:23<52:19,  1.90s/it] 14%|█▍        | 272/1920 [07:25<52:27,  1.91s/it] 14%|█▍        | 273/1920 [07:26<49:34,  1.81s/it] 14%|█▍        | 274/1920 [07:28<49:41,  1.81s/it] 14%|█▍        | 275/1920 [07:30<48:28,  1.77s/it] 14%|█▍        | 276/1920 [07:31<47:25,  1.73s/it] 14%|█▍        | 277/1920 [07:33<49:14,  1.80s/it] 14%|█▍        | 278/1920 [07:35<48:58,  1.79s/it] 15%|█▍        | 279/1920 [07:37<49:13,  1.80s/it] 15%|█▍        | 280/1920 [07:39<50:18,  1.84s/it] 15%|█▍        | 281/1920 [07:41<50:26,  1.85s/it] 15%|█▍        | 282/1920 [07:43<49:11,  1.80s/it] 15%|█▍        | 283/1920 [07:44<48:32,  1.78s/it] 15%|█▍        | 284/1920 [07:46<48:24,  1.78s/it] 15%|█▍        | 285/1920 [07:48<48:53,  1.79s/it] 15%|█▍        | 286/1920 [07:50<48:37,  1.79s/it] 15%|█▍        | 287/1920 [07:51<49:23,  1.81s/it] 15%|█▌        | 288/1920 [07:53<49:16,  1.81s/it] 15%|█▌        | 289/1920 [07:55<49:11,  1.81s/it] 15%|█▌        | 290/1920 [07:57<48:50,  1.80s/it] 15%|█▌        | 291/1920 [07:59<49:12,  1.81s/it] 15%|█▌        | 292/1920 [08:01<48:53,  1.80s/it] 15%|█▌        | 293/1920 [08:02<48:19,  1.78s/it] 15%|█▌        | 294/1920 [08:04<49:11,  1.82s/it] 15%|█▌        | 295/1920 [08:06<49:55,  1.84s/it] 15%|█▌        | 296/1920 [08:08<51:21,  1.90s/it] 15%|█▌        | 297/1920 [08:10<51:11,  1.89s/it] 16%|█▌        | 298/1920 [08:12<50:23,  1.86s/it] 16%|█▌        | 299/1920 [08:14<50:24,  1.87s/it] 16%|█▌        | 300/1920 [08:15<49:47,  1.84s/it] 16%|█▌        | 301/1920 [08:17<50:00,  1.85s/it] 16%|█▌        | 302/1920 [08:19<50:46,  1.88s/it] 16%|█▌        | 303/1920 [08:21<50:41,  1.88s/it] 16%|█▌        | 304/1920 [08:23<50:26,  1.87s/it] 16%|█▌        | 305/1920 [08:25<49:54,  1.85s/it] 16%|█▌        | 306/1920 [08:27<50:58,  1.89s/it] 16%|█▌        | 307/1920 [08:29<52:27,  1.95s/it] 16%|█▌        | 308/1920 [08:31<52:17,  1.95s/it] 16%|█▌        | 309/1920 [08:33<51:31,  1.92s/it] 16%|█▌        | 310/1920 [08:34<49:44,  1.85s/it] 16%|█▌        | 311/1920 [08:36<49:49,  1.86s/it] 16%|█▋        | 312/1920 [08:38<50:23,  1.88s/it] 16%|█▋        | 313/1920 [08:40<52:45,  1.97s/it] 16%|█▋        | 314/1920 [08:42<52:41,  1.97s/it] 16%|█▋        | 315/1920 [08:44<52:47,  1.97s/it] 16%|█▋        | 316/1920 [08:46<52:14,  1.95s/it] 17%|█▋        | 317/1920 [08:48<50:53,  1.90s/it] 17%|█▋        | 318/1920 [08:50<50:14,  1.88s/it] 17%|█▋        | 319/1920 [08:51<48:36,  1.82s/it] 17%|█▋        | 320/1920 [08:53<46:50,  1.76s/it] 17%|█▋        | 321/1920 [08:55<47:43,  1.79s/it] 17%|█▋        | 322/1920 [08:57<46:46,  1.76s/it] 17%|█▋        | 323/1920 [08:58<47:27,  1.78s/it] 17%|█▋        | 324/1920 [09:00<47:58,  1.80s/it] 17%|█▋        | 325/1920 [09:02<48:24,  1.82s/it] 17%|█▋        | 326/1920 [09:04<49:03,  1.85s/it] 17%|█▋        | 327/1920 [09:06<47:12,  1.78s/it] 17%|█▋        | 328/1920 [09:08<48:23,  1.82s/it] 17%|█▋        | 329/1920 [09:10<48:58,  1.85s/it] 17%|█▋        | 330/1920 [09:12<50:47,  1.92s/it] 17%|█▋        | 331/1920 [09:14<51:14,  1.94s/it] 17%|█▋        | 332/1920 [09:16<51:03,  1.93s/it] 17%|█▋        | 333/1920 [09:17<50:25,  1.91s/it] 17%|█▋        | 334/1920 [09:19<50:14,  1.90s/it] 17%|█▋        | 335/1920 [09:21<50:10,  1.90s/it] 18%|█▊        | 336/1920 [09:23<50:04,  1.90s/it] 18%|█▊        | 337/1920 [09:25<50:12,  1.90s/it] 18%|█▊        | 338/1920 [09:27<48:38,  1.84s/it] 18%|█▊        | 339/1920 [09:28<47:27,  1.80s/it] 18%|█▊        | 340/1920 [09:30<47:34,  1.81s/it] 18%|█▊        | 341/1920 [09:32<47:39,  1.81s/it] 18%|█▊        | 342/1920 [09:34<48:18,  1.84s/it] 18%|█▊        | 343/1920 [09:36<49:18,  1.88s/it] 18%|█▊        | 344/1920 [09:38<50:15,  1.91s/it] 18%|█▊        | 345/1920 [09:39<47:40,  1.82s/it] 18%|█▊        | 346/1920 [09:41<48:37,  1.85s/it] 18%|█▊        | 347/1920 [09:43<47:34,  1.81s/it] 18%|█▊        | 348/1920 [09:45<48:04,  1.83s/it] 18%|█▊        | 349/1920 [09:47<47:53,  1.83s/it] 18%|█▊        | 350/1920 [09:49<47:28,  1.81s/it] 18%|█▊        | 351/1920 [09:51<48:45,  1.86s/it] 18%|█▊        | 352/1920 [09:52<48:43,  1.86s/it] 18%|█▊        | 353/1920 [09:54<46:20,  1.77s/it] 18%|█▊        | 354/1920 [09:56<48:03,  1.84s/it] 18%|█▊        | 355/1920 [09:58<48:23,  1.86s/it] 19%|█▊        | 356/1920 [10:00<46:37,  1.79s/it] 19%|█▊        | 357/1920 [10:01<46:56,  1.80s/it] 19%|█▊        | 358/1920 [10:03<47:12,  1.81s/it] 19%|█▊        | 359/1920 [10:05<48:45,  1.87s/it] 19%|█▉        | 360/1920 [10:07<48:58,  1.88s/it] 19%|█▉        | 361/1920 [10:09<48:34,  1.87s/it] 19%|█▉        | 362/1920 [10:11<48:39,  1.87s/it] 19%|█▉        | 363/1920 [10:13<49:12,  1.90s/it] 19%|█▉        | 364/1920 [10:14<47:34,  1.83s/it] 19%|█▉        | 365/1920 [10:16<48:08,  1.86s/it] 19%|█▉        | 366/1920 [10:18<48:24,  1.87s/it] 19%|█▉        | 367/1920 [10:20<48:31,  1.87s/it] 19%|█▉        | 368/1920 [10:22<48:30,  1.88s/it] 19%|█▉        | 369/1920 [10:24<48:55,  1.89s/it] 19%|█▉        | 370/1920 [10:26<49:05,  1.90s/it] 19%|█▉        | 371/1920 [10:28<48:15,  1.87s/it] 19%|█▉        | 372/1920 [10:30<47:56,  1.86s/it] 19%|█▉        | 373/1920 [10:31<47:09,  1.83s/it] 19%|█▉        | 374/1920 [10:33<48:01,  1.86s/it] 20%|█▉        | 375/1920 [10:35<46:45,  1.82s/it] 20%|█▉        | 376/1920 [10:37<46:11,  1.79s/it] 20%|█▉        | 377/1920 [10:39<46:42,  1.82s/it] 20%|█▉        | 378/1920 [10:40<46:25,  1.81s/it] 20%|█▉        | 379/1920 [10:42<46:53,  1.83s/it] 20%|█▉        | 380/1920 [10:44<46:46,  1.82s/it] 20%|█▉        | 381/1920 [10:46<46:43,  1.82s/it] 20%|█▉        | 382/1920 [10:47<44:39,  1.74s/it] 20%|█▉        | 383/1920 [10:49<44:29,  1.74s/it] 20%|██        | 384/1920 [10:50<41:06,  1.61s/it] 20%|██        | 385/1920 [10:52<40:46,  1.59s/it] 20%|██        | 386/1920 [10:53<38:14,  1.50s/it] 20%|██        | 387/1920 [10:55<38:18,  1.50s/it] 20%|██        | 388/1920 [10:56<36:49,  1.44s/it] 20%|██        | 389/1920 [10:58<37:02,  1.45s/it] 20%|██        | 390/1920 [10:59<38:05,  1.49s/it] 20%|██        | 391/1920 [11:01<38:26,  1.51s/it] 20%|██        | 392/1920 [11:02<40:22,  1.59s/it] 20%|██        | 393/1920 [11:04<39:56,  1.57s/it] 21%|██        | 394/1920 [11:06<41:07,  1.62s/it] 21%|██        | 395/1920 [11:08<42:43,  1.68s/it] 21%|██        | 396/1920 [11:09<41:23,  1.63s/it] 21%|██        | 397/1920 [11:11<41:03,  1.62s/it] 21%|██        | 398/1920 [11:12<40:45,  1.61s/it] 21%|██        | 399/1920 [11:14<40:34,  1.60s/it] 21%|██        | 400/1920 [11:16<41:15,  1.63s/it] 21%|██        | 401/1920 [11:17<40:50,  1.61s/it] 21%|██        | 402/1920 [11:19<39:45,  1.57s/it] 21%|██        | 403/1920 [11:20<38:45,  1.53s/it] 21%|██        | 404/1920 [11:22<38:47,  1.54s/it] 21%|██        | 405/1920 [11:23<40:29,  1.60s/it] 21%|██        | 406/1920 [11:25<40:04,  1.59s/it] 21%|██        | 407/1920 [11:27<40:42,  1.61s/it] 21%|██▏       | 408/1920 [11:28<40:15,  1.60s/it] 21%|██▏       | 409/1920 [11:29<38:32,  1.53s/it] 21%|██▏       | 410/1920 [11:31<38:06,  1.51s/it] 21%|██▏       | 411/1920 [11:33<38:50,  1.54s/it] 21%|██▏       | 412/1920 [11:34<39:06,  1.56s/it] 22%|██▏       | 413/1920 [11:36<39:17,  1.56s/it] 22%|██▏       | 414/1920 [11:37<38:43,  1.54s/it] 22%|██▏       | 415/1920 [11:39<38:12,  1.52s/it] 22%|██▏       | 416/1920 [11:40<37:31,  1.50s/it] 22%|██▏       | 417/1920 [11:42<38:24,  1.53s/it] 22%|██▏       | 418/1920 [11:43<38:11,  1.53s/it] 22%|██▏       | 419/1920 [11:45<39:24,  1.58s/it] 22%|██▏       | 420/1920 [11:47<39:55,  1.60s/it] 22%|██▏       | 421/1920 [11:48<39:11,  1.57s/it] 22%|██▏       | 422/1920 [11:50<40:33,  1.62s/it] 22%|██▏       | 423/1920 [11:51<39:10,  1.57s/it] 22%|██▏       | 424/1920 [11:53<38:37,  1.55s/it] 22%|██▏       | 425/1920 [11:54<37:35,  1.51s/it] 22%|██▏       | 426/1920 [11:56<37:38,  1.51s/it] 22%|██▏       | 427/1920 [11:57<37:16,  1.50s/it] 22%|██▏       | 428/1920 [11:59<36:05,  1.45s/it] 22%|██▏       | 429/1920 [12:00<36:59,  1.49s/it] 22%|██▏       | 430/1920 [12:01<35:30,  1.43s/it] 22%|██▏       | 431/1920 [12:03<36:18,  1.46s/it] 22%|██▎       | 432/1920 [12:04<36:56,  1.49s/it] 23%|██▎       | 433/1920 [12:06<37:41,  1.52s/it] 23%|██▎       | 434/1920 [12:08<38:06,  1.54s/it] 23%|██▎       | 435/1920 [12:09<35:49,  1.45s/it] 23%|██▎       | 436/1920 [12:10<35:22,  1.43s/it] 23%|██▎       | 437/1920 [12:12<35:23,  1.43s/it] 23%|██▎       | 438/1920 [12:13<37:45,  1.53s/it] 23%|██▎       | 439/1920 [12:15<36:45,  1.49s/it] 23%|██▎       | 440/1920 [12:17<38:13,  1.55s/it] 23%|██▎       | 441/1920 [12:18<38:12,  1.55s/it] 23%|██▎       | 442/1920 [12:20<39:36,  1.61s/it] 23%|██▎       | 443/1920 [12:22<40:18,  1.64s/it] 23%|██▎       | 444/1920 [12:23<39:41,  1.61s/it] 23%|██▎       | 445/1920 [12:25<38:49,  1.58s/it] 23%|██▎       | 446/1920 [12:26<37:39,  1.53s/it] 23%|██▎       | 447/1920 [12:28<37:25,  1.52s/it] 23%|██▎       | 448/1920 [12:29<37:19,  1.52s/it] 23%|██▎       | 449/1920 [12:31<37:38,  1.54s/it] 23%|██▎       | 450/1920 [12:32<38:07,  1.56s/it] 23%|██▎       | 451/1920 [12:34<37:34,  1.53s/it] 24%|██▎       | 452/1920 [12:35<38:36,  1.58s/it] 24%|██▎       | 453/1920 [12:37<38:28,  1.57s/it] 24%|██▎       | 454/1920 [12:38<36:36,  1.50s/it] 24%|██▎       | 455/1920 [12:40<38:14,  1.57s/it] 24%|██▍       | 456/1920 [12:42<38:02,  1.56s/it] 24%|██▍       | 457/1920 [12:43<38:53,  1.60s/it] 24%|██▍       | 458/1920 [12:45<39:15,  1.61s/it] 24%|██▍       | 459/1920 [12:46<36:51,  1.51s/it] 24%|██▍       | 460/1920 [12:48<37:27,  1.54s/it] 24%|██▍       | 461/1920 [12:49<37:05,  1.53s/it] 24%|██▍       | 462/1920 [12:51<37:10,  1.53s/it] 24%|██▍       | 463/1920 [12:52<35:58,  1.48s/it] 24%|██▍       | 464/1920 [12:54<36:58,  1.52s/it] 24%|██▍       | 465/1920 [12:55<35:53,  1.48s/it] 24%|██▍       | 466/1920 [12:57<37:05,  1.53s/it] 24%|██▍       | 467/1920 [12:59<38:55,  1.61s/it] 24%|██▍       | 468/1920 [13:00<37:46,  1.56s/it] 24%|██▍       | 469/1920 [13:02<37:35,  1.55s/it] 24%|██▍       | 470/1920 [13:03<36:33,  1.51s/it] 25%|██▍       | 471/1920 [13:04<36:00,  1.49s/it] 25%|██▍       | 472/1920 [13:06<35:12,  1.46s/it] 25%|██▍       | 473/1920 [13:07<35:50,  1.49s/it] 25%|██▍       | 474/1920 [13:09<36:47,  1.53s/it] 25%|██▍       | 475/1920 [13:11<36:34,  1.52s/it] 25%|██▍       | 476/1920 [13:12<35:16,  1.47s/it] 25%|██▍       | 477/1920 [13:13<33:14,  1.38s/it] 25%|██▍       | 478/1920 [13:14<31:27,  1.31s/it] 25%|██▍       | 479/1920 [13:16<31:49,  1.33s/it] 25%|██▌       | 480/1920 [13:17<32:23,  1.35s/it] 25%|██▌       | 481/1920 [13:18<32:03,  1.34s/it] 25%|██▌       | 482/1920 [13:19<30:01,  1.25s/it] 25%|██▌       | 483/1920 [13:21<29:48,  1.24s/it] 25%|██▌       | 484/1920 [13:22<28:41,  1.20s/it] 25%|██▌       | 485/1920 [13:23<27:36,  1.15s/it] 25%|██▌       | 486/1920 [13:24<27:35,  1.15s/it] 25%|██▌       | 487/1920 [13:25<28:00,  1.17s/it] 25%|██▌       | 488/1920 [13:26<26:10,  1.10s/it] 25%|██▌       | 489/1920 [13:27<26:30,  1.11s/it] 26%|██▌       | 490/1920 [13:28<26:02,  1.09s/it] 26%|██▌       | 491/1920 [13:29<26:11,  1.10s/it] 26%|██▌       | 492/1920 [13:30<26:23,  1.11s/it] 26%|██▌       | 493/1920 [13:31<25:30,  1.07s/it] 26%|██▌       | 494/1920 [13:32<23:56,  1.01s/it] 26%|██▌       | 495/1920 [13:33<22:36,  1.05it/s] 26%|██▌       | 496/1920 [13:34<23:00,  1.03it/s] 26%|██▌       | 497/1920 [13:35<22:03,  1.08it/s] 26%|██▌       | 498/1920 [13:36<21:31,  1.10it/s] 26%|██▌       | 499/1920 [13:37<20:44,  1.14it/s] 26%|██▌       | 500/1920 [13:37<20:45,  1.14it/s] 26%|██▌       | 501/1920 [13:38<21:29,  1.10it/s] 26%|██▌       | 502/1920 [13:39<21:25,  1.10it/s] 26%|██▌       | 503/1920 [13:40<21:48,  1.08it/s] 26%|██▋       | 504/1920 [13:41<20:59,  1.12it/s] 26%|██▋       | 505/1920 [13:42<21:37,  1.09it/s] 26%|██▋       | 506/1920 [13:43<20:59,  1.12it/s] 26%|██▋       | 507/1920 [13:44<21:25,  1.10it/s] 26%|██▋       | 508/1920 [13:45<22:20,  1.05it/s] 27%|██▋       | 509/1920 [13:46<22:13,  1.06it/s] 27%|██▋       | 510/1920 [13:47<23:18,  1.01it/s] 27%|██▋       | 511/1920 [13:48<22:43,  1.03it/s] 27%|██▋       | 512/1920 [13:49<23:18,  1.01it/s] 27%|██▋       | 513/1920 [13:50<21:37,  1.08it/s] 27%|██▋       | 514/1920 [13:51<21:05,  1.11it/s] 27%|██▋       | 515/1920 [13:52<21:57,  1.07it/s] 27%|██▋       | 516/1920 [13:52<21:55,  1.07it/s] 27%|██▋       | 517/1920 [13:53<21:05,  1.11it/s] 27%|██▋       | 518/1920 [13:54<20:39,  1.13it/s] 27%|██▋       | 519/1920 [13:55<21:09,  1.10it/s] 27%|██▋       | 520/1920 [13:56<21:51,  1.07it/s] 27%|██▋       | 521/1920 [13:57<20:52,  1.12it/s] 27%|██▋       | 522/1920 [13:58<21:18,  1.09it/s] 27%|██▋       | 523/1920 [13:59<21:01,  1.11it/s] 27%|██▋       | 524/1920 [14:00<20:41,  1.12it/s] 27%|██▋       | 525/1920 [14:00<19:49,  1.17it/s] 27%|██▋       | 526/1920 [14:01<20:43,  1.12it/s] 27%|██▋       | 527/1920 [14:02<20:50,  1.11it/s] 28%|██▊       | 528/1920 [14:03<20:57,  1.11it/s] 28%|██▊       | 529/1920 [14:04<21:30,  1.08it/s] 28%|██▊       | 530/1920 [14:05<21:25,  1.08it/s] 28%|██▊       | 531/1920 [14:06<21:06,  1.10it/s] 28%|██▊       | 532/1920 [14:07<20:32,  1.13it/s] 28%|██▊       | 533/1920 [14:08<21:15,  1.09it/s] 28%|██▊       | 534/1920 [14:09<21:14,  1.09it/s] 28%|██▊       | 535/1920 [14:10<21:00,  1.10it/s] 28%|██▊       | 536/1920 [14:10<20:22,  1.13it/s] 28%|██▊       | 537/1920 [14:11<19:40,  1.17it/s] 28%|██▊       | 538/1920 [14:12<19:57,  1.15it/s] 28%|██▊       | 539/1920 [14:13<19:23,  1.19it/s] 28%|██▊       | 540/1920 [14:14<19:44,  1.17it/s] 28%|██▊       | 541/1920 [14:15<19:25,  1.18it/s] 28%|██▊       | 542/1920 [14:16<19:45,  1.16it/s] 28%|██▊       | 543/1920 [14:16<20:28,  1.12it/s] 28%|██▊       | 544/1920 [14:17<20:21,  1.13it/s] 28%|██▊       | 545/1920 [14:18<20:51,  1.10it/s] 28%|██▊       | 546/1920 [14:19<20:40,  1.11it/s] 28%|██▊       | 547/1920 [14:20<21:19,  1.07it/s] 29%|██▊       | 548/1920 [14:21<21:22,  1.07it/s] 29%|██▊       | 549/1920 [14:22<22:12,  1.03it/s] 29%|██▊       | 550/1920 [14:23<22:04,  1.03it/s] 29%|██▊       | 551/1920 [14:24<21:43,  1.05it/s] 29%|██▉       | 552/1920 [14:25<21:59,  1.04it/s] 29%|██▉       | 553/1920 [14:26<21:26,  1.06it/s] 29%|██▉       | 554/1920 [14:27<20:49,  1.09it/s] 29%|██▉       | 555/1920 [14:28<20:15,  1.12it/s] 29%|██▉       | 556/1920 [14:28<19:52,  1.14it/s] 29%|██▉       | 557/1920 [14:29<20:11,  1.13it/s] 29%|██▉       | 558/1920 [14:30<20:21,  1.12it/s] 29%|██▉       | 559/1920 [14:31<20:08,  1.13it/s] 29%|██▉       | 560/1920 [14:32<20:03,  1.13it/s] 29%|██▉       | 561/1920 [14:33<19:38,  1.15it/s] 29%|██▉       | 562/1920 [14:34<19:16,  1.17it/s] 29%|██▉       | 563/1920 [14:35<19:27,  1.16it/s] 29%|██▉       | 564/1920 [14:35<19:35,  1.15it/s] 29%|██▉       | 565/1920 [14:36<20:00,  1.13it/s] 29%|██▉       | 566/1920 [14:37<20:36,  1.09it/s] 30%|██▉       | 567/1920 [14:38<20:26,  1.10it/s] 30%|██▉       | 568/1920 [14:39<21:04,  1.07it/s] 30%|██▉       | 569/1920 [14:40<20:37,  1.09it/s] 30%|██▉       | 570/1920 [14:41<20:14,  1.11it/s] 30%|██▉       | 571/1920 [14:42<19:53,  1.13it/s] 30%|██▉       | 572/1920 [14:43<19:22,  1.16it/s] 30%|██▉       | 573/1920 [14:44<19:45,  1.14it/s] 30%|██▉       | 574/1920 [14:44<19:27,  1.15it/s] 30%|██▉       | 575/1920 [14:45<19:49,  1.13it/s] 30%|███       | 576/1920 [14:46<18:37,  1.20it/s] 30%|███       | 577/1920 [14:47<18:28,  1.21it/s] 30%|███       | 578/1920 [14:48<19:14,  1.16it/s] 30%|███       | 579/1920 [14:49<19:32,  1.14it/s] 30%|███       | 580/1920 [14:50<19:36,  1.14it/s] 30%|███       | 581/1920 [14:50<19:34,  1.14it/s] 30%|███       | 582/1920 [14:51<19:00,  1.17it/s] 30%|███       | 583/1920 [14:52<18:48,  1.18it/s] 30%|███       | 584/1920 [14:53<18:44,  1.19it/s] 30%|███       | 585/1920 [14:54<19:33,  1.14it/s] 31%|███       | 586/1920 [14:55<19:28,  1.14it/s] 31%|███       | 587/1920 [14:56<19:23,  1.15it/s] 31%|███       | 588/1920 [14:56<19:19,  1.15it/s] 31%|███       | 589/1920 [14:57<18:59,  1.17it/s] 31%|███       | 590/1920 [14:58<18:42,  1.19it/s] 31%|███       | 591/1920 [14:59<18:24,  1.20it/s] 31%|███       | 592/1920 [15:00<19:00,  1.16it/s] 31%|███       | 593/1920 [15:01<18:19,  1.21it/s] 31%|███       | 594/1920 [15:02<18:47,  1.18it/s] 31%|███       | 595/1920 [15:03<20:22,  1.08it/s] 31%|███       | 596/1920 [15:04<20:28,  1.08it/s] 31%|███       | 597/1920 [15:05<21:08,  1.04it/s] 31%|███       | 598/1920 [15:05<20:14,  1.09it/s] 31%|███       | 599/1920 [15:06<20:38,  1.07it/s] 31%|███▏      | 600/1920 [15:07<20:29,  1.07it/s] 31%|███▏      | 601/1920 [15:08<21:02,  1.05it/s] 31%|███▏      | 602/1920 [15:09<20:23,  1.08it/s] 31%|███▏      | 603/1920 [15:10<20:52,  1.05it/s] 31%|███▏      | 604/1920 [15:11<20:01,  1.10it/s] 32%|███▏      | 605/1920 [15:12<20:02,  1.09it/s] 32%|███▏      | 606/1920 [15:13<20:09,  1.09it/s] 32%|███▏      | 607/1920 [15:14<20:32,  1.07it/s] 32%|███▏      | 608/1920 [15:15<20:46,  1.05it/s] 32%|███▏      | 609/1920 [15:16<20:37,  1.06it/s] 32%|███▏      | 610/1920 [15:17<21:12,  1.03it/s] 32%|███▏      | 611/1920 [15:18<20:47,  1.05it/s] 32%|███▏      | 612/1920 [15:19<21:36,  1.01it/s] 32%|███▏      | 613/1920 [15:20<21:08,  1.03it/s] 32%|███▏      | 614/1920 [15:21<21:54,  1.01s/it] 32%|███▏      | 615/1920 [15:22<20:42,  1.05it/s] 32%|███▏      | 616/1920 [15:22<20:09,  1.08it/s] 32%|███▏      | 617/1920 [15:23<20:26,  1.06it/s] 32%|███▏      | 618/1920 [15:24<20:33,  1.06it/s] 32%|███▏      | 619/1920 [15:26<21:30,  1.01it/s] 32%|███▏      | 620/1920 [15:26<21:08,  1.02it/s] 32%|███▏      | 621/1920 [15:27<21:02,  1.03it/s] 32%|███▏      | 622/1920 [15:28<20:04,  1.08it/s] 32%|███▏      | 623/1920 [15:29<19:14,  1.12it/s] 32%|███▎      | 624/1920 [15:30<19:23,  1.11it/s] 33%|███▎      | 625/1920 [15:31<19:13,  1.12it/s] 33%|███▎      | 626/1920 [15:32<19:27,  1.11it/s] 33%|███▎      | 627/1920 [15:33<18:51,  1.14it/s] 33%|███▎      | 628/1920 [15:33<18:37,  1.16it/s] 33%|███▎      | 629/1920 [15:34<18:25,  1.17it/s] 33%|███▎      | 630/1920 [15:35<18:46,  1.15it/s] 33%|███▎      | 631/1920 [15:36<19:20,  1.11it/s] 33%|███▎      | 632/1920 [15:37<19:20,  1.11it/s] 33%|███▎      | 633/1920 [15:38<19:19,  1.11it/s] 33%|███▎      | 634/1920 [15:39<19:20,  1.11it/s] 33%|███▎      | 635/1920 [15:40<19:40,  1.09it/s] 33%|███▎      | 636/1920 [15:41<18:51,  1.13it/s] 33%|███▎      | 637/1920 [15:42<19:50,  1.08it/s] 33%|███▎      | 638/1920 [15:42<19:07,  1.12it/s] 33%|███▎      | 639/1920 [15:43<19:09,  1.11it/s] 33%|███▎      | 640/1920 [15:44<18:50,  1.13it/s] 33%|███▎      | 641/1920 [15:45<17:41,  1.20it/s] 33%|███▎      | 642/1920 [15:46<17:04,  1.25it/s] 33%|███▎      | 643/1920 [15:46<16:29,  1.29it/s] 34%|███▎      | 644/1920 [15:47<16:33,  1.28it/s] 34%|███▎      | 645/1920 [15:48<16:44,  1.27it/s] 34%|███▎      | 646/1920 [15:49<15:54,  1.33it/s] 34%|███▎      | 647/1920 [15:49<15:16,  1.39it/s] 34%|███▍      | 648/1920 [15:50<14:40,  1.44it/s] 34%|███▍      | 649/1920 [15:51<14:20,  1.48it/s] 34%|███▍      | 650/1920 [15:51<13:53,  1.52it/s] 34%|███▍      | 651/1920 [15:52<13:35,  1.56it/s] 34%|███▍      | 652/1920 [15:52<13:29,  1.57it/s] 34%|███▍      | 653/1920 [15:53<13:41,  1.54it/s] 34%|███▍      | 654/1920 [15:54<13:36,  1.55it/s] 34%|███▍      | 655/1920 [15:54<13:35,  1.55it/s] 34%|███▍      | 656/1920 [15:55<13:31,  1.56it/s] 34%|███▍      | 657/1920 [15:56<13:35,  1.55it/s] 34%|███▍      | 658/1920 [15:56<13:22,  1.57it/s] 34%|███▍      | 659/1920 [15:57<13:20,  1.58it/s] 34%|███▍      | 660/1920 [15:57<13:21,  1.57it/s] 34%|███▍      | 661/1920 [15:58<13:37,  1.54it/s] 34%|███▍      | 662/1920 [15:59<13:40,  1.53it/s] 35%|███▍      | 663/1920 [15:59<13:20,  1.57it/s] 35%|███▍      | 664/1920 [16:00<13:37,  1.54it/s] 35%|███▍      | 665/1920 [16:01<13:46,  1.52it/s] 35%|███▍      | 666/1920 [16:01<13:51,  1.51it/s] 35%|███▍      | 667/1920 [16:02<13:40,  1.53it/s] 35%|███▍      | 668/1920 [16:03<13:50,  1.51it/s] 35%|███▍      | 669/1920 [16:03<13:39,  1.53it/s] 35%|███▍      | 670/1920 [16:04<13:54,  1.50it/s] 35%|███▍      | 671/1920 [16:05<13:59,  1.49it/s] 35%|███▌      | 672/1920 [16:05<13:53,  1.50it/s] 35%|███▌      | 673/1920 [16:06<13:56,  1.49it/s] 35%|███▌      | 674/1920 [16:07<13:57,  1.49it/s] 35%|███▌      | 675/1920 [16:08<14:09,  1.47it/s] 35%|███▌      | 676/1920 [16:08<13:53,  1.49it/s] 35%|███▌      | 677/1920 [16:09<13:56,  1.49it/s] 35%|███▌      | 678/1920 [16:09<13:32,  1.53it/s] 35%|███▌      | 679/1920 [16:10<13:31,  1.53it/s] 35%|███▌      | 680/1920 [16:11<13:47,  1.50it/s] 35%|███▌      | 681/1920 [16:11<13:40,  1.51it/s] 36%|███▌      | 682/1920 [16:12<13:28,  1.53it/s] 36%|███▌      | 683/1920 [16:13<13:27,  1.53it/s] 36%|███▌      | 684/1920 [16:13<13:45,  1.50it/s] 36%|███▌      | 685/1920 [16:14<13:58,  1.47it/s] 36%|███▌      | 686/1920 [16:15<13:42,  1.50it/s] 36%|███▌      | 687/1920 [16:15<13:46,  1.49it/s] 36%|███▌      | 688/1920 [16:16<13:45,  1.49it/s] 36%|███▌      | 689/1920 [16:17<13:17,  1.54it/s] 36%|███▌      | 690/1920 [16:17<13:23,  1.53it/s] 36%|███▌      | 691/1920 [16:18<13:12,  1.55it/s] 36%|███▌      | 692/1920 [16:19<13:09,  1.56it/s] 36%|███▌      | 693/1920 [16:19<13:01,  1.57it/s] 36%|███▌      | 694/1920 [16:20<13:02,  1.57it/s] 36%|███▌      | 695/1920 [16:21<13:12,  1.55it/s] 36%|███▋      | 696/1920 [16:21<13:17,  1.54it/s] 36%|███▋      | 697/1920 [16:22<13:30,  1.51it/s] 36%|███▋      | 698/1920 [16:23<13:47,  1.48it/s] 36%|███▋      | 699/1920 [16:23<13:53,  1.46it/s] 36%|███▋      | 700/1920 [16:24<14:06,  1.44it/s] 37%|███▋      | 701/1920 [16:25<14:13,  1.43it/s] 37%|███▋      | 702/1920 [16:25<13:57,  1.46it/s] 37%|███▋      | 703/1920 [16:26<14:08,  1.44it/s] 37%|███▋      | 704/1920 [16:27<13:51,  1.46it/s] 37%|███▋      | 705/1920 [16:27<13:49,  1.46it/s] 37%|███▋      | 706/1920 [16:28<13:59,  1.45it/s] 37%|███▋      | 707/1920 [16:29<13:36,  1.49it/s] 37%|███▋      | 708/1920 [16:30<13:42,  1.47it/s] 37%|███▋      | 709/1920 [16:30<14:10,  1.42it/s] 37%|███▋      | 710/1920 [16:31<14:11,  1.42it/s] 37%|███▋      | 711/1920 [16:32<13:47,  1.46it/s] 37%|███▋      | 712/1920 [16:32<14:09,  1.42it/s] 37%|███▋      | 713/1920 [16:33<14:03,  1.43it/s] 37%|███▋      | 714/1920 [16:34<13:43,  1.46it/s] 37%|███▋      | 715/1920 [16:34<13:42,  1.46it/s] 37%|███▋      | 716/1920 [16:35<13:19,  1.51it/s] 37%|███▋      | 717/1920 [16:36<13:19,  1.50it/s] 37%|███▋      | 718/1920 [16:36<13:23,  1.50it/s] 37%|███▋      | 719/1920 [16:37<13:44,  1.46it/s] 38%|███▊      | 720/1920 [16:38<13:24,  1.49it/s] 38%|███▊      | 721/1920 [16:38<13:28,  1.48it/s] 38%|███▊      | 722/1920 [16:39<15:14,  1.31it/s] 38%|███▊      | 723/1920 [16:40<15:14,  1.31it/s] 38%|███▊      | 724/1920 [16:41<14:56,  1.33it/s] 38%|███▊      | 725/1920 [16:42<14:28,  1.38it/s] 38%|███▊      | 726/1920 [16:42<14:11,  1.40it/s] 38%|███▊      | 727/1920 [16:43<14:01,  1.42it/s] 38%|███▊      | 728/1920 [16:44<13:39,  1.46it/s] 38%|███▊      | 729/1920 [16:44<13:32,  1.47it/s] 38%|███▊      | 730/1920 [16:45<13:29,  1.47it/s] 38%|███▊      | 731/1920 [16:46<13:13,  1.50it/s] 38%|███▊      | 732/1920 [16:46<12:57,  1.53it/s] 38%|███▊      | 733/1920 [16:47<12:47,  1.55it/s] 38%|███▊      | 734/1920 [16:47<13:05,  1.51it/s] 38%|███▊      | 735/1920 [16:48<13:20,  1.48it/s] 38%|███▊      | 736/1920 [16:49<13:13,  1.49it/s] 38%|███▊      | 737/1920 [16:50<13:15,  1.49it/s] 38%|███▊      | 738/1920 [16:50<13:22,  1.47it/s] 38%|███▊      | 739/1920 [16:51<13:11,  1.49it/s] 39%|███▊      | 740/1920 [16:51<12:53,  1.53it/s] 39%|███▊      | 741/1920 [16:52<12:54,  1.52it/s] 39%|███▊      | 742/1920 [16:53<12:48,  1.53it/s] 39%|███▊      | 743/1920 [16:53<12:42,  1.54it/s] 39%|███▉      | 744/1920 [16:54<12:35,  1.56it/s] 39%|███▉      | 745/1920 [16:55<12:34,  1.56it/s] 39%|███▉      | 746/1920 [16:55<12:41,  1.54it/s] 39%|███▉      | 747/1920 [16:56<13:08,  1.49it/s] 39%|███▉      | 748/1920 [16:57<13:02,  1.50it/s] 39%|███▉      | 749/1920 [16:57<12:48,  1.52it/s] 39%|███▉      | 750/1920 [16:58<12:36,  1.55it/s] 39%|███▉      | 751/1920 [16:59<12:43,  1.53it/s] 39%|███▉      | 752/1920 [16:59<12:57,  1.50it/s] 39%|███▉      | 753/1920 [17:00<13:02,  1.49it/s] 39%|███▉      | 754/1920 [17:01<12:58,  1.50it/s] 39%|███▉      | 755/1920 [17:01<12:57,  1.50it/s] 39%|███▉      | 756/1920 [17:02<13:00,  1.49it/s] 39%|███▉      | 757/1920 [17:03<13:00,  1.49it/s] 39%|███▉      | 758/1920 [17:03<12:44,  1.52it/s] 40%|███▉      | 759/1920 [17:04<12:41,  1.52it/s] 40%|███▉      | 760/1920 [17:05<12:36,  1.53it/s] 40%|███▉      | 761/1920 [17:05<12:55,  1.49it/s] 40%|███▉      | 762/1920 [17:06<12:36,  1.53it/s] 40%|███▉      | 763/1920 [17:07<12:30,  1.54it/s] 40%|███▉      | 764/1920 [17:07<12:43,  1.51it/s] 40%|███▉      | 765/1920 [17:08<12:50,  1.50it/s] 40%|███▉      | 766/1920 [17:09<13:02,  1.47it/s] 40%|███▉      | 767/1920 [17:09<12:49,  1.50it/s] 40%|████      | 768/1920 [17:10<12:45,  1.50it/s] 40%|████      | 769/1920 [17:11<12:46,  1.50it/s] 40%|████      | 770/1920 [17:11<13:00,  1.47it/s] 40%|████      | 771/1920 [17:12<13:06,  1.46it/s] 40%|████      | 772/1920 [17:13<13:15,  1.44it/s] 40%|████      | 773/1920 [17:13<12:57,  1.48it/s] 40%|████      | 774/1920 [17:14<12:51,  1.48it/s] 40%|████      | 775/1920 [17:15<12:43,  1.50it/s] 40%|████      | 776/1920 [17:15<12:58,  1.47it/s] 40%|████      | 777/1920 [17:16<13:27,  1.42it/s] 41%|████      | 778/1920 [17:17<13:11,  1.44it/s] 41%|████      | 779/1920 [17:18<14:02,  1.35it/s] 41%|████      | 780/1920 [17:18<13:36,  1.40it/s] 41%|████      | 781/1920 [17:19<13:21,  1.42it/s] 41%|████      | 782/1920 [17:20<13:52,  1.37it/s] 41%|████      | 783/1920 [17:20<13:08,  1.44it/s] 41%|████      | 784/1920 [17:21<12:58,  1.46it/s] 41%|████      | 785/1920 [17:22<13:11,  1.43it/s] 41%|████      | 786/1920 [17:23<13:32,  1.40it/s] 41%|████      | 787/1920 [17:23<13:02,  1.45it/s] 41%|████      | 788/1920 [17:24<13:00,  1.45it/s] 41%|████      | 789/1920 [17:25<13:52,  1.36it/s] 41%|████      | 790/1920 [17:25<13:07,  1.44it/s] 41%|████      | 791/1920 [17:26<12:54,  1.46it/s] 41%|████▏     | 792/1920 [17:27<12:31,  1.50it/s] 41%|████▏     | 793/1920 [17:27<13:19,  1.41it/s] 41%|████▏     | 794/1920 [17:28<12:34,  1.49it/s] 41%|████▏     | 795/1920 [17:29<12:26,  1.51it/s] 41%|████▏     | 796/1920 [17:29<12:23,  1.51it/s] 42%|████▏     | 797/1920 [17:30<13:02,  1.43it/s] 42%|████▏     | 798/1920 [17:31<12:56,  1.44it/s] 42%|████▏     | 799/1920 [17:31<12:55,  1.45it/s] 42%|████▏     | 800/1920 [17:32<13:11,  1.42it/s] 42%|████▏     | 801/1920 [17:33<12:48,  1.46it/s] 42%|████▏     | 802/1920 [17:34<12:41,  1.47it/s] 42%|████▏     | 803/1920 [17:34<12:47,  1.46it/s] 42%|████▏     | 804/1920 [17:35<12:25,  1.50it/s] 42%|████▏     | 805/1920 [17:36<12:28,  1.49it/s] 42%|████▏     | 806/1920 [17:36<12:47,  1.45it/s] 42%|████▏     | 807/1920 [17:37<12:54,  1.44it/s] 42%|████▏     | 808/1920 [17:38<12:31,  1.48it/s] 42%|████▏     | 809/1920 [17:38<12:32,  1.48it/s] 42%|████▏     | 810/1920 [17:39<12:57,  1.43it/s] 42%|████▏     | 811/1920 [17:40<12:37,  1.46it/s] 42%|████▏     | 812/1920 [17:40<12:36,  1.46it/s] 42%|████▏     | 813/1920 [17:41<12:57,  1.42it/s] 42%|████▏     | 814/1920 [17:42<12:20,  1.49it/s] 42%|████▏     | 815/1920 [17:42<12:17,  1.50it/s] 42%|████▎     | 816/1920 [17:43<12:17,  1.50it/s] 43%|████▎     | 817/1920 [17:44<12:35,  1.46it/s] 43%|████▎     | 818/1920 [17:44<11:59,  1.53it/s] 43%|████▎     | 819/1920 [17:45<12:06,  1.52it/s] 43%|████▎     | 820/1920 [17:46<12:24,  1.48it/s] 43%|████▎     | 821/1920 [17:46<12:27,  1.47it/s] 43%|████▎     | 822/1920 [17:47<12:11,  1.50it/s] 43%|████▎     | 823/1920 [17:48<12:14,  1.49it/s] 43%|████▎     | 824/1920 [17:49<12:47,  1.43it/s] 43%|████▎     | 825/1920 [17:49<12:24,  1.47it/s] 43%|████▎     | 826/1920 [17:50<12:30,  1.46it/s] 43%|████▎     | 827/1920 [17:51<12:28,  1.46it/s] 43%|████▎     | 828/1920 [17:51<12:20,  1.47it/s] 43%|████▎     | 829/1920 [17:52<12:06,  1.50it/s] 43%|████▎     | 830/1920 [17:52<11:55,  1.52it/s] 43%|████▎     | 831/1920 [17:53<12:21,  1.47it/s] 43%|████▎     | 832/1920 [17:54<12:01,  1.51it/s] 43%|████▎     | 833/1920 [17:55<12:07,  1.49it/s] 43%|████▎     | 834/1920 [17:55<12:18,  1.47it/s] 43%|████▎     | 835/1920 [17:56<12:10,  1.49it/s] 44%|████▎     | 836/1920 [17:57<12:04,  1.50it/s] 44%|████▎     | 837/1920 [17:57<12:01,  1.50it/s] 44%|████▎     | 838/1920 [17:58<12:42,  1.42it/s] 44%|████▎     | 839/1920 [17:59<12:05,  1.49it/s] 44%|████▍     | 840/1920 [17:59<12:06,  1.49it/s] 44%|████▍     | 841/1920 [18:00<11:58,  1.50it/s] 44%|████▍     | 842/1920 [18:01<12:04,  1.49it/s] 44%|████▍     | 843/1920 [18:01<11:51,  1.51it/s] 44%|████▍     | 844/1920 [18:02<12:00,  1.49it/s] 44%|████▍     | 845/1920 [18:03<12:18,  1.46it/s] 44%|████▍     | 846/1920 [18:03<11:51,  1.51it/s] 44%|████▍     | 847/1920 [18:04<11:58,  1.49it/s] 44%|████▍     | 848/1920 [18:05<12:05,  1.48it/s] 44%|████▍     | 849/1920 [18:05<11:53,  1.50it/s] 44%|████▍     | 850/1920 [18:06<11:49,  1.51it/s] 44%|████▍     | 851/1920 [18:07<15:05,  1.18it/s] 44%|████▍     | 852/1920 [18:08<15:27,  1.15it/s] 44%|████▍     | 853/1920 [18:09<14:20,  1.24it/s] 44%|████▍     | 854/1920 [18:09<13:45,  1.29it/s] 45%|████▍     | 855/1920 [18:10<13:33,  1.31it/s] 45%|████▍     | 856/1920 [18:11<12:50,  1.38it/s] 45%|████▍     | 857/1920 [18:12<12:40,  1.40it/s] 45%|████▍     | 858/1920 [18:12<12:44,  1.39it/s] 45%|████▍     | 859/1920 [18:13<12:19,  1.44it/s] 45%|████▍     | 860/1920 [18:14<13:07,  1.35it/s] 45%|████▍     | 861/1920 [18:15<16:08,  1.09it/s] 45%|████▍     | 862/1920 [18:16<14:52,  1.19it/s] 45%|████▍     | 863/1920 [18:16<13:46,  1.28it/s] 45%|████▌     | 864/1920 [18:17<13:09,  1.34it/s] 45%|████▌     | 865/1920 [18:18<12:40,  1.39it/s] 45%|████▌     | 866/1920 [18:18<12:16,  1.43it/s] 45%|████▌     | 867/1920 [18:19<12:09,  1.44it/s] 45%|████▌     | 868/1920 [18:20<12:01,  1.46it/s] 45%|████▌     | 869/1920 [18:20<11:19,  1.55it/s] 45%|████▌     | 870/1920 [18:21<11:28,  1.52it/s] 45%|████▌     | 871/1920 [18:22<11:23,  1.53it/s] 45%|████▌     | 872/1920 [18:22<11:32,  1.51it/s] 45%|████▌     | 873/1920 [18:23<11:18,  1.54it/s] 46%|████▌     | 874/1920 [18:24<11:04,  1.57it/s] 46%|████▌     | 875/1920 [18:24<11:01,  1.58it/s] 46%|████▌     | 876/1920 [18:25<10:55,  1.59it/s] 46%|████▌     | 877/1920 [18:25<11:13,  1.55it/s] 46%|████▌     | 878/1920 [18:26<11:14,  1.54it/s] 46%|████▌     | 879/1920 [18:27<11:36,  1.50it/s] 46%|████▌     | 880/1920 [18:27<11:21,  1.53it/s] 46%|████▌     | 881/1920 [18:28<11:25,  1.52it/s] 46%|████▌     | 882/1920 [18:29<11:24,  1.52it/s] 46%|████▌     | 883/1920 [18:29<11:23,  1.52it/s] 46%|████▌     | 884/1920 [18:30<11:34,  1.49it/s] 46%|████▌     | 885/1920 [18:31<11:30,  1.50it/s] 46%|████▌     | 886/1920 [18:31<11:43,  1.47it/s] 46%|████▌     | 887/1920 [18:32<11:21,  1.52it/s] 46%|████▋     | 888/1920 [18:33<11:09,  1.54it/s] 46%|████▋     | 889/1920 [18:33<11:36,  1.48it/s] 46%|████▋     | 890/1920 [18:34<11:17,  1.52it/s] 46%|████▋     | 891/1920 [18:35<11:19,  1.52it/s] 46%|████▋     | 892/1920 [18:35<11:14,  1.52it/s] 47%|████▋     | 893/1920 [18:36<11:49,  1.45it/s] 47%|████▋     | 894/1920 [18:37<11:08,  1.54it/s] 47%|████▋     | 895/1920 [18:37<11:24,  1.50it/s] 47%|████▋     | 896/1920 [18:38<11:26,  1.49it/s] 47%|████▋     | 897/1920 [18:39<11:23,  1.50it/s] 47%|████▋     | 898/1920 [18:39<11:16,  1.51it/s] 47%|████▋     | 899/1920 [18:40<11:17,  1.51it/s] 47%|████▋     | 900/1920 [18:41<11:28,  1.48it/s] 47%|████▋     | 901/1920 [18:41<11:14,  1.51it/s] 47%|████▋     | 902/1920 [18:42<11:08,  1.52it/s] 47%|████▋     | 903/1920 [18:43<11:28,  1.48it/s] 47%|████▋     | 904/1920 [18:44<11:50,  1.43it/s] 47%|████▋     | 905/1920 [18:44<11:50,  1.43it/s] 47%|████▋     | 906/1920 [18:45<12:10,  1.39it/s] 47%|████▋     | 907/1920 [18:46<11:34,  1.46it/s] 47%|████▋     | 908/1920 [18:46<11:36,  1.45it/s] 47%|████▋     | 909/1920 [18:47<11:21,  1.48it/s] 47%|████▋     | 910/1920 [18:48<11:17,  1.49it/s] 47%|████▋     | 911/1920 [18:48<11:15,  1.49it/s] 48%|████▊     | 912/1920 [18:49<11:06,  1.51it/s] 48%|████▊     | 913/1920 [18:50<11:13,  1.49it/s] 48%|████▊     | 914/1920 [18:50<11:11,  1.50it/s] 48%|████▊     | 915/1920 [18:51<11:27,  1.46it/s] 48%|████▊     | 916/1920 [18:52<12:20,  1.36it/s] 48%|████▊     | 917/1920 [18:53<13:06,  1.27it/s] 48%|████▊     | 918/1920 [18:53<12:53,  1.29it/s] 48%|████▊     | 919/1920 [18:54<12:04,  1.38it/s] 48%|████▊     | 920/1920 [18:55<11:59,  1.39it/s] 48%|████▊     | 921/1920 [18:55<11:41,  1.42it/s] 48%|████▊     | 922/1920 [18:56<11:50,  1.40it/s] 48%|████▊     | 923/1920 [18:57<11:35,  1.43it/s] 48%|████▊     | 924/1920 [18:58<11:26,  1.45it/s] 48%|████▊     | 925/1920 [18:58<11:12,  1.48it/s] 48%|████▊     | 926/1920 [18:59<10:54,  1.52it/s] 48%|████▊     | 927/1920 [18:59<10:35,  1.56it/s] 48%|████▊     | 928/1920 [19:00<12:33,  1.32it/s] 48%|████▊     | 929/1920 [19:01<12:18,  1.34it/s] 48%|████▊     | 930/1920 [19:02<12:18,  1.34it/s] 48%|████▊     | 931/1920 [19:03<13:30,  1.22it/s] 49%|████▊     | 932/1920 [19:04<12:59,  1.27it/s] 49%|████▊     | 933/1920 [19:04<12:53,  1.28it/s] 49%|████▊     | 934/1920 [19:05<13:30,  1.22it/s] 49%|████▊     | 935/1920 [19:06<13:16,  1.24it/s] 49%|████▉     | 936/1920 [19:07<12:56,  1.27it/s] 49%|████▉     | 937/1920 [19:08<14:00,  1.17it/s] 49%|████▉     | 938/1920 [19:09<15:21,  1.07it/s] 49%|████▉     | 939/1920 [19:10<15:12,  1.07it/s] 49%|████▉     | 940/1920 [19:11<15:17,  1.07it/s] 49%|████▉     | 941/1920 [19:12<14:53,  1.10it/s] 49%|████▉     | 942/1920 [19:12<14:29,  1.13it/s] 49%|████▉     | 943/1920 [19:14<15:15,  1.07it/s] 49%|████▉     | 944/1920 [19:14<14:51,  1.09it/s] 49%|████▉     | 945/1920 [19:15<15:23,  1.06it/s] 49%|████▉     | 946/1920 [19:16<15:34,  1.04it/s] 49%|████▉     | 947/1920 [19:17<15:08,  1.07it/s] 49%|████▉     | 948/1920 [19:18<15:50,  1.02it/s] 49%|████▉     | 949/1920 [19:19<15:16,  1.06it/s] 49%|████▉     | 950/1920 [19:20<14:58,  1.08it/s] 50%|████▉     | 951/1920 [19:21<15:12,  1.06it/s] 50%|████▉     | 952/1920 [19:22<14:48,  1.09it/s] 50%|████▉     | 953/1920 [19:23<14:33,  1.11it/s] 50%|████▉     | 954/1920 [19:24<13:59,  1.15it/s] 50%|████▉     | 955/1920 [19:24<13:04,  1.23it/s] 50%|████▉     | 956/1920 [19:25<12:52,  1.25it/s] 50%|████▉     | 957/1920 [19:26<12:16,  1.31it/s] 50%|████▉     | 958/1920 [19:27<12:20,  1.30it/s] 50%|████▉     | 959/1920 [19:27<12:34,  1.27it/s] 50%|█████     | 960/1920 [19:28<12:55,  1.24it/s] 50%|█████     | 961/1920 [19:29<12:44,  1.25it/s] 50%|█████     | 962/1920 [19:30<12:33,  1.27it/s] 50%|█████     | 963/1920 [19:31<12:42,  1.26it/s] 50%|█████     | 964/1920 [19:31<11:54,  1.34it/s] 50%|█████     | 965/1920 [19:32<11:34,  1.38it/s] 50%|█████     | 966/1920 [19:33<11:52,  1.34it/s] 50%|█████     | 967/1920 [19:33<11:11,  1.42it/s] 50%|█████     | 968/1920 [19:34<11:04,  1.43it/s] 50%|█████     | 969/1920 [19:35<11:01,  1.44it/s] 51%|█████     | 970/1920 [19:35<11:03,  1.43it/s] 51%|█████     | 971/1920 [19:36<10:59,  1.44it/s] 51%|█████     | 972/1920 [19:37<10:46,  1.47it/s] 51%|█████     | 973/1920 [19:38<11:33,  1.37it/s] 51%|█████     | 974/1920 [19:38<11:05,  1.42it/s] 51%|█████     | 975/1920 [19:39<11:18,  1.39it/s] 51%|█████     | 976/1920 [19:40<11:02,  1.43it/s] 51%|█████     | 977/1920 [19:40<10:45,  1.46it/s] 51%|█████     | 978/1920 [19:41<10:37,  1.48it/s] 51%|█████     | 979/1920 [19:42<10:33,  1.48it/s] 51%|█████     | 980/1920 [19:42<11:15,  1.39it/s] 51%|█████     | 981/1920 [19:43<10:48,  1.45it/s] 51%|█████     | 982/1920 [19:44<10:48,  1.45it/s] 51%|█████     | 983/1920 [19:44<10:58,  1.42it/s] 51%|█████▏    | 984/1920 [19:45<10:27,  1.49it/s] 51%|█████▏    | 985/1920 [19:46<10:13,  1.52it/s] 51%|█████▏    | 986/1920 [19:46<10:19,  1.51it/s] 51%|█████▏    | 987/1920 [19:47<11:14,  1.38it/s] 51%|█████▏    | 988/1920 [19:48<10:48,  1.44it/s] 52%|█████▏    | 989/1920 [19:49<10:47,  1.44it/s] 52%|█████▏    | 990/1920 [19:49<10:40,  1.45it/s] 52%|█████▏    | 991/1920 [19:50<10:32,  1.47it/s] 52%|█████▏    | 992/1920 [19:51<10:34,  1.46it/s] 52%|█████▏    | 993/1920 [19:51<10:32,  1.47it/s] 52%|█████▏    | 994/1920 [19:52<10:29,  1.47it/s] 52%|█████▏    | 995/1920 [19:53<10:27,  1.47it/s] 52%|█████▏    | 996/1920 [19:53<10:21,  1.49it/s] 52%|█████▏    | 997/1920 [19:54<10:39,  1.44it/s] 52%|█████▏    | 998/1920 [19:55<10:02,  1.53it/s] 52%|█████▏    | 999/1920 [19:55<10:35,  1.45it/s] 52%|█████▏    | 1000/1920 [19:56<11:43,  1.31it/s] 52%|█████▏    | 1001/1920 [19:57<11:52,  1.29it/s] 52%|█████▏    | 1002/1920 [19:58<11:41,  1.31it/s] 52%|█████▏    | 1003/1920 [19:59<11:29,  1.33it/s] 52%|█████▏    | 1004/1920 [19:59<11:37,  1.31it/s] 52%|█████▏    | 1005/1920 [20:00<11:09,  1.37it/s] 52%|█████▏    | 1006/1920 [20:01<10:53,  1.40it/s] 52%|█████▏    | 1007/1920 [20:01<11:24,  1.33it/s] 52%|█████▎    | 1008/1920 [20:02<11:04,  1.37it/s] 53%|█████▎    | 1009/1920 [20:03<10:58,  1.38it/s] 53%|█████▎    | 1010/1920 [20:04<10:52,  1.39it/s] 53%|█████▎    | 1011/1920 [20:04<11:19,  1.34it/s] 53%|█████▎    | 1012/1920 [20:05<11:01,  1.37it/s] 53%|█████▎    | 1013/1920 [20:06<10:46,  1.40it/s] 53%|█████▎    | 1014/1920 [20:07<11:31,  1.31it/s] 53%|█████▎    | 1015/1920 [20:07<10:49,  1.39it/s] 53%|█████▎    | 1016/1920 [20:08<10:58,  1.37it/s] 53%|█████▎    | 1017/1920 [20:09<10:48,  1.39it/s] 53%|█████▎    | 1018/1920 [20:09<10:21,  1.45it/s] 53%|█████▎    | 1019/1920 [20:10<10:35,  1.42it/s] 53%|█████▎    | 1020/1920 [20:11<10:18,  1.45it/s] 53%|█████▎    | 1021/1920 [20:12<10:50,  1.38it/s] 53%|█████▎    | 1022/1920 [20:12<10:12,  1.47it/s] 53%|█████▎    | 1023/1920 [20:13<10:00,  1.49it/s] 53%|█████▎    | 1024/1920 [20:13<10:06,  1.48it/s] 53%|█████▎    | 1025/1920 [20:14<10:32,  1.41it/s] 53%|█████▎    | 1026/1920 [20:15<10:31,  1.42it/s] 53%|█████▎    | 1027/1920 [20:16<10:33,  1.41it/s] 54%|█████▎    | 1028/1920 [20:16<11:13,  1.32it/s] 54%|█████▎    | 1029/1920 [20:17<10:38,  1.39it/s] 54%|█████▎    | 1030/1920 [20:18<10:28,  1.42it/s] 54%|█████▎    | 1031/1920 [20:18<10:09,  1.46it/s] 54%|█████▍    | 1032/1920 [20:19<10:03,  1.47it/s] 54%|█████▍    | 1033/1920 [20:20<09:56,  1.49it/s] 54%|█████▍    | 1034/1920 [20:20<09:58,  1.48it/s] 54%|█████▍    | 1035/1920 [20:21<10:35,  1.39it/s] 54%|█████▍    | 1036/1920 [20:22<10:00,  1.47it/s] 54%|█████▍    | 1037/1920 [20:23<09:58,  1.48it/s] 54%|█████▍    | 1038/1920 [20:23<09:47,  1.50it/s] 54%|█████▍    | 1039/1920 [20:24<10:19,  1.42it/s] 54%|█████▍    | 1040/1920 [20:25<10:12,  1.44it/s] 54%|█████▍    | 1041/1920 [20:25<10:12,  1.44it/s] 54%|█████▍    | 1042/1920 [20:26<10:19,  1.42it/s] 54%|█████▍    | 1043/1920 [20:27<09:55,  1.47it/s] 54%|█████▍    | 1044/1920 [20:27<10:02,  1.45it/s] 54%|█████▍    | 1045/1920 [20:28<10:09,  1.44it/s] 54%|█████▍    | 1046/1920 [20:29<10:04,  1.45it/s] 55%|█████▍    | 1047/1920 [20:29<09:46,  1.49it/s] 55%|█████▍    | 1048/1920 [20:30<09:36,  1.51it/s] 55%|█████▍    | 1049/1920 [20:31<09:41,  1.50it/s] 55%|█████▍    | 1050/1920 [20:31<09:30,  1.53it/s] 55%|█████▍    | 1051/1920 [20:32<09:31,  1.52it/s] 55%|█████▍    | 1052/1920 [20:33<09:36,  1.51it/s] 55%|█████▍    | 1053/1920 [20:33<09:46,  1.48it/s] 55%|█████▍    | 1054/1920 [20:34<09:46,  1.48it/s] 55%|█████▍    | 1055/1920 [20:35<09:42,  1.48it/s] 55%|█████▌    | 1056/1920 [20:35<09:31,  1.51it/s] 55%|█████▌    | 1057/1920 [20:36<09:40,  1.49it/s] 55%|█████▌    | 1058/1920 [20:37<09:46,  1.47it/s] 55%|█████▌    | 1059/1920 [20:38<10:04,  1.42it/s] 55%|█████▌    | 1060/1920 [20:38<10:11,  1.41it/s] 55%|█████▌    | 1061/1920 [20:39<10:38,  1.35it/s] 55%|█████▌    | 1062/1920 [20:40<11:09,  1.28it/s] 55%|█████▌    | 1063/1920 [20:41<11:11,  1.28it/s] 55%|█████▌    | 1064/1920 [20:41<10:39,  1.34it/s] 55%|█████▌    | 1065/1920 [20:42<10:31,  1.35it/s] 56%|█████▌    | 1066/1920 [20:43<10:04,  1.41it/s] 56%|█████▌    | 1067/1920 [20:43<10:08,  1.40it/s] 56%|█████▌    | 1068/1920 [20:44<10:05,  1.41it/s] 56%|█████▌    | 1069/1920 [20:45<10:19,  1.37it/s] 56%|█████▌    | 1070/1920 [20:46<10:08,  1.40it/s] 56%|█████▌    | 1071/1920 [20:46<09:53,  1.43it/s] 56%|█████▌    | 1072/1920 [20:47<09:52,  1.43it/s] 56%|█████▌    | 1073/1920 [20:48<09:43,  1.45it/s] 56%|█████▌    | 1074/1920 [20:48<09:35,  1.47it/s] 56%|█████▌    | 1075/1920 [20:49<09:49,  1.43it/s] 56%|█████▌    | 1076/1920 [20:50<10:15,  1.37it/s] 56%|█████▌    | 1077/1920 [20:51<10:02,  1.40it/s] 56%|█████▌    | 1078/1920 [20:51<09:57,  1.41it/s] 56%|█████▌    | 1079/1920 [20:52<10:16,  1.36it/s] 56%|█████▋    | 1080/1920 [20:53<10:05,  1.39it/s] 56%|█████▋    | 1081/1920 [20:53<10:04,  1.39it/s] 56%|█████▋    | 1082/1920 [20:54<10:08,  1.38it/s] 56%|█████▋    | 1083/1920 [20:55<09:55,  1.41it/s] 56%|█████▋    | 1084/1920 [20:55<09:35,  1.45it/s] 57%|█████▋    | 1085/1920 [20:56<09:35,  1.45it/s] 57%|█████▋    | 1086/1920 [20:57<09:31,  1.46it/s] 57%|█████▋    | 1087/1920 [20:57<09:13,  1.51it/s] 57%|█████▋    | 1088/1920 [20:58<09:15,  1.50it/s] 57%|█████▋    | 1089/1920 [20:59<09:33,  1.45it/s] 57%|█████▋    | 1090/1920 [21:00<09:39,  1.43it/s] 57%|█████▋    | 1091/1920 [21:00<09:38,  1.43it/s] 57%|█████▋    | 1092/1920 [21:01<09:48,  1.41it/s] 57%|█████▋    | 1093/1920 [21:02<09:43,  1.42it/s] 57%|█████▋    | 1094/1920 [21:02<09:38,  1.43it/s] 57%|█████▋    | 1095/1920 [21:03<09:36,  1.43it/s] 57%|█████▋    | 1096/1920 [21:04<09:55,  1.38it/s] 57%|█████▋    | 1097/1920 [21:05<09:31,  1.44it/s] 57%|█████▋    | 1098/1920 [21:05<09:31,  1.44it/s] 57%|█████▋    | 1099/1920 [21:06<09:48,  1.39it/s] 57%|█████▋    | 1100/1920 [21:07<09:26,  1.45it/s] 57%|█████▋    | 1101/1920 [21:07<09:34,  1.43it/s] 57%|█████▋    | 1102/1920 [21:08<09:44,  1.40it/s] 57%|█████▋    | 1103/1920 [21:09<09:33,  1.42it/s] 57%|█████▊    | 1104/1920 [21:09<09:32,  1.43it/s] 58%|█████▊    | 1105/1920 [21:10<09:21,  1.45it/s] 58%|█████▊    | 1106/1920 [21:11<09:26,  1.44it/s] 58%|█████▊    | 1107/1920 [21:12<09:25,  1.44it/s] 58%|█████▊    | 1108/1920 [21:12<09:20,  1.45it/s] 58%|█████▊    | 1109/1920 [21:13<09:26,  1.43it/s] 58%|█████▊    | 1110/1920 [21:14<09:06,  1.48it/s] 58%|█████▊    | 1111/1920 [21:14<09:02,  1.49it/s] 58%|█████▊    | 1112/1920 [21:15<09:09,  1.47it/s] 58%|█████▊    | 1113/1920 [21:16<08:54,  1.51it/s] 58%|█████▊    | 1114/1920 [21:16<08:54,  1.51it/s] 58%|█████▊    | 1115/1920 [21:17<08:56,  1.50it/s] 58%|█████▊    | 1116/1920 [21:18<09:09,  1.46it/s] 58%|█████▊    | 1117/1920 [21:18<08:46,  1.53it/s] 58%|█████▊    | 1118/1920 [21:19<08:53,  1.50it/s] 58%|█████▊    | 1119/1920 [21:20<09:02,  1.48it/s] 58%|█████▊    | 1120/1920 [21:20<08:52,  1.50it/s] 58%|█████▊    | 1121/1920 [21:21<08:42,  1.53it/s] 58%|█████▊    | 1122/1920 [21:22<08:45,  1.52it/s] 58%|█████▊    | 1123/1920 [21:22<08:53,  1.49it/s] 59%|█████▊    | 1124/1920 [21:23<08:46,  1.51it/s] 59%|█████▊    | 1125/1920 [21:24<08:46,  1.51it/s] 59%|█████▊    | 1126/1920 [21:24<08:55,  1.48it/s] 59%|█████▊    | 1127/1920 [21:25<08:46,  1.51it/s] 59%|█████▉    | 1128/1920 [21:25<08:38,  1.53it/s] 59%|█████▉    | 1129/1920 [21:26<08:34,  1.54it/s] 59%|█████▉    | 1130/1920 [21:27<08:55,  1.48it/s] 59%|█████▉    | 1131/1920 [21:27<08:27,  1.56it/s] 59%|█████▉    | 1132/1920 [21:28<08:33,  1.53it/s] 59%|█████▉    | 1133/1920 [21:29<08:32,  1.53it/s] 59%|█████▉    | 1134/1920 [21:29<08:23,  1.56it/s] 59%|█████▉    | 1135/1920 [21:30<08:16,  1.58it/s] 59%|█████▉    | 1136/1920 [21:31<08:15,  1.58it/s] 59%|█████▉    | 1137/1920 [21:31<08:14,  1.58it/s] 59%|█████▉    | 1138/1920 [21:32<08:26,  1.54it/s] 59%|█████▉    | 1139/1920 [21:33<08:15,  1.58it/s] 59%|█████▉    | 1140/1920 [21:33<08:17,  1.57it/s] 59%|█████▉    | 1141/1920 [21:34<08:41,  1.49it/s] 59%|█████▉    | 1142/1920 [21:35<08:25,  1.54it/s] 60%|█████▉    | 1143/1920 [21:35<08:13,  1.57it/s] 60%|█████▉    | 1144/1920 [21:36<08:11,  1.58it/s] 60%|█████▉    | 1145/1920 [21:37<08:37,  1.50it/s] 60%|█████▉    | 1146/1920 [21:37<08:25,  1.53it/s] 60%|█████▉    | 1147/1920 [21:38<08:28,  1.52it/s] 60%|█████▉    | 1148/1920 [21:38<08:32,  1.51it/s] 60%|█████▉    | 1149/1920 [21:39<08:50,  1.45it/s] 60%|█████▉    | 1150/1920 [21:40<08:57,  1.43it/s] 60%|█████▉    | 1151/1920 [21:41<09:11,  1.39it/s] 60%|██████    | 1152/1920 [21:41<09:09,  1.40it/s] 60%|██████    | 1153/1920 [21:42<08:52,  1.44it/s] 60%|██████    | 1154/1920 [21:43<08:55,  1.43it/s] 60%|██████    | 1155/1920 [21:43<08:53,  1.43it/s] 60%|██████    | 1156/1920 [21:44<08:39,  1.47it/s] 60%|██████    | 1157/1920 [21:45<08:35,  1.48it/s] 60%|██████    | 1158/1920 [21:45<08:48,  1.44it/s] 60%|██████    | 1159/1920 [21:46<08:53,  1.43it/s] 60%|██████    | 1160/1920 [21:47<08:33,  1.48it/s] 60%|██████    | 1161/1920 [21:48<08:31,  1.48it/s] 61%|██████    | 1162/1920 [21:48<08:37,  1.47it/s] 61%|██████    | 1163/1920 [21:49<08:53,  1.42it/s] 61%|██████    | 1164/1920 [21:50<08:38,  1.46it/s] 61%|██████    | 1165/1920 [21:50<08:53,  1.42it/s] 61%|██████    | 1166/1920 [21:51<08:52,  1.42it/s] 61%|██████    | 1167/1920 [21:52<08:43,  1.44it/s] 61%|██████    | 1168/1920 [21:52<08:40,  1.45it/s] 61%|██████    | 1169/1920 [21:53<08:27,  1.48it/s] 61%|██████    | 1170/1920 [21:54<08:35,  1.46it/s] 61%|██████    | 1171/1920 [21:54<08:39,  1.44it/s] 61%|██████    | 1172/1920 [21:55<08:50,  1.41it/s] 61%|██████    | 1173/1920 [21:56<09:24,  1.32it/s] 61%|██████    | 1174/1920 [21:57<08:59,  1.38it/s] 61%|██████    | 1175/1920 [21:57<09:05,  1.37it/s] 61%|██████▏   | 1176/1920 [21:58<08:54,  1.39it/s] 61%|██████▏   | 1177/1920 [21:59<08:46,  1.41it/s] 61%|██████▏   | 1178/1920 [22:00<08:34,  1.44it/s] 61%|██████▏   | 1179/1920 [22:00<08:25,  1.47it/s] 61%|██████▏   | 1180/1920 [22:01<08:19,  1.48it/s] 62%|██████▏   | 1181/1920 [22:01<08:08,  1.51it/s] 62%|██████▏   | 1182/1920 [22:02<08:27,  1.45it/s] 62%|██████▏   | 1183/1920 [22:03<08:30,  1.44it/s] 62%|██████▏   | 1184/1920 [22:04<08:25,  1.46it/s] 62%|██████▏   | 1185/1920 [22:04<08:16,  1.48it/s] 62%|██████▏   | 1186/1920 [22:05<08:13,  1.49it/s] 62%|██████▏   | 1187/1920 [22:06<08:01,  1.52it/s] 62%|██████▏   | 1188/1920 [22:06<08:02,  1.52it/s] 62%|██████▏   | 1189/1920 [22:07<08:11,  1.49it/s] 62%|██████▏   | 1190/1920 [22:08<08:12,  1.48it/s] 62%|██████▏   | 1191/1920 [22:08<07:57,  1.53it/s] 62%|██████▏   | 1192/1920 [22:09<08:04,  1.50it/s] 62%|██████▏   | 1193/1920 [22:09<07:49,  1.55it/s] 62%|██████▏   | 1194/1920 [22:10<07:52,  1.54it/s] 62%|██████▏   | 1195/1920 [22:11<08:00,  1.51it/s] 62%|██████▏   | 1196/1920 [22:12<08:10,  1.48it/s] 62%|██████▏   | 1197/1920 [22:12<08:09,  1.48it/s] 62%|██████▏   | 1198/1920 [22:13<08:13,  1.46it/s] 62%|██████▏   | 1199/1920 [22:14<08:23,  1.43it/s] 62%|██████▎   | 1200/1920 [22:14<08:22,  1.43it/s] 63%|██████▎   | 1201/1920 [22:15<08:12,  1.46it/s] 63%|██████▎   | 1202/1920 [22:16<08:10,  1.46it/s] 63%|██████▎   | 1203/1920 [22:16<07:53,  1.51it/s] 63%|██████▎   | 1204/1920 [22:17<07:34,  1.58it/s] 63%|██████▎   | 1205/1920 [22:17<07:34,  1.57it/s] 63%|██████▎   | 1206/1920 [22:18<07:28,  1.59it/s] 63%|██████▎   | 1207/1920 [22:19<07:39,  1.55it/s] 63%|██████▎   | 1208/1920 [22:19<07:27,  1.59it/s] 63%|██████▎   | 1209/1920 [22:20<07:25,  1.60it/s] 63%|██████▎   | 1210/1920 [22:21<07:29,  1.58it/s] 63%|██████▎   | 1211/1920 [22:21<07:18,  1.62it/s] 63%|██████▎   | 1212/1920 [22:22<07:05,  1.67it/s] 63%|██████▎   | 1213/1920 [22:23<09:09,  1.29it/s] 63%|██████▎   | 1214/1920 [22:24<08:24,  1.40it/s] 63%|██████▎   | 1215/1920 [22:24<08:20,  1.41it/s] 63%|██████▎   | 1216/1920 [22:25<08:03,  1.46it/s] 63%|██████▎   | 1217/1920 [22:26<07:57,  1.47it/s] 63%|██████▎   | 1218/1920 [22:27<10:12,  1.15it/s] 63%|██████▎   | 1219/1920 [22:28<10:15,  1.14it/s] 64%|██████▎   | 1220/1920 [22:29<10:22,  1.12it/s] 64%|██████▎   | 1221/1920 [22:29<10:06,  1.15it/s] 64%|██████▎   | 1222/1920 [22:30<09:58,  1.17it/s] 64%|██████▎   | 1223/1920 [22:31<09:41,  1.20it/s] 64%|██████▍   | 1224/1920 [22:32<09:29,  1.22it/s] 64%|██████▍   | 1225/1920 [22:33<09:44,  1.19it/s] 64%|██████▍   | 1226/1920 [22:34<09:28,  1.22it/s] 64%|██████▍   | 1227/1920 [22:34<09:09,  1.26it/s] 64%|██████▍   | 1228/1920 [22:35<09:03,  1.27it/s] 64%|██████▍   | 1229/1920 [22:36<08:48,  1.31it/s] 64%|██████▍   | 1230/1920 [22:37<08:56,  1.29it/s] 64%|██████▍   | 1231/1920 [22:37<08:58,  1.28it/s] 64%|██████▍   | 1232/1920 [22:38<09:07,  1.26it/s] 64%|██████▍   | 1233/1920 [22:39<09:35,  1.19it/s] 64%|██████▍   | 1234/1920 [22:40<09:20,  1.22it/s] 64%|██████▍   | 1235/1920 [22:41<09:11,  1.24it/s] 64%|██████▍   | 1236/1920 [22:42<09:22,  1.22it/s] 64%|██████▍   | 1237/1920 [22:42<09:16,  1.23it/s] 64%|██████▍   | 1238/1920 [22:43<09:21,  1.22it/s] 65%|██████▍   | 1239/1920 [22:44<09:08,  1.24it/s] 65%|██████▍   | 1240/1920 [22:45<09:15,  1.22it/s] 65%|██████▍   | 1241/1920 [22:46<09:11,  1.23it/s] 65%|██████▍   | 1242/1920 [22:46<09:15,  1.22it/s] 65%|██████▍   | 1243/1920 [22:47<09:13,  1.22it/s] 65%|██████▍   | 1244/1920 [22:48<09:06,  1.24it/s] 65%|██████▍   | 1245/1920 [22:49<09:03,  1.24it/s] 65%|██████▍   | 1246/1920 [22:50<09:12,  1.22it/s] 65%|██████▍   | 1247/1920 [22:50<09:09,  1.22it/s] 65%|██████▌   | 1248/1920 [22:51<09:05,  1.23it/s] 65%|██████▌   | 1249/1920 [22:52<08:52,  1.26it/s] 65%|██████▌   | 1250/1920 [22:53<08:54,  1.25it/s] 65%|██████▌   | 1251/1920 [22:53<08:20,  1.34it/s] 65%|██████▌   | 1252/1920 [22:54<08:01,  1.39it/s] 65%|██████▌   | 1253/1920 [22:55<07:48,  1.42it/s] 65%|██████▌   | 1254/1920 [22:55<07:25,  1.49it/s] 65%|██████▌   | 1255/1920 [22:56<07:22,  1.50it/s] 65%|██████▌   | 1256/1920 [22:57<06:56,  1.59it/s] 65%|██████▌   | 1257/1920 [22:57<06:34,  1.68it/s] 66%|██████▌   | 1258/1920 [22:58<06:20,  1.74it/s] 66%|██████▌   | 1259/1920 [22:58<06:08,  1.79it/s] 66%|██████▌   | 1260/1920 [22:59<06:01,  1.82it/s] 66%|██████▌   | 1261/1920 [22:59<05:58,  1.84it/s] 66%|██████▌   | 1262/1920 [23:00<05:52,  1.87it/s] 66%|██████▌   | 1263/1920 [23:00<05:48,  1.88it/s] 66%|██████▌   | 1264/1920 [23:01<05:48,  1.88it/s] 66%|██████▌   | 1265/1920 [23:01<05:48,  1.88it/s] 66%|██████▌   | 1266/1920 [23:02<05:47,  1.88it/s] 66%|██████▌   | 1267/1920 [23:02<05:45,  1.89it/s] 66%|██████▌   | 1268/1920 [23:03<05:43,  1.90it/s] 66%|██████▌   | 1269/1920 [23:03<05:42,  1.90it/s] 66%|██████▌   | 1270/1920 [23:04<05:38,  1.92it/s] 66%|██████▌   | 1271/1920 [23:04<05:38,  1.92it/s] 66%|██████▋   | 1272/1920 [23:05<05:33,  1.94it/s] 66%|██████▋   | 1273/1920 [23:05<05:31,  1.95it/s] 66%|██████▋   | 1274/1920 [23:06<05:35,  1.93it/s] 66%|██████▋   | 1275/1920 [23:07<05:38,  1.91it/s] 66%|██████▋   | 1276/1920 [23:07<05:40,  1.89it/s] 67%|██████▋   | 1277/1920 [23:08<05:36,  1.91it/s] 67%|██████▋   | 1278/1920 [23:08<05:37,  1.90it/s] 67%|██████▋   | 1279/1920 [23:09<05:37,  1.90it/s] 67%|██████▋   | 1280/1920 [23:09<05:35,  1.91it/s] 67%|██████▋   | 1281/1920 [23:10<05:34,  1.91it/s] 67%|██████▋   | 1282/1920 [23:10<05:30,  1.93it/s] 67%|██████▋   | 1283/1920 [23:11<05:27,  1.94it/s] 67%|██████▋   | 1284/1920 [23:11<05:24,  1.96it/s] 67%|██████▋   | 1285/1920 [23:12<05:28,  1.93it/s] 67%|██████▋   | 1286/1920 [23:12<05:32,  1.91it/s] 67%|██████▋   | 1287/1920 [23:13<05:31,  1.91it/s] 67%|██████▋   | 1288/1920 [23:13<05:33,  1.89it/s] 67%|██████▋   | 1289/1920 [23:14<05:34,  1.88it/s] 67%|██████▋   | 1290/1920 [23:14<05:30,  1.91it/s] 67%|██████▋   | 1291/1920 [23:15<05:29,  1.91it/s] 67%|██████▋   | 1292/1920 [23:15<05:27,  1.92it/s] 67%|██████▋   | 1293/1920 [23:16<05:32,  1.89it/s] 67%|██████▋   | 1294/1920 [23:16<05:36,  1.86it/s] 67%|██████▋   | 1295/1920 [23:17<05:40,  1.83it/s] 68%|██████▊   | 1296/1920 [23:18<05:36,  1.85it/s] 68%|██████▊   | 1297/1920 [23:18<05:37,  1.85it/s] 68%|██████▊   | 1298/1920 [23:19<05:37,  1.84it/s] 68%|██████▊   | 1299/1920 [23:19<05:34,  1.86it/s] 68%|██████▊   | 1300/1920 [23:20<05:31,  1.87it/s] 68%|██████▊   | 1301/1920 [23:20<05:29,  1.88it/s] 68%|██████▊   | 1302/1920 [23:21<05:31,  1.87it/s] 68%|██████▊   | 1303/1920 [23:21<05:23,  1.91it/s] 68%|██████▊   | 1304/1920 [23:22<05:21,  1.91it/s] 68%|██████▊   | 1305/1920 [23:22<05:21,  1.92it/s] 68%|██████▊   | 1306/1920 [23:23<05:25,  1.89it/s] 68%|██████▊   | 1307/1920 [23:23<05:24,  1.89it/s] 68%|██████▊   | 1308/1920 [23:24<05:21,  1.90it/s] 68%|██████▊   | 1309/1920 [23:24<05:22,  1.89it/s] 68%|██████▊   | 1310/1920 [23:25<05:20,  1.91it/s] 68%|██████▊   | 1311/1920 [23:26<05:22,  1.89it/s] 68%|██████▊   | 1312/1920 [23:26<05:20,  1.89it/s] 68%|██████▊   | 1313/1920 [23:27<05:22,  1.88it/s] 68%|██████▊   | 1314/1920 [23:27<05:27,  1.85it/s] 68%|██████▊   | 1315/1920 [23:28<05:25,  1.86it/s] 69%|██████▊   | 1316/1920 [23:28<05:23,  1.87it/s] 69%|██████▊   | 1317/1920 [23:29<05:23,  1.87it/s] 69%|██████▊   | 1318/1920 [23:29<05:22,  1.87it/s] 69%|██████▊   | 1319/1920 [23:30<05:21,  1.87it/s] 69%|██████▉   | 1320/1920 [23:30<05:20,  1.87it/s] 69%|██████▉   | 1321/1920 [23:31<05:21,  1.86it/s] 69%|██████▉   | 1322/1920 [23:31<05:19,  1.87it/s] 69%|██████▉   | 1323/1920 [23:32<05:16,  1.89it/s] 69%|██████▉   | 1324/1920 [23:32<05:17,  1.88it/s] 69%|██████▉   | 1325/1920 [23:33<05:21,  1.85it/s] 69%|██████▉   | 1326/1920 [23:34<05:18,  1.87it/s] 69%|██████▉   | 1327/1920 [23:34<05:15,  1.88it/s] 69%|██████▉   | 1328/1920 [23:35<05:14,  1.88it/s] 69%|██████▉   | 1329/1920 [23:35<05:14,  1.88it/s] 69%|██████▉   | 1330/1920 [23:36<05:15,  1.87it/s] 69%|██████▉   | 1331/1920 [23:36<05:17,  1.85it/s] 69%|██████▉   | 1332/1920 [23:37<05:19,  1.84it/s] 69%|██████▉   | 1333/1920 [23:37<05:20,  1.83it/s] 69%|██████▉   | 1334/1920 [23:38<05:24,  1.81it/s] 70%|██████▉   | 1335/1920 [23:39<05:30,  1.77it/s] 70%|██████▉   | 1336/1920 [23:39<05:27,  1.78it/s] 70%|██████▉   | 1337/1920 [23:40<05:26,  1.78it/s] 70%|██████▉   | 1338/1920 [23:40<05:23,  1.80it/s] 70%|██████▉   | 1339/1920 [23:41<05:22,  1.80it/s] 70%|██████▉   | 1340/1920 [23:41<05:18,  1.82it/s] 70%|██████▉   | 1341/1920 [23:42<05:13,  1.84it/s] 70%|██████▉   | 1342/1920 [23:42<05:09,  1.87it/s] 70%|██████▉   | 1343/1920 [23:43<05:05,  1.89it/s] 70%|███████   | 1344/1920 [23:43<05:06,  1.88it/s] 70%|███████   | 1345/1920 [23:44<05:04,  1.89it/s] 70%|███████   | 1346/1920 [23:44<05:04,  1.88it/s] 70%|███████   | 1347/1920 [23:45<05:08,  1.86it/s] 70%|███████   | 1348/1920 [23:45<05:02,  1.89it/s] 70%|███████   | 1349/1920 [23:46<05:00,  1.90it/s] 70%|███████   | 1350/1920 [23:47<05:03,  1.88it/s] 70%|███████   | 1351/1920 [23:47<05:01,  1.89it/s] 70%|███████   | 1352/1920 [23:48<05:01,  1.88it/s] 70%|███████   | 1353/1920 [23:48<05:02,  1.87it/s] 71%|███████   | 1354/1920 [23:49<05:01,  1.88it/s] 71%|███████   | 1355/1920 [23:49<05:04,  1.85it/s] 71%|███████   | 1356/1920 [23:50<05:00,  1.88it/s] 71%|███████   | 1357/1920 [23:50<04:53,  1.92it/s] 71%|███████   | 1358/1920 [23:51<04:50,  1.93it/s] 71%|███████   | 1359/1920 [23:51<04:52,  1.92it/s] 71%|███████   | 1360/1920 [23:52<04:48,  1.94it/s] 71%|███████   | 1361/1920 [23:52<04:48,  1.94it/s] 71%|███████   | 1362/1920 [23:53<04:46,  1.95it/s] 71%|███████   | 1363/1920 [23:53<04:47,  1.94it/s] 71%|███████   | 1364/1920 [23:54<04:46,  1.94it/s] 71%|███████   | 1365/1920 [23:54<04:47,  1.93it/s] 71%|███████   | 1366/1920 [23:55<04:50,  1.91it/s] 71%|███████   | 1367/1920 [23:55<04:52,  1.89it/s] 71%|███████▏  | 1368/1920 [23:56<04:55,  1.87it/s] 71%|███████▏  | 1369/1920 [23:57<04:56,  1.86it/s] 71%|███████▏  | 1370/1920 [23:57<04:56,  1.85it/s] 71%|███████▏  | 1371/1920 [23:58<04:55,  1.86it/s] 71%|███████▏  | 1372/1920 [23:58<04:58,  1.84it/s] 72%|███████▏  | 1373/1920 [23:59<04:55,  1.85it/s] 72%|███████▏  | 1374/1920 [23:59<04:51,  1.88it/s] 72%|███████▏  | 1375/1920 [24:00<04:53,  1.86it/s] 72%|███████▏  | 1376/1920 [24:00<04:51,  1.87it/s] 72%|███████▏  | 1377/1920 [24:01<04:48,  1.88it/s] 72%|███████▏  | 1378/1920 [24:01<04:46,  1.89it/s] 72%|███████▏  | 1379/1920 [24:02<04:44,  1.90it/s] 72%|███████▏  | 1380/1920 [24:02<04:44,  1.90it/s] 72%|███████▏  | 1381/1920 [24:03<04:46,  1.88it/s] 72%|███████▏  | 1382/1920 [24:03<04:45,  1.88it/s] 72%|███████▏  | 1383/1920 [24:04<04:44,  1.89it/s] 72%|███████▏  | 1384/1920 [24:05<04:42,  1.90it/s] 72%|███████▏  | 1385/1920 [24:05<04:39,  1.92it/s] 72%|███████▏  | 1386/1920 [24:06<04:38,  1.91it/s] 72%|███████▏  | 1387/1920 [24:06<04:41,  1.89it/s] 72%|███████▏  | 1388/1920 [24:07<04:42,  1.88it/s] 72%|███████▏  | 1389/1920 [24:07<04:45,  1.86it/s] 72%|███████▏  | 1390/1920 [24:08<04:45,  1.86it/s] 72%|███████▏  | 1391/1920 [24:08<04:44,  1.86it/s] 72%|███████▎  | 1392/1920 [24:09<04:46,  1.84it/s] 73%|███████▎  | 1393/1920 [24:09<04:45,  1.85it/s] 73%|███████▎  | 1394/1920 [24:10<04:43,  1.85it/s] 73%|███████▎  | 1395/1920 [24:10<04:42,  1.86it/s] 73%|███████▎  | 1396/1920 [24:11<04:41,  1.86it/s] 73%|███████▎  | 1397/1920 [24:11<04:39,  1.87it/s] 73%|███████▎  | 1398/1920 [24:12<04:39,  1.87it/s] 73%|███████▎  | 1399/1920 [24:13<04:38,  1.87it/s] 73%|███████▎  | 1400/1920 [24:13<04:40,  1.85it/s] 73%|███████▎  | 1401/1920 [24:14<04:38,  1.86it/s] 73%|███████▎  | 1402/1920 [24:14<04:37,  1.87it/s] 73%|███████▎  | 1403/1920 [24:15<04:37,  1.86it/s] 73%|███████▎  | 1404/1920 [24:15<04:38,  1.86it/s] 73%|███████▎  | 1405/1920 [24:16<04:37,  1.85it/s] 73%|███████▎  | 1406/1920 [24:16<04:34,  1.87it/s] 73%|███████▎  | 1407/1920 [24:17<04:35,  1.86it/s] 73%|███████▎  | 1408/1920 [24:17<04:36,  1.85it/s] 73%|███████▎  | 1409/1920 [24:18<04:37,  1.84it/s] 73%|███████▎  | 1410/1920 [24:18<04:37,  1.84it/s] 73%|███████▎  | 1411/1920 [24:19<04:34,  1.85it/s] 74%|███████▎  | 1412/1920 [24:20<04:33,  1.86it/s] 74%|███████▎  | 1413/1920 [24:20<04:30,  1.87it/s] 74%|███████▎  | 1414/1920 [24:21<04:30,  1.87it/s] 74%|███████▎  | 1415/1920 [24:21<04:27,  1.89it/s] 74%|███████▍  | 1416/1920 [24:22<04:27,  1.89it/s] 74%|███████▍  | 1417/1920 [24:22<04:28,  1.87it/s] 74%|███████▍  | 1418/1920 [24:23<04:27,  1.88it/s] 74%|███████▍  | 1419/1920 [24:23<04:27,  1.88it/s] 74%|███████▍  | 1420/1920 [24:24<04:26,  1.88it/s] 74%|███████▍  | 1421/1920 [24:24<04:23,  1.89it/s] 74%|███████▍  | 1422/1920 [24:25<04:22,  1.90it/s] 74%|███████▍  | 1423/1920 [24:25<04:21,  1.90it/s] 74%|███████▍  | 1424/1920 [24:26<04:25,  1.87it/s] 74%|███████▍  | 1425/1920 [24:26<04:28,  1.84it/s] 74%|███████▍  | 1426/1920 [24:27<04:24,  1.87it/s] 74%|███████▍  | 1427/1920 [24:28<04:25,  1.86it/s] 74%|███████▍  | 1428/1920 [24:28<04:27,  1.84it/s] 74%|███████▍  | 1429/1920 [24:29<04:27,  1.84it/s] 74%|███████▍  | 1430/1920 [24:29<04:22,  1.87it/s] 75%|███████▍  | 1431/1920 [24:30<04:20,  1.88it/s] 75%|███████▍  | 1432/1920 [24:30<04:17,  1.89it/s] 75%|███████▍  | 1433/1920 [24:31<04:18,  1.89it/s] 75%|███████▍  | 1434/1920 [24:31<04:19,  1.87it/s] 75%|███████▍  | 1435/1920 [24:32<04:21,  1.86it/s] 75%|███████▍  | 1436/1920 [24:32<04:22,  1.84it/s] 75%|███████▍  | 1437/1920 [24:33<04:19,  1.86it/s] 75%|███████▍  | 1438/1920 [24:33<04:18,  1.86it/s] 75%|███████▍  | 1439/1920 [24:34<04:17,  1.87it/s] 75%|███████▌  | 1440/1920 [24:35<04:16,  1.87it/s] 75%|███████▌  | 1441/1920 [24:35<04:16,  1.87it/s] 75%|███████▌  | 1442/1920 [24:36<04:18,  1.85it/s] 75%|███████▌  | 1443/1920 [24:36<04:19,  1.84it/s] 75%|███████▌  | 1444/1920 [24:37<04:19,  1.83it/s] 75%|███████▌  | 1445/1920 [24:37<04:30,  1.76it/s] 75%|███████▌  | 1446/1920 [24:38<04:29,  1.76it/s] 75%|███████▌  | 1447/1920 [24:38<04:25,  1.78it/s] 75%|███████▌  | 1448/1920 [24:39<04:27,  1.76it/s] 75%|███████▌  | 1449/1920 [24:40<04:29,  1.75it/s] 76%|███████▌  | 1450/1920 [24:40<04:28,  1.75it/s] 76%|███████▌  | 1451/1920 [24:41<04:25,  1.77it/s] 76%|███████▌  | 1452/1920 [24:41<04:23,  1.78it/s] 76%|███████▌  | 1453/1920 [24:42<04:21,  1.78it/s] 76%|███████▌  | 1454/1920 [24:42<04:18,  1.80it/s] 76%|███████▌  | 1455/1920 [24:43<04:13,  1.83it/s] 76%|███████▌  | 1456/1920 [24:43<04:10,  1.85it/s] 76%|███████▌  | 1457/1920 [24:44<04:03,  1.90it/s] 76%|███████▌  | 1458/1920 [24:44<04:00,  1.92it/s] 76%|███████▌  | 1459/1920 [24:45<03:58,  1.93it/s] 76%|███████▌  | 1460/1920 [24:45<03:58,  1.93it/s] 76%|███████▌  | 1461/1920 [24:46<03:58,  1.93it/s] 76%|███████▌  | 1462/1920 [24:47<03:58,  1.92it/s] 76%|███████▌  | 1463/1920 [24:47<03:55,  1.94it/s] 76%|███████▋  | 1464/1920 [24:48<03:54,  1.94it/s] 76%|███████▋  | 1465/1920 [24:48<03:55,  1.94it/s] 76%|███████▋  | 1466/1920 [24:49<03:54,  1.94it/s] 76%|███████▋  | 1467/1920 [24:49<03:56,  1.91it/s] 76%|███████▋  | 1468/1920 [24:50<03:54,  1.92it/s] 77%|███████▋  | 1469/1920 [24:50<03:53,  1.93it/s] 77%|███████▋  | 1470/1920 [24:51<03:53,  1.92it/s] 77%|███████▋  | 1471/1920 [24:51<03:52,  1.93it/s] 77%|███████▋  | 1472/1920 [24:52<03:50,  1.95it/s] 77%|███████▋  | 1473/1920 [24:52<03:48,  1.96it/s] 77%|███████▋  | 1474/1920 [24:53<03:48,  1.95it/s] 77%|███████▋  | 1475/1920 [24:53<03:48,  1.95it/s] 77%|███████▋  | 1476/1920 [24:54<03:46,  1.96it/s] 77%|███████▋  | 1477/1920 [24:54<03:48,  1.94it/s] 77%|███████▋  | 1478/1920 [24:55<03:47,  1.94it/s] 77%|███████▋  | 1479/1920 [24:55<03:47,  1.94it/s] 77%|███████▋  | 1480/1920 [24:56<03:49,  1.92it/s] 77%|███████▋  | 1481/1920 [24:56<03:47,  1.93it/s] 77%|███████▋  | 1482/1920 [24:57<03:45,  1.94it/s] 77%|███████▋  | 1483/1920 [24:57<03:46,  1.93it/s] 77%|███████▋  | 1484/1920 [24:58<03:44,  1.94it/s] 77%|███████▋  | 1485/1920 [24:58<03:42,  1.96it/s] 77%|███████▋  | 1486/1920 [24:59<03:40,  1.97it/s] 77%|███████▋  | 1487/1920 [24:59<03:40,  1.96it/s] 78%|███████▊  | 1488/1920 [25:00<03:42,  1.95it/s] 78%|███████▊  | 1489/1920 [25:00<03:41,  1.95it/s] 78%|███████▊  | 1490/1920 [25:01<03:41,  1.94it/s] 78%|███████▊  | 1491/1920 [25:01<03:39,  1.95it/s] 78%|███████▊  | 1492/1920 [25:02<03:40,  1.94it/s] 78%|███████▊  | 1493/1920 [25:02<03:40,  1.94it/s] 78%|███████▊  | 1494/1920 [25:03<03:38,  1.95it/s] 78%|███████▊  | 1495/1920 [25:03<03:38,  1.94it/s] 78%|███████▊  | 1496/1920 [25:04<03:42,  1.91it/s] 78%|███████▊  | 1497/1920 [25:05<03:39,  1.93it/s] 78%|███████▊  | 1498/1920 [25:05<03:38,  1.93it/s] 78%|███████▊  | 1499/1920 [25:06<03:36,  1.95it/s] 78%|███████▊  | 1500/1920 [25:06<03:33,  1.96it/s] 78%|███████▊  | 1501/1920 [25:07<03:32,  1.97it/s] 78%|███████▊  | 1502/1920 [25:07<03:33,  1.95it/s] 78%|███████▊  | 1503/1920 [25:08<03:32,  1.96it/s] 78%|███████▊  | 1504/1920 [25:08<03:36,  1.92it/s] 78%|███████▊  | 1505/1920 [25:09<03:32,  1.95it/s] 78%|███████▊  | 1506/1920 [25:09<03:32,  1.95it/s] 78%|███████▊  | 1507/1920 [25:10<03:31,  1.96it/s] 79%|███████▊  | 1508/1920 [25:10<03:30,  1.96it/s] 79%|███████▊  | 1509/1920 [25:11<03:29,  1.96it/s] 79%|███████▊  | 1510/1920 [25:11<03:32,  1.93it/s] 79%|███████▊  | 1511/1920 [25:12<03:33,  1.91it/s] 79%|███████▉  | 1512/1920 [25:12<03:33,  1.91it/s] 79%|███████▉  | 1513/1920 [25:13<03:30,  1.93it/s] 79%|███████▉  | 1514/1920 [25:13<03:32,  1.91it/s] 79%|███████▉  | 1515/1920 [25:14<03:33,  1.90it/s] 79%|███████▉  | 1516/1920 [25:14<03:31,  1.91it/s] 79%|███████▉  | 1517/1920 [25:15<03:29,  1.92it/s] 79%|███████▉  | 1518/1920 [25:15<03:29,  1.92it/s] 79%|███████▉  | 1519/1920 [25:16<03:32,  1.89it/s] 79%|███████▉  | 1520/1920 [25:16<03:31,  1.89it/s] 79%|███████▉  | 1521/1920 [25:17<03:31,  1.89it/s] 79%|███████▉  | 1522/1920 [25:18<03:31,  1.89it/s] 79%|███████▉  | 1523/1920 [25:18<03:33,  1.86it/s] 79%|███████▉  | 1524/1920 [25:19<03:33,  1.85it/s] 79%|███████▉  | 1525/1920 [25:19<03:33,  1.85it/s] 79%|███████▉  | 1526/1920 [25:20<03:32,  1.85it/s] 80%|███████▉  | 1527/1920 [25:20<03:30,  1.87it/s] 80%|███████▉  | 1528/1920 [25:21<03:27,  1.89it/s] 80%|███████▉  | 1529/1920 [25:21<03:26,  1.89it/s] 80%|███████▉  | 1530/1920 [25:22<03:26,  1.89it/s] 80%|███████▉  | 1531/1920 [25:22<03:25,  1.89it/s] 80%|███████▉  | 1532/1920 [25:23<03:26,  1.88it/s] 80%|███████▉  | 1533/1920 [25:23<03:24,  1.89it/s] 80%|███████▉  | 1534/1920 [25:24<03:24,  1.89it/s] 80%|███████▉  | 1535/1920 [25:24<03:23,  1.89it/s] 80%|████████  | 1536/1920 [25:25<03:23,  1.89it/s] 80%|████████  | 1537/1920 [25:26<03:22,  1.89it/s] 80%|████████  | 1538/1920 [25:26<03:25,  1.86it/s] 80%|████████  | 1539/1920 [25:27<03:24,  1.86it/s] 80%|████████  | 1540/1920 [25:27<03:26,  1.84it/s] 80%|████████  | 1541/1920 [25:28<03:26,  1.84it/s] 80%|████████  | 1542/1920 [25:28<03:24,  1.85it/s] 80%|████████  | 1543/1920 [25:29<03:24,  1.84it/s] 80%|████████  | 1544/1920 [25:29<03:22,  1.86it/s] 80%|████████  | 1545/1920 [25:30<03:19,  1.88it/s] 81%|████████  | 1546/1920 [25:30<03:18,  1.88it/s] 81%|████████  | 1547/1920 [25:31<03:16,  1.89it/s] 81%|████████  | 1548/1920 [25:31<03:13,  1.92it/s] 81%|████████  | 1549/1920 [25:32<03:14,  1.91it/s] 81%|████████  | 1550/1920 [25:32<03:13,  1.91it/s] 81%|████████  | 1551/1920 [25:33<03:14,  1.90it/s] 81%|████████  | 1552/1920 [25:34<03:15,  1.88it/s] 81%|████████  | 1553/1920 [25:34<03:15,  1.88it/s] 81%|████████  | 1554/1920 [25:35<03:13,  1.89it/s] 81%|████████  | 1555/1920 [25:35<03:09,  1.92it/s] 81%|████████  | 1556/1920 [25:36<03:08,  1.93it/s] 81%|████████  | 1557/1920 [25:36<03:08,  1.93it/s] 81%|████████  | 1558/1920 [25:37<03:06,  1.94it/s] 81%|████████  | 1559/1920 [25:37<03:06,  1.94it/s] 81%|████████▏ | 1560/1920 [25:38<03:08,  1.91it/s] 81%|████████▏ | 1561/1920 [25:38<03:08,  1.90it/s] 81%|████████▏ | 1562/1920 [25:39<03:10,  1.88it/s] 81%|████████▏ | 1563/1920 [25:39<03:11,  1.86it/s] 81%|████████▏ | 1564/1920 [25:40<03:12,  1.85it/s] 82%|████████▏ | 1565/1920 [25:40<03:15,  1.82it/s] 82%|████████▏ | 1566/1920 [25:41<03:15,  1.81it/s] 82%|████████▏ | 1567/1920 [25:42<03:11,  1.84it/s] 82%|████████▏ | 1568/1920 [25:42<03:09,  1.86it/s] 82%|████████▏ | 1569/1920 [25:43<03:06,  1.88it/s] 82%|████████▏ | 1570/1920 [25:43<03:06,  1.87it/s] 82%|████████▏ | 1571/1920 [25:44<03:05,  1.88it/s] 82%|████████▏ | 1572/1920 [25:44<03:05,  1.87it/s] 82%|████████▏ | 1573/1920 [25:45<03:01,  1.91it/s] 82%|████████▏ | 1574/1920 [25:45<03:01,  1.90it/s] 82%|████████▏ | 1575/1920 [25:46<02:58,  1.94it/s] 82%|████████▏ | 1576/1920 [25:46<02:57,  1.94it/s] 82%|████████▏ | 1577/1920 [25:47<02:56,  1.95it/s] 82%|████████▏ | 1578/1920 [25:47<02:55,  1.95it/s] 82%|████████▏ | 1579/1920 [25:48<02:55,  1.95it/s] 82%|████████▏ | 1580/1920 [25:48<02:55,  1.93it/s] 82%|████████▏ | 1581/1920 [25:49<02:54,  1.94it/s] 82%|████████▏ | 1582/1920 [25:49<02:54,  1.94it/s] 82%|████████▏ | 1583/1920 [25:50<02:53,  1.94it/s] 82%|████████▎ | 1584/1920 [25:50<02:52,  1.95it/s] 83%|████████▎ | 1585/1920 [25:51<02:51,  1.95it/s] 83%|████████▎ | 1586/1920 [25:51<02:49,  1.97it/s] 83%|████████▎ | 1587/1920 [25:52<02:50,  1.96it/s] 83%|████████▎ | 1588/1920 [25:52<02:51,  1.93it/s] 83%|████████▎ | 1589/1920 [25:53<02:52,  1.92it/s] 83%|████████▎ | 1590/1920 [25:53<02:49,  1.94it/s] 83%|████████▎ | 1591/1920 [25:54<02:51,  1.92it/s] 83%|████████▎ | 1592/1920 [25:54<02:48,  1.94it/s] 83%|████████▎ | 1593/1920 [25:55<02:49,  1.93it/s] 83%|████████▎ | 1594/1920 [25:55<02:51,  1.90it/s] 83%|████████▎ | 1595/1920 [25:56<02:52,  1.88it/s] 83%|████████▎ | 1596/1920 [25:57<02:51,  1.89it/s] 83%|████████▎ | 1597/1920 [25:57<02:50,  1.89it/s] 83%|████████▎ | 1598/1920 [25:58<02:49,  1.90it/s] 83%|████████▎ | 1599/1920 [25:58<02:50,  1.89it/s] 83%|████████▎ | 1600/1920 [25:59<02:49,  1.89it/s] 83%|████████▎ | 1601/1920 [25:59<02:49,  1.88it/s] 83%|████████▎ | 1602/1920 [26:00<02:49,  1.88it/s] 83%|████████▎ | 1603/1920 [26:00<02:46,  1.90it/s] 84%|████████▎ | 1604/1920 [26:01<02:47,  1.88it/s] 84%|████████▎ | 1605/1920 [26:01<02:47,  1.88it/s] 84%|████████▎ | 1606/1920 [26:02<02:47,  1.88it/s] 84%|████████▎ | 1607/1920 [26:02<02:46,  1.88it/s] 84%|████████▍ | 1608/1920 [26:03<02:46,  1.87it/s] 84%|████████▍ | 1609/1920 [26:03<02:46,  1.87it/s] 84%|████████▍ | 1610/1920 [26:04<02:48,  1.84it/s] 84%|████████▍ | 1611/1920 [26:05<02:46,  1.85it/s] 84%|████████▍ | 1612/1920 [26:05<02:45,  1.86it/s] 84%|████████▍ | 1613/1920 [26:06<02:47,  1.83it/s] 84%|████████▍ | 1614/1920 [26:06<02:48,  1.81it/s] 84%|████████▍ | 1615/1920 [26:07<02:45,  1.84it/s] 84%|████████▍ | 1616/1920 [26:07<02:44,  1.85it/s] 84%|████████▍ | 1617/1920 [26:08<02:42,  1.87it/s] 84%|████████▍ | 1618/1920 [26:08<02:41,  1.87it/s] 84%|████████▍ | 1619/1920 [26:09<02:41,  1.86it/s] 84%|████████▍ | 1620/1920 [26:09<02:40,  1.87it/s] 84%|████████▍ | 1621/1920 [26:10<02:41,  1.86it/s] 84%|████████▍ | 1622/1920 [26:11<02:43,  1.83it/s] 85%|████████▍ | 1623/1920 [26:11<02:42,  1.83it/s] 85%|████████▍ | 1624/1920 [26:12<02:41,  1.83it/s] 85%|████████▍ | 1625/1920 [26:12<02:41,  1.83it/s] 85%|████████▍ | 1626/1920 [26:13<02:39,  1.84it/s] 85%|████████▍ | 1627/1920 [26:13<02:38,  1.84it/s] 85%|████████▍ | 1628/1920 [26:14<02:35,  1.87it/s] 85%|████████▍ | 1629/1920 [26:14<02:34,  1.88it/s] 85%|████████▍ | 1630/1920 [26:15<02:33,  1.89it/s] 85%|████████▍ | 1631/1920 [26:15<02:35,  1.86it/s] 85%|████████▌ | 1632/1920 [26:16<02:35,  1.86it/s] 85%|████████▌ | 1633/1920 [26:16<02:34,  1.85it/s] 85%|████████▌ | 1634/1920 [26:17<02:34,  1.86it/s] 85%|████████▌ | 1635/1920 [26:18<02:34,  1.85it/s] 85%|████████▌ | 1636/1920 [26:18<02:34,  1.84it/s] 85%|████████▌ | 1637/1920 [26:19<02:32,  1.85it/s] 85%|████████▌ | 1638/1920 [26:19<02:31,  1.86it/s] 85%|████████▌ | 1639/1920 [26:20<02:32,  1.85it/s] 85%|████████▌ | 1640/1920 [26:20<02:30,  1.85it/s] 85%|████████▌ | 1641/1920 [26:21<02:30,  1.86it/s] 86%|████████▌ | 1642/1920 [26:21<02:29,  1.86it/s] 86%|████████▌ | 1643/1920 [26:22<02:27,  1.87it/s] 86%|████████▌ | 1644/1920 [26:22<02:25,  1.89it/s] 86%|████████▌ | 1645/1920 [26:23<02:25,  1.89it/s] 86%|████████▌ | 1646/1920 [26:23<02:25,  1.88it/s] 86%|████████▌ | 1647/1920 [26:24<02:26,  1.87it/s] 86%|████████▌ | 1648/1920 [26:25<02:26,  1.86it/s] 86%|████████▌ | 1649/1920 [26:25<02:25,  1.86it/s] 86%|████████▌ | 1650/1920 [26:26<02:24,  1.87it/s] 86%|████████▌ | 1651/1920 [26:26<02:22,  1.89it/s] 86%|████████▌ | 1652/1920 [26:27<02:21,  1.89it/s] 86%|████████▌ | 1653/1920 [26:27<02:20,  1.90it/s] 86%|████████▌ | 1654/1920 [26:28<02:20,  1.89it/s] 86%|████████▌ | 1655/1920 [26:28<02:20,  1.89it/s] 86%|████████▋ | 1656/1920 [26:29<02:21,  1.87it/s] 86%|████████▋ | 1657/1920 [26:29<02:18,  1.90it/s] 86%|████████▋ | 1658/1920 [26:30<02:17,  1.91it/s] 86%|████████▋ | 1659/1920 [26:30<02:16,  1.91it/s] 86%|████████▋ | 1660/1920 [26:31<02:17,  1.89it/s] 87%|████████▋ | 1661/1920 [26:31<02:16,  1.89it/s] 87%|████████▋ | 1662/1920 [26:32<02:14,  1.92it/s] 87%|████████▋ | 1663/1920 [26:32<02:13,  1.92it/s] 87%|████████▋ | 1664/1920 [26:33<02:13,  1.92it/s] 87%|████████▋ | 1665/1920 [26:33<02:11,  1.94it/s] 87%|████████▋ | 1666/1920 [26:34<02:09,  1.96it/s] 87%|████████▋ | 1667/1920 [26:34<02:08,  1.97it/s] 87%|████████▋ | 1668/1920 [26:35<02:07,  1.98it/s] 87%|████████▋ | 1669/1920 [26:35<02:06,  1.98it/s] 87%|████████▋ | 1670/1920 [26:36<02:07,  1.96it/s] 87%|████████▋ | 1671/1920 [26:36<02:07,  1.95it/s] 87%|████████▋ | 1672/1920 [26:37<02:06,  1.96it/s] 87%|████████▋ | 1673/1920 [26:38<02:09,  1.91it/s] 87%|████████▋ | 1674/1920 [26:38<02:09,  1.90it/s] 87%|████████▋ | 1675/1920 [26:39<02:08,  1.90it/s] 87%|████████▋ | 1676/1920 [26:39<02:08,  1.90it/s] 87%|████████▋ | 1677/1920 [26:40<02:09,  1.87it/s] 87%|████████▋ | 1678/1920 [26:40<02:09,  1.86it/s] 87%|████████▋ | 1679/1920 [26:41<02:09,  1.86it/s] 88%|████████▊ | 1680/1920 [26:41<02:09,  1.85it/s] 88%|████████▊ | 1681/1920 [26:42<02:09,  1.85it/s] 88%|████████▊ | 1682/1920 [26:42<02:08,  1.85it/s] 88%|████████▊ | 1683/1920 [26:43<02:07,  1.86it/s] 88%|████████▊ | 1684/1920 [26:43<02:06,  1.86it/s] 88%|████████▊ | 1685/1920 [26:44<02:04,  1.89it/s] 88%|████████▊ | 1686/1920 [26:44<02:02,  1.91it/s] 88%|████████▊ | 1687/1920 [26:45<02:01,  1.93it/s] 88%|████████▊ | 1688/1920 [26:45<01:59,  1.94it/s] 88%|████████▊ | 1689/1920 [26:46<01:59,  1.93it/s] 88%|████████▊ | 1690/1920 [26:47<01:59,  1.93it/s] 88%|████████▊ | 1691/1920 [26:47<01:58,  1.94it/s] 88%|████████▊ | 1692/1920 [26:48<01:56,  1.96it/s] 88%|████████▊ | 1693/1920 [26:48<01:55,  1.97it/s] 88%|████████▊ | 1694/1920 [26:49<01:55,  1.95it/s] 88%|████████▊ | 1695/1920 [26:49<01:54,  1.96it/s] 88%|████████▊ | 1696/1920 [26:50<01:54,  1.95it/s] 88%|████████▊ | 1697/1920 [26:50<01:54,  1.95it/s] 88%|████████▊ | 1698/1920 [26:51<01:53,  1.96it/s] 88%|████████▊ | 1699/1920 [26:51<01:52,  1.96it/s] 89%|████████▊ | 1700/1920 [26:52<01:53,  1.95it/s] 89%|████████▊ | 1701/1920 [26:52<01:53,  1.93it/s] 89%|████████▊ | 1702/1920 [26:53<01:52,  1.93it/s] 89%|████████▊ | 1703/1920 [26:53<01:51,  1.94it/s] 89%|████████▉ | 1704/1920 [26:54<01:51,  1.93it/s] 89%|████████▉ | 1705/1920 [26:54<01:50,  1.94it/s] 89%|████████▉ | 1706/1920 [26:55<01:50,  1.93it/s] 89%|████████▉ | 1707/1920 [26:55<01:48,  1.96it/s] 89%|████████▉ | 1708/1920 [26:56<01:48,  1.95it/s] 89%|████████▉ | 1709/1920 [26:56<01:48,  1.95it/s] 89%|████████▉ | 1710/1920 [26:57<01:47,  1.95it/s] 89%|████████▉ | 1711/1920 [26:57<01:46,  1.96it/s] 89%|████████▉ | 1712/1920 [26:58<01:47,  1.94it/s] 89%|████████▉ | 1713/1920 [26:58<01:47,  1.92it/s] 89%|████████▉ | 1714/1920 [26:59<01:46,  1.93it/s] 89%|████████▉ | 1715/1920 [26:59<01:45,  1.94it/s] 89%|████████▉ | 1716/1920 [27:00<01:45,  1.94it/s] 89%|████████▉ | 1717/1920 [27:00<01:46,  1.90it/s] 89%|████████▉ | 1718/1920 [27:01<01:44,  1.93it/s] 90%|████████▉ | 1719/1920 [27:01<01:44,  1.93it/s] 90%|████████▉ | 1720/1920 [27:02<01:44,  1.91it/s] 90%|████████▉ | 1721/1920 [27:03<01:44,  1.91it/s] 90%|████████▉ | 1722/1920 [27:03<01:44,  1.90it/s] 90%|████████▉ | 1723/1920 [27:04<01:42,  1.92it/s] 90%|████████▉ | 1724/1920 [27:04<01:41,  1.92it/s] 90%|████████▉ | 1725/1920 [27:05<01:41,  1.93it/s] 90%|████████▉ | 1726/1920 [27:05<01:40,  1.93it/s] 90%|████████▉ | 1727/1920 [27:06<01:40,  1.91it/s] 90%|█████████ | 1728/1920 [27:06<01:40,  1.90it/s] 90%|█████████ | 1729/1920 [27:07<01:40,  1.90it/s] 90%|█████████ | 1730/1920 [27:07<01:41,  1.88it/s] 90%|█████████ | 1731/1920 [27:08<01:41,  1.86it/s] 90%|█████████ | 1732/1920 [27:08<01:40,  1.87it/s] 90%|█████████ | 1733/1920 [27:09<01:39,  1.88it/s] 90%|█████████ | 1734/1920 [27:09<01:38,  1.89it/s] 90%|█████████ | 1735/1920 [27:10<01:36,  1.91it/s] 90%|█████████ | 1736/1920 [27:10<01:35,  1.92it/s] 90%|█████████ | 1737/1920 [27:11<01:35,  1.91it/s] 91%|█████████ | 1738/1920 [27:11<01:35,  1.91it/s] 91%|█████████ | 1739/1920 [27:12<01:34,  1.92it/s] 91%|█████████ | 1740/1920 [27:12<01:34,  1.90it/s] 91%|█████████ | 1741/1920 [27:13<01:33,  1.92it/s] 91%|█████████ | 1742/1920 [27:14<01:32,  1.93it/s] 91%|█████████ | 1743/1920 [27:14<01:32,  1.91it/s] 91%|█████████ | 1744/1920 [27:15<01:31,  1.91it/s] 91%|█████████ | 1745/1920 [27:15<01:30,  1.92it/s] 91%|█████████ | 1746/1920 [27:16<01:30,  1.93it/s] 91%|█████████ | 1747/1920 [27:16<01:29,  1.93it/s] 91%|█████████ | 1748/1920 [27:17<01:28,  1.95it/s] 91%|█████████ | 1749/1920 [27:17<01:28,  1.93it/s] 91%|█████████ | 1750/1920 [27:18<01:29,  1.91it/s] 91%|█████████ | 1751/1920 [27:18<01:28,  1.91it/s] 91%|█████████▏| 1752/1920 [27:19<01:28,  1.90it/s] 91%|█████████▏| 1753/1920 [27:19<01:27,  1.91it/s] 91%|█████████▏| 1754/1920 [27:20<01:27,  1.90it/s] 91%|█████████▏| 1755/1920 [27:20<01:26,  1.90it/s] 91%|█████████▏| 1756/1920 [27:21<01:25,  1.91it/s] 92%|█████████▏| 1757/1920 [27:21<01:24,  1.92it/s] 92%|█████████▏| 1758/1920 [27:22<01:25,  1.90it/s] 92%|█████████▏| 1759/1920 [27:22<01:24,  1.91it/s] 92%|█████████▏| 1760/1920 [27:23<01:24,  1.90it/s] 92%|█████████▏| 1761/1920 [27:23<01:24,  1.89it/s] 92%|█████████▏| 1762/1920 [27:24<01:23,  1.89it/s] 92%|█████████▏| 1763/1920 [27:25<01:22,  1.90it/s] 92%|█████████▏| 1764/1920 [27:25<01:22,  1.90it/s] 92%|█████████▏| 1765/1920 [27:26<01:21,  1.90it/s] 92%|█████████▏| 1766/1920 [27:26<01:21,  1.89it/s] 92%|█████████▏| 1767/1920 [27:27<01:22,  1.86it/s] 92%|█████████▏| 1768/1920 [27:27<01:22,  1.85it/s] 92%|█████████▏| 1769/1920 [27:28<01:21,  1.84it/s] 92%|█████████▏| 1770/1920 [27:28<01:21,  1.84it/s] 92%|█████████▏| 1771/1920 [27:29<01:20,  1.84it/s] 92%|█████████▏| 1772/1920 [27:29<01:20,  1.84it/s] 92%|█████████▏| 1773/1920 [27:30<01:19,  1.85it/s] 92%|█████████▏| 1774/1920 [27:30<01:18,  1.85it/s] 92%|█████████▏| 1775/1920 [27:31<01:17,  1.86it/s] 92%|█████████▎| 1776/1920 [27:32<01:17,  1.86it/s] 93%|█████████▎| 1777/1920 [27:32<01:16,  1.86it/s] 93%|█████████▎| 1778/1920 [27:33<01:16,  1.85it/s] 93%|█████████▎| 1779/1920 [27:33<01:16,  1.85it/s] 93%|█████████▎| 1780/1920 [27:34<01:15,  1.85it/s] 93%|█████████▎| 1781/1920 [27:34<01:15,  1.85it/s] 93%|█████████▎| 1782/1920 [27:35<01:14,  1.86it/s] 93%|█████████▎| 1783/1920 [27:35<01:13,  1.86it/s] 93%|█████████▎| 1784/1920 [27:36<01:12,  1.88it/s] 93%|█████████▎| 1785/1920 [27:36<01:12,  1.87it/s] 93%|█████████▎| 1786/1920 [27:37<01:12,  1.85it/s] 93%|█████████▎| 1787/1920 [27:37<01:11,  1.86it/s] 93%|█████████▎| 1788/1920 [27:38<01:11,  1.85it/s] 93%|█████████▎| 1789/1920 [27:39<01:11,  1.83it/s] 93%|█████████▎| 1790/1920 [27:39<01:11,  1.83it/s] 93%|█████████▎| 1791/1920 [27:40<01:12,  1.79it/s] 93%|█████████▎| 1792/1920 [27:40<01:11,  1.78it/s] 93%|█████████▎| 1793/1920 [27:41<01:12,  1.76it/s] 93%|█████████▎| 1794/1920 [27:41<01:10,  1.78it/s] 93%|█████████▎| 1795/1920 [27:42<01:10,  1.78it/s] 94%|█████████▎| 1796/1920 [27:43<01:09,  1.79it/s] 94%|█████████▎| 1797/1920 [27:43<01:08,  1.80it/s] 94%|█████████▎| 1798/1920 [27:44<01:07,  1.80it/s] 94%|█████████▎| 1799/1920 [27:44<01:07,  1.80it/s] 94%|█████████▍| 1800/1920 [27:45<01:05,  1.83it/s] 94%|█████████▍| 1801/1920 [27:45<01:04,  1.85it/s] 94%|█████████▍| 1802/1920 [27:46<01:05,  1.81it/s] 94%|█████████▍| 1803/1920 [27:46<01:04,  1.82it/s] 94%|█████████▍| 1804/1920 [27:47<01:04,  1.81it/s] 94%|█████████▍| 1805/1920 [27:47<01:02,  1.83it/s] 94%|█████████▍| 1806/1920 [27:48<01:01,  1.84it/s] 94%|█████████▍| 1807/1920 [27:49<01:00,  1.86it/s] 94%|█████████▍| 1808/1920 [27:49<00:59,  1.87it/s] 94%|█████████▍| 1809/1920 [27:50<00:58,  1.88it/s] 94%|█████████▍| 1810/1920 [27:50<00:57,  1.91it/s] 94%|█████████▍| 1811/1920 [27:51<00:56,  1.91it/s] 94%|█████████▍| 1812/1920 [27:51<00:56,  1.92it/s] 94%|█████████▍| 1813/1920 [27:52<00:55,  1.93it/s] 94%|█████████▍| 1814/1920 [27:52<00:54,  1.93it/s] 95%|█████████▍| 1815/1920 [27:53<00:54,  1.94it/s] 95%|█████████▍| 1816/1920 [27:53<00:53,  1.93it/s] 95%|█████████▍| 1817/1920 [27:54<00:52,  1.95it/s] 95%|█████████▍| 1818/1920 [27:54<00:52,  1.93it/s] 95%|█████████▍| 1819/1920 [27:55<00:52,  1.91it/s] 95%|█████████▍| 1820/1920 [27:55<00:52,  1.92it/s] 95%|█████████▍| 1821/1920 [27:56<00:51,  1.93it/s] 95%|█████████▍| 1822/1920 [27:56<00:50,  1.92it/s] 95%|█████████▍| 1823/1920 [27:57<00:50,  1.91it/s] 95%|█████████▌| 1824/1920 [27:57<00:50,  1.92it/s] 95%|█████████▌| 1825/1920 [27:58<00:49,  1.91it/s] 95%|█████████▌| 1826/1920 [27:58<00:49,  1.90it/s] 95%|█████████▌| 1827/1920 [27:59<00:48,  1.92it/s] 95%|█████████▌| 1828/1920 [27:59<00:47,  1.92it/s] 95%|█████████▌| 1829/1920 [28:00<00:47,  1.90it/s] 95%|█████████▌| 1830/1920 [28:00<00:46,  1.93it/s] 95%|█████████▌| 1831/1920 [28:01<00:45,  1.95it/s] 95%|█████████▌| 1832/1920 [28:01<00:45,  1.95it/s] 95%|█████████▌| 1833/1920 [28:02<00:44,  1.96it/s] 96%|█████████▌| 1834/1920 [28:02<00:44,  1.95it/s] 96%|█████████▌| 1835/1920 [28:03<00:42,  1.98it/s] 96%|█████████▌| 1836/1920 [28:03<00:42,  1.98it/s] 96%|█████████▌| 1837/1920 [28:04<00:42,  1.96it/s] 96%|█████████▌| 1838/1920 [28:05<00:41,  1.97it/s] 96%|█████████▌| 1839/1920 [28:05<00:41,  1.96it/s] 96%|█████████▌| 1840/1920 [28:06<00:41,  1.93it/s] 96%|█████████▌| 1841/1920 [28:06<00:40,  1.93it/s] 96%|█████████▌| 1842/1920 [28:07<00:40,  1.95it/s] 96%|█████████▌| 1843/1920 [28:07<00:39,  1.94it/s] 96%|█████████▌| 1844/1920 [28:08<00:39,  1.93it/s] 96%|█████████▌| 1845/1920 [28:08<00:38,  1.93it/s] 96%|█████████▌| 1846/1920 [28:09<00:38,  1.91it/s] 96%|█████████▌| 1847/1920 [28:09<00:38,  1.90it/s] 96%|█████████▋| 1848/1920 [28:10<00:37,  1.90it/s] 96%|█████████▋| 1849/1920 [28:10<00:37,  1.90it/s] 96%|█████████▋| 1850/1920 [28:11<00:37,  1.89it/s] 96%|█████████▋| 1851/1920 [28:11<00:36,  1.91it/s] 96%|█████████▋| 1852/1920 [28:12<00:35,  1.91it/s] 97%|█████████▋| 1853/1920 [28:12<00:35,  1.90it/s] 97%|█████████▋| 1854/1920 [28:13<00:34,  1.92it/s] 97%|█████████▋| 1855/1920 [28:13<00:33,  1.94it/s] 97%|█████████▋| 1856/1920 [28:14<00:33,  1.93it/s] 97%|█████████▋| 1857/1920 [28:14<00:32,  1.92it/s] 97%|█████████▋| 1858/1920 [28:15<00:32,  1.92it/s] 97%|█████████▋| 1859/1920 [28:15<00:31,  1.91it/s] 97%|█████████▋| 1860/1920 [28:16<00:34,  1.74it/s] 97%|█████████▋| 1861/1920 [28:17<00:33,  1.78it/s] 97%|█████████▋| 1862/1920 [28:17<00:31,  1.82it/s] 97%|█████████▋| 1863/1920 [28:18<00:31,  1.79it/s] 97%|█████████▋| 1864/1920 [28:18<00:30,  1.83it/s] 97%|█████████▋| 1865/1920 [28:19<00:29,  1.84it/s] 97%|█████████▋| 1866/1920 [28:19<00:29,  1.84it/s] 97%|█████████▋| 1867/1920 [28:20<00:28,  1.86it/s] 97%|█████████▋| 1868/1920 [28:20<00:27,  1.87it/s] 97%|█████████▋| 1869/1920 [28:21<00:27,  1.88it/s] 97%|█████████▋| 1870/1920 [28:21<00:26,  1.91it/s] 97%|█████████▋| 1871/1920 [28:22<00:25,  1.92it/s] 98%|█████████▊| 1872/1920 [28:23<00:25,  1.90it/s] 98%|█████████▊| 1873/1920 [28:23<00:24,  1.88it/s] 98%|█████████▊| 1874/1920 [28:24<00:24,  1.87it/s] 98%|█████████▊| 1875/1920 [28:24<00:24,  1.87it/s] 98%|█████████▊| 1876/1920 [28:25<00:23,  1.87it/s] 98%|█████████▊| 1877/1920 [28:25<00:22,  1.89it/s] 98%|█████████▊| 1878/1920 [28:26<00:22,  1.90it/s] 98%|█████████▊| 1879/1920 [28:26<00:21,  1.91it/s] 98%|█████████▊| 1880/1920 [28:27<00:21,  1.89it/s] 98%|█████████▊| 1881/1920 [28:27<00:20,  1.89it/s] 98%|█████████▊| 1882/1920 [28:28<00:20,  1.89it/s] 98%|█████████▊| 1883/1920 [28:28<00:19,  1.86it/s] 98%|█████████▊| 1884/1920 [28:29<00:19,  1.86it/s] 98%|█████████▊| 1885/1920 [28:29<00:18,  1.87it/s] 98%|█████████▊| 1886/1920 [28:30<00:18,  1.88it/s] 98%|█████████▊| 1887/1920 [28:31<00:17,  1.89it/s] 98%|█████████▊| 1888/1920 [28:31<00:16,  1.89it/s] 98%|█████████▊| 1889/1920 [28:32<00:16,  1.89it/s] 98%|█████████▊| 1890/1920 [28:32<00:15,  1.88it/s] 98%|█████████▊| 1891/1920 [28:33<00:15,  1.90it/s] 99%|█████████▊| 1892/1920 [28:33<00:14,  1.91it/s] 99%|█████████▊| 1893/1920 [28:34<00:14,  1.91it/s] 99%|█████████▊| 1894/1920 [28:34<00:13,  1.90it/s] 99%|█████████▊| 1895/1920 [28:35<00:13,  1.89it/s] 99%|█████████▉| 1896/1920 [28:35<00:12,  1.91it/s] 99%|█████████▉| 1897/1920 [28:36<00:12,  1.90it/s] 99%|█████████▉| 1898/1920 [28:36<00:11,  1.90it/s] 99%|█████████▉| 1899/1920 [28:37<00:11,  1.86it/s] 99%|█████████▉| 1900/1920 [28:37<00:10,  1.87it/s] 99%|█████████▉| 1901/1920 [28:38<00:10,  1.84it/s] 99%|█████████▉| 1902/1920 [28:39<00:10,  1.79it/s] 99%|█████████▉| 1903/1920 [28:39<00:09,  1.77it/s] 99%|█████████▉| 1904/1920 [28:40<00:08,  1.80it/s] 99%|█████████▉| 1905/1920 [28:40<00:08,  1.79it/s] 99%|█████████▉| 1906/1920 [28:41<00:07,  1.82it/s] 99%|█████████▉| 1907/1920 [28:41<00:07,  1.83it/s] 99%|█████████▉| 1908/1920 [28:42<00:06,  1.85it/s] 99%|█████████▉| 1909/1920 [28:42<00:05,  1.88it/s] 99%|█████████▉| 1910/1920 [28:43<00:05,  1.88it/s]100%|█████████▉| 1911/1920 [28:43<00:04,  1.89it/s]100%|█████████▉| 1912/1920 [28:44<00:04,  1.88it/s]100%|█████████▉| 1913/1920 [28:44<00:03,  1.89it/s]100%|█████████▉| 1914/1920 [28:45<00:03,  1.91it/s]100%|█████████▉| 1915/1920 [28:45<00:02,  1.92it/s]100%|█████████▉| 1916/1920 [28:46<00:02,  1.92it/s]100%|█████████▉| 1917/1920 [28:47<00:01,  1.93it/s]100%|█████████▉| 1918/1920 [28:47<00:01,  1.88it/s]100%|█████████▉| 1919/1920 [28:48<00:00,  1.93it/s]100%|██████████| 1920/1920 [28:48<00:00,  1.93it/s]100%|██████████| 1920/1920 [28:48<00:00,  1.11it/s]
Evaluation results saved to /apdcephfs_gy2/share_303214315/cedricnie/develop/training-free/runs/v129_paper_comparison_30s/metrics/vbench_long_parts/deep_forcing/imaging_quality/v129_imaging_quality_eval_results.json
