method,prompt_index,sample_index,video,decoded_frames,retained_frames,fps,duration_seconds,appearance_delta_mean,appearance_delta_median,appearance_delta_p95,appearance_delta_max,flow_speed_mean,flow_speed_median,flow_speed_p95,flow_speed_max,flow_accel_mean,flow_accel_median,flow_accel_p95,flow_accel_max,motion_floor,motion_coverage_fraction,low_motion_fraction,longest_low_motion_run_fraction,late_motion_median,earlier_motion_median,late_motion_ratio,luma_mean,luma_median,luma_p95,luma_max,luma_contrast_mean,luma_contrast_median,luma_contrast_p95,luma_contrast_max,edge_density_mean,edge_density_median,edge_density_p95,edge_density_max,dark_frame_fraction,bright_frame_fraction,low_contrast_frame_fraction,edge_density_outlier_fraction,appearance_jump_ratio,flow_jump_ratio,appearance_outlier_fraction,flow_accel_outlier_fraction,temporal_jump
sf_fifo21,0,0,/apdcephfs_gy2/share_303214315/cedricnie/develop/training-free/runs/v209_sf_protocol_budget_86f10607_sixnode/screen32/vbench_comparison/published/sf_fifo21/000000-0.mp4,477,60,16.0,29.8125,0.0429275659438818,0.03996371100930607,0.07100283080456302,0.07958844502766928,1.02756128725359,0.8687617778778076,2.4180985450744625,2.692058563232422,0.4418785274028778,0.33983759582042694,1.0375101506710052,1.8081738352775574,0.08687617778778077,1.0,0.0,0.0,0.5389240980148315,1.162514090538025,0.46358500288406074,0.37724953009075246,0.3730780815282194,0.478013137793124,0.49291472078696347,0.208827273258481,0.20746218688672863,0.2701967288289351,0.27132231842340565,0.15891487190315315,0.15950960726351351,0.18525522592905405,0.18802787162162163,0.0,0.0,0.0,0.0,1.776682620591193,1.1942400979074062,0.05084745762711865,0.05172413793103448,1.4854613592492996
sf_fifo21,1,0,/apdcephfs_gy2/share_303214315/cedricnie/develop/training-free/runs/v209_sf_protocol_budget_86f10607_sixnode/screen32/vbench_comparison/published/sf_fifo21/000001-0.mp4,477,60,16.0,29.8125,0.047805523959534156,0.0380732068828508,0.09230780283610025,0.09712537877699907,0.8080979388649181,0.6542807817459106,1.6342410087585448,2.2075843811035156,0.2630251080825411,0.22147192060947418,0.6700015604496001,1.2484428882598877,0.06542807817459106,1.0,0.0,0.0,0.36082619428634644,0.7676526308059692,0.47003837387687963,0.4620389507154213,0.44847859118309485,0.590609914257088,0.5965515492514573,0.19916688713046593,0.1954988450422026,0.23504832992065483,0.23940716005935123,0.16470958262950453,0.15281883445945948,0.21538745777027024,0.21917229729729729,0.0,0.0,0.0,0.25,2.4244819492123786,1.0240275721712924,0.15254237288135594,0.1206896551724138,1.7242547606918355
sf_fifo21,2,0,/apdcephfs_gy2/share_303214315/cedricnie/develop/training-free/runs/v209_sf_protocol_budget_86f10607_sixnode/screen32/vbench_comparison/published/sf_fifo21/000002-0.mp4,477,60,16.0,29.8125,0.026759342467440207,0.02496822394576727,0.04049185322780235,0.04350407544304343,0.4315303404957561,0.369415819644928,0.8195241272449493,0.9846440553665161,0.19942028486523136,0.14214769005775452,0.6255892604589461,0.6941118836402893,0.0369415819644928,1.0,0.0,0.0,0.3348456621170044,0.3705199211835861,0.9037183778064506,0.36934266010035766,0.37119927257220453,0.44172162224264705,0.4506990676338103,0.20353311478034028,0.19356081022873206,0.25440940818579355,0.25615369555092055,0.15398982967342342,0.15866501266891891,0.17374894425675677,0.17580764358108109,0.0,0.0,0.0,0.0,1.621735423222472,1.693455524076486,0.11864406779661017,0.1206896551724138,1.657595473649479
sf_fifo21,3,0,/apdcephfs_gy2/share_303214315/cedricnie/develop/training-free/runs/v209_sf_protocol_budget_86f10607_sixnode/screen32/vbench_comparison/published/sf_fifo21/000003-0.mp4,477,60,16.0,29.8125,0.07213919878243688,0.06474707360361137,0.13132149789847578,0.13963436051911,1.093420926797188,0.6819659471511841,3.089546298980713,4.093784809112549,0.4445723166753506,0.2578323483467102,1.5053842306137075,2.6792385578155518,0.06819659471511841,1.0,0.0,0.0,0.4772983193397522,0.7990697026252747,0.5973175028056122,0.3547680884009009,0.3458583296071807,0.44139406237579487,0.4624580807829889,0.19042774796191161,0.19102693338953583,0.25134364247243673,0.26339931116312826,0.16842931798986488,0.16895850929054052,0.17775021114864864,0.18206292229729729,0.0,0.0,0.0,0.0,2.028222907840442,2.207418474342064,0.06779661016949153,0.1724137931034483,2.1178206910912527
sf_fifo21,4,0,/apdcephfs_gy2/share_303214315/cedricnie/develop/training-free/runs/v209_sf_protocol_budget_86f10607_sixnode/screen32/vbench_comparison/published/sf_fifo21/000004-0.mp4,477,60,16.0,29.8125,0.11448513673127551,0.12228704714307598,0.17886923397288598,0.243491034414254,4.866072439541251,5.58247709274292,8.95258922576904,10.27700424194336,1.3220494266214042,0.8782515525817871,3.581214165687561,5.854720830917358,0.558247709274292,0.9830508474576272,0.01694915254237288,0.01694915254237288,0.8914978504180908,6.059220790863037,0.14713077492776286,0.263951750463699,0.26751700574655535,0.41167172284876785,0.43110043637387385,0.24504315116514785,0.24514203821583058,0.32395527401990515,0.32829324035499147,0.08969286669481982,0.08959301097972973,0.1215239653716216,0.15569573479729729,0.0,0.0,0.0,0.016666666666666666,1.4626997556299548,0.6415098720858254,0.01694915254237288,0.08620689655172414,1.0521048138578901
sf_fifo21,5,0,/apdcephfs_gy2/share_303214315/cedricnie/develop/training-free/runs/v209_sf_protocol_budget_86f10607_sixnode/screen32/vbench_comparison/published/sf_fifo21/000005-0.mp4,477,60,16.0,29.8125,0.0750326120801921,0.07442078683890549,0.12319929459515737,0.15944424797506893,1.0464541722657317,0.6115822196006775,3.424531865119931,4.559351921081543,0.5188041791833681,0.2167024314403534,1.69636925458908,3.4708571434020996,0.06115822196006775,1.0,0.0,0.0,0.21641942858695984,0.939457893371582,0.23036628902042752,0.4514595960850557,0.45290702007154215,0.5057153799019607,0.5205682589758877,0.2571287539133325,0.25182691614881514,0.28992274285748965,0.2985465835240749,0.1740137598536036,0.17628272804054054,0.22026763091216214,0.22619298986486486,0.0,0.0,0.0,0.0,1.655441978352634,2.7737386735943637,0.01694915254237288,0.20689655172413793,2.2145903259734987
sf_fifo21,6,0,/apdcephfs_gy2/share_303214315/cedricnie/develop/training-free/runs/v209_sf_protocol_budget_86f10607_sixnode/screen32/vbench_comparison/published/sf_fifo21/000006-0.mp4,477,60,16.0,29.8125,0.07145493822107286,0.0675989263197955,0.10723967832677497,0.13107446408739276,0.9833987943701825,0.9440810680389404,1.701875495910642,3.3000404834747314,0.3926916518088045,0.252284973859787,1.238563099503517,2.010986566543579,0.09440810680389405,1.0,0.0,0.0,0.7019724249839783,1.058301329612732,0.6633010895307612,0.3988450651938703,0.3888610807498675,0.47299558864931107,0.4995363010068892,0.21444933806252067,0.21351029804349486,0.23582116436733375,0.23822492258483524,0.19342447916666666,0.19252797719594594,0.20460567989864864,0.21040962837837837,0.0,0.0,0.0,0.016666666666666666,1.5864109707815164,1.3119245173259106,0.01694915254237288,0.10344827586206896,1.4491677440537134
sf_fifo21,7,0,/apdcephfs_gy2/share_303214315/cedricnie/develop/training-free/runs/v209_sf_protocol_budget_86f10607_sixnode/screen32/vbench_comparison/published/sf_fifo21/000007-0.mp4,477,60,16.0,29.8125,0.03136782460768938,0.03017417683320887,0.0496302193286372,0.05945024677351409,0.46997432132898753,0.41732650995254517,0.9520734190940857,1.1908795833587646,0.1792219866966379,0.13259804248809814,0.539513950049877,0.66164630651474,0.04173265099525452,1.0,0.0,0.0,0.33224302530288696,0.4648340344429016,0.7147562370321625,0.3036115889556835,0.3025670086446741,0.368099915747549,0.3705169208730789,0.21401422423138267,0.20595660125199947,0.26914724878852286,0.2721461740353581,0.17546012809684683,0.17654666385135134,0.20309860641891891,0.20486697635135134,0.0,0.0,0.0,0.0,1.6447911604340948,1.2927861930247997,0.0,0.10344827586206896,1.4687886767294471
sf_fifo21,8,0,/apdcephfs_gy2/share_303214315/cedricnie/develop/training-free/runs/v209_sf_protocol_budget_86f10607_sixnode/screen32/vbench_comparison/published/sf_fifo21/000008-0.mp4,477,60,16.0,29.8125,0.13350155248163387,0.12819713517731313,0.21099910212498085,0.260692611395144,4.567507264977794,4.674710273742676,7.677810239791867,9.031279563903809,1.1419840023435395,0.9032373428344727,3.0858487844467164,5.453560829162598,0.4674710273742676,1.0,0.0,0.0,2.562487840652466,5.4507341384887695,0.47011792825450893,0.40438100497096363,0.40023624842673555,0.5331420005713433,0.5648180809485956,0.19949887361790203,0.21430969931431276,0.2604537403106971,0.2805665315244682,0.0537694432713964,0.04488228462837838,0.10728594805743243,0.12217588682432433,0.0,0.0,0.0,0.15,1.6458956109521632,0.6601155159881423,0.01694915254237288,0.08620689655172414,1.1530055634701528
sf_fifo21,9,0,/apdcephfs_gy2/share_303214315/cedricnie/develop/training-free/runs/v209_sf_protocol_budget_86f10607_sixnode/screen32/vbench_comparison/published/sf_fifo21/000009-0.mp4,477,60,16.0,29.8125,0.028878633521965236,0.0248813834844851,0.06579555137484677,0.09585682738061045,0.5027381552983139,0.42713987827301025,0.9135153234004967,1.2577805519104004,0.19539822535268192,0.16719186305999756,0.4581343978643417,0.5722247362136841,0.04271398782730103,1.0,0.0,0.0,0.33399003744125366,0.5339737236499786,0.6254802861052113,0.35303170472862555,0.3551863904345522,0.3878197194207075,0.39810090421303657,0.17611532789707648,0.17189786688859937,0.22093814944406695,0.22842315990809253,0.10247879715653153,0.10632654138513514,0.11034496410472973,0.11647487331081081,0.0,0.0,0.0,0.016666666666666666,2.644368686969271,1.0725629264976309,0.1016949152542373,0.017241379310344827,1.858465806733451
sf_fifo21,10,0,/apdcephfs_gy2/share_303214315/cedricnie/develop/training-free/runs/v209_sf_protocol_budget_86f10607_sixnode/screen32/vbench_comparison/published/sf_fifo21/000010-0.mp4,477,60,16.0,29.8125,0.05626150472253689,0.04905811010622511,0.11448755226883228,0.15658349429859836,1.6936091977660939,1.4587112665176392,4.229302501678465,5.838641166687012,0.8474944634684201,0.5124173760414124,2.7830621063709255,4.105263829231262,0.1458711266517639,1.0,0.0,0.0,0.9603604078292847,1.666876196861267,0.5761438129824196,0.29481184654323445,0.28494365229199786,0.40541094288222046,0.4086994278285639,0.18333550088504236,0.17311074702972118,0.2336319169643284,0.2357485085620344,0.11081520974099099,0.10458456503378379,0.15915461359797295,0.16374577702702703,0.0,0.0,0.0,0.0,2.3337130603061014,1.9078910064326098,0.0847457627118644,0.15517241379310345,2.1208020333693556
sf_fifo21,11,0,/apdcephfs_gy2/share_303214315/cedricnie/develop/training-free/runs/v209_sf_protocol_budget_86f10607_sixnode/screen32/vbench_comparison/published/sf_fifo21/000011-0.mp4,477,60,16.0,29.8125,0.03992441515860744,0.03444051929548675,0.08790670133104508,0.09546279159246707,0.7050794952754247,0.3414573073387146,3.53921627998352,3.825343370437622,0.17862576657328114,0.11934239789843559,0.4395477727055546,1.0319643020629883,0.03414573073387146,1.0,0.0,0.0,0.27327269315719604,0.3600936830043793,0.7588933270841983,0.32906852049659957,0.33627911574258085,0.4014605069223635,0.40374726748807627,0.17468049811351885,0.16928047990489387,0.22365853054809195,0.22645001586120908,0.20208553279842342,0.2021880278716216,0.2118256440033784,0.21326013513513514,0.0,0.0,0.0,0.05,2.5524209021599975,1.2872700723008321,0.0847457627118644,0.06896551724137931,1.9198454872304147
sf_fifo21,12,0,/apdcephfs_gy2/share_303214315/cedricnie/develop/training-free/runs/v209_sf_protocol_budget_86f10607_sixnode/screen32/vbench_comparison/published/sf_fifo21/000012-0.mp4,477,60,16.0,29.8125,0.012707280328242872,0.011497768701291551,0.024170372719858203,0.0363189136280733,0.09882287125466234,0.09493312239646912,0.17591775506734847,0.2524232268333435,0.04532850199732287,0.04464701749384403,0.09741196259856223,0.1865190640091896,0.02,1.0,0.0,0.0,0.11294467002153397,0.08529235795140266,1.3242062094928464,0.31982233152269923,0.32370976790209327,0.45005627525503444,0.4530416790871754,0.17986185634467403,0.18300601808370187,0.22241722914347936,0.2231570549847763,0.16543672578828825,0.1703441722972973,0.19975717905405405,0.20431271114864866,0.0,0.0,0.0,0.0,2.102179418267749,1.0261114365515203,0.06779661016949153,0.017241379310344827,1.5641454274096347
sf_fifo21,13,0,/apdcephfs_gy2/share_303214315/cedricnie/develop/training-free/runs/v209_sf_protocol_budget_86f10607_sixnode/screen32/vbench_comparison/published/sf_fifo21/000013-0.mp4,477,60,16.0,29.8125,0.019712268414787376,0.01791109758264878,0.03439615586224723,0.045549112207749314,0.24996106957985184,0.21152418851852417,0.6238134026527404,0.8250732421875,0.07834737747907639,0.05830160528421402,0.1915568396449089,0.34296029806137085,0.021152418851852418,1.0,0.0,0.0,0.1729283332824707,0.2202240601181984,0.7852381487729216,0.3572778385002649,0.3586443118210122,0.4453417502980922,0.4508036069157393,0.1744729305504754,0.167262721359639,0.22327329989544697,0.22552461254155656,0.16038015554617113,0.17191459037162163,0.18722022804054053,0.19108952702702703,0.0,0.0,0.0,0.0,1.9203823609094848,0.9056025270042976,0.1016949152542373,0.08620689655172414,1.4129924439568913
sf_fifo21,14,0,/apdcephfs_gy2/share_303214315/cedricnie/develop/training-free/runs/v209_sf_protocol_budget_86f10607_sixnode/screen32/vbench_comparison/published/sf_fifo21/000014-0.mp4,477,60,16.0,29.8125,0.022586972359289317,0.01900782865636489,0.05169828639310948,0.06260288462919347,0.4555421807503296,0.37621384859085083,1.074080157279968,1.5074115991592407,0.2826315100336897,0.22830969095230103,0.8562220916151999,1.046494483947754,0.03762138485908509,1.0,0.0,0.0,0.2900429368019104,0.44577568769454956,0.6506477244237937,0.356282690088986,0.3598640057796767,0.38985629988904347,0.39132924284578696,0.1692430180855852,0.1522098783942502,0.2385421773553808,0.24506899800295256,0.08042827984234235,0.08303420608108109,0.09556587837837838,0.09826330236486487,0.0,0.0,0.0,0.03333333333333333,2.719841772973789,2.2758920088196413,0.11864406779661017,0.08620689655172414,2.497866890896715
sf_fifo21,15,0,/apdcephfs_gy2/share_303214315/cedricnie/develop/training-free/runs/v209_sf_protocol_budget_86f10607_sixnode/screen32/vbench_comparison/published/sf_fifo21/000015-0.mp4,477,60,16.0,29.8125,0.21249568846662326,0.1880769318225337,0.34098756079580256,0.4613245047774969,5.190130502490674,5.152626037597656,7.717547369003296,10.196331024169922,1.3376402484959569,1.007443904876709,3.6294206857681264,4.955935001373291,0.5152626037597656,1.0,0.0,0.0,6.392038822174072,4.954731464385986,1.2900878419182307,0.42249535093457435,0.4205813005100689,0.5528198488010068,0.6346945175874403,0.2735583890127517,0.27609774559029593,0.31083628433428356,0.3422227970862542,0.1641658748592342,0.16459037162162163,0.2202346389358108,0.23007284628378377,0.0,0.0,0.0,0.0,1.8130217113364695,0.7043827087945035,0.1016949152542373,0.1206896551724138,1.2587022100654865
sf_fifo21,16,0,/apdcephfs_gy2/share_303214315/cedricnie/develop/training-free/runs/v209_sf_protocol_budget_86f10607_sixnode/screen32/vbench_comparison/published/sf_fifo21/000016-0.mp4,477,60,16.0,29.8125,0.017894932129486882,0.016580862157485065,0.02948435203701842,0.048743457420199525,0.1331028481156139,0.12904420495033264,0.21068448424339295,0.26846909523010254,0.04805533716390873,0.04425778239965439,0.09570157900452614,0.12088195234537125,0.02,1.0,0.0,0.0,0.1368366926908493,0.12605049461126328,1.085570454228287,0.40069189133986927,0.37445986312599366,0.5561302869965554,0.5574053143216746,0.2727506506682854,0.27765443640229626,0.28278383020291825,0.283966505862615,0.12794728322072071,0.12955289273648649,0.13665936444256754,0.13774809966216217,0.0,0.0,0.0,0.0,1.7782158585588603,0.7416185720339815,0.06779661016949153,0.034482758620689655,1.2599172152964209
sf_fifo21,17,0,/apdcephfs_gy2/share_303214315/cedricnie/develop/training-free/runs/v209_sf_protocol_budget_86f10607_sixnode/screen32/vbench_comparison/published/sf_fifo21/000017-0.mp4,477,60,16.0,29.8125,0.046307288170177784,0.04639763925589767,0.06662008098527494,0.07123441509172028,1.0688125051684298,1.0598011016845703,1.763905525207518,2.165822982788086,0.34608912365189914,0.3071613013744354,0.8011966854333876,1.0049035549163818,0.10598011016845704,1.0,0.0,0.0,0.7565299272537231,1.1387885212898254,0.6643287257557312,0.40675051545111285,0.4177158373906995,0.4748510108224033,0.476916277490726,0.1870583704964301,0.18096256811186465,0.23868648004796603,0.2427627547052619,0.10955667581644143,0.11011402027027027,0.11955500422297297,0.12238703547297297,0.0,0.0,0.0,0.0,1.4358506608028936,0.7559877831414528,0.05084745762711865,0.05172413793103448,1.0959192219721732
sf_fifo21,18,0,/apdcephfs_gy2/share_303214315/cedricnie/develop/training-free/runs/v209_sf_protocol_budget_86f10607_sixnode/screen32/vbench_comparison/published/sf_fifo21/000018-0.mp4,477,60,16.0,29.8125,0.045174448479842255,0.039782269795735674,0.09023782243915617,0.16132294897939645,0.6449800522650703,0.3490599989891052,1.8079111814498878,5.668283462524414,0.38771522738810243,0.16099992394447327,1.2768133342266068,4.807563900947571,0.03490599989891052,1.0,0.0,0.0,0.1029755249619484,0.47140491008758545,0.21844389559458743,0.2473079013066375,0.2415243483373079,0.2878596410058956,0.3262269392554319,0.24083225066552355,0.24223533612070297,0.2830425297260824,0.285392599279046,0.19460339245495498,0.19450749577702703,0.23996779983108107,0.2490234375,0.0,0.0,0.0,0.0,2.2682924554704242,3.6578620808007805,0.06779661016949153,0.1206896551724138,2.9630772681356023
sf_fifo21,19,0,/apdcephfs_gy2/share_303214315/cedricnie/develop/training-free/runs/v209_sf_protocol_budget_86f10607_sixnode/screen32/vbench_comparison/published/sf_fifo21/000019-0.mp4,477,60,16.0,29.8125,0.032165793312392235,0.02264217301910999,0.0861976354262408,0.14591282863242955,0.7204131188534074,0.1828034371137619,3.4492077350616435,5.582254409790039,0.2942010011395504,0.08142390102148056,1.510439896583557,2.5856399536132812,0.02,1.0,0.0,0.0,0.17032861709594727,0.18475530296564102,0.9219146317419821,0.4024357204171082,0.4027959082704028,0.5092947893895734,0.5172724769806571,0.20584558125798716,0.20678580049966144,0.22209089573093946,0.22620260704606407,0.17776208826013515,0.16955236486486486,0.22617583403716215,0.23002005912162163,0.0,0.0,0.0,0.0,3.8069506559061277,8.262644950398732,0.2033898305084746,0.2413793103448276,6.03479780315243
sf_fifo21,20,0,/apdcephfs_gy2/share_303214315/cedricnie/develop/training-free/runs/v209_sf_protocol_budget_86f10607_sixnode/screen32/vbench_comparison/published/sf_fifo21/000020-0.mp4,477,60,16.0,29.8125,0.06301003887471902,0.0652139850691253,0.09375718434651692,0.09915105782303156,0.5697504754288721,0.39847296476364136,1.4157084107398987,2.3473353385925293,0.1679116150942342,0.0810130313038826,0.4353856921195982,1.6127710938453674,0.03984729647636414,1.0,0.0,0.0,0.2147747278213501,0.5792909860610962,0.3707544791637728,0.35086169349496554,0.360290080981717,0.39573934113341286,0.4202542271131426,0.28274128823778544,0.28729793264012277,0.3029608487308605,0.30872243729545285,0.19876346072635134,0.21015888935810811,0.21952861064189189,0.22199641047297297,0.0,0.0,0.0,0.0,1.4376852487566354,1.092635462428052,0.0,0.1724137931034483,1.2651603555923439
sf_fifo21,21,0,/apdcephfs_gy2/share_303214315/cedricnie/develop/training-free/runs/v209_sf_protocol_budget_86f10607_sixnode/screen32/vbench_comparison/published/sf_fifo21/000021-0.mp4,477,60,16.0,29.8125,0.12990315374879594,0.13578679701861213,0.22189435622271367,0.2448407341452206,5.35718104798915,6.027853012084961,8.361321926116942,11.195870399475098,1.8186947395061623,1.4951897859573364,5.449694895744323,7.431026458740234,0.6027853012084962,1.0,0.0,0.0,3.4217233657836914,6.1188576221466064,0.5592095088794187,0.17379622499337574,0.15960741876987283,0.31366039637983567,0.3481639382949126,0.16888672667528126,0.15976935093336636,0.26535059142838274,0.26881211821971135,0.10895666173986487,0.09641575168918919,0.20413455447635134,0.21199324324324326,0.0,0.0,0.0,0.0,1.6341379360491055,0.9040855649297493,0.0,0.08620689655172414,1.2691117504894274
sf_fifo21,22,0,/apdcephfs_gy2/share_303214315/cedricnie/develop/training-free/runs/v209_sf_protocol_budget_86f10607_sixnode/screen32/vbench_comparison/published/sf_fifo21/000022-0.mp4,477,60,16.0,29.8125,0.10431619671421932,0.10642616421568628,0.1717143099915746,0.2405089733647365,4.327717247655836,3.6049633026123047,10.177420234680175,13.978860855102539,1.1439046941954514,0.8760428428649902,2.8957439184188836,6.60295295715332,0.3604963302612305,1.0,0.0,0.0,3.662562847137451,3.470353841781616,1.0553859963908345,0.43378525354398517,0.4107503643349232,0.5727932585618707,0.6132673804319024,0.27706923149931484,0.28115502773266693,0.3234626183791681,0.3352872848466339,0.0651393581081081,0.06056007179054054,0.09734876478040541,0.09908150337837837,0.0,0.0,0.0,0.06666666666666667,1.6134595403022656,0.803265851921574,0.05084745762711865,0.1206896551724138,1.2083626961119198
sf_fifo21,23,0,/apdcephfs_gy2/share_303214315/cedricnie/develop/training-free/runs/v209_sf_protocol_budget_86f10607_sixnode/screen32/vbench_comparison/published/sf_fifo21/000023-0.mp4,477,60,16.0,29.8125,0.03789515652185898,0.03044101116704006,0.09109038783054726,0.1540385227577359,0.6573690266932471,0.2355508655309677,2.7733398675918575,3.533358097076416,0.2595507862239048,0.07817260175943375,1.2411108136177063,1.4185404777526855,0.023555086553096773,1.0,0.0,0.0,0.12765607237815857,0.3365342766046524,0.37932561778283297,0.2307842964747836,0.24102462986883944,0.28074766287427133,0.29680834326974037,0.2299859532133295,0.23358612209559754,0.26905403959395985,0.27372130009527923,0.17940596846846846,0.20098711993243243,0.22012906461148646,0.22526921452702703,0.0,0.0,0.0,0.0,2.992357492026257,5.268971569346826,0.11864406779661017,0.25862068965517243,4.130664530686541
sf_fifo21,24,0,/apdcephfs_gy2/share_303214315/cedricnie/develop/training-free/runs/v209_sf_protocol_budget_86f10607_sixnode/screen32/vbench_comparison/published/sf_fifo21/000024-0.mp4,477,60,16.0,29.8125,0.024926901481681665,0.020489700167786843,0.046800788430606616,0.09387845058067172,0.4635283406508171,0.3812011778354645,1.2264249682426451,1.4522688388824463,0.16752492096917382,0.10850977897644043,0.5066095829010007,0.7902405560016632,0.03812011778354645,1.0,0.0,0.0,0.26418066024780273,0.4616958647966385,0.5721962884899683,0.280829243190801,0.27954130026165874,0.29822733464162693,0.36026503295574985,0.19906250825916152,0.19718543271397046,0.22397116806649162,0.24215730171716296,0.13110219594594594,0.13046347128378377,0.1823928420608108,0.18924197635135134,0.0,0.0,0.0,0.0,2.284112898059148,1.3289822077088793,0.15254237288135594,0.13793103448275862,1.8065475528840136
sf_fifo21,25,0,/apdcephfs_gy2/share_303214315/cedricnie/develop/training-free/runs/v209_sf_protocol_budget_86f10607_sixnode/screen32/vbench_comparison/published/sf_fifo21/000025-0.mp4,477,60,16.0,29.8125,0.029017438013793705,0.024903016931870404,0.05419400084252451,0.06450404746859681,1.5199487280037443,1.1664726734161377,3.0711436271667445,4.063865661621094,0.5131455885952917,0.37374481558799744,1.5348229169845578,2.633417844772339,0.11664726734161378,1.0,0.0,0.0,0.7750690579414368,1.4949858784675598,0.5184457385884633,0.05467409447590973,0.04617582886195019,0.09265915329391891,0.11163967276099629,0.06415415771176428,0.052374105745626995,0.10680743889473206,0.11893384142200127,0.04042352899774775,0.03490551097972973,0.07331740920608107,0.08712521114864864,0.08333333333333333,0.0,0.0,0.13333333333333333,2.176202224444865,1.3157812882917075,0.06779661016949153,0.15517241379310345,1.7459917563682863
sf_fifo21,26,0,/apdcephfs_gy2/share_303214315/cedricnie/develop/training-free/runs/v209_sf_protocol_budget_86f10607_sixnode/screen32/vbench_comparison/published/sf_fifo21/000026-0.mp4,477,60,16.0,29.8125,0.05713997343601519,0.05583205129586014,0.09429957745121965,0.14233788882984835,1.776460824281735,1.1190800666809082,4.799801778793334,7.780179977416992,0.7854486655379678,0.3888178765773773,2.6892912834882736,4.164925575256348,0.11190800666809082,0.8135593220338984,0.1864406779661017,0.1016949152542373,1.1190800666809082,1.010309636592865,1.107660489565216,0.07868076256403461,0.06797728909976153,0.15102340334360093,0.17229408866587176,0.1471968730965712,0.14245029895807848,0.22500928132467202,0.23958699879698384,0.06871216920045045,0.06405722128378377,0.10887088260135133,0.2253220016891892,0.016666666666666666,0.0,0.0,0.05,1.6889864381216424,2.4031267856146092,0.05084745762711865,0.22413793103448276,2.046056611868126
sf_fifo21,27,0,/apdcephfs_gy2/share_303214315/cedricnie/develop/training-free/runs/v209_sf_protocol_budget_86f10607_sixnode/screen32/vbench_comparison/published/sf_fifo21/000027-0.mp4,477,60,16.0,29.8125,0.03954839617677527,0.036132191676719515,0.06424608567181754,0.07367172989190794,0.8461291087886035,0.6675094962120056,1.765629780292511,1.8978183269500732,0.22876920782286544,0.1342790126800537,0.7210994899272919,1.0659881830215454,0.06675094962120057,1.0,0.0,0.0,0.6308642625808716,0.7718728184700012,0.817316334355917,0.36300302887906283,0.35761356485161633,0.4605406026430842,0.4816353462837838,0.1774169369884504,0.16246470639468466,0.25817037599858766,0.262337330741986,0.10042009783220723,0.1065772804054054,0.12946975295608107,0.13186233108108109,0.0,0.0,0.0,0.0,1.7780843810039957,1.0802834926235503,0.05084745762711865,0.1724137931034483,1.4291839368137729
sf_fifo21,28,0,/apdcephfs_gy2/share_303214315/cedricnie/develop/training-free/runs/v209_sf_protocol_budget_86f10607_sixnode/screen32/vbench_comparison/published/sf_fifo21/000028-0.mp4,477,60,16.0,29.8125,0.04707977682223309,0.02802439296946806,0.12751357209448708,0.16308665556066176,2.7354613135931856,0.6623295545578003,10.178703880310056,15.09615707397461,0.6046759540150906,0.10568076372146606,2.740847921371459,4.562160491943359,0.06623295545578003,1.0,0.0,0.0,0.17881886661052704,1.4137519598007202,0.1264853182843566,0.30630953046336784,0.29265606369236885,0.3939972043504901,0.43806461562665605,0.26777156481551334,0.2768307858790673,0.3058304208308268,0.3121347979474946,0.04966876055743243,0.038481841216216214,0.11566063133445939,0.14688027871621623,0.0,0.0,0.0,0.2,4.550092208363272,4.138193596390798,0.23728813559322035,0.3103448275862069,4.344142902377035
sf_fifo21,29,0,/apdcephfs_gy2/share_303214315/cedricnie/develop/training-free/runs/v209_sf_protocol_budget_86f10607_sixnode/screen32/vbench_comparison/published/sf_fifo21/000029-0.mp4,477,60,16.0,29.8125,0.03486983456774857,0.031183859881232765,0.057037399516386075,0.07077102661132813,1.072971858968169,0.5945765376091003,3.72505769729614,7.280393600463867,0.5763398521933062,0.3215903639793396,1.8825817883014666,4.599628448486328,0.059457653760910036,1.0,0.0,0.0,0.482695072889328,0.6899870038032532,0.6995712531231478,0.3707872342701156,0.3625074005531267,0.46361625699688663,0.47040265219263383,0.1607068077814528,0.1531404016028134,0.19648239129276887,0.19997655629533723,0.09832004856418922,0.091796875,0.13870222761824322,0.14556059966216217,0.0,0.0,0.0,0.08333333333333333,1.8290679772683505,3.166256434994337,0.13559322033898305,0.1724137931034483,2.497662206131344
sf_fifo21,30,0,/apdcephfs_gy2/share_303214315/cedricnie/develop/training-free/runs/v209_sf_protocol_budget_86f10607_sixnode/screen32/vbench_comparison/published/sf_fifo21/000030-0.mp4,477,60,16.0,29.8125,0.07262220278100026,0.06520529354319853,0.11664354361739813,0.12613151400696998,1.2839688441510928,1.045060396194458,3.0796485900878894,3.8835811614990234,0.6273000630839117,0.3265087306499481,1.7596265614032742,2.795703411102295,0.10450603961944581,1.0,0.0,0.0,1.5681736469268799,0.934923529624939,1.6773282490344215,0.3671299757938085,0.3647796291236089,0.4022393815000662,0.44542004090487547,0.18356840227480595,0.18101279661044128,0.21474644030347143,0.2377685103907421,0.08973949535472973,0.08626741976351351,0.12390202702702702,0.13244298986486486,0.0,0.0,0.0,0.08333333333333333,1.7888661683598088,1.6837558554614431,0.11864406779661017,0.20689655172413793,1.736311011910626
sf_fifo21,31,0,/apdcephfs_gy2/share_303214315/cedricnie/develop/training-free/runs/v209_sf_protocol_budget_86f10607_sixnode/screen32/vbench_comparison/published/sf_fifo21/000031-0.mp4,477,60,16.0,29.8125,0.028953965504964194,0.02727667864631204,0.04986313801185755,0.05738627115885417,0.3170650079846382,0.27014756202697754,0.7019912898540491,0.9414581060409546,0.16974769327147254,0.11617700755596161,0.5078764650970696,0.7883026003837585,0.027014756202697755,1.0,0.0,0.0,0.19467437267303467,0.29444362223148346,0.6611600930516575,0.2846068753726153,0.28837311001258614,0.31342310773549287,0.3196918885797562,0.214171020898919,0.21212821520944009,0.23659822474375103,0.23769076589242527,0.1956890484234234,0.1891891891891892,0.24122017525337838,0.24746621621621623,0.0,0.0,0.0,0.0,1.828050205760639,1.879996477800351,0.0847457627118644,0.10344827586206896,1.854023341780495
sf_sink1_13,0,0,/apdcephfs_gy2/share_303214315/cedricnie/develop/training-free/runs/v209_sf_protocol_budget_86f10607_sixnode/screen32/vbench_comparison/published/sf_sink1_13/000000-0.mp4,477,60,16.0,29.8125,0.07170043367212815,0.06830762227376302,0.11644407085343893,0.17007857677983304,1.7425861282873962,1.4453067779541016,3.5869396686553934,4.506588935852051,0.430239324939662,0.2311840057373047,1.5223750174045554,3.3868725299835205,0.14453067779541015,1.0,0.0,0.0,1.2220728397369385,1.5765352249145508,0.7751636756503019,0.34577796546546546,0.31460729456478537,0.4781780924996688,0.4929185504438262,0.2577718608069286,0.2646171857056817,0.304278284811098,0.3103779757478828,0.11915602125563063,0.12002480996621621,0.14699377111486486,0.14814717060810811,0.0,0.0,0.0,0.0,1.7047009832483238,1.0533231011062907,0.13559322033898305,0.1896551724137931,1.3790120421773073
sf_sink1_13,1,0,/apdcephfs_gy2/share_303214315/cedricnie/develop/training-free/runs/v209_sf_protocol_budget_86f10607_sixnode/screen32/vbench_comparison/published/sf_sink1_13/000001-0.mp4,477,60,16.0,29.8125,0.06523317360489739,0.06314959058574601,0.08743721606684664,0.09374875835343903,1.2683662337771917,1.2027870416641235,2.2180529832839957,2.661471366882324,0.3392967088469144,0.279313325881958,0.8165556415915489,1.3444740772247314,0.12027870416641236,1.0,0.0,0.0,1.1805905103683472,1.2070269584655762,0.9780978809861578,0.5066590746306968,0.5199297930743243,0.5906692014854928,0.5965724571078431,0.2271015011676091,0.22170886786576122,0.2623273715737211,0.26583476979100923,0.1788063942849099,0.1719145903716216,0.21477380701013513,0.21922508445945946,0.0,0.0,0.0,0.25,1.384604638855454,0.6788862976623012,0.05084745762711865,0.10344827586206896,1.0317454682588776
sf_sink1_13,2,0,/apdcephfs_gy2/share_303214315/cedricnie/develop/training-free/runs/v209_sf_protocol_budget_86f10607_sixnode/screen32/vbench_comparison/published/sf_sink1_13/000002-0.mp4,477,60,16.0,29.8125,0.050242522801620774,0.04017299577301624,0.11026614843630315,0.13037042056812959,1.232792261545941,0.6570403575897217,5.242200136184689,6.709677696228027,0.6700122484873081,0.2555406242609024,2.765762859582898,5.252060115337372,0.06570403575897217,1.0,0.0,0.0,1.36671781539917,0.6264646053314209,2.1816361271936984,0.3498063832444577,0.35753402184353467,0.44175011178457874,0.4507015517355591,0.23240460959974513,0.236996269399701,0.2546091952403802,0.2565617357989838,0.14189365146396396,0.14278927364864863,0.15901472761824323,0.16461676520270271,0.0,0.0,0.0,0.016666666666666666,2.74478281528528,4.209426145037401,0.22033898305084745,0.1724137931034483,3.4771044801613407
sf_sink1_13,3,0,/apdcephfs_gy2/share_303214315/cedricnie/develop/training-free/runs/v209_sf_protocol_budget_86f10607_sixnode/screen32/vbench_comparison/published/sf_sink1_13/000003-0.mp4,477,60,16.0,29.8125,0.09925899689440794,0.09418171901328891,0.1379010503432329,0.1595726910759421,1.545906938738742,1.2476452589035034,3.0856939077377317,5.965335845947266,0.5141320557429873,0.28931570053100586,1.6472978889942167,3.1243820190429688,0.12476452589035035,1.0,0.0,0.0,0.9516001343727112,1.5801831483840942,0.6022087600072332,0.35021592881944447,0.3416169846316905,0.44136867278583725,0.4624544581346052,0.21753272914990845,0.20933384064582305,0.2530807203923284,0.2643477580884283,0.18696596987612615,0.18435916385135137,0.21824324324324323,0.22334248310810811,0.0,0.0,0.0,0.0,1.4642018832102148,1.3203255310263025,0.05084745762711865,0.1724137931034483,1.3922637071182586
sf_sink1_13,4,0,/apdcephfs_gy2/share_303214315/cedricnie/develop/training-free/runs/v209_sf_protocol_budget_86f10607_sixnode/screen32/vbench_comparison/published/sf_sink1_13/000004-0.mp4,477,60,16.0,29.8125,0.1111674335716808,0.1015464558320887,0.17743172888662298,0.21043591966816022,4.726081856226517,4.575889587402344,8.594373416900634,10.463924407958984,1.1162345203860053,0.7216354608535767,3.6799349308013913,5.076342582702637,0.4575889587402344,1.0,0.0,0.0,2.2131705284118652,5.421998500823975,0.4081835375047655,0.30418295995903993,0.29307427257220453,0.411769782765302,0.43110043637387385,0.2834369044782967,0.28902509695141565,0.3284239941392762,0.3384639776468199,0.0921875,0.08950063344594594,0.12129434121621621,0.15569573479729729,0.0,0.0,0.0,0.03333333333333333,1.7472961260215103,0.8042009887940563,0.1016949152542373,0.1896551724137931,1.2757485574077834
sf_sink1_13,5,0,/apdcephfs_gy2/share_303214315/cedricnie/develop/training-free/runs/v209_sf_protocol_budget_86f10607_sixnode/screen32/vbench_comparison/published/sf_sink1_13/000005-0.mp4,477,60,16.0,29.8125,0.10994000648810405,0.11629498051662071,0.17215551937327664,0.19699464685776655,1.7333997914851722,1.6569161415100098,3.493136096000669,5.77794885635376,0.5707590161212559,0.37558770179748535,1.8252379596233366,4.104422330856323,0.16569161415100098,1.0,0.0,0.0,1.7158162593841553,1.642093300819397,1.0448957184880852,0.4620738316441442,0.45749225788288284,0.49129628709591944,0.5009653840421303,0.26416484452089345,0.2535375932506935,0.3171769337632495,0.3265246851785822,0.1572415188626126,0.1477248733108108,0.19935071790540537,0.2099609375,0.0,0.0,0.0,0.18333333333333332,1.4803349087682458,1.1015874092215245,0.03389830508474576,0.1206896551724138,1.290961158994885
sf_sink1_13,6,0,/apdcephfs_gy2/share_303214315/cedricnie/develop/training-free/runs/v209_sf_protocol_budget_86f10607_sixnode/screen32/vbench_comparison/published/sf_sink1_13/000006-0.mp4,477,60,16.0,29.8125,0.09177962823261172,0.09302775065104167,0.13491601532580802,0.15232935886757046,1.377963933399168,1.0527715682983398,2.989100646972656,5.037374496459961,0.5140578849562283,0.2531413435935974,2.1173135340213776,2.7045722007751465,0.10527715682983399,1.0,0.0,0.0,1.544344425201416,1.0336384773254395,1.4940856586506324,0.3794544446790541,0.36075678159777425,0.47302365899907256,0.4995269856253312,0.20270440277532223,0.1990184724764429,0.24868970201312243,0.25164767554452544,0.18212670678490991,0.18286792652027029,0.19505516258445946,0.19892842060810811,0.0,0.0,0.0,0.0,1.4502770880905664,2.0111803906746104,0.03389830508474576,0.1724137931034483,1.7307287393825885
sf_sink1_13,7,0,/apdcephfs_gy2/share_303214315/cedricnie/develop/training-free/runs/v209_sf_protocol_budget_86f10607_sixnode/screen32/vbench_comparison/published/sf_sink1_13/000007-0.mp4,477,60,16.0,29.8125,0.06048734109637032,0.05574862536262063,0.08724430533016425,0.11989786484662224,0.8296154727370052,0.8131399154663086,1.4604238986968994,2.0030033588409424,0.2932578633571493,0.23854833841323853,0.768723428249359,1.5622057914733887,0.08131399154663087,1.0,0.0,0.0,0.6699467301368713,0.8383790254592896,0.7990976751474121,0.305876751636747,0.3034004765335188,0.3681111252566905,0.37055821906465286,0.22402061665997933,0.2165865042651943,0.2691942676825776,0.2721461740353581,0.14767384572072073,0.15048300253378377,0.16853885135135135,0.18575802364864866,0.0,0.0,0.0,0.06666666666666667,1.564958862441502,0.9453765749631438,0.06779661016949153,0.08620689655172414,1.255167718702323
sf_sink1_13,8,0,/apdcephfs_gy2/share_303214315/cedricnie/develop/training-free/runs/v209_sf_protocol_budget_86f10607_sixnode/screen32/vbench_comparison/published/sf_sink1_13/000008-0.mp4,477,60,16.0,29.8125,0.16467394412019473,0.16381005679859834,0.23941703796386718,0.2600405225566789,6.719871807906587,6.672221660614014,9.31080284118652,10.304780006408691,1.758511000666125,1.5683443546295166,4.3663963794708245,5.484005928039551,0.6672221660614014,1.0,0.0,0.0,5.894682884216309,7.178016662597656,0.8212133185663404,0.35109599604199787,0.3734779184055379,0.47237630725854535,0.5286753320416003,0.21255241918440151,0.2138430002002823,0.2927421756978632,0.301826942674889,0.07524326083896397,0.07114389780405406,0.11693280194256757,0.12420819256756757,0.0,0.0,0.0,0.03333333333333333,1.4615527437257796,0.6544141669101871,0.01694915254237288,0.034482758620689655,1.0579834553179834
sf_sink1_13,9,0,/apdcephfs_gy2/share_303214315/cedricnie/develop/training-free/runs/v209_sf_protocol_budget_86f10607_sixnode/screen32/vbench_comparison/published/sf_sink1_13/000009-0.mp4,477,60,16.0,29.8125,0.040230354291333356,0.03702843609978171,0.08021306654986211,0.090777774885589,0.6866961116507903,0.6754263043403625,1.1264483332633972,1.1553399562835693,0.2303653451903113,0.22929644584655762,0.47812480926513673,0.5714447498321533,0.06754263043403626,1.0,0.0,0.0,0.6617676615715027,0.6948156952857971,0.952436259084935,0.3726219141936053,0.3740176930147059,0.38714475792428454,0.39207426636195014,0.20023207418834948,0.20657705258634496,0.22382238561491405,0.22839616164817372,0.11140070734797297,0.11209353885135134,0.13905722128378376,0.15099767736486486,0.0,0.0,0.0,0.06666666666666667,2.166255856275145,0.7078859768899359,0.13559322033898305,0.0,1.4370709165825404
sf_sink1_13,10,0,/apdcephfs_gy2/share_303214315/cedricnie/develop/training-free/runs/v209_sf_protocol_budget_86f10607_sixnode/screen32/vbench_comparison/published/sf_sink1_13/000010-0.mp4,477,60,16.0,29.8125,0.09259963975312425,0.0864321465585746,0.15455769856770826,0.20133810604319852,2.9839003419472,2.3960416316986084,6.768272829055783,8.200199127197266,1.7524580195032318,1.513954907655716,4.059385621547698,6.654643476009369,0.23960416316986086,1.0,0.0,0.0,3.1833529472351074,2.0178996920585632,1.577557576208164,0.3581347966762719,0.3507735906862745,0.40805118077636465,0.43557595969130897,0.23014410904677987,0.2258626456694435,0.2967403657821463,0.30202992256632516,0.13085101703265764,0.12922297297297297,0.1566947318412162,0.16395692567567569,0.0,0.0,0.0,0.21666666666666667,1.788196923501898,1.6942049619855344,0.01694915254237288,0.05172413793103448,1.741200942743716
sf_sink1_13,11,0,/apdcephfs_gy2/share_303214315/cedricnie/develop/training-free/runs/v209_sf_protocol_budget_86f10607_sixnode/screen32/vbench_comparison/published/sf_sink1_13/000011-0.mp4,477,60,16.0,29.8125,0.05956878433912131,0.05691501393037684,0.09432852950750611,0.09748960756788067,1.2109065419536527,0.9455417394638062,3.5470145702362057,3.8222861289978027,0.38259719877407466,0.28359532356262207,0.9762202203273772,1.8306121230125427,0.09455417394638062,1.0,0.0,0.0,0.9497047662734985,0.8979701399803162,1.0576128581450563,0.3330078332008479,0.33214546692832536,0.4011346134737679,0.40346066424880767,0.17779451075754607,0.1722413116954573,0.2235411635540549,0.22643581600980647,0.18269284909909908,0.18742081925675674,0.20319758234797297,0.2052100929054054,0.0,0.0,0.0,0.0,1.6573575756811127,1.0324454009623818,0.1016949152542373,0.10344827586206896,1.3449014883217472
sf_sink1_13,12,0,/apdcephfs_gy2/share_303214315/cedricnie/develop/training-free/runs/v209_sf_protocol_budget_86f10607_sixnode/screen32/vbench_comparison/published/sf_sink1_13/000012-0.mp4,477,60,16.0,29.8125,0.022487878252715914,0.015781913084142347,0.06609363331514244,0.08380821078431372,0.5245081644063279,0.37551093101501465,1.5621960639953612,2.204559803009033,0.29919081463895997,0.13490845263004303,1.0038525462150572,1.1847240924835205,0.03755109310150147,1.0,0.0,0.0,1.2780022621154785,0.0858657956123352,14.883717701579007,0.3895702969743641,0.39366466075450446,0.4500486987447006,0.45304012652358244,0.1601685359192235,0.1495058373151038,0.22216482212827843,0.2231563099832829,0.1335893510698198,0.1360061233108108,0.15258393158783784,0.15392736486486486,0.0,0.0,0.0,0.0,4.187935452613363,2.673297801216121,0.11864406779661017,0.25862068965517243,3.430616626914742
sf_sink1_13,13,0,/apdcephfs_gy2/share_303214315/cedricnie/develop/training-free/runs/v209_sf_protocol_budget_86f10607_sixnode/screen32/vbench_comparison/published/sf_sink1_13/000013-0.mp4,477,60,16.0,29.8125,0.050388414767066604,0.046751003639370785,0.09554378808713423,0.11620286679735371,0.8175344358561403,0.704290509223938,1.643826675415039,2.7480268478393555,0.41820501407672617,0.28475096821784973,1.2175788521766662,2.1953662633895874,0.07042905092239381,1.0,0.0,0.0,0.9695852994918823,0.6382350027561188,1.5191666005544646,0.3946260046811517,0.3974166376854796,0.4454011927828564,0.45080422794117647,0.207635682064938,0.20487056854876004,0.2381362383680785,0.24716308158067032,0.13850031672297297,0.13946368243243246,0.16042942356418918,0.17929159628378377,0.0,0.0,0.0,0.016666666666666666,2.0436735182017185,1.7288020159725335,0.0847457627118644,0.10344827586206896,1.886237767087126
sf_sink1_13,14,0,/apdcephfs_gy2/share_303214315/cedricnie/develop/training-free/runs/v209_sf_protocol_budget_86f10607_sixnode/screen32/vbench_comparison/published/sf_sink1_13/000014-0.mp4,477,60,16.0,29.8125,0.030783801016992973,0.0268399949167289,0.07318402982225604,0.09366191789215686,0.4275758493754823,0.3974010646343231,0.8150224268436431,0.8732976913452148,0.22481486304052944,0.20612084865570068,0.5311057277023791,0.6751043796539307,0.03974010646343232,1.0,0.0,0.0,0.3313795328140259,0.4179636538028717,0.7928429417221949,0.38906154948606697,0.3881431235923424,0.41257726591481186,0.41582931736883944,0.2067240780845714,0.2105271154755473,0.23855180668347006,0.24506451927147743,0.08003105644707208,0.07961623733108109,0.1121120143581081,0.13442250844594594,0.0,0.0,0.0,0.13333333333333333,2.7266782296088183,1.3364476720541427,0.11864406779661017,0.05172413793103448,2.0315629508314803
sf_sink1_13,15,0,/apdcephfs_gy2/share_303214315/cedricnie/develop/training-free/runs/v209_sf_protocol_budget_86f10607_sixnode/screen32/vbench_comparison/published/sf_sink1_13/000015-0.mp4,477,60,16.0,29.8125,0.1686772171228421,0.16597650565353095,0.2266145653818167,0.27338170070274204,5.973854392261829,5.481184959411621,9.97581233978271,12.392642974853516,1.8559471163256416,1.3443905115127563,4.617382311820983,5.798239707946777,0.5481184959411621,1.0,0.0,0.0,7.1936564445495605,5.125441551208496,1.4035193597814832,0.40917739660616503,0.3994574307763646,0.5257584117895469,0.5465271222509274,0.2860366343753401,0.2805179312383188,0.3449917104060886,0.3601909585938618,0.18058444186373876,0.17626953125,0.22104888091216215,0.24728146114864866,0.0,0.0,0.0,0.0,1.3653412239854308,0.8424058567650738,0.05084745762711865,0.10344827586206896,1.1038735403752522
sf_sink1_13,16,0,/apdcephfs_gy2/share_303214315/cedricnie/develop/training-free/runs/v209_sf_protocol_budget_86f10607_sixnode/screen32/vbench_comparison/published/sf_sink1_13/000016-0.mp4,477,60,16.0,29.8125,0.031727675672146356,0.030315460878259995,0.051998926424512676,0.0665453592936198,0.24813679100598318,0.1991303563117981,0.5158720433712005,0.6087732315063477,0.08475297252679694,0.057804495096206665,0.25028869360685346,0.44566234946250916,0.02,1.0,0.0,0.0,0.2745054364204407,0.18084342777729034,1.5179176804727215,0.47413412148361606,0.4592197436406995,0.5561549882833202,0.5574053143216746,0.26193545116437633,0.2642370055433156,0.2864873998318002,0.2928099016720602,0.14845465582770273,0.13117609797297297,0.21350295608108108,0.21547719594594594,0.0,0.0,0.0,0.3,1.7152609565570702,1.2569087819787341,0.01694915254237288,0.13793103448275862,1.486084869267902
sf_sink1_13,17,0,/apdcephfs_gy2/share_303214315/cedricnie/develop/training-free/runs/v209_sf_protocol_budget_86f10607_sixnode/screen32/vbench_comparison/published/sf_sink1_13/000017-0.mp4,477,60,16.0,29.8125,0.0826739961263467,0.07194145053040747,0.13578865649653413,0.1635813095990349,2.5100741113646556,1.99241042137146,5.584098911285399,7.88647985458374,1.0318681515496353,0.637915849685669,2.6483898520469658,5.582552909851074,0.199241042137146,1.0,0.0,0.0,2.2499442100524902,1.8799155950546265,1.1968325684255583,0.3943177000529942,0.40306765865129834,0.47352251320714095,0.47691617398648645,0.23428030684733214,0.23054064756484724,0.2823929854072733,0.28515341874347117,0.12376566019144143,0.12288851351351351,0.15101351351351347,0.19444151182432431,0.0,0.0,0.0,0.06666666666666667,1.887488443663509,1.3292391083881039,0.1016949152542373,0.15517241379310345,1.6083637760258065
sf_sink1_13,18,0,/apdcephfs_gy2/share_303214315/cedricnie/develop/training-free/runs/v209_sf_protocol_budget_86f10607_sixnode/screen32/vbench_comparison/published/sf_sink1_13/000018-0.mp4,477,60,16.0,29.8125,0.06858393363914604,0.06485192541982614,0.11071119869456568,0.1613143621706495,1.0120974668001725,1.004144310951233,1.9098274111747728,3.3298778533935547,0.3185727837784537,0.1842166781425476,0.9769774109125136,2.141590118408203,0.1004144310951233,1.0,0.0,0.0,0.5144908428192139,1.0369282960891724,0.49616819673996954,0.2326259750099364,0.23287051412625862,0.2791894117233042,0.3262269392554319,0.2435427426936908,0.236764713898611,0.280240355606482,0.29008790083721253,0.1750681834177928,0.17260082347972971,0.23914695945945944,0.2458298141891892,0.0,0.0,0.0,0.06666666666666667,1.7071381917786472,0.9729452233683583,0.11864406779661017,0.15517241379310345,1.3400417075735027
sf_sink1_13,19,0,/apdcephfs_gy2/share_303214315/cedricnie/develop/training-free/runs/v209_sf_protocol_budget_86f10607_sixnode/screen32/vbench_comparison/published/sf_sink1_13/000019-0.mp4,477,60,16.0,29.8125,0.0656744203919309,0.060985838198194316,0.1158871160768995,0.12941765878714767,2.245252453232721,2.0555548667907715,4.397032356262207,4.907001495361328,0.6566149247489099,0.5052748918533325,1.9734055399894708,2.9332624673843384,0.20555548667907717,0.9830508474576272,0.01694915254237288,0.01694915254237288,1.9881219863891602,2.08746600151062,0.9524092775405355,0.43539682145380676,0.44296057316507687,0.49581104887056177,0.5037251175808161,0.23983631222950225,0.22729701193078788,0.3055770136028233,0.3136782951795371,0.16621885557432434,0.16645111908783783,0.2141654349662162,0.24044552364864866,0.0,0.0,0.0,0.06666666666666667,1.900229946832652,0.9600354492460929,0.06779661016949153,0.1206896551724138,1.4301326980393725
sf_sink1_13,20,0,/apdcephfs_gy2/share_303214315/cedricnie/develop/training-free/runs/v209_sf_protocol_budget_86f10607_sixnode/screen32/vbench_comparison/published/sf_sink1_13/000020-0.mp4,477,60,16.0,29.8125,0.08573334764586449,0.07480075312595741,0.1468234582040824,0.17694215961531096,0.9005584807719215,0.7281014323234558,1.8099063396453847,2.276210308074951,0.23114637979145708,0.15571707487106323,0.9300330281257629,1.2079914808273315,0.07281014323234558,1.0,0.0,0.0,1.2639350891113281,0.6440397799015045,1.962510901585344,0.3559927281371445,0.3510934705385532,0.42053634861883943,0.44292507121091684,0.2890159937453871,0.28901895043160875,0.3151141824939585,0.32760127005012996,0.20551141962274774,0.20517050253378377,0.24449561866554054,0.2551467483108108,0.0,0.0,0.0,0.0,1.9628606941543163,1.277339923859125,0.1694915254237288,0.13793103448275862,1.6201003090067205
sf_sink1_13,21,0,/apdcephfs_gy2/share_303214315/cedricnie/develop/training-free/runs/v209_sf_protocol_budget_86f10607_sixnode/screen32/vbench_comparison/published/sf_sink1_13/000021-0.mp4,477,60,16.0,29.8125,0.18039474988070858,0.18485090966318168,0.2482373375986136,0.3090712005016851,6.649008140725605,6.378077507019043,10.682631874084471,11.481964111328125,1.5891507494038548,1.2733519077301025,4.638146328926086,6.750767707824707,0.6378077507019043,1.0,0.0,0.0,6.378077507019043,6.412732839584351,0.9945958558648524,0.2084427373145204,0.21000316722972973,0.3520539174284579,0.3717636294382618,0.21789742985410887,0.22055645983745376,0.30505793404361586,0.3263234354897898,0.12915830869932432,0.12093538851351351,0.227954761402027,0.25723184121621623,0.0,0.0,0.0,0.016666666666666666,1.3429056857276431,0.7272013116525833,0.01694915254237288,0.06896551724137931,1.0350534986901132
sf_sink1_13,22,0,/apdcephfs_gy2/share_303214315/cedricnie/develop/training-free/runs/v209_sf_protocol_budget_86f10607_sixnode/screen32/vbench_comparison/published/sf_sink1_13/000022-0.mp4,477,60,16.0,29.8125,0.11681804352719428,0.11593633913526348,0.1775775849585438,0.24138937557444853,5.413592648708214,4.522056579589844,10.336934375762933,13.912827491760254,1.345883100197233,1.0396977663040161,3.732485675811767,6.549108505249023,0.4522056579589844,1.0,0.0,0.0,3.7687973976135254,6.432212829589844,0.5859254812396881,0.49073424354961576,0.48946575251722313,0.6082411679832406,0.6160915971118177,0.27080999477236745,0.2703561289750095,0.35767511171541777,0.37598937178530256,0.08972541877815314,0.09125580658783784,0.1365287162162162,0.1447951858108108,0.0,0.0,0.0,0.0,1.5316818374898244,0.825395615936833,0.03389830508474576,0.10344827586206896,1.1785387267133287
sf_sink1_13,23,0,/apdcephfs_gy2/share_303214315/cedricnie/develop/training-free/runs/v209_sf_protocol_budget_86f10607_sixnode/screen32/vbench_comparison/published/sf_sink1_13/000023-0.mp4,477,60,16.0,29.8125,0.07763250375673517,0.07455834781422335,0.12297797259162435,0.1878517001282935,2.6375432448872065,2.113269329071045,5.357060432434052,15.366598129272461,1.2129804676976697,0.7635533213615417,3.5237029671668987,11.707528591156006,0.2113269329071045,1.0,0.0,0.0,2.3396522998809814,2.0646947622299194,1.1331710346153547,0.2370677852714847,0.24366264242183358,0.27524144951477214,0.28272534943031263,0.2682917805073947,0.2620277310649787,0.31802268331531247,0.32134653510709305,0.11840380419481981,0.12031513935810811,0.14191036739864865,0.14724978885135134,0.0,0.0,0.0,0.0,1.649419229326915,1.6674178339189047,0.05084745762711865,0.06896551724137931,1.6584185316229099
sf_sink1_13,24,0,/apdcephfs_gy2/share_303214315/cedricnie/develop/training-free/runs/v209_sf_protocol_budget_86f10607_sixnode/screen32/vbench_comparison/published/sf_sink1_13/000024-0.mp4,477,60,16.0,29.8125,0.05146929383396745,0.04378436219458486,0.10163680656283505,0.11853936887254903,1.208178992998802,0.9757559895515442,2.966587734222412,3.9356727600097656,0.4370070921963659,0.29835379123687744,1.2685777604579922,2.4820942878723145,0.09757559895515443,1.0,0.0,0.0,0.837245762348175,0.9852154850959778,0.8498097878218106,0.29305591954546456,0.2919582898615527,0.32999394500198725,0.36027610790938,0.21360313495057417,0.2190063986653877,0.22947714674344655,0.24218661144832654,0.11447687922297298,0.1160789695945946,0.14283282305743242,0.154296875,0.0,0.0,0.0,0.0,2.321303805023914,1.3000973338027149,0.1016949152542373,0.1206896551724138,1.8107005694133145
sf_sink1_13,25,0,/apdcephfs_gy2/share_303214315/cedricnie/develop/training-free/runs/v209_sf_protocol_budget_86f10607_sixnode/screen32/vbench_comparison/published/sf_sink1_13/000025-0.mp4,477,60,16.0,29.8125,0.032634169542737956,0.02640051561243394,0.05427753037097407,0.14848377003389246,1.1346682922276312,0.7669870853424072,3.41969187259674,4.063009738922119,0.32742441092629854,0.23502913117408752,0.7943130314350128,1.856013536453247,0.07669870853424073,0.8135593220338984,0.1864406779661017,0.11864406779661017,0.2902666926383972,1.176352322101593,0.2467514937360144,0.049612328320968034,0.04067789066640169,0.09275927294481981,0.17434047098569158,0.07355392549937105,0.06952679457942175,0.10677015916589079,0.11888374437193089,0.04002850506756757,0.0327808277027027,0.07532200168918919,0.08796980574324324,0.35,0.0,0.0,0.06666666666666667,2.055926905662812,1.0356276482548679,0.03389830508474576,0.05172413793103448,1.54577727695884
sf_sink1_13,26,0,/apdcephfs_gy2/share_303214315/cedricnie/develop/training-free/runs/v209_sf_protocol_budget_86f10607_sixnode/screen32/vbench_comparison/published/sf_sink1_13/000026-0.mp4,477,60,16.0,29.8125,0.05029183681243359,0.043279778723623236,0.09722069609398915,0.15617433435776654,2.068346511509459,1.3139536380767822,6.864728355407711,7.773141860961914,0.7316592068507753,0.3212777078151703,2.5473537206649777,3.563907265663147,0.13139536380767822,0.9661016949152542,0.03389830508474576,0.01694915254237288,0.36320197582244873,1.7769343852996826,0.20439807953921393,0.07148135267620562,0.06906542916997879,0.15065353611883942,0.16266985045707474,0.14421596867546946,0.13804370479755657,0.23380120179946057,0.24418366972055028,0.04885627815315315,0.05347339527027027,0.09291068412162161,0.10763302364864864,0.2833333333333333,0.0,0.0,0.0,2.246330710580171,1.9386937612148234,0.05084745762711865,0.22413793103448276,2.0925122358974972
sf_sink1_13,27,0,/apdcephfs_gy2/share_303214315/cedricnie/develop/training-free/runs/v209_sf_protocol_budget_86f10607_sixnode/screen32/vbench_comparison/published/sf_sink1_13/000027-0.mp4,477,60,16.0,29.8125,0.06511624673150551,0.0629942351696538,0.1005026813581878,0.11691311106962317,1.221947533599401,1.0546412467956543,2.5622613668441763,2.883432388305664,0.3433789785566001,0.22870773077011108,1.0663741916418072,1.6598260402679443,0.10546412467956544,1.0,0.0,0.0,0.8837757110595703,1.1028869152069092,0.8013294009329759,0.39440940653429163,0.39819374751589826,0.4605444478255829,0.4815782119435612,0.21889829827969723,0.21964813895015645,0.2578254656502013,0.26238000250876853,0.11690332911036036,0.11964210304054054,0.13060071790540542,0.13315561655405406,0.0,0.0,0.0,0.0,1.5954266463830793,1.0111250578163915,0.0847457627118644,0.13793103448275862,1.3032758520997354
sf_sink1_13,28,0,/apdcephfs_gy2/share_303214315/cedricnie/develop/training-free/runs/v209_sf_protocol_budget_86f10607_sixnode/screen32/vbench_comparison/published/sf_sink1_13/000028-0.mp4,477,60,16.0,29.8125,0.08760164501105246,0.08214831632726333,0.140905268052045,0.16333724377202052,4.75459191152605,3.7220444679260254,9.271163177490227,15.008602142333984,1.0245877298815498,0.6980018615722656,2.459769749641418,4.63232421875,0.37220444679260256,1.0,0.0,0.0,3.823610305786133,3.1043869256973267,1.2316796833974715,0.331605314528683,0.31791823993110757,0.422618740063593,0.4399674375662427,0.3168297407587383,0.313065147819214,0.39156910221687485,0.3946861436564184,0.0715675147804054,0.06903241131756757,0.11871172930743236,0.14801520270270271,0.0,0.0,0.0,0.05,1.715254485444414,0.6608652236258842,0.13559322033898305,0.15517241379310345,1.188059854535149
sf_sink1_13,29,0,/apdcephfs_gy2/share_303214315/cedricnie/develop/training-free/runs/v209_sf_protocol_budget_86f10607_sixnode/screen32/vbench_comparison/published/sf_sink1_13/000029-0.mp4,477,60,16.0,29.8125,0.06258677542506758,0.05864229389265472,0.10865237142525466,0.1242461784213197,3.2381875959493347,3.1567327976226807,5.241385126113885,7.289166450500488,0.9240514368846499,0.7545166015625,2.2675790309906003,4.588560342788696,0.3156732797622681,1.0,0.0,0.0,3.9879703521728516,2.753101110458374,1.4485375553493127,0.34925403804539834,0.34915685446475886,0.46365014946012184,0.4703830898913619,0.1643722433065101,0.1636798278452669,0.19598655557744304,0.19995257137931918,0.08143387528153154,0.08098870354729729,0.10046848606418918,0.11185599662162163,0.0,0.0,0.0,0.1,1.8527987944015947,0.7183310011852452,0.11864406779661017,0.06896551724137931,1.28556489779342
sf_sink1_13,30,0,/apdcephfs_gy2/share_303214315/cedricnie/develop/training-free/runs/v209_sf_protocol_budget_86f10607_sixnode/screen32/vbench_comparison/published/sf_sink1_13/000030-0.mp4,477,60,16.0,29.8125,0.09052384846548815,0.09006214515835631,0.1309418128518497,0.14521345250746784,1.7741150613558494,1.4084045886993408,3.74610960483551,8.639841079711914,0.780058059199103,0.38989290595054626,2.839021372795104,4.899449110031128,0.1408404588699341,1.0,0.0,0.0,1.0437500476837158,1.6862576603889465,0.6189742363826937,0.37492444535528174,0.37423375811473236,0.4252465160472973,0.44537222194621096,0.20190198122198763,0.20342447937371305,0.2283581001787759,0.23610152853513913,0.10537329321509009,0.10443940033783784,0.14184042440878378,0.17987225506756757,0.0,0.0,0.0,0.05,1.4539051076522178,2.0157711751116456,0.0,0.1896551724137931,1.7348381413819318
sf_sink1_13,31,0,/apdcephfs_gy2/share_303214315/cedricnie/develop/training-free/runs/v209_sf_protocol_budget_86f10607_sixnode/screen32/vbench_comparison/published/sf_sink1_13/000031-0.mp4,477,60,16.0,29.8125,0.06102258952284382,0.05869259553797105,0.11304800370160269,0.13346375110102635,0.9646165704323073,0.7387614250183105,2.66864492893219,3.0786004066467285,0.45620701539105385,0.25854843854904175,1.6781464338302612,2.309042811393738,0.07387614250183105,0.9830508474576272,0.01694915254237288,0.01694915254237288,0.8508899807929993,0.7219507098197937,1.1785984406129195,0.2660444405802862,0.27407508611552733,0.3117909079805909,0.34059788188924217,0.22716334934318905,0.2302364967361809,0.24586193453221483,0.2502540804887674,0.16436074746621623,0.16386454814189189,0.1805518897804054,0.18301309121621623,0.0,0.0,0.0,0.0,1.9261033298223542,2.27156748714738,0.0847457627118644,0.15517241379310345,2.098835408484867
sf_sink1_21,0,0,/apdcephfs_gy2/share_303214315/cedricnie/develop/training-free/runs/v209_sf_protocol_budget_86f10607_sixnode/screen32/vbench_comparison/published/sf_sink1_21/000000-0.mp4,477,60,16.0,29.8125,0.05496125806007879,0.05774087344898897,0.07753744461957146,0.08251481897690717,1.8333818326562137,1.8807213306427002,3.451835083961486,3.9397263526916504,0.5044097304344177,0.32533472776412964,1.6980880677700039,2.6163530349731445,0.18807213306427004,1.0,0.0,0.0,0.5474696159362793,2.3663285970687866,0.23135823850264906,0.3507061300730878,0.3638076725622682,0.4780862376622946,0.4929176189056704,0.22626275126261855,0.21456539467500313,0.27007378983339264,0.2712993089134748,0.14392991624436935,0.1440825591216216,0.15061892947635136,0.16105363175675674,0.0,0.0,0.0,0.03333333333333333,1.3428519519724917,0.9028919064738395,0.0,0.10344827586206896,1.1228719292231657
sf_sink1_21,1,0,/apdcephfs_gy2/share_303214315/cedricnie/develop/training-free/runs/v209_sf_protocol_budget_86f10607_sixnode/screen32/vbench_comparison/published/sf_sink1_21/000001-0.mp4,477,60,16.0,29.8125,0.0678175756645266,0.06827409033681832,0.09292296091715495,0.10659839405732996,1.3265576473737166,1.2671308517456055,2.327170300483701,3.4513161182403564,0.3849749195164648,0.3095608949661255,1.1226559698581695,2.445737361907959,0.12671308517456056,1.0,0.0,0.0,1.0772645473480225,1.321864366531372,0.8149584591457065,0.47473180153959105,0.47196442766295704,0.590749272365196,0.5965515492514573,0.2125879675112318,0.21443963357203039,0.22905910911226937,0.23353037591313608,0.17550983600788286,0.1683250633445946,0.21579523859797298,0.21917229729729729,0.0,0.0,0.0,0.23333333333333334,1.3610281800714696,0.8859826657298995,0.01694915254237288,0.06896551724137931,1.1235054229006844
sf_sink1_21,2,0,/apdcephfs_gy2/share_303214315/cedricnie/develop/training-free/runs/v209_sf_protocol_budget_86f10607_sixnode/screen32/vbench_comparison/published/sf_sink1_21/000002-0.mp4,477,60,16.0,29.8125,0.03248785821731481,0.0313265931372549,0.04721379971971698,0.05146303363874847,0.5917231965873201,0.537930965423584,1.0959290385246274,1.2988078594207764,0.29790564009855536,0.24949223548173904,0.7919371306896209,0.9543632864952087,0.0537930965423584,1.0,0.0,0.0,0.5519434213638306,0.5373957753181458,1.0270706371613592,0.35681035987734055,0.36602964982445685,0.4417301820432565,0.45069316789215685,0.20727358865503565,0.1980416354123217,0.25438840577332567,0.25616139554871886,0.1539757530968468,0.1531883445945946,0.1815284522804054,0.18464949324324326,0.0,0.0,0.0,0.0,1.5071476018108187,1.4721910088704866,0.0,0.13793103448275862,1.4896693053406527
sf_sink1_21,3,0,/apdcephfs_gy2/share_303214315/cedricnie/develop/training-free/runs/v209_sf_protocol_budget_86f10607_sixnode/screen32/vbench_comparison/published/sf_sink1_21/000003-0.mp4,477,60,16.0,29.8125,0.07973561028619668,0.080750072703642,0.13131609299603628,0.13953499887503829,1.3671887903395346,0.8519408702850342,3.6348216295242297,6.809059143066406,0.4971622336527397,0.28535425662994385,1.1678784251213075,5.194486856460571,0.08519408702850342,1.0,0.0,0.0,1.0946834087371826,0.7346847057342529,1.4900043517894421,0.34343505902501764,0.35428931919051404,0.44131037919813193,0.46245714924483305,0.20118647588970603,0.19634496217235342,0.2513744596350433,0.2633180984016613,0.17277282164977475,0.17277238175675674,0.19892050253378377,0.20784945101351351,0.0,0.0,0.0,0.05,1.6262040218585914,1.3708444633376609,0.0,0.1724137931034483,1.4985242425981262
sf_sink1_21,4,0,/apdcephfs_gy2/share_303214315/cedricnie/develop/training-free/runs/v209_sf_protocol_budget_86f10607_sixnode/screen32/vbench_comparison/published/sf_sink1_21/000004-0.mp4,477,60,16.0,29.8125,0.14277883322383925,0.14213098264208027,0.20880513957902494,0.25003695020488664,7.186240620532279,7.086487770080566,10.32524356842041,11.028172492980957,1.8964917495332916,1.572736144065857,4.4653196096420285,5.395532131195068,0.7086487770080567,1.0,0.0,0.0,5.051270008087158,7.524056911468506,0.6713492557968009,0.2916534526254196,0.2724022505961844,0.4141102879073926,0.431142355590885,0.2770388614129321,0.27552571299754636,0.3238784447428299,0.32818744489110313,0.1009154173704955,0.10106102195945946,0.13403848184121622,0.15572212837837837,0.0,0.0,0.0,0.016666666666666666,1.4691036092028302,0.6301174509176162,0.03389830508474576,0.05172413793103448,1.0496105300602232
sf_sink1_21,5,0,/apdcephfs_gy2/share_303214315/cedricnie/develop/training-free/runs/v209_sf_protocol_budget_86f10607_sixnode/screen32/vbench_comparison/published/sf_sink1_21/000005-0.mp4,477,60,16.0,29.8125,0.08959550810002852,0.08718948364257813,0.138093427770278,0.16645003674077052,1.747602198841208,1.279097557067871,4.359101009368895,5.64908504486084,0.57955207932612,0.37796416878700256,1.8470247387886047,2.3321938514709473,0.12790975570678711,1.0,0.0,0.0,0.41529086232185364,2.2125113010406494,0.1877011259226213,0.4060279920315537,0.388521172827239,0.4896111086960122,0.5009497549019608,0.2687982933689162,0.2722684059903007,0.2885339572782169,0.2904398131704718,0.14803103885135133,0.14197107263513514,0.22889569256756756,0.23635451858108109,0.0,0.0,0.0,0.08333333333333333,1.5838312374503092,1.4440061499473245,0.01694915254237288,0.15517241379310345,1.513918693698817
sf_sink1_21,6,0,/apdcephfs_gy2/share_303214315/cedricnie/develop/training-free/runs/v209_sf_protocol_budget_86f10607_sixnode/screen32/vbench_comparison/published/sf_sink1_21/000006-0.mp4,477,60,16.0,29.8125,0.06883810692429344,0.061943252413880594,0.12233513701195806,0.13352698531805302,0.8306037697751644,0.4187246263027191,3.034155273437499,4.00929069519043,0.22631087847824755,0.14019715785980225,0.6608694195747371,1.683149814605713,0.04187246263027192,1.0,0.0,0.0,0.35826376080513,0.49944356083869934,0.7173258179633136,0.4036268679065094,0.392528856981982,0.4729719224049417,0.49954002715951246,0.19804708855234343,0.19588288566102746,0.22302829104061014,0.2295384750623445,0.19672763583896394,0.19760874155405406,0.22057643581081082,0.22534839527027026,0.0,0.0,0.0,0.08333333333333333,1.97495501518975,1.5782912636644355,0.13559322033898305,0.1206896551724138,1.7766231394270928
sf_sink1_21,7,0,/apdcephfs_gy2/share_303214315/cedricnie/develop/training-free/runs/v209_sf_protocol_budget_86f10607_sixnode/screen32/vbench_comparison/published/sf_sink1_21/000007-0.mp4,477,60,16.0,29.8125,0.03757636687334846,0.0373231102438534,0.051810508054845425,0.06770243177226945,0.4815562857409655,0.4746026396751404,0.8482812881469725,1.0315889120101929,0.18382926028350305,0.15484103560447693,0.5098584026098251,0.7169097661972046,0.047460263967514044,1.0,0.0,0.0,0.47561153769493103,0.4652312695980072,1.0223120602058695,0.315281145115704,0.3182708788751987,0.3681229247399973,0.3704667213169051,0.21387480731489472,0.20386127834035198,0.26915620507959404,0.2721461740353581,0.1656469946509009,0.17052892736486486,0.1850269214527027,0.18929476351351351,0.0,0.0,0.0,0.0,1.3881615898658364,1.0742848016159725,0.05084745762711865,0.08620689655172414,1.2312231957409043
sf_sink1_21,8,0,/apdcephfs_gy2/share_303214315/cedricnie/develop/training-free/runs/v209_sf_protocol_budget_86f10607_sixnode/screen32/vbench_comparison/published/sf_sink1_21/000008-0.mp4,477,60,16.0,29.8125,0.13781403655346625,0.1274128932578891,0.2139204032748353,0.2431489533069087,5.731168999510296,5.971526145935059,8.253981781005855,10.636079788208008,1.2961649976927658,1.2379965782165527,2.772932314872741,6.215703248977661,0.5971526145935059,1.0,0.0,0.0,5.305274963378906,6.171576976776123,0.8596303640613827,0.4114853686406995,0.40478707107843137,0.5308347565166269,0.5825952446012188,0.24801381596778338,0.2560118783468698,0.3267294491362166,0.33893840772537004,0.07428693341779279,0.07168496621621623,0.13271352407094594,0.14300042229729729,0.0,0.0,0.0,0.06666666666666667,1.6789541294055017,0.4643590678674887,0.03389830508474576,0.017241379310344827,1.0716565986364952
sf_sink1_21,9,0,/apdcephfs_gy2/share_303214315/cedricnie/develop/training-free/runs/v209_sf_protocol_budget_86f10607_sixnode/screen32/vbench_comparison/published/sf_sink1_21/000009-0.mp4,477,60,16.0,29.8125,0.027483612233596456,0.026758536170510685,0.04026434991873946,0.05408593346090878,0.546880910962315,0.5098130106925964,0.9688161671161649,1.0779603719711304,0.21088406340829258,0.18936742842197418,0.44863607138395306,0.5742456614971161,0.050981301069259646,1.0,0.0,0.0,0.3443203568458557,0.5678974688053131,0.6063072574882277,0.36451881224054944,0.364614488109433,0.3849725920773715,0.3920743698661897,0.18133646513869903,0.17210256774724592,0.22092276319632687,0.22841341859278924,0.11819837415540538,0.11724028716216217,0.14496938344594595,0.14851668074324326,0.0,0.0,0.0,0.1,1.5047291698681518,0.8800012200050904,0.03389830508474576,0.034482758620689655,1.1923651949366212
sf_sink1_21,10,0,/apdcephfs_gy2/share_303214315/cedricnie/develop/training-free/runs/v209_sf_protocol_budget_86f10607_sixnode/screen32/vbench_comparison/published/sf_sink1_21/000010-0.mp4,477,60,16.0,29.8125,0.07756644743706705,0.07238817401960784,0.13227126028023511,0.1566883461148131,2.2574983077534174,1.8454575538635254,5.231400823593138,9.709861755371094,1.2099438104136238,0.7099591493606567,3.9614502668380736,6.284706354141235,0.18454575538635254,1.0,0.0,0.0,1.4482519626617432,2.06333589553833,0.7018983025465615,0.32071255596129217,0.3252144607843137,0.40543125041401695,0.40872406183757287,0.20954874829154663,0.20626353128183444,0.23363164097597977,0.23579970069840764,0.13773666244369365,0.13790646114864863,0.16224662162162162,0.17277238175675674,0.0,0.0,0.0,0.016666666666666666,1.8272495759377312,2.146595167439451,0.1016949152542373,0.1206896551724138,1.9869223716885909
sf_sink1_21,11,0,/apdcephfs_gy2/share_303214315/cedricnie/develop/training-free/runs/v209_sf_protocol_budget_86f10607_sixnode/screen32/vbench_comparison/published/sf_sink1_21/000011-0.mp4,477,60,16.0,29.8125,0.05889354717220409,0.06024484821394378,0.09532712225820504,0.1207111957026463,1.3287354003069765,0.9035353660583496,3.658902120590209,3.8431215286254883,0.5398863713289129,0.3572562038898468,1.5684831023216246,2.6092108488082886,0.09035353660583496,1.0,0.0,0.0,0.5256861448287964,1.426633596420288,0.3684801382414161,0.3370147117475932,0.32807863010068894,0.40155254806736884,0.4036848544316375,0.18276120677711472,0.17794489428220006,0.2237021505079183,0.22645875041185307,0.1669015695382883,0.17592641469594594,0.2025654560810811,0.20341532939189189,0.0,0.0,0.0,0.0,1.5823282004077055,1.7359399103148478,0.01694915254237288,0.1206896551724138,1.6591340553612768
sf_sink1_21,12,0,/apdcephfs_gy2/share_303214315/cedricnie/develop/training-free/runs/v209_sf_protocol_budget_86f10607_sixnode/screen32/vbench_comparison/published/sf_sink1_21/000012-0.mp4,477,60,16.0,29.8125,0.013863754367543122,0.01196001838235294,0.03241737253525677,0.0459932476866479,0.0893312212142904,0.07409100979566574,0.16168634444475172,0.18276572227478027,0.035745066173117734,0.030568405985832214,0.07950773984193801,0.08720210194587708,0.02,1.0,0.0,0.0,0.12496708333492279,0.0702999196946621,1.7776276826161381,0.3596492793344816,0.3735048812599364,0.45004424288718864,0.45304457720588237,0.1829074136625833,0.1757307725033065,0.22241898668866486,0.2231783660949704,0.16204383094031527,0.15190825591216217,0.22878483952702702,0.2352195945945946,0.0,0.0,0.0,0.13333333333333333,2.710478487481988,1.0731091405180058,0.11864406779661017,0.0,1.8917938139999968
sf_sink1_21,13,0,/apdcephfs_gy2/share_303214315/cedricnie/develop/training-free/runs/v209_sf_protocol_budget_86f10607_sixnode/screen32/vbench_comparison/published/sf_sink1_21/000013-0.mp4,477,60,16.0,29.8125,0.024790793314610808,0.021889282675350414,0.04313753277647728,0.050715214598412606,0.2951089608467231,0.2674557864665985,0.5464995384216302,0.8245013952255249,0.10580397063288195,0.08968766033649445,0.2566201977431774,0.42827849090099335,0.026745578646659853,1.0,0.0,0.0,0.20030315220355988,0.2853458970785141,0.7019661199069059,0.3724117453850909,0.36724665267289347,0.44540066491123476,0.4507971896528882,0.18399930375399304,0.17613467797542542,0.223261030344941,0.2254512886561728,0.15300446931306305,0.15463999155405406,0.18773490287162162,0.20270270270270271,0.0,0.0,0.0,0.0,1.9707147747264728,0.9594864300130806,0.0847457627118644,0.05172413793103448,1.4651006023697768
sf_sink1_21,14,0,/apdcephfs_gy2/share_303214315/cedricnie/develop/training-free/runs/v209_sf_protocol_budget_86f10607_sixnode/screen32/vbench_comparison/published/sf_sink1_21/000014-0.mp4,477,60,16.0,29.8125,0.02477031536932679,0.021681860381481694,0.041141910178988536,0.066333381802428,0.46459461268732105,0.45370927453041077,0.9505003154277798,1.2441457509994507,0.20935391352094454,0.1675875037908554,0.6055116161704063,0.7904364764690399,0.04537092745304108,1.0,0.0,0.0,0.4731854796409607,0.40418678522109985,1.1707099216074492,0.3759635175156774,0.37867760913487014,0.38986116976351354,0.39482727212506624,0.19277386362457405,0.1909797763516934,0.2385505436380449,0.24507219291553758,0.07708641258445947,0.07844172297297297,0.08484612542229729,0.09097867398648649,0.0,0.0,0.0,0.016666666666666666,1.8975267553206605,1.3345806448349793,0.0847457627118644,0.10344827586206896,1.61605370007782
sf_sink1_21,15,0,/apdcephfs_gy2/share_303214315/cedricnie/develop/training-free/runs/v209_sf_protocol_budget_86f10607_sixnode/screen32/vbench_comparison/published/sf_sink1_21/000015-0.mp4,477,60,16.0,29.8125,0.21159916437516066,0.2057268928079044,0.31327556834501374,0.38054462507659315,7.650686320611986,7.156913757324219,11.353291511535645,11.964788436889648,1.9640492817451214,1.64719557762146,4.977202534675598,6.99603271484375,0.7156913757324219,1.0,0.0,0.0,7.59409236907959,7.141082763671875,1.0634371033636896,0.47097668498001677,0.47442513745363013,0.5828517384572072,0.616334314553524,0.30247536340817194,0.2984843491984095,0.35137973234445563,0.37381327534458575,0.161571385838964,0.1631255278716216,0.23704866976351352,0.2526393581081081,0.0,0.0,0.0,0.0,1.522774023703026,0.6954397808108341,0.03389830508474576,0.08620689655172414,1.1091069022569302
sf_sink1_21,16,0,/apdcephfs_gy2/share_303214315/cedricnie/develop/training-free/runs/v209_sf_protocol_budget_86f10607_sixnode/screen32/vbench_comparison/published/sf_sink1_21/000016-0.mp4,477,60,16.0,29.8125,0.022922538403618492,0.01927642261280733,0.045694708730660234,0.05328284244911344,0.14865670315289903,0.12094268202781677,0.3239828288555145,0.4632236957550049,0.05178188558282523,0.04141157865524292,0.14111364930868148,0.3006293475627899,0.02,1.0,0.0,0.0,0.22914117574691772,0.10406366735696793,2.2019325434774313,0.4504711081715907,0.4647589800278219,0.5561737380763115,0.5574053143216746,0.26975342325591,0.27319667053482444,0.2790822559029259,0.28000777739645816,0.13829092764639642,0.1246436866554054,0.18523543074324325,0.20655616554054054,0.0,0.0,0.0,0.3,2.3704973504938875,1.1667812135687994,0.11864406779661017,0.10344827586206896,1.7686392820313435
sf_sink1_21,17,0,/apdcephfs_gy2/share_303214315/cedricnie/develop/training-free/runs/v209_sf_protocol_budget_86f10607_sixnode/screen32/vbench_comparison/published/sf_sink1_21/000017-0.mp4,477,60,16.0,29.8125,0.05976291820035499,0.056539086734547335,0.09477355358647364,0.12467147976744408,1.6202336428529125,1.201024055480957,4.280650568008419,5.371895790100098,0.5764252379022795,0.28723832964897156,2.1350678920745847,3.133814573287964,0.1201024055480957,1.0,0.0,0.0,1.508575201034546,1.140101432800293,1.3231938471730673,0.38775176026210034,0.39657504471383154,0.4749234016875331,0.4768872963036566,0.20058390072570578,0.2016295535266445,0.2386988349055177,0.2427186188795637,0.125171558277027,0.12309966216216216,0.1478858741554054,0.17071368243243243,0.0,0.0,0.0,0.16666666666666666,1.6762483984122036,1.7777061852600315,0.11864406779661017,0.1896551724137931,1.7269772918361177
sf_sink1_21,18,0,/apdcephfs_gy2/share_303214315/cedricnie/develop/training-free/runs/v209_sf_protocol_budget_86f10607_sixnode/screen32/vbench_comparison/published/sf_sink1_21/000018-0.mp4,477,60,16.0,29.8125,0.04478672665589352,0.039070780137005975,0.07585492152793727,0.16134116976868873,0.8451909671648073,0.7098645567893982,2.1261850833892817,3.331820249557495,0.26220485388204967,0.1658587045967579,0.7699014842510222,2.140432834625244,0.07098645567893982,1.0,0.0,0.0,0.25776466727256775,0.8443301618099213,0.305288948484345,0.2230325914149444,0.2214746973536036,0.278476790209327,0.3262269392554319,0.24049337698993062,0.2382531723505908,0.26970916057776945,0.27329787656641924,0.1588004997184685,0.16236011402027029,0.19353885135135135,0.19866448479729729,0.0,0.0,0.0,0.0,1.9414744538487245,1.084575186755571,0.11864406779661017,0.1206896551724138,1.5130248203021477
sf_sink1_21,19,0,/apdcephfs_gy2/share_303214315/cedricnie/develop/training-free/runs/v209_sf_protocol_budget_86f10607_sixnode/screen32/vbench_comparison/published/sf_sink1_21/000019-0.mp4,477,60,16.0,29.8125,0.034982052266142136,0.024349476309383618,0.08629486607570273,0.14592006907743565,1.0371547866675814,0.4302762746810913,4.022070026397705,5.751269340515137,0.44849242025922087,0.1659889966249466,1.797548878192901,3.480217695236206,0.043027627468109134,1.0,0.0,0.0,0.2136339247226715,0.6796841621398926,0.31431352475548985,0.428320378052685,0.42172621265567034,0.4986174783469131,0.5059368996754108,0.19374898528049092,0.1920677602869297,0.22768607924370213,0.22950896680197203,0.16760319890202705,0.15943042652027029,0.23913112331081082,0.24274176520270271,0.0,0.0,0.0,0.06666666666666667,3.5440132255512644,4.177662083565248,0.23728813559322035,0.25862068965517243,3.860837654558256
sf_sink1_21,20,0,/apdcephfs_gy2/share_303214315/cedricnie/develop/training-free/runs/v209_sf_protocol_budget_86f10607_sixnode/screen32/vbench_comparison/published/sf_sink1_21/000020-0.mp4,477,60,16.0,29.8125,0.07191113890029538,0.07127209083706725,0.09862529530244714,0.09898535036573224,0.5671887659167839,0.43586185574531555,1.3605513334274286,2.2793116569519043,0.17290017907989436,0.10846085846424103,0.3523565486073491,1.5155183672904968,0.04358618557453156,1.0,0.0,0.0,0.24444931745529175,0.5626775920391083,0.43443940351244975,0.36431446554550884,0.3637247656664017,0.399912538917594,0.43838237364202437,0.2871543881244467,0.2906063797605404,0.3025543987291467,0.30573754932076697,0.2072661528716216,0.20385082347972971,0.2530458192567568,0.25939611486486486,0.0,0.0,0.0,0.0,1.3837856325544193,0.8084133630019678,0.0847457627118644,0.06896551724137931,1.0960994977781935
sf_sink1_21,21,0,/apdcephfs_gy2/share_303214315/cedricnie/develop/training-free/runs/v209_sf_protocol_budget_86f10607_sixnode/screen32/vbench_comparison/published/sf_sink1_21/000021-0.mp4,477,60,16.0,29.8125,0.19226667582295434,0.20318265428730087,0.27035347732843135,0.2859730140835631,6.820858131020756,6.685558319091797,10.06255702972412,11.530668258666992,1.5426664516843598,1.3216993808746338,3.361184787750244,5.597431182861328,0.6685558319091798,1.0,0.0,0.0,7.939766883850098,6.33206582069397,1.2538983498721639,0.22805102034479333,0.23554583995760467,0.3367779337241653,0.34818236204954955,0.2104094844982217,0.2191226376616882,0.287509226367231,0.3047801311277561,0.13332057643581083,0.14703864020270271,0.20468354096283783,0.21075274493243243,0.0,0.0,0.0,0.0,1.3305932943771408,0.5027530428014942,0.0,0.034482758620689655,0.9166731685893175
sf_sink1_21,22,0,/apdcephfs_gy2/share_303214315/cedricnie/develop/training-free/runs/v209_sf_protocol_budget_86f10607_sixnode/screen32/vbench_comparison/published/sf_sink1_21/000022-0.mp4,477,60,16.0,29.8125,0.10731483477221332,0.09705779131721048,0.1767081152224072,0.2404925178079044,4.921748202736095,4.357769012451172,10.163435840606688,13.982860565185547,0.9345200801717823,0.6416164338588715,2.8423129558563214,6.744552135467529,0.4357769012451172,1.0,0.0,0.0,4.357769012451172,4.278753042221069,1.018467055576801,0.4995077183111421,0.5096005874900635,0.6134110287907392,0.6343092748078961,0.28031696936499934,0.2983903662303554,0.3260262483784017,0.332031040071547,0.09654859938063064,0.08645217483108109,0.17019372888513512,0.1795555320945946,0.0,0.0,0.0,0.15,1.8206484283665434,0.6522403890006937,0.05084745762711865,0.1206896551724138,1.2364444086836186
sf_sink1_21,23,0,/apdcephfs_gy2/share_303214315/cedricnie/develop/training-free/runs/v209_sf_protocol_budget_86f10607_sixnode/screen32/vbench_comparison/published/sf_sink1_21/000023-0.mp4,477,60,16.0,29.8125,0.06590256844695203,0.06104783450855928,0.11716740028530936,0.15721507352941178,1.4514658380362948,1.1287128925323486,3.161561298370359,4.304582595825195,0.65135232127946,0.4397128224372864,1.8420504391193386,3.381654977798462,0.11287128925323486,1.0,0.0,0.0,1.1063969135284424,1.1908331513404846,0.9290948209520411,0.20793472125618265,0.20458715263977212,0.26897481120826705,0.28482689950980394,0.24408498718889254,0.24348123799999394,0.26846131465817547,0.28323069670018913,0.11162593257319822,0.11724028716216217,0.14430294552364864,0.14965160472972974,0.0,0.0,0.0,0.0,1.9192720139627848,1.6319920249927915,0.06779661016949153,0.08620689655172414,1.7756320194777881
sf_sink1_21,24,0,/apdcephfs_gy2/share_303214315/cedricnie/develop/training-free/runs/v209_sf_protocol_budget_86f10607_sixnode/screen32/vbench_comparison/published/sf_sink1_21/000024-0.mp4,477,60,16.0,29.8125,0.0271949406278692,0.02329994276458142,0.04795421899533736,0.093895736395144,0.44312051645780015,0.3862267732620239,0.7964836955070485,1.4382917881011963,0.15922930065927834,0.1289420872926712,0.3502465784549713,0.6592673063278198,0.03862267732620239,1.0,0.0,0.0,0.30015671253204346,0.4103185087442398,0.7315212600344516,0.2764790048550389,0.27804411143680446,0.2954304379057366,0.3602796270535241,0.20062419769452314,0.19464734277374013,0.22397925569036817,0.24217461273435578,0.13273683840090086,0.13493718327702703,0.17254143792229729,0.18618032094594594,0.0,0.0,0.0,0.0,2.058126042619867,0.9068417901142163,0.15254237288135594,0.05172413793103448,1.4824839163670416
sf_sink1_21,25,0,/apdcephfs_gy2/share_303214315/cedricnie/develop/training-free/runs/v209_sf_protocol_budget_86f10607_sixnode/screen32/vbench_comparison/published/sf_sink1_21/000025-0.mp4,477,60,16.0,29.8125,0.02636374376587949,0.022726012211219938,0.05419625787174,0.06955578373927696,1.0536840861126529,0.718420147895813,3.3919375658035236,4.587245941162109,0.30969414885701807,0.20117855072021484,1.0837276101112363,1.741276741027832,0.0718420147895813,0.9830508474576272,0.01694915254237288,0.01694915254237288,0.21536004543304443,0.8005300164222717,0.2690218243102631,0.044926577542616135,0.032127457190646524,0.0922451415109963,0.11437591083730789,0.06581761706690042,0.061281534204586686,0.10682458758558719,0.11896950769345124,0.03028091568130631,0.02292282516891892,0.07385451858108108,0.08651815878378379,0.36666666666666664,0.0,0.0,0.23333333333333334,2.3847676120222734,1.5084872178005801,0.1016949152542373,0.1206896551724138,1.9466274149114269
sf_sink1_21,26,0,/apdcephfs_gy2/share_303214315/cedricnie/develop/training-free/runs/v209_sf_protocol_budget_86f10607_sixnode/screen32/vbench_comparison/published/sf_sink1_21/000026-0.mp4,477,60,16.0,29.8125,0.05100385393958506,0.038357327031154256,0.09870128033207877,0.2525519875919118,1.452686719779888,0.4004027247428894,5.160795021057129,7.901551723480225,0.7401055437873985,0.2659052163362503,3.122315272688864,4.9471435546875,0.04004027247428894,0.6949152542372882,0.3050847457627119,0.1864406779661017,0.07035678625106812,0.4752503037452698,0.14804153873572012,0.06740326493773184,0.04883754388579756,0.15559838906001586,0.3035788660903551,0.12552783459088762,0.11772712046627315,0.22943663217149923,0.23956059696841095,0.04834160332207208,0.038666596283783786,0.13010715793918912,0.20156777871621623,0.4,0.0,0.0,0.08333333333333333,2.5732053813841738,7.797937126161656,0.0847457627118644,0.2413793103448276,5.185571253772915
sf_sink1_21,27,0,/apdcephfs_gy2/share_303214315/cedricnie/develop/training-free/runs/v209_sf_protocol_budget_86f10607_sixnode/screen32/vbench_comparison/published/sf_sink1_21/000027-0.mp4,477,60,16.0,29.8125,0.05201467138146514,0.05209989360734528,0.0694224847531786,0.08055579989564185,0.9284509329472558,0.7499670386314392,1.815331208705902,2.015383243560791,0.2666784216617716,0.1733631044626236,1.0149013638496398,1.3107160329818726,0.07499670386314393,1.0,0.0,0.0,0.5848051309585571,0.9007559716701508,0.6492381392423429,0.3719082714377981,0.3716513790904875,0.460566173365461,0.48157935049019607,0.19327014763103537,0.17544977279879603,0.25818323164298806,0.26238367120151246,0.12120636261261261,0.12163481841216217,0.13145850929054054,0.1328125,0.0,0.0,0.0,0.0,1.332488033015697,1.3532612922584706,0.01694915254237288,0.15517241379310345,1.3428746626370838
sf_sink1_21,28,0,/apdcephfs_gy2/share_303214315/cedricnie/develop/training-free/runs/v209_sf_protocol_budget_86f10607_sixnode/screen32/vbench_comparison/published/sf_sink1_21/000028-0.mp4,477,60,16.0,29.8125,0.06524524273528494,0.05276169870413986,0.1275502148796529,0.1633352840647978,3.8989006513256137,2.342508316040039,9.851987552642822,14.846292495727539,0.8991305786987831,0.6100534200668335,3.6703604221343986,4.783987998962402,0.23425083160400392,1.0,0.0,0.0,0.8499865531921387,3.1224169731140137,0.27222070611038207,0.25459306445692015,0.21273547214493904,0.3939550004968203,0.43799226616322207,0.2487742436837008,0.24086555335403825,0.289438605873002,0.297603360893086,0.0734691722972973,0.07138144003378379,0.11545344172297291,0.14735536317567569,0.0,0.0,0.0,0.05,2.4174774128272123,1.5668505409359936,0.1864406779661017,0.10344827586206896,1.9921639768816028
sf_sink1_21,29,0,/apdcephfs_gy2/share_303214315/cedricnie/develop/training-free/runs/v209_sf_protocol_budget_86f10607_sixnode/screen32/vbench_comparison/published/sf_sink1_21/000029-0.mp4,477,60,16.0,29.8125,0.04880565045560544,0.04849401361802045,0.06760319055295456,0.07215270248113893,2.30697258246147,1.9196929931640625,5.529502201080322,7.289737224578857,0.8799674140995947,0.5290968716144562,2.5974969267845154,4.598552227020264,0.19196929931640627,1.0,0.0,0.0,1.0392110347747803,2.3760300874710083,0.43737284315321634,0.33787111100070655,0.324541683227345,0.46353684854431637,0.47040523979862214,0.15311839627618937,0.14608712148772518,0.19647529457090043,0.19991685157279424,0.09858046523085585,0.08110747466216216,0.20967720650337837,0.21904032939189189,0.0,0.0,0.0,0.18333333333333332,1.3940522862358646,1.3530793392662688,0.06779661016949153,0.15517241379310345,1.3735658127510666
sf_sink1_21,30,0,/apdcephfs_gy2/share_303214315/cedricnie/develop/training-free/runs/v209_sf_protocol_budget_86f10607_sixnode/screen32/vbench_comparison/published/sf_sink1_21/000030-0.mp4,477,60,16.0,29.8125,0.066511862758942,0.06776660844391467,0.10911420261158662,0.11809699114631204,1.2936941391583217,0.9760251045227051,3.0856704950332623,6.556049346923828,0.7449150547899049,0.42194320261478424,3.175336039066315,4.690171957015991,0.09760251045227052,0.9830508474576272,0.01694915254237288,0.01694915254237288,0.9415677785873413,0.9868302941322327,0.9541334352886959,0.3722963830098481,0.37312988540010605,0.4025215030057631,0.44545606038023317,0.17892708930212844,0.17755834981247773,0.21125541401370382,0.21668666504845124,0.09574447494369369,0.09454180743243243,0.1335132495777027,0.15432326858108109,0.0,0.0,0.0,0.05,1.6101470195589358,3.2533343910442905,0.03389830508474576,0.1896551724137931,2.431740705301613
sf_sink1_21,31,0,/apdcephfs_gy2/share_303214315/cedricnie/develop/training-free/runs/v209_sf_protocol_budget_86f10607_sixnode/screen32/vbench_comparison/published/sf_sink1_21/000031-0.mp4,477,60,16.0,29.8125,0.025778109720673188,0.025261555465997433,0.03647324992161171,0.04950266071394378,0.32908581879179355,0.29814469814300537,0.6694062054157256,0.940468430519104,0.17598022315008888,0.14314299821853638,0.4385908871889114,0.6613130569458008,0.02981446981430054,1.0,0.0,0.0,0.302487850189209,0.2886500358581543,1.0479397630764706,0.28497277148472006,0.2890701593137255,0.3031634207737149,0.30399226202305246,0.2124100943281196,0.20521105210817275,0.23659367781593102,0.23768993874435518,0.18340767525337834,0.1885425464527027,0.20783097550675672,0.22014885979729729,0.0,0.0,0.0,0.0,1.443824390414337,1.4710672030080538,0.03389830508474576,0.10344827586206896,1.4574457967111956
sf_sink1_9,0,0,/apdcephfs_gy2/share_303214315/cedricnie/develop/training-free/runs/v209_sf_protocol_budget_86f10607_sixnode/screen32/vbench_comparison/published/sf_sink1_9/000000-0.mp4,477,60,16.0,29.8125,0.0691822298581753,0.06302155887379365,0.13375713572782608,0.18512302473479625,2.0821578775422047,1.9845694303512573,3.905129337310791,4.653372764587402,0.5589904199386465,0.39025557041168213,1.749023902416229,2.221841812133789,0.19845694303512573,1.0,0.0,0.0,1.805983066558838,1.9862291812896729,0.9092521062379116,0.30880482619568095,0.2817253949721781,0.4780644862463566,0.49292320813460516,0.26758729529878444,0.2700530536749076,0.3128775086450891,0.3252388709269922,0.10397047438063065,0.0931957347972973,0.14754539695945948,0.14880701013513514,0.0,0.0,0.0,0.0,2.12240284306021,0.8813115206086097,0.06779661016949153,0.1724137931034483,1.50185718183441
sf_sink1_9,1,0,/apdcephfs_gy2/share_303214315/cedricnie/develop/training-free/runs/v209_sf_protocol_budget_86f10607_sixnode/screen32/vbench_comparison/published/sf_sink1_9/000001-0.mp4,477,60,16.0,29.8125,0.0859469536413343,0.08542836507161458,0.10952676885268267,0.11908442179361979,1.3225247526572923,1.333707332611084,1.710815095901489,2.196397066116333,0.22015274393147435,0.19947504997253418,0.49860684275627126,0.6795384883880615,0.1333707332611084,1.0,0.0,0.0,1.2900928258895874,1.3780577182769775,0.9361674832478171,0.4962236633462506,0.5130222823926869,0.5906810009687996,0.5965340570349761,0.24328704326340322,0.24905970627556717,0.28106156287151035,0.29066946641510205,0.18826321438626126,0.19024493243243243,0.21461412584459458,0.2195945945945946,0.0,0.0,0.0,0.16666666666666666,1.2820890199744126,0.37385026726974413,0.01694915254237288,0.034482758620689655,0.8279696436220784
sf_sink1_9,2,0,/apdcephfs_gy2/share_303214315/cedricnie/develop/training-free/runs/v209_sf_protocol_budget_86f10607_sixnode/screen32/vbench_comparison/published/sf_sink1_9/000002-0.mp4,477,60,16.0,29.8125,0.04450957202245801,0.042478138792748546,0.06493121203254243,0.12048318152334175,0.6765092373904535,0.6099074482917786,1.1912835597991944,1.60231614112854,0.2723702207721513,0.2135848104953766,0.640542460978031,0.7086455821990967,0.06099074482917786,1.0,0.0,0.0,0.8483960628509521,0.5568262338638306,1.5236280391530972,0.35289195502947807,0.33641869120959195,0.4417780320531929,0.4507018622482777,0.251581821838829,0.24445702279786619,0.31401314876381425,0.31638204116418533,0.1533713400900901,0.1550490920608108,0.1795581714527027,0.18285472972972974,0.0,0.0,0.0,0.0,1.5285794970759607,1.0502289532158602,0.05084745762711865,0.05172413793103448,1.2894042251459106
sf_sink1_9,3,0,/apdcephfs_gy2/share_303214315/cedricnie/develop/training-free/runs/v209_sf_protocol_budget_86f10607_sixnode/screen32/vbench_comparison/published/sf_sink1_9/000003-0.mp4,477,60,16.0,29.8125,0.11172785037932263,0.11386894525266161,0.1433084046606924,0.15121907252891392,1.5173878548508983,1.4416985511779785,3.1586951971054074,4.317391395568848,0.4806314830122323,0.3165270686149597,1.3302082061767568,2.692523956298828,0.14416985511779787,1.0,0.0,0.0,0.8472076654434204,1.5301787853240967,0.5536658026950616,0.3342550161604619,0.322884425096052,0.44126926213897716,0.46245570018547955,0.22842164812834023,0.2235353907720054,0.2569032273111123,0.26253462030744307,0.1860624296171171,0.18917599239864863,0.2041213576858108,0.21368243243243243,0.0,0.0,0.0,0.0,1.2585380881741561,0.922667366967855,0.0,0.10344827586206896,1.0906027275710055
sf_sink1_9,4,0,/apdcephfs_gy2/share_303214315/cedricnie/develop/training-free/runs/v209_sf_protocol_budget_86f10607_sixnode/screen32/vbench_comparison/published/sf_sink1_9/000004-0.mp4,477,60,16.0,29.8125,0.12195236457071658,0.12363591661640241,0.1652862593706916,0.20198883355832567,3.4935156672687855,3.146059513092041,5.772802114486693,6.495371341705322,0.8923181542034807,0.7840211391448975,2.5217062115669244,3.1182992458343506,0.3146059513092041,1.0,0.0,0.0,2.3370208740234375,3.822046995162964,0.6114579116847808,0.35964907750121444,0.3616932879570748,0.43127411131259935,0.447397903418124,0.3189494973451319,0.3219003599156145,0.34404482730233127,0.3532244624936034,0.14377903293918917,0.1430268158783784,0.1839038745777027,0.18947951858108109,0.0,0.0,0.0,0.08333333333333333,1.3368789902979015,0.8015443449410518,0.03389830508474576,0.06896551724137931,1.0692116676194767
sf_sink1_9,5,0,/apdcephfs_gy2/share_303214315/cedricnie/develop/training-free/runs/v209_sf_protocol_budget_86f10607_sixnode/screen32/vbench_comparison/published/sf_sink1_9/000005-0.mp4,477,60,16.0,29.8125,0.07409973223766406,0.07206969167671952,0.10876152038574219,0.11744760251512715,1.4376384019851685,1.3639296293258667,2.6211016654968247,3.479517698287964,0.4332134733939993,0.3753238618373871,1.147818636894226,1.595679521560669,0.13639296293258668,1.0,0.0,0.0,0.7432751059532166,1.66960608959198,0.44517992033369913,0.35112570865902665,0.31863821542130366,0.49218571972708003,0.5077304211380499,0.3120310362545949,0.3403290518997467,0.3621349904323432,0.3632006905435745,0.11759176168355857,0.1175438133445946,0.14978357263513514,0.15522065033783783,0.0,0.0,0.0,0.0,1.5091159384115298,0.8415526814690174,0.0,0.06896551724137931,1.1753343099402735
sf_sink1_9,6,0,/apdcephfs_gy2/share_303214315/cedricnie/develop/training-free/runs/v209_sf_protocol_budget_86f10607_sixnode/screen32/vbench_comparison/published/sf_sink1_9/000006-0.mp4,477,60,16.0,29.8125,0.09384872205790667,0.09313166749243643,0.1363272932464001,0.1562131545122932,1.1432121663780537,0.995078444480896,2.5548590421676627,4.619500637054443,0.3492923430327711,0.24872195720672607,1.0719187438488005,2.1777286529541016,0.0995078444480896,1.0,0.0,0.0,0.738210141658783,1.112108826637268,0.6637930784983886,0.3773727656884826,0.35948005680312667,0.47298879877119765,0.4995377500662427,0.22726604722536434,0.22307304740912445,0.28417839249919313,0.29137207010445365,0.17948910824887382,0.17820945945945946,0.19298062711148647,0.19496938344594594,0.0,0.0,0.0,0.03333333333333333,1.4638124379923914,1.0772203435760181,0.01694915254237288,0.08620689655172414,1.2705163907842048
sf_sink1_9,7,0,/apdcephfs_gy2/share_303214315/cedricnie/develop/training-free/runs/v209_sf_protocol_budget_86f10607_sixnode/screen32/vbench_comparison/published/sf_sink1_9/000007-0.mp4,477,60,16.0,29.8125,0.06388580934594897,0.052125975664924176,0.133238977170458,0.1420518014945236,0.8152585580187329,0.770297646522522,1.4111271381378165,2.191494941711426,0.2634736268684782,0.18344345688819885,0.5863542258739467,1.637227475643158,0.0770297646522522,1.0,0.0,0.0,0.7760534286499023,0.7636270523071289,1.0162728341082599,0.32386840022467317,0.3222221532193959,0.36817672624370695,0.37048887122416535,0.23841998218079968,0.24396395733489834,0.26913279103980914,0.27213783168987193,0.15201514991554052,0.15564294763513514,0.1801612647804054,0.18525654560810811,0.0,0.0,0.0,0.016666666666666666,2.556095602448649,0.7612047479581685,0.2033898305084746,0.05172413793103448,1.6586501752034088
sf_sink1_9,8,0,/apdcephfs_gy2/share_303214315/cedricnie/develop/training-free/runs/v209_sf_protocol_budget_86f10607_sixnode/screen32/vbench_comparison/published/sf_sink1_9/000008-0.mp4,477,60,16.0,29.8125,0.16032399728711005,0.15789447859221814,0.2268943487429151,0.29393062217562804,6.571533987077616,6.537890434265137,9.42952709197998,10.021526336669922,1.638192390573436,1.5207006931304932,3.604111957550048,5.1363844871521,0.6537890434265137,1.0,0.0,0.0,6.5167059898376465,6.622736930847168,0.983989860669891,0.3600484175581833,0.35825208250529944,0.47746414613142546,0.5253004728073662,0.22267451623729756,0.2286835956265768,0.29534054990268777,0.31107614638508674,0.07898367117117117,0.07958984375,0.1143237964527027,0.1222022804054054,0.0,0.0,0.0,0.0,1.436999892370509,0.5512652733763889,0.03389830508474576,0.034482758620689655,0.9941325828734489
sf_sink1_9,9,0,/apdcephfs_gy2/share_303214315/cedricnie/develop/training-free/runs/v209_sf_protocol_budget_86f10607_sixnode/screen32/vbench_comparison/published/sf_sink1_9/000009-0.mp4,477,60,16.0,29.8125,0.040033606398973236,0.033428248237161076,0.09117448245777802,0.09992268132228477,0.5797423907255722,0.523078441619873,0.9856480658054351,1.0872313976287842,0.17259995485174245,0.14658497273921967,0.42107962965965257,0.5822877883911133,0.052307844161987305,1.0,0.0,0.0,0.42637699842453003,0.5316825211048126,0.8019390924090143,0.3811466078900592,0.3831848047496026,0.39475456039679385,0.3978190621687865,0.20806647511974066,0.21468185721462815,0.22852730794641277,0.2292137856978645,0.1251095333614865,0.12016997466216217,0.17077174831081077,0.19953547297297297,0.0,0.0,0.0,0.05,2.727468152411958,0.8050028373481617,0.15254237288135594,0.06896551724137931,1.76623549488006
sf_sink1_9,10,0,/apdcephfs_gy2/share_303214315/cedricnie/develop/training-free/runs/v209_sf_protocol_budget_86f10607_sixnode/screen32/vbench_comparison/published/sf_sink1_9/000010-0.mp4,477,60,16.0,29.8125,0.07722790601761405,0.0723369373994715,0.1206357634301278,0.16548288382735907,1.8934343144045038,1.845348834991455,3.7102325677871693,4.172794342041016,0.6672942638397217,0.541478157043457,1.8838675558567046,2.9526156187057495,0.1845348834991455,1.0,0.0,0.0,2.0259342193603516,1.7317441701889038,1.169880779295106,0.36375496475335634,0.35239384605193425,0.40569665080981715,0.455805449291203,0.24254350010532277,0.23492958867443936,0.30872636559841804,0.3089865761536674,0.14043452632319822,0.14486116976351351,0.1682643581081081,0.18573163006756757,0.0,0.0,0.0,0.016666666666666666,1.6676924371836783,1.0208734089375724,0.05084745762711865,0.08620689655172414,1.3442829230606255
sf_sink1_9,11,0,/apdcephfs_gy2/share_303214315/cedricnie/develop/training-free/runs/v209_sf_protocol_budget_86f10607_sixnode/screen32/vbench_comparison/published/sf_sink1_9/000011-0.mp4,477,60,16.0,29.8125,0.06424474481650466,0.059428925607718674,0.11234706429874193,0.13474409813974417,1.4842280457585544,1.2635787725448608,3.8264910697937013,4.894375801086426,0.5564674498706028,0.26607775688171387,1.7799832642078395,4.2136430740356445,0.12635787725448608,0.9830508474576272,0.01694915254237288,0.01694915254237288,0.6311430931091309,1.3111587166786194,0.4813628472897012,0.3301833008330021,0.33289846027093273,0.40084325421469263,0.40325065414679384,0.18390211965400655,0.1850301840912078,0.22368039143981666,0.22646662305458276,0.1663833755630631,0.16433963260135137,0.20003827069256758,0.20444467905405406,0.0,0.0,0.0,0.0,1.8904441423075333,1.4086840511121714,0.0847457627118644,0.20689655172413793,1.6495640967098524
sf_sink1_9,12,0,/apdcephfs_gy2/share_303214315/cedricnie/develop/training-free/runs/v209_sf_protocol_budget_86f10607_sixnode/screen32/vbench_comparison/published/sf_sink1_9/000012-0.mp4,477,60,16.0,29.8125,0.024894409870618046,0.017541070077933516,0.05893874935075345,0.08948531805300246,0.677344027022689,0.36193424463272095,2.8281323432922347,4.073899269104004,0.3085554279386997,0.1849101334810257,1.158749485015869,1.3132075071334839,0.036193424463272096,1.0,0.0,0.0,1.340200424194336,0.1957891881465912,6.845119676327079,0.3910187646285992,0.3996580219925808,0.45003821376523584,0.4530513049814521,0.167934820547798,0.1547811623121711,0.22219465736477179,0.22319304906090132,0.14608055320945945,0.14999472128378377,0.16296716638513514,0.16857580236486486,0.0,0.0,0.0,0.0,3.3600429785009402,3.2015469721350356,0.11864406779661017,0.1724137931034483,3.280794975317988
sf_sink1_9,13,0,/apdcephfs_gy2/share_303214315/cedricnie/develop/training-free/runs/v209_sf_protocol_budget_86f10607_sixnode/screen32/vbench_comparison/published/sf_sink1_9/000013-0.mp4,477,60,16.0,29.8125,0.0565105976080649,0.05047767115574257,0.10466007980645871,0.1390246223000919,0.9264480082665459,0.8529810905456543,1.7412066340446448,2.5018181800842285,0.3415087214831648,0.22554683685302734,1.2749156206846233,1.7368457317352295,0.08529810905456543,1.0,0.0,0.0,1.1364960670471191,0.682728111743927,1.664639330793205,0.4005092529340002,0.40367388298224693,0.44534746890732646,0.4508055734962904,0.22015331578635572,0.2185959448125992,0.2746618326927904,0.27812320312075606,0.13685995565878378,0.13526710304054054,0.16313608530405405,0.16522381756756757,0.0,0.0,0.0,0.13333333333333333,2.073393589881416,1.4946587149652477,0.0847457627118644,0.1206896551724138,1.7840261524233318
sf_sink1_9,14,0,/apdcephfs_gy2/share_303214315/cedricnie/develop/training-free/runs/v209_sf_protocol_budget_86f10607_sixnode/screen32/vbench_comparison/published/sf_sink1_9/000014-0.mp4,477,60,16.0,29.8125,0.0322488385603332,0.0278623057346718,0.07919808705647777,0.10238577150831035,0.39215320373995827,0.3632063865661621,0.7885510861873622,1.0126979351043701,0.15639360865642285,0.12370196729898453,0.4863293200731277,0.6494358777999878,0.036320638656616215,1.0,0.0,0.0,0.39654552936553955,0.34895867109298706,1.136368178281697,0.38479055399609163,0.3858608033585056,0.40713222873608906,0.4201847757684155,0.2231373082805007,0.22605886086670632,0.24605004988204834,0.2494575284972574,0.09967183980855854,0.08478937922297297,0.14228647592905405,0.14540223817567569,0.0,0.0,0.0,0.31666666666666665,2.8424814446682287,1.3389889001429698,0.06779661016949153,0.10344827586206896,2.090735172405599
sf_sink1_9,15,0,/apdcephfs_gy2/share_303214315/cedricnie/develop/training-free/runs/v209_sf_protocol_budget_86f10607_sixnode/screen32/vbench_comparison/published/sf_sink1_9/000015-0.mp4,477,60,16.0,29.8125,0.15797059314914141,0.14812233120787377,0.21725607030531935,0.26348060159122244,5.272601232690326,4.806872367858887,9.172875976562498,11.41063117980957,2.1141572409662706,1.4382236003875732,5.189103877544403,7.835246562957764,0.4806872367858887,1.0,0.0,0.0,4.590004920959473,4.892899990081787,0.9380949805358169,0.3871591398383678,0.3829204549218336,0.4856276445333199,0.5634183931173821,0.27547402086692363,0.2755670463042263,0.3211797003348691,0.33226280555615695,0.18117037936373873,0.1799118454391892,0.21226377744932431,0.22455658783783783,0.0,0.0,0.0,0.05,1.4667340740163197,1.0795177155610172,0.05084745762711865,0.06896551724137931,1.2731258947886683
sf_sink1_9,16,0,/apdcephfs_gy2/share_303214315/cedricnie/develop/training-free/runs/v209_sf_protocol_budget_86f10607_sixnode/screen32/vbench_comparison/published/sf_sink1_9/000016-0.mp4,477,60,16.0,29.8125,0.0345697266511166,0.02950760897468118,0.061594835543165014,0.09161936442057292,0.3754794420832295,0.28465503454208374,0.9710492312908162,1.2829339504241943,0.17366790026426315,0.0792880430817604,0.8291010677814482,0.9206965863704681,0.028465503454208375,1.0,0.0,0.0,0.46275588870048523,0.20222590863704681,2.2883115809410715,0.48446980125805955,0.4848738386824324,0.5561072366024112,0.5574134911565978,0.2677941873936417,0.26466333322279234,0.29038653591091695,0.30154951555944315,0.13502912091779282,0.12583139780405406,0.18360430743243242,0.19182854729729729,0.0,0.0,0.0,0.23333333333333334,2.087422115292909,2.912652042551079,0.01694915254237288,0.1724137931034483,2.500037078921994
sf_sink1_9,17,0,/apdcephfs_gy2/share_303214315/cedricnie/develop/training-free/runs/v209_sf_protocol_budget_86f10607_sixnode/screen32/vbench_comparison/published/sf_sink1_9/000017-0.mp4,477,60,16.0,29.8125,0.09105246034560704,0.08416509441300934,0.14014042873008575,0.23067969527899052,2.102569948818724,1.7945246696472168,3.9158773899078354,7.248773574829102,0.8382855119376347,0.4064747095108032,2.84143294095993,4.417921543121338,0.1794524669647217,1.0,0.0,0.0,2.4207777976989746,1.5672881603240967,1.5445645918733837,0.41300722597597594,0.4134993851848172,0.4715340208084923,0.47854502020402756,0.23706167049601404,0.23069247378315255,0.2990935246265121,0.30959877938416547,0.13523367117117116,0.13417176942567566,0.1637668918918919,0.16538217905405406,0.0,0.0,0.0,0.0,1.6650659006261905,1.5833902921593848,0.01694915254237288,0.20689655172413793,1.6242280963927875
sf_sink1_9,18,0,/apdcephfs_gy2/share_303214315/cedricnie/develop/training-free/runs/v209_sf_protocol_budget_86f10607_sixnode/screen32/vbench_comparison/published/sf_sink1_9/000018-0.mp4,477,60,16.0,29.8125,0.0632138091569408,0.05388513452866498,0.1186350242764342,0.1613310271618413,0.8630762274487543,0.6533125638961792,2.2715775251388504,4.040651321411133,0.350738319343534,0.15535882115364075,1.1268754303455353,2.7209038734436035,0.06533125638961793,1.0,0.0,0.0,0.6611438989639282,0.513112485408783,1.2884970016607813,0.26498783135157217,0.2721174586811076,0.31037404362082666,0.3262269392554319,0.2607551195065447,0.2740540716495371,0.28763484809923257,0.2909752067401095,0.20293980503941442,0.20065720016891891,0.24369853251689189,0.24865392736486486,0.0,0.0,0.0,0.16666666666666666,2.2016280615078463,1.7248641655154393,0.11864406779661017,0.2413793103448276,1.9632461135116428
sf_sink1_9,19,0,/apdcephfs_gy2/share_303214315/cedricnie/develop/training-free/runs/v209_sf_protocol_budget_86f10607_sixnode/screen32/vbench_comparison/published/sf_sink1_9/000019-0.mp4,477,60,16.0,29.8125,0.06078827146597975,0.04713138131534352,0.1261514536539713,0.14223025452856924,1.678166683195001,1.3538808822631836,3.6569118499755833,4.709591865539551,0.47659166131553976,0.24131083488464355,1.499393457174301,3.0869451761245728,0.13538808822631837,0.9830508474576272,0.01694915254237288,0.01694915254237288,1.6195926666259766,1.2096500396728516,1.3388935754211966,0.430245106664569,0.4470247706346052,0.48302607582306567,0.49681424301139376,0.2202735726091495,0.2095625686047301,0.2945776495221989,0.296895646226181,0.16285939259572074,0.16532939189189189,0.18441327069256755,0.19404560810810811,0.0,0.0,0.0,0.0,2.676591479675198,1.1074781222022094,0.2542372881355932,0.15517241379310345,1.8920348009387036
sf_sink1_9,20,0,/apdcephfs_gy2/share_303214315/cedricnie/develop/training-free/runs/v209_sf_protocol_budget_86f10607_sixnode/screen32/vbench_comparison/published/sf_sink1_9/000020-0.mp4,477,60,16.0,29.8125,0.09328432206736724,0.08642293144674862,0.15047006644454658,0.1627603119494868,0.9328092134605019,0.7987269163131714,1.6205874919891343,3.1368746757507324,0.2630414592808691,0.16960014402866364,0.7133086472749707,1.651321291923523,0.07987269163131715,1.0,0.0,0.0,1.1709097623825073,0.6159448027610779,1.900997876974859,0.3448452801376744,0.342284483472443,0.38271887006491784,0.4099550377583466,0.29242160150275043,0.2925726238489011,0.30733898718001607,0.3097524070566838,0.20955183699324326,0.21340529983108109,0.24651472761824322,0.25768053209459457,0.0,0.0,0.0,0.0,1.7410895919130214,0.8930569794336201,0.13559322033898305,0.10344827586206896,1.3170732856733207
sf_sink1_9,21,0,/apdcephfs_gy2/share_303214315/cedricnie/develop/training-free/runs/v209_sf_protocol_budget_86f10607_sixnode/screen32/vbench_comparison/published/sf_sink1_9/000021-0.mp4,477,60,16.0,29.8125,0.19657174766796615,0.1892177506989124,0.2842135679955575,0.3377392937155331,7.0084256721755205,6.953503131866455,9.068316268920897,9.827473640441895,1.4071032754306136,1.1719555854797363,3.144423985481262,3.305715560913086,0.6953503131866455,1.0,0.0,0.0,6.756226539611816,6.974937677383423,0.9686432843004765,0.24085291633545314,0.237702195531929,0.348550480052663,0.39535918041202966,0.23547079411230434,0.2364367805065083,0.3156999560271439,0.3434244150117354,0.12888425534909909,0.12882706925675674,0.20013592694256757,0.25034311655405406,0.0,0.0,0.0,0.016666666666666666,1.502044955855144,0.4522071718168965,0.03389830508474576,0.06896551724137931,0.9771260638360203
sf_sink1_9,22,0,/apdcephfs_gy2/share_303214315/cedricnie/develop/training-free/runs/v209_sf_protocol_budget_86f10607_sixnode/screen32/vbench_comparison/published/sf_sink1_9/000022-0.mp4,477,60,16.0,29.8125,0.12451699815663281,0.11879792306937423,0.227629295797909,0.2522048351811428,5.551867674973051,5.4501261711120605,9.791933917999266,14.015453338623047,1.1704298093401153,0.7065691947937012,3.742336273193358,6.726619720458984,0.5450126171112061,1.0,0.0,0.0,6.788944244384766,4.829334735870361,1.4057721437197572,0.46524568111309844,0.4783044245992316,0.5779765386940249,0.5905863929186539,0.30434924892412424,0.3169135597931203,0.35648998873780824,0.3692063611495703,0.07786590301238737,0.08201805320945946,0.1356986380912162,0.14754011824324326,0.0,0.0,0.0,0.06666666666666667,1.9161050119115357,0.6866513096576184,0.01694915254237288,0.1724137931034483,1.3013781607845771
sf_sink1_9,23,0,/apdcephfs_gy2/share_303214315/cedricnie/develop/training-free/runs/v209_sf_protocol_budget_86f10607_sixnode/screen32/vbench_comparison/published/sf_sink1_9/000023-0.mp4,477,60,16.0,29.8125,0.06951821550018725,0.06160034104889514,0.125336762970569,0.19711626838235294,2.2163171616651245,1.684877634048462,4.634921360015861,17.130859375,1.2266095301200604,0.6708052158355713,4.117578870058056,11.143672943115234,0.1684877634048462,1.0,0.0,0.0,1.684877634048462,1.656154453754425,1.017343298041389,0.22443022468700322,0.24391591729597245,0.2542848012304584,0.2610747466216216,0.27413271095901515,0.26937700716203206,0.30482269820363633,0.31241483145812476,0.11496296100788289,0.12040751689189189,0.14145375844594593,0.15036423141891891,0.0,0.0,0.0,0.0,2.0346764455586897,2.4438444589974435,0.11864406779661017,0.1724137931034483,2.2392604522780664
sf_sink1_9,24,0,/apdcephfs_gy2/share_303214315/cedricnie/develop/training-free/runs/v209_sf_protocol_budget_86f10607_sixnode/screen32/vbench_comparison/published/sf_sink1_9/000024-0.mp4,477,60,16.0,29.8125,0.04454718070317043,0.035413663527544804,0.1065799825331744,0.15323801975624235,0.808559336399628,0.7286367416381836,1.6823523283004755,2.302117347717285,0.2782533035196107,0.1929583102464676,0.6820798844099044,1.123387336730957,0.07286367416381836,1.0,0.0,0.0,0.836445689201355,0.7102367877960205,1.177699752496602,0.2962048065988782,0.29246199324324323,0.33380178317103865,0.3780028649973503,0.2182185793012424,0.2182851891751954,0.2542794862204598,0.2637793363407685,0.12347357122747747,0.13008076435810811,0.15612726984797295,0.16546135979729729,0.0,0.0,0.0,0.0,3.0095723491097246,0.9361041592225969,0.13559322033898305,0.1206896551724138,1.9728382541661609
sf_sink1_9,25,0,/apdcephfs_gy2/share_303214315/cedricnie/develop/training-free/runs/v209_sf_protocol_budget_86f10607_sixnode/screen32/vbench_comparison/published/sf_sink1_9/000025-0.mp4,477,60,16.0,29.8125,0.0354898355141079,0.02898242987838446,0.11651732351265699,0.15898872824276195,1.4441695746223806,1.6030939817428589,2.192026972770691,2.753739833831787,0.36649059889645413,0.3074040412902832,0.8893612265586853,1.232253909111023,0.1603093981742859,1.0,0.0,0.0,1.000530481338501,1.6564127206802368,0.6040345312776966,0.053454360840620024,0.03902042552662957,0.09539515848569158,0.22554039563460518,0.07362532717045492,0.07130546104816743,0.10902310688989691,0.12081257692698441,0.04196403434684685,0.0370433910472973,0.0819877005912162,0.09153293918918919,0.2833333333333333,0.0,0.0,0.11666666666666667,4.020274490495961,0.554777971028115,0.1016949152542373,0.034482758620689655,2.287526230762038
sf_sink1_9,26,0,/apdcephfs_gy2/share_303214315/cedricnie/develop/training-free/runs/v209_sf_protocol_budget_86f10607_sixnode/screen32/vbench_comparison/published/sf_sink1_9/000026-0.mp4,477,60,16.0,29.8125,0.05573912592336718,0.05427617465748506,0.10686433605119285,0.1403955347397748,1.7598274458768004,1.3625032901763916,4.277200365066529,4.947727203369141,0.6300082098821114,0.43443968892097473,1.7232053518295287,2.39923095703125,0.13625032901763917,0.9830508474576272,0.01694915254237288,0.01694915254237288,1.1515034437179565,1.4310426712036133,0.8046604527518781,0.07639950152358241,0.05974000770071542,0.17305102552000526,0.1863010068892422,0.14405259935787618,0.13596334491684714,0.2600970101306525,0.26861186288887623,0.05402546100788289,0.05584881756756757,0.0820484058277027,0.0858055320945946,0.1,0.0,0.0,0.0,1.9688995535438958,1.2647348188101917,0.05084745762711865,0.10344827586206896,1.6168171861770437
sf_sink1_9,27,0,/apdcephfs_gy2/share_303214315/cedricnie/develop/training-free/runs/v209_sf_protocol_budget_86f10607_sixnode/screen32/vbench_comparison/published/sf_sink1_9/000027-0.mp4,477,60,16.0,29.8125,0.06251167184532422,0.058482484256519994,0.08854413051231232,0.1073685739554611,1.3326002046213312,1.1373531818389893,2.2918444633483883,3.9158191680908203,0.43708364100291813,0.31059199571609497,1.3023722290992734,1.560377597808838,0.11373531818389893,1.0,0.0,0.0,1.7471376657485962,1.0603018403053284,1.647773869038541,0.38085144657525166,0.4011009228437997,0.46056292333233967,0.48158152407922633,0.22382155440266732,0.22313876428422352,0.2578293799161996,0.26234610499761574,0.11495064400337837,0.11399387668918919,0.13373891469594595,0.13933171452702703,0.0,0.0,0.0,0.06666666666666667,1.5140282024261111,1.1450904168513991,0.1016949152542373,0.15517241379310345,1.3295593096387552
sf_sink1_9,28,0,/apdcephfs_gy2/share_303214315/cedricnie/develop/training-free/runs/v209_sf_protocol_budget_86f10607_sixnode/screen32/vbench_comparison/published/sf_sink1_9/000028-0.mp4,477,60,16.0,29.8125,0.09292772210052379,0.09022661096909466,0.12762113832959932,0.1634755302877987,4.9048542451050325,4.377201557159424,9.015495681762689,14.986706733703613,1.0906932518399994,0.7228293418884277,3.019339418411253,4.913567543029785,0.4377201557159424,1.0,0.0,0.0,4.129148960113525,4.8310840129852295,0.8547044408697907,0.3105497144663046,0.3136729100423954,0.4298167560943296,0.4439025652490726,0.2816798936674106,0.27306466991974,0.36124150820259227,0.37096445898933517,0.10109181447072071,0.1024070945945946,0.13914168074324323,0.15041701858108109,0.0,0.0,0.0,0.0,1.4144512019110793,0.6897876140688042,0.05084745762711865,0.06896551724137931,1.0521194079899416
sf_sink1_9,29,0,/apdcephfs_gy2/share_303214315/cedricnie/develop/training-free/runs/v209_sf_protocol_budget_86f10607_sixnode/screen32/vbench_comparison/published/sf_sink1_9/000029-0.mp4,477,60,16.0,29.8125,0.0614101563311368,0.05789074991263595,0.093344539567536,0.11802805732278263,2.822465102551347,2.662327766418457,4.550632286071775,7.276357173919678,0.7775591981822046,0.5633208751678467,1.590011262893676,4.587646007537842,0.2662327766418457,1.0,0.0,0.0,3.0944833755493164,2.471318006515503,1.2521591180863287,0.3189009540330771,0.30805889184220986,0.46367750563063065,0.4704084484300477,0.17321769266884693,0.17319700473738386,0.1955317214330705,0.20003488514783438,0.09387448972409909,0.08242715371621621,0.18041464315878378,0.1845703125,0.0,0.0,0.0,0.11666666666666667,1.6124258142864627,0.5972259625390403,0.13559322033898305,0.10344827586206896,1.1048258884127515
sf_sink1_9,30,0,/apdcephfs_gy2/share_303214315/cedricnie/develop/training-free/runs/v209_sf_protocol_budget_86f10607_sixnode/screen32/vbench_comparison/published/sf_sink1_9/000030-0.mp4,477,60,16.0,29.8125,0.088653402116141,0.08278196746227788,0.12857476028741574,0.18712521721335018,1.6295501761517281,1.3161373138427734,4.063125944137571,5.116647243499756,0.6840118827490971,0.39002668857574463,2.3700610637664794,3.154197871685028,0.13161373138427734,1.0,0.0,0.0,0.8640587329864502,1.577769935131073,0.5476455811123493,0.4437493496483616,0.4179582443196873,0.5845350330799549,0.5993179070614733,0.22746693737538898,0.22759254445853594,0.27894350214615854,0.2832335388258092,0.10918496621621622,0.0977882179054054,0.23400812922297295,0.2563344594594595,0.0,0.0,0.0,0.1,1.5531735259373334,1.8007703594745192,0.03389830508474576,0.15517241379310345,1.6769719427059262
sf_sink1_9,31,0,/apdcephfs_gy2/share_303214315/cedricnie/develop/training-free/runs/v209_sf_protocol_budget_86f10607_sixnode/screen32/vbench_comparison/published/sf_sink1_9/000031-0.mp4,477,60,16.0,29.8125,0.05876337395589111,0.05317944171381932,0.09713705100265188,0.12399921791226257,0.9383683906773389,0.6282690167427063,2.600819253921508,5.034278392791748,0.501834344761125,0.21980589628219604,1.9521746754646299,2.4479928016662598,0.06282690167427063,1.0,0.0,0.0,0.7104353904724121,0.62642702460289,1.1341071865837484,0.2752569786008436,0.29570690290474294,0.31024759249138845,0.34908574705219925,0.24478247088667376,0.24398518463478086,0.26654221952442225,0.2746467082151262,0.17850594735360362,0.16621357685810811,0.23364389780405406,0.24355996621621623,0.0,0.0,0.0,0.21666666666666667,1.8265902738390285,3.1072273555455303,0.05084745762711865,0.22413793103448276,2.4669088146922795
sf_sink3_9,0,0,/apdcephfs_gy2/share_303214315/cedricnie/develop/training-free/runs/v209_sf_protocol_budget_86f10607_sixnode/screen32/vbench_comparison/published/sf_sink3_9/000000-0.mp4,477,60,16.0,29.8125,0.09543611039034589,0.0817229102639591,0.17586275736490875,0.2072000690535003,2.6058305158453474,2.4357147216796875,4.134540462493896,4.846097469329834,0.655197916359737,0.5022375583648682,1.8349956095218658,2.149437189102173,0.24357147216796876,1.0,0.0,0.0,2.003492832183838,2.7738418579101562,0.7222808418116857,0.3937866560264308,0.3827964568428723,0.47810298982346316,0.49294204590620033,0.2641726774792724,0.2717371239249891,0.3018050029238394,0.31493795723858936,0.11849266258445944,0.11775496199324324,0.14621779983108107,0.1540329391891892,0.0,0.0,0.0,0.0,2.1519394842509247,0.7533704966304259,0.2033898305084746,0.10344827586206896,1.4526549904406754
sf_sink3_9,1,0,/apdcephfs_gy2/share_303214315/cedricnie/develop/training-free/runs/v209_sf_protocol_budget_86f10607_sixnode/screen32/vbench_comparison/published/sf_sink3_9/000001-0.mp4,477,60,16.0,29.8125,0.09098141956424428,0.08904148924584482,0.12148982627719052,0.1462953754499847,2.0904416148945435,1.7583552598953247,3.974209117889403,6.744384765625,0.7748509583802059,0.43267643451690674,2.174606269598007,3.8155384063720703,0.17583552598953248,1.0,0.0,0.0,2.008941173553467,1.7148807048797607,1.171475757956192,0.5651210499332052,0.5633756976185745,0.5905446134323661,0.5965781498410174,0.22337515342975586,0.22468393940904374,0.2553759580186144,0.2681975515659158,0.16396044481981978,0.16749366554054054,0.2157200168918919,0.21940983952702703,0.0,0.0,0.0,0.0,1.3644181752368874,1.236727480047156,0.0847457627118644,0.1896551724137931,1.3005728276420216
sf_sink3_9,2,0,/apdcephfs_gy2/share_303214315/cedricnie/develop/training-free/runs/v209_sf_protocol_budget_86f10607_sixnode/screen32/vbench_comparison/published/sf_sink3_9/000002-0.mp4,477,60,16.0,29.8125,0.04861107335291894,0.046272812637628294,0.07400864619834747,0.08628082275390625,0.9757089112269677,0.8537895083427429,1.9063805699348442,3.6732141971588135,0.40025552464970227,0.31815771758556366,1.1906688973307609,2.0334821939468384,0.0853789508342743,1.0,0.0,0.0,0.8714919686317444,0.8512284457683563,1.0238050349046985,0.39721139050355503,0.38835028732776894,0.44162806476053257,0.4506948239599894,0.24802228475057547,0.2506376482258685,0.26787125034978604,0.28000867028896814,0.13018149985923425,0.13075380067567566,0.1387299408783784,0.14157516891891891,0.0,0.0,0.0,0.016666666666666666,1.5993980477894023,1.394569604915761,0.06779661016949153,0.08620689655172414,1.4969838263525816
sf_sink3_9,3,0,/apdcephfs_gy2/share_303214315/cedricnie/develop/training-free/runs/v209_sf_protocol_budget_86f10607_sixnode/screen32/vbench_comparison/published/sf_sink3_9/000003-0.mp4,477,60,16.0,29.8125,0.12633325266814305,0.11607348124186198,0.1997686573103362,0.23084519330193015,4.215655375335176,3.9573235511779785,6.876721334457392,8.214780807495117,0.9612104358344242,0.6517668962478638,2.4660913467407224,3.768451690673828,0.39573235511779786,1.0,0.0,0.0,3.2615861892700195,4.226114749908447,0.7717694341689793,0.3306309704695504,0.31906739575052995,0.44140780256359297,0.46245952984234234,0.2470371472844426,0.24855812473232008,0.27123126334300734,0.2765445334877919,0.16593864372184688,0.16815350506756757,0.17947635135135134,0.1955764358108108,0.0,0.0,0.0,0.016666666666666666,1.721053380781083,0.6231715235936772,0.11864406779661017,0.15517241379310345,1.1721124521873802
sf_sink3_9,4,0,/apdcephfs_gy2/share_303214315/cedricnie/develop/training-free/runs/v209_sf_protocol_budget_86f10607_sixnode/screen32/vbench_comparison/published/sf_sink3_9/000004-0.mp4,477,60,16.0,29.8125,0.11813011442002526,0.12209743424957874,0.16985169354607074,0.18340308993470436,4.412886227591563,3.951528310775757,6.886347246170042,8.644760131835938,1.1311465131825413,0.942786693572998,3.2191398620605467,3.596784830093384,0.3951528310775757,1.0,0.0,0.0,4.072897911071777,3.914823532104492,1.0403784174870097,0.3841409130868001,0.3915216054749603,0.45792287692103867,0.4765699523052464,0.3348180042041577,0.33426497185792026,0.36435404562462564,0.37361850069864994,0.1156443552927928,0.11619774070945946,0.13522091427364863,0.15324113175675674,0.0,0.0,0.0,0.016666666666666666,1.3911159934686077,0.8146569147137329,0.0,0.1206896551724138,1.1028864540911703
sf_sink3_9,5,0,/apdcephfs_gy2/share_303214315/cedricnie/develop/training-free/runs/v209_sf_protocol_budget_86f10607_sixnode/screen32/vbench_comparison/published/sf_sink3_9/000005-0.mp4,477,60,16.0,29.8125,0.09906829214048529,0.09027805702359068,0.18156259125354235,0.21113085279277727,2.160343339887716,1.3090605735778809,5.949216842651366,8.30177116394043,0.617749675080694,0.35152071714401245,2.6088996052741997,3.406652331352234,0.1309060573577881,1.0,0.0,0.0,1.2287713289260864,1.7875444889068604,0.6874074108653478,0.4562589375910837,0.4744615191938262,0.501003194140832,0.5043030852543721,0.2579762528142895,0.254741997784352,0.2947695417375727,0.2982161933747183,0.15546435106981982,0.15487753378378377,0.1755344700168919,0.17810388513513514,0.0,0.0,0.0,0.0,2.01114863610875,1.9929556033787206,0.13559322033898305,0.13793103448275862,2.0020521197437353
sf_sink3_9,6,0,/apdcephfs_gy2/share_303214315/cedricnie/develop/training-free/runs/v209_sf_protocol_budget_86f10607_sixnode/screen32/vbench_comparison/published/sf_sink3_9/000006-0.mp4,477,60,16.0,29.8125,0.11913994788806595,0.11969044255275352,0.17218469058766084,0.21409593469956342,2.791975992210841,2.351193904876709,6.768580532073973,10.386442184448242,0.9174298376872622,0.7673482298851013,2.4287084817886346,3.636317253112793,0.23511939048767092,1.0,0.0,0.0,2.308593273162842,2.394319534301758,0.9641959814006547,0.43309494236883955,0.4390721776463964,0.473003589527027,0.4995377500662427,0.22329692897146688,0.22313252047455645,0.25928200553950026,0.2609107578638706,0.1641627956081081,0.1642868454391892,0.20098843961148646,0.20594911317567569,0.0,0.0,0.0,0.0,1.438583456751532,1.0329681770402472,0.03389830508474576,0.1206896551724138,1.2357758168958897
sf_sink3_9,7,0,/apdcephfs_gy2/share_303214315/cedricnie/develop/training-free/runs/v209_sf_protocol_budget_86f10607_sixnode/screen32/vbench_comparison/published/sf_sink3_9/000007-0.mp4,477,60,16.0,29.8125,0.06615646444075367,0.05960716172760608,0.13818935469085092,0.14871944352692248,0.8987886097471592,0.8295975923538208,1.6104584813117981,3.3344573974609375,0.3824052749008968,0.21082212030887604,1.113264769315719,2.8518861532211304,0.08295975923538208,1.0,0.0,0.0,0.3917206823825836,0.9044655859470367,0.4330962819026724,0.3437353834763071,0.3442715061108903,0.36934684167163484,0.3714816838897721,0.25090638015003136,0.2584841052588276,0.26995300307633063,0.27214400095688335,0.13977864583333335,0.14731577280405406,0.16877771326013513,0.17303631756756757,0.0,0.0,0.0,0.0,2.3183347551817888,1.3419334621705543,0.11864406779661017,0.13793103448275862,1.8301341086761715
sf_sink3_9,8,0,/apdcephfs_gy2/share_303214315/cedricnie/develop/training-free/runs/v209_sf_protocol_budget_86f10607_sixnode/screen32/vbench_comparison/published/sf_sink3_9/000008-0.mp4,477,60,16.0,29.8125,0.1718066875068561,0.16408455044615503,0.2550966001024432,0.28831975600298715,7.246526091785754,7.267374038696289,9.74652585983276,12.309075355529785,1.5315705578902672,1.1839148998260498,3.3824015498161315,7.200688362121582,0.7267374038696289,1.0,0.0,0.0,6.994565963745117,7.280039310455322,0.9607868399418917,0.35503152394122056,0.3590226198165077,0.47530938969760195,0.49390701593137254,0.227492377199347,0.23225503229348068,0.29298986974883207,0.303895324554386,0.0993969066722973,0.10021642736486486,0.13468908361486487,0.15234375,0.0,0.0,0.0,0.0,1.554665563630588,0.46542279670841163,0.0847457627118644,0.10344827586206896,1.0100441801694997
sf_sink3_9,9,0,/apdcephfs_gy2/share_303214315/cedricnie/develop/training-free/runs/v209_sf_protocol_budget_86f10607_sixnode/screen32/vbench_comparison/published/sf_sink3_9/000009-0.mp4,477,60,16.0,29.8125,0.04921362028442058,0.0370909522561466,0.11435356439328659,0.12238858540852865,0.7382349235526586,0.7152965068817139,1.1413054108619687,1.4053726196289062,0.24878670429361277,0.23322081565856934,0.5221181899309159,0.5819370746612549,0.0715296506881714,1.0,0.0,0.0,0.5488021373748779,0.8076131939888,0.6795358736827283,0.3873843374624624,0.38887417403616853,0.4034781978669846,0.41309877202570217,0.21423586897903615,0.2240819798555005,0.23707058665731642,0.2406756510692026,0.10353586007882883,0.10821368243243243,0.12075591216216217,0.12552787162162163,0.0,0.0,0.0,0.016666666666666666,3.083058197146617,0.7299325313457133,0.2033898305084746,0.034482758620689655,1.9064953642461653
sf_sink3_9,10,0,/apdcephfs_gy2/share_303214315/cedricnie/develop/training-free/runs/v209_sf_protocol_budget_86f10607_sixnode/screen32/vbench_comparison/published/sf_sink3_9/000010-0.mp4,477,60,16.0,29.8125,0.09214505119234989,0.08884358873554304,0.146518466425877,0.15778392716950063,2.9494330630464067,2.525475025177002,6.255303287506103,7.053376197814941,1.1128942164881477,0.7758041620254517,3.1452590584754936,5.046335458755493,0.2525475025177002,1.0,0.0,0.0,2.433293104171753,2.6309417486190796,0.9248753247573543,0.3793042600274908,0.3864417209028882,0.40625770589063326,0.41673901613010067,0.23023595784757284,0.23224806361175604,0.2613150819795014,0.2641152297680209,0.1266988668355856,0.12337679476351351,0.16093749999999998,0.1632179054054054,0.0,0.0,0.0,0.06666666666666667,1.6491732100333352,1.2454128538669882,0.0847457627118644,0.13793103448275862,1.4472930319501618
sf_sink3_9,11,0,/apdcephfs_gy2/share_303214315/cedricnie/develop/training-free/runs/v209_sf_protocol_budget_86f10607_sixnode/screen32/vbench_comparison/published/sf_sink3_9/000011-0.mp4,477,60,16.0,29.8125,0.08550204378142631,0.0803434035357307,0.1550639627494064,0.1623637928682215,1.8647355194819175,1.674311637878418,3.645073413848876,3.8189778327941895,0.6216144849514139,0.4108912944793701,1.713600271940231,1.949344277381897,0.1674311637878418,1.0,0.0,0.0,1.159875512123108,1.8106860518455505,0.6405724012403471,0.3841007137652358,0.38202079607180706,0.41504550563891096,0.44020963748675146,0.22518823352553025,0.2259033614536332,0.28051147776821966,0.28306879191320095,0.16172446860923426,0.1644847972972973,0.20174197635135135,0.20402238175675674,0.0,0.0,0.0,0.0,1.9300148602796694,1.0234655443902887,0.13559322033898305,0.1206896551724138,1.476740202334979
sf_sink3_9,12,0,/apdcephfs_gy2/share_303214315/cedricnie/develop/training-free/runs/v209_sf_protocol_budget_86f10607_sixnode/screen32/vbench_comparison/published/sf_sink3_9/000012-0.mp4,477,60,16.0,29.8125,0.024533294015011545,0.020157864514519185,0.04683029735789574,0.08297955382104014,0.4920180676094556,0.3703702986240387,1.4873010277748107,3.062964916229248,0.3229179675209111,0.16026288270950317,1.0457143694162367,2.906196251511574,0.03703702986240387,1.0,0.0,0.0,0.7013766765594482,0.27686797082424164,2.5332532126104566,0.43273976929595037,0.4305910920111288,0.44999454015136464,0.45302956909114994,0.19956734338566917,0.19971335957608205,0.22210378671145947,0.223157411243796,0.13921558277027027,0.14289484797297297,0.15229624155405405,0.15952280405405406,0.0,0.0,0.0,0.0,2.3231775034585183,2.8234293443647243,0.06779661016949153,0.13793103448275862,2.5733034239116215
sf_sink3_9,13,0,/apdcephfs_gy2/share_303214315/cedricnie/develop/training-free/runs/v209_sf_protocol_budget_86f10607_sixnode/screen32/vbench_comparison/published/sf_sink3_9/000013-0.mp4,477,60,16.0,29.8125,0.0496336563119226,0.041365986244351255,0.11640341515634571,0.13430151845894608,0.656738056974896,0.5550761222839355,1.7018714904785155,2.0504040718078613,0.2749960371132555,0.17504075169563293,1.0369377255439758,1.319826990365982,0.05550761222839356,1.0,0.0,0.0,0.39907822012901306,0.5867312252521515,0.6801721179190806,0.44536991552673993,0.4467616111055909,0.4633939143647324,0.4678032467209857,0.21248924773306596,0.22140649896637876,0.2298478153311773,0.23311847650899803,0.11947274422860361,0.1257522170608108,0.13501636402027026,0.13888302364864866,0.0,0.0,0.0,0.0,2.81398863473831,1.8681000387430748,0.11864406779661017,0.08620689655172414,2.3410443367406923
sf_sink3_9,14,0,/apdcephfs_gy2/share_303214315/cedricnie/develop/training-free/runs/v209_sf_protocol_budget_86f10607_sixnode/screen32/vbench_comparison/published/sf_sink3_9/000014-0.mp4,477,60,16.0,29.8125,0.03507679370044671,0.022863154317818435,0.09762668011235251,0.10575317682004443,0.5332479807785002,0.44677186012268066,1.2452030420303342,1.7150931358337402,0.2529105711086043,0.1498618721961975,0.7020307153463363,1.2345023155212402,0.04467718601226807,1.0,0.0,0.0,0.26803553104400635,0.510095477104187,0.5254614931417243,0.3787107563675808,0.38041891270866457,0.388754000438858,0.39399768564520404,0.2207499851619379,0.23132959005906245,0.24064462675350218,0.24507246408476868,0.07477037584459459,0.07952385979729729,0.08818887246621622,0.09253589527027027,0.0,0.0,0.0,0.03333333333333333,4.270044227286127,1.571340493901212,0.1864406779661017,0.1896551724137931,2.9206923605936694
sf_sink3_9,15,0,/apdcephfs_gy2/share_303214315/cedricnie/develop/training-free/runs/v209_sf_protocol_budget_86f10607_sixnode/screen32/vbench_comparison/published/sf_sink3_9/000015-0.mp4,477,60,16.0,29.8125,0.15610423596763423,0.15644686829810048,0.18940756853889007,0.21693154129327513,5.686906200344279,5.429551124572754,8.305702686309811,10.437192916870117,2.0165026352323334,1.5527961254119873,5.156196665763855,6.350253105163574,0.5429551124572755,1.0,0.0,0.0,5.429551124572754,5.425428867340088,1.00075980301898,0.3909265992785065,0.3893697523350556,0.4266451222592077,0.43936907955749865,0.2708483767771391,0.27339939132602126,0.298615161686616,0.301191628451801,0.1860479131475225,0.18703811233108109,0.22370539484797297,0.23046875,0.0,0.0,0.0,0.0,1.2106830299599534,0.9496543171733356,0.01694915254237288,0.06896551724137931,1.0801686735666445
sf_sink3_9,16,0,/apdcephfs_gy2/share_303214315/cedricnie/develop/training-free/runs/v209_sf_protocol_budget_86f10607_sixnode/screen32/vbench_comparison/published/sf_sink3_9/000016-0.mp4,477,60,16.0,29.8125,0.029954430414379216,0.026710304559445848,0.0659058828914866,0.09378301583084406,0.353260828150531,0.17787402868270874,0.7409796714782715,3.532808542251587,0.2883737852861141,0.05649891495704651,2.1313381567597385,3.2570614218711853,0.02,1.0,0.0,0.0,0.10142368078231812,0.2558857649564743,0.3963631224252357,0.5400458661786787,0.5393724951974033,0.5561720043802995,0.5583797032326444,0.2691069734794205,0.2699553995416256,0.2779483374989113,0.27999713773063645,0.11791552294481981,0.11885029560810811,0.12305875211148648,0.12354835304054054,0.0,0.0,0.0,0.0,2.467432849550928,11.98228978420236,0.06779661016949153,0.2413793103448276,7.224861316876644
sf_sink3_9,17,0,/apdcephfs_gy2/share_303214315/cedricnie/develop/training-free/runs/v209_sf_protocol_budget_86f10607_sixnode/screen32/vbench_comparison/published/sf_sink3_9/000017-0.mp4,477,60,16.0,29.8125,0.08097969776532625,0.07457905189663756,0.13874576344209558,0.15903209611481312,1.7841826879372031,1.4954248666763306,3.303147649765011,7.963874816894531,0.8228821117302467,0.45407116413116455,2.2835436224937435,6.13888692855835,0.14954248666763306,1.0,0.0,0.0,1.410334825515747,1.5024411082267761,0.9386955786774661,0.4603243098337308,0.4621521740030472,0.47728144562301267,0.4793373451576577,0.22703560289741248,0.2327468189513103,0.2750706716938932,0.2761558154364988,0.13614600929054055,0.12647804054054054,0.20590160472972968,0.2237647804054054,0.0,0.0,0.0,0.13333333333333333,1.8603851874436474,1.527019961603991,0.1694915254237288,0.1206896551724138,1.6937025745238192
sf_sink3_9,18,0,/apdcephfs_gy2/share_303214315/cedricnie/develop/training-free/runs/v209_sf_protocol_budget_86f10607_sixnode/screen32/vbench_comparison/published/sf_sink3_9/000018-0.mp4,477,60,16.0,29.8125,0.08310962174968015,0.06686788072773055,0.17919880436915972,0.2388974058861826,1.92311629160481,1.544722080230713,4.476492357254025,5.883160591125488,0.8481605882788527,0.34755702316761017,2.988239151239393,4.918729662895203,0.1544722080230713,0.9491525423728814,0.05084745762711865,0.05084745762711865,0.9644309282302856,1.6453012228012085,0.5861728629778158,0.21914595029312398,0.21918927199258081,0.33841651451543453,0.39017020237148914,0.224351045545753,0.2277340427076179,0.25885505270756326,0.26786006686788777,0.14788983319256757,0.1529639991554054,0.2185850401182432,0.23640730574324326,0.0,0.0,0.0,0.0,2.679893581476178,1.934483354308681,0.11864406779661017,0.2413793103448276,2.3071884678924297
sf_sink3_9,19,0,/apdcephfs_gy2/share_303214315/cedricnie/develop/training-free/runs/v209_sf_protocol_budget_86f10607_sixnode/screen32/vbench_comparison/published/sf_sink3_9/000019-0.mp4,477,60,16.0,29.8125,0.07632894561155248,0.0702817580279182,0.16508608500162752,0.2292379790661382,2.2082098704778543,2.002692699432373,4.083102321624755,9.440718650817871,0.8817701830432333,0.5180164575576782,2.171551096439361,8.205156326293945,0.20026926994323732,0.9830508474576272,0.01694915254237288,0.01694915254237288,2.519615650177002,1.7879129648208618,1.4092496110007526,0.44433827497074285,0.44448120570018546,0.49652961152788816,0.4994820647853736,0.2132097785426636,0.21846943626007165,0.26989583373030784,0.27313514613876416,0.1431561444256757,0.14876741976351351,0.191382495777027,0.19457347972972974,0.0,0.0,0.0,0.0,2.348917978631809,1.0843156801115057,0.1016949152542373,0.13793103448275862,1.7166168293716573
sf_sink3_9,20,0,/apdcephfs_gy2/share_303214315/cedricnie/develop/training-free/runs/v209_sf_protocol_budget_86f10607_sixnode/screen32/vbench_comparison/published/sf_sink3_9/000020-0.mp4,477,60,16.0,29.8125,0.07117075180048642,0.06750898174211091,0.11140275917801201,0.13231039608226103,0.8385677448773788,0.7989476919174194,1.5399444818496701,1.7152132987976074,0.19654957693198633,0.13832101225852966,0.5722005486488342,0.8598554730415344,0.07989476919174195,1.0,0.0,0.0,0.41130369901657104,0.8666108846664429,0.4746117390100416,0.357753369753025,0.3605529817501325,0.3832108308906333,0.43461792445018543,0.287808786877595,0.287858258284886,0.30019896999456397,0.3059659452219015,0.19387624929617117,0.19343855574324326,0.20921004011824326,0.22648331925675674,0.0,0.0,0.0,0.016666666666666666,1.6501916678817412,0.7161927550921291,0.06779661016949153,0.15517241379310345,1.183192211486935
sf_sink3_9,21,0,/apdcephfs_gy2/share_303214315/cedricnie/develop/training-free/runs/v209_sf_protocol_budget_86f10607_sixnode/screen32/vbench_comparison/published/sf_sink3_9/000021-0.mp4,477,60,16.0,29.8125,0.1816592773356363,0.17587595920936733,0.24528756085564107,0.27751578536688115,7.14576729273392,6.894325256347656,10.03044109344482,12.58047103881836,1.5931137101403599,1.3613595962524414,3.650843977928161,5.394386291503906,0.6894325256347656,1.0,0.0,0.0,7.2620368003845215,6.747925043106079,1.0761881250894565,0.2567806231093226,0.2585934912394012,0.3499411371389772,0.39378902109830416,0.21588275925274203,0.21701308606975667,0.28577133818247347,0.2950117778643268,0.121752269847973,0.12427417652027027,0.18783123944256755,0.20473500844594594,0.0,0.0,0.0,0.016666666666666666,1.3946622492255714,0.5295433334200185,0.06779661016949153,0.08620689655172414,0.9621027913227949
sf_sink3_9,22,0,/apdcephfs_gy2/share_303214315/cedricnie/develop/training-free/runs/v209_sf_protocol_budget_86f10607_sixnode/screen32/vbench_comparison/published/sf_sink3_9/000022-0.mp4,477,60,16.0,29.8125,0.14042780259076287,0.13469254736806832,0.2347504185695274,0.24422952988568475,6.045161756418519,6.13422966003418,10.749846649169921,14.006516456604004,1.6438995640853356,1.253915786743164,3.8168177604675284,6.683856964111328,0.6134229660034181,1.0,0.0,0.0,5.112248420715332,6.152070760726929,0.8309801072755003,0.5001027917853516,0.48969972385068894,0.628550459351815,0.6694998882154213,0.306809795880325,0.2979513421084954,0.4077564951856965,0.410161869157333,0.08127639358108109,0.07846811655405406,0.11509052998310809,0.12188555743243243,0.0,0.0,0.0,0.0,1.7428612284541283,0.622216312723815,0.0847457627118644,0.10344827586206896,1.1825387705889716
sf_sink3_9,23,0,/apdcephfs_gy2/share_303214315/cedricnie/develop/training-free/runs/v209_sf_protocol_budget_86f10607_sixnode/screen32/vbench_comparison/published/sf_sink3_9/000023-0.mp4,477,60,16.0,29.8125,0.07466160624318045,0.07584117814606312,0.1074091204474954,0.15784924077052695,3.104696288957434,2.7584657669067383,7.126874113082875,11.956260681152344,1.228533284417514,0.8180961608886719,3.1648672819137573,8.839944124221802,0.27584657669067386,1.0,0.0,0.0,2.966916084289551,2.7267154455184937,1.088091567884665,0.24436556386349587,0.2466321273019343,0.2864443964874801,0.302554381127451,0.27091322508061405,0.2648950205170156,0.3118525247180506,0.3175426785671033,0.10728462837837838,0.11032516891891891,0.12720122466216216,0.13241659628378377,0.0,0.0,0.0,0.0,1.4162374988510245,1.1473288231025414,0.03389830508474576,0.1206896551724138,1.281783160976783
sf_sink3_9,24,0,/apdcephfs_gy2/share_303214315/cedricnie/develop/training-free/runs/v209_sf_protocol_budget_86f10607_sixnode/screen32/vbench_comparison/published/sf_sink3_9/000024-0.mp4,477,60,16.0,29.8125,0.06301928057786277,0.05443204991957721,0.11853698506074789,0.15433889650831037,1.3697171655751892,1.0512559413909912,3.070544219017029,4.18565559387207,0.44017689803550986,0.2883286476135254,1.3364645510911939,2.0046346187591553,0.10512559413909912,1.0,0.0,0.0,1.6392624378204346,0.8519332408905029,1.9241677154268069,0.2999595833195329,0.29140314487281394,0.3598436361453365,0.372339527027027,0.19980459924865154,0.21117387776568403,0.22552138226837753,0.2421339314786542,0.09625651041666666,0.0985668285472973,0.12675253378378376,0.1318359375,0.0,0.0,0.0,0.0,2.1777056942717583,1.2713027327320718,0.01694915254237288,0.1206896551724138,1.724504213501915
sf_sink3_9,25,0,/apdcephfs_gy2/share_303214315/cedricnie/develop/training-free/runs/v209_sf_protocol_budget_86f10607_sixnode/screen32/vbench_comparison/published/sf_sink3_9/000025-0.mp4,477,60,16.0,29.8125,0.05078145664528224,0.03419480043299058,0.17485292771283317,0.17765674965054382,1.7818397081504433,1.702029824256897,3.3385880708694455,3.6557016372680664,0.46682428491526634,0.33092987537384033,1.3781931757926942,1.6521515846252441,0.1702029824256897,1.0,0.0,0.0,1.7541379928588867,1.6963548064231873,1.034063148945554,0.06854892748906995,0.050950375927397984,0.2136318861370562,0.2258366247681505,0.07696083308737087,0.07202477396406154,0.1068568591878496,0.11762855122771627,0.04288429054054054,0.038415857263513514,0.07241342905405404,0.08728357263513513,0.0,0.0,0.0,0.1,5.113436121830323,0.8097350329301137,0.13559322033898305,0.15517241379310345,2.961585577380218
sf_sink3_9,26,0,/apdcephfs_gy2/share_303214315/cedricnie/develop/training-free/runs/v209_sf_protocol_budget_86f10607_sixnode/screen32/vbench_comparison/published/sf_sink3_9/000026-0.mp4,477,60,16.0,29.8125,0.07206078469456133,0.07493013120165058,0.10657600702023973,0.11362354054170497,2.280495682383998,1.8926693201065063,4.984670925140381,6.878678321838379,0.7613437938792952,0.5658695101737976,2.014980661869049,2.541372299194336,0.18926693201065065,0.9491525423728814,0.05084745762711865,0.03389830508474576,1.0722270011901855,2.817316770553589,0.38058446689312053,0.08763330138502474,0.0902737066110228,0.15176777995826707,0.15809082290010598,0.16664827418554598,0.17541781939127035,0.2385688690640416,0.2436135975650836,0.06049672719594594,0.059834248310810814,0.08621991131756757,0.1005859375,0.05,0.0,0.0,0.016666666666666666,1.4223384546521658,1.0646237250549715,0.0,0.1896551724137931,1.2434810898535686
sf_sink3_9,27,0,/apdcephfs_gy2/share_303214315/cedricnie/develop/training-free/runs/v209_sf_protocol_budget_86f10607_sixnode/screen32/vbench_comparison/published/sf_sink3_9/000027-0.mp4,477,60,16.0,29.8125,0.07103660465594183,0.06627231672698376,0.13529468162387023,0.14751610849417893,1.7351919796507238,1.598411202430725,3.1580351829528786,4.613234519958496,0.5832328097573642,0.3067748546600342,1.6758979618549346,2.557807207107544,0.1598411202430725,1.0,0.0,0.0,1.0153346061706543,1.7724279165267944,0.5728495904985962,0.4470076544835277,0.4483837295475622,0.4666635253129968,0.4816647414878113,0.2388195515133046,0.24346309322057072,0.26133828074194926,0.2624097448504394,0.10760091145833334,0.10907147381756757,0.13007680532094593,0.13656038851351351,0.0,0.0,0.0,0.0,2.041496182806342,1.0484773625875334,0.1016949152542373,0.25862068965517243,1.5449867726969377
sf_sink3_9,28,0,/apdcephfs_gy2/share_303214315/cedricnie/develop/training-free/runs/v209_sf_protocol_budget_86f10607_sixnode/screen32/vbench_comparison/published/sf_sink3_9/000028-0.mp4,477,60,16.0,29.8125,0.11578473350699851,0.11168107425465304,0.15708791246601175,0.1738286485858992,6.188271170955593,5.888572692871094,10.433863449096675,15.318260192871094,1.3775187443042625,1.1509387493133545,3.3759142994880675,4.950544357299805,0.5888572692871094,1.0,0.0,0.0,4.56028938293457,6.316868305206299,0.7219225037786566,0.32046265705043286,0.32592356832935876,0.3943144655455087,0.43768309899973507,0.28681006714245083,0.2853897438573313,0.35461334186057564,0.3821878000179873,0.10537769214527028,0.10787056587837837,0.14781329180743244,0.16715054898648649,0.0,0.0,0.0,0.016666666666666666,1.4065759441731633,0.5732992484876792,0.05084745762711865,0.10344827586206896,0.9899375963304213
sf_sink3_9,29,0,/apdcephfs_gy2/share_303214315/cedricnie/develop/training-free/runs/v209_sf_protocol_budget_86f10607_sixnode/screen32/vbench_comparison/published/sf_sink3_9/000029-0.mp4,477,60,16.0,29.8125,0.07505932881135646,0.06640262977749693,0.15222583396762024,0.16754220700731465,3.092607086997921,2.803846836090088,5.282049036025995,7.279369354248047,0.9470376207910735,0.6744227409362793,2.566757655143737,4.601719856262207,0.2803846836090088,1.0,0.0,0.0,2.9741039276123047,2.740748167037964,1.0851430873441166,0.3983206695896264,0.39240542817633806,0.4636113094942369,0.47041331312930573,0.19273610928870483,0.1998978737459508,0.221242117848243,0.22628187725694698,0.06831626548423424,0.06994298986486486,0.08509158572635135,0.0906883445945946,0.0,0.0,0.0,0.0,2.292466947132985,0.9154414649564213,0.13559322033898305,0.08620689655172414,1.6039542060447032
sf_sink3_9,30,0,/apdcephfs_gy2/share_303214315/cedricnie/develop/training-free/runs/v209_sf_protocol_budget_86f10607_sixnode/screen32/vbench_comparison/published/sf_sink3_9/000030-0.mp4,477,60,16.0,29.8125,0.09914632558267986,0.10067474514830346,0.13172981561398975,0.15904741474226408,2.3668609988891474,2.0381717681884766,5.661813116073608,6.170131683349609,1.1064786911010742,0.771255612373352,3.490626281499862,5.411060154438019,0.20381717681884767,1.0,0.0,0.0,1.6618733406066895,2.1851028203964233,0.760546975224347,0.3963096425929606,0.39654689156067835,0.4408995760466349,0.45534589046767354,0.20391935587611892,0.2092274350830725,0.2366843023757377,0.25896720789472255,0.10141469594594595,0.10232791385135136,0.13368744721283782,0.13801203547297297,0.0,0.0,0.0,0.03333333333333333,1.3084693228668145,1.7126261564315182,0.01694915254237288,0.15517241379310345,1.5105477396491662
sf_sink3_9,31,0,/apdcephfs_gy2/share_303214315/cedricnie/develop/training-free/runs/v209_sf_protocol_budget_86f10607_sixnode/screen32/vbench_comparison/published/sf_sink3_9/000031-0.mp4,477,60,16.0,29.8125,0.0591342156176632,0.05398273842007506,0.12012189902511294,0.13931338740330115,1.1969029203814976,0.7959833145141602,3.896396207809448,5.2690019607543945,0.8120371601704893,0.36997106671333313,2.464994883537292,4.570886611938477,0.07959833145141602,1.0,0.0,0.0,0.6170604228973389,0.8211371004581451,0.751470640594678,0.2842301751429739,0.2866480048522787,0.31203002347476155,0.3437054931770005,0.23077759576047835,0.23479155173838817,0.24461958682994525,0.2472947851052498,0.15426608248873877,0.15812394425675674,0.1754275760135135,0.18504539695945946,0.0,0.0,0.0,0.05,2.2251909136280887,3.0967921545464017,0.06779661016949153,0.25862068965517243,2.660991534087245
